LocalTime,Power(MW)
01/01/06 00:00,0.0
01/01/06 01:00,0.0
01/01/06 02:00,0.0
01/01/06 03:00,0.0
01/01/06 04:00,0.0
01/01/06 05:00,0.0
01/01/06 06:00,0.0
01/01/06 07:00,0.0
01/01/06 08:00,21.8
01/01/06 09:00,37.4
01/01/06 10:00,49.0
01/01/06 11:00,24.7
01/01/06 12:00,33.1
01/01/06 13:00,47.0
01/01/06 14:00,53.5
01/01/06 15:00,36.6
01/01/06 16:00,10.9
01/01/06 17:00,0.0
01/01/06 18:00,0.0
01/01/06 19:00,0.0
01/01/06 20:00,0.0
01/01/06 21:00,0.0
01/01/06 22:00,0.0
01/01/06 23:00,0.0
01/02/06 00:00,0.0
01/02/06 01:00,0.0
01/02/06 02:00,0.0
01/02/06 03:00,0.0
01/02/06 04:00,0.0
01/02/06 05:00,0.0
01/02/06 06:00,0.0
01/02/06 07:00,0.0
01/02/06 08:00,25.5
01/02/06 09:00,46.0
01/02/06 10:00,60.2
01/02/06 11:00,68.2
01/02/06 12:00,69.4
01/02/06 13:00,66.4
01/02/06 14:00,53.3
01/02/06 15:00,39.2
01/02/06 16:00,1.0
01/02/06 17:00,0.0
01/02/06 18:00,0.0
01/02/06 19:00,0.0
01/02/06 20:00,0.0
01/02/06 21:00,0.0
01/02/06 22:00,0.0
01/02/06 23:00,0.0
01/03/06 00:00,0.0
01/03/06 01:00,0.0
01/03/06 02:00,0.0
01/03/06 03:00,0.0
01/03/06 04:00,0.0
01/03/06 05:00,0.0
01/03/06 06:00,0.0
01/03/06 07:00,0.0
01/03/06 08:00,25.2
01/03/06 09:00,45.3
01/03/06 10:00,61.0
01/03/06 11:00,70.3
01/03/06 12:00,71.5
01/03/06 13:00,67.3
01/03/06 14:00,58.0
01/03/06 15:00,39.5
01/03/06 16:00,16.3
01/03/06 17:00,0.0
01/03/06 18:00,0.0
01/03/06 19:00,0.0
01/03/06 20:00,0.0
01/03/06 21:00,0.0
01/03/06 22:00,0.0
01/03/06 23:00,0.0
01/04/06 00:00,0.0
01/04/06 01:00,0.0
01/04/06 02:00,0.0
01/04/06 03:00,0.0
01/04/06 04:00,0.0
01/04/06 05:00,0.0
01/04/06 06:00,0.0
01/04/06 07:00,0.0
01/04/06 08:00,26.6
01/04/06 09:00,46.9
01/04/06 10:00,62.7
01/04/06 11:00,70.5
01/04/06 12:00,71.9
01/04/06 13:00,68.2
01/04/06 14:00,58.4
01/04/06 15:00,41.0
01/04/06 16:00,16.8
01/04/06 17:00,0.0
01/04/06 18:00,0.0
01/04/06 19:00,0.0
01/04/06 20:00,0.0
01/04/06 21:00,0.0
01/04/06 22:00,0.0
01/04/06 23:00,0.0
01/05/06 00:00,0.0
01/05/06 01:00,0.0
01/05/06 02:00,0.0
01/05/06 03:00,0.0
01/05/06 04:00,0.0
01/05/06 05:00,0.0
01/05/06 06:00,0.0
01/05/06 07:00,0.0
01/05/06 08:00,25.8
01/05/06 09:00,47.2
01/05/06 10:00,61.9
01/05/06 11:00,69.0
01/05/06 12:00,69.2
01/05/06 13:00,66.5
01/05/06 14:00,57.3
01/05/06 15:00,41.2
01/05/06 16:00,16.7
01/05/06 17:00,0.0
01/05/06 18:00,0.0
01/05/06 19:00,0.0
01/05/06 20:00,0.0
01/05/06 21:00,0.0
01/05/06 22:00,0.0
01/05/06 23:00,0.0
01/06/06 00:00,0.0
01/06/06 01:00,0.0
01/06/06 02:00,0.0
01/06/06 03:00,0.0
01/06/06 04:00,0.0
01/06/06 05:00,0.0
01/06/06 06:00,0.0
01/06/06 07:00,0.0
01/06/06 08:00,25.8
01/06/06 09:00,47.4
01/06/06 10:00,62.2
01/06/06 11:00,69.3
01/06/06 12:00,70.2
01/06/06 13:00,65.9
01/06/06 14:00,56.3
01/06/06 15:00,40.1
01/06/06 16:00,17.0
01/06/06 17:00,0.0
01/06/06 18:00,0.0
01/06/06 19:00,0.0
01/06/06 20:00,0.0
01/06/06 21:00,0.0
01/06/06 22:00,0.0
01/06/06 23:00,0.0
01/07/06 00:00,0.0
01/07/06 01:00,0.0
01/07/06 02:00,0.0
01/07/06 03:00,0.0
01/07/06 04:00,0.0
01/07/06 05:00,0.0
01/07/06 06:00,0.0
01/07/06 07:00,0.0
01/07/06 08:00,25.7
01/07/06 09:00,45.2
01/07/06 10:00,59.7
01/07/06 11:00,67.0
01/07/06 12:00,68.6
01/07/06 13:00,46.6
01/07/06 14:00,38.2
01/07/06 15:00,14.2
01/07/06 16:00,17.1
01/07/06 17:00,0.0
01/07/06 18:00,0.0
01/07/06 19:00,0.0
01/07/06 20:00,0.0
01/07/06 21:00,0.0
01/07/06 22:00,0.0
01/07/06 23:00,0.0
01/08/06 00:00,0.0
01/08/06 01:00,0.0
01/08/06 02:00,0.0
01/08/06 03:00,0.0
01/08/06 04:00,0.0
01/08/06 05:00,0.0
01/08/06 06:00,0.0
01/08/06 07:00,0.0
01/08/06 08:00,25.8
01/08/06 09:00,48.0
01/08/06 10:00,62.3
01/08/06 11:00,69.0
01/08/06 12:00,68.3
01/08/06 13:00,67.9
01/08/06 14:00,58.8
01/08/06 15:00,41.3
01/08/06 16:00,17.8
01/08/06 17:00,0.0
01/08/06 18:00,0.0
01/08/06 19:00,0.0
01/08/06 20:00,0.0
01/08/06 21:00,0.0
01/08/06 22:00,0.0
01/08/06 23:00,0.0
01/09/06 00:00,0.0
01/09/06 01:00,0.0
01/09/06 02:00,0.0
01/09/06 03:00,0.0
01/09/06 04:00,0.0
01/09/06 05:00,0.0
01/09/06 06:00,0.0
01/09/06 07:00,0.0
01/09/06 08:00,26.0
01/09/06 09:00,47.4
01/09/06 10:00,59.8
01/09/06 11:00,66.2
01/09/06 12:00,72.3
01/09/06 13:00,69.3
01/09/06 14:00,59.7
01/09/06 15:00,42.0
01/09/06 16:00,18.1
01/09/06 17:00,0.0
01/09/06 18:00,0.0
01/09/06 19:00,0.0
01/09/06 20:00,0.0
01/09/06 21:00,0.0
01/09/06 22:00,0.0
01/09/06 23:00,0.0
01/10/06 00:00,0.0
01/10/06 01:00,0.0
01/10/06 02:00,0.0
01/10/06 03:00,0.0
01/10/06 04:00,0.0
01/10/06 05:00,0.0
01/10/06 06:00,0.0
01/10/06 07:00,0.0
01/10/06 08:00,26.0
01/10/06 09:00,48.0
01/10/06 10:00,62.8
01/10/06 11:00,70.6
01/10/06 12:00,72.2
01/10/06 13:00,66.2
01/10/06 14:00,58.4
01/10/06 15:00,42.0
01/10/06 16:00,18.2
01/10/06 17:00,0.0
01/10/06 18:00,0.0
01/10/06 19:00,0.0
01/10/06 20:00,0.0
01/10/06 21:00,0.0
01/10/06 22:00,0.0
01/10/06 23:00,0.0
01/11/06 00:00,0.0
01/11/06 01:00,0.0
01/11/06 02:00,0.0
01/11/06 03:00,0.0
01/11/06 04:00,0.0
01/11/06 05:00,0.0
01/11/06 06:00,0.0
01/11/06 07:00,0.0
01/11/06 08:00,26.6
01/11/06 09:00,49.0
01/11/06 10:00,63.7
01/11/06 11:00,70.9
01/11/06 12:00,71.5
01/11/06 13:00,68.0
01/11/06 14:00,59.1
01/11/06 15:00,43.0
01/11/06 16:00,18.8
01/11/06 17:00,0.0
01/11/06 18:00,0.0
01/11/06 19:00,0.0
01/11/06 20:00,0.0
01/11/06 21:00,0.0
01/11/06 22:00,0.0
01/11/06 23:00,0.0
01/12/06 00:00,0.0
01/12/06 01:00,0.0
01/12/06 02:00,0.0
01/12/06 03:00,0.0
01/12/06 04:00,0.0
01/12/06 05:00,0.0
01/12/06 06:00,0.0
01/12/06 07:00,0.0
01/12/06 08:00,26.4
01/12/06 09:00,48.0
01/12/06 10:00,62.5
01/12/06 11:00,70.1
01/12/06 12:00,72.2
01/12/06 13:00,69.7
01/12/06 14:00,59.6
01/12/06 15:00,43.1
01/12/06 16:00,19.1
01/12/06 17:00,0.0
01/12/06 18:00,0.0
01/12/06 19:00,0.0
01/12/06 20:00,0.0
01/12/06 21:00,0.0
01/12/06 22:00,0.0
01/12/06 23:00,0.0
01/13/06 00:00,0.0
01/13/06 01:00,0.0
01/13/06 02:00,0.0
01/13/06 03:00,0.0
01/13/06 04:00,0.0
01/13/06 05:00,0.0
01/13/06 06:00,0.0
01/13/06 07:00,0.0
01/13/06 08:00,26.1
01/13/06 09:00,47.5
01/13/06 10:00,61.8
01/13/06 11:00,68.6
01/13/06 12:00,69.9
01/13/06 13:00,67.1
01/13/06 14:00,58.9
01/13/06 15:00,43.1
01/13/06 16:00,18.7
01/13/06 17:00,0.0
01/13/06 18:00,0.0
01/13/06 19:00,0.0
01/13/06 20:00,0.0
01/13/06 21:00,0.0
01/13/06 22:00,0.0
01/13/06 23:00,0.0
01/14/06 00:00,0.0
01/14/06 01:00,0.0
01/14/06 02:00,0.0
01/14/06 03:00,0.0
01/14/06 04:00,0.0
01/14/06 05:00,0.0
01/14/06 06:00,0.0
01/14/06 07:00,0.0
01/14/06 08:00,20.8
01/14/06 09:00,36.3
01/14/06 10:00,60.3
01/14/06 11:00,68.3
01/14/06 12:00,71.6
01/14/06 13:00,68.5
01/14/06 14:00,58.7
01/14/06 15:00,42.3
01/14/06 16:00,0.3
01/14/06 17:00,0.0
01/14/06 18:00,0.0
01/14/06 19:00,0.0
01/14/06 20:00,0.0
01/14/06 21:00,0.0
01/14/06 22:00,0.0
01/14/06 23:00,0.0
01/15/06 00:00,0.0
01/15/06 01:00,0.0
01/15/06 02:00,0.0
01/15/06 03:00,0.0
01/15/06 04:00,0.0
01/15/06 05:00,0.0
01/15/06 06:00,0.0
01/15/06 07:00,0.0
01/15/06 08:00,22.9
01/15/06 09:00,45.9
01/15/06 10:00,62.4
01/15/06 11:00,65.5
01/15/06 12:00,73.1
01/15/06 13:00,68.2
01/15/06 14:00,61.5
01/15/06 15:00,42.7
01/15/06 16:00,20.1
01/15/06 17:00,0.0
01/15/06 18:00,0.0
01/15/06 19:00,0.0
01/15/06 20:00,0.0
01/15/06 21:00,0.0
01/15/06 22:00,0.0
01/15/06 23:00,0.0
01/16/06 00:00,0.0
01/16/06 01:00,0.0
01/16/06 02:00,0.0
01/16/06 03:00,0.0
01/16/06 04:00,0.0
01/16/06 05:00,0.0
01/16/06 06:00,0.0
01/16/06 07:00,0.0
01/16/06 08:00,26.7
01/16/06 09:00,49.3
01/16/06 10:00,63.4
01/16/06 11:00,72.6
01/16/06 12:00,75.4
01/16/06 13:00,72.3
01/16/06 14:00,63.5
01/16/06 15:00,46.3
01/16/06 16:00,20.9
01/16/06 17:00,0.0
01/16/06 18:00,0.0
01/16/06 19:00,0.0
01/16/06 20:00,0.0
01/16/06 21:00,0.0
01/16/06 22:00,0.0
01/16/06 23:00,0.0
01/17/06 00:00,0.0
01/17/06 01:00,0.0
01/17/06 02:00,0.0
01/17/06 03:00,0.0
01/17/06 04:00,0.0
01/17/06 05:00,0.0
01/17/06 06:00,0.0
01/17/06 07:00,0.0
01/17/06 08:00,27.3
01/17/06 09:00,49.0
01/17/06 10:00,63.6
01/17/06 11:00,73.2
01/17/06 12:00,76.4
01/17/06 13:00,73.4
01/17/06 14:00,63.4
01/17/06 15:00,47.2
01/17/06 16:00,21.4
01/17/06 17:00,0.0
01/17/06 18:00,0.0
01/17/06 19:00,0.0
01/17/06 20:00,0.0
01/17/06 21:00,0.0
01/17/06 22:00,0.0
01/17/06 23:00,0.0
01/18/06 00:00,0.0
01/18/06 01:00,0.0
01/18/06 02:00,0.0
01/18/06 03:00,0.0
01/18/06 04:00,0.0
01/18/06 05:00,0.0
01/18/06 06:00,0.0
01/18/06 07:00,0.0
01/18/06 08:00,26.7
01/18/06 09:00,48.0
01/18/06 10:00,63.8
01/18/06 11:00,72.8
01/18/06 12:00,75.5
01/18/06 13:00,71.4
01/18/06 14:00,62.4
01/18/06 15:00,46.2
01/18/06 16:00,21.3
01/18/06 17:00,0.0
01/18/06 18:00,0.0
01/18/06 19:00,0.0
01/18/06 20:00,0.0
01/18/06 21:00,0.0
01/18/06 22:00,0.0
01/18/06 23:00,0.0
01/19/06 00:00,0.0
01/19/06 01:00,0.0
01/19/06 02:00,0.0
01/19/06 03:00,0.0
01/19/06 04:00,0.0
01/19/06 05:00,0.0
01/19/06 06:00,0.0
01/19/06 07:00,0.0
01/19/06 08:00,26.2
01/19/06 09:00,48.7
01/19/06 10:00,64.9
01/19/06 11:00,74.8
01/19/06 12:00,77.9
01/19/06 13:00,74.1
01/19/06 14:00,64.3
01/19/06 15:00,46.6
01/19/06 16:00,21.9
01/19/06 17:00,0.0
01/19/06 18:00,0.0
01/19/06 19:00,0.0
01/19/06 20:00,0.0
01/19/06 21:00,0.0
01/19/06 22:00,0.0
01/19/06 23:00,0.0
01/20/06 00:00,0.0
01/20/06 01:00,0.0
01/20/06 02:00,0.0
01/20/06 03:00,0.0
01/20/06 04:00,0.0
01/20/06 05:00,0.0
01/20/06 06:00,0.0
01/20/06 07:00,0.0
01/20/06 08:00,27.1
01/20/06 09:00,49.7
01/20/06 10:00,64.9
01/20/06 11:00,72.9
01/20/06 12:00,74.4
01/20/06 13:00,71.6
01/20/06 14:00,62.6
01/20/06 15:00,47.1
01/20/06 16:00,21.8
01/20/06 17:00,0.0
01/20/06 18:00,0.0
01/20/06 19:00,0.0
01/20/06 20:00,0.0
01/20/06 21:00,0.0
01/20/06 22:00,0.0
01/20/06 23:00,0.0
01/21/06 00:00,0.0
01/21/06 01:00,0.0
01/21/06 02:00,0.0
01/21/06 03:00,0.0
01/21/06 04:00,0.0
01/21/06 05:00,0.0
01/21/06 06:00,0.0
01/21/06 07:00,0.0
01/21/06 08:00,27.0
01/21/06 09:00,47.5
01/21/06 10:00,64.7
01/21/06 11:00,74.1
01/21/06 12:00,76.3
01/21/06 13:00,71.2
01/21/06 14:00,62.7
01/21/06 15:00,47.1
01/21/06 16:00,21.9
01/21/06 17:00,0.0
01/21/06 18:00,0.0
01/21/06 19:00,0.0
01/21/06 20:00,0.0
01/21/06 21:00,0.0
01/21/06 22:00,0.0
01/21/06 23:00,0.0
01/22/06 00:00,0.0
01/22/06 01:00,0.0
01/22/06 02:00,0.0
01/22/06 03:00,0.0
01/22/06 04:00,0.0
01/22/06 05:00,0.0
01/22/06 06:00,0.0
01/22/06 07:00,0.0
01/22/06 08:00,27.2
01/22/06 09:00,49.6
01/22/06 10:00,64.5
01/22/06 11:00,72.6
01/22/06 12:00,74.9
01/22/06 13:00,71.5
01/22/06 14:00,61.8
01/22/06 15:00,46.6
01/22/06 16:00,22.1
01/22/06 17:00,0.0
01/22/06 18:00,0.0
01/22/06 19:00,0.0
01/22/06 20:00,0.0
01/22/06 21:00,0.0
01/22/06 22:00,0.0
01/22/06 23:00,0.0
01/23/06 00:00,0.0
01/23/06 01:00,0.0
01/23/06 02:00,0.0
01/23/06 03:00,0.0
01/23/06 04:00,0.0
01/23/06 05:00,0.0
01/23/06 06:00,0.0
01/23/06 07:00,0.0
01/23/06 08:00,27.1
01/23/06 09:00,49.7
01/23/06 10:00,65.1
01/23/06 11:00,74.1
01/23/06 12:00,77.4
01/23/06 13:00,73.3
01/23/06 14:00,63.7
01/23/06 15:00,47.0
01/23/06 16:00,22.6
01/23/06 17:00,0.0
01/23/06 18:00,0.0
01/23/06 19:00,0.0
01/23/06 20:00,0.0
01/23/06 21:00,0.0
01/23/06 22:00,0.0
01/23/06 23:00,0.0
01/24/06 00:00,0.0
01/24/06 01:00,0.0
01/24/06 02:00,0.0
01/24/06 03:00,0.0
01/24/06 04:00,0.0
01/24/06 05:00,0.0
01/24/06 06:00,0.0
01/24/06 07:00,0.0
01/24/06 08:00,26.3
01/24/06 09:00,48.4
01/24/06 10:00,62.9
01/24/06 11:00,71.0
01/24/06 12:00,73.5
01/24/06 13:00,71.4
01/24/06 14:00,62.1
01/24/06 15:00,46.0
01/24/06 16:00,14.6
01/24/06 17:00,0.0
01/24/06 18:00,0.0
01/24/06 19:00,0.0
01/24/06 20:00,0.0
01/24/06 21:00,0.0
01/24/06 22:00,0.0
01/24/06 23:00,0.0
01/25/06 00:00,0.0
01/25/06 01:00,0.0
01/25/06 02:00,0.0
01/25/06 03:00,0.0
01/25/06 04:00,0.0
01/25/06 05:00,0.0
01/25/06 06:00,0.0
01/25/06 07:00,0.0
01/25/06 08:00,17.7
01/25/06 09:00,42.5
01/25/06 10:00,60.2
01/25/06 11:00,72.4
01/25/06 12:00,77.3
01/25/06 13:00,73.2
01/25/06 14:00,63.6
01/25/06 15:00,45.4
01/25/06 16:00,0.0
01/25/06 17:00,0.0
01/25/06 18:00,0.0
01/25/06 19:00,0.0
01/25/06 20:00,0.0
01/25/06 21:00,0.0
01/25/06 22:00,0.0
01/25/06 23:00,0.0
01/26/06 00:00,0.0
01/26/06 01:00,0.0
01/26/06 02:00,0.0
01/26/06 03:00,0.0
01/26/06 04:00,0.0
01/26/06 05:00,0.0
01/26/06 06:00,0.0
01/26/06 07:00,0.0
01/26/06 08:00,27.1
01/26/06 09:00,49.2
01/26/06 10:00,64.8
01/26/06 11:00,72.8
01/26/06 12:00,75.8
01/26/06 13:00,70.8
01/26/06 14:00,64.8
01/26/06 15:00,48.4
01/26/06 16:00,23.5
01/26/06 17:00,0.0
01/26/06 18:00,0.0
01/26/06 19:00,0.0
01/26/06 20:00,0.0
01/26/06 21:00,0.0
01/26/06 22:00,0.0
01/26/06 23:00,0.0
01/27/06 00:00,0.0
01/27/06 01:00,0.0
01/27/06 02:00,0.0
01/27/06 03:00,0.0
01/27/06 04:00,0.0
01/27/06 05:00,0.0
01/27/06 06:00,0.0
01/27/06 07:00,0.0
01/27/06 08:00,27.9
01/27/06 09:00,50.3
01/27/06 10:00,64.5
01/27/06 11:00,72.9
01/27/06 12:00,77.0
01/27/06 13:00,75.7
01/27/06 14:00,65.9
01/27/06 15:00,49.0
01/27/06 16:00,24.7
01/27/06 17:00,0.0
01/27/06 18:00,0.0
01/27/06 19:00,0.0
01/27/06 20:00,0.0
01/27/06 21:00,0.0
01/27/06 22:00,0.0
01/27/06 23:00,0.0
01/28/06 00:00,0.0
01/28/06 01:00,0.0
01/28/06 02:00,0.0
01/28/06 03:00,0.0
01/28/06 04:00,0.0
01/28/06 05:00,0.0
01/28/06 06:00,0.0
01/28/06 07:00,1.3
01/28/06 08:00,28.3
01/28/06 09:00,50.9
01/28/06 10:00,65.5
01/28/06 11:00,74.8
01/28/06 12:00,77.6
01/28/06 13:00,75.6
01/28/06 14:00,66.8
01/28/06 15:00,50.4
01/28/06 16:00,24.8
01/28/06 17:00,0.0
01/28/06 18:00,0.0
01/28/06 19:00,0.0
01/28/06 20:00,0.0
01/28/06 21:00,0.0
01/28/06 22:00,0.0
01/28/06 23:00,0.0
01/29/06 00:00,0.0
01/29/06 01:00,0.0
01/29/06 02:00,0.0
01/29/06 03:00,0.0
01/29/06 04:00,0.0
01/29/06 05:00,0.0
01/29/06 06:00,0.0
01/29/06 07:00,1.4
01/29/06 08:00,28.3
01/29/06 09:00,50.6
01/29/06 10:00,65.7
01/29/06 11:00,74.2
01/29/06 12:00,77.5
01/29/06 13:00,73.9
01/29/06 14:00,64.8
01/29/06 15:00,49.7
01/29/06 16:00,25.0
01/29/06 17:00,0.0
01/29/06 18:00,0.0
01/29/06 19:00,0.0
01/29/06 20:00,0.0
01/29/06 21:00,0.0
01/29/06 22:00,0.0
01/29/06 23:00,0.0
01/30/06 00:00,0.0
01/30/06 01:00,0.0
01/30/06 02:00,0.0
01/30/06 03:00,0.0
01/30/06 04:00,0.0
01/30/06 05:00,0.0
01/30/06 06:00,0.0
01/30/06 07:00,1.3
01/30/06 08:00,27.3
01/30/06 09:00,49.0
01/30/06 10:00,63.9
01/30/06 11:00,73.3
01/30/06 12:00,75.5
01/30/06 13:00,71.5
01/30/06 14:00,64.0
01/30/06 15:00,50.1
01/30/06 16:00,26.5
01/30/06 17:00,0.0
01/30/06 18:00,0.0
01/30/06 19:00,0.0
01/30/06 20:00,0.0
01/30/06 21:00,0.0
01/30/06 22:00,0.0
01/30/06 23:00,0.0
01/31/06 00:00,0.0
01/31/06 01:00,0.0
01/31/06 02:00,0.0
01/31/06 03:00,0.0
01/31/06 04:00,0.0
01/31/06 05:00,0.0
01/31/06 06:00,0.0
01/31/06 07:00,1.2
01/31/06 08:00,27.7
01/31/06 09:00,49.8
01/31/06 10:00,65.1
01/31/06 11:00,73.4
01/31/06 12:00,77.0
01/31/06 13:00,74.2
01/31/06 14:00,65.5
01/31/06 15:00,48.9
01/31/06 16:00,21.1
01/31/06 17:00,0.0
01/31/06 18:00,0.0
01/31/06 19:00,0.0
01/31/06 20:00,0.0
01/31/06 21:00,0.0
01/31/06 22:00,0.0
01/31/06 23:00,0.0
02/01/06 00:00,0.0
02/01/06 01:00,0.0
02/01/06 02:00,0.0
02/01/06 03:00,0.0
02/01/06 04:00,0.0
02/01/06 05:00,0.0
02/01/06 06:00,0.0
02/01/06 07:00,1.2
02/01/06 08:00,27.8
02/01/06 09:00,49.9
02/01/06 10:00,64.5
02/01/06 11:00,73.0
02/01/06 12:00,74.4
02/01/06 13:00,71.9
02/01/06 14:00,63.9
02/01/06 15:00,49.0
02/01/06 16:00,26.7
02/01/06 17:00,0.0
02/01/06 18:00,0.0
02/01/06 19:00,0.0
02/01/06 20:00,0.0
02/01/06 21:00,0.0
02/01/06 22:00,0.0
02/01/06 23:00,0.0
02/02/06 00:00,0.0
02/02/06 01:00,0.0
02/02/06 02:00,0.0
02/02/06 03:00,0.0
02/02/06 04:00,0.0
02/02/06 05:00,0.0
02/02/06 06:00,0.0
02/02/06 07:00,1.2
02/02/06 08:00,27.1
02/02/06 09:00,48.8
02/02/06 10:00,63.8
02/02/06 11:00,72.1
02/02/06 12:00,75.1
02/02/06 13:00,71.4
02/02/06 14:00,64.2
02/02/06 15:00,49.3
02/02/06 16:00,26.5
02/02/06 17:00,0.0
02/02/06 18:00,0.0
02/02/06 19:00,0.0
02/02/06 20:00,0.0
02/02/06 21:00,0.0
02/02/06 22:00,0.0
02/02/06 23:00,0.0
02/03/06 00:00,0.0
02/03/06 01:00,0.0
02/03/06 02:00,0.0
02/03/06 03:00,0.0
02/03/06 04:00,0.0
02/03/06 05:00,0.0
02/03/06 06:00,0.0
02/03/06 07:00,1.3
02/03/06 08:00,28.0
02/03/06 09:00,49.6
02/03/06 10:00,63.8
02/03/06 11:00,71.4
02/03/06 12:00,73.5
02/03/06 13:00,70.8
02/03/06 14:00,63.3
02/03/06 15:00,49.6
02/03/06 16:00,26.3
02/03/06 17:00,0.0
02/03/06 18:00,0.0
02/03/06 19:00,0.0
02/03/06 20:00,0.0
02/03/06 21:00,0.0
02/03/06 22:00,0.0
02/03/06 23:00,0.0
02/04/06 00:00,0.0
02/04/06 01:00,0.0
02/04/06 02:00,0.0
02/04/06 03:00,0.0
02/04/06 04:00,0.0
02/04/06 05:00,0.0
02/04/06 06:00,0.0
02/04/06 07:00,1.5
02/04/06 08:00,28.7
02/04/06 09:00,50.5
02/04/06 10:00,65.0
02/04/06 11:00,73.9
02/04/06 12:00,74.5
02/04/06 13:00,71.7
02/04/06 14:00,64.3
02/04/06 15:00,49.3
02/04/06 16:00,27.5
02/04/06 17:00,0.0
02/04/06 18:00,0.0
02/04/06 19:00,0.0
02/04/06 20:00,0.0
02/04/06 21:00,0.0
02/04/06 22:00,0.0
02/04/06 23:00,0.0
02/05/06 00:00,0.0
02/05/06 01:00,0.0
02/05/06 02:00,0.0
02/05/06 03:00,0.0
02/05/06 04:00,0.0
02/05/06 05:00,0.0
02/05/06 06:00,0.0
02/05/06 07:00,1.2
02/05/06 08:00,22.7
02/05/06 09:00,49.7
02/05/06 10:00,64.1
02/05/06 11:00,68.9
02/05/06 12:00,71.3
02/05/06 13:00,67.3
02/05/06 14:00,61.8
02/05/06 15:00,46.3
02/05/06 16:00,28.2
02/05/06 17:00,0.0
02/05/06 18:00,0.0
02/05/06 19:00,0.0
02/05/06 20:00,0.0
02/05/06 21:00,0.0
02/05/06 22:00,0.0
02/05/06 23:00,0.0
02/06/06 00:00,0.0
02/06/06 01:00,0.0
02/06/06 02:00,0.0
02/06/06 03:00,0.0
02/06/06 04:00,0.0
02/06/06 05:00,0.0
02/06/06 06:00,0.0
02/06/06 07:00,1.7
02/06/06 08:00,29.0
02/06/06 09:00,52.0
02/06/06 10:00,66.0
02/06/06 11:00,75.6
02/06/06 12:00,78.2
02/06/06 13:00,77.6
02/06/06 14:00,65.7
02/06/06 15:00,50.9
02/06/06 16:00,28.2
02/06/06 17:00,0.0
02/06/06 18:00,0.0
02/06/06 19:00,0.0
02/06/06 20:00,0.0
02/06/06 21:00,0.0
02/06/06 22:00,0.0
02/06/06 23:00,0.0
02/07/06 00:00,0.0
02/07/06 01:00,0.0
02/07/06 02:00,0.0
02/07/06 03:00,0.0
02/07/06 04:00,0.0
02/07/06 05:00,0.0
02/07/06 06:00,0.0
02/07/06 07:00,1.7
02/07/06 08:00,28.2
02/07/06 09:00,48.9
02/07/06 10:00,64.5
02/07/06 11:00,72.6
02/07/06 12:00,74.3
02/07/06 13:00,71.8
02/07/06 14:00,63.9
02/07/06 15:00,49.4
02/07/06 16:00,27.4
02/07/06 17:00,0.0
02/07/06 18:00,0.0
02/07/06 19:00,0.0
02/07/06 20:00,0.0
02/07/06 21:00,0.0
02/07/06 22:00,0.0
02/07/06 23:00,0.0
02/08/06 00:00,0.0
02/08/06 01:00,0.0
02/08/06 02:00,0.0
02/08/06 03:00,0.0
02/08/06 04:00,0.0
02/08/06 05:00,0.0
02/08/06 06:00,0.0
02/08/06 07:00,1.9
02/08/06 08:00,28.5
02/08/06 09:00,49.8
02/08/06 10:00,64.9
02/08/06 11:00,72.6
02/08/06 12:00,73.2
02/08/06 13:00,69.8
02/08/06 14:00,63.2
02/08/06 15:00,49.7
02/08/06 16:00,27.3
02/08/06 17:00,0.0
02/08/06 18:00,0.0
02/08/06 19:00,0.0
02/08/06 20:00,0.0
02/08/06 21:00,0.0
02/08/06 22:00,0.0
02/08/06 23:00,0.0
02/09/06 00:00,0.0
02/09/06 01:00,0.0
02/09/06 02:00,0.0
02/09/06 03:00,0.0
02/09/06 04:00,0.0
02/09/06 05:00,0.0
02/09/06 06:00,0.0
02/09/06 07:00,2.1
02/09/06 08:00,29.6
02/09/06 09:00,51.9
02/09/06 10:00,67.0
02/09/06 11:00,77.3
02/09/06 12:00,78.9
02/09/06 13:00,74.6
02/09/06 14:00,67.3
02/09/06 15:00,51.7
02/09/06 16:00,29.3
02/09/06 17:00,0.0
02/09/06 18:00,0.0
02/09/06 19:00,0.0
02/09/06 20:00,0.0
02/09/06 21:00,0.0
02/09/06 22:00,0.0
02/09/06 23:00,0.0
02/10/06 00:00,0.0
02/10/06 01:00,0.0
02/10/06 02:00,0.0
02/10/06 03:00,0.0
02/10/06 04:00,0.0
02/10/06 05:00,0.0
02/10/06 06:00,0.0
02/10/06 07:00,2.6
02/10/06 08:00,30.5
02/10/06 09:00,52.3
02/10/06 10:00,67.7
02/10/06 11:00,76.7
02/10/06 12:00,78.7
02/10/06 13:00,76.7
02/10/06 14:00,68.2
02/10/06 15:00,54.2
02/10/06 16:00,30.3
02/10/06 17:00,2.1
02/10/06 18:00,0.0
02/10/06 19:00,0.0
02/10/06 20:00,0.0
02/10/06 21:00,0.0
02/10/06 22:00,0.0
02/10/06 23:00,0.0
02/11/06 00:00,0.0
02/11/06 01:00,0.0
02/11/06 02:00,0.0
02/11/06 03:00,0.0
02/11/06 04:00,0.0
02/11/06 05:00,0.0
02/11/06 06:00,0.0
02/11/06 07:00,2.6
02/11/06 08:00,30.6
02/11/06 09:00,53.4
02/11/06 10:00,69.4
02/11/06 11:00,78.0
02/11/06 12:00,77.1
02/11/06 13:00,75.3
02/11/06 14:00,67.5
02/11/06 15:00,52.9
02/11/06 16:00,29.8
02/11/06 17:00,1.8
02/11/06 18:00,0.0
02/11/06 19:00,0.0
02/11/06 20:00,0.0
02/11/06 21:00,0.0
02/11/06 22:00,0.0
02/11/06 23:00,0.0
02/12/06 00:00,0.0
02/12/06 01:00,0.0
02/12/06 02:00,0.0
02/12/06 03:00,0.0
02/12/06 04:00,0.0
02/12/06 05:00,0.0
02/12/06 06:00,0.0
02/12/06 07:00,2.5
02/12/06 08:00,30.7
02/12/06 09:00,53.1
02/12/06 10:00,66.2
02/12/06 11:00,73.7
02/12/06 12:00,77.5
02/12/06 13:00,73.4
02/12/06 14:00,65.6
02/12/06 15:00,52.2
02/12/06 16:00,29.8
02/12/06 17:00,1.6
02/12/06 18:00,0.0
02/12/06 19:00,0.0
02/12/06 20:00,0.0
02/12/06 21:00,0.0
02/12/06 22:00,0.0
02/12/06 23:00,0.0
02/13/06 00:00,0.0
02/13/06 01:00,0.0
02/13/06 02:00,0.0
02/13/06 03:00,0.0
02/13/06 04:00,0.0
02/13/06 05:00,0.0
02/13/06 06:00,0.0
02/13/06 07:00,2.8
02/13/06 08:00,30.9
02/13/06 09:00,52.5
02/13/06 10:00,66.8
02/13/06 11:00,73.3
02/13/06 12:00,78.1
02/13/06 13:00,75.3
02/13/06 14:00,67.1
02/13/06 15:00,52.3
02/13/06 16:00,30.3
02/13/06 17:00,1.5
02/13/06 18:00,0.0
02/13/06 19:00,0.0
02/13/06 20:00,0.0
02/13/06 21:00,0.0
02/13/06 22:00,0.0
02/13/06 23:00,0.0
02/14/06 00:00,0.0
02/14/06 01:00,0.0
02/14/06 02:00,0.0
02/14/06 03:00,0.0
02/14/06 04:00,0.0
02/14/06 05:00,0.0
02/14/06 06:00,0.0
02/14/06 07:00,2.9
02/14/06 08:00,29.7
02/14/06 09:00,49.6
02/14/06 10:00,63.8
02/14/06 11:00,74.0
02/14/06 12:00,76.4
02/14/06 13:00,74.1
02/14/06 14:00,66.2
02/14/06 15:00,52.4
02/14/06 16:00,29.8
02/14/06 17:00,1.4
02/14/06 18:00,0.0
02/14/06 19:00,0.0
02/14/06 20:00,0.0
02/14/06 21:00,0.0
02/14/06 22:00,0.0
02/14/06 23:00,0.0
02/15/06 00:00,0.0
02/15/06 01:00,0.0
02/15/06 02:00,0.0
02/15/06 03:00,0.0
02/15/06 04:00,0.0
02/15/06 05:00,0.0
02/15/06 06:00,0.0
02/15/06 07:00,3.3
02/15/06 08:00,30.8
02/15/06 09:00,52.6
02/15/06 10:00,67.2
02/15/06 11:00,75.4
02/15/06 12:00,77.8
02/15/06 13:00,75.6
02/15/06 14:00,68.3
02/15/06 15:00,51.9
02/15/06 16:00,30.8
02/15/06 17:00,1.5
02/15/06 18:00,0.0
02/15/06 19:00,0.0
02/15/06 20:00,0.0
02/15/06 21:00,0.0
02/15/06 22:00,0.0
02/15/06 23:00,0.0
02/16/06 00:00,0.0
02/16/06 01:00,0.0
02/16/06 02:00,0.0
02/16/06 03:00,0.0
02/16/06 04:00,0.0
02/16/06 05:00,0.0
02/16/06 06:00,0.0
02/16/06 07:00,3.8
02/16/06 08:00,31.8
02/16/06 09:00,53.8
02/16/06 10:00,69.2
02/16/06 11:00,78.3
02/16/06 12:00,80.6
02/16/06 13:00,75.9
02/16/06 14:00,67.8
02/16/06 15:00,53.8
02/16/06 16:00,31.0
02/16/06 17:00,1.3
02/16/06 18:00,0.0
02/16/06 19:00,0.0
02/16/06 20:00,0.0
02/16/06 21:00,0.0
02/16/06 22:00,0.0
02/16/06 23:00,0.0
02/17/06 00:00,0.0
02/17/06 01:00,0.0
02/17/06 02:00,0.0
02/17/06 03:00,0.0
02/17/06 04:00,0.0
02/17/06 05:00,0.0
02/17/06 06:00,0.0
02/17/06 07:00,2.5
02/17/06 08:00,23.7
02/17/06 09:00,37.4
02/17/06 10:00,50.5
02/17/06 11:00,49.3
02/17/06 12:00,31.6
02/17/06 13:00,41.6
02/17/06 14:00,54.6
02/17/06 15:00,50.9
02/17/06 16:00,30.2
02/17/06 17:00,1.7
02/17/06 18:00,0.0
02/17/06 19:00,0.0
02/17/06 20:00,0.0
02/17/06 21:00,0.0
02/17/06 22:00,0.0
02/17/06 23:00,0.0
02/18/06 00:00,0.0
02/18/06 01:00,0.0
02/18/06 02:00,0.0
02/18/06 03:00,0.0
02/18/06 04:00,0.0
02/18/06 05:00,0.0
02/18/06 06:00,0.0
02/18/06 07:00,6.2
02/18/06 08:00,32.2
02/18/06 09:00,54.1
02/18/06 10:00,68.4
02/18/06 11:00,77.8
02/18/06 12:00,81.8
02/18/06 13:00,78.9
02/18/06 14:00,70.1
02/18/06 15:00,55.6
02/18/06 16:00,32.4
02/18/06 17:00,2.0
02/18/06 18:00,0.0
02/18/06 19:00,0.0
02/18/06 20:00,0.0
02/18/06 21:00,0.0
02/18/06 22:00,0.0
02/18/06 23:00,0.0
02/19/06 00:00,0.0
02/19/06 01:00,0.0
02/19/06 02:00,0.0
02/19/06 03:00,0.0
02/19/06 04:00,0.0
02/19/06 05:00,0.0
02/19/06 06:00,0.0
02/19/06 07:00,7.2
02/19/06 08:00,33.0
02/19/06 09:00,54.8
02/19/06 10:00,69.7
02/19/06 11:00,78.9
02/19/06 12:00,82.1
02/19/06 13:00,78.1
02/19/06 14:00,70.4
02/19/06 15:00,56.6
02/19/06 16:00,33.6
02/19/06 17:00,2.5
02/19/06 18:00,0.0
02/19/06 19:00,0.0
02/19/06 20:00,0.0
02/19/06 21:00,0.0
02/19/06 22:00,0.0
02/19/06 23:00,0.0
02/20/06 00:00,0.0
02/20/06 01:00,0.0
02/20/06 02:00,0.0
02/20/06 03:00,0.0
02/20/06 04:00,0.0
02/20/06 05:00,0.0
02/20/06 06:00,0.0
02/20/06 07:00,4.9
02/20/06 08:00,32.1
02/20/06 09:00,51.3
02/20/06 10:00,66.6
02/20/06 11:00,76.8
02/20/06 12:00,81.2
02/20/06 13:00,79.1
02/20/06 14:00,71.2
02/20/06 15:00,56.1
02/20/06 16:00,31.9
02/20/06 17:00,2.3
02/20/06 18:00,0.0
02/20/06 19:00,0.0
02/20/06 20:00,0.0
02/20/06 21:00,0.0
02/20/06 22:00,0.0
02/20/06 23:00,0.0
02/21/06 00:00,0.0
02/21/06 01:00,0.0
02/21/06 02:00,0.0
02/21/06 03:00,0.0
02/21/06 04:00,0.0
02/21/06 05:00,0.0
02/21/06 06:00,0.0
02/21/06 07:00,5.9
02/21/06 08:00,33.8
02/21/06 09:00,55.5
02/21/06 10:00,70.9
02/21/06 11:00,79.9
02/21/06 12:00,80.7
02/21/06 13:00,78.4
02/21/06 14:00,71.1
02/21/06 15:00,57.0
02/21/06 16:00,33.9
02/21/06 17:00,3.4
02/21/06 18:00,0.0
02/21/06 19:00,0.0
02/21/06 20:00,0.0
02/21/06 21:00,0.0
02/21/06 22:00,0.0
02/21/06 23:00,0.0
02/22/06 00:00,0.0
02/22/06 01:00,0.0
02/22/06 02:00,0.0
02/22/06 03:00,0.0
02/22/06 04:00,0.0
02/22/06 05:00,0.0
02/22/06 06:00,0.0
02/22/06 07:00,6.7
02/22/06 08:00,33.9
02/22/06 09:00,55.7
02/22/06 10:00,70.5
02/22/06 11:00,78.2
02/22/06 12:00,82.2
02/22/06 13:00,78.2
02/22/06 14:00,70.1
02/22/06 15:00,56.5
02/22/06 16:00,33.4
02/22/06 17:00,3.9
02/22/06 18:00,0.0
02/22/06 19:00,0.0
02/22/06 20:00,0.0
02/22/06 21:00,0.0
02/22/06 22:00,0.0
02/22/06 23:00,0.0
02/23/06 00:00,0.0
02/23/06 01:00,0.0
02/23/06 02:00,0.0
02/23/06 03:00,0.0
02/23/06 04:00,0.0
02/23/06 05:00,0.0
02/23/06 06:00,0.0
02/23/06 07:00,7.2
02/23/06 08:00,33.7
02/23/06 09:00,54.4
02/23/06 10:00,67.9
02/23/06 11:00,75.3
02/23/06 12:00,74.5
02/23/06 13:00,76.1
02/23/06 14:00,68.7
02/23/06 15:00,55.8
02/23/06 16:00,32.7
02/23/06 17:00,4.2
02/23/06 18:00,0.0
02/23/06 19:00,0.0
02/23/06 20:00,0.0
02/23/06 21:00,0.0
02/23/06 22:00,0.0
02/23/06 23:00,0.0
02/24/06 00:00,0.0
02/24/06 01:00,0.0
02/24/06 02:00,0.0
02/24/06 03:00,0.0
02/24/06 04:00,0.0
02/24/06 05:00,0.0
02/24/06 06:00,0.0
02/24/06 07:00,7.8
02/24/06 08:00,33.8
02/24/06 09:00,54.4
02/24/06 10:00,68.5
02/24/06 11:00,76.7
02/24/06 12:00,79.4
02/24/06 13:00,76.3
02/24/06 14:00,68.9
02/24/06 15:00,55.0
02/24/06 16:00,33.0
02/24/06 17:00,5.2
02/24/06 18:00,0.0
02/24/06 19:00,0.0
02/24/06 20:00,0.0
02/24/06 21:00,0.0
02/24/06 22:00,0.0
02/24/06 23:00,0.0
02/25/06 00:00,0.0
02/25/06 01:00,0.0
02/25/06 02:00,0.0
02/25/06 03:00,0.0
02/25/06 04:00,0.0
02/25/06 05:00,0.0
02/25/06 06:00,0.0
02/25/06 07:00,8.8
02/25/06 08:00,34.2
02/25/06 09:00,55.1
02/25/06 10:00,69.3
02/25/06 11:00,75.9
02/25/06 12:00,78.7
02/25/06 13:00,76.1
02/25/06 14:00,67.7
02/25/06 15:00,55.1
02/25/06 16:00,33.1
02/25/06 17:00,5.9
02/25/06 18:00,0.0
02/25/06 19:00,0.0
02/25/06 20:00,0.0
02/25/06 21:00,0.0
02/25/06 22:00,0.0
02/25/06 23:00,0.0
02/26/06 00:00,0.0
02/26/06 01:00,0.0
02/26/06 02:00,0.0
02/26/06 03:00,0.0
02/26/06 04:00,0.0
02/26/06 05:00,0.0
02/26/06 06:00,0.0
02/26/06 07:00,8.9
02/26/06 08:00,33.4
02/26/06 09:00,53.5
02/26/06 10:00,65.2
02/26/06 11:00,71.1
02/26/06 12:00,68.1
02/26/06 13:00,70.0
02/26/06 14:00,56.2
02/26/06 15:00,35.7
02/26/06 16:00,32.7
02/26/06 17:00,6.6
02/26/06 18:00,0.0
02/26/06 19:00,0.0
02/26/06 20:00,0.0
02/26/06 21:00,0.0
02/26/06 22:00,0.0
02/26/06 23:00,0.0
02/27/06 00:00,0.0
02/27/06 01:00,0.0
02/27/06 02:00,0.0
02/27/06 03:00,0.0
02/27/06 04:00,0.0
02/27/06 05:00,0.0
02/27/06 06:00,0.0
02/27/06 07:00,10.7
02/27/06 08:00,34.0
02/27/06 09:00,55.5
02/27/06 10:00,69.8
02/27/06 11:00,77.7
02/27/06 12:00,80.0
02/27/06 13:00,78.5
02/27/06 14:00,70.5
02/27/06 15:00,55.1
02/27/06 16:00,32.8
02/27/06 17:00,5.5
02/27/06 18:00,0.0
02/27/06 19:00,0.0
02/27/06 20:00,0.0
02/27/06 21:00,0.0
02/27/06 22:00,0.0
02/27/06 23:00,0.0
02/28/06 00:00,0.0
02/28/06 01:00,0.0
02/28/06 02:00,0.0
02/28/06 03:00,0.0
02/28/06 04:00,0.0
02/28/06 05:00,0.0
02/28/06 06:00,0.0
02/28/06 07:00,9.3
02/28/06 08:00,26.6
02/28/06 09:00,38.2
02/28/06 10:00,30.1
02/28/06 11:00,24.7
02/28/06 12:00,18.8
02/28/06 13:00,2.6
02/28/06 14:00,29.3
02/28/06 15:00,18.7
02/28/06 16:00,16.6
02/28/06 17:00,0.0
02/28/06 18:00,0.0
02/28/06 19:00,0.0
02/28/06 20:00,0.0
02/28/06 21:00,0.0
02/28/06 22:00,0.0
02/28/06 23:00,0.0
03/01/06 00:00,0.0
03/01/06 01:00,0.0
03/01/06 02:00,0.0
03/01/06 03:00,0.0
03/01/06 04:00,0.0
03/01/06 05:00,0.0
03/01/06 06:00,0.0
03/01/06 07:00,10.1
03/01/06 08:00,32.6
03/01/06 09:00,53.4
03/01/06 10:00,68.2
03/01/06 11:00,72.9
03/01/06 12:00,78.5
03/01/06 13:00,78.0
03/01/06 14:00,71.1
03/01/06 15:00,55.9
03/01/06 16:00,0.0
03/01/06 17:00,0.1
03/01/06 18:00,0.0
03/01/06 19:00,0.0
03/01/06 20:00,0.0
03/01/06 21:00,0.0
03/01/06 22:00,0.0
03/01/06 23:00,0.0
03/02/06 00:00,0.0
03/02/06 01:00,0.0
03/02/06 02:00,0.0
03/02/06 03:00,0.0
03/02/06 04:00,0.0
03/02/06 05:00,0.0
03/02/06 06:00,0.0
03/02/06 07:00,10.7
03/02/06 08:00,21.3
03/02/06 09:00,51.4
03/02/06 10:00,68.8
03/02/06 11:00,79.3
03/02/06 12:00,82.0
03/02/06 13:00,77.3
03/02/06 14:00,69.4
03/02/06 15:00,55.8
03/02/06 16:00,33.8
03/02/06 17:00,3.7
03/02/06 18:00,0.0
03/02/06 19:00,0.0
03/02/06 20:00,0.0
03/02/06 21:00,0.0
03/02/06 22:00,0.0
03/02/06 23:00,0.0
03/03/06 00:00,0.0
03/03/06 01:00,0.0
03/03/06 02:00,0.0
03/03/06 03:00,0.0
03/03/06 04:00,0.0
03/03/06 05:00,0.0
03/03/06 06:00,0.0
03/03/06 07:00,11.4
03/03/06 08:00,36.2
03/03/06 09:00,57.3
03/03/06 10:00,71.6
03/03/06 11:00,81.1
03/03/06 12:00,84.7
03/03/06 13:00,81.9
03/03/06 14:00,72.2
03/03/06 15:00,56.5
03/03/06 16:00,34.4
03/03/06 17:00,4.4
03/03/06 18:00,0.0
03/03/06 19:00,0.0
03/03/06 20:00,0.0
03/03/06 21:00,0.0
03/03/06 22:00,0.0
03/03/06 23:00,0.0
03/04/06 00:00,0.0
03/04/06 01:00,0.0
03/04/06 02:00,0.0
03/04/06 03:00,0.0
03/04/06 04:00,0.0
03/04/06 05:00,0.0
03/04/06 06:00,0.0
03/04/06 07:00,11.5
03/04/06 08:00,31.9
03/04/06 09:00,51.3
03/04/06 10:00,66.2
03/04/06 11:00,78.4
03/04/06 12:00,79.3
03/04/06 13:00,81.5
03/04/06 14:00,73.1
03/04/06 15:00,57.6
03/04/06 16:00,35.1
03/04/06 17:00,4.8
03/04/06 18:00,0.0
03/04/06 19:00,0.0
03/04/06 20:00,0.0
03/04/06 21:00,0.0
03/04/06 22:00,0.0
03/04/06 23:00,0.0
03/05/06 00:00,0.0
03/05/06 01:00,0.0
03/05/06 02:00,0.0
03/05/06 03:00,0.0
03/05/06 04:00,0.0
03/05/06 05:00,0.0
03/05/06 06:00,0.0
03/05/06 07:00,12.0
03/05/06 08:00,36.2
03/05/06 09:00,53.8
03/05/06 10:00,70.3
03/05/06 11:00,79.4
03/05/06 12:00,82.6
03/05/06 13:00,79.9
03/05/06 14:00,71.4
03/05/06 15:00,57.0
03/05/06 16:00,34.3
03/05/06 17:00,4.8
03/05/06 18:00,0.0
03/05/06 19:00,0.0
03/05/06 20:00,0.0
03/05/06 21:00,0.0
03/05/06 22:00,0.0
03/05/06 23:00,0.0
03/06/06 00:00,0.0
03/06/06 01:00,0.0
03/06/06 02:00,0.0
03/06/06 03:00,0.0
03/06/06 04:00,0.0
03/06/06 05:00,0.0
03/06/06 06:00,0.0
03/06/06 07:00,11.4
03/06/06 08:00,31.5
03/06/06 09:00,48.7
03/06/06 10:00,59.2
03/06/06 11:00,56.8
03/06/06 12:00,48.2
03/06/06 13:00,40.8
03/06/06 14:00,1.4
03/06/06 15:00,22.3
03/06/06 16:00,19.1
03/06/06 17:00,0.8
03/06/06 18:00,0.0
03/06/06 19:00,0.0
03/06/06 20:00,0.0
03/06/06 21:00,0.0
03/06/06 22:00,0.0
03/06/06 23:00,0.0
03/07/06 00:00,0.0
03/07/06 01:00,0.0
03/07/06 02:00,0.0
03/07/06 03:00,0.0
03/07/06 04:00,0.0
03/07/06 05:00,0.0
03/07/06 06:00,0.0
03/07/06 07:00,12.6
03/07/06 08:00,37.7
03/07/06 09:00,59.4
03/07/06 10:00,73.4
03/07/06 11:00,80.1
03/07/06 12:00,81.0
03/07/06 13:00,80.5
03/07/06 14:00,72.6
03/07/06 15:00,58.3
03/07/06 16:00,32.1
03/07/06 17:00,0.3
03/07/06 18:00,0.0
03/07/06 19:00,0.0
03/07/06 20:00,0.0
03/07/06 21:00,0.0
03/07/06 22:00,0.0
03/07/06 23:00,0.0
03/08/06 00:00,0.0
03/08/06 01:00,0.0
03/08/06 02:00,0.0
03/08/06 03:00,0.0
03/08/06 04:00,0.0
03/08/06 05:00,0.0
03/08/06 06:00,0.0
03/08/06 07:00,11.3
03/08/06 08:00,31.4
03/08/06 09:00,32.6
03/08/06 10:00,36.9
03/08/06 11:00,5.1
03/08/06 12:00,4.3
03/08/06 13:00,37.4
03/08/06 14:00,22.9
03/08/06 15:00,51.7
03/08/06 16:00,25.2
03/08/06 17:00,6.2
03/08/06 18:00,0.0
03/08/06 19:00,0.0
03/08/06 20:00,0.0
03/08/06 21:00,0.0
03/08/06 22:00,0.0
03/08/06 23:00,0.0
03/09/06 00:00,0.0
03/09/06 01:00,0.0
03/09/06 02:00,0.0
03/09/06 03:00,0.0
03/09/06 04:00,0.0
03/09/06 05:00,0.0
03/09/06 06:00,0.0
03/09/06 07:00,13.0
03/09/06 08:00,37.5
03/09/06 09:00,59.6
03/09/06 10:00,72.4
03/09/06 11:00,81.5
03/09/06 12:00,84.7
03/09/06 13:00,81.8
03/09/06 14:00,74.0
03/09/06 15:00,60.4
03/09/06 16:00,28.7
03/09/06 17:00,2.6
03/09/06 18:00,0.0
03/09/06 19:00,0.0
03/09/06 20:00,0.0
03/09/06 21:00,0.0
03/09/06 22:00,0.0
03/09/06 23:00,0.0
03/10/06 00:00,0.0
03/10/06 01:00,0.0
03/10/06 02:00,0.0
03/10/06 03:00,0.0
03/10/06 04:00,0.0
03/10/06 05:00,0.0
03/10/06 06:00,0.0
03/10/06 07:00,13.0
03/10/06 08:00,39.6
03/10/06 09:00,63.4
03/10/06 10:00,76.0
03/10/06 11:00,83.1
03/10/06 12:00,86.5
03/10/06 13:00,86.6
03/10/06 14:00,78.0
03/10/06 15:00,61.1
03/10/06 16:00,36.4
03/10/06 17:00,6.2
03/10/06 18:00,0.0
03/10/06 19:00,0.0
03/10/06 20:00,0.0
03/10/06 21:00,0.0
03/10/06 22:00,0.0
03/10/06 23:00,0.0
03/11/06 00:00,0.0
03/11/06 01:00,0.0
03/11/06 02:00,0.0
03/11/06 03:00,0.0
03/11/06 04:00,0.0
03/11/06 05:00,0.0
03/11/06 06:00,0.0
03/11/06 07:00,0.0
03/11/06 08:00,4.1
03/11/06 09:00,45.1
03/11/06 10:00,4.2
03/11/06 11:00,6.2
03/11/06 12:00,7.3
03/11/06 13:00,5.0
03/11/06 14:00,10.0
03/11/06 15:00,0.5
03/11/06 16:00,15.2
03/11/06 17:00,0.1
03/11/06 18:00,0.0
03/11/06 19:00,0.0
03/11/06 20:00,0.0
03/11/06 21:00,0.0
03/11/06 22:00,0.0
03/11/06 23:00,0.0
03/12/06 00:00,0.0
03/12/06 01:00,0.0
03/12/06 02:00,0.0
03/12/06 03:00,0.0
03/12/06 04:00,0.0
03/12/06 05:00,0.0
03/12/06 06:00,0.0
03/12/06 07:00,14.3
03/12/06 08:00,40.8
03/12/06 09:00,63.8
03/12/06 10:00,77.8
03/12/06 11:00,87.4
03/12/06 12:00,86.8
03/12/06 13:00,82.3
03/12/06 14:00,59.8
03/12/06 15:00,24.4
03/12/06 16:00,38.3
03/12/06 17:00,8.9
03/12/06 18:00,0.0
03/12/06 19:00,0.0
03/12/06 20:00,0.0
03/12/06 21:00,0.0
03/12/06 22:00,0.0
03/12/06 23:00,0.0
03/13/06 00:00,0.0
03/13/06 01:00,0.0
03/13/06 02:00,0.0
03/13/06 03:00,0.0
03/13/06 04:00,0.0
03/13/06 05:00,0.0
03/13/06 06:00,0.0
03/13/06 07:00,14.8
03/13/06 08:00,40.8
03/13/06 09:00,62.8
03/13/06 10:00,76.5
03/13/06 11:00,83.9
03/13/06 12:00,85.6
03/13/06 13:00,79.6
03/13/06 14:00,75.4
03/13/06 15:00,61.5
03/13/06 16:00,38.1
03/13/06 17:00,9.7
03/13/06 18:00,0.0
03/13/06 19:00,0.0
03/13/06 20:00,0.0
03/13/06 21:00,0.0
03/13/06 22:00,0.0
03/13/06 23:00,0.0
03/14/06 00:00,0.0
03/14/06 01:00,0.0
03/14/06 02:00,0.0
03/14/06 03:00,0.0
03/14/06 04:00,0.0
03/14/06 05:00,0.0
03/14/06 06:00,0.0
03/14/06 07:00,15.0
03/14/06 08:00,40.3
03/14/06 09:00,62.8
03/14/06 10:00,75.1
03/14/06 11:00,83.2
03/14/06 12:00,85.1
03/14/06 13:00,80.9
03/14/06 14:00,72.3
03/14/06 15:00,58.7
03/14/06 16:00,35.5
03/14/06 17:00,9.9
03/14/06 18:00,0.0
03/14/06 19:00,0.0
03/14/06 20:00,0.0
03/14/06 21:00,0.0
03/14/06 22:00,0.0
03/14/06 23:00,0.0
03/15/06 00:00,0.0
03/15/06 01:00,0.0
03/15/06 02:00,0.0
03/15/06 03:00,0.0
03/15/06 04:00,0.0
03/15/06 05:00,0.0
03/15/06 06:00,0.0
03/15/06 07:00,15.0
03/15/06 08:00,40.6
03/15/06 09:00,61.5
03/15/06 10:00,74.0
03/15/06 11:00,82.0
03/15/06 12:00,85.7
03/15/06 13:00,82.9
03/15/06 14:00,74.0
03/15/06 15:00,58.9
03/15/06 16:00,37.1
03/15/06 17:00,10.2
03/15/06 18:00,0.0
03/15/06 19:00,0.0
03/15/06 20:00,0.0
03/15/06 21:00,0.0
03/15/06 22:00,0.0
03/15/06 23:00,0.0
03/16/06 00:00,0.0
03/16/06 01:00,0.0
03/16/06 02:00,0.0
03/16/06 03:00,0.0
03/16/06 04:00,0.0
03/16/06 05:00,0.0
03/16/06 06:00,0.0
03/16/06 07:00,15.4
03/16/06 08:00,40.9
03/16/06 09:00,61.8
03/16/06 10:00,74.6
03/16/06 11:00,80.7
03/16/06 12:00,79.7
03/16/06 13:00,73.6
03/16/06 14:00,61.5
03/16/06 15:00,48.2
03/16/06 16:00,32.0
03/16/06 17:00,3.1
03/16/06 18:00,0.0
03/16/06 19:00,0.0
03/16/06 20:00,0.0
03/16/06 21:00,0.0
03/16/06 22:00,0.0
03/16/06 23:00,0.0
03/17/06 00:00,0.0
03/17/06 01:00,0.0
03/17/06 02:00,0.0
03/17/06 03:00,0.0
03/17/06 04:00,0.0
03/17/06 05:00,0.0
03/17/06 06:00,0.0
03/17/06 07:00,15.0
03/17/06 08:00,37.7
03/17/06 09:00,60.0
03/17/06 10:00,75.1
03/17/06 11:00,83.3
03/17/06 12:00,85.1
03/17/06 13:00,81.5
03/17/06 14:00,73.6
03/17/06 15:00,58.3
03/17/06 16:00,36.7
03/17/06 17:00,10.4
03/17/06 18:00,0.0
03/17/06 19:00,0.0
03/17/06 20:00,0.0
03/17/06 21:00,0.0
03/17/06 22:00,0.0
03/17/06 23:00,0.0
03/18/06 00:00,0.0
03/18/06 01:00,0.0
03/18/06 02:00,0.0
03/18/06 03:00,0.0
03/18/06 04:00,0.0
03/18/06 05:00,0.0
03/18/06 06:00,0.0
03/18/06 07:00,15.1
03/18/06 08:00,34.6
03/18/06 09:00,22.6
03/18/06 10:00,58.3
03/18/06 11:00,38.2
03/18/06 12:00,6.4
03/18/06 13:00,6.0
03/18/06 14:00,61.9
03/18/06 15:00,23.2
03/18/06 16:00,37.8
03/18/06 17:00,10.7
03/18/06 18:00,0.0
03/18/06 19:00,0.0
03/18/06 20:00,0.0
03/18/06 21:00,0.0
03/18/06 22:00,0.0
03/18/06 23:00,0.0
03/19/06 00:00,0.0
03/19/06 01:00,0.0
03/19/06 02:00,0.0
03/19/06 03:00,0.0
03/19/06 04:00,0.0
03/19/06 05:00,0.0
03/19/06 06:00,0.0
03/19/06 07:00,8.7
03/19/06 08:00,32.4
03/19/06 09:00,3.9
03/19/06 10:00,12.6
03/19/06 11:00,24.9
03/19/06 12:00,28.0
03/19/06 13:00,7.1
03/19/06 14:00,34.5
03/19/06 15:00,0.8
03/19/06 16:00,28.5
03/19/06 17:00,3.8
03/19/06 18:00,0.0
03/19/06 19:00,0.0
03/19/06 20:00,0.0
03/19/06 21:00,0.0
03/19/06 22:00,0.0
03/19/06 23:00,0.0
03/20/06 00:00,0.0
03/20/06 01:00,0.0
03/20/06 02:00,0.0
03/20/06 03:00,0.0
03/20/06 04:00,0.0
03/20/06 05:00,0.0
03/20/06 06:00,0.0
03/20/06 07:00,15.9
03/20/06 08:00,38.1
03/20/06 09:00,52.7
03/20/06 10:00,72.1
03/20/06 11:00,76.8
03/20/06 12:00,68.0
03/20/06 13:00,71.9
03/20/06 14:00,63.5
03/20/06 15:00,56.8
03/20/06 16:00,14.2
03/20/06 17:00,0.2
03/20/06 18:00,0.0
03/20/06 19:00,0.0
03/20/06 20:00,0.0
03/20/06 21:00,0.0
03/20/06 22:00,0.0
03/20/06 23:00,0.0
03/21/06 00:00,0.0
03/21/06 01:00,0.0
03/21/06 02:00,0.0
03/21/06 03:00,0.0
03/21/06 04:00,0.0
03/21/06 05:00,0.0
03/21/06 06:00,0.0
03/21/06 07:00,16.6
03/21/06 08:00,36.9
03/21/06 09:00,1.9
03/21/06 10:00,34.9
03/21/06 11:00,71.1
03/21/06 12:00,5.9
03/21/06 13:00,22.4
03/21/06 14:00,29.7
03/21/06 15:00,39.3
03/21/06 16:00,33.9
03/21/06 17:00,2.2
03/21/06 18:00,0.0
03/21/06 19:00,0.0
03/21/06 20:00,0.0
03/21/06 21:00,0.0
03/21/06 22:00,0.0
03/21/06 23:00,0.0
03/22/06 00:00,0.0
03/22/06 01:00,0.0
03/22/06 02:00,0.0
03/22/06 03:00,0.0
03/22/06 04:00,0.0
03/22/06 05:00,0.0
03/22/06 06:00,0.0
03/22/06 07:00,18.1
03/22/06 08:00,44.3
03/22/06 09:00,64.4
03/22/06 10:00,75.7
03/22/06 11:00,83.9
03/22/06 12:00,86.8
03/22/06 13:00,83.8
03/22/06 14:00,75.5
03/22/06 15:00,63.1
03/22/06 16:00,39.4
03/22/06 17:00,11.6
03/22/06 18:00,0.0
03/22/06 19:00,0.0
03/22/06 20:00,0.0
03/22/06 21:00,0.0
03/22/06 22:00,0.0
03/22/06 23:00,0.0
03/23/06 00:00,0.0
03/23/06 01:00,0.0
03/23/06 02:00,0.0
03/23/06 03:00,0.0
03/23/06 04:00,0.0
03/23/06 05:00,0.0
03/23/06 06:00,0.0
03/23/06 07:00,17.5
03/23/06 08:00,43.3
03/23/06 09:00,63.2
03/23/06 10:00,75.9
03/23/06 11:00,83.2
03/23/06 12:00,85.2
03/23/06 13:00,82.1
03/23/06 14:00,72.8
03/23/06 15:00,59.1
03/23/06 16:00,37.4
03/23/06 17:00,11.3
03/23/06 18:00,0.0
03/23/06 19:00,0.0
03/23/06 20:00,0.0
03/23/06 21:00,0.0
03/23/06 22:00,0.0
03/23/06 23:00,0.0
03/24/06 00:00,0.0
03/24/06 01:00,0.0
03/24/06 02:00,0.0
03/24/06 03:00,0.0
03/24/06 04:00,0.0
03/24/06 05:00,0.0
03/24/06 06:00,0.1
03/24/06 07:00,17.7
03/24/06 08:00,42.6
03/24/06 09:00,62.7
03/24/06 10:00,75.4
03/24/06 11:00,82.9
03/24/06 12:00,83.7
03/24/06 13:00,79.6
03/24/06 14:00,72.4
03/24/06 15:00,58.4
03/24/06 16:00,37.4
03/24/06 17:00,11.4
03/24/06 18:00,0.0
03/24/06 19:00,0.0
03/24/06 20:00,0.0
03/24/06 21:00,0.0
03/24/06 22:00,0.0
03/24/06 23:00,0.0
03/25/06 00:00,0.0
03/25/06 01:00,0.0
03/25/06 02:00,0.0
03/25/06 03:00,0.0
03/25/06 04:00,0.0
03/25/06 05:00,0.0
03/25/06 06:00,0.2
03/25/06 07:00,17.8
03/25/06 08:00,42.8
03/25/06 09:00,62.3
03/25/06 10:00,73.1
03/25/06 11:00,79.2
03/25/06 12:00,83.3
03/25/06 13:00,79.7
03/25/06 14:00,69.7
03/25/06 15:00,55.4
03/25/06 16:00,36.7
03/25/06 17:00,11.9
03/25/06 18:00,0.0
03/25/06 19:00,0.0
03/25/06 20:00,0.0
03/25/06 21:00,0.0
03/25/06 22:00,0.0
03/25/06 23:00,0.0
03/26/06 00:00,0.0
03/26/06 01:00,0.0
03/26/06 02:00,0.0
03/26/06 03:00,0.0
03/26/06 04:00,0.0
03/26/06 05:00,0.0
03/26/06 06:00,0.1
03/26/06 07:00,17.7
03/26/06 08:00,42.9
03/26/06 09:00,62.0
03/26/06 10:00,74.4
03/26/06 11:00,82.0
03/26/06 12:00,83.7
03/26/06 13:00,80.8
03/26/06 14:00,71.3
03/26/06 15:00,55.5
03/26/06 16:00,35.5
03/26/06 17:00,10.8
03/26/06 18:00,0.0
03/26/06 19:00,0.0
03/26/06 20:00,0.0
03/26/06 21:00,0.0
03/26/06 22:00,0.0
03/26/06 23:00,0.0
03/27/06 00:00,0.0
03/27/06 01:00,0.0
03/27/06 02:00,0.0
03/27/06 03:00,0.0
03/27/06 04:00,0.0
03/27/06 05:00,0.0
03/27/06 06:00,0.1
03/27/06 07:00,2.1
03/27/06 08:00,28.3
03/27/06 09:00,49.6
03/27/06 10:00,61.0
03/27/06 11:00,74.1
03/27/06 12:00,77.5
03/27/06 13:00,73.7
03/27/06 14:00,56.3
03/27/06 15:00,15.5
03/27/06 16:00,19.1
03/27/06 17:00,4.4
03/27/06 18:00,0.0
03/27/06 19:00,0.0
03/27/06 20:00,0.0
03/27/06 21:00,0.0
03/27/06 22:00,0.0
03/27/06 23:00,0.0
03/28/06 00:00,0.0
03/28/06 01:00,0.0
03/28/06 02:00,0.0
03/28/06 03:00,0.0
03/28/06 04:00,0.0
03/28/06 05:00,0.0
03/28/06 06:00,0.1
03/28/06 07:00,0.1
03/28/06 08:00,0.6
03/28/06 09:00,2.2
03/28/06 10:00,6.5
03/28/06 11:00,5.8
03/28/06 12:00,5.9
03/28/06 13:00,20.1
03/28/06 14:00,10.9
03/28/06 15:00,17.9
03/28/06 16:00,0.1
03/28/06 17:00,0.0
03/28/06 18:00,0.0
03/28/06 19:00,0.0
03/28/06 20:00,0.0
03/28/06 21:00,0.0
03/28/06 22:00,0.0
03/28/06 23:00,0.0
03/29/06 00:00,0.0
03/29/06 01:00,0.0
03/29/06 02:00,0.0
03/29/06 03:00,0.0
03/29/06 04:00,0.0
03/29/06 05:00,0.0
03/29/06 06:00,0.2
03/29/06 07:00,0.3
03/29/06 08:00,0.7
03/29/06 09:00,7.4
03/29/06 10:00,5.3
03/29/06 11:00,6.0
03/29/06 12:00,7.1
03/29/06 13:00,8.3
03/29/06 14:00,52.3
03/29/06 15:00,49.2
03/29/06 16:00,19.4
03/29/06 17:00,8.5
03/29/06 18:00,0.0
03/29/06 19:00,0.0
03/29/06 20:00,0.0
03/29/06 21:00,0.0
03/29/06 22:00,0.0
03/29/06 23:00,0.0
03/30/06 00:00,0.0
03/30/06 01:00,0.0
03/30/06 02:00,0.0
03/30/06 03:00,0.0
03/30/06 04:00,0.0
03/30/06 05:00,0.0
03/30/06 06:00,0.1
03/30/06 07:00,19.6
03/30/06 08:00,44.7
03/30/06 09:00,63.9
03/30/06 10:00,76.5
03/30/06 11:00,80.7
03/30/06 12:00,79.4
03/30/06 13:00,80.6
03/30/06 14:00,73.0
03/30/06 15:00,61.2
03/30/06 16:00,39.9
03/30/06 17:00,13.2
03/30/06 18:00,0.0
03/30/06 19:00,0.0
03/30/06 20:00,0.0
03/30/06 21:00,0.0
03/30/06 22:00,0.0
03/30/06 23:00,0.0
03/31/06 00:00,0.0
03/31/06 01:00,0.0
03/31/06 02:00,0.0
03/31/06 03:00,0.0
03/31/06 04:00,0.0
03/31/06 05:00,0.0
03/31/06 06:00,0.4
03/31/06 07:00,19.7
03/31/06 08:00,40.2
03/31/06 09:00,50.8
03/31/06 10:00,57.0
03/31/06 11:00,61.0
03/31/06 12:00,85.8
03/31/06 13:00,85.0
03/31/06 14:00,77.2
03/31/06 15:00,60.9
03/31/06 16:00,27.8
03/31/06 17:00,7.7
03/31/06 18:00,0.0
03/31/06 19:00,0.0
03/31/06 20:00,0.0
03/31/06 21:00,0.0
03/31/06 22:00,0.0
03/31/06 23:00,0.0
04/01/06 00:00,0.0
04/01/06 01:00,0.0
04/01/06 02:00,0.0
04/01/06 03:00,0.0
04/01/06 04:00,0.0
04/01/06 05:00,0.0
04/01/06 06:00,0.0
04/01/06 07:00,4.4
04/01/06 08:00,31.2
04/01/06 09:00,45.8
04/01/06 10:00,62.1
04/01/06 11:00,62.0
04/01/06 12:00,68.3
04/01/06 13:00,66.6
04/01/06 14:00,63.0
04/01/06 15:00,42.1
04/01/06 16:00,37.0
04/01/06 17:00,11.9
04/01/06 18:00,0.0
04/01/06 19:00,0.0
04/01/06 20:00,0.0
04/01/06 21:00,0.0
04/01/06 22:00,0.0
04/01/06 23:00,0.0
04/02/06 00:00,0.0
04/02/06 01:00,0.0
04/02/06 02:00,0.0
04/02/06 03:00,0.0
04/02/06 04:00,0.0
04/02/06 05:00,0.0
04/02/06 06:00,0.2
04/02/06 07:00,20.1
04/02/06 08:00,44.1
04/02/06 09:00,64.8
04/02/06 10:00,76.8
04/02/06 11:00,82.4
04/02/06 12:00,82.3
04/02/06 13:00,81.1
04/02/06 14:00,71.9
04/02/06 15:00,59.3
04/02/06 16:00,37.3
04/02/06 17:00,12.3
04/02/06 18:00,0.0
04/02/06 19:00,0.0
04/02/06 20:00,0.0
04/02/06 21:00,0.0
04/02/06 22:00,0.0
04/02/06 23:00,0.0
04/03/06 00:00,0.0
04/03/06 01:00,0.0
04/03/06 02:00,0.0
04/03/06 03:00,0.0
04/03/06 04:00,0.0
04/03/06 05:00,0.0
04/03/06 06:00,0.2
04/03/06 07:00,18.1
04/03/06 08:00,35.9
04/03/06 09:00,48.3
04/03/06 10:00,50.3
04/03/06 11:00,61.8
04/03/06 12:00,63.4
04/03/06 13:00,54.2
04/03/06 14:00,39.7
04/03/06 15:00,27.3
04/03/06 16:00,22.6
04/03/06 17:00,1.9
04/03/06 18:00,0.0
04/03/06 19:00,0.0
04/03/06 20:00,0.0
04/03/06 21:00,0.0
04/03/06 22:00,0.0
04/03/06 23:00,0.0
04/04/06 00:00,0.0
04/04/06 01:00,0.0
04/04/06 02:00,0.0
04/04/06 03:00,0.0
04/04/06 04:00,0.0
04/04/06 05:00,0.0
04/04/06 06:00,0.3
04/04/06 07:00,20.5
04/04/06 08:00,41.6
04/04/06 09:00,59.9
04/04/06 10:00,69.3
04/04/06 11:00,78.5
04/04/06 12:00,80.5
04/04/06 13:00,67.2
04/04/06 14:00,58.9
04/04/06 15:00,37.7
04/04/06 16:00,36.3
04/04/06 17:00,12.0
04/04/06 18:00,0.0
04/04/06 19:00,0.0
04/04/06 20:00,0.0
04/04/06 21:00,0.0
04/04/06 22:00,0.0
04/04/06 23:00,0.0
04/05/06 00:00,0.0
04/05/06 01:00,0.0
04/05/06 02:00,0.0
04/05/06 03:00,0.0
04/05/06 04:00,0.0
04/05/06 05:00,0.0
04/05/06 06:00,0.0
04/05/06 07:00,0.1
04/05/06 08:00,1.0
04/05/06 09:00,3.3
04/05/06 10:00,80.3
04/05/06 11:00,88.9
04/05/06 12:00,84.5
04/05/06 13:00,75.2
04/05/06 14:00,76.4
04/05/06 15:00,60.4
04/05/06 16:00,10.8
04/05/06 17:00,0.7
04/05/06 18:00,0.0
04/05/06 19:00,0.0
04/05/06 20:00,0.0
04/05/06 21:00,0.0
04/05/06 22:00,0.0
04/05/06 23:00,0.0
04/06/06 00:00,0.0
04/06/06 01:00,0.0
04/06/06 02:00,0.0
04/06/06 03:00,0.0
04/06/06 04:00,0.0
04/06/06 05:00,0.0
04/06/06 06:00,0.3
04/06/06 07:00,21.8
04/06/06 08:00,47.5
04/06/06 09:00,67.1
04/06/06 10:00,78.8
04/06/06 11:00,87.1
04/06/06 12:00,90.1
04/06/06 13:00,84.1
04/06/06 14:00,75.1
04/06/06 15:00,61.9
04/06/06 16:00,39.4
04/06/06 17:00,13.2
04/06/06 18:00,0.0
04/06/06 19:00,0.0
04/06/06 20:00,0.0
04/06/06 21:00,0.0
04/06/06 22:00,0.0
04/06/06 23:00,0.0
04/07/06 00:00,0.0
04/07/06 01:00,0.0
04/07/06 02:00,0.0
04/07/06 03:00,0.0
04/07/06 04:00,0.0
04/07/06 05:00,0.0
04/07/06 06:00,0.4
04/07/06 07:00,22.1
04/07/06 08:00,47.3
04/07/06 09:00,65.4
04/07/06 10:00,77.8
04/07/06 11:00,83.0
04/07/06 12:00,83.6
04/07/06 13:00,80.6
04/07/06 14:00,71.5
04/07/06 15:00,62.5
04/07/06 16:00,41.7
04/07/06 17:00,13.7
04/07/06 18:00,0.0
04/07/06 19:00,0.0
04/07/06 20:00,0.0
04/07/06 21:00,0.0
04/07/06 22:00,0.0
04/07/06 23:00,0.0
04/08/06 00:00,0.0
04/08/06 01:00,0.0
04/08/06 02:00,0.0
04/08/06 03:00,0.0
04/08/06 04:00,0.0
04/08/06 05:00,0.0
04/08/06 06:00,0.4
04/08/06 07:00,21.8
04/08/06 08:00,46.3
04/08/06 09:00,63.8
04/08/06 10:00,75.4
04/08/06 11:00,82.2
04/08/06 12:00,83.7
04/08/06 13:00,80.2
04/08/06 14:00,69.1
04/08/06 15:00,58.8
04/08/06 16:00,37.3
04/08/06 17:00,12.7
04/08/06 18:00,0.0
04/08/06 19:00,0.0
04/08/06 20:00,0.0
04/08/06 21:00,0.0
04/08/06 22:00,0.0
04/08/06 23:00,0.0
04/09/06 00:00,0.0
04/09/06 01:00,0.0
04/09/06 02:00,0.0
04/09/06 03:00,0.0
04/09/06 04:00,0.0
04/09/06 05:00,0.0
04/09/06 06:00,0.4
04/09/06 07:00,21.8
04/09/06 08:00,45.2
04/09/06 09:00,64.3
04/09/06 10:00,75.2
04/09/06 11:00,82.6
04/09/06 12:00,84.9
04/09/06 13:00,81.0
04/09/06 14:00,71.0
04/09/06 15:00,57.7
04/09/06 16:00,34.8
04/09/06 17:00,12.3
04/09/06 18:00,0.0
04/09/06 19:00,0.0
04/09/06 20:00,0.0
04/09/06 21:00,0.0
04/09/06 22:00,0.0
04/09/06 23:00,0.0
04/10/06 00:00,0.0
04/10/06 01:00,0.0
04/10/06 02:00,0.0
04/10/06 03:00,0.0
04/10/06 04:00,0.0
04/10/06 05:00,0.0
04/10/06 06:00,0.4
04/10/06 07:00,22.2
04/10/06 08:00,47.1
04/10/06 09:00,66.2
04/10/06 10:00,77.6
04/10/06 11:00,85.6
04/10/06 12:00,86.7
04/10/06 13:00,82.2
04/10/06 14:00,74.8
04/10/06 15:00,59.1
04/10/06 16:00,38.8
04/10/06 17:00,13.3
04/10/06 18:00,0.0
04/10/06 19:00,0.0
04/10/06 20:00,0.0
04/10/06 21:00,0.0
04/10/06 22:00,0.0
04/10/06 23:00,0.0
04/11/06 00:00,0.0
04/11/06 01:00,0.0
04/11/06 02:00,0.0
04/11/06 03:00,0.0
04/11/06 04:00,0.0
04/11/06 05:00,0.0
04/11/06 06:00,0.5
04/11/06 07:00,22.5
04/11/06 08:00,46.8
04/11/06 09:00,66.4
04/11/06 10:00,79.2
04/11/06 11:00,84.2
04/11/06 12:00,85.4
04/11/06 13:00,79.2
04/11/06 14:00,64.1
04/11/06 15:00,50.4
04/11/06 16:00,31.7
04/11/06 17:00,10.7
04/11/06 18:00,0.0
04/11/06 19:00,0.0
04/11/06 20:00,0.0
04/11/06 21:00,0.0
04/11/06 22:00,0.0
04/11/06 23:00,0.0
04/12/06 00:00,0.0
04/12/06 01:00,0.0
04/12/06 02:00,0.0
04/12/06 03:00,0.0
04/12/06 04:00,0.0
04/12/06 05:00,0.0
04/12/06 06:00,0.5
04/12/06 07:00,22.5
04/12/06 08:00,46.6
04/12/06 09:00,64.8
04/12/06 10:00,76.3
04/12/06 11:00,82.3
04/12/06 12:00,82.2
04/12/06 13:00,79.7
04/12/06 14:00,71.9
04/12/06 15:00,59.6
04/12/06 16:00,37.6
04/12/06 17:00,13.1
04/12/06 18:00,0.0
04/12/06 19:00,0.0
04/12/06 20:00,0.0
04/12/06 21:00,0.0
04/12/06 22:00,0.0
04/12/06 23:00,0.0
04/13/06 00:00,0.0
04/13/06 01:00,0.0
04/13/06 02:00,0.0
04/13/06 03:00,0.0
04/13/06 04:00,0.0
04/13/06 05:00,0.0
04/13/06 06:00,0.5
04/13/06 07:00,22.5
04/13/06 08:00,46.1
04/13/06 09:00,63.7
04/13/06 10:00,73.4
04/13/06 11:00,78.7
04/13/06 12:00,80.5
04/13/06 13:00,78.6
04/13/06 14:00,69.5
04/13/06 15:00,57.2
04/13/06 16:00,36.3
04/13/06 17:00,12.0
04/13/06 18:00,0.0
04/13/06 19:00,0.0
04/13/06 20:00,0.0
04/13/06 21:00,0.0
04/13/06 22:00,0.0
04/13/06 23:00,0.0
04/14/06 00:00,0.0
04/14/06 01:00,0.0
04/14/06 02:00,0.0
04/14/06 03:00,0.0
04/14/06 04:00,0.0
04/14/06 05:00,0.0
04/14/06 06:00,0.2
04/14/06 07:00,12.5
04/14/06 08:00,32.6
04/14/06 09:00,45.1
04/14/06 10:00,44.9
04/14/06 11:00,50.1
04/14/06 12:00,29.9
04/14/06 13:00,60.2
04/14/06 14:00,64.1
04/14/06 15:00,54.9
04/14/06 16:00,37.2
04/14/06 17:00,13.1
04/14/06 18:00,0.0
04/14/06 19:00,0.0
04/14/06 20:00,0.0
04/14/06 21:00,0.0
04/14/06 22:00,0.0
04/14/06 23:00,0.0
04/15/06 00:00,0.0
04/15/06 01:00,0.0
04/15/06 02:00,0.0
04/15/06 03:00,0.0
04/15/06 04:00,0.0
04/15/06 05:00,0.0
04/15/06 06:00,0.6
04/15/06 07:00,23.4
04/15/06 08:00,47.3
04/15/06 09:00,66.8
04/15/06 10:00,78.1
04/15/06 11:00,85.9
04/15/06 12:00,86.0
04/15/06 13:00,83.6
04/15/06 14:00,75.1
04/15/06 15:00,60.4
04/15/06 16:00,39.0
04/15/06 17:00,13.7
04/15/06 18:00,0.0
04/15/06 19:00,0.0
04/15/06 20:00,0.0
04/15/06 21:00,0.0
04/15/06 22:00,0.0
04/15/06 23:00,0.0
04/16/06 00:00,0.0
04/16/06 01:00,0.0
04/16/06 02:00,0.0
04/16/06 03:00,0.0
04/16/06 04:00,0.0
04/16/06 05:00,0.0
04/16/06 06:00,0.6
04/16/06 07:00,23.2
04/16/06 08:00,47.2
04/16/06 09:00,64.9
04/16/06 10:00,76.3
04/16/06 11:00,82.4
04/16/06 12:00,85.0
04/16/06 13:00,82.9
04/16/06 14:00,73.5
04/16/06 15:00,59.1
04/16/06 16:00,37.9
04/16/06 17:00,13.5
04/16/06 18:00,0.0
04/16/06 19:00,0.0
04/16/06 20:00,0.0
04/16/06 21:00,0.0
04/16/06 22:00,0.0
04/16/06 23:00,0.0
04/17/06 00:00,0.0
04/17/06 01:00,0.0
04/17/06 02:00,0.0
04/17/06 03:00,0.0
04/17/06 04:00,0.0
04/17/06 05:00,0.0
04/17/06 06:00,0.7
04/17/06 07:00,23.8
04/17/06 08:00,47.5
04/17/06 09:00,65.5
04/17/06 10:00,77.7
04/17/06 11:00,84.4
04/17/06 12:00,84.9
04/17/06 13:00,81.8
04/17/06 14:00,73.0
04/17/06 15:00,59.4
04/17/06 16:00,38.6
04/17/06 17:00,13.9
04/17/06 18:00,0.0
04/17/06 19:00,0.0
04/17/06 20:00,0.0
04/17/06 21:00,0.0
04/17/06 22:00,0.0
04/17/06 23:00,0.0
04/18/06 00:00,0.0
04/18/06 01:00,0.0
04/18/06 02:00,0.0
04/18/06 03:00,0.0
04/18/06 04:00,0.0
04/18/06 05:00,0.0
04/18/06 06:00,0.7
04/18/06 07:00,24.1
04/18/06 08:00,48.6
04/18/06 09:00,67.3
04/18/06 10:00,78.7
04/18/06 11:00,83.0
04/18/06 12:00,83.0
04/18/06 13:00,79.5
04/18/06 14:00,71.8
04/18/06 15:00,59.4
04/18/06 16:00,38.3
04/18/06 17:00,13.8
04/18/06 18:00,0.0
04/18/06 19:00,0.0
04/18/06 20:00,0.0
04/18/06 21:00,0.0
04/18/06 22:00,0.0
04/18/06 23:00,0.0
04/19/06 00:00,0.0
04/19/06 01:00,0.0
04/19/06 02:00,0.0
04/19/06 03:00,0.0
04/19/06 04:00,0.0
04/19/06 05:00,0.0
04/19/06 06:00,0.8
04/19/06 07:00,24.1
04/19/06 08:00,47.4
04/19/06 09:00,65.0
04/19/06 10:00,77.3
04/19/06 11:00,83.3
04/19/06 12:00,84.4
04/19/06 13:00,81.7
04/19/06 14:00,72.9
04/19/06 15:00,59.3
04/19/06 16:00,38.5
04/19/06 17:00,13.9
04/19/06 18:00,0.0
04/19/06 19:00,0.0
04/19/06 20:00,0.0
04/19/06 21:00,0.0
04/19/06 22:00,0.0
04/19/06 23:00,0.0
04/20/06 00:00,0.0
04/20/06 01:00,0.0
04/20/06 02:00,0.0
04/20/06 03:00,0.0
04/20/06 04:00,0.0
04/20/06 05:00,0.0
04/20/06 06:00,0.8
04/20/06 07:00,24.2
04/20/06 08:00,47.7
04/20/06 09:00,65.1
04/20/06 10:00,76.8
04/20/06 11:00,82.2
04/20/06 12:00,84.0
04/20/06 13:00,79.3
04/20/06 14:00,70.8
04/20/06 15:00,59.1
04/20/06 16:00,37.9
04/20/06 17:00,13.8
04/20/06 18:00,0.0
04/20/06 19:00,0.0
04/20/06 20:00,0.0
04/20/06 21:00,0.0
04/20/06 22:00,0.0
04/20/06 23:00,0.0
04/21/06 00:00,0.0
04/21/06 01:00,0.0
04/21/06 02:00,0.0
04/21/06 03:00,0.0
04/21/06 04:00,0.0
04/21/06 05:00,0.0
04/21/06 06:00,1.1
04/21/06 07:00,22.8
04/21/06 08:00,43.7
04/21/06 09:00,62.3
04/21/06 10:00,70.7
04/21/06 11:00,76.7
04/21/06 12:00,79.9
04/21/06 13:00,76.9
04/21/06 14:00,60.6
04/21/06 15:00,52.7
04/21/06 16:00,26.5
04/21/06 17:00,7.6
04/21/06 18:00,0.0
04/21/06 19:00,0.0
04/21/06 20:00,0.0
04/21/06 21:00,0.0
04/21/06 22:00,0.0
04/21/06 23:00,0.0
04/22/06 00:00,0.0
04/22/06 01:00,0.0
04/22/06 02:00,0.0
04/22/06 03:00,0.0
04/22/06 04:00,0.0
04/22/06 05:00,0.0
04/22/06 06:00,1.0
04/22/06 07:00,24.1
04/22/06 08:00,46.9
04/22/06 09:00,64.9
04/22/06 10:00,75.6
04/22/06 11:00,81.8
04/22/06 12:00,84.4
04/22/06 13:00,81.1
04/22/06 14:00,72.1
04/22/06 15:00,57.4
04/22/06 16:00,38.3
04/22/06 17:00,14.0
04/22/06 18:00,0.0
04/22/06 19:00,0.0
04/22/06 20:00,0.0
04/22/06 21:00,0.0
04/22/06 22:00,0.0
04/22/06 23:00,0.0
04/23/06 00:00,0.0
04/23/06 01:00,0.0
04/23/06 02:00,0.0
04/23/06 03:00,0.0
04/23/06 04:00,0.0
04/23/06 05:00,0.0
04/23/06 06:00,1.1
04/23/06 07:00,25.5
04/23/06 08:00,50.8
04/23/06 09:00,70.0
04/23/06 10:00,80.6
04/23/06 11:00,86.7
04/23/06 12:00,89.0
04/23/06 13:00,85.9
04/23/06 14:00,75.4
04/23/06 15:00,60.2
04/23/06 16:00,39.9
04/23/06 17:00,15.0
04/23/06 18:00,0.0
04/23/06 19:00,0.0
04/23/06 20:00,0.0
04/23/06 21:00,0.0
04/23/06 22:00,0.0
04/23/06 23:00,0.0
04/24/06 00:00,0.0
04/24/06 01:00,0.0
04/24/06 02:00,0.0
04/24/06 03:00,0.0
04/24/06 04:00,0.0
04/24/06 05:00,0.0
04/24/06 06:00,1.2
04/24/06 07:00,25.6
04/24/06 08:00,49.8
04/24/06 09:00,67.5
04/24/06 10:00,79.5
04/24/06 11:00,86.3
04/24/06 12:00,86.5
04/24/06 13:00,84.0
04/24/06 14:00,74.2
04/24/06 15:00,60.9
04/24/06 16:00,39.6
04/24/06 17:00,14.8
04/24/06 18:00,0.0
04/24/06 19:00,0.0
04/24/06 20:00,0.0
04/24/06 21:00,0.0
04/24/06 22:00,0.0
04/24/06 23:00,0.0
04/25/06 00:00,0.0
04/25/06 01:00,0.0
04/25/06 02:00,0.0
04/25/06 03:00,0.0
04/25/06 04:00,0.0
04/25/06 05:00,0.0
04/25/06 06:00,1.5
04/25/06 07:00,25.1
04/25/06 08:00,46.7
04/25/06 09:00,63.0
04/25/06 10:00,73.6
04/25/06 11:00,82.4
04/25/06 12:00,83.8
04/25/06 13:00,80.4
04/25/06 14:00,70.5
04/25/06 15:00,58.1
04/25/06 16:00,37.8
04/25/06 17:00,14.4
04/25/06 18:00,0.0
04/25/06 19:00,0.0
04/25/06 20:00,0.0
04/25/06 21:00,0.0
04/25/06 22:00,0.0
04/25/06 23:00,0.0
04/26/06 00:00,0.0
04/26/06 01:00,0.0
04/26/06 02:00,0.0
04/26/06 03:00,0.0
04/26/06 04:00,0.0
04/26/06 05:00,0.0
04/26/06 06:00,1.3
04/26/06 07:00,25.3
04/26/06 08:00,47.9
04/26/06 09:00,65.0
04/26/06 10:00,76.8
04/26/06 11:00,83.7
04/26/06 12:00,84.2
04/26/06 13:00,81.7
04/26/06 14:00,71.9
04/26/06 15:00,58.0
04/26/06 16:00,37.9
04/26/06 17:00,14.3
04/26/06 18:00,0.0
04/26/06 19:00,0.0
04/26/06 20:00,0.0
04/26/06 21:00,0.0
04/26/06 22:00,0.0
04/26/06 23:00,0.0
04/27/06 00:00,0.0
04/27/06 01:00,0.0
04/27/06 02:00,0.0
04/27/06 03:00,0.0
04/27/06 04:00,0.0
04/27/06 05:00,0.0
04/27/06 06:00,1.7
04/27/06 07:00,26.0
04/27/06 08:00,49.8
04/27/06 09:00,67.8
04/27/06 10:00,80.0
04/27/06 11:00,79.3
04/27/06 12:00,80.5
04/27/06 13:00,76.7
04/27/06 14:00,73.8
04/27/06 15:00,55.1
04/27/06 16:00,22.1
04/27/06 17:00,15.2
04/27/06 18:00,0.0
04/27/06 19:00,0.0
04/27/06 20:00,0.0
04/27/06 21:00,0.0
04/27/06 22:00,0.0
04/27/06 23:00,0.0
04/28/06 00:00,0.0
04/28/06 01:00,0.0
04/28/06 02:00,0.0
04/28/06 03:00,0.0
04/28/06 04:00,0.0
04/28/06 05:00,0.0
04/28/06 06:00,4.5
04/28/06 07:00,27.0
04/28/06 08:00,49.4
04/28/06 09:00,67.4
04/28/06 10:00,74.3
04/28/06 11:00,81.2
04/28/06 12:00,87.3
04/28/06 13:00,83.7
04/28/06 14:00,74.8
04/28/06 15:00,62.6
04/28/06 16:00,40.4
04/28/06 17:00,15.1
04/28/06 18:00,0.0
04/28/06 19:00,0.0
04/28/06 20:00,0.0
04/28/06 21:00,0.0
04/28/06 22:00,0.0
04/28/06 23:00,0.0
04/29/06 00:00,0.0
04/29/06 01:00,0.0
04/29/06 02:00,0.0
04/29/06 03:00,0.0
04/29/06 04:00,0.0
04/29/06 05:00,0.0
04/29/06 06:00,1.5
04/29/06 07:00,26.0
04/29/06 08:00,49.2
04/29/06 09:00,67.1
04/29/06 10:00,77.4
04/29/06 11:00,81.6
04/29/06 12:00,84.2
04/29/06 13:00,81.2
04/29/06 14:00,72.7
04/29/06 15:00,59.8
04/29/06 16:00,38.8
04/29/06 17:00,14.9
04/29/06 18:00,0.0
04/29/06 19:00,0.0
04/29/06 20:00,0.0
04/29/06 21:00,0.0
04/29/06 22:00,0.0
04/29/06 23:00,0.0
04/30/06 00:00,0.0
04/30/06 01:00,0.0
04/30/06 02:00,0.0
04/30/06 03:00,0.0
04/30/06 04:00,0.0
04/30/06 05:00,0.0
04/30/06 06:00,1.6
04/30/06 07:00,27.2
04/30/06 08:00,52.6
04/30/06 09:00,67.8
04/30/06 10:00,74.7
04/30/06 11:00,80.9
04/30/06 12:00,82.5
04/30/06 13:00,79.4
04/30/06 14:00,70.8
04/30/06 15:00,58.6
04/30/06 16:00,37.0
04/30/06 17:00,14.0
04/30/06 18:00,0.0
04/30/06 19:00,0.0
04/30/06 20:00,0.0
04/30/06 21:00,0.0
04/30/06 22:00,0.0
04/30/06 23:00,0.0
05/01/06 00:00,0.0
05/01/06 01:00,0.0
05/01/06 02:00,0.0
05/01/06 03:00,0.0
05/01/06 04:00,0.0
05/01/06 05:00,0.0
05/01/06 06:00,1.9
05/01/06 07:00,25.3
05/01/06 08:00,47.1
05/01/06 09:00,64.2
05/01/06 10:00,75.1
05/01/06 11:00,79.9
05/01/06 12:00,81.1
05/01/06 13:00,75.6
05/01/06 14:00,67.9
05/01/06 15:00,56.6
05/01/06 16:00,36.5
05/01/06 17:00,13.9
05/01/06 18:00,0.0
05/01/06 19:00,0.0
05/01/06 20:00,0.0
05/01/06 21:00,0.0
05/01/06 22:00,0.0
05/01/06 23:00,0.0
05/02/06 00:00,0.0
05/02/06 01:00,0.0
05/02/06 02:00,0.0
05/02/06 03:00,0.0
05/02/06 04:00,0.0
05/02/06 05:00,0.0
05/02/06 06:00,2.2
05/02/06 07:00,24.8
05/02/06 08:00,46.3
05/02/06 09:00,63.1
05/02/06 10:00,73.2
05/02/06 11:00,79.3
05/02/06 12:00,78.7
05/02/06 13:00,76.1
05/02/06 14:00,68.3
05/02/06 15:00,55.2
05/02/06 16:00,36.5
05/02/06 17:00,14.0
05/02/06 18:00,0.0
05/02/06 19:00,0.0
05/02/06 20:00,0.0
05/02/06 21:00,0.0
05/02/06 22:00,0.0
05/02/06 23:00,0.0
05/03/06 00:00,0.0
05/03/06 01:00,0.0
05/03/06 02:00,0.0
05/03/06 03:00,0.0
05/03/06 04:00,0.0
05/03/06 05:00,0.0
05/03/06 06:00,2.1
05/03/06 07:00,25.7
05/03/06 08:00,47.8
05/03/06 09:00,64.8
05/03/06 10:00,75.6
05/03/06 11:00,79.9
05/03/06 12:00,82.7
05/03/06 13:00,78.2
05/03/06 14:00,69.0
05/03/06 15:00,55.7
05/03/06 16:00,37.2
05/03/06 17:00,14.4
05/03/06 18:00,0.0
05/03/06 19:00,0.0
05/03/06 20:00,0.0
05/03/06 21:00,0.0
05/03/06 22:00,0.0
05/03/06 23:00,0.0
05/04/06 00:00,0.0
05/04/06 01:00,0.0
05/04/06 02:00,0.0
05/04/06 03:00,0.0
05/04/06 04:00,0.0
05/04/06 05:00,0.0
05/04/06 06:00,2.3
05/04/06 07:00,26.2
05/04/06 08:00,49.2
05/04/06 09:00,66.8
05/04/06 10:00,77.7
05/04/06 11:00,82.5
05/04/06 12:00,82.5
05/04/06 13:00,78.3
05/04/06 14:00,70.3
05/04/06 15:00,56.5
05/04/06 16:00,37.5
05/04/06 17:00,14.6
05/04/06 18:00,0.0
05/04/06 19:00,0.0
05/04/06 20:00,0.0
05/04/06 21:00,0.0
05/04/06 22:00,0.0
05/04/06 23:00,0.0
05/05/06 00:00,0.0
05/05/06 01:00,0.0
05/05/06 02:00,0.0
05/05/06 03:00,0.0
05/05/06 04:00,0.0
05/05/06 05:00,0.0
05/05/06 06:00,2.4
05/05/06 07:00,26.4
05/05/06 08:00,49.7
05/05/06 09:00,67.0
05/05/06 10:00,75.3
05/05/06 11:00,83.2
05/05/06 12:00,83.5
05/05/06 13:00,79.8
05/05/06 14:00,72.0
05/05/06 15:00,57.2
05/05/06 16:00,38.1
05/05/06 17:00,14.9
05/05/06 18:00,0.0
05/05/06 19:00,0.0
05/05/06 20:00,0.0
05/05/06 21:00,0.0
05/05/06 22:00,0.0
05/05/06 23:00,0.0
05/06/06 00:00,0.0
05/06/06 01:00,0.0
05/06/06 02:00,0.0
05/06/06 03:00,0.0
05/06/06 04:00,0.0
05/06/06 05:00,0.0
05/06/06 06:00,2.5
05/06/06 07:00,26.3
05/06/06 08:00,48.5
05/06/06 09:00,65.3
05/06/06 10:00,76.4
05/06/06 11:00,81.6
05/06/06 12:00,82.5
05/06/06 13:00,79.2
05/06/06 14:00,71.1
05/06/06 15:00,58.2
05/06/06 16:00,37.8
05/06/06 17:00,14.7
05/06/06 18:00,0.0
05/06/06 19:00,0.0
05/06/06 20:00,0.0
05/06/06 21:00,0.0
05/06/06 22:00,0.0
05/06/06 23:00,0.0
05/07/06 00:00,0.0
05/07/06 01:00,0.0
05/07/06 02:00,0.0
05/07/06 03:00,0.0
05/07/06 04:00,0.0
05/07/06 05:00,0.0
05/07/06 06:00,2.6
05/07/06 07:00,26.6
05/07/06 08:00,48.5
05/07/06 09:00,65.1
05/07/06 10:00,75.5
05/07/06 11:00,81.9
05/07/06 12:00,83.1
05/07/06 13:00,78.5
05/07/06 14:00,70.1
05/07/06 15:00,56.5
05/07/06 16:00,37.4
05/07/06 17:00,14.7
05/07/06 18:00,0.0
05/07/06 19:00,0.0
05/07/06 20:00,0.0
05/07/06 21:00,0.0
05/07/06 22:00,0.0
05/07/06 23:00,0.0
05/08/06 00:00,0.0
05/08/06 01:00,0.0
05/08/06 02:00,0.0
05/08/06 03:00,0.0
05/08/06 04:00,0.0
05/08/06 05:00,0.0
05/08/06 06:00,2.7
05/08/06 07:00,26.2
05/08/06 08:00,48.2
05/08/06 09:00,63.0
05/08/06 10:00,73.6
05/08/06 11:00,79.9
05/08/06 12:00,80.0
05/08/06 13:00,76.9
05/08/06 14:00,68.3
05/08/06 15:00,56.6
05/08/06 16:00,37.3
05/08/06 17:00,14.7
05/08/06 18:00,0.0
05/08/06 19:00,0.0
05/08/06 20:00,0.0
05/08/06 21:00,0.0
05/08/06 22:00,0.0
05/08/06 23:00,0.0
05/09/06 00:00,0.0
05/09/06 01:00,0.0
05/09/06 02:00,0.0
05/09/06 03:00,0.0
05/09/06 04:00,0.0
05/09/06 05:00,0.0
05/09/06 06:00,2.8
05/09/06 07:00,26.4
05/09/06 08:00,48.4
05/09/06 09:00,65.7
05/09/06 10:00,75.6
05/09/06 11:00,81.3
05/09/06 12:00,81.6
05/09/06 13:00,78.1
05/09/06 14:00,69.3
05/09/06 15:00,56.6
05/09/06 16:00,37.5
05/09/06 17:00,14.8
05/09/06 18:00,0.0
05/09/06 19:00,0.0
05/09/06 20:00,0.0
05/09/06 21:00,0.0
05/09/06 22:00,0.0
05/09/06 23:00,0.0
05/10/06 00:00,0.0
05/10/06 01:00,0.0
05/10/06 02:00,0.0
05/10/06 03:00,0.0
05/10/06 04:00,0.0
05/10/06 05:00,0.0
05/10/06 06:00,2.9
05/10/06 07:00,26.3
05/10/06 08:00,47.9
05/10/06 09:00,64.5
05/10/06 10:00,74.1
05/10/06 11:00,79.3
05/10/06 12:00,80.1
05/10/06 13:00,76.8
05/10/06 14:00,68.5
05/10/06 15:00,56.3
05/10/06 16:00,37.1
05/10/06 17:00,14.8
05/10/06 18:00,0.0
05/10/06 19:00,0.0
05/10/06 20:00,0.0
05/10/06 21:00,0.0
05/10/06 22:00,0.0
05/10/06 23:00,0.0
05/11/06 00:00,0.0
05/11/06 01:00,0.0
05/11/06 02:00,0.0
05/11/06 03:00,0.0
05/11/06 04:00,0.0
05/11/06 05:00,0.0
05/11/06 06:00,3.0
05/11/06 07:00,26.2
05/11/06 08:00,45.9
05/11/06 09:00,62.1
05/11/06 10:00,72.4
05/11/06 11:00,78.1
05/11/06 12:00,80.6
05/11/06 13:00,76.7
05/11/06 14:00,68.5
05/11/06 15:00,55.9
05/11/06 16:00,36.5
05/11/06 17:00,14.7
05/11/06 18:00,0.0
05/11/06 19:00,0.0
05/11/06 20:00,0.0
05/11/06 21:00,0.0
05/11/06 22:00,0.0
05/11/06 23:00,0.0
05/12/06 00:00,0.0
05/12/06 01:00,0.0
05/12/06 02:00,0.0
05/12/06 03:00,0.0
05/12/06 04:00,0.0
05/12/06 05:00,0.0
05/12/06 06:00,3.0
05/12/06 07:00,26.1
05/12/06 08:00,47.8
05/12/06 09:00,63.7
05/12/06 10:00,71.4
05/12/06 11:00,77.8
05/12/06 12:00,79.3
05/12/06 13:00,75.1
05/12/06 14:00,64.8
05/12/06 15:00,52.7
05/12/06 16:00,35.8
05/12/06 17:00,14.8
05/12/06 18:00,0.0
05/12/06 19:00,0.0
05/12/06 20:00,0.0
05/12/06 21:00,0.0
05/12/06 22:00,0.0
05/12/06 23:00,0.0
05/13/06 00:00,0.0
05/13/06 01:00,0.0
05/13/06 02:00,0.0
05/13/06 03:00,0.0
05/13/06 04:00,0.0
05/13/06 05:00,0.0
05/13/06 06:00,3.6
05/13/06 07:00,25.7
05/13/06 08:00,46.7
05/13/06 09:00,63.1
05/13/06 10:00,71.8
05/13/06 11:00,76.4
05/13/06 12:00,79.1
05/13/06 13:00,75.3
05/13/06 14:00,67.2
05/13/06 15:00,55.1
05/13/06 16:00,36.7
05/13/06 17:00,14.8
05/13/06 18:00,0.0
05/13/06 19:00,0.0
05/13/06 20:00,0.0
05/13/06 21:00,0.0
05/13/06 22:00,0.0
05/13/06 23:00,0.0
05/14/06 00:00,0.0
05/14/06 01:00,0.0
05/14/06 02:00,0.0
05/14/06 03:00,0.0
05/14/06 04:00,0.0
05/14/06 05:00,0.0
05/14/06 06:00,3.1
05/14/06 07:00,26.0
05/14/06 08:00,47.3
05/14/06 09:00,64.3
05/14/06 10:00,72.1
05/14/06 11:00,77.9
05/14/06 12:00,79.1
05/14/06 13:00,73.7
05/14/06 14:00,66.2
05/14/06 15:00,54.9
05/14/06 16:00,36.2
05/14/06 17:00,14.9
05/14/06 18:00,0.0
05/14/06 19:00,0.0
05/14/06 20:00,0.0
05/14/06 21:00,0.0
05/14/06 22:00,0.0
05/14/06 23:00,0.0
05/15/06 00:00,0.0
05/15/06 01:00,0.0
05/15/06 02:00,0.0
05/15/06 03:00,0.0
05/15/06 04:00,0.0
05/15/06 05:00,0.0
05/15/06 06:00,3.2
05/15/06 07:00,26.1
05/15/06 08:00,46.8
05/15/06 09:00,63.4
05/15/06 10:00,73.5
05/15/06 11:00,78.4
05/15/06 12:00,79.7
05/15/06 13:00,75.8
05/15/06 14:00,64.6
05/15/06 15:00,53.6
05/15/06 16:00,35.5
05/15/06 17:00,14.9
05/15/06 18:00,0.0
05/15/06 19:00,0.0
05/15/06 20:00,0.0
05/15/06 21:00,0.0
05/15/06 22:00,0.0
05/15/06 23:00,0.0
05/16/06 00:00,0.0
05/16/06 01:00,0.0
05/16/06 02:00,0.0
05/16/06 03:00,0.0
05/16/06 04:00,0.0
05/16/06 05:00,0.0
05/16/06 06:00,3.4
05/16/06 07:00,25.5
05/16/06 08:00,46.4
05/16/06 09:00,62.8
05/16/06 10:00,71.4
05/16/06 11:00,75.0
05/16/06 12:00,74.3
05/16/06 13:00,71.9
05/16/06 14:00,71.5
05/16/06 15:00,54.2
05/16/06 16:00,36.4
05/16/06 17:00,13.2
05/16/06 18:00,0.0
05/16/06 19:00,0.0
05/16/06 20:00,0.0
05/16/06 21:00,0.0
05/16/06 22:00,0.0
05/16/06 23:00,0.0
05/17/06 00:00,0.0
05/17/06 01:00,0.0
05/17/06 02:00,0.0
05/17/06 03:00,0.0
05/17/06 04:00,0.0
05/17/06 05:00,0.1
05/17/06 06:00,3.6
05/17/06 07:00,25.8
05/17/06 08:00,46.2
05/17/06 09:00,61.1
05/17/06 10:00,71.6
05/17/06 11:00,77.2
05/17/06 12:00,78.5
05/17/06 13:00,75.4
05/17/06 14:00,67.9
05/17/06 15:00,58.1
05/17/06 16:00,29.9
05/17/06 17:00,10.9
05/17/06 18:00,0.0
05/17/06 19:00,0.0
05/17/06 20:00,0.0
05/17/06 21:00,0.0
05/17/06 22:00,0.0
05/17/06 23:00,0.0
05/18/06 00:00,0.0
05/18/06 01:00,0.0
05/18/06 02:00,0.0
05/18/06 03:00,0.0
05/18/06 04:00,0.0
05/18/06 05:00,0.1
05/18/06 06:00,3.2
05/18/06 07:00,25.9
05/18/06 08:00,46.7
05/18/06 09:00,62.8
05/18/06 10:00,72.6
05/18/06 11:00,76.9
05/18/06 12:00,78.0
05/18/06 13:00,74.9
05/18/06 14:00,66.3
05/18/06 15:00,55.1
05/18/06 16:00,34.2
05/18/06 17:00,14.8
05/18/06 18:00,0.0
05/18/06 19:00,0.0
05/18/06 20:00,0.0
05/18/06 21:00,0.0
05/18/06 22:00,0.0
05/18/06 23:00,0.0
05/19/06 00:00,0.0
05/19/06 01:00,0.0
05/19/06 02:00,0.0
05/19/06 03:00,0.0
05/19/06 04:00,0.0
05/19/06 05:00,0.1
05/19/06 06:00,3.4
05/19/06 07:00,25.9
05/19/06 08:00,46.1
05/19/06 09:00,60.8
05/19/06 10:00,70.9
05/19/06 11:00,75.7
05/19/06 12:00,78.5
05/19/06 13:00,74.3
05/19/06 14:00,66.8
05/19/06 15:00,54.7
05/19/06 16:00,36.5
05/19/06 17:00,15.1
05/19/06 18:00,0.0
05/19/06 19:00,0.0
05/19/06 20:00,0.0
05/19/06 21:00,0.0
05/19/06 22:00,0.0
05/19/06 23:00,0.0
05/20/06 00:00,0.0
05/20/06 01:00,0.0
05/20/06 02:00,0.0
05/20/06 03:00,0.0
05/20/06 04:00,0.0
05/20/06 05:00,0.1
05/20/06 06:00,3.7
05/20/06 07:00,26.5
05/20/06 08:00,47.7
05/20/06 09:00,63.9
05/20/06 10:00,72.7
05/20/06 11:00,77.7
05/20/06 12:00,79.3
05/20/06 13:00,76.1
05/20/06 14:00,68.0
05/20/06 15:00,52.9
05/20/06 16:00,37.2
05/20/06 17:00,15.5
05/20/06 18:00,0.0
05/20/06 19:00,0.0
05/20/06 20:00,0.0
05/20/06 21:00,0.0
05/20/06 22:00,0.0
05/20/06 23:00,0.0
05/21/06 00:00,0.0
05/21/06 01:00,0.0
05/21/06 02:00,0.0
05/21/06 03:00,0.0
05/21/06 04:00,0.0
05/21/06 05:00,0.1
05/21/06 06:00,10.2
05/21/06 07:00,26.4
05/21/06 08:00,45.0
05/21/06 09:00,60.4
05/21/06 10:00,68.0
05/21/06 11:00,73.5
05/21/06 12:00,75.9
05/21/06 13:00,74.0
05/21/06 14:00,68.1
05/21/06 15:00,55.1
05/21/06 16:00,37.5
05/21/06 17:00,15.9
05/21/06 18:00,0.0
05/21/06 19:00,0.0
05/21/06 20:00,0.0
05/21/06 21:00,0.0
05/21/06 22:00,0.0
05/21/06 23:00,0.0
05/22/06 00:00,0.0
05/22/06 01:00,0.0
05/22/06 02:00,0.0
05/22/06 03:00,0.0
05/22/06 04:00,0.0
05/22/06 05:00,0.1
05/22/06 06:00,4.0
05/22/06 07:00,27.3
05/22/06 08:00,50.5
05/22/06 09:00,68.7
05/22/06 10:00,80.8
05/22/06 11:00,86.3
05/22/06 12:00,88.4
05/22/06 13:00,82.8
05/22/06 14:00,71.3
05/22/06 15:00,56.0
05/22/06 16:00,32.3
05/22/06 17:00,16.5
05/22/06 18:00,0.0
05/22/06 19:00,0.0
05/22/06 20:00,0.0
05/22/06 21:00,0.0
05/22/06 22:00,0.0
05/22/06 23:00,0.0
05/23/06 00:00,0.0
05/23/06 01:00,0.0
05/23/06 02:00,0.0
05/23/06 03:00,0.0
05/23/06 04:00,0.0
05/23/06 05:00,0.1
05/23/06 06:00,4.0
05/23/06 07:00,27.7
05/23/06 08:00,49.3
05/23/06 09:00,65.3
05/23/06 10:00,74.6
05/23/06 11:00,81.3
05/23/06 12:00,82.7
05/23/06 13:00,78.4
05/23/06 14:00,69.7
05/23/06 15:00,59.2
05/23/06 16:00,39.1
05/23/06 17:00,16.3
05/23/06 18:00,0.0
05/23/06 19:00,0.0
05/23/06 20:00,0.0
05/23/06 21:00,0.0
05/23/06 22:00,0.0
05/23/06 23:00,0.0
05/24/06 00:00,0.0
05/24/06 01:00,0.0
05/24/06 02:00,0.0
05/24/06 03:00,0.0
05/24/06 04:00,0.0
05/24/06 05:00,0.1
05/24/06 06:00,3.9
05/24/06 07:00,26.3
05/24/06 08:00,47.7
05/24/06 09:00,64.6
05/24/06 10:00,73.6
05/24/06 11:00,79.5
05/24/06 12:00,80.1
05/24/06 13:00,77.1
05/24/06 14:00,69.3
05/24/06 15:00,57.0
05/24/06 16:00,37.6
05/24/06 17:00,16.0
05/24/06 18:00,0.0
05/24/06 19:00,0.0
05/24/06 20:00,0.0
05/24/06 21:00,0.0
05/24/06 22:00,0.0
05/24/06 23:00,0.0
05/25/06 00:00,0.0
05/25/06 01:00,0.0
05/25/06 02:00,0.0
05/25/06 03:00,0.0
05/25/06 04:00,0.0
05/25/06 05:00,0.1
05/25/06 06:00,3.8
05/25/06 07:00,26.7
05/25/06 08:00,47.5
05/25/06 09:00,63.6
05/25/06 10:00,72.3
05/25/06 11:00,77.9
05/25/06 12:00,78.7
05/25/06 13:00,75.7
05/25/06 14:00,67.1
05/25/06 15:00,55.6
05/25/06 16:00,37.4
05/25/06 17:00,16.0
05/25/06 18:00,0.0
05/25/06 19:00,0.0
05/25/06 20:00,0.0
05/25/06 21:00,0.0
05/25/06 22:00,0.0
05/25/06 23:00,0.0
05/26/06 00:00,0.0
05/26/06 01:00,0.0
05/26/06 02:00,0.0
05/26/06 03:00,0.0
05/26/06 04:00,0.0
05/26/06 05:00,0.1
05/26/06 06:00,3.9
05/26/06 07:00,26.7
05/26/06 08:00,47.8
05/26/06 09:00,64.1
05/26/06 10:00,73.9
05/26/06 11:00,78.1
05/26/06 12:00,81.2
05/26/06 13:00,76.1
05/26/06 14:00,68.5
05/26/06 15:00,54.1
05/26/06 16:00,38.1
05/26/06 17:00,16.4
05/26/06 18:00,0.0
05/26/06 19:00,0.0
05/26/06 20:00,0.0
05/26/06 21:00,0.0
05/26/06 22:00,0.0
05/26/06 23:00,0.0
05/27/06 00:00,0.0
05/27/06 01:00,0.0
05/27/06 02:00,0.0
05/27/06 03:00,0.0
05/27/06 04:00,0.0
05/27/06 05:00,0.1
05/27/06 06:00,4.0
05/27/06 07:00,27.4
05/27/06 08:00,49.2
05/27/06 09:00,65.7
05/27/06 10:00,75.6
05/27/06 11:00,82.5
05/27/06 12:00,84.0
05/27/06 13:00,79.2
05/27/06 14:00,70.9
05/27/06 15:00,56.9
05/27/06 16:00,39.2
05/27/06 17:00,17.0
05/27/06 18:00,0.0
05/27/06 19:00,0.0
05/27/06 20:00,0.0
05/27/06 21:00,0.0
05/27/06 22:00,0.0
05/27/06 23:00,0.0
05/28/06 00:00,0.0
05/28/06 01:00,0.0
05/28/06 02:00,0.0
05/28/06 03:00,0.0
05/28/06 04:00,0.0
05/28/06 05:00,0.1
05/28/06 06:00,8.5
05/28/06 07:00,27.2
05/28/06 08:00,48.6
05/28/06 09:00,63.9
05/28/06 10:00,77.2
05/28/06 11:00,83.9
05/28/06 12:00,82.3
05/28/06 13:00,78.5
05/28/06 14:00,70.9
05/28/06 15:00,58.4
05/28/06 16:00,39.7
05/28/06 17:00,17.2
05/28/06 18:00,0.0
05/28/06 19:00,0.0
05/28/06 20:00,0.0
05/28/06 21:00,0.0
05/28/06 22:00,0.0
05/28/06 23:00,0.0
05/29/06 00:00,0.0
05/29/06 01:00,0.0
05/29/06 02:00,0.0
05/29/06 03:00,0.0
05/29/06 04:00,0.0
05/29/06 05:00,0.1
05/29/06 06:00,4.2
05/29/06 07:00,26.7
05/29/06 08:00,46.5
05/29/06 09:00,64.6
05/29/06 10:00,73.7
05/29/06 11:00,79.8
05/29/06 12:00,81.9
05/29/06 13:00,78.4
05/29/06 14:00,70.8
05/29/06 15:00,58.7
05/29/06 16:00,39.3
05/29/06 17:00,16.9
05/29/06 18:00,0.0
05/29/06 19:00,0.0
05/29/06 20:00,0.0
05/29/06 21:00,0.0
05/29/06 22:00,0.0
05/29/06 23:00,0.0
05/30/06 00:00,0.0
05/30/06 01:00,0.0
05/30/06 02:00,0.0
05/30/06 03:00,0.0
05/30/06 04:00,0.0
05/30/06 05:00,0.1
05/30/06 06:00,3.8
05/30/06 07:00,26.7
05/30/06 08:00,45.8
05/30/06 09:00,62.2
05/30/06 10:00,72.9
05/30/06 11:00,77.8
05/30/06 12:00,78.3
05/30/06 13:00,76.3
05/30/06 14:00,68.2
05/30/06 15:00,56.2
05/30/06 16:00,37.9
05/30/06 17:00,16.6
05/30/06 18:00,0.0
05/30/06 19:00,0.0
05/30/06 20:00,0.0
05/30/06 21:00,0.0
05/30/06 22:00,0.0
05/30/06 23:00,0.0
05/31/06 00:00,0.0
05/31/06 01:00,0.0
05/31/06 02:00,0.0
05/31/06 03:00,0.0
05/31/06 04:00,0.0
05/31/06 05:00,0.1
05/31/06 06:00,3.8
05/31/06 07:00,26.4
05/31/06 08:00,46.7
05/31/06 09:00,62.0
05/31/06 10:00,71.8
05/31/06 11:00,77.7
05/31/06 12:00,79.9
05/31/06 13:00,75.4
05/31/06 14:00,67.6
05/31/06 15:00,55.8
05/31/06 16:00,37.6
05/31/06 17:00,16.4
05/31/06 18:00,0.0
05/31/06 19:00,0.0
05/31/06 20:00,0.0
05/31/06 21:00,0.0
05/31/06 22:00,0.0
05/31/06 23:00,0.0
06/01/06 00:00,0.0
06/01/06 01:00,0.0
06/01/06 02:00,0.0
06/01/06 03:00,0.0
06/01/06 04:00,0.0
06/01/06 05:00,0.1
06/01/06 06:00,3.6
06/01/06 07:00,26.2
06/01/06 08:00,46.4
06/01/06 09:00,62.1
06/01/06 10:00,70.6
06/01/06 11:00,76.7
06/01/06 12:00,76.3
06/01/06 13:00,73.4
06/01/06 14:00,66.7
06/01/06 15:00,55.4
06/01/06 16:00,37.3
06/01/06 17:00,16.5
06/01/06 18:00,0.0
06/01/06 19:00,0.0
06/01/06 20:00,0.0
06/01/06 21:00,0.0
06/01/06 22:00,0.0
06/01/06 23:00,0.0
06/02/06 00:00,0.0
06/02/06 01:00,0.0
06/02/06 02:00,0.0
06/02/06 03:00,0.0
06/02/06 04:00,0.0
06/02/06 05:00,0.1
06/02/06 06:00,3.5
06/02/06 07:00,25.2
06/02/06 08:00,45.9
06/02/06 09:00,60.9
06/02/06 10:00,68.9
06/02/06 11:00,73.0
06/02/06 12:00,74.8
06/02/06 13:00,74.1
06/02/06 14:00,65.3
06/02/06 15:00,53.6
06/02/06 16:00,36.2
06/02/06 17:00,16.6
06/02/06 18:00,0.0
06/02/06 19:00,0.0
06/02/06 20:00,0.0
06/02/06 21:00,0.0
06/02/06 22:00,0.0
06/02/06 23:00,0.0
06/03/06 00:00,0.0
06/03/06 01:00,0.0
06/03/06 02:00,0.0
06/03/06 03:00,0.0
06/03/06 04:00,0.0
06/03/06 05:00,0.1
06/03/06 06:00,3.6
06/03/06 07:00,25.7
06/03/06 08:00,45.2
06/03/06 09:00,60.0
06/03/06 10:00,69.6
06/03/06 11:00,75.5
06/03/06 12:00,75.5
06/03/06 13:00,72.2
06/03/06 14:00,66.2
06/03/06 15:00,54.4
06/03/06 16:00,37.1
06/03/06 17:00,16.4
06/03/06 18:00,0.0
06/03/06 19:00,0.0
06/03/06 20:00,0.0
06/03/06 21:00,0.0
06/03/06 22:00,0.0
06/03/06 23:00,0.0
06/04/06 00:00,0.0
06/04/06 01:00,0.0
06/04/06 02:00,0.0
06/04/06 03:00,0.0
06/04/06 04:00,0.0
06/04/06 05:00,0.1
06/04/06 06:00,3.5
06/04/06 07:00,25.6
06/04/06 08:00,45.4
06/04/06 09:00,60.0
06/04/06 10:00,68.1
06/04/06 11:00,74.3
06/04/06 12:00,75.8
06/04/06 13:00,72.3
06/04/06 14:00,65.6
06/04/06 15:00,53.9
06/04/06 16:00,37.0
06/04/06 17:00,16.5
06/04/06 18:00,0.0
06/04/06 19:00,0.0
06/04/06 20:00,0.0
06/04/06 21:00,0.0
06/04/06 22:00,0.0
06/04/06 23:00,0.0
06/05/06 00:00,0.0
06/05/06 01:00,0.0
06/05/06 02:00,0.0
06/05/06 03:00,0.0
06/05/06 04:00,0.0
06/05/06 05:00,0.1
06/05/06 06:00,3.6
06/05/06 07:00,25.7
06/05/06 08:00,45.8
06/05/06 09:00,61.5
06/05/06 10:00,70.8
06/05/06 11:00,75.7
06/05/06 12:00,77.6
06/05/06 13:00,75.9
06/05/06 14:00,67.8
06/05/06 15:00,54.6
06/05/06 16:00,37.5
06/05/06 17:00,16.8
06/05/06 18:00,0.0
06/05/06 19:00,0.0
06/05/06 20:00,0.0
06/05/06 21:00,0.0
06/05/06 22:00,0.0
06/05/06 23:00,0.0
06/06/06 00:00,0.0
06/06/06 01:00,0.0
06/06/06 02:00,0.0
06/06/06 03:00,0.0
06/06/06 04:00,0.0
06/06/06 05:00,0.1
06/06/06 06:00,4.2
06/06/06 07:00,25.3
06/06/06 08:00,36.6
06/06/06 09:00,48.9
06/06/06 10:00,48.8
06/06/06 11:00,69.3
06/06/06 12:00,78.7
06/06/06 13:00,75.3
06/06/06 14:00,68.2
06/06/06 15:00,55.5
06/06/06 16:00,38.7
06/06/06 17:00,17.7
06/06/06 18:00,0.1
06/06/06 19:00,0.0
06/06/06 20:00,0.0
06/06/06 21:00,0.0
06/06/06 22:00,0.0
06/06/06 23:00,0.0
06/07/06 00:00,0.0
06/07/06 01:00,0.0
06/07/06 02:00,0.0
06/07/06 03:00,0.0
06/07/06 04:00,0.0
06/07/06 05:00,0.1
06/07/06 06:00,10.2
06/07/06 07:00,26.3
06/07/06 08:00,46.4
06/07/06 09:00,53.7
06/07/06 10:00,60.3
06/07/06 11:00,59.5
06/07/06 12:00,68.3
06/07/06 13:00,72.7
06/07/06 14:00,67.1
06/07/06 15:00,54.7
06/07/06 16:00,0.3
06/07/06 17:00,17.7
06/07/06 18:00,0.1
06/07/06 19:00,0.0
06/07/06 20:00,0.0
06/07/06 21:00,0.0
06/07/06 22:00,0.0
06/07/06 23:00,0.0
06/08/06 00:00,0.0
06/08/06 01:00,0.0
06/08/06 02:00,0.0
06/08/06 03:00,0.0
06/08/06 04:00,0.0
06/08/06 05:00,0.1
06/08/06 06:00,3.4
06/08/06 07:00,25.8
06/08/06 08:00,46.3
06/08/06 09:00,62.0
06/08/06 10:00,71.7
06/08/06 11:00,76.8
06/08/06 12:00,77.7
06/08/06 13:00,75.6
06/08/06 14:00,66.8
06/08/06 15:00,53.0
06/08/06 16:00,16.1
06/08/06 17:00,4.8
06/08/06 18:00,0.0
06/08/06 19:00,0.0
06/08/06 20:00,0.0
06/08/06 21:00,0.0
06/08/06 22:00,0.0
06/08/06 23:00,0.0
06/09/06 00:00,0.0
06/09/06 01:00,0.0
06/09/06 02:00,0.0
06/09/06 03:00,0.0
06/09/06 04:00,0.0
06/09/06 05:00,0.1
06/09/06 06:00,3.6
06/09/06 07:00,25.3
06/09/06 08:00,45.5
06/09/06 09:00,61.0
06/09/06 10:00,70.6
06/09/06 11:00,76.5
06/09/06 12:00,77.9
06/09/06 13:00,75.4
06/09/06 14:00,67.4
06/09/06 15:00,54.4
06/09/06 16:00,38.3
06/09/06 17:00,17.4
06/09/06 18:00,0.0
06/09/06 19:00,0.0
06/09/06 20:00,0.0
06/09/06 21:00,0.0
06/09/06 22:00,0.0
06/09/06 23:00,0.0
06/10/06 00:00,0.0
06/10/06 01:00,0.0
06/10/06 02:00,0.0
06/10/06 03:00,0.0
06/10/06 04:00,0.0
06/10/06 05:00,0.1
06/10/06 06:00,3.3
06/10/06 07:00,26.0
06/10/06 08:00,46.5
06/10/06 09:00,62.1
06/10/06 10:00,71.5
06/10/06 11:00,77.0
06/10/06 12:00,79.9
06/10/06 13:00,76.9
06/10/06 14:00,67.5
06/10/06 15:00,55.3
06/10/06 16:00,38.6
06/10/06 17:00,17.5
06/10/06 18:00,0.1
06/10/06 19:00,0.0
06/10/06 20:00,0.0
06/10/06 21:00,0.0
06/10/06 22:00,0.0
06/10/06 23:00,0.0
06/11/06 00:00,0.0
06/11/06 01:00,0.0
06/11/06 02:00,0.0
06/11/06 03:00,0.0
06/11/06 04:00,0.0
06/11/06 05:00,0.1
06/11/06 06:00,3.3
06/11/06 07:00,25.8
06/11/06 08:00,46.3
06/11/06 09:00,61.9
06/11/06 10:00,72.4
06/11/06 11:00,76.7
06/11/06 12:00,77.9
06/11/06 13:00,74.3
06/11/06 14:00,67.6
06/11/06 15:00,54.9
06/11/06 16:00,38.7
06/11/06 17:00,17.5
06/11/06 18:00,0.1
06/11/06 19:00,0.0
06/11/06 20:00,0.0
06/11/06 21:00,0.0
06/11/06 22:00,0.0
06/11/06 23:00,0.0
06/12/06 00:00,0.0
06/12/06 01:00,0.0
06/12/06 02:00,0.0
06/12/06 03:00,0.0
06/12/06 04:00,0.0
06/12/06 05:00,0.1
06/12/06 06:00,3.2
06/12/06 07:00,25.6
06/12/06 08:00,45.8
06/12/06 09:00,62.0
06/12/06 10:00,72.2
06/12/06 11:00,77.5
06/12/06 12:00,78.5
06/12/06 13:00,73.6
06/12/06 14:00,67.1
06/12/06 15:00,55.8
06/12/06 16:00,38.7
06/12/06 17:00,17.8
06/12/06 18:00,0.1
06/12/06 19:00,0.0
06/12/06 20:00,0.0
06/12/06 21:00,0.0
06/12/06 22:00,0.0
06/12/06 23:00,0.0
06/13/06 00:00,0.0
06/13/06 01:00,0.0
06/13/06 02:00,0.0
06/13/06 03:00,0.0
06/13/06 04:00,0.0
06/13/06 05:00,0.1
06/13/06 06:00,3.2
06/13/06 07:00,25.6
06/13/06 08:00,45.5
06/13/06 09:00,59.6
06/13/06 10:00,68.4
06/13/06 11:00,74.2
06/13/06 12:00,76.5
06/13/06 13:00,73.1
06/13/06 14:00,66.5
06/13/06 15:00,55.5
06/13/06 16:00,37.2
06/13/06 17:00,17.3
06/13/06 18:00,0.1
06/13/06 19:00,0.0
06/13/06 20:00,0.0
06/13/06 21:00,0.0
06/13/06 22:00,0.0
06/13/06 23:00,0.0
06/14/06 00:00,0.0
06/14/06 01:00,0.0
06/14/06 02:00,0.0
06/14/06 03:00,0.0
06/14/06 04:00,0.0
06/14/06 05:00,0.1
06/14/06 06:00,3.5
06/14/06 07:00,25.2
06/14/06 08:00,45.8
06/14/06 09:00,60.2
06/14/06 10:00,70.2
06/14/06 11:00,76.6
06/14/06 12:00,78.3
06/14/06 13:00,74.5
06/14/06 14:00,67.6
06/14/06 15:00,55.1
06/14/06 16:00,38.6
06/14/06 17:00,17.8
06/14/06 18:00,0.1
06/14/06 19:00,0.0
06/14/06 20:00,0.0
06/14/06 21:00,0.0
06/14/06 22:00,0.0
06/14/06 23:00,0.0
06/15/06 00:00,0.0
06/15/06 01:00,0.0
06/15/06 02:00,0.0
06/15/06 03:00,0.0
06/15/06 04:00,0.0
06/15/06 05:00,0.1
06/15/06 06:00,3.1
06/15/06 07:00,25.8
06/15/06 08:00,46.4
06/15/06 09:00,62.4
06/15/06 10:00,71.8
06/15/06 11:00,78.7
06/15/06 12:00,80.9
06/15/06 13:00,77.2
06/15/06 14:00,69.5
06/15/06 15:00,56.5
06/15/06 16:00,39.4
06/15/06 17:00,18.2
06/15/06 18:00,0.1
06/15/06 19:00,0.0
06/15/06 20:00,0.0
06/15/06 21:00,0.0
06/15/06 22:00,0.0
06/15/06 23:00,0.0
06/16/06 00:00,0.0
06/16/06 01:00,0.0
06/16/06 02:00,0.0
06/16/06 03:00,0.0
06/16/06 04:00,0.0
06/16/06 05:00,0.1
06/16/06 06:00,3.1
06/16/06 07:00,25.7
06/16/06 08:00,46.0
06/16/06 09:00,60.1
06/16/06 10:00,71.6
06/16/06 11:00,77.4
06/16/06 12:00,80.2
06/16/06 13:00,77.1
06/16/06 14:00,68.6
06/16/06 15:00,56.9
06/16/06 16:00,39.2
06/16/06 17:00,18.0
06/16/06 18:00,0.1
06/16/06 19:00,0.0
06/16/06 20:00,0.0
06/16/06 21:00,0.0
06/16/06 22:00,0.0
06/16/06 23:00,0.0
06/17/06 00:00,0.0
06/17/06 01:00,0.0
06/17/06 02:00,0.0
06/17/06 03:00,0.0
06/17/06 04:00,0.0
06/17/06 05:00,0.1
06/17/06 06:00,2.9
06/17/06 07:00,25.1
06/17/06 08:00,45.8
06/17/06 09:00,61.1
06/17/06 10:00,71.8
06/17/06 11:00,77.1
06/17/06 12:00,78.5
06/17/06 13:00,72.8
06/17/06 14:00,66.3
06/17/06 15:00,56.0
06/17/06 16:00,38.7
06/17/06 17:00,18.0
06/17/06 18:00,0.1
06/17/06 19:00,0.0
06/17/06 20:00,0.0
06/17/06 21:00,0.0
06/17/06 22:00,0.0
06/17/06 23:00,0.0
06/18/06 00:00,0.0
06/18/06 01:00,0.0
06/18/06 02:00,0.0
06/18/06 03:00,0.0
06/18/06 04:00,0.0
06/18/06 05:00,0.1
06/18/06 06:00,2.9
06/18/06 07:00,25.0
06/18/06 08:00,44.9
06/18/06 09:00,60.4
06/18/06 10:00,69.6
06/18/06 11:00,73.1
06/18/06 12:00,77.1
06/18/06 13:00,74.0
06/18/06 14:00,65.6
06/18/06 15:00,55.3
06/18/06 16:00,38.2
06/18/06 17:00,17.9
06/18/06 18:00,0.1
06/18/06 19:00,0.0
06/18/06 20:00,0.0
06/18/06 21:00,0.0
06/18/06 22:00,0.0
06/18/06 23:00,0.0
06/19/06 00:00,0.0
06/19/06 01:00,0.0
06/19/06 02:00,0.0
06/19/06 03:00,0.0
06/19/06 04:00,0.0
06/19/06 05:00,0.1
06/19/06 06:00,2.7
06/19/06 07:00,24.8
06/19/06 08:00,44.5
06/19/06 09:00,60.0
06/19/06 10:00,70.3
06/19/06 11:00,77.0
06/19/06 12:00,76.5
06/19/06 13:00,73.9
06/19/06 14:00,67.5
06/19/06 15:00,55.2
06/19/06 16:00,38.2
06/19/06 17:00,17.8
06/19/06 18:00,0.1
06/19/06 19:00,0.0
06/19/06 20:00,0.0
06/19/06 21:00,0.0
06/19/06 22:00,0.0
06/19/06 23:00,0.0
06/20/06 00:00,0.0
06/20/06 01:00,0.0
06/20/06 02:00,0.0
06/20/06 03:00,0.0
06/20/06 04:00,0.0
06/20/06 05:00,0.1
06/20/06 06:00,2.7
06/20/06 07:00,25.0
06/20/06 08:00,45.4
06/20/06 09:00,60.5
06/20/06 10:00,69.7
06/20/06 11:00,74.1
06/20/06 12:00,75.5
06/20/06 13:00,74.1
06/20/06 14:00,66.9
06/20/06 15:00,54.5
06/20/06 16:00,38.4
06/20/06 17:00,18.1
06/20/06 18:00,0.1
06/20/06 19:00,0.0
06/20/06 20:00,0.0
06/20/06 21:00,0.0
06/20/06 22:00,0.0
06/20/06 23:00,0.0
06/21/06 00:00,0.0
06/21/06 01:00,0.0
06/21/06 02:00,0.0
06/21/06 03:00,0.0
06/21/06 04:00,0.0
06/21/06 05:00,0.1
06/21/06 06:00,2.6
06/21/06 07:00,24.4
06/21/06 08:00,45.0
06/21/06 09:00,60.5
06/21/06 10:00,69.9
06/21/06 11:00,75.6
06/21/06 12:00,77.3
06/21/06 13:00,74.5
06/21/06 14:00,66.6
06/21/06 15:00,55.4
06/21/06 16:00,38.6
06/21/06 17:00,18.2
06/21/06 18:00,0.1
06/21/06 19:00,0.0
06/21/06 20:00,0.0
06/21/06 21:00,0.0
06/21/06 22:00,0.0
06/21/06 23:00,0.0
06/22/06 00:00,0.0
06/22/06 01:00,0.0
06/22/06 02:00,0.0
06/22/06 03:00,0.0
06/22/06 04:00,0.0
06/22/06 05:00,0.1
06/22/06 06:00,2.5
06/22/06 07:00,24.4
06/22/06 08:00,44.4
06/22/06 09:00,60.3
06/22/06 10:00,69.2
06/22/06 11:00,74.8
06/22/06 12:00,77.6
06/22/06 13:00,73.5
06/22/06 14:00,66.5
06/22/06 15:00,55.2
06/22/06 16:00,38.3
06/22/06 17:00,17.9
06/22/06 18:00,0.1
06/22/06 19:00,0.0
06/22/06 20:00,0.0
06/22/06 21:00,0.0
06/22/06 22:00,0.0
06/22/06 23:00,0.0
06/23/06 00:00,0.0
06/23/06 01:00,0.0
06/23/06 02:00,0.0
06/23/06 03:00,0.0
06/23/06 04:00,0.0
06/23/06 05:00,0.1
06/23/06 06:00,2.5
06/23/06 07:00,24.1
06/23/06 08:00,43.6
06/23/06 09:00,58.4
06/23/06 10:00,67.4
06/23/06 11:00,72.2
06/23/06 12:00,72.6
06/23/06 13:00,68.1
06/23/06 14:00,65.3
06/23/06 15:00,44.0
06/23/06 16:00,34.0
06/23/06 17:00,16.2
06/23/06 18:00,0.1
06/23/06 19:00,0.0
06/23/06 20:00,0.0
06/23/06 21:00,0.0
06/23/06 22:00,0.0
06/23/06 23:00,0.0
06/24/06 00:00,0.0
06/24/06 01:00,0.0
06/24/06 02:00,0.0
06/24/06 03:00,0.0
06/24/06 04:00,0.0
06/24/06 05:00,0.1
06/24/06 06:00,6.1
06/24/06 07:00,24.6
06/24/06 08:00,39.0
06/24/06 09:00,55.1
06/24/06 10:00,62.9
06/24/06 11:00,70.6
06/24/06 12:00,73.7
06/24/06 13:00,72.3
06/24/06 14:00,63.1
06/24/06 15:00,17.5
06/24/06 16:00,37.9
06/24/06 17:00,17.9
06/24/06 18:00,0.1
06/24/06 19:00,0.0
06/24/06 20:00,0.0
06/24/06 21:00,0.0
06/24/06 22:00,0.0
06/24/06 23:00,0.0
06/25/06 00:00,0.0
06/25/06 01:00,0.0
06/25/06 02:00,0.0
06/25/06 03:00,0.0
06/25/06 04:00,0.0
06/25/06 05:00,0.1
06/25/06 06:00,3.2
06/25/06 07:00,24.2
06/25/06 08:00,41.3
06/25/06 09:00,57.5
06/25/06 10:00,67.5
06/25/06 11:00,72.5
06/25/06 12:00,74.0
06/25/06 13:00,71.6
06/25/06 14:00,65.6
06/25/06 15:00,55.7
06/25/06 16:00,29.0
06/25/06 17:00,0.0
06/25/06 18:00,0.1
06/25/06 19:00,0.0
06/25/06 20:00,0.0
06/25/06 21:00,0.0
06/25/06 22:00,0.0
06/25/06 23:00,0.0
06/26/06 00:00,0.0
06/26/06 01:00,0.0
06/26/06 02:00,0.0
06/26/06 03:00,0.0
06/26/06 04:00,0.0
06/26/06 05:00,0.1
06/26/06 06:00,2.4
06/26/06 07:00,23.7
06/26/06 08:00,42.0
06/26/06 09:00,57.5
06/26/06 10:00,67.0
06/26/06 11:00,74.5
06/26/06 12:00,76.8
06/26/06 13:00,74.5
06/26/06 14:00,67.4
06/26/06 15:00,56.5
06/26/06 16:00,38.7
06/26/06 17:00,18.9
06/26/06 18:00,0.2
06/26/06 19:00,0.0
06/26/06 20:00,0.0
06/26/06 21:00,0.0
06/26/06 22:00,0.0
06/26/06 23:00,0.0
06/27/06 00:00,0.0
06/27/06 01:00,0.0
06/27/06 02:00,0.0
06/27/06 03:00,0.0
06/27/06 04:00,0.0
06/27/06 05:00,0.1
06/27/06 06:00,2.3
06/27/06 07:00,23.5
06/27/06 08:00,44.5
06/27/06 09:00,60.4
06/27/06 10:00,70.5
06/27/06 11:00,77.0
06/27/06 12:00,77.1
06/27/06 13:00,73.6
06/27/06 14:00,65.8
06/27/06 15:00,55.5
06/27/06 16:00,39.4
06/27/06 17:00,18.7
06/27/06 18:00,0.1
06/27/06 19:00,0.0
06/27/06 20:00,0.0
06/27/06 21:00,0.0
06/27/06 22:00,0.0
06/27/06 23:00,0.0
06/28/06 00:00,0.0
06/28/06 01:00,0.0
06/28/06 02:00,0.0
06/28/06 03:00,0.0
06/28/06 04:00,0.0
06/28/06 05:00,0.1
06/28/06 06:00,3.3
06/28/06 07:00,27.2
06/28/06 08:00,47.0
06/28/06 09:00,59.5
06/28/06 10:00,69.1
06/28/06 11:00,74.9
06/28/06 12:00,77.3
06/28/06 13:00,73.5
06/28/06 14:00,69.7
06/28/06 15:00,58.4
06/28/06 16:00,33.6
06/28/06 17:00,15.3
06/28/06 18:00,0.1
06/28/06 19:00,0.0
06/28/06 20:00,0.0
06/28/06 21:00,0.0
06/28/06 22:00,0.0
06/28/06 23:00,0.0
06/29/06 00:00,0.0
06/29/06 01:00,0.0
06/29/06 02:00,0.0
06/29/06 03:00,0.0
06/29/06 04:00,0.0
06/29/06 05:00,0.1
06/29/06 06:00,2.3
06/29/06 07:00,23.7
06/29/06 08:00,44.2
06/29/06 09:00,59.5
06/29/06 10:00,69.7
06/29/06 11:00,74.7
06/29/06 12:00,74.4
06/29/06 13:00,73.3
06/29/06 14:00,65.3
06/29/06 15:00,54.7
06/29/06 16:00,36.2
06/29/06 17:00,14.0
06/29/06 18:00,0.2
06/29/06 19:00,0.0
06/29/06 20:00,0.0
06/29/06 21:00,0.0
06/29/06 22:00,0.0
06/29/06 23:00,0.0
06/30/06 00:00,0.0
06/30/06 01:00,0.0
06/30/06 02:00,0.0
06/30/06 03:00,0.0
06/30/06 04:00,0.0
06/30/06 05:00,0.1
06/30/06 06:00,2.3
06/30/06 07:00,23.6
06/30/06 08:00,43.1
06/30/06 09:00,58.7
06/30/06 10:00,69.0
06/30/06 11:00,74.6
06/30/06 12:00,76.3
06/30/06 13:00,73.1
06/30/06 14:00,65.7
06/30/06 15:00,54.6
06/30/06 16:00,38.5
06/30/06 17:00,15.1
06/30/06 18:00,0.1
06/30/06 19:00,0.0
06/30/06 20:00,0.0
06/30/06 21:00,0.0
06/30/06 22:00,0.0
06/30/06 23:00,0.0
07/01/06 00:00,0.0
07/01/06 01:00,0.0
07/01/06 02:00,0.0
07/01/06 03:00,0.0
07/01/06 04:00,0.0
07/01/06 05:00,0.1
07/01/06 06:00,2.6
07/01/06 07:00,23.2
07/01/06 08:00,45.6
07/01/06 09:00,63.9
07/01/06 10:00,74.3
07/01/06 11:00,80.4
07/01/06 12:00,81.2
07/01/06 13:00,73.8
07/01/06 14:00,65.7
07/01/06 15:00,54.8
07/01/06 16:00,37.5
07/01/06 17:00,0.0
07/01/06 18:00,0.1
07/01/06 19:00,0.0
07/01/06 20:00,0.0
07/01/06 21:00,0.0
07/01/06 22:00,0.0
07/01/06 23:00,0.0
07/02/06 00:00,0.0
07/02/06 01:00,0.0
07/02/06 02:00,0.0
07/02/06 03:00,0.0
07/02/06 04:00,0.0
07/02/06 05:00,0.1
07/02/06 06:00,2.5
07/02/06 07:00,22.9
07/02/06 08:00,42.2
07/02/06 09:00,55.8
07/02/06 10:00,68.0
07/02/06 11:00,76.0
07/02/06 12:00,75.9
07/02/06 13:00,73.9
07/02/06 14:00,66.8
07/02/06 15:00,54.2
07/02/06 16:00,36.2
07/02/06 17:00,18.1
07/02/06 18:00,0.1
07/02/06 19:00,0.0
07/02/06 20:00,0.0
07/02/06 21:00,0.0
07/02/06 22:00,0.0
07/02/06 23:00,0.0
07/03/06 00:00,0.0
07/03/06 01:00,0.0
07/03/06 02:00,0.0
07/03/06 03:00,0.0
07/03/06 04:00,0.0
07/03/06 05:00,0.1
07/03/06 06:00,2.1
07/03/06 07:00,23.0
07/03/06 08:00,43.1
07/03/06 09:00,59.2
07/03/06 10:00,68.3
07/03/06 11:00,73.8
07/03/06 12:00,74.2
07/03/06 13:00,73.4
07/03/06 14:00,66.6
07/03/06 15:00,54.8
07/03/06 16:00,37.9
07/03/06 17:00,18.1
07/03/06 18:00,0.1
07/03/06 19:00,0.0
07/03/06 20:00,0.0
07/03/06 21:00,0.0
07/03/06 22:00,0.0
07/03/06 23:00,0.0
07/04/06 00:00,0.0
07/04/06 01:00,0.0
07/04/06 02:00,0.0
07/04/06 03:00,0.0
07/04/06 04:00,0.0
07/04/06 05:00,0.1
07/04/06 06:00,4.5
07/04/06 07:00,22.8
07/04/06 08:00,42.0
07/04/06 09:00,57.7
07/04/06 10:00,69.2
07/04/06 11:00,74.8
07/04/06 12:00,76.2
07/04/06 13:00,74.2
07/04/06 14:00,66.7
07/04/06 15:00,54.9
07/04/06 16:00,37.7
07/04/06 17:00,18.0
07/04/06 18:00,0.1
07/04/06 19:00,0.0
07/04/06 20:00,0.0
07/04/06 21:00,0.0
07/04/06 22:00,0.0
07/04/06 23:00,0.0
07/05/06 00:00,0.0
07/05/06 01:00,0.0
07/05/06 02:00,0.0
07/05/06 03:00,0.0
07/05/06 04:00,0.0
07/05/06 05:00,0.1
07/05/06 06:00,4.6
07/05/06 07:00,23.7
07/05/06 08:00,42.5
07/05/06 09:00,56.0
07/05/06 10:00,52.6
07/05/06 11:00,43.9
07/05/06 12:00,76.5
07/05/06 13:00,75.0
07/05/06 14:00,64.8
07/05/06 15:00,51.6
07/05/06 16:00,37.9
07/05/06 17:00,9.8
07/05/06 18:00,0.1
07/05/06 19:00,0.0
07/05/06 20:00,0.0
07/05/06 21:00,0.0
07/05/06 22:00,0.0
07/05/06 23:00,0.0
07/06/06 00:00,0.0
07/06/06 01:00,0.0
07/06/06 02:00,0.0
07/06/06 03:00,0.0
07/06/06 04:00,0.0
07/06/06 05:00,0.1
07/06/06 06:00,5.7
07/06/06 07:00,14.9
07/06/06 08:00,13.1
07/06/06 09:00,53.3
07/06/06 10:00,63.1
07/06/06 11:00,66.4
07/06/06 12:00,71.4
07/06/06 13:00,70.0
07/06/06 14:00,64.1
07/06/06 15:00,56.0
07/06/06 16:00,31.0
07/06/06 17:00,14.3
07/06/06 18:00,0.1
07/06/06 19:00,0.0
07/06/06 20:00,0.0
07/06/06 21:00,0.0
07/06/06 22:00,0.0
07/06/06 23:00,0.0
07/07/06 00:00,0.0
07/07/06 01:00,0.0
07/07/06 02:00,0.0
07/07/06 03:00,0.0
07/07/06 04:00,0.0
07/07/06 05:00,0.1
07/07/06 06:00,1.8
07/07/06 07:00,22.1
07/07/06 08:00,41.0
07/07/06 09:00,54.5
07/07/06 10:00,64.6
07/07/06 11:00,72.3
07/07/06 12:00,76.9
07/07/06 13:00,43.4
07/07/06 14:00,3.0
07/07/06 15:00,22.4
07/07/06 16:00,25.5
07/07/06 17:00,7.5
07/07/06 18:00,0.0
07/07/06 19:00,0.0
07/07/06 20:00,0.0
07/07/06 21:00,0.0
07/07/06 22:00,0.0
07/07/06 23:00,0.0
07/08/06 00:00,0.0
07/08/06 01:00,0.0
07/08/06 02:00,0.0
07/08/06 03:00,0.0
07/08/06 04:00,0.0
07/08/06 05:00,0.0
07/08/06 06:00,2.0
07/08/06 07:00,22.1
07/08/06 08:00,41.2
07/08/06 09:00,55.7
07/08/06 10:00,65.3
07/08/06 11:00,69.1
07/08/06 12:00,57.9
07/08/06 13:00,44.1
07/08/06 14:00,60.2
07/08/06 15:00,49.4
07/08/06 16:00,37.7
07/08/06 17:00,17.9
07/08/06 18:00,0.1
07/08/06 19:00,0.0
07/08/06 20:00,0.0
07/08/06 21:00,0.0
07/08/06 22:00,0.0
07/08/06 23:00,0.0
07/09/06 00:00,0.0
07/09/06 01:00,0.0
07/09/06 02:00,0.0
07/09/06 03:00,0.0
07/09/06 04:00,0.0
07/09/06 05:00,0.0
07/09/06 06:00,1.7
07/09/06 07:00,22.0
07/09/06 08:00,40.7
07/09/06 09:00,54.7
07/09/06 10:00,66.0
07/09/06 11:00,61.9
07/09/06 12:00,56.4
07/09/06 13:00,67.0
07/09/06 14:00,61.0
07/09/06 15:00,6.2
07/09/06 16:00,37.4
07/09/06 17:00,17.7
07/09/06 18:00,0.1
07/09/06 19:00,0.0
07/09/06 20:00,0.0
07/09/06 21:00,0.0
07/09/06 22:00,0.0
07/09/06 23:00,0.0
07/10/06 00:00,0.0
07/10/06 01:00,0.0
07/10/06 02:00,0.0
07/10/06 03:00,0.0
07/10/06 04:00,0.0
07/10/06 05:00,0.0
07/10/06 06:00,1.6
07/10/06 07:00,21.9
07/10/06 08:00,40.7
07/10/06 09:00,56.1
07/10/06 10:00,65.7
07/10/06 11:00,71.1
07/10/06 12:00,73.9
07/10/06 13:00,70.5
07/10/06 14:00,63.0
07/10/06 15:00,50.1
07/10/06 16:00,37.3
07/10/06 17:00,17.9
07/10/06 18:00,0.1
07/10/06 19:00,0.0
07/10/06 20:00,0.0
07/10/06 21:00,0.0
07/10/06 22:00,0.0
07/10/06 23:00,0.0
07/11/06 00:00,0.0
07/11/06 01:00,0.0
07/11/06 02:00,0.0
07/11/06 03:00,0.0
07/11/06 04:00,0.0
07/11/06 05:00,0.0
07/11/06 06:00,1.4
07/11/06 07:00,21.9
07/11/06 08:00,41.6
07/11/06 09:00,57.1
07/11/06 10:00,66.7
07/11/06 11:00,70.8
07/11/06 12:00,74.0
07/11/06 13:00,71.2
07/11/06 14:00,63.5
07/11/06 15:00,59.1
07/11/06 16:00,44.5
07/11/06 17:00,20.0
07/11/06 18:00,0.1
07/11/06 19:00,0.0
07/11/06 20:00,0.0
07/11/06 21:00,0.0
07/11/06 22:00,0.0
07/11/06 23:00,0.0
07/12/06 00:00,0.0
07/12/06 01:00,0.0
07/12/06 02:00,0.0
07/12/06 03:00,0.0
07/12/06 04:00,0.0
07/12/06 05:00,0.0
07/12/06 06:00,1.4
07/12/06 07:00,21.8
07/12/06 08:00,41.9
07/12/06 09:00,57.5
07/12/06 10:00,66.9
07/12/06 11:00,73.7
07/12/06 12:00,75.8
07/12/06 13:00,72.0
07/12/06 14:00,64.0
07/12/06 15:00,53.2
07/12/06 16:00,37.6
07/12/06 17:00,17.8
07/12/06 18:00,0.1
07/12/06 19:00,0.0
07/12/06 20:00,0.0
07/12/06 21:00,0.0
07/12/06 22:00,0.0
07/12/06 23:00,0.0
07/13/06 00:00,0.0
07/13/06 01:00,0.0
07/13/06 02:00,0.0
07/13/06 03:00,0.0
07/13/06 04:00,0.0
07/13/06 05:00,0.0
07/13/06 06:00,1.3
07/13/06 07:00,21.6
07/13/06 08:00,41.6
07/13/06 09:00,56.8
07/13/06 10:00,66.4
07/13/06 11:00,70.7
07/13/06 12:00,74.0
07/13/06 13:00,71.1
07/13/06 14:00,64.0
07/13/06 15:00,53.6
07/13/06 16:00,37.4
07/13/06 17:00,17.7
07/13/06 18:00,0.1
07/13/06 19:00,0.0
07/13/06 20:00,0.0
07/13/06 21:00,0.0
07/13/06 22:00,0.0
07/13/06 23:00,0.0
07/14/06 00:00,0.0
07/14/06 01:00,0.0
07/14/06 02:00,0.0
07/14/06 03:00,0.0
07/14/06 04:00,0.0
07/14/06 05:00,0.0
07/14/06 06:00,1.3
07/14/06 07:00,21.5
07/14/06 08:00,42.0
07/14/06 09:00,58.1
07/14/06 10:00,67.9
07/14/06 11:00,72.9
07/14/06 12:00,74.2
07/14/06 13:00,70.4
07/14/06 14:00,63.9
07/14/06 15:00,53.5
07/14/06 16:00,37.0
07/14/06 17:00,17.5
07/14/06 18:00,0.1
07/14/06 19:00,0.0
07/14/06 20:00,0.0
07/14/06 21:00,0.0
07/14/06 22:00,0.0
07/14/06 23:00,0.0
07/15/06 00:00,0.0
07/15/06 01:00,0.0
07/15/06 02:00,0.0
07/15/06 03:00,0.0
07/15/06 04:00,0.0
07/15/06 05:00,0.0
07/15/06 06:00,1.2
07/15/06 07:00,21.4
07/15/06 08:00,41.4
07/15/06 09:00,57.2
07/15/06 10:00,67.2
07/15/06 11:00,72.1
07/15/06 12:00,72.3
07/15/06 13:00,69.5
07/15/06 14:00,56.6
07/15/06 15:00,50.6
07/15/06 16:00,33.3
07/15/06 17:00,14.9
07/15/06 18:00,0.1
07/15/06 19:00,0.0
07/15/06 20:00,0.0
07/15/06 21:00,0.0
07/15/06 22:00,0.0
07/15/06 23:00,0.0
07/16/06 00:00,0.0
07/16/06 01:00,0.0
07/16/06 02:00,0.0
07/16/06 03:00,0.0
07/16/06 04:00,0.0
07/16/06 05:00,0.0
07/16/06 06:00,1.3
07/16/06 07:00,21.6
07/16/06 08:00,41.8
07/16/06 09:00,56.3
07/16/06 10:00,66.3
07/16/06 11:00,72.4
07/16/06 12:00,73.4
07/16/06 13:00,58.9
07/16/06 14:00,3.0
07/16/06 15:00,36.7
07/16/06 16:00,24.1
07/16/06 17:00,12.7
07/16/06 18:00,0.0
07/16/06 19:00,0.0
07/16/06 20:00,0.0
07/16/06 21:00,0.0
07/16/06 22:00,0.0
07/16/06 23:00,0.0
07/17/06 00:00,0.0
07/17/06 01:00,0.0
07/17/06 02:00,0.0
07/17/06 03:00,0.0
07/17/06 04:00,0.0
07/17/06 05:00,0.0
07/17/06 06:00,1.3
07/17/06 07:00,21.7
07/17/06 08:00,41.9
07/17/06 09:00,58.6
07/17/06 10:00,67.0
07/17/06 11:00,72.2
07/17/06 12:00,74.3
07/17/06 13:00,71.3
07/17/06 14:00,64.5
07/17/06 15:00,51.3
07/17/06 16:00,32.7
07/17/06 17:00,10.0
07/17/06 18:00,0.1
07/17/06 19:00,0.0
07/17/06 20:00,0.0
07/17/06 21:00,0.0
07/17/06 22:00,0.0
07/17/06 23:00,0.0
07/18/06 00:00,0.0
07/18/06 01:00,0.0
07/18/06 02:00,0.0
07/18/06 03:00,0.0
07/18/06 04:00,0.0
07/18/06 05:00,0.0
07/18/06 06:00,1.4
07/18/06 07:00,21.2
07/18/06 08:00,40.9
07/18/06 09:00,57.0
07/18/06 10:00,66.5
07/18/06 11:00,71.5
07/18/06 12:00,73.2
07/18/06 13:00,70.3
07/18/06 14:00,65.1
07/18/06 15:00,54.5
07/18/06 16:00,37.2
07/18/06 17:00,18.1
07/18/06 18:00,0.1
07/18/06 19:00,0.0
07/18/06 20:00,0.0
07/18/06 21:00,0.0
07/18/06 22:00,0.0
07/18/06 23:00,0.0
07/19/06 00:00,0.0
07/19/06 01:00,0.0
07/19/06 02:00,0.0
07/19/06 03:00,0.0
07/19/06 04:00,0.0
07/19/06 05:00,0.0
07/19/06 06:00,1.2
07/19/06 07:00,21.4
07/19/06 08:00,40.5
07/19/06 09:00,56.1
07/19/06 10:00,64.0
07/19/06 11:00,67.5
07/19/06 12:00,72.2
07/19/06 13:00,71.5
07/19/06 14:00,57.7
07/19/06 15:00,17.8
07/19/06 16:00,36.4
07/19/06 17:00,16.6
07/19/06 18:00,0.1
07/19/06 19:00,0.0
07/19/06 20:00,0.0
07/19/06 21:00,0.0
07/19/06 22:00,0.0
07/19/06 23:00,0.0
07/20/06 00:00,0.0
07/20/06 01:00,0.0
07/20/06 02:00,0.0
07/20/06 03:00,0.0
07/20/06 04:00,0.0
07/20/06 05:00,0.0
07/20/06 06:00,4.1
07/20/06 07:00,21.5
07/20/06 08:00,36.2
07/20/06 09:00,48.6
07/20/06 10:00,61.9
07/20/06 11:00,72.7
07/20/06 12:00,75.6
07/20/06 13:00,73.5
07/20/06 14:00,65.3
07/20/06 15:00,52.8
07/20/06 16:00,37.7
07/20/06 17:00,15.3
07/20/06 18:00,0.1
07/20/06 19:00,0.0
07/20/06 20:00,0.0
07/20/06 21:00,0.0
07/20/06 22:00,0.0
07/20/06 23:00,0.0
07/21/06 00:00,0.0
07/21/06 01:00,0.0
07/21/06 02:00,0.0
07/21/06 03:00,0.0
07/21/06 04:00,0.0
07/21/06 05:00,0.0
07/21/06 06:00,1.2
07/21/06 07:00,21.0
07/21/06 08:00,40.2
07/21/06 09:00,55.7
07/21/06 10:00,65.2
07/21/06 11:00,70.1
07/21/06 12:00,72.3
07/21/06 13:00,69.2
07/21/06 14:00,63.5
07/21/06 15:00,54.0
07/21/06 16:00,32.3
07/21/06 17:00,0.0
07/21/06 18:00,0.1
07/21/06 19:00,0.0
07/21/06 20:00,0.0
07/21/06 21:00,0.0
07/21/06 22:00,0.0
07/21/06 23:00,0.0
07/22/06 00:00,0.0
07/22/06 01:00,0.0
07/22/06 02:00,0.0
07/22/06 03:00,0.0
07/22/06 04:00,0.0
07/22/06 05:00,0.0
07/22/06 06:00,2.7
07/22/06 07:00,20.8
07/22/06 08:00,32.8
07/22/06 09:00,50.6
07/22/06 10:00,64.7
07/22/06 11:00,69.3
07/22/06 12:00,70.6
07/22/06 13:00,67.7
07/22/06 14:00,60.0
07/22/06 15:00,51.2
07/22/06 16:00,0.3
07/22/06 17:00,14.2
07/22/06 18:00,0.1
07/22/06 19:00,0.0
07/22/06 20:00,0.0
07/22/06 21:00,0.0
07/22/06 22:00,0.0
07/22/06 23:00,0.0
07/23/06 00:00,0.0
07/23/06 01:00,0.0
07/23/06 02:00,0.0
07/23/06 03:00,0.0
07/23/06 04:00,0.0
07/23/06 05:00,0.0
07/23/06 06:00,1.1
07/23/06 07:00,20.6
07/23/06 08:00,39.8
07/23/06 09:00,55.5
07/23/06 10:00,65.5
07/23/06 11:00,70.9
07/23/06 12:00,73.4
07/23/06 13:00,70.8
07/23/06 14:00,6.9
07/23/06 15:00,45.7
07/23/06 16:00,36.7
07/23/06 17:00,17.4
07/23/06 18:00,0.1
07/23/06 19:00,0.0
07/23/06 20:00,0.0
07/23/06 21:00,0.0
07/23/06 22:00,0.0
07/23/06 23:00,0.0
07/24/06 00:00,0.0
07/24/06 01:00,0.0
07/24/06 02:00,0.0
07/24/06 03:00,0.0
07/24/06 04:00,0.0
07/24/06 05:00,0.0
07/24/06 06:00,1.1
07/24/06 07:00,21.1
07/24/06 08:00,40.8
07/24/06 09:00,56.0
07/24/06 10:00,66.6
07/24/06 11:00,73.1
07/24/06 12:00,74.2
07/24/06 13:00,70.9
07/24/06 14:00,60.7
07/24/06 15:00,48.7
07/24/06 16:00,36.8
07/24/06 17:00,17.0
07/24/06 18:00,0.1
07/24/06 19:00,0.0
07/24/06 20:00,0.0
07/24/06 21:00,0.0
07/24/06 22:00,0.0
07/24/06 23:00,0.0
07/25/06 00:00,0.0
07/25/06 01:00,0.0
07/25/06 02:00,0.0
07/25/06 03:00,0.0
07/25/06 04:00,0.0
07/25/06 05:00,0.0
07/25/06 06:00,1.0
07/25/06 07:00,21.0
07/25/06 08:00,41.8
07/25/06 09:00,57.0
07/25/06 10:00,66.4
07/25/06 11:00,70.3
07/25/06 12:00,76.1
07/25/06 13:00,68.0
07/25/06 14:00,64.3
07/25/06 15:00,53.7
07/25/06 16:00,35.2
07/25/06 17:00,17.0
07/25/06 18:00,0.0
07/25/06 19:00,0.0
07/25/06 20:00,0.0
07/25/06 21:00,0.0
07/25/06 22:00,0.0
07/25/06 23:00,0.0
07/26/06 00:00,0.0
07/26/06 01:00,0.0
07/26/06 02:00,0.0
07/26/06 03:00,0.0
07/26/06 04:00,0.0
07/26/06 05:00,0.0
07/26/06 06:00,2.5
07/26/06 07:00,22.8
07/26/06 08:00,40.9
07/26/06 09:00,55.9
07/26/06 10:00,65.9
07/26/06 11:00,72.3
07/26/06 12:00,76.5
07/26/06 13:00,72.9
07/26/06 14:00,67.1
07/26/06 15:00,53.9
07/26/06 16:00,37.6
07/26/06 17:00,16.7
07/26/06 18:00,0.0
07/26/06 19:00,0.0
07/26/06 20:00,0.0
07/26/06 21:00,0.0
07/26/06 22:00,0.0
07/26/06 23:00,0.0
07/27/06 00:00,0.0
07/27/06 01:00,0.0
07/27/06 02:00,0.0
07/27/06 03:00,0.0
07/27/06 04:00,0.0
07/27/06 05:00,0.0
07/27/06 06:00,0.5
07/27/06 07:00,5.5
07/27/06 08:00,32.7
07/27/06 09:00,48.3
07/27/06 10:00,58.1
07/27/06 11:00,58.6
07/27/06 12:00,49.7
07/27/06 13:00,65.5
07/27/06 14:00,61.8
07/27/06 15:00,46.9
07/27/06 16:00,24.0
07/27/06 17:00,15.8
07/27/06 18:00,0.0
07/27/06 19:00,0.0
07/27/06 20:00,0.0
07/27/06 21:00,0.0
07/27/06 22:00,0.0
07/27/06 23:00,0.0
07/28/06 00:00,0.0
07/28/06 01:00,0.0
07/28/06 02:00,0.0
07/28/06 03:00,0.0
07/28/06 04:00,0.0
07/28/06 05:00,0.0
07/28/06 06:00,1.6
07/28/06 07:00,17.7
07/28/06 08:00,31.2
07/28/06 09:00,45.5
07/28/06 10:00,58.9
07/28/06 11:00,52.7
07/28/06 12:00,44.7
07/28/06 13:00,56.0
07/28/06 14:00,38.5
07/28/06 15:00,47.3
07/28/06 16:00,32.2
07/28/06 17:00,14.2
07/28/06 18:00,0.0
07/28/06 19:00,0.0
07/28/06 20:00,0.0
07/28/06 21:00,0.0
07/28/06 22:00,0.0
07/28/06 23:00,0.0
07/29/06 00:00,0.0
07/29/06 01:00,0.0
07/29/06 02:00,0.0
07/29/06 03:00,0.0
07/29/06 04:00,0.0
07/29/06 05:00,0.0
07/29/06 06:00,2.1
07/29/06 07:00,10.4
07/29/06 08:00,13.4
07/29/06 09:00,31.0
07/29/06 10:00,57.6
07/29/06 11:00,61.7
07/29/06 12:00,60.0
07/29/06 13:00,45.6
07/29/06 14:00,57.1
07/29/06 15:00,38.9
07/29/06 16:00,4.3
07/29/06 17:00,0.0
07/29/06 18:00,0.0
07/29/06 19:00,0.0
07/29/06 20:00,0.0
07/29/06 21:00,0.0
07/29/06 22:00,0.0
07/29/06 23:00,0.0
07/30/06 00:00,0.0
07/30/06 01:00,0.0
07/30/06 02:00,0.0
07/30/06 03:00,0.0
07/30/06 04:00,0.0
07/30/06 05:00,0.0
07/30/06 06:00,0.0
07/30/06 07:00,0.2
07/30/06 08:00,13.5
07/30/06 09:00,3.0
07/30/06 10:00,9.6
07/30/06 11:00,14.6
07/30/06 12:00,61.8
07/30/06 13:00,62.0
07/30/06 14:00,53.9
07/30/06 15:00,38.3
07/30/06 16:00,25.3
07/30/06 17:00,15.4
07/30/06 18:00,0.0
07/30/06 19:00,0.0
07/30/06 20:00,0.0
07/30/06 21:00,0.0
07/30/06 22:00,0.0
07/30/06 23:00,0.0
07/31/06 00:00,0.0
07/31/06 01:00,0.0
07/31/06 02:00,0.0
07/31/06 03:00,0.0
07/31/06 04:00,0.0
07/31/06 05:00,0.0
07/31/06 06:00,2.4
07/31/06 07:00,17.5
07/31/06 08:00,32.0
07/31/06 09:00,40.2
07/31/06 10:00,48.4
07/31/06 11:00,54.6
07/31/06 12:00,39.8
07/31/06 13:00,6.9
07/31/06 14:00,3.1
07/31/06 15:00,21.3
07/31/06 16:00,0.2
07/31/06 17:00,0.0
07/31/06 18:00,0.0
07/31/06 19:00,0.0
07/31/06 20:00,0.0
07/31/06 21:00,0.0
07/31/06 22:00,0.0
07/31/06 23:00,0.0
08/01/06 00:00,0.0
08/01/06 01:00,0.0
08/01/06 02:00,0.0
08/01/06 03:00,0.0
08/01/06 04:00,0.0
08/01/06 05:00,0.0
08/01/06 06:00,0.0
08/01/06 07:00,20.3
08/01/06 08:00,32.2
08/01/06 09:00,33.0
08/01/06 10:00,19.6
08/01/06 11:00,41.3
08/01/06 12:00,17.0
08/01/06 13:00,50.2
08/01/06 14:00,41.5
08/01/06 15:00,20.7
08/01/06 16:00,34.2
08/01/06 17:00,15.5
08/01/06 18:00,0.0
08/01/06 19:00,0.0
08/01/06 20:00,0.0
08/01/06 21:00,0.0
08/01/06 22:00,0.0
08/01/06 23:00,0.0
08/02/06 00:00,0.0
08/02/06 01:00,0.0
08/02/06 02:00,0.0
08/02/06 03:00,0.0
08/02/06 04:00,0.0
08/02/06 05:00,0.0
08/02/06 06:00,2.0
08/02/06 07:00,21.3
08/02/06 08:00,38.6
08/02/06 09:00,55.3
08/02/06 10:00,65.8
08/02/06 11:00,71.8
08/02/06 12:00,74.0
08/02/06 13:00,71.5
08/02/06 14:00,64.9
08/02/06 15:00,53.7
08/02/06 16:00,36.3
08/02/06 17:00,16.0
08/02/06 18:00,0.0
08/02/06 19:00,0.0
08/02/06 20:00,0.0
08/02/06 21:00,0.0
08/02/06 22:00,0.0
08/02/06 23:00,0.0
08/03/06 00:00,0.0
08/03/06 01:00,0.0
08/03/06 02:00,0.0
08/03/06 03:00,0.0
08/03/06 04:00,0.0
08/03/06 05:00,0.0
08/03/06 06:00,0.7
08/03/06 07:00,9.6
08/03/06 08:00,1.0
08/03/06 09:00,2.6
08/03/06 10:00,51.1
08/03/06 11:00,53.7
08/03/06 12:00,50.2
08/03/06 13:00,39.0
08/03/06 14:00,21.1
08/03/06 15:00,26.2
08/03/06 16:00,11.2
08/03/06 17:00,8.1
08/03/06 18:00,0.0
08/03/06 19:00,0.0
08/03/06 20:00,0.0
08/03/06 21:00,0.0
08/03/06 22:00,0.0
08/03/06 23:00,0.0
08/04/06 00:00,0.0
08/04/06 01:00,0.0
08/04/06 02:00,0.0
08/04/06 03:00,0.0
08/04/06 04:00,0.0
08/04/06 05:00,0.0
08/04/06 06:00,1.6
08/04/06 07:00,21.5
08/04/06 08:00,36.7
08/04/06 09:00,44.0
08/04/06 10:00,63.2
08/04/06 11:00,70.5
08/04/06 12:00,67.3
08/04/06 13:00,65.0
08/04/06 14:00,61.9
08/04/06 15:00,53.2
08/04/06 16:00,30.1
08/04/06 17:00,13.7
08/04/06 18:00,0.0
08/04/06 19:00,0.0
08/04/06 20:00,0.0
08/04/06 21:00,0.0
08/04/06 22:00,0.0
08/04/06 23:00,0.0
08/05/06 00:00,0.0
08/05/06 01:00,0.0
08/05/06 02:00,0.0
08/05/06 03:00,0.0
08/05/06 04:00,0.0
08/05/06 05:00,0.0
08/05/06 06:00,2.1
08/05/06 07:00,18.4
08/05/06 08:00,35.1
08/05/06 09:00,48.5
08/05/06 10:00,62.0
08/05/06 11:00,71.3
08/05/06 12:00,71.3
08/05/06 13:00,68.2
08/05/06 14:00,63.2
08/05/06 15:00,52.1
08/05/06 16:00,36.1
08/05/06 17:00,15.5
08/05/06 18:00,0.0
08/05/06 19:00,0.0
08/05/06 20:00,0.0
08/05/06 21:00,0.0
08/05/06 22:00,0.0
08/05/06 23:00,0.0
08/06/06 00:00,0.0
08/06/06 01:00,0.0
08/06/06 02:00,0.0
08/06/06 03:00,0.0
08/06/06 04:00,0.0
08/06/06 05:00,0.0
08/06/06 06:00,1.4
08/06/06 07:00,20.9
08/06/06 08:00,35.4
08/06/06 09:00,49.5
08/06/06 10:00,56.5
08/06/06 11:00,57.5
08/06/06 12:00,58.0
08/06/06 13:00,60.7
08/06/06 14:00,58.4
08/06/06 15:00,50.6
08/06/06 16:00,32.8
08/06/06 17:00,11.5
08/06/06 18:00,0.0
08/06/06 19:00,0.0
08/06/06 20:00,0.0
08/06/06 21:00,0.0
08/06/06 22:00,0.0
08/06/06 23:00,0.0
08/07/06 00:00,0.0
08/07/06 01:00,0.0
08/07/06 02:00,0.0
08/07/06 03:00,0.0
08/07/06 04:00,0.0
08/07/06 05:00,0.0
08/07/06 06:00,1.9
08/07/06 07:00,15.0
08/07/06 08:00,37.2
08/07/06 09:00,49.1
08/07/06 10:00,60.0
08/07/06 11:00,66.1
08/07/06 12:00,67.2
08/07/06 13:00,48.2
08/07/06 14:00,45.9
08/07/06 15:00,38.7
08/07/06 16:00,24.1
08/07/06 17:00,1.0
08/07/06 18:00,0.0
08/07/06 19:00,0.0
08/07/06 20:00,0.0
08/07/06 21:00,0.0
08/07/06 22:00,0.0
08/07/06 23:00,0.0
08/08/06 00:00,0.0
08/08/06 01:00,0.0
08/08/06 02:00,0.0
08/08/06 03:00,0.0
08/08/06 04:00,0.0
08/08/06 05:00,0.0
08/08/06 06:00,1.9
08/08/06 07:00,19.6
08/08/06 08:00,38.5
08/08/06 09:00,54.0
08/08/06 10:00,64.2
08/08/06 11:00,70.7
08/08/06 12:00,73.9
08/08/06 13:00,71.5
08/08/06 14:00,64.4
08/08/06 15:00,52.4
08/08/06 16:00,36.0
08/08/06 17:00,15.2
08/08/06 18:00,0.0
08/08/06 19:00,0.0
08/08/06 20:00,0.0
08/08/06 21:00,0.0
08/08/06 22:00,0.0
08/08/06 23:00,0.0
08/09/06 00:00,0.0
08/09/06 01:00,0.0
08/09/06 02:00,0.0
08/09/06 03:00,0.0
08/09/06 04:00,0.0
08/09/06 05:00,0.0
08/09/06 06:00,1.3
08/09/06 07:00,20.4
08/09/06 08:00,40.2
08/09/06 09:00,56.1
08/09/06 10:00,66.4
08/09/06 11:00,72.4
08/09/06 12:00,73.2
08/09/06 13:00,71.0
08/09/06 14:00,63.1
08/09/06 15:00,52.0
08/09/06 16:00,30.8
08/09/06 17:00,14.6
08/09/06 18:00,0.0
08/09/06 19:00,0.0
08/09/06 20:00,0.0
08/09/06 21:00,0.0
08/09/06 22:00,0.0
08/09/06 23:00,0.0
08/10/06 00:00,0.0
08/10/06 01:00,0.0
08/10/06 02:00,0.0
08/10/06 03:00,0.0
08/10/06 04:00,0.0
08/10/06 05:00,0.0
08/10/06 06:00,1.5
08/10/06 07:00,20.3
08/10/06 08:00,36.9
08/10/06 09:00,52.7
08/10/06 10:00,61.4
08/10/06 11:00,69.1
08/10/06 12:00,69.3
08/10/06 13:00,65.7
08/10/06 14:00,63.3
08/10/06 15:00,51.0
08/10/06 16:00,29.1
08/10/06 17:00,11.7
08/10/06 18:00,0.0
08/10/06 19:00,0.0
08/10/06 20:00,0.0
08/10/06 21:00,0.0
08/10/06 22:00,0.0
08/10/06 23:00,0.0
08/11/06 00:00,0.0
08/11/06 01:00,0.0
08/11/06 02:00,0.0
08/11/06 03:00,0.0
08/11/06 04:00,0.0
08/11/06 05:00,0.0
08/11/06 06:00,1.6
08/11/06 07:00,17.8
08/11/06 08:00,23.5
08/11/06 09:00,26.5
08/11/06 10:00,48.2
08/11/06 11:00,65.6
08/11/06 12:00,68.4
08/11/06 13:00,67.7
08/11/06 14:00,61.7
08/11/06 15:00,51.5
08/11/06 16:00,33.1
08/11/06 17:00,13.8
08/11/06 18:00,0.0
08/11/06 19:00,0.0
08/11/06 20:00,0.0
08/11/06 21:00,0.0
08/11/06 22:00,0.0
08/11/06 23:00,0.0
08/12/06 00:00,0.0
08/12/06 01:00,0.0
08/12/06 02:00,0.0
08/12/06 03:00,0.0
08/12/06 04:00,0.0
08/12/06 05:00,0.0
08/12/06 06:00,1.3
08/12/06 07:00,20.4
08/12/06 08:00,40.0
08/12/06 09:00,52.7
08/12/06 10:00,65.5
08/12/06 11:00,71.0
08/12/06 12:00,74.1
08/12/06 13:00,72.7
08/12/06 14:00,64.1
08/12/06 15:00,51.7
08/12/06 16:00,21.3
08/12/06 17:00,5.2
08/12/06 18:00,0.0
08/12/06 19:00,0.0
08/12/06 20:00,0.0
08/12/06 21:00,0.0
08/12/06 22:00,0.0
08/12/06 23:00,0.0
08/13/06 00:00,0.0
08/13/06 01:00,0.0
08/13/06 02:00,0.0
08/13/06 03:00,0.0
08/13/06 04:00,0.0
08/13/06 05:00,0.0
08/13/06 06:00,1.3
08/13/06 07:00,20.8
08/13/06 08:00,37.5
08/13/06 09:00,52.4
08/13/06 10:00,60.0
08/13/06 11:00,65.5
08/13/06 12:00,70.0
08/13/06 13:00,70.9
08/13/06 14:00,62.2
08/13/06 15:00,38.2
08/13/06 16:00,35.1
08/13/06 17:00,14.0
08/13/06 18:00,0.0
08/13/06 19:00,0.0
08/13/06 20:00,0.0
08/13/06 21:00,0.0
08/13/06 22:00,0.0
08/13/06 23:00,0.0
08/14/06 00:00,0.0
08/14/06 01:00,0.0
08/14/06 02:00,0.0
08/14/06 03:00,0.0
08/14/06 04:00,0.0
08/14/06 05:00,0.0
08/14/06 06:00,1.1
08/14/06 07:00,19.9
08/14/06 08:00,39.9
08/14/06 09:00,55.8
08/14/06 10:00,66.1
08/14/06 11:00,72.1
08/14/06 12:00,75.0
08/14/06 13:00,72.4
08/14/06 14:00,65.1
08/14/06 15:00,54.4
08/14/06 16:00,32.7
08/14/06 17:00,14.3
08/14/06 18:00,0.0
08/14/06 19:00,0.0
08/14/06 20:00,0.0
08/14/06 21:00,0.0
08/14/06 22:00,0.0
08/14/06 23:00,0.0
08/15/06 00:00,0.0
08/15/06 01:00,0.0
08/15/06 02:00,0.0
08/15/06 03:00,0.0
08/15/06 04:00,0.0
08/15/06 05:00,0.0
08/15/06 06:00,1.2
08/15/06 07:00,18.7
08/15/06 08:00,34.8
08/15/06 09:00,49.4
08/15/06 10:00,64.2
08/15/06 11:00,70.7
08/15/06 12:00,74.8
08/15/06 13:00,72.2
08/15/06 14:00,65.7
08/15/06 15:00,54.7
08/15/06 16:00,32.6
08/15/06 17:00,12.1
08/15/06 18:00,0.0
08/15/06 19:00,0.0
08/15/06 20:00,0.0
08/15/06 21:00,0.0
08/15/06 22:00,0.0
08/15/06 23:00,0.0
08/16/06 00:00,0.0
08/16/06 01:00,0.0
08/16/06 02:00,0.0
08/16/06 03:00,0.0
08/16/06 04:00,0.0
08/16/06 05:00,0.0
08/16/06 06:00,1.2
08/16/06 07:00,20.7
08/16/06 08:00,39.0
08/16/06 09:00,51.9
08/16/06 10:00,63.5
08/16/06 11:00,67.3
08/16/06 12:00,69.6
08/16/06 13:00,69.1
08/16/06 14:00,64.6
08/16/06 15:00,52.6
08/16/06 16:00,35.3
08/16/06 17:00,13.8
08/16/06 18:00,0.0
08/16/06 19:00,0.0
08/16/06 20:00,0.0
08/16/06 21:00,0.0
08/16/06 22:00,0.0
08/16/06 23:00,0.0
08/17/06 00:00,0.0
08/17/06 01:00,0.0
08/17/06 02:00,0.0
08/17/06 03:00,0.0
08/17/06 04:00,0.0
08/17/06 05:00,0.0
08/17/06 06:00,1.0
08/17/06 07:00,20.1
08/17/06 08:00,40.9
08/17/06 09:00,57.4
08/17/06 10:00,68.7
08/17/06 11:00,74.1
08/17/06 12:00,76.1
08/17/06 13:00,71.5
08/17/06 14:00,63.8
08/17/06 15:00,52.4
08/17/06 16:00,34.7
08/17/06 17:00,13.5
08/17/06 18:00,0.0
08/17/06 19:00,0.0
08/17/06 20:00,0.0
08/17/06 21:00,0.0
08/17/06 22:00,0.0
08/17/06 23:00,0.0
08/18/06 00:00,0.0
08/18/06 01:00,0.0
08/18/06 02:00,0.0
08/18/06 03:00,0.0
08/18/06 04:00,0.0
08/18/06 05:00,0.0
08/18/06 06:00,1.0
08/18/06 07:00,19.6
08/18/06 08:00,39.6
08/18/06 09:00,55.5
08/18/06 10:00,66.2
08/18/06 11:00,70.7
08/18/06 12:00,71.3
08/18/06 13:00,68.5
08/18/06 14:00,59.8
08/18/06 15:00,49.3
08/18/06 16:00,32.8
08/18/06 17:00,12.4
08/18/06 18:00,0.0
08/18/06 19:00,0.0
08/18/06 20:00,0.0
08/18/06 21:00,0.0
08/18/06 22:00,0.0
08/18/06 23:00,0.0
08/19/06 00:00,0.0
08/19/06 01:00,0.0
08/19/06 02:00,0.0
08/19/06 03:00,0.0
08/19/06 04:00,0.0
08/19/06 05:00,0.0
08/19/06 06:00,1.0
08/19/06 07:00,19.9
08/19/06 08:00,35.1
08/19/06 09:00,35.6
08/19/06 10:00,44.1
08/19/06 11:00,54.5
08/19/06 12:00,68.5
08/19/06 13:00,67.2
08/19/06 14:00,62.3
08/19/06 15:00,51.0
08/19/06 16:00,33.6
08/19/06 17:00,12.5
08/19/06 18:00,0.0
08/19/06 19:00,0.0
08/19/06 20:00,0.0
08/19/06 21:00,0.0
08/19/06 22:00,0.0
08/19/06 23:00,0.0
08/20/06 00:00,0.0
08/20/06 01:00,0.0
08/20/06 02:00,0.0
08/20/06 03:00,0.0
08/20/06 04:00,0.0
08/20/06 05:00,0.0
08/20/06 06:00,1.0
08/20/06 07:00,20.1
08/20/06 08:00,37.4
08/20/06 09:00,53.7
08/20/06 10:00,65.3
08/20/06 11:00,71.3
08/20/06 12:00,74.1
08/20/06 13:00,71.1
08/20/06 14:00,63.5
08/20/06 15:00,51.2
08/20/06 16:00,33.0
08/20/06 17:00,12.4
08/20/06 18:00,0.0
08/20/06 19:00,0.0
08/20/06 20:00,0.0
08/20/06 21:00,0.0
08/20/06 22:00,0.0
08/20/06 23:00,0.0
08/21/06 00:00,0.0
08/21/06 01:00,0.0
08/21/06 02:00,0.0
08/21/06 03:00,0.0
08/21/06 04:00,0.0
08/21/06 05:00,0.0
08/21/06 06:00,0.9
08/21/06 07:00,19.6
08/21/06 08:00,39.4
08/21/06 09:00,55.2
08/21/06 10:00,65.2
08/21/06 11:00,70.8
08/21/06 12:00,72.9
08/21/06 13:00,69.2
08/21/06 14:00,57.5
08/21/06 15:00,49.1
08/21/06 16:00,0.9
08/21/06 17:00,2.3
08/21/06 18:00,0.0
08/21/06 19:00,0.0
08/21/06 20:00,0.0
08/21/06 21:00,0.0
08/21/06 22:00,0.0
08/21/06 23:00,0.0
08/22/06 00:00,0.0
08/22/06 01:00,0.0
08/22/06 02:00,0.0
08/22/06 03:00,0.0
08/22/06 04:00,0.0
08/22/06 05:00,0.0
08/22/06 06:00,1.0
08/22/06 07:00,11.2
08/22/06 08:00,12.2
08/22/06 09:00,37.4
08/22/06 10:00,41.5
08/22/06 11:00,69.8
08/22/06 12:00,74.0
08/22/06 13:00,72.6
08/22/06 14:00,64.2
08/22/06 15:00,49.0
08/22/06 16:00,24.6
08/22/06 17:00,12.3
08/22/06 18:00,0.0
08/22/06 19:00,0.0
08/22/06 20:00,0.0
08/22/06 21:00,0.0
08/22/06 22:00,0.0
08/22/06 23:00,0.0
08/23/06 00:00,0.0
08/23/06 01:00,0.0
08/23/06 02:00,0.0
08/23/06 03:00,0.0
08/23/06 04:00,0.0
08/23/06 05:00,0.0
08/23/06 06:00,1.0
08/23/06 07:00,19.9
08/23/06 08:00,40.4
08/23/06 09:00,54.6
08/23/06 10:00,66.2
08/23/06 11:00,72.0
08/23/06 12:00,74.1
08/23/06 13:00,72.4
08/23/06 14:00,65.0
08/23/06 15:00,52.8
08/23/06 16:00,32.5
08/23/06 17:00,11.6
08/23/06 18:00,0.0
08/23/06 19:00,0.0
08/23/06 20:00,0.0
08/23/06 21:00,0.0
08/23/06 22:00,0.0
08/23/06 23:00,0.0
08/24/06 00:00,0.0
08/24/06 01:00,0.0
08/24/06 02:00,0.0
08/24/06 03:00,0.0
08/24/06 04:00,0.0
08/24/06 05:00,0.0
08/24/06 06:00,0.9
08/24/06 07:00,21.4
08/24/06 08:00,43.5
08/24/06 09:00,62.3
08/24/06 10:00,74.0
08/24/06 11:00,80.6
08/24/06 12:00,82.2
08/24/06 13:00,77.1
08/24/06 14:00,65.7
08/24/06 15:00,48.4
08/24/06 16:00,20.9
08/24/06 17:00,0.3
08/24/06 18:00,0.0
08/24/06 19:00,0.0
08/24/06 20:00,0.0
08/24/06 21:00,0.0
08/24/06 22:00,0.0
08/24/06 23:00,0.0
08/25/06 00:00,0.0
08/25/06 01:00,0.0
08/25/06 02:00,0.0
08/25/06 03:00,0.0
08/25/06 04:00,0.0
08/25/06 05:00,0.0
08/25/06 06:00,0.9
08/25/06 07:00,20.2
08/25/06 08:00,40.6
08/25/06 09:00,56.6
08/25/06 10:00,67.2
08/25/06 11:00,71.9
08/25/06 12:00,72.3
08/25/06 13:00,72.1
08/25/06 14:00,64.9
08/25/06 15:00,53.1
08/25/06 16:00,32.6
08/25/06 17:00,11.3
08/25/06 18:00,0.0
08/25/06 19:00,0.0
08/25/06 20:00,0.0
08/25/06 21:00,0.0
08/25/06 22:00,0.0
08/25/06 23:00,0.0
08/26/06 00:00,0.0
08/26/06 01:00,0.0
08/26/06 02:00,0.0
08/26/06 03:00,0.0
08/26/06 04:00,0.0
08/26/06 05:00,0.0
08/26/06 06:00,0.9
08/26/06 07:00,20.3
08/26/06 08:00,42.0
08/26/06 09:00,59.2
08/26/06 10:00,69.4
08/26/06 11:00,73.6
08/26/06 12:00,76.8
08/26/06 13:00,73.6
08/26/06 14:00,64.2
08/26/06 15:00,51.8
08/26/06 16:00,32.8
08/26/06 17:00,11.3
08/26/06 18:00,0.0
08/26/06 19:00,0.0
08/26/06 20:00,0.0
08/26/06 21:00,0.0
08/26/06 22:00,0.0
08/26/06 23:00,0.0
08/27/06 00:00,0.0
08/27/06 01:00,0.0
08/27/06 02:00,0.0
08/27/06 03:00,0.0
08/27/06 04:00,0.0
08/27/06 05:00,0.0
08/27/06 06:00,0.8
08/27/06 07:00,19.7
08/27/06 08:00,40.8
08/27/06 09:00,57.8
08/27/06 10:00,67.9
08/27/06 11:00,74.2
08/27/06 12:00,76.7
08/27/06 13:00,73.1
08/27/06 14:00,64.6
08/27/06 15:00,51.2
08/27/06 16:00,32.7
08/27/06 17:00,10.9
08/27/06 18:00,0.0
08/27/06 19:00,0.0
08/27/06 20:00,0.0
08/27/06 21:00,0.0
08/27/06 22:00,0.0
08/27/06 23:00,0.0
08/28/06 00:00,0.0
08/28/06 01:00,0.0
08/28/06 02:00,0.0
08/28/06 03:00,0.0
08/28/06 04:00,0.0
08/28/06 05:00,0.0
08/28/06 06:00,0.8
08/28/06 07:00,20.0
08/28/06 08:00,40.7
08/28/06 09:00,57.1
08/28/06 10:00,68.5
08/28/06 11:00,73.8
08/28/06 12:00,74.8
08/28/06 13:00,71.2
08/28/06 14:00,63.3
08/28/06 15:00,50.6
08/28/06 16:00,32.2
08/28/06 17:00,10.5
08/28/06 18:00,0.0
08/28/06 19:00,0.0
08/28/06 20:00,0.0
08/28/06 21:00,0.0
08/28/06 22:00,0.0
08/28/06 23:00,0.0
08/29/06 00:00,0.0
08/29/06 01:00,0.0
08/29/06 02:00,0.0
08/29/06 03:00,0.0
08/29/06 04:00,0.0
08/29/06 05:00,0.0
08/29/06 06:00,0.8
08/29/06 07:00,20.2
08/29/06 08:00,41.8
08/29/06 09:00,58.7
08/29/06 10:00,69.1
08/29/06 11:00,74.3
08/29/06 12:00,75.9
08/29/06 13:00,71.5
08/29/06 14:00,63.4
08/29/06 15:00,50.0
08/29/06 16:00,32.1
08/29/06 17:00,10.3
08/29/06 18:00,0.0
08/29/06 19:00,0.0
08/29/06 20:00,0.0
08/29/06 21:00,0.0
08/29/06 22:00,0.0
08/29/06 23:00,0.0
08/30/06 00:00,0.0
08/30/06 01:00,0.0
08/30/06 02:00,0.0
08/30/06 03:00,0.0
08/30/06 04:00,0.0
08/30/06 05:00,0.0
08/30/06 06:00,0.8
08/30/06 07:00,19.8
08/30/06 08:00,40.8
08/30/06 09:00,57.4
08/30/06 10:00,69.8
08/30/06 11:00,76.5
08/30/06 12:00,75.0
08/30/06 13:00,70.5
08/30/06 14:00,62.1
08/30/06 15:00,50.5
08/30/06 16:00,32.1
08/30/06 17:00,10.3
08/30/06 18:00,0.0
08/30/06 19:00,0.0
08/30/06 20:00,0.0
08/30/06 21:00,0.0
08/30/06 22:00,0.0
08/30/06 23:00,0.0
08/31/06 00:00,0.0
08/31/06 01:00,0.0
08/31/06 02:00,0.0
08/31/06 03:00,0.0
08/31/06 04:00,0.0
08/31/06 05:00,0.0
08/31/06 06:00,0.8
08/31/06 07:00,19.6
08/31/06 08:00,39.2
08/31/06 09:00,53.7
08/31/06 10:00,63.9
08/31/06 11:00,70.9
08/31/06 12:00,74.9
08/31/06 13:00,71.6
08/31/06 14:00,63.8
08/31/06 15:00,36.9
08/31/06 16:00,28.1
08/31/06 17:00,11.2
08/31/06 18:00,0.0
08/31/06 19:00,0.0
08/31/06 20:00,0.0
08/31/06 21:00,0.0
08/31/06 22:00,0.0
08/31/06 23:00,0.0
09/01/06 00:00,0.0
09/01/06 01:00,0.0
09/01/06 02:00,0.0
09/01/06 03:00,0.0
09/01/06 04:00,0.0
09/01/06 05:00,0.0
09/01/06 06:00,0.4
09/01/06 07:00,20.1
09/01/06 08:00,41.0
09/01/06 09:00,57.8
09/01/06 10:00,68.2
09/01/06 11:00,74.6
09/01/06 12:00,75.4
09/01/06 13:00,71.1
09/01/06 14:00,62.7
09/01/06 15:00,49.0
09/01/06 16:00,32.5
09/01/06 17:00,10.7
09/01/06 18:00,0.0
09/01/06 19:00,0.0
09/01/06 20:00,0.0
09/01/06 21:00,0.0
09/01/06 22:00,0.0
09/01/06 23:00,0.0
09/02/06 00:00,0.0
09/02/06 01:00,0.0
09/02/06 02:00,0.0
09/02/06 03:00,0.0
09/02/06 04:00,0.0
09/02/06 05:00,0.0
09/02/06 06:00,0.4
09/02/06 07:00,20.2
09/02/06 08:00,42.1
09/02/06 09:00,59.1
09/02/06 10:00,70.0
09/02/06 11:00,75.9
09/02/06 12:00,77.3
09/02/06 13:00,74.1
09/02/06 14:00,65.3
09/02/06 15:00,51.5
09/02/06 16:00,34.2
09/02/06 17:00,0.0
09/02/06 18:00,0.0
09/02/06 19:00,0.0
09/02/06 20:00,0.0
09/02/06 21:00,0.0
09/02/06 22:00,0.0
09/02/06 23:00,0.0
09/03/06 00:00,0.0
09/03/06 01:00,0.0
09/03/06 02:00,0.0
09/03/06 03:00,0.0
09/03/06 04:00,0.0
09/03/06 05:00,0.0
09/03/06 06:00,0.0
09/03/06 07:00,0.4
09/03/06 08:00,27.6
09/03/06 09:00,33.9
09/03/06 10:00,51.8
09/03/06 11:00,60.5
09/03/06 12:00,68.3
09/03/06 13:00,65.6
09/03/06 14:00,57.9
09/03/06 15:00,47.7
09/03/06 16:00,32.8
09/03/06 17:00,10.6
09/03/06 18:00,0.0
09/03/06 19:00,0.0
09/03/06 20:00,0.0
09/03/06 21:00,0.0
09/03/06 22:00,0.0
09/03/06 23:00,0.0
09/04/06 00:00,0.0
09/04/06 01:00,0.0
09/04/06 02:00,0.0
09/04/06 03:00,0.0
09/04/06 04:00,0.0
09/04/06 05:00,0.0
09/04/06 06:00,0.7
09/04/06 07:00,19.5
09/04/06 08:00,15.4
09/04/06 09:00,35.2
09/04/06 10:00,35.8
09/04/06 11:00,49.6
09/04/06 12:00,53.6
09/04/06 13:00,28.2
09/04/06 14:00,26.9
09/04/06 15:00,24.5
09/04/06 16:00,12.0
09/04/06 17:00,0.3
09/04/06 18:00,0.0
09/04/06 19:00,0.0
09/04/06 20:00,0.0
09/04/06 21:00,0.0
09/04/06 22:00,0.0
09/04/06 23:00,0.0
09/05/06 00:00,0.0
09/05/06 01:00,0.0
09/05/06 02:00,0.0
09/05/06 03:00,0.0
09/05/06 04:00,0.0
09/05/06 05:00,0.0
09/05/06 06:00,0.5
09/05/06 07:00,15.3
09/05/06 08:00,16.7
09/05/06 09:00,34.2
09/05/06 10:00,56.0
09/05/06 11:00,43.7
09/05/06 12:00,52.0
09/05/06 13:00,53.3
09/05/06 14:00,24.8
09/05/06 15:00,19.7
09/05/06 16:00,29.5
09/05/06 17:00,7.3
09/05/06 18:00,0.0
09/05/06 19:00,0.0
09/05/06 20:00,0.0
09/05/06 21:00,0.0
09/05/06 22:00,0.0
09/05/06 23:00,0.0
09/06/06 00:00,0.0
09/06/06 01:00,0.0
09/06/06 02:00,0.0
09/06/06 03:00,0.0
09/06/06 04:00,0.0
09/06/06 05:00,0.0
09/06/06 06:00,0.4
09/06/06 07:00,20.3
09/06/06 08:00,42.3
09/06/06 09:00,59.7
09/06/06 10:00,70.9
09/06/06 11:00,74.6
09/06/06 12:00,77.9
09/06/06 13:00,73.3
09/06/06 14:00,65.0
09/06/06 15:00,53.4
09/06/06 16:00,32.3
09/06/06 17:00,8.9
09/06/06 18:00,0.0
09/06/06 19:00,0.0
09/06/06 20:00,0.0
09/06/06 21:00,0.0
09/06/06 22:00,0.0
09/06/06 23:00,0.0
09/07/06 00:00,0.0
09/07/06 01:00,0.0
09/07/06 02:00,0.0
09/07/06 03:00,0.0
09/07/06 04:00,0.0
09/07/06 05:00,0.0
09/07/06 06:00,0.6
09/07/06 07:00,16.2
09/07/06 08:00,39.6
09/07/06 09:00,57.1
09/07/06 10:00,58.7
09/07/06 11:00,54.1
09/07/06 12:00,70.9
09/07/06 13:00,67.3
09/07/06 14:00,60.5
09/07/06 15:00,47.3
09/07/06 16:00,31.6
09/07/06 17:00,6.0
09/07/06 18:00,0.0
09/07/06 19:00,0.0
09/07/06 20:00,0.0
09/07/06 21:00,0.0
09/07/06 22:00,0.0
09/07/06 23:00,0.0
09/08/06 00:00,0.0
09/08/06 01:00,0.0
09/08/06 02:00,0.0
09/08/06 03:00,0.0
09/08/06 04:00,0.0
09/08/06 05:00,0.0
09/08/06 06:00,0.6
09/08/06 07:00,20.4
09/08/06 08:00,37.6
09/08/06 09:00,57.3
09/08/06 10:00,68.0
09/08/06 11:00,72.1
09/08/06 12:00,73.5
09/08/06 13:00,58.6
09/08/06 14:00,38.4
09/08/06 15:00,31.3
09/08/06 16:00,31.0
09/08/06 17:00,6.3
09/08/06 18:00,0.0
09/08/06 19:00,0.0
09/08/06 20:00,0.0
09/08/06 21:00,0.0
09/08/06 22:00,0.0
09/08/06 23:00,0.0
09/09/06 00:00,0.0
09/09/06 01:00,0.0
09/09/06 02:00,0.0
09/09/06 03:00,0.0
09/09/06 04:00,0.0
09/09/06 05:00,0.0
09/09/06 06:00,0.3
09/09/06 07:00,20.3
09/09/06 08:00,42.4
09/09/06 09:00,62.9
09/09/06 10:00,74.7
09/09/06 11:00,79.3
09/09/06 12:00,79.3
09/09/06 13:00,74.6
09/09/06 14:00,67.1
09/09/06 15:00,52.2
09/09/06 16:00,19.2
09/09/06 17:00,0.0
09/09/06 18:00,0.0
09/09/06 19:00,0.0
09/09/06 20:00,0.0
09/09/06 21:00,0.0
09/09/06 22:00,0.0
09/09/06 23:00,0.0
09/10/06 00:00,0.0
09/10/06 01:00,0.0
09/10/06 02:00,0.0
09/10/06 03:00,0.0
09/10/06 04:00,0.0
09/10/06 05:00,0.0
09/10/06 06:00,0.3
09/10/06 07:00,20.5
09/10/06 08:00,42.5
09/10/06 09:00,58.5
09/10/06 10:00,66.7
09/10/06 11:00,75.6
09/10/06 12:00,76.1
09/10/06 13:00,73.3
09/10/06 14:00,65.4
09/10/06 15:00,51.6
09/10/06 16:00,30.6
09/10/06 17:00,5.2
09/10/06 18:00,0.0
09/10/06 19:00,0.0
09/10/06 20:00,0.0
09/10/06 21:00,0.0
09/10/06 22:00,0.0
09/10/06 23:00,0.0
09/11/06 00:00,0.0
09/11/06 01:00,0.0
09/11/06 02:00,0.0
09/11/06 03:00,0.0
09/11/06 04:00,0.0
09/11/06 05:00,0.0
09/11/06 06:00,0.4
09/11/06 07:00,19.2
09/11/06 08:00,33.4
09/11/06 09:00,54.5
09/11/06 10:00,67.3
09/11/06 11:00,72.4
09/11/06 12:00,75.2
09/11/06 13:00,71.0
09/11/06 14:00,62.6
09/11/06 15:00,50.4
09/11/06 16:00,30.0
09/11/06 17:00,4.2
09/11/06 18:00,0.0
09/11/06 19:00,0.0
09/11/06 20:00,0.0
09/11/06 21:00,0.0
09/11/06 22:00,0.0
09/11/06 23:00,0.0
09/12/06 00:00,0.0
09/12/06 01:00,0.0
09/12/06 02:00,0.0
09/12/06 03:00,0.0
09/12/06 04:00,0.0
09/12/06 05:00,0.0
09/12/06 06:00,0.4
09/12/06 07:00,19.1
09/12/06 08:00,40.3
09/12/06 09:00,55.0
09/12/06 10:00,48.8
09/12/06 11:00,67.7
09/12/06 12:00,72.4
09/12/06 13:00,41.3
09/12/06 14:00,12.6
09/12/06 15:00,23.6
09/12/06 16:00,28.8
09/12/06 17:00,0.0
09/12/06 18:00,0.0
09/12/06 19:00,0.0
09/12/06 20:00,0.0
09/12/06 21:00,0.0
09/12/06 22:00,0.0
09/12/06 23:00,0.0
09/13/06 00:00,0.0
09/13/06 01:00,0.0
09/13/06 02:00,0.0
09/13/06 03:00,0.0
09/13/06 04:00,0.0
09/13/06 05:00,0.0
09/13/06 06:00,0.4
09/13/06 07:00,19.8
09/13/06 08:00,41.3
09/13/06 09:00,56.5
09/13/06 10:00,55.3
09/13/06 11:00,75.0
09/13/06 12:00,74.4
09/13/06 13:00,68.4
09/13/06 14:00,62.3
09/13/06 15:00,48.2
09/13/06 16:00,23.4
09/13/06 17:00,0.0
09/13/06 18:00,0.0
09/13/06 19:00,0.0
09/13/06 20:00,0.0
09/13/06 21:00,0.0
09/13/06 22:00,0.0
09/13/06 23:00,0.0
09/14/06 00:00,0.0
09/14/06 01:00,0.0
09/14/06 02:00,0.0
09/14/06 03:00,0.0
09/14/06 04:00,0.0
09/14/06 05:00,0.0
09/14/06 06:00,0.4
09/14/06 07:00,14.5
09/14/06 08:00,1.6
09/14/06 09:00,42.5
09/14/06 10:00,41.6
09/14/06 11:00,61.5
09/14/06 12:00,74.4
09/14/06 13:00,69.1
09/14/06 14:00,30.5
09/14/06 15:00,15.9
09/14/06 16:00,14.5
09/14/06 17:00,0.0
09/14/06 18:00,0.0
09/14/06 19:00,0.0
09/14/06 20:00,0.0
09/14/06 21:00,0.0
09/14/06 22:00,0.0
09/14/06 23:00,0.0
09/15/06 00:00,0.0
09/15/06 01:00,0.0
09/15/06 02:00,0.0
09/15/06 03:00,0.0
09/15/06 04:00,0.0
09/15/06 05:00,0.0
09/15/06 06:00,0.2
09/15/06 07:00,20.2
09/15/06 08:00,43.1
09/15/06 09:00,60.8
09/15/06 10:00,70.6
09/15/06 11:00,77.4
09/15/06 12:00,74.5
09/15/06 13:00,74.3
09/15/06 14:00,65.6
09/15/06 15:00,50.4
09/15/06 16:00,29.3
09/15/06 17:00,2.2
09/15/06 18:00,0.0
09/15/06 19:00,0.0
09/15/06 20:00,0.0
09/15/06 21:00,0.0
09/15/06 22:00,0.0
09/15/06 23:00,0.0
09/16/06 00:00,0.0
09/16/06 01:00,0.0
09/16/06 02:00,0.0
09/16/06 03:00,0.0
09/16/06 04:00,0.0
09/16/06 05:00,0.0
09/16/06 06:00,0.2
09/16/06 07:00,20.6
09/16/06 08:00,43.1
09/16/06 09:00,60.8
09/16/06 10:00,71.4
09/16/06 11:00,78.0
09/16/06 12:00,79.8
09/16/06 13:00,76.9
09/16/06 14:00,66.0
09/16/06 15:00,51.3
09/16/06 16:00,29.5
09/16/06 17:00,2.1
09/16/06 18:00,0.0
09/16/06 19:00,0.0
09/16/06 20:00,0.0
09/16/06 21:00,0.0
09/16/06 22:00,0.0
09/16/06 23:00,0.0
09/17/06 00:00,0.0
09/17/06 01:00,0.0
09/17/06 02:00,0.0
09/17/06 03:00,0.0
09/17/06 04:00,0.0
09/17/06 05:00,0.0
09/17/06 06:00,0.2
09/17/06 07:00,20.7
09/17/06 08:00,44.0
09/17/06 09:00,61.8
09/17/06 10:00,72.0
09/17/06 11:00,75.2
09/17/06 12:00,77.6
09/17/06 13:00,74.0
09/17/06 14:00,65.1
09/17/06 15:00,51.0
09/17/06 16:00,29.1
09/17/06 17:00,1.7
09/17/06 18:00,0.0
09/17/06 19:00,0.0
09/17/06 20:00,0.0
09/17/06 21:00,0.0
09/17/06 22:00,0.0
09/17/06 23:00,0.0
09/18/06 00:00,0.0
09/18/06 01:00,0.0
09/18/06 02:00,0.0
09/18/06 03:00,0.0
09/18/06 04:00,0.0
09/18/06 05:00,0.0
09/18/06 06:00,0.2
09/18/06 07:00,20.4
09/18/06 08:00,42.0
09/18/06 09:00,60.7
09/18/06 10:00,70.3
09/18/06 11:00,76.2
09/18/06 12:00,77.7
09/18/06 13:00,74.2
09/18/06 14:00,65.2
09/18/06 15:00,51.0
09/18/06 16:00,28.5
09/18/06 17:00,1.4
09/18/06 18:00,0.0
09/18/06 19:00,0.0
09/18/06 20:00,0.0
09/18/06 21:00,0.0
09/18/06 22:00,0.0
09/18/06 23:00,0.0
09/19/06 00:00,0.0
09/19/06 01:00,0.0
09/19/06 02:00,0.0
09/19/06 03:00,0.0
09/19/06 04:00,0.0
09/19/06 05:00,0.0
09/19/06 06:00,0.2
09/19/06 07:00,19.7
09/19/06 08:00,42.6
09/19/06 09:00,58.6
09/19/06 10:00,65.8
09/19/06 11:00,73.9
09/19/06 12:00,76.5
09/19/06 13:00,72.0
09/19/06 14:00,63.4
09/19/06 15:00,49.4
09/19/06 16:00,27.5
09/19/06 17:00,1.0
09/19/06 18:00,0.0
09/19/06 19:00,0.0
09/19/06 20:00,0.0
09/19/06 21:00,0.0
09/19/06 22:00,0.0
09/19/06 23:00,0.0
09/20/06 00:00,0.0
09/20/06 01:00,0.0
09/20/06 02:00,0.0
09/20/06 03:00,0.0
09/20/06 04:00,0.0
09/20/06 05:00,0.0
09/20/06 06:00,0.0
09/20/06 07:00,0.1
09/20/06 08:00,0.6
09/20/06 09:00,2.8
09/20/06 10:00,52.3
09/20/06 11:00,75.0
09/20/06 12:00,72.2
09/20/06 13:00,63.3
09/20/06 14:00,34.5
09/20/06 15:00,36.2
09/20/06 16:00,27.3
09/20/06 17:00,0.3
09/20/06 18:00,0.0
09/20/06 19:00,0.0
09/20/06 20:00,0.0
09/20/06 21:00,0.0
09/20/06 22:00,0.0
09/20/06 23:00,0.0
09/21/06 00:00,0.0
09/21/06 01:00,0.0
09/21/06 02:00,0.0
09/21/06 03:00,0.0
09/21/06 04:00,0.0
09/21/06 05:00,0.0
09/21/06 06:00,0.2
09/21/06 07:00,20.2
09/21/06 08:00,43.0
09/21/06 09:00,60.4
09/21/06 10:00,71.5
09/21/06 11:00,77.3
09/21/06 12:00,78.7
09/21/06 13:00,74.5
09/21/06 14:00,65.0
09/21/06 15:00,49.9
09/21/06 16:00,27.3
09/21/06 17:00,0.7
09/21/06 18:00,0.0
09/21/06 19:00,0.0
09/21/06 20:00,0.0
09/21/06 21:00,0.0
09/21/06 22:00,0.0
09/21/06 23:00,0.0
09/22/06 00:00,0.0
09/22/06 01:00,0.0
09/22/06 02:00,0.0
09/22/06 03:00,0.0
09/22/06 04:00,0.0
09/22/06 05:00,0.0
09/22/06 06:00,0.2
09/22/06 07:00,20.3
09/22/06 08:00,43.7
09/22/06 09:00,61.7
09/22/06 10:00,72.8
09/22/06 11:00,79.8
09/22/06 12:00,79.5
09/22/06 13:00,71.4
09/22/06 14:00,64.7
09/22/06 15:00,49.8
09/22/06 16:00,27.1
09/22/06 17:00,0.6
09/22/06 18:00,0.0
09/22/06 19:00,0.0
09/22/06 20:00,0.0
09/22/06 21:00,0.0
09/22/06 22:00,0.0
09/22/06 23:00,0.0
09/23/06 00:00,0.0
09/23/06 01:00,0.0
09/23/06 02:00,0.0
09/23/06 03:00,0.0
09/23/06 04:00,0.0
09/23/06 05:00,0.0
09/23/06 06:00,0.2
09/23/06 07:00,20.4
09/23/06 08:00,43.7
09/23/06 09:00,61.2
09/23/06 10:00,71.6
09/23/06 11:00,77.6
09/23/06 12:00,79.2
09/23/06 13:00,74.8
09/23/06 14:00,64.3
09/23/06 15:00,49.7
09/23/06 16:00,26.9
09/23/06 17:00,0.5
09/23/06 18:00,0.0
09/23/06 19:00,0.0
09/23/06 20:00,0.0
09/23/06 21:00,0.0
09/23/06 22:00,0.0
09/23/06 23:00,0.0
09/24/06 00:00,0.0
09/24/06 01:00,0.0
09/24/06 02:00,0.0
09/24/06 03:00,0.0
09/24/06 04:00,0.0
09/24/06 05:00,0.0
09/24/06 06:00,0.2
09/24/06 07:00,19.7
09/24/06 08:00,40.9
09/24/06 09:00,57.8
09/24/06 10:00,70.7
09/24/06 11:00,76.2
09/24/06 12:00,76.5
09/24/06 13:00,72.2
09/24/06 14:00,63.0
09/24/06 15:00,48.9
09/24/06 16:00,25.9
09/24/06 17:00,0.4
09/24/06 18:00,0.0
09/24/06 19:00,0.0
09/24/06 20:00,0.0
09/24/06 21:00,0.0
09/24/06 22:00,0.0
09/24/06 23:00,0.0
09/25/06 00:00,0.0
09/25/06 01:00,0.0
09/25/06 02:00,0.0
09/25/06 03:00,0.0
09/25/06 04:00,0.0
09/25/06 05:00,0.0
09/25/06 06:00,0.1
09/25/06 07:00,18.8
09/25/06 08:00,40.2
09/25/06 09:00,55.8
09/25/06 10:00,64.8
09/25/06 11:00,70.4
09/25/06 12:00,71.7
09/25/06 13:00,67.3
09/25/06 14:00,59.0
09/25/06 15:00,45.2
09/25/06 16:00,24.0
09/25/06 17:00,0.2
09/25/06 18:00,0.0
09/25/06 19:00,0.0
09/25/06 20:00,0.0
09/25/06 21:00,0.0
09/25/06 22:00,0.0
09/25/06 23:00,0.0
09/26/06 00:00,0.0
09/26/06 01:00,0.0
09/26/06 02:00,0.0
09/26/06 03:00,0.0
09/26/06 04:00,0.0
09/26/06 05:00,0.0
09/26/06 06:00,0.1
09/26/06 07:00,18.7
09/26/06 08:00,39.6
09/26/06 09:00,55.5
09/26/06 10:00,65.2
09/26/06 11:00,71.0
09/26/06 12:00,71.6
09/26/06 13:00,67.5
09/26/06 14:00,57.9
09/26/06 15:00,43.9
09/26/06 16:00,22.9
09/26/06 17:00,0.1
09/26/06 18:00,0.0
09/26/06 19:00,0.0
09/26/06 20:00,0.0
09/26/06 21:00,0.0
09/26/06 22:00,0.0
09/26/06 23:00,0.0
09/27/06 00:00,0.0
09/27/06 01:00,0.0
09/27/06 02:00,0.0
09/27/06 03:00,0.0
09/27/06 04:00,0.0
09/27/06 05:00,0.0
09/27/06 06:00,0.1
09/27/06 07:00,18.7
09/27/06 08:00,39.4
09/27/06 09:00,53.7
09/27/06 10:00,66.2
09/27/06 11:00,72.0
09/27/06 12:00,72.7
09/27/06 13:00,68.1
09/27/06 14:00,58.2
09/27/06 15:00,44.1
09/27/06 16:00,23.1
09/27/06 17:00,0.0
09/27/06 18:00,0.0
09/27/06 19:00,0.0
09/27/06 20:00,0.0
09/27/06 21:00,0.0
09/27/06 22:00,0.0
09/27/06 23:00,0.0
09/28/06 00:00,0.0
09/28/06 01:00,0.0
09/28/06 02:00,0.0
09/28/06 03:00,0.0
09/28/06 04:00,0.0
09/28/06 05:00,0.0
09/28/06 06:00,0.1
09/28/06 07:00,18.9
09/28/06 08:00,40.0
09/28/06 09:00,55.4
09/28/06 10:00,66.1
09/28/06 11:00,71.4
09/28/06 12:00,71.3
09/28/06 13:00,68.2
09/28/06 14:00,58.6
09/28/06 15:00,43.9
09/28/06 16:00,22.9
09/28/06 17:00,0.0
09/28/06 18:00,0.0
09/28/06 19:00,0.0
09/28/06 20:00,0.0
09/28/06 21:00,0.0
09/28/06 22:00,0.0
09/28/06 23:00,0.0
09/29/06 00:00,0.0
09/29/06 01:00,0.0
09/29/06 02:00,0.0
09/29/06 03:00,0.0
09/29/06 04:00,0.0
09/29/06 05:00,0.0
09/29/06 06:00,0.1
09/29/06 07:00,19.4
09/29/06 08:00,41.3
09/29/06 09:00,57.4
09/29/06 10:00,65.0
09/29/06 11:00,72.4
09/29/06 12:00,75.1
09/29/06 13:00,72.7
09/29/06 14:00,59.7
09/29/06 15:00,45.0
09/29/06 16:00,23.4
09/29/06 17:00,0.0
09/29/06 18:00,0.0
09/29/06 19:00,0.0
09/29/06 20:00,0.0
09/29/06 21:00,0.0
09/29/06 22:00,0.0
09/29/06 23:00,0.0
09/30/06 00:00,0.0
09/30/06 01:00,0.0
09/30/06 02:00,0.0
09/30/06 03:00,0.0
09/30/06 04:00,0.0
09/30/06 05:00,0.0
09/30/06 06:00,0.1
09/30/06 07:00,19.1
09/30/06 08:00,39.9
09/30/06 09:00,58.1
09/30/06 10:00,69.0
09/30/06 11:00,73.2
09/30/06 12:00,73.4
09/30/06 13:00,70.0
09/30/06 14:00,60.4
09/30/06 15:00,44.6
09/30/06 16:00,24.0
09/30/06 17:00,0.1
09/30/06 18:00,0.0
09/30/06 19:00,0.0
09/30/06 20:00,0.0
09/30/06 21:00,0.0
09/30/06 22:00,0.0
09/30/06 23:00,0.0
10/01/06 00:00,0.0
10/01/06 01:00,0.0
10/01/06 02:00,0.0
10/01/06 03:00,0.0
10/01/06 04:00,0.0
10/01/06 05:00,0.0
10/01/06 06:00,0.1
10/01/06 07:00,19.3
10/01/06 08:00,39.8
10/01/06 09:00,57.4
10/01/06 10:00,68.5
10/01/06 11:00,73.9
10/01/06 12:00,74.8
10/01/06 13:00,68.7
10/01/06 14:00,51.0
10/01/06 15:00,38.1
10/01/06 16:00,23.4
10/01/06 17:00,0.0
10/01/06 18:00,0.0
10/01/06 19:00,0.0
10/01/06 20:00,0.0
10/01/06 21:00,0.0
10/01/06 22:00,0.0
10/01/06 23:00,0.0
10/02/06 00:00,0.0
10/02/06 01:00,0.0
10/02/06 02:00,0.0
10/02/06 03:00,0.0
10/02/06 04:00,0.0
10/02/06 05:00,0.0
10/02/06 06:00,0.1
10/02/06 07:00,19.5
10/02/06 08:00,42.5
10/02/06 09:00,59.7
10/02/06 10:00,70.3
10/02/06 11:00,76.7
10/02/06 12:00,76.7
10/02/06 13:00,68.3
10/02/06 14:00,45.1
10/02/06 15:00,17.4
10/02/06 16:00,21.8
10/02/06 17:00,0.0
10/02/06 18:00,0.0
10/02/06 19:00,0.0
10/02/06 20:00,0.0
10/02/06 21:00,0.0
10/02/06 22:00,0.0
10/02/06 23:00,0.0
10/03/06 00:00,0.0
10/03/06 01:00,0.0
10/03/06 02:00,0.0
10/03/06 03:00,0.0
10/03/06 04:00,0.0
10/03/06 05:00,0.0
10/03/06 06:00,0.1
10/03/06 07:00,19.5
10/03/06 08:00,41.5
10/03/06 09:00,58.7
10/03/06 10:00,69.5
10/03/06 11:00,74.4
10/03/06 12:00,76.7
10/03/06 13:00,70.5
10/03/06 14:00,62.2
10/03/06 15:00,45.0
10/03/06 16:00,23.5
10/03/06 17:00,0.0
10/03/06 18:00,0.0
10/03/06 19:00,0.0
10/03/06 20:00,0.0
10/03/06 21:00,0.0
10/03/06 22:00,0.0
10/03/06 23:00,0.0
10/04/06 00:00,0.0
10/04/06 01:00,0.0
10/04/06 02:00,0.0
10/04/06 03:00,0.0
10/04/06 04:00,0.0
10/04/06 05:00,0.0
10/04/06 06:00,0.1
10/04/06 07:00,19.8
10/04/06 08:00,42.1
10/04/06 09:00,58.3
10/04/06 10:00,68.6
10/04/06 11:00,73.8
10/04/06 12:00,75.3
10/04/06 13:00,71.3
10/04/06 14:00,61.5
10/04/06 15:00,46.0
10/04/06 16:00,22.5
10/04/06 17:00,0.0
10/04/06 18:00,0.0
10/04/06 19:00,0.0
10/04/06 20:00,0.0
10/04/06 21:00,0.0
10/04/06 22:00,0.0
10/04/06 23:00,0.0
10/05/06 00:00,0.0
10/05/06 01:00,0.0
10/05/06 02:00,0.0
10/05/06 03:00,0.0
10/05/06 04:00,0.0
10/05/06 05:00,0.0
10/05/06 06:00,0.1
10/05/06 07:00,19.6
10/05/06 08:00,42.3
10/05/06 09:00,55.0
10/05/06 10:00,60.7
10/05/06 11:00,67.8
10/05/06 12:00,71.1
10/05/06 13:00,62.1
10/05/06 14:00,59.5
10/05/06 15:00,31.2
10/05/06 16:00,14.8
10/05/06 17:00,0.0
10/05/06 18:00,0.0
10/05/06 19:00,0.0
10/05/06 20:00,0.0
10/05/06 21:00,0.0
10/05/06 22:00,0.0
10/05/06 23:00,0.0
10/06/06 00:00,0.0
10/06/06 01:00,0.0
10/06/06 02:00,0.0
10/06/06 03:00,0.0
10/06/06 04:00,0.0
10/06/06 05:00,0.0
10/06/06 06:00,0.0
10/06/06 07:00,16.4
10/06/06 08:00,32.9
10/06/06 09:00,60.2
10/06/06 10:00,69.5
10/06/06 11:00,78.5
10/06/06 12:00,79.9
10/06/06 13:00,74.9
10/06/06 14:00,65.1
10/06/06 15:00,47.7
10/06/06 16:00,23.4
10/06/06 17:00,0.0
10/06/06 18:00,0.0
10/06/06 19:00,0.0
10/06/06 20:00,0.0
10/06/06 21:00,0.0
10/06/06 22:00,0.0
10/06/06 23:00,0.0
10/07/06 00:00,0.0
10/07/06 01:00,0.0
10/07/06 02:00,0.0
10/07/06 03:00,0.0
10/07/06 04:00,0.0
10/07/06 05:00,0.0
10/07/06 06:00,0.1
10/07/06 07:00,20.5
10/07/06 08:00,44.0
10/07/06 09:00,61.6
10/07/06 10:00,72.7
10/07/06 11:00,79.9
10/07/06 12:00,79.1
10/07/06 13:00,73.8
10/07/06 14:00,63.8
10/07/06 15:00,47.8
10/07/06 16:00,23.2
10/07/06 17:00,0.0
10/07/06 18:00,0.0
10/07/06 19:00,0.0
10/07/06 20:00,0.0
10/07/06 21:00,0.0
10/07/06 22:00,0.0
10/07/06 23:00,0.0
10/08/06 00:00,0.0
10/08/06 01:00,0.0
10/08/06 02:00,0.0
10/08/06 03:00,0.0
10/08/06 04:00,0.0
10/08/06 05:00,0.0
10/08/06 06:00,0.0
10/08/06 07:00,15.3
10/08/06 08:00,12.3
10/08/06 09:00,1.5
10/08/06 10:00,2.9
10/08/06 11:00,3.7
10/08/06 12:00,69.3
10/08/06 13:00,51.6
10/08/06 14:00,46.5
10/08/06 15:00,44.3
10/08/06 16:00,22.8
10/08/06 17:00,0.0
10/08/06 18:00,0.0
10/08/06 19:00,0.0
10/08/06 20:00,0.0
10/08/06 21:00,0.0
10/08/06 22:00,0.0
10/08/06 23:00,0.0
10/09/06 00:00,0.0
10/09/06 01:00,0.0
10/09/06 02:00,0.0
10/09/06 03:00,0.0
10/09/06 04:00,0.0
10/09/06 05:00,0.0
10/09/06 06:00,0.0
10/09/06 07:00,19.7
10/09/06 08:00,43.3
10/09/06 09:00,62.0
10/09/06 10:00,73.4
10/09/06 11:00,79.9
10/09/06 12:00,81.2
10/09/06 13:00,75.3
10/09/06 14:00,63.6
10/09/06 15:00,31.9
10/09/06 16:00,22.3
10/09/06 17:00,0.0
10/09/06 18:00,0.0
10/09/06 19:00,0.0
10/09/06 20:00,0.0
10/09/06 21:00,0.0
10/09/06 22:00,0.0
10/09/06 23:00,0.0
10/10/06 00:00,0.0
10/10/06 01:00,0.0
10/10/06 02:00,0.0
10/10/06 03:00,0.0
10/10/06 04:00,0.0
10/10/06 05:00,0.0
10/10/06 06:00,0.0
10/10/06 07:00,20.1
10/10/06 08:00,43.6
10/10/06 09:00,61.4
10/10/06 10:00,71.6
10/10/06 11:00,78.0
10/10/06 12:00,78.4
10/10/06 13:00,72.4
10/10/06 14:00,62.7
10/10/06 15:00,46.5
10/10/06 16:00,21.7
10/10/06 17:00,0.0
10/10/06 18:00,0.0
10/10/06 19:00,0.0
10/10/06 20:00,0.0
10/10/06 21:00,0.0
10/10/06 22:00,0.0
10/10/06 23:00,0.0
10/11/06 00:00,0.0
10/11/06 01:00,0.0
10/11/06 02:00,0.0
10/11/06 03:00,0.0
10/11/06 04:00,0.0
10/11/06 05:00,0.0
10/11/06 06:00,0.0
10/11/06 07:00,20.2
10/11/06 08:00,44.4
10/11/06 09:00,61.7
10/11/06 10:00,71.4
10/11/06 11:00,74.8
10/11/06 12:00,76.1
10/11/06 13:00,72.5
10/11/06 14:00,62.1
10/11/06 15:00,45.2
10/11/06 16:00,21.1
10/11/06 17:00,0.0
10/11/06 18:00,0.0
10/11/06 19:00,0.0
10/11/06 20:00,0.0
10/11/06 21:00,0.0
10/11/06 22:00,0.0
10/11/06 23:00,0.0
10/12/06 00:00,0.0
10/12/06 01:00,0.0
10/12/06 02:00,0.0
10/12/06 03:00,0.0
10/12/06 04:00,0.0
10/12/06 05:00,0.0
10/12/06 06:00,0.0
10/12/06 07:00,19.8
10/12/06 08:00,43.4
10/12/06 09:00,60.2
10/12/06 10:00,70.2
10/12/06 11:00,75.0
10/12/06 12:00,75.3
10/12/06 13:00,71.6
10/12/06 14:00,61.7
10/12/06 15:00,44.7
10/12/06 16:00,20.4
10/12/06 17:00,0.0
10/12/06 18:00,0.0
10/12/06 19:00,0.0
10/12/06 20:00,0.0
10/12/06 21:00,0.0
10/12/06 22:00,0.0
10/12/06 23:00,0.0
10/13/06 00:00,0.0
10/13/06 01:00,0.0
10/13/06 02:00,0.0
10/13/06 03:00,0.0
10/13/06 04:00,0.0
10/13/06 05:00,0.0
10/13/06 06:00,0.0
10/13/06 07:00,14.2
10/13/06 08:00,0.3
10/13/06 09:00,1.2
10/13/06 10:00,46.7
10/13/06 11:00,57.7
10/13/06 12:00,50.4
10/13/06 13:00,38.9
10/13/06 14:00,35.7
10/13/06 15:00,31.2
10/13/06 16:00,0.0
10/13/06 17:00,0.0
10/13/06 18:00,0.0
10/13/06 19:00,0.0
10/13/06 20:00,0.0
10/13/06 21:00,0.0
10/13/06 22:00,0.0
10/13/06 23:00,0.0
10/14/06 00:00,0.0
10/14/06 01:00,0.0
10/14/06 02:00,0.0
10/14/06 03:00,0.0
10/14/06 04:00,0.0
10/14/06 05:00,0.0
10/14/06 06:00,0.0
10/14/06 07:00,0.0
10/14/06 08:00,0.4
10/14/06 09:00,46.9
10/14/06 10:00,23.4
10/14/06 11:00,5.9
10/14/06 12:00,67.5
10/14/06 13:00,72.4
10/14/06 14:00,62.4
10/14/06 15:00,43.6
10/14/06 16:00,10.4
10/14/06 17:00,0.0
10/14/06 18:00,0.0
10/14/06 19:00,0.0
10/14/06 20:00,0.0
10/14/06 21:00,0.0
10/14/06 22:00,0.0
10/14/06 23:00,0.0
10/15/06 00:00,0.0
10/15/06 01:00,0.0
10/15/06 02:00,0.0
10/15/06 03:00,0.0
10/15/06 04:00,0.0
10/15/06 05:00,0.0
10/15/06 06:00,0.0
10/15/06 07:00,17.3
10/15/06 08:00,39.5
10/15/06 09:00,59.4
10/15/06 10:00,72.7
10/15/06 11:00,76.4
10/15/06 12:00,76.5
10/15/06 13:00,72.8
10/15/06 14:00,61.3
10/15/06 15:00,44.6
10/15/06 16:00,20.0
10/15/06 17:00,0.0
10/15/06 18:00,0.0
10/15/06 19:00,0.0
10/15/06 20:00,0.0
10/15/06 21:00,0.0
10/15/06 22:00,0.0
10/15/06 23:00,0.0
10/16/06 00:00,0.0
10/16/06 01:00,0.0
10/16/06 02:00,0.0
10/16/06 03:00,0.0
10/16/06 04:00,0.0
10/16/06 05:00,0.0
10/16/06 06:00,0.0
10/16/06 07:00,18.7
10/16/06 08:00,41.8
10/16/06 09:00,60.0
10/16/06 10:00,70.4
10/16/06 11:00,76.2
10/16/06 12:00,76.2
10/16/06 13:00,70.5
10/16/06 14:00,60.2
10/16/06 15:00,43.1
10/16/06 16:00,18.6
10/16/06 17:00,0.0
10/16/06 18:00,0.0
10/16/06 19:00,0.0
10/16/06 20:00,0.0
10/16/06 21:00,0.0
10/16/06 22:00,0.0
10/16/06 23:00,0.0
10/17/06 00:00,0.0
10/17/06 01:00,0.0
10/17/06 02:00,0.0
10/17/06 03:00,0.0
10/17/06 04:00,0.0
10/17/06 05:00,0.0
10/17/06 06:00,0.0
10/17/06 07:00,15.9
10/17/06 08:00,37.0
10/17/06 09:00,37.8
10/17/06 10:00,58.5
10/17/06 11:00,17.7
10/17/06 12:00,10.4
10/17/06 13:00,73.8
10/17/06 14:00,61.6
10/17/06 15:00,42.4
10/17/06 16:00,18.6
10/17/06 17:00,0.0
10/17/06 18:00,0.0
10/17/06 19:00,0.0
10/17/06 20:00,0.0
10/17/06 21:00,0.0
10/17/06 22:00,0.0
10/17/06 23:00,0.0
10/18/06 00:00,0.0
10/18/06 01:00,0.0
10/18/06 02:00,0.0
10/18/06 03:00,0.0
10/18/06 04:00,0.0
10/18/06 05:00,0.0
10/18/06 06:00,0.0
10/18/06 07:00,18.9
10/18/06 08:00,42.3
10/18/06 09:00,59.8
10/18/06 10:00,70.7
10/18/06 11:00,78.7
10/18/06 12:00,77.7
10/18/06 13:00,72.7
10/18/06 14:00,60.6
10/18/06 15:00,43.2
10/18/06 16:00,18.6
10/18/06 17:00,0.0
10/18/06 18:00,0.0
10/18/06 19:00,0.0
10/18/06 20:00,0.0
10/18/06 21:00,0.0
10/18/06 22:00,0.0
10/18/06 23:00,0.0
10/19/06 00:00,0.0
10/19/06 01:00,0.0
10/19/06 02:00,0.0
10/19/06 03:00,0.0
10/19/06 04:00,0.0
10/19/06 05:00,0.0
10/19/06 06:00,0.0
10/19/06 07:00,18.9
10/19/06 08:00,43.0
10/19/06 09:00,62.2
10/19/06 10:00,73.3
10/19/06 11:00,78.8
10/19/06 12:00,78.4
10/19/06 13:00,72.5
10/19/06 14:00,60.9
10/19/06 15:00,42.6
10/19/06 16:00,18.0
10/19/06 17:00,0.0
10/19/06 18:00,0.0
10/19/06 19:00,0.0
10/19/06 20:00,0.0
10/19/06 21:00,0.0
10/19/06 22:00,0.0
10/19/06 23:00,0.0
10/20/06 00:00,0.0
10/20/06 01:00,0.0
10/20/06 02:00,0.0
10/20/06 03:00,0.0
10/20/06 04:00,0.0
10/20/06 05:00,0.0
10/20/06 06:00,0.0
10/20/06 07:00,18.2
10/20/06 08:00,39.9
10/20/06 09:00,57.9
10/20/06 10:00,69.4
10/20/06 11:00,74.8
10/20/06 12:00,74.6
10/20/06 13:00,68.5
10/20/06 14:00,58.3
10/20/06 15:00,41.4
10/20/06 16:00,17.0
10/20/06 17:00,0.0
10/20/06 18:00,0.0
10/20/06 19:00,0.0
10/20/06 20:00,0.0
10/20/06 21:00,0.0
10/20/06 22:00,0.0
10/20/06 23:00,0.0
10/21/06 00:00,0.0
10/21/06 01:00,0.0
10/21/06 02:00,0.0
10/21/06 03:00,0.0
10/21/06 04:00,0.0
10/21/06 05:00,0.0
10/21/06 06:00,0.0
10/21/06 07:00,17.9
10/21/06 08:00,40.7
10/21/06 09:00,57.5
10/21/06 10:00,68.1
10/21/06 11:00,73.2
10/21/06 12:00,71.5
10/21/06 13:00,68.0
10/21/06 14:00,57.8
10/21/06 15:00,40.4
10/21/06 16:00,16.5
10/21/06 17:00,0.0
10/21/06 18:00,0.0
10/21/06 19:00,0.0
10/21/06 20:00,0.0
10/21/06 21:00,0.0
10/21/06 22:00,0.0
10/21/06 23:00,0.0
10/22/06 00:00,0.0
10/22/06 01:00,0.0
10/22/06 02:00,0.0
10/22/06 03:00,0.0
10/22/06 04:00,0.0
10/22/06 05:00,0.0
10/22/06 06:00,0.0
10/22/06 07:00,17.8
10/22/06 08:00,41.2
10/22/06 09:00,58.7
10/22/06 10:00,68.4
10/22/06 11:00,72.3
10/22/06 12:00,72.2
10/22/06 13:00,67.9
10/22/06 14:00,57.0
10/22/06 15:00,40.3
10/22/06 16:00,16.1
10/22/06 17:00,0.0
10/22/06 18:00,0.0
10/22/06 19:00,0.0
10/22/06 20:00,0.0
10/22/06 21:00,0.0
10/22/06 22:00,0.0
10/22/06 23:00,0.0
10/23/06 00:00,0.0
10/23/06 01:00,0.0
10/23/06 02:00,0.0
10/23/06 03:00,0.0
10/23/06 04:00,0.0
10/23/06 05:00,0.0
10/23/06 06:00,0.0
10/23/06 07:00,17.0
10/23/06 08:00,39.8
10/23/06 09:00,57.5
10/23/06 10:00,66.1
10/23/06 11:00,70.4
10/23/06 12:00,70.1
10/23/06 13:00,65.0
10/23/06 14:00,53.6
10/23/06 15:00,36.8
10/23/06 16:00,11.3
10/23/06 17:00,0.0
10/23/06 18:00,0.0
10/23/06 19:00,0.0
10/23/06 20:00,0.0
10/23/06 21:00,0.0
10/23/06 22:00,0.0
10/23/06 23:00,0.0
10/24/06 00:00,0.0
10/24/06 01:00,0.0
10/24/06 02:00,0.0
10/24/06 03:00,0.0
10/24/06 04:00,0.0
10/24/06 05:00,0.0
10/24/06 06:00,0.0
10/24/06 07:00,7.0
10/24/06 08:00,25.7
10/24/06 09:00,39.5
10/24/06 10:00,28.3
10/24/06 11:00,26.4
10/24/06 12:00,14.4
10/24/06 13:00,1.2
10/24/06 14:00,0.7
10/24/06 15:00,0.1
10/24/06 16:00,13.3
10/24/06 17:00,0.0
10/24/06 18:00,0.0
10/24/06 19:00,0.0
10/24/06 20:00,0.0
10/24/06 21:00,0.0
10/24/06 22:00,0.0
10/24/06 23:00,0.0
10/25/06 00:00,0.0
10/25/06 01:00,0.0
10/25/06 02:00,0.0
10/25/06 03:00,0.0
10/25/06 04:00,0.0
10/25/06 05:00,0.0
10/25/06 06:00,0.0
10/25/06 07:00,0.0
10/25/06 08:00,23.5
10/25/06 09:00,28.5
10/25/06 10:00,45.9
10/25/06 11:00,63.4
10/25/06 12:00,72.2
10/25/06 13:00,67.9
10/25/06 14:00,57.7
10/25/06 15:00,39.8
10/25/06 16:00,11.6
10/25/06 17:00,0.0
10/25/06 18:00,0.0
10/25/06 19:00,0.0
10/25/06 20:00,0.0
10/25/06 21:00,0.0
10/25/06 22:00,0.0
10/25/06 23:00,0.0
10/26/06 00:00,0.0
10/26/06 01:00,0.0
10/26/06 02:00,0.0
10/26/06 03:00,0.0
10/26/06 04:00,0.0
10/26/06 05:00,0.0
10/26/06 06:00,0.0
10/26/06 07:00,16.8
10/26/06 08:00,39.6
10/26/06 09:00,58.3
10/26/06 10:00,66.2
10/26/06 11:00,74.2
10/26/06 12:00,74.1
10/26/06 13:00,68.2
10/26/06 14:00,56.9
10/26/06 15:00,38.2
10/26/06 16:00,14.5
10/26/06 17:00,0.0
10/26/06 18:00,0.0
10/26/06 19:00,0.0
10/26/06 20:00,0.0
10/26/06 21:00,0.0
10/26/06 22:00,0.0
10/26/06 23:00,0.0
10/27/06 00:00,0.0
10/27/06 01:00,0.0
10/27/06 02:00,0.0
10/27/06 03:00,0.0
10/27/06 04:00,0.0
10/27/06 05:00,0.0
10/27/06 06:00,0.0
10/27/06 07:00,16.5
10/27/06 08:00,38.9
10/27/06 09:00,57.1
10/27/06 10:00,67.9
10/27/06 11:00,72.2
10/27/06 12:00,72.4
10/27/06 13:00,66.8
10/27/06 14:00,54.9
10/27/06 15:00,38.1
10/27/06 16:00,14.1
10/27/06 17:00,0.0
10/27/06 18:00,0.0
10/27/06 19:00,0.0
10/27/06 20:00,0.0
10/27/06 21:00,0.0
10/27/06 22:00,0.0
10/27/06 23:00,0.0
10/28/06 00:00,0.0
10/28/06 01:00,0.0
10/28/06 02:00,0.0
10/28/06 03:00,0.0
10/28/06 04:00,0.0
10/28/06 05:00,0.0
10/28/06 06:00,0.0
10/28/06 07:00,16.3
10/28/06 08:00,38.6
10/28/06 09:00,56.3
10/28/06 10:00,65.9
10/28/06 11:00,70.2
10/28/06 12:00,71.3
10/28/06 13:00,65.7
10/28/06 14:00,52.9
10/28/06 15:00,37.6
10/28/06 16:00,13.7
10/28/06 17:00,0.0
10/28/06 18:00,0.0
10/28/06 19:00,0.0
10/28/06 20:00,0.0
10/28/06 21:00,0.0
10/28/06 22:00,0.0
10/28/06 23:00,0.0
10/29/06 00:00,0.0
10/29/06 01:00,0.0
10/29/06 02:00,0.0
10/29/06 03:00,0.0
10/29/06 04:00,0.0
10/29/06 05:00,0.0
10/29/06 06:00,0.0
10/29/06 07:00,16.0
10/29/06 08:00,38.5
10/29/06 09:00,56.8
10/29/06 10:00,67.5
10/29/06 11:00,72.4
10/29/06 12:00,71.3
10/29/06 13:00,67.3
10/29/06 14:00,53.9
10/29/06 15:00,36.8
10/29/06 16:00,1.2
10/29/06 17:00,0.0
10/29/06 18:00,0.0
10/29/06 19:00,0.0
10/29/06 20:00,0.0
10/29/06 21:00,0.0
10/29/06 22:00,0.0
10/29/06 23:00,0.0
10/30/06 00:00,0.0
10/30/06 01:00,0.0
10/30/06 02:00,0.0
10/30/06 03:00,0.0
10/30/06 04:00,0.0
10/30/06 05:00,0.0
10/30/06 06:00,0.0
10/30/06 07:00,16.0
10/30/06 08:00,38.3
10/30/06 09:00,56.4
10/30/06 10:00,66.3
10/30/06 11:00,71.2
10/30/06 12:00,71.4
10/30/06 13:00,66.4
10/30/06 14:00,55.7
10/30/06 15:00,37.3
10/30/06 16:00,13.3
10/30/06 17:00,0.0
10/30/06 18:00,0.0
10/30/06 19:00,0.0
10/30/06 20:00,0.0
10/30/06 21:00,0.0
10/30/06 22:00,0.0
10/30/06 23:00,0.0
10/31/06 00:00,0.0
10/31/06 01:00,0.0
10/31/06 02:00,0.0
10/31/06 03:00,0.0
10/31/06 04:00,0.0
10/31/06 05:00,0.0
10/31/06 06:00,0.0
10/31/06 07:00,15.6
10/31/06 08:00,36.6
10/31/06 09:00,54.4
10/31/06 10:00,65.6
10/31/06 11:00,71.6
10/31/06 12:00,70.4
10/31/06 13:00,65.0
10/31/06 14:00,55.0
10/31/06 15:00,36.5
10/31/06 16:00,6.2
10/31/06 17:00,0.0
10/31/06 18:00,0.0
10/31/06 19:00,0.0
10/31/06 20:00,0.0
10/31/06 21:00,0.0
10/31/06 22:00,0.0
10/31/06 23:00,0.0
11/01/06 00:00,0.0
11/01/06 01:00,0.0
11/01/06 02:00,0.0
11/01/06 03:00,0.0
11/01/06 04:00,0.0
11/01/06 05:00,0.0
11/01/06 06:00,0.0
11/01/06 07:00,16.2
11/01/06 08:00,39.4
11/01/06 09:00,57.2
11/01/06 10:00,65.8
11/01/06 11:00,72.3
11/01/06 12:00,71.8
11/01/06 13:00,66.2
11/01/06 14:00,55.3
11/01/06 15:00,38.9
11/01/06 16:00,13.1
11/01/06 17:00,0.0
11/01/06 18:00,0.0
11/01/06 19:00,0.0
11/01/06 20:00,0.0
11/01/06 21:00,0.0
11/01/06 22:00,0.0
11/01/06 23:00,0.0
11/02/06 00:00,0.0
11/02/06 01:00,0.0
11/02/06 02:00,0.0
11/02/06 03:00,0.0
11/02/06 04:00,0.0
11/02/06 05:00,0.0
11/02/06 06:00,0.0
11/02/06 07:00,16.0
11/02/06 08:00,38.6
11/02/06 09:00,56.2
11/02/06 10:00,66.5
11/02/06 11:00,72.2
11/02/06 12:00,72.6
11/02/06 13:00,67.1
11/02/06 14:00,55.7
11/02/06 15:00,37.4
11/02/06 16:00,11.6
11/02/06 17:00,0.0
11/02/06 18:00,0.0
11/02/06 19:00,0.0
11/02/06 20:00,0.0
11/02/06 21:00,0.0
11/02/06 22:00,0.0
11/02/06 23:00,0.0
11/03/06 00:00,0.0
11/03/06 01:00,0.0
11/03/06 02:00,0.0
11/03/06 03:00,0.0
11/03/06 04:00,0.0
11/03/06 05:00,0.0
11/03/06 06:00,0.0
11/03/06 07:00,15.7
11/03/06 08:00,39.0
11/03/06 09:00,55.6
11/03/06 10:00,66.4
11/03/06 11:00,70.7
11/03/06 12:00,70.2
11/03/06 13:00,64.7
11/03/06 14:00,54.4
11/03/06 15:00,34.9
11/03/06 16:00,11.5
11/03/06 17:00,0.0
11/03/06 18:00,0.0
11/03/06 19:00,0.0
11/03/06 20:00,0.0
11/03/06 21:00,0.0
11/03/06 22:00,0.0
11/03/06 23:00,0.0
11/04/06 00:00,0.0
11/04/06 01:00,0.0
11/04/06 02:00,0.0
11/04/06 03:00,0.0
11/04/06 04:00,0.0
11/04/06 05:00,0.0
11/04/06 06:00,0.0
11/04/06 07:00,15.5
11/04/06 08:00,38.2
11/04/06 09:00,55.6
11/04/06 10:00,63.4
11/04/06 11:00,70.8
11/04/06 12:00,72.6
11/04/06 13:00,66.4
11/04/06 14:00,55.9
11/04/06 15:00,36.9
11/04/06 16:00,11.2
11/04/06 17:00,0.0
11/04/06 18:00,0.0
11/04/06 19:00,0.0
11/04/06 20:00,0.0
11/04/06 21:00,0.0
11/04/06 22:00,0.0
11/04/06 23:00,0.0
11/05/06 00:00,0.0
11/05/06 01:00,0.0
11/05/06 02:00,0.0
11/05/06 03:00,0.0
11/05/06 04:00,0.0
11/05/06 05:00,0.0
11/05/06 06:00,0.0
11/05/06 07:00,15.4
11/05/06 08:00,39.4
11/05/06 09:00,57.8
11/05/06 10:00,67.7
11/05/06 11:00,71.7
11/05/06 12:00,73.8
11/05/06 13:00,67.8
11/05/06 14:00,56.0
11/05/06 15:00,37.0
11/05/06 16:00,11.3
11/05/06 17:00,0.0
11/05/06 18:00,0.0
11/05/06 19:00,0.0
11/05/06 20:00,0.0
11/05/06 21:00,0.0
11/05/06 22:00,0.0
11/05/06 23:00,0.0
11/06/06 00:00,0.0
11/06/06 01:00,0.0
11/06/06 02:00,0.0
11/06/06 03:00,0.0
11/06/06 04:00,0.0
11/06/06 05:00,0.0
11/06/06 06:00,0.0
11/06/06 07:00,15.3
11/06/06 08:00,38.5
11/06/06 09:00,57.3
11/06/06 10:00,68.2
11/06/06 11:00,73.2
11/06/06 12:00,73.4
11/06/06 13:00,67.2
11/06/06 14:00,55.0
11/06/06 15:00,37.0
11/06/06 16:00,11.0
11/06/06 17:00,0.0
11/06/06 18:00,0.0
11/06/06 19:00,0.0
11/06/06 20:00,0.0
11/06/06 21:00,0.0
11/06/06 22:00,0.0
11/06/06 23:00,0.0
11/07/06 00:00,0.0
11/07/06 01:00,0.0
11/07/06 02:00,0.0
11/07/06 03:00,0.0
11/07/06 04:00,0.0
11/07/06 05:00,0.0
11/07/06 06:00,0.0
11/07/06 07:00,14.5
11/07/06 08:00,37.1
11/07/06 09:00,55.1
11/07/06 10:00,66.0
11/07/06 11:00,71.2
11/07/06 12:00,69.6
11/07/06 13:00,64.6
11/07/06 14:00,54.0
11/07/06 15:00,35.5
11/07/06 16:00,10.3
11/07/06 17:00,0.0
11/07/06 18:00,0.0
11/07/06 19:00,0.0
11/07/06 20:00,0.0
11/07/06 21:00,0.0
11/07/06 22:00,0.0
11/07/06 23:00,0.0
11/08/06 00:00,0.0
11/08/06 01:00,0.0
11/08/06 02:00,0.0
11/08/06 03:00,0.0
11/08/06 04:00,0.0
11/08/06 05:00,0.0
11/08/06 06:00,0.0
11/08/06 07:00,14.2
11/08/06 08:00,35.5
11/08/06 09:00,52.3
11/08/06 10:00,64.6
11/08/06 11:00,70.0
11/08/06 12:00,69.9
11/08/06 13:00,64.5
11/08/06 14:00,53.5
11/08/06 15:00,35.4
11/08/06 16:00,10.2
11/08/06 17:00,0.0
11/08/06 18:00,0.0
11/08/06 19:00,0.0
11/08/06 20:00,0.0
11/08/06 21:00,0.0
11/08/06 22:00,0.0
11/08/06 23:00,0.0
11/09/06 00:00,0.0
11/09/06 01:00,0.0
11/09/06 02:00,0.0
11/09/06 03:00,0.0
11/09/06 04:00,0.0
11/09/06 05:00,0.0
11/09/06 06:00,0.0
11/09/06 07:00,13.9
11/09/06 08:00,36.2
11/09/06 09:00,54.8
11/09/06 10:00,65.2
11/09/06 11:00,69.8
11/09/06 12:00,71.5
11/09/06 13:00,65.7
11/09/06 14:00,54.0
11/09/06 15:00,34.7
11/09/06 16:00,10.1
11/09/06 17:00,0.0
11/09/06 18:00,0.0
11/09/06 19:00,0.0
11/09/06 20:00,0.0
11/09/06 21:00,0.0
11/09/06 22:00,0.0
11/09/06 23:00,0.0
11/10/06 00:00,0.0
11/10/06 01:00,0.0
11/10/06 02:00,0.0
11/10/06 03:00,0.0
11/10/06 04:00,0.0
11/10/06 05:00,0.0
11/10/06 06:00,0.0
11/10/06 07:00,13.9
11/10/06 08:00,36.4
11/10/06 09:00,54.4
11/10/06 10:00,64.9
11/10/06 11:00,70.9
11/10/06 12:00,69.7
11/10/06 13:00,64.6
11/10/06 14:00,53.3
11/10/06 15:00,35.3
11/10/06 16:00,9.5
11/10/06 17:00,0.0
11/10/06 18:00,0.0
11/10/06 19:00,0.0
11/10/06 20:00,0.0
11/10/06 21:00,0.0
11/10/06 22:00,0.0
11/10/06 23:00,0.0
11/11/06 00:00,0.0
11/11/06 01:00,0.0
11/11/06 02:00,0.0
11/11/06 03:00,0.0
11/11/06 04:00,0.0
11/11/06 05:00,0.0
11/11/06 06:00,0.0
11/11/06 07:00,13.6
11/11/06 08:00,35.7
11/11/06 09:00,53.2
11/11/06 10:00,65.2
11/11/06 11:00,70.2
11/11/06 12:00,69.0
11/11/06 13:00,62.6
11/11/06 14:00,51.1
11/11/06 15:00,31.9
11/11/06 16:00,8.5
11/11/06 17:00,0.0
11/11/06 18:00,0.0
11/11/06 19:00,0.0
11/11/06 20:00,0.0
11/11/06 21:00,0.0
11/11/06 22:00,0.0
11/11/06 23:00,0.0
11/12/06 00:00,0.0
11/12/06 01:00,0.0
11/12/06 02:00,0.0
11/12/06 03:00,0.0
11/12/06 04:00,0.0
11/12/06 05:00,0.0
11/12/06 06:00,0.0
11/12/06 07:00,12.6
11/12/06 08:00,34.0
11/12/06 09:00,54.0
11/12/06 10:00,65.9
11/12/06 11:00,71.9
11/12/06 12:00,71.5
11/12/06 13:00,66.9
11/12/06 14:00,55.1
11/12/06 15:00,34.5
11/12/06 16:00,8.6
11/12/06 17:00,0.0
11/12/06 18:00,0.0
11/12/06 19:00,0.0
11/12/06 20:00,0.0
11/12/06 21:00,0.0
11/12/06 22:00,0.0
11/12/06 23:00,0.0
11/13/06 00:00,0.0
11/13/06 01:00,0.0
11/13/06 02:00,0.0
11/13/06 03:00,0.0
11/13/06 04:00,0.0
11/13/06 05:00,0.0
11/13/06 06:00,0.0
11/13/06 07:00,13.6
11/13/06 08:00,36.9
11/13/06 09:00,55.5
11/13/06 10:00,66.8
11/13/06 11:00,73.3
11/13/06 12:00,72.1
11/13/06 13:00,66.0
11/13/06 14:00,54.7
11/13/06 15:00,35.4
11/13/06 16:00,8.3
11/13/06 17:00,0.0
11/13/06 18:00,0.0
11/13/06 19:00,0.0
11/13/06 20:00,0.0
11/13/06 21:00,0.0
11/13/06 22:00,0.0
11/13/06 23:00,0.0
11/14/06 00:00,0.0
11/14/06 01:00,0.0
11/14/06 02:00,0.0
11/14/06 03:00,0.0
11/14/06 04:00,0.0
11/14/06 05:00,0.0
11/14/06 06:00,0.0
11/14/06 07:00,12.5
11/14/06 08:00,34.0
11/14/06 09:00,52.1
11/14/06 10:00,65.2
11/14/06 11:00,72.0
11/14/06 12:00,72.5
11/14/06 13:00,65.3
11/14/06 14:00,54.7
11/14/06 15:00,35.6
11/14/06 16:00,8.3
11/14/06 17:00,0.0
11/14/06 18:00,0.0
11/14/06 19:00,0.0
11/14/06 20:00,0.0
11/14/06 21:00,0.0
11/14/06 22:00,0.0
11/14/06 23:00,0.0
11/15/06 00:00,0.0
11/15/06 01:00,0.0
11/15/06 02:00,0.0
11/15/06 03:00,0.0
11/15/06 04:00,0.0
11/15/06 05:00,0.0
11/15/06 06:00,0.0
11/15/06 07:00,12.8
11/15/06 08:00,35.3
11/15/06 09:00,56.5
11/15/06 10:00,69.0
11/15/06 11:00,73.0
11/15/06 12:00,73.6
11/15/06 13:00,67.1
11/15/06 14:00,55.1
11/15/06 15:00,35.6
11/15/06 16:00,7.9
11/15/06 17:00,0.0
11/15/06 18:00,0.0
11/15/06 19:00,0.0
11/15/06 20:00,0.0
11/15/06 21:00,0.0
11/15/06 22:00,0.0
11/15/06 23:00,0.0
11/16/06 00:00,0.0
11/16/06 01:00,0.0
11/16/06 02:00,0.0
11/16/06 03:00,0.0
11/16/06 04:00,0.0
11/16/06 05:00,0.0
11/16/06 06:00,0.0
11/16/06 07:00,12.5
11/16/06 08:00,36.7
11/16/06 09:00,56.3
11/16/06 10:00,68.3
11/16/06 11:00,73.8
11/16/06 12:00,71.3
11/16/06 13:00,64.7
11/16/06 14:00,53.9
11/16/06 15:00,35.0
11/16/06 16:00,7.5
11/16/06 17:00,0.0
11/16/06 18:00,0.0
11/16/06 19:00,0.0
11/16/06 20:00,0.0
11/16/06 21:00,0.0
11/16/06 22:00,0.0
11/16/06 23:00,0.0
11/17/06 00:00,0.0
11/17/06 01:00,0.0
11/17/06 02:00,0.0
11/17/06 03:00,0.0
11/17/06 04:00,0.0
11/17/06 05:00,0.0
11/17/06 06:00,0.0
11/17/06 07:00,12.4
11/17/06 08:00,35.9
11/17/06 09:00,54.4
11/17/06 10:00,62.8
11/17/06 11:00,70.1
11/17/06 12:00,70.2
11/17/06 13:00,64.7
11/17/06 14:00,53.6
11/17/06 15:00,34.4
11/17/06 16:00,7.1
11/17/06 17:00,0.0
11/17/06 18:00,0.0
11/17/06 19:00,0.0
11/17/06 20:00,0.0
11/17/06 21:00,0.0
11/17/06 22:00,0.0
11/17/06 23:00,0.0
11/18/06 00:00,0.0
11/18/06 01:00,0.0
11/18/06 02:00,0.0
11/18/06 03:00,0.0
11/18/06 04:00,0.0
11/18/06 05:00,0.0
11/18/06 06:00,0.0
11/18/06 07:00,12.1
11/18/06 08:00,35.7
11/18/06 09:00,54.8
11/18/06 10:00,66.4
11/18/06 11:00,71.2
11/18/06 12:00,70.0
11/18/06 13:00,64.7
11/18/06 14:00,53.5
11/18/06 15:00,34.2
11/18/06 16:00,6.6
11/18/06 17:00,0.0
11/18/06 18:00,0.0
11/18/06 19:00,0.0
11/18/06 20:00,0.0
11/18/06 21:00,0.0
11/18/06 22:00,0.0
11/18/06 23:00,0.0
11/19/06 00:00,0.0
11/19/06 01:00,0.0
11/19/06 02:00,0.0
11/19/06 03:00,0.0
11/19/06 04:00,0.0
11/19/06 05:00,0.0
11/19/06 06:00,0.0
11/19/06 07:00,11.8
11/19/06 08:00,34.2
11/19/06 09:00,54.6
11/19/06 10:00,67.0
11/19/06 11:00,71.9
11/19/06 12:00,71.1
11/19/06 13:00,64.4
11/19/06 14:00,53.6
11/19/06 15:00,34.5
11/19/06 16:00,6.4
11/19/06 17:00,0.0
11/19/06 18:00,0.0
11/19/06 19:00,0.0
11/19/06 20:00,0.0
11/19/06 21:00,0.0
11/19/06 22:00,0.0
11/19/06 23:00,0.0
11/20/06 00:00,0.0
11/20/06 01:00,0.0
11/20/06 02:00,0.0
11/20/06 03:00,0.0
11/20/06 04:00,0.0
11/20/06 05:00,0.0
11/20/06 06:00,0.0
11/20/06 07:00,11.3
11/20/06 08:00,34.4
11/20/06 09:00,53.2
11/20/06 10:00,63.9
11/20/06 11:00,70.3
11/20/06 12:00,69.2
11/20/06 13:00,64.5
11/20/06 14:00,53.2
11/20/06 15:00,33.7
11/20/06 16:00,5.5
11/20/06 17:00,0.0
11/20/06 18:00,0.0
11/20/06 19:00,0.0
11/20/06 20:00,0.0
11/20/06 21:00,0.0
11/20/06 22:00,0.0
11/20/06 23:00,0.0
11/21/06 00:00,0.0
11/21/06 01:00,0.0
11/21/06 02:00,0.0
11/21/06 03:00,0.0
11/21/06 04:00,0.0
11/21/06 05:00,0.0
11/21/06 06:00,0.0
11/21/06 07:00,11.0
11/21/06 08:00,34.4
11/21/06 09:00,53.2
11/21/06 10:00,61.7
11/21/06 11:00,69.4
11/21/06 12:00,69.1
11/21/06 13:00,64.2
11/21/06 14:00,52.6
11/21/06 15:00,33.6
11/21/06 16:00,4.8
11/21/06 17:00,0.0
11/21/06 18:00,0.0
11/21/06 19:00,0.0
11/21/06 20:00,0.0
11/21/06 21:00,0.0
11/21/06 22:00,0.0
11/21/06 23:00,0.0
11/22/06 00:00,0.0
11/22/06 01:00,0.0
11/22/06 02:00,0.0
11/22/06 03:00,0.0
11/22/06 04:00,0.0
11/22/06 05:00,0.0
11/22/06 06:00,0.0
11/22/06 07:00,10.7
11/22/06 08:00,33.5
11/22/06 09:00,50.0
11/22/06 10:00,63.0
11/22/06 11:00,68.4
11/22/06 12:00,68.0
11/22/06 13:00,62.8
11/22/06 14:00,52.2
11/22/06 15:00,32.5
11/22/06 16:00,3.4
11/22/06 17:00,0.0
11/22/06 18:00,0.0
11/22/06 19:00,0.0
11/22/06 20:00,0.0
11/22/06 21:00,0.0
11/22/06 22:00,0.0
11/22/06 23:00,0.0
11/23/06 00:00,0.0
11/23/06 01:00,0.0
11/23/06 02:00,0.0
11/23/06 03:00,0.0
11/23/06 04:00,0.0
11/23/06 05:00,0.0
11/23/06 06:00,0.0
11/23/06 07:00,10.3
11/23/06 08:00,33.4
11/23/06 09:00,50.4
11/23/06 10:00,60.6
11/23/06 11:00,64.5
11/23/06 12:00,66.2
11/23/06 13:00,59.0
11/23/06 14:00,49.7
11/23/06 15:00,30.0
11/23/06 16:00,4.2
11/23/06 17:00,0.0
11/23/06 18:00,0.0
11/23/06 19:00,0.0
11/23/06 20:00,0.0
11/23/06 21:00,0.0
11/23/06 22:00,0.0
11/23/06 23:00,0.0
11/24/06 00:00,0.0
11/24/06 01:00,0.0
11/24/06 02:00,0.0
11/24/06 03:00,0.0
11/24/06 04:00,0.0
11/24/06 05:00,0.0
11/24/06 06:00,0.0
11/24/06 07:00,9.1
11/24/06 08:00,33.2
11/24/06 09:00,51.7
11/24/06 10:00,62.5
11/24/06 11:00,67.7
11/24/06 12:00,65.1
11/24/06 13:00,59.3
11/24/06 14:00,50.8
11/24/06 15:00,32.5
11/24/06 16:00,3.3
11/24/06 17:00,0.0
11/24/06 18:00,0.0
11/24/06 19:00,0.0
11/24/06 20:00,0.0
11/24/06 21:00,0.0
11/24/06 22:00,0.0
11/24/06 23:00,0.0
11/25/06 00:00,0.0
11/25/06 01:00,0.0
11/25/06 02:00,0.0
11/25/06 03:00,0.0
11/25/06 04:00,0.0
11/25/06 05:00,0.0
11/25/06 06:00,0.0
11/25/06 07:00,8.9
11/25/06 08:00,33.3
11/25/06 09:00,52.6
11/25/06 10:00,65.3
11/25/06 11:00,71.1
11/25/06 12:00,70.2
11/25/06 13:00,65.1
11/25/06 14:00,52.0
11/25/06 15:00,33.4
11/25/06 16:00,2.9
11/25/06 17:00,0.0
11/25/06 18:00,0.0
11/25/06 19:00,0.0
11/25/06 20:00,0.0
11/25/06 21:00,0.0
11/25/06 22:00,0.0
11/25/06 23:00,0.0
11/26/06 00:00,0.0
11/26/06 01:00,0.0
11/26/06 02:00,0.0
11/26/06 03:00,0.0
11/26/06 04:00,0.0
11/26/06 05:00,0.0
11/26/06 06:00,0.0
11/26/06 07:00,0.7
11/26/06 08:00,10.1
11/26/06 09:00,38.1
11/26/06 10:00,62.1
11/26/06 11:00,70.7
11/26/06 12:00,70.8
11/26/06 13:00,66.2
11/26/06 14:00,54.1
11/26/06 15:00,33.1
11/26/06 16:00,2.8
11/26/06 17:00,0.0
11/26/06 18:00,0.0
11/26/06 19:00,0.0
11/26/06 20:00,0.0
11/26/06 21:00,0.0
11/26/06 22:00,0.0
11/26/06 23:00,0.0
11/27/06 00:00,0.0
11/27/06 01:00,0.0
11/27/06 02:00,0.0
11/27/06 03:00,0.0
11/27/06 04:00,0.0
11/27/06 05:00,0.0
11/27/06 06:00,0.0
11/27/06 07:00,5.4
11/27/06 08:00,21.8
11/27/06 09:00,47.6
11/27/06 10:00,63.3
11/27/06 11:00,70.7
11/27/06 12:00,71.6
11/27/06 13:00,65.2
11/27/06 14:00,53.6
11/27/06 15:00,33.0
11/27/06 16:00,3.5
11/27/06 17:00,0.0
11/27/06 18:00,0.0
11/27/06 19:00,0.0
11/27/06 20:00,0.0
11/27/06 21:00,0.0
11/27/06 22:00,0.0
11/27/06 23:00,0.0
11/28/06 00:00,0.0
11/28/06 01:00,0.0
11/28/06 02:00,0.0
11/28/06 03:00,0.0
11/28/06 04:00,0.0
11/28/06 05:00,0.0
11/28/06 06:00,0.0
11/28/06 07:00,4.0
11/28/06 08:00,23.2
11/28/06 09:00,0.3
11/28/06 10:00,0.8
11/28/06 11:00,1.1
11/28/06 12:00,1.0
11/28/06 13:00,4.1
11/28/06 14:00,4.1
11/28/06 15:00,0.0
11/28/06 16:00,0.3
11/28/06 17:00,0.0
11/28/06 18:00,0.0
11/28/06 19:00,0.0
11/28/06 20:00,0.0
11/28/06 21:00,0.0
11/28/06 22:00,0.0
11/28/06 23:00,0.0
11/29/06 00:00,0.0
11/29/06 01:00,0.0
11/29/06 02:00,0.0
11/29/06 03:00,0.0
11/29/06 04:00,0.0
11/29/06 05:00,0.0
11/29/06 06:00,0.0
11/29/06 07:00,6.0
11/29/06 08:00,33.0
11/29/06 09:00,53.8
11/29/06 10:00,68.5
11/29/06 11:00,75.9
11/29/06 12:00,76.2
11/29/06 13:00,70.4
11/29/06 14:00,57.0
11/29/06 15:00,34.4
11/29/06 16:00,2.3
11/29/06 17:00,0.0
11/29/06 18:00,0.0
11/29/06 19:00,0.0
11/29/06 20:00,0.0
11/29/06 21:00,0.0
11/29/06 22:00,0.0
11/29/06 23:00,0.0
11/30/06 00:00,0.0
11/30/06 01:00,0.0
11/30/06 02:00,0.0
11/30/06 03:00,0.0
11/30/06 04:00,0.0
11/30/06 05:00,0.0
11/30/06 06:00,0.0
11/30/06 07:00,5.8
11/30/06 08:00,33.7
11/30/06 09:00,52.4
11/30/06 10:00,64.4
11/30/06 11:00,71.8
11/30/06 12:00,74.9
11/30/06 13:00,68.2
11/30/06 14:00,55.9
11/30/06 15:00,35.5
11/30/06 16:00,1.5
11/30/06 17:00,0.0
11/30/06 18:00,0.0
11/30/06 19:00,0.0
11/30/06 20:00,0.0
11/30/06 21:00,0.0
11/30/06 22:00,0.0
11/30/06 23:00,0.0
12/01/06 00:00,0.0
12/01/06 01:00,0.0
12/01/06 02:00,0.0
12/01/06 03:00,0.0
12/01/06 04:00,0.0
12/01/06 05:00,0.0
12/01/06 06:00,0.0
12/01/06 07:00,6.2
12/01/06 08:00,33.8
12/01/06 09:00,53.6
12/01/06 10:00,65.2
12/01/06 11:00,70.8
12/01/06 12:00,70.9
12/01/06 13:00,66.0
12/01/06 14:00,55.4
12/01/06 15:00,34.9
12/01/06 16:00,6.0
12/01/06 17:00,0.0
12/01/06 18:00,0.0
12/01/06 19:00,0.0
12/01/06 20:00,0.0
12/01/06 21:00,0.0
12/01/06 22:00,0.0
12/01/06 23:00,0.0
12/02/06 00:00,0.0
12/02/06 01:00,0.0
12/02/06 02:00,0.0
12/02/06 03:00,0.0
12/02/06 04:00,0.0
12/02/06 05:00,0.0
12/02/06 06:00,0.0
12/02/06 07:00,6.0
12/02/06 08:00,32.7
12/02/06 09:00,52.7
12/02/06 10:00,65.1
12/02/06 11:00,70.3
12/02/06 12:00,71.2
12/02/06 13:00,65.9
12/02/06 14:00,55.6
12/02/06 15:00,35.4
12/02/06 16:00,5.8
12/02/06 17:00,0.0
12/02/06 18:00,0.0
12/02/06 19:00,0.0
12/02/06 20:00,0.0
12/02/06 21:00,0.0
12/02/06 22:00,0.0
12/02/06 23:00,0.0
12/03/06 00:00,0.0
12/03/06 01:00,0.0
12/03/06 02:00,0.0
12/03/06 03:00,0.0
12/03/06 04:00,0.0
12/03/06 05:00,0.0
12/03/06 06:00,0.0
12/03/06 07:00,5.5
12/03/06 08:00,33.1
12/03/06 09:00,53.9
12/03/06 10:00,67.5
12/03/06 11:00,70.4
12/03/06 12:00,71.0
12/03/06 13:00,67.9
12/03/06 14:00,55.2
12/03/06 15:00,35.2
12/03/06 16:00,5.7
12/03/06 17:00,0.0
12/03/06 18:00,0.0
12/03/06 19:00,0.0
12/03/06 20:00,0.0
12/03/06 21:00,0.0
12/03/06 22:00,0.0
12/03/06 23:00,0.0
12/04/06 00:00,0.0
12/04/06 01:00,0.0
12/04/06 02:00,0.0
12/04/06 03:00,0.0
12/04/06 04:00,0.0
12/04/06 05:00,0.0
12/04/06 06:00,0.0
12/04/06 07:00,4.8
12/04/06 08:00,32.0
12/04/06 09:00,52.3
12/04/06 10:00,64.1
12/04/06 11:00,70.7
12/04/06 12:00,71.9
12/04/06 13:00,66.4
12/04/06 14:00,54.3
12/04/06 15:00,35.1
12/04/06 16:00,5.6
12/04/06 17:00,0.0
12/04/06 18:00,0.0
12/04/06 19:00,0.0
12/04/06 20:00,0.0
12/04/06 21:00,0.0
12/04/06 22:00,0.0
12/04/06 23:00,0.0
12/05/06 00:00,0.0
12/05/06 01:00,0.0
12/05/06 02:00,0.0
12/05/06 03:00,0.0
12/05/06 04:00,0.0
12/05/06 05:00,0.0
12/05/06 06:00,0.0
12/05/06 07:00,4.5
12/05/06 08:00,32.0
12/05/06 09:00,52.3
12/05/06 10:00,65.2
12/05/06 11:00,70.9
12/05/06 12:00,69.4
12/05/06 13:00,61.8
12/05/06 14:00,53.5
12/05/06 15:00,34.6
12/05/06 16:00,5.6
12/05/06 17:00,0.0
12/05/06 18:00,0.0
12/05/06 19:00,0.0
12/05/06 20:00,0.0
12/05/06 21:00,0.0
12/05/06 22:00,0.0
12/05/06 23:00,0.0
12/06/06 00:00,0.0
12/06/06 01:00,0.0
12/06/06 02:00,0.0
12/06/06 03:00,0.0
12/06/06 04:00,0.0
12/06/06 05:00,0.0
12/06/06 06:00,0.0
12/06/06 07:00,4.2
12/06/06 08:00,31.7
12/06/06 09:00,50.7
12/06/06 10:00,63.7
12/06/06 11:00,69.2
12/06/06 12:00,68.9
12/06/06 13:00,64.9
12/06/06 14:00,53.7
12/06/06 15:00,34.2
12/06/06 16:00,5.7
12/06/06 17:00,0.0
12/06/06 18:00,0.0
12/06/06 19:00,0.0
12/06/06 20:00,0.0
12/06/06 21:00,0.0
12/06/06 22:00,0.0
12/06/06 23:00,0.0
12/07/06 00:00,0.0
12/07/06 01:00,0.0
12/07/06 02:00,0.0
12/07/06 03:00,0.0
12/07/06 04:00,0.0
12/07/06 05:00,0.0
12/07/06 06:00,0.0
12/07/06 07:00,3.6
12/07/06 08:00,30.6
12/07/06 09:00,50.7
12/07/06 10:00,63.8
12/07/06 11:00,70.5
12/07/06 12:00,70.7
12/07/06 13:00,64.5
12/07/06 14:00,53.6
12/07/06 15:00,34.4
12/07/06 16:00,5.8
12/07/06 17:00,0.0
12/07/06 18:00,0.0
12/07/06 19:00,0.0
12/07/06 20:00,0.0
12/07/06 21:00,0.0
12/07/06 22:00,0.0
12/07/06 23:00,0.0
12/08/06 00:00,0.0
12/08/06 01:00,0.0
12/08/06 02:00,0.0
12/08/06 03:00,0.0
12/08/06 04:00,0.0
12/08/06 05:00,0.0
12/08/06 06:00,0.0
12/08/06 07:00,3.4
12/08/06 08:00,30.5
12/08/06 09:00,50.8
12/08/06 10:00,64.5
12/08/06 11:00,70.6
12/08/06 12:00,70.7
12/08/06 13:00,67.0
12/08/06 14:00,54.9
12/08/06 15:00,34.4
12/08/06 16:00,6.0
12/08/06 17:00,0.0
12/08/06 18:00,0.0
12/08/06 19:00,0.0
12/08/06 20:00,0.0
12/08/06 21:00,0.0
12/08/06 22:00,0.0
12/08/06 23:00,0.0
12/09/06 00:00,0.0
12/09/06 01:00,0.0
12/09/06 02:00,0.0
12/09/06 03:00,0.0
12/09/06 04:00,0.0
12/09/06 05:00,0.0
12/09/06 06:00,0.0
12/09/06 07:00,3.1
12/09/06 08:00,30.1
12/09/06 09:00,49.3
12/09/06 10:00,61.9
12/09/06 11:00,68.6
12/09/06 12:00,69.3
12/09/06 13:00,64.0
12/09/06 14:00,53.6
12/09/06 15:00,34.6
12/09/06 16:00,6.1
12/09/06 17:00,0.0
12/09/06 18:00,0.0
12/09/06 19:00,0.0
12/09/06 20:00,0.0
12/09/06 21:00,0.0
12/09/06 22:00,0.0
12/09/06 23:00,0.0
12/10/06 00:00,0.0
12/10/06 01:00,0.0
12/10/06 02:00,0.0
12/10/06 03:00,0.0
12/10/06 04:00,0.0
12/10/06 05:00,0.0
12/10/06 06:00,0.0
12/10/06 07:00,2.8
12/10/06 08:00,29.5
12/10/06 09:00,48.6
12/10/06 10:00,63.4
12/10/06 11:00,71.0
12/10/06 12:00,70.8
12/10/06 13:00,66.4
12/10/06 14:00,55.5
12/10/06 15:00,34.5
12/10/06 16:00,6.4
12/10/06 17:00,0.0
12/10/06 18:00,0.0
12/10/06 19:00,0.0
12/10/06 20:00,0.0
12/10/06 21:00,0.0
12/10/06 22:00,0.0
12/10/06 23:00,0.0
12/11/06 00:00,0.0
12/11/06 01:00,0.0
12/11/06 02:00,0.0
12/11/06 03:00,0.0
12/11/06 04:00,0.0
12/11/06 05:00,0.0
12/11/06 06:00,0.0
12/11/06 07:00,2.8
12/11/06 08:00,30.2
12/11/06 09:00,50.2
12/11/06 10:00,63.5
12/11/06 11:00,69.8
12/11/06 12:00,70.5
12/11/06 13:00,65.7
12/11/06 14:00,55.4
12/11/06 15:00,35.9
12/11/06 16:00,7.1
12/11/06 17:00,0.0
12/11/06 18:00,0.0
12/11/06 19:00,0.0
12/11/06 20:00,0.0
12/11/06 21:00,0.0
12/11/06 22:00,0.0
12/11/06 23:00,0.0
12/12/06 00:00,0.0
12/12/06 01:00,0.0
12/12/06 02:00,0.0
12/12/06 03:00,0.0
12/12/06 04:00,0.0
12/12/06 05:00,0.0
12/12/06 06:00,0.0
12/12/06 07:00,2.6
12/12/06 08:00,30.6
12/12/06 09:00,51.1
12/12/06 10:00,65.0
12/12/06 11:00,71.3
12/12/06 12:00,72.7
12/12/06 13:00,66.7
12/12/06 14:00,55.1
12/12/06 15:00,35.8
12/12/06 16:00,8.5
12/12/06 17:00,0.0
12/12/06 18:00,0.0
12/12/06 19:00,0.0
12/12/06 20:00,0.0
12/12/06 21:00,0.0
12/12/06 22:00,0.0
12/12/06 23:00,0.0
12/13/06 00:00,0.0
12/13/06 01:00,0.0
12/13/06 02:00,0.0
12/13/06 03:00,0.0
12/13/06 04:00,0.0
12/13/06 05:00,0.0
12/13/06 06:00,0.0
12/13/06 07:00,2.4
12/13/06 08:00,29.8
12/13/06 09:00,48.2
12/13/06 10:00,60.1
12/13/06 11:00,69.2
12/13/06 12:00,70.1
12/13/06 13:00,65.4
12/13/06 14:00,55.1
12/13/06 15:00,35.4
12/13/06 16:00,9.2
12/13/06 17:00,0.0
12/13/06 18:00,0.0
12/13/06 19:00,0.0
12/13/06 20:00,0.0
12/13/06 21:00,0.0
12/13/06 22:00,0.0
12/13/06 23:00,0.0
12/14/06 00:00,0.0
12/14/06 01:00,0.0
12/14/06 02:00,0.0
12/14/06 03:00,0.0
12/14/06 04:00,0.0
12/14/06 05:00,0.0
12/14/06 06:00,0.0
12/14/06 07:00,2.2
12/14/06 08:00,28.8
12/14/06 09:00,47.6
12/14/06 10:00,62.4
12/14/06 11:00,69.0
12/14/06 12:00,70.4
12/14/06 13:00,65.4
12/14/06 14:00,55.1
12/14/06 15:00,35.7
12/14/06 16:00,9.6
12/14/06 17:00,0.0
12/14/06 18:00,0.0
12/14/06 19:00,0.0
12/14/06 20:00,0.0
12/14/06 21:00,0.0
12/14/06 22:00,0.0
12/14/06 23:00,0.0
12/15/06 00:00,0.0
12/15/06 01:00,0.0
12/15/06 02:00,0.0
12/15/06 03:00,0.0
12/15/06 04:00,0.0
12/15/06 05:00,0.0
12/15/06 06:00,0.0
12/15/06 07:00,2.0
12/15/06 08:00,29.4
12/15/06 09:00,49.5
12/15/06 10:00,60.5
12/15/06 11:00,68.0
12/15/06 12:00,67.0
12/15/06 13:00,65.0
12/15/06 14:00,52.9
12/15/06 15:00,35.5
12/15/06 16:00,10.2
12/15/06 17:00,0.0
12/15/06 18:00,0.0
12/15/06 19:00,0.0
12/15/06 20:00,0.0
12/15/06 21:00,0.0
12/15/06 22:00,0.0
12/15/06 23:00,0.0
12/16/06 00:00,0.0
12/16/06 01:00,0.0
12/16/06 02:00,0.0
12/16/06 03:00,0.0
12/16/06 04:00,0.0
12/16/06 05:00,0.0
12/16/06 06:00,0.0
12/16/06 07:00,1.9
12/16/06 08:00,29.0
12/16/06 09:00,48.2
12/16/06 10:00,62.6
12/16/06 11:00,69.4
12/16/06 12:00,70.6
12/16/06 13:00,64.5
12/16/06 14:00,53.0
12/16/06 15:00,34.6
12/16/06 16:00,10.6
12/16/06 17:00,0.0
12/16/06 18:00,0.0
12/16/06 19:00,0.0
12/16/06 20:00,0.0
12/16/06 21:00,0.0
12/16/06 22:00,0.0
12/16/06 23:00,0.0
12/17/06 00:00,0.0
12/17/06 01:00,0.0
12/17/06 02:00,0.0
12/17/06 03:00,0.0
12/17/06 04:00,0.0
12/17/06 05:00,0.0
12/17/06 06:00,0.0
12/17/06 07:00,1.1
12/17/06 08:00,28.4
12/17/06 09:00,48.7
12/17/06 10:00,62.0
12/17/06 11:00,69.0
12/17/06 12:00,71.1
12/17/06 13:00,68.3
12/17/06 14:00,56.5
12/17/06 15:00,36.0
12/17/06 16:00,11.2
12/17/06 17:00,0.0
12/17/06 18:00,0.0
12/17/06 19:00,0.0
12/17/06 20:00,0.0
12/17/06 21:00,0.0
12/17/06 22:00,0.0
12/17/06 23:00,0.0
12/18/06 00:00,0.0
12/18/06 01:00,0.0
12/18/06 02:00,0.0
12/18/06 03:00,0.0
12/18/06 04:00,0.0
12/18/06 05:00,0.0
12/18/06 06:00,0.0
12/18/06 07:00,1.5
12/18/06 08:00,27.5
12/18/06 09:00,49.1
12/18/06 10:00,63.3
12/18/06 11:00,70.5
12/18/06 12:00,72.8
12/18/06 13:00,67.7
12/18/06 14:00,57.0
12/18/06 15:00,37.1
12/18/06 16:00,10.9
12/18/06 17:00,0.0
12/18/06 18:00,0.0
12/18/06 19:00,0.0
12/18/06 20:00,0.0
12/18/06 21:00,0.0
12/18/06 22:00,0.0
12/18/06 23:00,0.0
12/19/06 00:00,0.0
12/19/06 01:00,0.0
12/19/06 02:00,0.0
12/19/06 03:00,0.0
12/19/06 04:00,0.0
12/19/06 05:00,0.0
12/19/06 06:00,0.0
12/19/06 07:00,0.0
12/19/06 08:00,26.4
12/19/06 09:00,46.6
12/19/06 10:00,61.7
12/19/06 11:00,69.1
12/19/06 12:00,73.8
12/19/06 13:00,70.6
12/19/06 14:00,58.3
12/19/06 15:00,37.4
12/19/06 16:00,11.7
12/19/06 17:00,0.0
12/19/06 18:00,0.0
12/19/06 19:00,0.0
12/19/06 20:00,0.0
12/19/06 21:00,0.0
12/19/06 22:00,0.0
12/19/06 23:00,0.0
12/20/06 00:00,0.0
12/20/06 01:00,0.0
12/20/06 02:00,0.0
12/20/06 03:00,0.0
12/20/06 04:00,0.0
12/20/06 05:00,0.0
12/20/06 06:00,0.0
12/20/06 07:00,0.0
12/20/06 08:00,28.8
12/20/06 09:00,50.0
12/20/06 10:00,64.7
12/20/06 11:00,71.9
12/20/06 12:00,74.7
12/20/06 13:00,70.4
12/20/06 14:00,59.5
12/20/06 15:00,39.1
12/20/06 16:00,12.4
12/20/06 17:00,0.0
12/20/06 18:00,0.0
12/20/06 19:00,0.0
12/20/06 20:00,0.0
12/20/06 21:00,0.0
12/20/06 22:00,0.0
12/20/06 23:00,0.0
12/21/06 00:00,0.0
12/21/06 01:00,0.0
12/21/06 02:00,0.0
12/21/06 03:00,0.0
12/21/06 04:00,0.0
12/21/06 05:00,0.0
12/21/06 06:00,0.0
12/21/06 07:00,0.0
12/21/06 08:00,29.2
12/21/06 09:00,50.6
12/21/06 10:00,64.9
12/21/06 11:00,73.2
12/21/06 12:00,73.5
12/21/06 13:00,69.8
12/21/06 14:00,58.2
12/21/06 15:00,38.9
12/21/06 16:00,12.8
12/21/06 17:00,0.0
12/21/06 18:00,0.0
12/21/06 19:00,0.0
12/21/06 20:00,0.0
12/21/06 21:00,0.0
12/21/06 22:00,0.0
12/21/06 23:00,0.0
12/22/06 00:00,0.0
12/22/06 01:00,0.0
12/22/06 02:00,0.0
12/22/06 03:00,0.0
12/22/06 04:00,0.0
12/22/06 05:00,0.0
12/22/06 06:00,0.0
12/22/06 07:00,0.0
12/22/06 08:00,22.5
12/22/06 09:00,40.2
12/22/06 10:00,49.0
12/22/06 11:00,1.0
12/22/06 12:00,3.1
12/22/06 13:00,1.4
12/22/06 14:00,0.8
12/22/06 15:00,33.0
12/22/06 16:00,12.6
12/22/06 17:00,0.0
12/22/06 18:00,0.0
12/22/06 19:00,0.0
12/22/06 20:00,0.0
12/22/06 21:00,0.0
12/22/06 22:00,0.0
12/22/06 23:00,0.0
12/23/06 00:00,0.0
12/23/06 01:00,0.0
12/23/06 02:00,0.0
12/23/06 03:00,0.0
12/23/06 04:00,0.0
12/23/06 05:00,0.0
12/23/06 06:00,0.0
12/23/06 07:00,0.0
12/23/06 08:00,29.3
12/23/06 09:00,50.9
12/23/06 10:00,65.4
12/23/06 11:00,70.5
12/23/06 12:00,71.6
12/23/06 13:00,68.8
12/23/06 14:00,58.3
12/23/06 15:00,39.4
12/23/06 16:00,13.2
12/23/06 17:00,0.0
12/23/06 18:00,0.0
12/23/06 19:00,0.0
12/23/06 20:00,0.0
12/23/06 21:00,0.0
12/23/06 22:00,0.0
12/23/06 23:00,0.0
12/24/06 00:00,0.0
12/24/06 01:00,0.0
12/24/06 02:00,0.0
12/24/06 03:00,0.0
12/24/06 04:00,0.0
12/24/06 05:00,0.0
12/24/06 06:00,0.0
12/24/06 07:00,0.0
12/24/06 08:00,28.1
12/24/06 09:00,49.7
12/24/06 10:00,63.4
12/24/06 11:00,68.4
12/24/06 12:00,73.1
12/24/06 13:00,68.3
12/24/06 14:00,57.3
12/24/06 15:00,38.7
12/24/06 16:00,13.1
12/24/06 17:00,0.0
12/24/06 18:00,0.0
12/24/06 19:00,0.0
12/24/06 20:00,0.0
12/24/06 21:00,0.0
12/24/06 22:00,0.0
12/24/06 23:00,0.0
12/25/06 00:00,0.0
12/25/06 01:00,0.0
12/25/06 02:00,0.0
12/25/06 03:00,0.0
12/25/06 04:00,0.0
12/25/06 05:00,0.0
12/25/06 06:00,0.0
12/25/06 07:00,0.0
12/25/06 08:00,27.8
12/25/06 09:00,49.2
12/25/06 10:00,62.7
12/25/06 11:00,70.6
12/25/06 12:00,72.5
12/25/06 13:00,66.6
12/25/06 14:00,56.3
12/25/06 15:00,38.4
12/25/06 16:00,13.0
12/25/06 17:00,0.0
12/25/06 18:00,0.0
12/25/06 19:00,0.0
12/25/06 20:00,0.0
12/25/06 21:00,0.0
12/25/06 22:00,0.0
12/25/06 23:00,0.0
12/26/06 00:00,0.0
12/26/06 01:00,0.0
12/26/06 02:00,0.0
12/26/06 03:00,0.0
12/26/06 04:00,0.0
12/26/06 05:00,0.0
12/26/06 06:00,0.0
12/26/06 07:00,0.0
12/26/06 08:00,27.6
12/26/06 09:00,47.3
12/26/06 10:00,62.1
12/26/06 11:00,67.9
12/26/06 12:00,69.7
12/26/06 13:00,67.0
12/26/06 14:00,59.2
12/26/06 15:00,39.1
12/26/06 16:00,12.9
12/26/06 17:00,0.0
12/26/06 18:00,0.0
12/26/06 19:00,0.0
12/26/06 20:00,0.0
12/26/06 21:00,0.0
12/26/06 22:00,0.0
12/26/06 23:00,0.0
12/27/06 00:00,0.0
12/27/06 01:00,0.0
12/27/06 02:00,0.0
12/27/06 03:00,0.0
12/27/06 04:00,0.0
12/27/06 05:00,0.0
12/27/06 06:00,0.0
12/27/06 07:00,0.0
12/27/06 08:00,24.3
12/27/06 09:00,42.8
12/27/06 10:00,58.8
12/27/06 11:00,63.7
12/27/06 12:00,45.5
12/27/06 13:00,64.7
12/27/06 14:00,0.2
12/27/06 15:00,0.0
12/27/06 16:00,1.4
12/27/06 17:00,0.0
12/27/06 18:00,0.0
12/27/06 19:00,0.0
12/27/06 20:00,0.0
12/27/06 21:00,0.0
12/27/06 22:00,0.0
12/27/06 23:00,0.0
12/28/06 00:00,0.0
12/28/06 01:00,0.0
12/28/06 02:00,0.0
12/28/06 03:00,0.0
12/28/06 04:00,0.0
12/28/06 05:00,0.0
12/28/06 06:00,0.0
12/28/06 07:00,0.0
12/28/06 08:00,23.2
12/28/06 09:00,45.3
12/28/06 10:00,63.4
12/28/06 11:00,72.7
12/28/06 12:00,74.3
12/28/06 13:00,69.3
12/28/06 14:00,58.1
12/28/06 15:00,39.1
12/28/06 16:00,0.0
12/28/06 17:00,0.0
12/28/06 18:00,0.0
12/28/06 19:00,0.0
12/28/06 20:00,0.0
12/28/06 21:00,0.0
12/28/06 22:00,0.0
12/28/06 23:00,0.0
12/29/06 00:00,0.0
12/29/06 01:00,0.0
12/29/06 02:00,0.0
12/29/06 03:00,0.0
12/29/06 04:00,0.0
12/29/06 05:00,0.0
12/29/06 06:00,0.0
12/29/06 07:00,0.0
12/29/06 08:00,26.2
12/29/06 09:00,48.3
12/29/06 10:00,63.6
12/29/06 11:00,70.8
12/29/06 12:00,72.7
12/29/06 13:00,68.4
12/29/06 14:00,60.0
12/29/06 15:00,41.2
12/29/06 16:00,13.8
12/29/06 17:00,0.0
12/29/06 18:00,0.0
12/29/06 19:00,0.0
12/29/06 20:00,0.0
12/29/06 21:00,0.0
12/29/06 22:00,0.0
12/29/06 23:00,0.0
12/30/06 00:00,0.0
12/30/06 01:00,0.0
12/30/06 02:00,0.0
12/30/06 03:00,0.0
12/30/06 04:00,0.0
12/30/06 05:00,0.0
12/30/06 06:00,0.0
12/30/06 07:00,0.0
12/30/06 08:00,27.6
12/30/06 09:00,49.8
12/30/06 10:00,64.6
12/30/06 11:00,72.0
12/30/06 12:00,74.3
12/30/06 13:00,69.5
12/30/06 14:00,59.5
12/30/06 15:00,41.2
12/30/06 16:00,14.5
12/30/06 17:00,0.0
12/30/06 18:00,0.0
12/30/06 19:00,0.0
12/30/06 20:00,0.0
12/30/06 21:00,0.0
12/30/06 22:00,0.0
12/30/06 23:00,0.0
12/31/06 00:00,0.0
12/31/06 01:00,0.0
12/31/06 02:00,0.0
12/31/06 03:00,0.0
12/31/06 04:00,0.0
12/31/06 05:00,0.0
12/31/06 06:00,0.0
12/31/06 07:00,0.0
12/31/06 08:00,27.6
12/31/06 09:00,49.4
12/31/06 10:00,64.0
12/31/06 11:00,72.2
12/31/06 12:00,72.8
12/31/06 13:00,66.2
12/31/06 14:00,58.7
12/31/06 15:00,40.6
12/31/06 16:00,7.0
12/31/06 17:00,0.0
12/31/06 18:00,0.0
12/31/06 19:00,0.0
12/31/06 20:00,0.0
12/31/06 21:00,0.0
12/31/06 22:00,0.0
12/31/06 23:00,0.0
