LocalTime,Power(MW)
01/01/06 00:00,0.0
01/01/06 01:00,0.0
01/01/06 02:00,0.0
01/01/06 03:00,0.0
01/01/06 04:00,0.0
01/01/06 05:00,0.0
01/01/06 06:00,0.0
01/01/06 07:00,0.0
01/01/06 08:00,8.6
01/01/06 09:00,19.6
01/01/06 10:00,35.7
01/01/06 11:00,45.1
01/01/06 12:00,47.9
01/01/06 13:00,38.4
01/01/06 14:00,20.3
01/01/06 15:00,17.0
01/01/06 16:00,8.2
01/01/06 17:00,0.0
01/01/06 18:00,0.0
01/01/06 19:00,0.0
01/01/06 20:00,0.0
01/01/06 21:00,0.0
01/01/06 22:00,0.0
01/01/06 23:00,0.0
01/02/06 00:00,0.0
01/02/06 01:00,0.0
01/02/06 02:00,0.0
01/02/06 03:00,0.0
01/02/06 04:00,0.0
01/02/06 05:00,0.0
01/02/06 06:00,0.0
01/02/06 07:00,0.0
01/02/06 08:00,17.0
01/02/06 09:00,32.1
01/02/06 10:00,41.5
01/02/06 11:00,46.2
01/02/06 12:00,48.6
01/02/06 13:00,45.8
01/02/06 14:00,36.7
01/02/06 15:00,24.6
01/02/06 16:00,8.0
01/02/06 17:00,0.0
01/02/06 18:00,0.0
01/02/06 19:00,0.0
01/02/06 20:00,0.0
01/02/06 21:00,0.0
01/02/06 22:00,0.0
01/02/06 23:00,0.0
01/03/06 00:00,0.0
01/03/06 01:00,0.0
01/03/06 02:00,0.0
01/03/06 03:00,0.0
01/03/06 04:00,0.0
01/03/06 05:00,0.0
01/03/06 06:00,0.0
01/03/06 07:00,0.0
01/03/06 08:00,16.4
01/03/06 09:00,32.1
01/03/06 10:00,42.7
01/03/06 11:00,48.9
01/03/06 12:00,49.9
01/03/06 13:00,47.8
01/03/06 14:00,40.4
01/03/06 15:00,27.0
01/03/06 16:00,10.9
01/03/06 17:00,0.0
01/03/06 18:00,0.0
01/03/06 19:00,0.0
01/03/06 20:00,0.0
01/03/06 21:00,0.0
01/03/06 22:00,0.0
01/03/06 23:00,0.0
01/04/06 00:00,0.0
01/04/06 01:00,0.0
01/04/06 02:00,0.0
01/04/06 03:00,0.0
01/04/06 04:00,0.0
01/04/06 05:00,0.0
01/04/06 06:00,0.0
01/04/06 07:00,0.0
01/04/06 08:00,17.4
01/04/06 09:00,32.7
01/04/06 10:00,42.5
01/04/06 11:00,47.7
01/04/06 12:00,49.5
01/04/06 13:00,47.1
01/04/06 14:00,41.0
01/04/06 15:00,28.7
01/04/06 16:00,11.3
01/04/06 17:00,0.0
01/04/06 18:00,0.0
01/04/06 19:00,0.0
01/04/06 20:00,0.0
01/04/06 21:00,0.0
01/04/06 22:00,0.0
01/04/06 23:00,0.0
01/05/06 00:00,0.0
01/05/06 01:00,0.0
01/05/06 02:00,0.0
01/05/06 03:00,0.0
01/05/06 04:00,0.0
01/05/06 05:00,0.0
01/05/06 06:00,0.0
01/05/06 07:00,0.0
01/05/06 08:00,17.0
01/05/06 09:00,31.4
01/05/06 10:00,41.7
01/05/06 11:00,45.4
01/05/06 12:00,48.0
01/05/06 13:00,46.0
01/05/06 14:00,40.3
01/05/06 15:00,28.5
01/05/06 16:00,11.4
01/05/06 17:00,0.0
01/05/06 18:00,0.0
01/05/06 19:00,0.0
01/05/06 20:00,0.0
01/05/06 21:00,0.0
01/05/06 22:00,0.0
01/05/06 23:00,0.0
01/06/06 00:00,0.0
01/06/06 01:00,0.0
01/06/06 02:00,0.0
01/06/06 03:00,0.0
01/06/06 04:00,0.0
01/06/06 05:00,0.0
01/06/06 06:00,0.0
01/06/06 07:00,0.0
01/06/06 08:00,17.0
01/06/06 09:00,32.3
01/06/06 10:00,42.6
01/06/06 11:00,47.9
01/06/06 12:00,49.2
01/06/06 13:00,47.2
01/06/06 14:00,40.7
01/06/06 15:00,28.4
01/06/06 16:00,11.4
01/06/06 17:00,0.0
01/06/06 18:00,0.0
01/06/06 19:00,0.0
01/06/06 20:00,0.0
01/06/06 21:00,0.0
01/06/06 22:00,0.0
01/06/06 23:00,0.0
01/07/06 00:00,0.0
01/07/06 01:00,0.0
01/07/06 02:00,0.0
01/07/06 03:00,0.0
01/07/06 04:00,0.0
01/07/06 05:00,0.0
01/07/06 06:00,0.0
01/07/06 07:00,0.0
01/07/06 08:00,16.9
01/07/06 09:00,31.3
01/07/06 10:00,40.4
01/07/06 11:00,46.6
01/07/06 12:00,44.2
01/07/06 13:00,40.4
01/07/06 14:00,19.2
01/07/06 15:00,3.9
01/07/06 16:00,11.6
01/07/06 17:00,0.0
01/07/06 18:00,0.0
01/07/06 19:00,0.0
01/07/06 20:00,0.0
01/07/06 21:00,0.0
01/07/06 22:00,0.0
01/07/06 23:00,0.0
01/08/06 00:00,0.0
01/08/06 01:00,0.0
01/08/06 02:00,0.0
01/08/06 03:00,0.0
01/08/06 04:00,0.0
01/08/06 05:00,0.0
01/08/06 06:00,0.0
01/08/06 07:00,0.0
01/08/06 08:00,17.0
01/08/06 09:00,31.1
01/08/06 10:00,40.9
01/08/06 11:00,48.0
01/08/06 12:00,50.2
01/08/06 13:00,47.5
01/08/06 14:00,41.1
01/08/06 15:00,29.2
01/08/06 16:00,12.0
01/08/06 17:00,0.0
01/08/06 18:00,0.0
01/08/06 19:00,0.0
01/08/06 20:00,0.0
01/08/06 21:00,0.0
01/08/06 22:00,0.0
01/08/06 23:00,0.0
01/09/06 00:00,0.0
01/09/06 01:00,0.0
01/09/06 02:00,0.0
01/09/06 03:00,0.0
01/09/06 04:00,0.0
01/09/06 05:00,0.0
01/09/06 06:00,0.0
01/09/06 07:00,0.0
01/09/06 08:00,16.9
01/09/06 09:00,32.2
01/09/06 10:00,42.7
01/09/06 11:00,49.0
01/09/06 12:00,49.8
01/09/06 13:00,48.8
01/09/06 14:00,41.4
01/09/06 15:00,29.5
01/09/06 16:00,12.4
01/09/06 17:00,0.0
01/09/06 18:00,0.0
01/09/06 19:00,0.0
01/09/06 20:00,0.0
01/09/06 21:00,0.0
01/09/06 22:00,0.0
01/09/06 23:00,0.0
01/10/06 00:00,0.0
01/10/06 01:00,0.0
01/10/06 02:00,0.0
01/10/06 03:00,0.0
01/10/06 04:00,0.0
01/10/06 05:00,0.0
01/10/06 06:00,0.0
01/10/06 07:00,0.0
01/10/06 08:00,17.0
01/10/06 09:00,31.4
01/10/06 10:00,42.8
01/10/06 11:00,48.7
01/10/06 12:00,49.6
01/10/06 13:00,47.7
01/10/06 14:00,41.0
01/10/06 15:00,29.6
01/10/06 16:00,12.4
01/10/06 17:00,0.0
01/10/06 18:00,0.0
01/10/06 19:00,0.0
01/10/06 20:00,0.0
01/10/06 21:00,0.0
01/10/06 22:00,0.0
01/10/06 23:00,0.0
01/11/06 00:00,0.0
01/11/06 01:00,0.0
01/11/06 02:00,0.0
01/11/06 03:00,0.0
01/11/06 04:00,0.0
01/11/06 05:00,0.0
01/11/06 06:00,0.0
01/11/06 07:00,0.0
01/11/06 08:00,17.4
01/11/06 09:00,32.8
01/11/06 10:00,42.4
01/11/06 11:00,48.3
01/11/06 12:00,49.9
01/11/06 13:00,47.6
01/11/06 14:00,41.3
01/11/06 15:00,29.5
01/11/06 16:00,12.9
01/11/06 17:00,0.0
01/11/06 18:00,0.0
01/11/06 19:00,0.0
01/11/06 20:00,0.0
01/11/06 21:00,0.0
01/11/06 22:00,0.0
01/11/06 23:00,0.0
01/12/06 00:00,0.0
01/12/06 01:00,0.0
01/12/06 02:00,0.0
01/12/06 03:00,0.0
01/12/06 04:00,0.0
01/12/06 05:00,0.0
01/12/06 06:00,0.0
01/12/06 07:00,0.0
01/12/06 08:00,17.4
01/12/06 09:00,32.5
01/12/06 10:00,43.4
01/12/06 11:00,48.3
01/12/06 12:00,49.7
01/12/06 13:00,48.4
01/12/06 14:00,42.4
01/12/06 15:00,30.5
01/12/06 16:00,13.1
01/12/06 17:00,0.0
01/12/06 18:00,0.0
01/12/06 19:00,0.0
01/12/06 20:00,0.0
01/12/06 21:00,0.0
01/12/06 22:00,0.0
01/12/06 23:00,0.0
01/13/06 00:00,0.0
01/13/06 01:00,0.0
01/13/06 02:00,0.0
01/13/06 03:00,0.0
01/13/06 04:00,0.0
01/13/06 05:00,0.0
01/13/06 06:00,0.0
01/13/06 07:00,0.0
01/13/06 08:00,17.1
01/13/06 09:00,32.4
01/13/06 10:00,43.2
01/13/06 11:00,46.7
01/13/06 12:00,49.1
01/13/06 13:00,47.3
01/13/06 14:00,41.7
01/13/06 15:00,30.3
01/13/06 16:00,13.0
01/13/06 17:00,0.0
01/13/06 18:00,0.0
01/13/06 19:00,0.0
01/13/06 20:00,0.0
01/13/06 21:00,0.0
01/13/06 22:00,0.0
01/13/06 23:00,0.0
01/14/06 00:00,0.0
01/14/06 01:00,0.0
01/14/06 02:00,0.0
01/14/06 03:00,0.0
01/14/06 04:00,0.0
01/14/06 05:00,0.0
01/14/06 06:00,0.0
01/14/06 07:00,0.0
01/14/06 08:00,16.7
01/14/06 09:00,32.2
01/14/06 10:00,43.0
01/14/06 11:00,48.3
01/14/06 12:00,50.1
01/14/06 13:00,48.5
01/14/06 14:00,41.9
01/14/06 15:00,30.1
01/14/06 16:00,0.9
01/14/06 17:00,0.0
01/14/06 18:00,0.0
01/14/06 19:00,0.0
01/14/06 20:00,0.0
01/14/06 21:00,0.0
01/14/06 22:00,0.0
01/14/06 23:00,0.0
01/15/06 00:00,0.0
01/15/06 01:00,0.0
01/15/06 02:00,0.0
01/15/06 03:00,0.0
01/15/06 04:00,0.0
01/15/06 05:00,0.0
01/15/06 06:00,0.0
01/15/06 07:00,0.0
01/15/06 08:00,0.1
01/15/06 09:00,23.4
01/15/06 10:00,44.8
01/15/06 11:00,47.6
01/15/06 12:00,51.7
01/15/06 13:00,45.0
01/15/06 14:00,41.6
01/15/06 15:00,30.9
01/15/06 16:00,14.8
01/15/06 17:00,0.0
01/15/06 18:00,0.0
01/15/06 19:00,0.0
01/15/06 20:00,0.0
01/15/06 21:00,0.0
01/15/06 22:00,0.0
01/15/06 23:00,0.0
01/16/06 00:00,0.0
01/16/06 01:00,0.0
01/16/06 02:00,0.0
01/16/06 03:00,0.0
01/16/06 04:00,0.0
01/16/06 05:00,0.0
01/16/06 06:00,0.0
01/16/06 07:00,0.0
01/16/06 08:00,18.7
01/16/06 09:00,35.5
01/16/06 10:00,46.5
01/16/06 11:00,51.4
01/16/06 12:00,55.1
01/16/06 13:00,53.8
01/16/06 14:00,46.9
01/16/06 15:00,34.0
01/16/06 16:00,15.1
01/16/06 17:00,0.0
01/16/06 18:00,0.0
01/16/06 19:00,0.0
01/16/06 20:00,0.0
01/16/06 21:00,0.0
01/16/06 22:00,0.0
01/16/06 23:00,0.0
01/17/06 00:00,0.0
01/17/06 01:00,0.0
01/17/06 02:00,0.0
01/17/06 03:00,0.0
01/17/06 04:00,0.0
01/17/06 05:00,0.0
01/17/06 06:00,0.0
01/17/06 07:00,0.0
01/17/06 08:00,17.8
01/17/06 09:00,33.2
01/17/06 10:00,45.4
01/17/06 11:00,52.1
01/17/06 12:00,54.3
01/17/06 13:00,51.4
01/17/06 14:00,45.0
01/17/06 15:00,33.4
01/17/06 16:00,14.9
01/17/06 17:00,0.0
01/17/06 18:00,0.0
01/17/06 19:00,0.0
01/17/06 20:00,0.0
01/17/06 21:00,0.0
01/17/06 22:00,0.0
01/17/06 23:00,0.0
01/18/06 00:00,0.0
01/18/06 01:00,0.0
01/18/06 02:00,0.0
01/18/06 03:00,0.0
01/18/06 04:00,0.0
01/18/06 05:00,0.0
01/18/06 06:00,0.0
01/18/06 07:00,0.0
01/18/06 08:00,18.2
01/18/06 09:00,34.3
01/18/06 10:00,44.9
01/18/06 11:00,50.5
01/18/06 12:00,52.8
01/18/06 13:00,50.4
01/18/06 14:00,44.5
01/18/06 15:00,31.8
01/18/06 16:00,14.7
01/18/06 17:00,0.0
01/18/06 18:00,0.0
01/18/06 19:00,0.0
01/18/06 20:00,0.0
01/18/06 21:00,0.0
01/18/06 22:00,0.0
01/18/06 23:00,0.0
01/19/06 00:00,0.0
01/19/06 01:00,0.0
01/19/06 02:00,0.0
01/19/06 03:00,0.0
01/19/06 04:00,0.0
01/19/06 05:00,0.0
01/19/06 06:00,0.0
01/19/06 07:00,0.0
01/19/06 08:00,18.0
01/19/06 09:00,34.3
01/19/06 10:00,46.3
01/19/06 11:00,52.7
01/19/06 12:00,56.0
01/19/06 13:00,53.6
01/19/06 14:00,45.7
01/19/06 15:00,33.0
01/19/06 16:00,15.5
01/19/06 17:00,0.0
01/19/06 18:00,0.0
01/19/06 19:00,0.0
01/19/06 20:00,0.0
01/19/06 21:00,0.0
01/19/06 22:00,0.0
01/19/06 23:00,0.0
01/20/06 00:00,0.0
01/20/06 01:00,0.0
01/20/06 02:00,0.0
01/20/06 03:00,0.0
01/20/06 04:00,0.0
01/20/06 05:00,0.0
01/20/06 06:00,0.0
01/20/06 07:00,0.0
01/20/06 08:00,17.6
01/20/06 09:00,33.2
01/20/06 10:00,42.6
01/20/06 11:00,49.5
01/20/06 12:00,53.0
01/20/06 13:00,48.9
01/20/06 14:00,44.7
01/20/06 15:00,33.3
01/20/06 16:00,15.6
01/20/06 17:00,0.0
01/20/06 18:00,0.0
01/20/06 19:00,0.0
01/20/06 20:00,0.0
01/20/06 21:00,0.0
01/20/06 22:00,0.0
01/20/06 23:00,0.0
01/21/06 00:00,0.0
01/21/06 01:00,0.0
01/21/06 02:00,0.0
01/21/06 03:00,0.0
01/21/06 04:00,0.0
01/21/06 05:00,0.0
01/21/06 06:00,0.0
01/21/06 07:00,0.0
01/21/06 08:00,18.0
01/21/06 09:00,33.4
01/21/06 10:00,44.2
01/21/06 11:00,49.7
01/21/06 12:00,52.8
01/21/06 13:00,50.3
01/21/06 14:00,44.5
01/21/06 15:00,33.2
01/21/06 16:00,15.8
01/21/06 17:00,0.0
01/21/06 18:00,0.0
01/21/06 19:00,0.0
01/21/06 20:00,0.0
01/21/06 21:00,0.0
01/21/06 22:00,0.0
01/21/06 23:00,0.0
01/22/06 00:00,0.0
01/22/06 01:00,0.0
01/22/06 02:00,0.0
01/22/06 03:00,0.0
01/22/06 04:00,0.0
01/22/06 05:00,0.0
01/22/06 06:00,0.0
01/22/06 07:00,0.0
01/22/06 08:00,18.2
01/22/06 09:00,34.0
01/22/06 10:00,44.8
01/22/06 11:00,50.7
01/22/06 12:00,51.6
01/22/06 13:00,49.0
01/22/06 14:00,43.5
01/22/06 15:00,33.2
01/22/06 16:00,15.8
01/22/06 17:00,0.0
01/22/06 18:00,0.0
01/22/06 19:00,0.0
01/22/06 20:00,0.0
01/22/06 21:00,0.0
01/22/06 22:00,0.0
01/22/06 23:00,0.0
01/23/06 00:00,0.0
01/23/06 01:00,0.0
01/23/06 02:00,0.0
01/23/06 03:00,0.0
01/23/06 04:00,0.0
01/23/06 05:00,0.0
01/23/06 06:00,0.0
01/23/06 07:00,0.0
01/23/06 08:00,17.6
01/23/06 09:00,33.1
01/23/06 10:00,44.1
01/23/06 11:00,50.6
01/23/06 12:00,52.6
01/23/06 13:00,49.9
01/23/06 14:00,43.8
01/23/06 15:00,32.6
01/23/06 16:00,15.6
01/23/06 17:00,0.0
01/23/06 18:00,0.0
01/23/06 19:00,0.0
01/23/06 20:00,0.0
01/23/06 21:00,0.0
01/23/06 22:00,0.0
01/23/06 23:00,0.0
01/24/06 00:00,0.0
01/24/06 01:00,0.0
01/24/06 02:00,0.0
01/24/06 03:00,0.0
01/24/06 04:00,0.0
01/24/06 05:00,0.0
01/24/06 06:00,0.0
01/24/06 07:00,0.0
01/24/06 08:00,17.4
01/24/06 09:00,32.6
01/24/06 10:00,43.3
01/24/06 11:00,49.6
01/24/06 12:00,52.5
01/24/06 13:00,50.1
01/24/06 14:00,43.8
01/24/06 15:00,32.3
01/24/06 16:00,14.3
01/24/06 17:00,0.0
01/24/06 18:00,0.0
01/24/06 19:00,0.0
01/24/06 20:00,0.0
01/24/06 21:00,0.0
01/24/06 22:00,0.0
01/24/06 23:00,0.0
01/25/06 00:00,0.0
01/25/06 01:00,0.0
01/25/06 02:00,0.0
01/25/06 03:00,0.0
01/25/06 04:00,0.0
01/25/06 05:00,0.0
01/25/06 06:00,0.0
01/25/06 07:00,0.0
01/25/06 08:00,4.5
01/25/06 09:00,0.2
01/25/06 10:00,12.3
01/25/06 11:00,43.8
01/25/06 12:00,52.3
01/25/06 13:00,50.9
01/25/06 14:00,45.3
01/25/06 15:00,32.6
01/25/06 16:00,15.7
01/25/06 17:00,0.0
01/25/06 18:00,0.0
01/25/06 19:00,0.0
01/25/06 20:00,0.0
01/25/06 21:00,0.0
01/25/06 22:00,0.0
01/25/06 23:00,0.0
01/26/06 00:00,0.0
01/26/06 01:00,0.0
01/26/06 02:00,0.0
01/26/06 03:00,0.0
01/26/06 04:00,0.0
01/26/06 05:00,0.0
01/26/06 06:00,0.0
01/26/06 07:00,0.0
01/26/06 08:00,17.8
01/26/06 09:00,33.2
01/26/06 10:00,44.1
01/26/06 11:00,49.8
01/26/06 12:00,48.2
01/26/06 13:00,46.5
01/26/06 14:00,42.4
01/26/06 15:00,33.8
01/26/06 16:00,15.4
01/26/06 17:00,0.0
01/26/06 18:00,0.0
01/26/06 19:00,0.0
01/26/06 20:00,0.0
01/26/06 21:00,0.0
01/26/06 22:00,0.0
01/26/06 23:00,0.0
01/27/06 00:00,0.0
01/27/06 01:00,0.0
01/27/06 02:00,0.0
01/27/06 03:00,0.0
01/27/06 04:00,0.0
01/27/06 05:00,0.0
01/27/06 06:00,0.0
01/27/06 07:00,0.0
01/27/06 08:00,18.1
01/27/06 09:00,32.8
01/27/06 10:00,42.5
01/27/06 11:00,50.0
01/27/06 12:00,53.1
01/27/06 13:00,51.4
01/27/06 14:00,45.3
01/27/06 15:00,33.7
01/27/06 16:00,16.8
01/27/06 17:00,0.0
01/27/06 18:00,0.0
01/27/06 19:00,0.0
01/27/06 20:00,0.0
01/27/06 21:00,0.0
01/27/06 22:00,0.0
01/27/06 23:00,0.0
01/28/06 00:00,0.0
01/28/06 01:00,0.0
01/28/06 02:00,0.0
01/28/06 03:00,0.0
01/28/06 04:00,0.0
01/28/06 05:00,0.0
01/28/06 06:00,0.0
01/28/06 07:00,0.0
01/28/06 08:00,18.1
01/28/06 09:00,32.8
01/28/06 10:00,44.9
01/28/06 11:00,51.5
01/28/06 12:00,53.6
01/28/06 13:00,51.9
01/28/06 14:00,45.2
01/28/06 15:00,33.9
01/28/06 16:00,16.9
01/28/06 17:00,0.0
01/28/06 18:00,0.0
01/28/06 19:00,0.0
01/28/06 20:00,0.0
01/28/06 21:00,0.0
01/28/06 22:00,0.0
01/28/06 23:00,0.0
01/29/06 00:00,0.0
01/29/06 01:00,0.0
01/29/06 02:00,0.0
01/29/06 03:00,0.0
01/29/06 04:00,0.0
01/29/06 05:00,0.0
01/29/06 06:00,0.0
01/29/06 07:00,0.0
01/29/06 08:00,18.7
01/29/06 09:00,35.1
01/29/06 10:00,46.4
01/29/06 11:00,50.5
01/29/06 12:00,54.2
01/29/06 13:00,52.6
01/29/06 14:00,45.0
01/29/06 15:00,35.8
01/29/06 16:00,17.6
01/29/06 17:00,0.0
01/29/06 18:00,0.0
01/29/06 19:00,0.0
01/29/06 20:00,0.0
01/29/06 21:00,0.0
01/29/06 22:00,0.0
01/29/06 23:00,0.0
01/30/06 00:00,0.0
01/30/06 01:00,0.0
01/30/06 02:00,0.0
01/30/06 03:00,0.0
01/30/06 04:00,0.0
01/30/06 05:00,0.0
01/30/06 06:00,0.0
01/30/06 07:00,0.0
01/30/06 08:00,18.3
01/30/06 09:00,34.5
01/30/06 10:00,45.2
01/30/06 11:00,51.3
01/30/06 12:00,52.5
01/30/06 13:00,50.8
01/30/06 14:00,44.5
01/30/06 15:00,34.2
01/30/06 16:00,18.9
01/30/06 17:00,0.0
01/30/06 18:00,0.0
01/30/06 19:00,0.0
01/30/06 20:00,0.0
01/30/06 21:00,0.0
01/30/06 22:00,0.0
01/30/06 23:00,0.0
01/31/06 00:00,0.0
01/31/06 01:00,0.0
01/31/06 02:00,0.0
01/31/06 03:00,0.0
01/31/06 04:00,0.0
01/31/06 05:00,0.0
01/31/06 06:00,0.0
01/31/06 07:00,0.0
01/31/06 08:00,18.9
01/31/06 09:00,33.7
01/31/06 10:00,45.3
01/31/06 11:00,51.9
01/31/06 12:00,54.8
01/31/06 13:00,53.0
01/31/06 14:00,46.8
01/31/06 15:00,35.1
01/31/06 16:00,14.8
01/31/06 17:00,0.0
01/31/06 18:00,0.0
01/31/06 19:00,0.0
01/31/06 20:00,0.0
01/31/06 21:00,0.0
01/31/06 22:00,0.0
01/31/06 23:00,0.0
02/01/06 00:00,0.0
02/01/06 01:00,0.0
02/01/06 02:00,0.0
02/01/06 03:00,0.0
02/01/06 04:00,0.0
02/01/06 05:00,0.0
02/01/06 06:00,0.0
02/01/06 07:00,0.5
02/01/06 08:00,18.6
02/01/06 09:00,34.5
02/01/06 10:00,45.9
02/01/06 11:00,51.2
02/01/06 12:00,52.0
02/01/06 13:00,51.2
02/01/06 14:00,46.0
02/01/06 15:00,34.8
02/01/06 16:00,18.6
02/01/06 17:00,0.0
02/01/06 18:00,0.0
02/01/06 19:00,0.0
02/01/06 20:00,0.0
02/01/06 21:00,0.0
02/01/06 22:00,0.0
02/01/06 23:00,0.0
02/02/06 00:00,0.0
02/02/06 01:00,0.0
02/02/06 02:00,0.0
02/02/06 03:00,0.0
02/02/06 04:00,0.0
02/02/06 05:00,0.0
02/02/06 06:00,0.0
02/02/06 07:00,0.5
02/02/06 08:00,18.2
02/02/06 09:00,34.0
02/02/06 10:00,45.0
02/02/06 11:00,50.0
02/02/06 12:00,52.4
02/02/06 13:00,51.5
02/02/06 14:00,45.3
02/02/06 15:00,34.7
02/02/06 16:00,18.7
02/02/06 17:00,0.0
02/02/06 18:00,0.0
02/02/06 19:00,0.0
02/02/06 20:00,0.0
02/02/06 21:00,0.0
02/02/06 22:00,0.0
02/02/06 23:00,0.0
02/03/06 00:00,0.0
02/03/06 01:00,0.0
02/03/06 02:00,0.0
02/03/06 03:00,0.0
02/03/06 04:00,0.0
02/03/06 05:00,0.0
02/03/06 06:00,0.0
02/03/06 07:00,0.5
02/03/06 08:00,17.8
02/03/06 09:00,32.9
02/03/06 10:00,44.0
02/03/06 11:00,50.8
02/03/06 12:00,52.6
02/03/06 13:00,50.1
02/03/06 14:00,43.9
02/03/06 15:00,34.5
02/03/06 16:00,18.6
02/03/06 17:00,0.0
02/03/06 18:00,0.0
02/03/06 19:00,0.0
02/03/06 20:00,0.0
02/03/06 21:00,0.0
02/03/06 22:00,0.0
02/03/06 23:00,0.0
02/04/06 00:00,0.0
02/04/06 01:00,0.0
02/04/06 02:00,0.0
02/04/06 03:00,0.0
02/04/06 04:00,0.0
02/04/06 05:00,0.0
02/04/06 06:00,0.0
02/04/06 07:00,0.5
02/04/06 08:00,17.9
02/04/06 09:00,32.7
02/04/06 10:00,42.4
02/04/06 11:00,48.0
02/04/06 12:00,50.3
02/04/06 13:00,47.1
02/04/06 14:00,43.4
02/04/06 15:00,34.0
02/04/06 16:00,18.3
02/04/06 17:00,0.0
02/04/06 18:00,0.0
02/04/06 19:00,0.0
02/04/06 20:00,0.0
02/04/06 21:00,0.0
02/04/06 22:00,0.0
02/04/06 23:00,0.0
02/05/06 00:00,0.0
02/05/06 01:00,0.0
02/05/06 02:00,0.0
02/05/06 03:00,0.0
02/05/06 04:00,0.0
02/05/06 05:00,0.0
02/05/06 06:00,0.0
02/05/06 07:00,0.3
02/05/06 08:00,17.7
02/05/06 09:00,33.3
02/05/06 10:00,42.4
02/05/06 11:00,48.6
02/05/06 12:00,51.3
02/05/06 13:00,49.2
02/05/06 14:00,42.2
02/05/06 15:00,31.3
02/05/06 16:00,18.8
02/05/06 17:00,0.0
02/05/06 18:00,0.0
02/05/06 19:00,0.0
02/05/06 20:00,0.0
02/05/06 21:00,0.0
02/05/06 22:00,0.0
02/05/06 23:00,0.0
02/06/06 00:00,0.0
02/06/06 01:00,0.0
02/06/06 02:00,0.0
02/06/06 03:00,0.0
02/06/06 04:00,0.0
02/06/06 05:00,0.0
02/06/06 06:00,0.0
02/06/06 07:00,0.7
02/06/06 08:00,18.6
02/06/06 09:00,34.0
02/06/06 10:00,44.7
02/06/06 11:00,52.0
02/06/06 12:00,53.9
02/06/06 13:00,52.3
02/06/06 14:00,44.8
02/06/06 15:00,34.3
02/06/06 16:00,18.5
02/06/06 17:00,0.0
02/06/06 18:00,0.0
02/06/06 19:00,0.0
02/06/06 20:00,0.0
02/06/06 21:00,0.0
02/06/06 22:00,0.0
02/06/06 23:00,0.0
02/07/06 00:00,0.0
02/07/06 01:00,0.0
02/07/06 02:00,0.0
02/07/06 03:00,0.0
02/07/06 04:00,0.0
02/07/06 05:00,0.0
02/07/06 06:00,0.0
02/07/06 07:00,0.7
02/07/06 08:00,18.7
02/07/06 09:00,32.7
02/07/06 10:00,44.0
02/07/06 11:00,49.9
02/07/06 12:00,51.4
02/07/06 13:00,50.3
02/07/06 14:00,44.6
02/07/06 15:00,33.9
02/07/06 16:00,18.7
02/07/06 17:00,0.0
02/07/06 18:00,0.0
02/07/06 19:00,0.0
02/07/06 20:00,0.0
02/07/06 21:00,0.0
02/07/06 22:00,0.0
02/07/06 23:00,0.0
02/08/06 00:00,0.0
02/08/06 01:00,0.0
02/08/06 02:00,0.0
02/08/06 03:00,0.0
02/08/06 04:00,0.0
02/08/06 05:00,0.0
02/08/06 06:00,0.0
02/08/06 07:00,0.9
02/08/06 08:00,18.9
02/08/06 09:00,33.3
02/08/06 10:00,45.9
02/08/06 11:00,50.0
02/08/06 12:00,51.3
02/08/06 13:00,51.0
02/08/06 14:00,45.2
02/08/06 15:00,35.8
02/08/06 16:00,19.6
02/08/06 17:00,0.0
02/08/06 18:00,0.0
02/08/06 19:00,0.0
02/08/06 20:00,0.0
02/08/06 21:00,0.0
02/08/06 22:00,0.0
02/08/06 23:00,0.0
02/09/06 00:00,0.0
02/09/06 01:00,0.0
02/09/06 02:00,0.0
02/09/06 03:00,0.0
02/09/06 04:00,0.0
02/09/06 05:00,0.0
02/09/06 06:00,0.0
02/09/06 07:00,1.0
02/09/06 08:00,19.1
02/09/06 09:00,33.8
02/09/06 10:00,42.7
02/09/06 11:00,50.6
02/09/06 12:00,53.0
02/09/06 13:00,52.1
02/09/06 14:00,47.0
02/09/06 15:00,35.7
02/09/06 16:00,19.9
02/09/06 17:00,0.1
02/09/06 18:00,0.0
02/09/06 19:00,0.0
02/09/06 20:00,0.0
02/09/06 21:00,0.0
02/09/06 22:00,0.0
02/09/06 23:00,0.0
02/10/06 00:00,0.0
02/10/06 01:00,0.0
02/10/06 02:00,0.0
02/10/06 03:00,0.0
02/10/06 04:00,0.0
02/10/06 05:00,0.0
02/10/06 06:00,0.0
02/10/06 07:00,1.1
02/10/06 08:00,20.1
02/10/06 09:00,35.8
02/10/06 10:00,46.5
02/10/06 11:00,52.5
02/10/06 12:00,54.1
02/10/06 13:00,52.4
02/10/06 14:00,46.9
02/10/06 15:00,37.3
02/10/06 16:00,20.7
02/10/06 17:00,0.1
02/10/06 18:00,0.0
02/10/06 19:00,0.0
02/10/06 20:00,0.0
02/10/06 21:00,0.0
02/10/06 22:00,0.0
02/10/06 23:00,0.0
02/11/06 00:00,0.0
02/11/06 01:00,0.0
02/11/06 02:00,0.0
02/11/06 03:00,0.0
02/11/06 04:00,0.0
02/11/06 05:00,0.0
02/11/06 06:00,0.0
02/11/06 07:00,1.3
02/11/06 08:00,20.6
02/11/06 09:00,36.6
02/11/06 10:00,47.4
02/11/06 11:00,52.6
02/11/06 12:00,54.1
02/11/06 13:00,52.7
02/11/06 14:00,45.4
02/11/06 15:00,36.9
02/11/06 16:00,20.8
02/11/06 17:00,0.2
02/11/06 18:00,0.0
02/11/06 19:00,0.0
02/11/06 20:00,0.0
02/11/06 21:00,0.0
02/11/06 22:00,0.0
02/11/06 23:00,0.0
02/12/06 00:00,0.0
02/12/06 01:00,0.0
02/12/06 02:00,0.0
02/12/06 03:00,0.0
02/12/06 04:00,0.0
02/12/06 05:00,0.0
02/12/06 06:00,0.0
02/12/06 07:00,1.4
02/12/06 08:00,20.2
02/12/06 09:00,35.4
02/12/06 10:00,46.0
02/12/06 11:00,51.0
02/12/06 12:00,53.9
02/12/06 13:00,51.2
02/12/06 14:00,46.4
02/12/06 15:00,36.9
02/12/06 16:00,21.0
02/12/06 17:00,0.2
02/12/06 18:00,0.0
02/12/06 19:00,0.0
02/12/06 20:00,0.0
02/12/06 21:00,0.0
02/12/06 22:00,0.0
02/12/06 23:00,0.0
02/13/06 00:00,0.0
02/13/06 01:00,0.0
02/13/06 02:00,0.0
02/13/06 03:00,0.0
02/13/06 04:00,0.0
02/13/06 05:00,0.0
02/13/06 06:00,0.0
02/13/06 07:00,1.4
02/13/06 08:00,20.4
02/13/06 09:00,36.1
02/13/06 10:00,46.6
02/13/06 11:00,52.3
02/13/06 12:00,54.5
02/13/06 13:00,52.4
02/13/06 14:00,46.7
02/13/06 15:00,37.0
02/13/06 16:00,21.1
02/13/06 17:00,0.2
02/13/06 18:00,0.0
02/13/06 19:00,0.0
02/13/06 20:00,0.0
02/13/06 21:00,0.0
02/13/06 22:00,0.0
02/13/06 23:00,0.0
02/14/06 00:00,0.0
02/14/06 01:00,0.0
02/14/06 02:00,0.0
02/14/06 03:00,0.0
02/14/06 04:00,0.0
02/14/06 05:00,0.0
02/14/06 06:00,0.0
02/14/06 07:00,1.7
02/14/06 08:00,20.5
02/14/06 09:00,35.4
02/14/06 10:00,45.8
02/14/06 11:00,52.0
02/14/06 12:00,53.7
02/14/06 13:00,52.7
02/14/06 14:00,47.3
02/14/06 15:00,36.3
02/14/06 16:00,21.3
02/14/06 17:00,0.2
02/14/06 18:00,0.0
02/14/06 19:00,0.0
02/14/06 20:00,0.0
02/14/06 21:00,0.0
02/14/06 22:00,0.0
02/14/06 23:00,0.0
02/15/06 00:00,0.0
02/15/06 01:00,0.0
02/15/06 02:00,0.0
02/15/06 03:00,0.0
02/15/06 04:00,0.0
02/15/06 05:00,0.0
02/15/06 06:00,0.0
02/15/06 07:00,1.9
02/15/06 08:00,20.9
02/15/06 09:00,36.4
02/15/06 10:00,48.5
02/15/06 11:00,54.6
02/15/06 12:00,56.1
02/15/06 13:00,55.3
02/15/06 14:00,49.1
02/15/06 15:00,37.9
02/15/06 16:00,22.1
02/15/06 17:00,0.4
02/15/06 18:00,0.0
02/15/06 19:00,0.0
02/15/06 20:00,0.0
02/15/06 21:00,0.0
02/15/06 22:00,0.0
02/15/06 23:00,0.0
02/16/06 00:00,0.0
02/16/06 01:00,0.0
02/16/06 02:00,0.0
02/16/06 03:00,0.0
02/16/06 04:00,0.0
02/16/06 05:00,0.0
02/16/06 06:00,0.0
02/16/06 07:00,2.2
02/16/06 08:00,21.0
02/16/06 09:00,37.1
02/16/06 10:00,47.9
02/16/06 11:00,52.7
02/16/06 12:00,54.5
02/16/06 13:00,54.2
02/16/06 14:00,48.4
02/16/06 15:00,38.6
02/16/06 16:00,21.7
02/16/06 17:00,0.4
02/16/06 18:00,0.0
02/16/06 19:00,0.0
02/16/06 20:00,0.0
02/16/06 21:00,0.0
02/16/06 22:00,0.0
02/16/06 23:00,0.0
02/17/06 00:00,0.0
02/17/06 01:00,0.0
02/17/06 02:00,0.0
02/17/06 03:00,0.0
02/17/06 04:00,0.0
02/17/06 05:00,0.0
02/17/06 06:00,0.0
02/17/06 07:00,1.8
02/17/06 08:00,14.7
02/17/06 09:00,22.9
02/17/06 10:00,32.0
02/17/06 11:00,34.9
02/17/06 12:00,37.5
02/17/06 13:00,49.4
02/17/06 14:00,47.4
02/17/06 15:00,38.0
02/17/06 16:00,22.0
02/17/06 17:00,0.6
02/17/06 18:00,0.0
02/17/06 19:00,0.0
02/17/06 20:00,0.0
02/17/06 21:00,0.0
02/17/06 22:00,0.0
02/17/06 23:00,0.0
02/18/06 00:00,0.0
02/18/06 01:00,0.0
02/18/06 02:00,0.0
02/18/06 03:00,0.0
02/18/06 04:00,0.0
02/18/06 05:00,0.0
02/18/06 06:00,0.0
02/18/06 07:00,2.8
02/18/06 08:00,21.5
02/18/06 09:00,37.0
02/18/06 10:00,47.6
02/18/06 11:00,52.7
02/18/06 12:00,55.0
02/18/06 13:00,52.9
02/18/06 14:00,48.5
02/18/06 15:00,38.5
02/18/06 16:00,22.6
02/18/06 17:00,0.8
02/18/06 18:00,0.0
02/18/06 19:00,0.0
02/18/06 20:00,0.0
02/18/06 21:00,0.0
02/18/06 22:00,0.0
02/18/06 23:00,0.0
02/19/06 00:00,0.0
02/19/06 01:00,0.0
02/19/06 02:00,0.0
02/19/06 03:00,0.0
02/19/06 04:00,0.0
02/19/06 05:00,0.0
02/19/06 06:00,0.0
02/19/06 07:00,3.0
02/19/06 08:00,21.4
02/19/06 09:00,36.9
02/19/06 10:00,48.3
02/19/06 11:00,54.4
02/19/06 12:00,57.1
02/19/06 13:00,54.8
02/19/06 14:00,49.7
02/19/06 15:00,39.6
02/19/06 16:00,22.8
02/19/06 17:00,0.7
02/19/06 18:00,0.0
02/19/06 19:00,0.0
02/19/06 20:00,0.0
02/19/06 21:00,0.0
02/19/06 22:00,0.0
02/19/06 23:00,0.0
02/20/06 00:00,0.0
02/20/06 01:00,0.0
02/20/06 02:00,0.0
02/20/06 03:00,0.0
02/20/06 04:00,0.0
02/20/06 05:00,0.0
02/20/06 06:00,0.0
02/20/06 07:00,3.2
02/20/06 08:00,20.3
02/20/06 09:00,34.2
02/20/06 10:00,46.5
02/20/06 11:00,53.7
02/20/06 12:00,57.1
02/20/06 13:00,54.5
02/20/06 14:00,46.9
02/20/06 15:00,38.6
02/20/06 16:00,22.8
02/20/06 17:00,0.8
02/20/06 18:00,0.0
02/20/06 19:00,0.0
02/20/06 20:00,0.0
02/20/06 21:00,0.0
02/20/06 22:00,0.0
02/20/06 23:00,0.0
02/21/06 00:00,0.0
02/21/06 01:00,0.0
02/21/06 02:00,0.0
02/21/06 03:00,0.0
02/21/06 04:00,0.0
02/21/06 05:00,0.0
02/21/06 06:00,0.0
02/21/06 07:00,3.9
02/21/06 08:00,22.2
02/21/06 09:00,37.6
02/21/06 10:00,48.4
02/21/06 11:00,53.1
02/21/06 12:00,54.1
02/21/06 13:00,52.9
02/21/06 14:00,48.7
02/21/06 15:00,38.7
02/21/06 16:00,23.0
02/21/06 17:00,1.1
02/21/06 18:00,0.0
02/21/06 19:00,0.0
02/21/06 20:00,0.0
02/21/06 21:00,0.0
02/21/06 22:00,0.0
02/21/06 23:00,0.0
02/22/06 00:00,0.0
02/22/06 01:00,0.0
02/22/06 02:00,0.0
02/22/06 03:00,0.0
02/22/06 04:00,0.0
02/22/06 05:00,0.0
02/22/06 06:00,0.0
02/22/06 07:00,2.8
02/22/06 08:00,22.4
02/22/06 09:00,37.6
02/22/06 10:00,47.4
02/22/06 11:00,54.2
02/22/06 12:00,56.3
02/22/06 13:00,53.7
02/22/06 14:00,48.9
02/22/06 15:00,39.2
02/22/06 16:00,23.1
02/22/06 17:00,1.5
02/22/06 18:00,0.0
02/22/06 19:00,0.0
02/22/06 20:00,0.0
02/22/06 21:00,0.0
02/22/06 22:00,0.0
02/22/06 23:00,0.0
02/23/06 00:00,0.0
02/23/06 01:00,0.0
02/23/06 02:00,0.0
02/23/06 03:00,0.0
02/23/06 04:00,0.0
02/23/06 05:00,0.0
02/23/06 06:00,0.0
02/23/06 07:00,3.0
02/23/06 08:00,22.1
02/23/06 09:00,37.1
02/23/06 10:00,47.2
02/23/06 11:00,52.5
02/23/06 12:00,54.4
02/23/06 13:00,52.8
02/23/06 14:00,47.5
02/23/06 15:00,38.7
02/23/06 16:00,22.5
02/23/06 17:00,1.7
02/23/06 18:00,0.0
02/23/06 19:00,0.0
02/23/06 20:00,0.0
02/23/06 21:00,0.0
02/23/06 22:00,0.0
02/23/06 23:00,0.0
02/24/06 00:00,0.0
02/24/06 01:00,0.0
02/24/06 02:00,0.0
02/24/06 03:00,0.0
02/24/06 04:00,0.0
02/24/06 05:00,0.0
02/24/06 06:00,0.0
02/24/06 07:00,3.4
02/24/06 08:00,22.0
02/24/06 09:00,35.6
02/24/06 10:00,46.3
02/24/06 11:00,52.7
02/24/06 12:00,54.9
02/24/06 13:00,53.5
02/24/06 14:00,47.0
02/24/06 15:00,37.5
02/24/06 16:00,22.6
02/24/06 17:00,2.1
02/24/06 18:00,0.0
02/24/06 19:00,0.0
02/24/06 20:00,0.0
02/24/06 21:00,0.0
02/24/06 22:00,0.0
02/24/06 23:00,0.0
02/25/06 00:00,0.0
02/25/06 01:00,0.0
02/25/06 02:00,0.0
02/25/06 03:00,0.0
02/25/06 04:00,0.0
02/25/06 05:00,0.0
02/25/06 06:00,0.0
02/25/06 07:00,3.8
02/25/06 08:00,22.0
02/25/06 09:00,36.7
02/25/06 10:00,46.5
02/25/06 11:00,52.2
02/25/06 12:00,54.2
02/25/06 13:00,52.0
02/25/06 14:00,47.0
02/25/06 15:00,37.6
02/25/06 16:00,22.7
02/25/06 17:00,2.3
02/25/06 18:00,0.0
02/25/06 19:00,0.0
02/25/06 20:00,0.0
02/25/06 21:00,0.0
02/25/06 22:00,0.0
02/25/06 23:00,0.0
02/26/06 00:00,0.0
02/26/06 01:00,0.0
02/26/06 02:00,0.0
02/26/06 03:00,0.0
02/26/06 04:00,0.0
02/26/06 05:00,0.0
02/26/06 06:00,0.0
02/26/06 07:00,3.8
02/26/06 08:00,21.2
02/26/06 09:00,33.7
02/26/06 10:00,42.1
02/26/06 11:00,47.8
02/26/06 12:00,46.6
02/26/06 13:00,39.8
02/26/06 14:00,35.2
02/26/06 15:00,26.9
02/26/06 16:00,22.6
02/26/06 17:00,2.2
02/26/06 18:00,0.0
02/26/06 19:00,0.0
02/26/06 20:00,0.0
02/26/06 21:00,0.0
02/26/06 22:00,0.0
02/26/06 23:00,0.0
02/27/06 00:00,0.0
02/27/06 01:00,0.0
02/27/06 02:00,0.0
02/27/06 03:00,0.0
02/27/06 04:00,0.0
02/27/06 05:00,0.0
02/27/06 06:00,0.0
02/27/06 07:00,5.4
02/27/06 08:00,22.8
02/27/06 09:00,38.3
02/27/06 10:00,48.8
02/27/06 11:00,54.1
02/27/06 12:00,56.4
02/27/06 13:00,54.5
02/27/06 14:00,47.4
02/27/06 15:00,38.2
02/27/06 16:00,22.8
02/27/06 17:00,2.8
02/27/06 18:00,0.0
02/27/06 19:00,0.0
02/27/06 20:00,0.0
02/27/06 21:00,0.0
02/27/06 22:00,0.0
02/27/06 23:00,0.0
02/28/06 00:00,0.0
02/28/06 01:00,0.0
02/28/06 02:00,0.0
02/28/06 03:00,0.0
02/28/06 04:00,0.0
02/28/06 05:00,0.0
02/28/06 06:00,0.0
02/28/06 07:00,0.1
02/28/06 08:00,3.4
02/28/06 09:00,0.6
02/28/06 10:00,1.5
02/28/06 11:00,2.9
02/28/06 12:00,12.0
02/28/06 13:00,1.8
02/28/06 14:00,0.9
02/28/06 15:00,7.4
02/28/06 16:00,0.0
02/28/06 17:00,0.0
02/28/06 18:00,0.0
02/28/06 19:00,0.0
02/28/06 20:00,0.0
02/28/06 21:00,0.0
02/28/06 22:00,0.0
02/28/06 23:00,0.0
03/01/06 00:00,0.0
03/01/06 01:00,0.0
03/01/06 02:00,0.0
03/01/06 03:00,0.0
03/01/06 04:00,0.0
03/01/06 05:00,0.0
03/01/06 06:00,0.0
03/01/06 07:00,5.8
03/01/06 08:00,22.5
03/01/06 09:00,37.6
03/01/06 10:00,47.3
03/01/06 11:00,53.5
03/01/06 12:00,55.6
03/01/06 13:00,54.6
03/01/06 14:00,48.9
03/01/06 15:00,38.4
03/01/06 16:00,0.2
03/01/06 17:00,0.0
03/01/06 18:00,0.0
03/01/06 19:00,0.0
03/01/06 20:00,0.0
03/01/06 21:00,0.0
03/01/06 22:00,0.0
03/01/06 23:00,0.0
03/02/06 00:00,0.0
03/02/06 01:00,0.0
03/02/06 02:00,0.0
03/02/06 03:00,0.0
03/02/06 04:00,0.0
03/02/06 05:00,0.0
03/02/06 06:00,0.0
03/02/06 07:00,6.3
03/02/06 08:00,21.5
03/02/06 09:00,35.9
03/02/06 10:00,45.2
03/02/06 11:00,53.1
03/02/06 12:00,57.1
03/02/06 13:00,55.1
03/02/06 14:00,48.4
03/02/06 15:00,38.8
03/02/06 16:00,22.9
03/02/06 17:00,2.2
03/02/06 18:00,0.0
03/02/06 19:00,0.0
03/02/06 20:00,0.0
03/02/06 21:00,0.0
03/02/06 22:00,0.0
03/02/06 23:00,0.0
03/03/06 00:00,0.0
03/03/06 01:00,0.0
03/03/06 02:00,0.0
03/03/06 03:00,0.0
03/03/06 04:00,0.0
03/03/06 05:00,0.0
03/03/06 06:00,0.0
03/03/06 07:00,6.9
03/03/06 08:00,23.9
03/03/06 09:00,39.1
03/03/06 10:00,48.5
03/03/06 11:00,55.2
03/03/06 12:00,56.8
03/03/06 13:00,55.3
03/03/06 14:00,49.2
03/03/06 15:00,38.8
03/03/06 16:00,23.6
03/03/06 17:00,2.4
03/03/06 18:00,0.0
03/03/06 19:00,0.0
03/03/06 20:00,0.0
03/03/06 21:00,0.0
03/03/06 22:00,0.0
03/03/06 23:00,0.0
03/04/06 00:00,0.0
03/04/06 01:00,0.0
03/04/06 02:00,0.0
03/04/06 03:00,0.0
03/04/06 04:00,0.0
03/04/06 05:00,0.0
03/04/06 06:00,0.0
03/04/06 07:00,7.6
03/04/06 08:00,21.5
03/04/06 09:00,34.9
03/04/06 10:00,48.3
03/04/06 11:00,55.5
03/04/06 12:00,57.1
03/04/06 13:00,55.7
03/04/06 14:00,50.0
03/04/06 15:00,39.4
03/04/06 16:00,23.9
03/04/06 17:00,2.8
03/04/06 18:00,0.0
03/04/06 19:00,0.0
03/04/06 20:00,0.0
03/04/06 21:00,0.0
03/04/06 22:00,0.0
03/04/06 23:00,0.0
03/05/06 00:00,0.0
03/05/06 01:00,0.0
03/05/06 02:00,0.0
03/05/06 03:00,0.0
03/05/06 04:00,0.0
03/05/06 05:00,0.0
03/05/06 06:00,0.0
03/05/06 07:00,7.5
03/05/06 08:00,23.2
03/05/06 09:00,36.3
03/05/06 10:00,45.2
03/05/06 11:00,53.3
03/05/06 12:00,55.3
03/05/06 13:00,53.5
03/05/06 14:00,46.4
03/05/06 15:00,38.7
03/05/06 16:00,22.9
03/05/06 17:00,2.7
03/05/06 18:00,0.0
03/05/06 19:00,0.0
03/05/06 20:00,0.0
03/05/06 21:00,0.0
03/05/06 22:00,0.0
03/05/06 23:00,0.0
03/06/06 00:00,0.0
03/06/06 01:00,0.0
03/06/06 02:00,0.0
03/06/06 03:00,0.0
03/06/06 04:00,0.0
03/06/06 05:00,0.0
03/06/06 06:00,0.0
03/06/06 07:00,7.8
03/06/06 08:00,21.4
03/06/06 09:00,33.2
03/06/06 10:00,37.8
03/06/06 11:00,35.3
03/06/06 12:00,34.0
03/06/06 13:00,27.7
03/06/06 14:00,1.7
03/06/06 15:00,0.3
03/06/06 16:00,12.7
03/06/06 17:00,0.0
03/06/06 18:00,0.0
03/06/06 19:00,0.0
03/06/06 20:00,0.0
03/06/06 21:00,0.0
03/06/06 22:00,0.0
03/06/06 23:00,0.0
03/07/06 00:00,0.0
03/07/06 01:00,0.0
03/07/06 02:00,0.0
03/07/06 03:00,0.0
03/07/06 04:00,0.0
03/07/06 05:00,0.0
03/07/06 06:00,0.0
03/07/06 07:00,7.6
03/07/06 08:00,23.9
03/07/06 09:00,38.7
03/07/06 10:00,48.8
03/07/06 11:00,53.6
03/07/06 12:00,56.3
03/07/06 13:00,55.2
03/07/06 14:00,47.3
03/07/06 15:00,37.0
03/07/06 16:00,0.0
03/07/06 17:00,0.0
03/07/06 18:00,0.0
03/07/06 19:00,0.0
03/07/06 20:00,0.0
03/07/06 21:00,0.0
03/07/06 22:00,0.0
03/07/06 23:00,0.0
03/08/06 00:00,0.0
03/08/06 01:00,0.0
03/08/06 02:00,0.0
03/08/06 03:00,0.0
03/08/06 04:00,0.0
03/08/06 05:00,0.0
03/08/06 06:00,0.0
03/08/06 07:00,4.0
03/08/06 08:00,18.7
03/08/06 09:00,30.7
03/08/06 10:00,42.2
03/08/06 11:00,52.9
03/08/06 12:00,41.8
03/08/06 13:00,37.5
03/08/06 14:00,2.4
03/08/06 15:00,35.9
03/08/06 16:00,22.7
03/08/06 17:00,3.7
03/08/06 18:00,0.0
03/08/06 19:00,0.0
03/08/06 20:00,0.0
03/08/06 21:00,0.0
03/08/06 22:00,0.0
03/08/06 23:00,0.0
03/09/06 00:00,0.0
03/09/06 01:00,0.0
03/09/06 02:00,0.0
03/09/06 03:00,0.0
03/09/06 04:00,0.0
03/09/06 05:00,0.0
03/09/06 06:00,0.0
03/09/06 07:00,8.1
03/09/06 08:00,23.1
03/09/06 09:00,37.0
03/09/06 10:00,46.9
03/09/06 11:00,51.7
03/09/06 12:00,55.4
03/09/06 13:00,54.9
03/09/06 14:00,49.0
03/09/06 15:00,36.8
03/09/06 16:00,22.3
03/09/06 17:00,1.1
03/09/06 18:00,0.0
03/09/06 19:00,0.0
03/09/06 20:00,0.0
03/09/06 21:00,0.0
03/09/06 22:00,0.0
03/09/06 23:00,0.0
03/10/06 00:00,0.0
03/10/06 01:00,0.0
03/10/06 02:00,0.0
03/10/06 03:00,0.0
03/10/06 04:00,0.0
03/10/06 05:00,0.0
03/10/06 06:00,0.0
03/10/06 07:00,8.7
03/10/06 08:00,26.5
03/10/06 09:00,41.6
03/10/06 10:00,54.0
03/10/06 11:00,59.2
03/10/06 12:00,63.3
03/10/06 13:00,61.9
03/10/06 14:00,53.9
03/10/06 15:00,9.2
03/10/06 16:00,0.1
03/10/06 17:00,1.5
03/10/06 18:00,0.0
03/10/06 19:00,0.0
03/10/06 20:00,0.0
03/10/06 21:00,0.0
03/10/06 22:00,0.0
03/10/06 23:00,0.0
03/11/06 00:00,0.0
03/11/06 01:00,0.0
03/11/06 02:00,0.0
03/11/06 03:00,0.0
03/11/06 04:00,0.0
03/11/06 05:00,0.0
03/11/06 06:00,0.0
03/11/06 07:00,0.0
03/11/06 08:00,22.6
03/11/06 09:00,1.2
03/11/06 10:00,33.6
03/11/06 11:00,11.7
03/11/06 12:00,4.7
03/11/06 13:00,3.0
03/11/06 14:00,13.6
03/11/06 15:00,13.7
03/11/06 16:00,16.5
03/11/06 17:00,0.6
03/11/06 18:00,0.0
03/11/06 19:00,0.0
03/11/06 20:00,0.0
03/11/06 21:00,0.0
03/11/06 22:00,0.0
03/11/06 23:00,0.0
03/12/06 00:00,0.0
03/12/06 01:00,0.0
03/12/06 02:00,0.0
03/12/06 03:00,0.0
03/12/06 04:00,0.0
03/12/06 05:00,0.0
03/12/06 06:00,0.0
03/12/06 07:00,9.1
03/12/06 08:00,25.5
03/12/06 09:00,36.8
03/12/06 10:00,35.1
03/12/06 11:00,38.7
03/12/06 12:00,43.0
03/12/06 13:00,23.4
03/12/06 14:00,5.6
03/12/06 15:00,32.7
03/12/06 16:00,26.2
03/12/06 17:00,5.8
03/12/06 18:00,0.0
03/12/06 19:00,0.0
03/12/06 20:00,0.0
03/12/06 21:00,0.0
03/12/06 22:00,0.0
03/12/06 23:00,0.0
03/13/06 00:00,0.0
03/13/06 01:00,0.0
03/13/06 02:00,0.0
03/13/06 03:00,0.0
03/13/06 04:00,0.0
03/13/06 05:00,0.0
03/13/06 06:00,0.0
03/13/06 07:00,9.5
03/13/06 08:00,26.4
03/13/06 09:00,41.9
03/13/06 10:00,52.5
03/13/06 11:00,55.9
03/13/06 12:00,60.3
03/13/06 13:00,58.6
03/13/06 14:00,52.8
03/13/06 15:00,43.1
03/13/06 16:00,26.3
03/13/06 17:00,6.6
03/13/06 18:00,0.0
03/13/06 19:00,0.0
03/13/06 20:00,0.0
03/13/06 21:00,0.0
03/13/06 22:00,0.0
03/13/06 23:00,0.0
03/14/06 00:00,0.0
03/14/06 01:00,0.0
03/14/06 02:00,0.0
03/14/06 03:00,0.0
03/14/06 04:00,0.0
03/14/06 05:00,0.0
03/14/06 06:00,0.0
03/14/06 07:00,9.7
03/14/06 08:00,27.2
03/14/06 09:00,42.0
03/14/06 10:00,51.3
03/14/06 11:00,57.1
03/14/06 12:00,56.9
03/14/06 13:00,55.0
03/14/06 14:00,48.2
03/14/06 15:00,41.3
03/14/06 16:00,24.7
03/14/06 17:00,5.7
03/14/06 18:00,0.0
03/14/06 19:00,0.0
03/14/06 20:00,0.0
03/14/06 21:00,0.0
03/14/06 22:00,0.0
03/14/06 23:00,0.0
03/15/06 00:00,0.0
03/15/06 01:00,0.0
03/15/06 02:00,0.0
03/15/06 03:00,0.0
03/15/06 04:00,0.0
03/15/06 05:00,0.0
03/15/06 06:00,0.0
03/15/06 07:00,9.6
03/15/06 08:00,26.7
03/15/06 09:00,42.1
03/15/06 10:00,52.4
03/15/06 11:00,58.0
03/15/06 12:00,59.6
03/15/06 13:00,57.4
03/15/06 14:00,51.9
03/15/06 15:00,41.2
03/15/06 16:00,25.9
03/15/06 17:00,7.1
03/15/06 18:00,0.0
03/15/06 19:00,0.0
03/15/06 20:00,0.0
03/15/06 21:00,0.0
03/15/06 22:00,0.0
03/15/06 23:00,0.0
03/16/06 00:00,0.0
03/16/06 01:00,0.0
03/16/06 02:00,0.0
03/16/06 03:00,0.0
03/16/06 04:00,0.0
03/16/06 05:00,0.0
03/16/06 06:00,0.0
03/16/06 07:00,9.8
03/16/06 08:00,26.4
03/16/06 09:00,39.5
03/16/06 10:00,47.7
03/16/06 11:00,53.9
03/16/06 12:00,53.5
03/16/06 13:00,48.3
03/16/06 14:00,41.5
03/16/06 15:00,31.9
03/16/06 16:00,22.2
03/16/06 17:00,3.1
03/16/06 18:00,0.0
03/16/06 19:00,0.0
03/16/06 20:00,0.0
03/16/06 21:00,0.0
03/16/06 22:00,0.0
03/16/06 23:00,0.0
03/17/06 00:00,0.0
03/17/06 01:00,0.0
03/17/06 02:00,0.0
03/17/06 03:00,0.0
03/17/06 04:00,0.0
03/17/06 05:00,0.0
03/17/06 06:00,0.0
03/17/06 07:00,10.0
03/17/06 08:00,24.0
03/17/06 09:00,39.4
03/17/06 10:00,50.2
03/17/06 11:00,55.1
03/17/06 12:00,58.8
03/17/06 13:00,57.4
03/17/06 14:00,50.6
03/17/06 15:00,39.5
03/17/06 16:00,25.7
03/17/06 17:00,7.4
03/17/06 18:00,0.0
03/17/06 19:00,0.0
03/17/06 20:00,0.0
03/17/06 21:00,0.0
03/17/06 22:00,0.0
03/17/06 23:00,0.0
03/18/06 00:00,0.0
03/18/06 01:00,0.0
03/18/06 02:00,0.0
03/18/06 03:00,0.0
03/18/06 04:00,0.0
03/18/06 05:00,0.0
03/18/06 06:00,0.0
03/18/06 07:00,0.6
03/18/06 08:00,1.4
03/18/06 09:00,31.7
03/18/06 10:00,43.0
03/18/06 11:00,23.3
03/18/06 12:00,49.0
03/18/06 13:00,57.4
03/18/06 14:00,35.1
03/18/06 15:00,10.7
03/18/06 16:00,27.6
03/18/06 17:00,7.9
03/18/06 18:00,0.0
03/18/06 19:00,0.0
03/18/06 20:00,0.0
03/18/06 21:00,0.0
03/18/06 22:00,0.0
03/18/06 23:00,0.0
03/19/06 00:00,0.0
03/19/06 01:00,0.0
03/19/06 02:00,0.0
03/19/06 03:00,0.0
03/19/06 04:00,0.0
03/19/06 05:00,0.0
03/19/06 06:00,0.0
03/19/06 07:00,4.4
03/19/06 08:00,11.1
03/19/06 09:00,15.7
03/19/06 10:00,17.5
03/19/06 11:00,14.9
03/19/06 12:00,33.7
03/19/06 13:00,7.3
03/19/06 14:00,1.9
03/19/06 15:00,1.1
03/19/06 16:00,15.8
03/19/06 17:00,0.8
03/19/06 18:00,0.0
03/19/06 19:00,0.0
03/19/06 20:00,0.0
03/19/06 21:00,0.0
03/19/06 22:00,0.0
03/19/06 23:00,0.0
03/20/06 00:00,0.0
03/20/06 01:00,0.0
03/20/06 02:00,0.0
03/20/06 03:00,0.0
03/20/06 04:00,0.0
03/20/06 05:00,0.0
03/20/06 06:00,0.0
03/20/06 07:00,11.2
03/20/06 08:00,28.9
03/20/06 09:00,43.3
03/20/06 10:00,53.2
03/20/06 11:00,57.5
03/20/06 12:00,52.5
03/20/06 13:00,44.2
03/20/06 14:00,50.1
03/20/06 15:00,43.0
03/20/06 16:00,12.8
03/20/06 17:00,5.9
03/20/06 18:00,0.0
03/20/06 19:00,0.0
03/20/06 20:00,0.0
03/20/06 21:00,0.0
03/20/06 22:00,0.0
03/20/06 23:00,0.0
03/21/06 00:00,0.0
03/21/06 01:00,0.0
03/21/06 02:00,0.0
03/21/06 03:00,0.0
03/21/06 04:00,0.0
03/21/06 05:00,0.0
03/21/06 06:00,0.0
03/21/06 07:00,10.7
03/21/06 08:00,14.2
03/21/06 09:00,1.3
03/21/06 10:00,2.9
03/21/06 11:00,37.3
03/21/06 12:00,4.8
03/21/06 13:00,10.6
03/21/06 14:00,13.5
03/21/06 15:00,3.8
03/21/06 16:00,0.1
03/21/06 17:00,0.0
03/21/06 18:00,0.0
03/21/06 19:00,0.0
03/21/06 20:00,0.0
03/21/06 21:00,0.0
03/21/06 22:00,0.0
03/21/06 23:00,0.0
03/22/06 00:00,0.0
03/22/06 01:00,0.0
03/22/06 02:00,0.0
03/22/06 03:00,0.0
03/22/06 04:00,0.0
03/22/06 05:00,0.0
03/22/06 06:00,0.0
03/22/06 07:00,11.6
03/22/06 08:00,29.7
03/22/06 09:00,44.8
03/22/06 10:00,53.6
03/22/06 11:00,59.2
03/22/06 12:00,60.0
03/22/06 13:00,58.5
03/22/06 14:00,51.3
03/22/06 15:00,44.1
03/22/06 16:00,27.4
03/22/06 17:00,8.3
03/22/06 18:00,0.0
03/22/06 19:00,0.0
03/22/06 20:00,0.0
03/22/06 21:00,0.0
03/22/06 22:00,0.0
03/22/06 23:00,0.0
03/23/06 00:00,0.0
03/23/06 01:00,0.0
03/23/06 02:00,0.0
03/23/06 03:00,0.0
03/23/06 04:00,0.0
03/23/06 05:00,0.0
03/23/06 06:00,0.0
03/23/06 07:00,11.5
03/23/06 08:00,28.1
03/23/06 09:00,42.9
03/23/06 10:00,53.4
03/23/06 11:00,59.1
03/23/06 12:00,60.6
03/23/06 13:00,58.1
03/23/06 14:00,51.3
03/23/06 15:00,40.3
03/23/06 16:00,26.4
03/23/06 17:00,8.1
03/23/06 18:00,0.0
03/23/06 19:00,0.0
03/23/06 20:00,0.0
03/23/06 21:00,0.0
03/23/06 22:00,0.0
03/23/06 23:00,0.0
03/24/06 00:00,0.0
03/24/06 01:00,0.0
03/24/06 02:00,0.0
03/24/06 03:00,0.0
03/24/06 04:00,0.0
03/24/06 05:00,0.0
03/24/06 06:00,0.0
03/24/06 07:00,11.7
03/24/06 08:00,29.2
03/24/06 09:00,43.9
03/24/06 10:00,52.3
03/24/06 11:00,57.6
03/24/06 12:00,58.7
03/24/06 13:00,56.6
03/24/06 14:00,51.8
03/24/06 15:00,40.2
03/24/06 16:00,25.9
03/24/06 17:00,8.2
03/24/06 18:00,0.0
03/24/06 19:00,0.0
03/24/06 20:00,0.0
03/24/06 21:00,0.0
03/24/06 22:00,0.0
03/24/06 23:00,0.0
03/25/06 00:00,0.0
03/25/06 01:00,0.0
03/25/06 02:00,0.0
03/25/06 03:00,0.0
03/25/06 04:00,0.0
03/25/06 05:00,0.0
03/25/06 06:00,0.0
03/25/06 07:00,11.7
03/25/06 08:00,28.7
03/25/06 09:00,43.1
03/25/06 10:00,52.0
03/25/06 11:00,57.2
03/25/06 12:00,57.7
03/25/06 13:00,53.6
03/25/06 14:00,49.1
03/25/06 15:00,38.4
03/25/06 16:00,26.0
03/25/06 17:00,8.0
03/25/06 18:00,0.0
03/25/06 19:00,0.0
03/25/06 20:00,0.0
03/25/06 21:00,0.0
03/25/06 22:00,0.0
03/25/06 23:00,0.0
03/26/06 00:00,0.0
03/26/06 01:00,0.0
03/26/06 02:00,0.0
03/26/06 03:00,0.0
03/26/06 04:00,0.0
03/26/06 05:00,0.0
03/26/06 06:00,0.0
03/26/06 07:00,11.9
03/26/06 08:00,29.3
03/26/06 09:00,43.5
03/26/06 10:00,52.7
03/26/06 11:00,57.5
03/26/06 12:00,59.3
03/26/06 13:00,56.1
03/26/06 14:00,52.1
03/26/06 15:00,41.0
03/26/06 16:00,26.8
03/26/06 17:00,8.4
03/26/06 18:00,0.0
03/26/06 19:00,0.0
03/26/06 20:00,0.0
03/26/06 21:00,0.0
03/26/06 22:00,0.0
03/26/06 23:00,0.0
03/27/06 00:00,0.0
03/27/06 01:00,0.0
03/27/06 02:00,0.0
03/27/06 03:00,0.0
03/27/06 04:00,0.0
03/27/06 05:00,0.0
03/27/06 06:00,0.1
03/27/06 07:00,11.0
03/27/06 08:00,21.4
03/27/06 09:00,32.3
03/27/06 10:00,40.3
03/27/06 11:00,42.6
03/27/06 12:00,45.4
03/27/06 13:00,46.2
03/27/06 14:00,42.7
03/27/06 15:00,30.9
03/27/06 16:00,15.3
03/27/06 17:00,0.3
03/27/06 18:00,0.0
03/27/06 19:00,0.0
03/27/06 20:00,0.0
03/27/06 21:00,0.0
03/27/06 22:00,0.0
03/27/06 23:00,0.0
03/28/06 00:00,0.0
03/28/06 01:00,0.0
03/28/06 02:00,0.0
03/28/06 03:00,0.0
03/28/06 04:00,0.0
03/28/06 05:00,0.0
03/28/06 06:00,0.0
03/28/06 07:00,0.0
03/28/06 08:00,0.4
03/28/06 09:00,1.4
03/28/06 10:00,5.5
03/28/06 11:00,4.0
03/28/06 12:00,4.2
03/28/06 13:00,9.5
03/28/06 14:00,1.7
03/28/06 15:00,0.5
03/28/06 16:00,0.2
03/28/06 17:00,0.0
03/28/06 18:00,0.0
03/28/06 19:00,0.0
03/28/06 20:00,0.0
03/28/06 21:00,0.0
03/28/06 22:00,0.0
03/28/06 23:00,0.0
03/29/06 00:00,0.0
03/29/06 01:00,0.0
03/29/06 02:00,0.0
03/29/06 03:00,0.0
03/29/06 04:00,0.0
03/29/06 05:00,0.0
03/29/06 06:00,0.0
03/29/06 07:00,0.1
03/29/06 08:00,7.6
03/29/06 09:00,16.8
03/29/06 10:00,4.2
03/29/06 11:00,14.0
03/29/06 12:00,61.5
03/29/06 13:00,14.2
03/29/06 14:00,44.6
03/29/06 15:00,41.5
03/29/06 16:00,0.1
03/29/06 17:00,0.0
03/29/06 18:00,0.0
03/29/06 19:00,0.0
03/29/06 20:00,0.0
03/29/06 21:00,0.0
03/29/06 22:00,0.0
03/29/06 23:00,0.0
03/30/06 00:00,0.0
03/30/06 01:00,0.0
03/30/06 02:00,0.0
03/30/06 03:00,0.0
03/30/06 04:00,0.0
03/30/06 05:00,0.0
03/30/06 06:00,0.1
03/30/06 07:00,13.4
03/30/06 08:00,28.6
03/30/06 09:00,40.8
03/30/06 10:00,50.0
03/30/06 11:00,56.9
03/30/06 12:00,56.9
03/30/06 13:00,52.9
03/30/06 14:00,43.8
03/30/06 15:00,40.0
03/30/06 16:00,26.7
03/30/06 17:00,8.8
03/30/06 18:00,0.0
03/30/06 19:00,0.0
03/30/06 20:00,0.0
03/30/06 21:00,0.0
03/30/06 22:00,0.0
03/30/06 23:00,0.0
03/31/06 00:00,0.0
03/31/06 01:00,0.0
03/31/06 02:00,0.0
03/31/06 03:00,0.0
03/31/06 04:00,0.0
03/31/06 05:00,0.0
03/31/06 06:00,0.3
03/31/06 07:00,12.0
03/31/06 08:00,26.6
03/31/06 09:00,39.2
03/31/06 10:00,51.9
03/31/06 11:00,60.6
03/31/06 12:00,62.0
03/31/06 13:00,59.3
03/31/06 14:00,49.3
03/31/06 15:00,38.7
03/31/06 16:00,21.8
03/31/06 17:00,0.3
03/31/06 18:00,0.0
03/31/06 19:00,0.0
03/31/06 20:00,0.0
03/31/06 21:00,0.0
03/31/06 22:00,0.0
03/31/06 23:00,0.0
04/01/06 00:00,0.0
04/01/06 01:00,0.0
04/01/06 02:00,0.0
04/01/06 03:00,0.0
04/01/06 04:00,0.0
04/01/06 05:00,0.0
04/01/06 06:00,0.1
04/01/06 07:00,9.8
04/01/06 08:00,21.2
04/01/06 09:00,27.7
04/01/06 10:00,31.7
04/01/06 11:00,40.5
04/01/06 12:00,43.9
04/01/06 13:00,18.3
04/01/06 14:00,47.4
04/01/06 15:00,37.7
04/01/06 16:00,24.3
04/01/06 17:00,7.3
04/01/06 18:00,0.0
04/01/06 19:00,0.0
04/01/06 20:00,0.0
04/01/06 21:00,0.0
04/01/06 22:00,0.0
04/01/06 23:00,0.0
04/02/06 00:00,0.0
04/02/06 01:00,0.0
04/02/06 02:00,0.0
04/02/06 03:00,0.0
04/02/06 04:00,0.0
04/02/06 05:00,0.0
04/02/06 06:00,0.2
04/02/06 07:00,13.3
04/02/06 08:00,30.8
04/02/06 09:00,44.4
04/02/06 10:00,52.7
04/02/06 11:00,57.6
04/02/06 12:00,58.8
04/02/06 13:00,57.1
04/02/06 14:00,49.6
04/02/06 15:00,41.1
04/02/06 16:00,26.0
04/02/06 17:00,8.0
04/02/06 18:00,0.0
04/02/06 19:00,0.0
04/02/06 20:00,0.0
04/02/06 21:00,0.0
04/02/06 22:00,0.0
04/02/06 23:00,0.0
04/03/06 00:00,0.0
04/03/06 01:00,0.0
04/03/06 02:00,0.0
04/03/06 03:00,0.0
04/03/06 04:00,0.0
04/03/06 05:00,0.0
04/03/06 06:00,0.1
04/03/06 07:00,12.1
04/03/06 08:00,24.2
04/03/06 09:00,32.5
04/03/06 10:00,35.6
04/03/06 11:00,37.6
04/03/06 12:00,34.8
04/03/06 13:00,33.0
04/03/06 14:00,29.1
04/03/06 15:00,14.1
04/03/06 16:00,16.8
04/03/06 17:00,0.8
04/03/06 18:00,0.0
04/03/06 19:00,0.0
04/03/06 20:00,0.0
04/03/06 21:00,0.0
04/03/06 22:00,0.0
04/03/06 23:00,0.0
04/04/06 00:00,0.0
04/04/06 01:00,0.0
04/04/06 02:00,0.0
04/04/06 03:00,0.0
04/04/06 04:00,0.0
04/04/06 05:00,0.0
04/04/06 06:00,0.1
04/04/06 07:00,10.9
04/04/06 08:00,25.7
04/04/06 09:00,34.2
04/04/06 10:00,36.6
04/04/06 11:00,47.0
04/04/06 12:00,42.8
04/04/06 13:00,32.6
04/04/06 14:00,1.9
04/04/06 15:00,15.9
04/04/06 16:00,9.8
04/04/06 17:00,0.7
04/04/06 18:00,0.0
04/04/06 19:00,0.0
04/04/06 20:00,0.0
04/04/06 21:00,0.0
04/04/06 22:00,0.0
04/04/06 23:00,0.0
04/05/06 00:00,0.0
04/05/06 01:00,0.0
04/05/06 02:00,0.0
04/05/06 03:00,0.0
04/05/06 04:00,0.0
04/05/06 05:00,0.0
04/05/06 06:00,0.0
04/05/06 07:00,0.1
04/05/06 08:00,0.6
04/05/06 09:00,37.4
04/05/06 10:00,48.8
04/05/06 11:00,60.9
04/05/06 12:00,59.8
04/05/06 13:00,44.4
04/05/06 14:00,48.1
04/05/06 15:00,32.0
04/05/06 16:00,5.1
04/05/06 17:00,0.0
04/05/06 18:00,0.0
04/05/06 19:00,0.0
04/05/06 20:00,0.0
04/05/06 21:00,0.0
04/05/06 22:00,0.0
04/05/06 23:00,0.0
04/06/06 00:00,0.0
04/06/06 01:00,0.0
04/06/06 02:00,0.0
04/06/06 03:00,0.0
04/06/06 04:00,0.0
04/06/06 05:00,0.0
04/06/06 06:00,0.3
04/06/06 07:00,14.4
04/06/06 08:00,32.2
04/06/06 09:00,46.5
04/06/06 10:00,54.8
04/06/06 11:00,59.4
04/06/06 12:00,61.1
04/06/06 13:00,59.5
04/06/06 14:00,51.9
04/06/06 15:00,43.9
04/06/06 16:00,27.4
04/06/06 17:00,8.6
04/06/06 18:00,0.0
04/06/06 19:00,0.0
04/06/06 20:00,0.0
04/06/06 21:00,0.0
04/06/06 22:00,0.0
04/06/06 23:00,0.0
04/07/06 00:00,0.0
04/07/06 01:00,0.0
04/07/06 02:00,0.0
04/07/06 03:00,0.0
04/07/06 04:00,0.0
04/07/06 05:00,0.0
04/07/06 06:00,0.3
04/07/06 07:00,14.5
04/07/06 08:00,31.5
04/07/06 09:00,44.4
04/07/06 10:00,53.2
04/07/06 11:00,57.8
04/07/06 12:00,59.9
04/07/06 13:00,57.2
04/07/06 14:00,51.1
04/07/06 15:00,43.4
04/07/06 16:00,28.7
04/07/06 17:00,9.0
04/07/06 18:00,0.0
04/07/06 19:00,0.0
04/07/06 20:00,0.0
04/07/06 21:00,0.0
04/07/06 22:00,0.0
04/07/06 23:00,0.0
04/08/06 00:00,0.0
04/08/06 01:00,0.0
04/08/06 02:00,0.0
04/08/06 03:00,0.0
04/08/06 04:00,0.0
04/08/06 05:00,0.0
04/08/06 06:00,0.4
04/08/06 07:00,14.3
04/08/06 08:00,30.7
04/08/06 09:00,42.7
04/08/06 10:00,53.0
04/08/06 11:00,57.3
04/08/06 12:00,58.9
04/08/06 13:00,56.0
04/08/06 14:00,50.1
04/08/06 15:00,41.1
04/08/06 16:00,25.9
04/08/06 17:00,8.5
04/08/06 18:00,0.0
04/08/06 19:00,0.0
04/08/06 20:00,0.0
04/08/06 21:00,0.0
04/08/06 22:00,0.0
04/08/06 23:00,0.0
04/09/06 00:00,0.0
04/09/06 01:00,0.0
04/09/06 02:00,0.0
04/09/06 03:00,0.0
04/09/06 04:00,0.0
04/09/06 05:00,0.0
04/09/06 06:00,0.4
04/09/06 07:00,14.6
04/09/06 08:00,31.3
04/09/06 09:00,43.6
04/09/06 10:00,52.0
04/09/06 11:00,56.9
04/09/06 12:00,59.3
04/09/06 13:00,56.2
04/09/06 14:00,50.5
04/09/06 15:00,40.9
04/09/06 16:00,25.2
04/09/06 17:00,8.4
04/09/06 18:00,0.0
04/09/06 19:00,0.0
04/09/06 20:00,0.0
04/09/06 21:00,0.0
04/09/06 22:00,0.0
04/09/06 23:00,0.0
04/10/06 00:00,0.0
04/10/06 01:00,0.0
04/10/06 02:00,0.0
04/10/06 03:00,0.0
04/10/06 04:00,0.0
04/10/06 05:00,0.0
04/10/06 06:00,0.4
04/10/06 07:00,15.0
04/10/06 08:00,32.3
04/10/06 09:00,45.8
04/10/06 10:00,54.4
04/10/06 11:00,58.8
04/10/06 12:00,61.2
04/10/06 13:00,58.3
04/10/06 14:00,51.5
04/10/06 15:00,41.1
04/10/06 16:00,27.0
04/10/06 17:00,8.9
04/10/06 18:00,0.0
04/10/06 19:00,0.0
04/10/06 20:00,0.0
04/10/06 21:00,0.0
04/10/06 22:00,0.0
04/10/06 23:00,0.0
04/11/06 00:00,0.0
04/11/06 01:00,0.0
04/11/06 02:00,0.0
04/11/06 03:00,0.0
04/11/06 04:00,0.0
04/11/06 05:00,0.0
04/11/06 06:00,0.5
04/11/06 07:00,15.0
04/11/06 08:00,31.6
04/11/06 09:00,44.8
04/11/06 10:00,53.8
04/11/06 11:00,57.4
04/11/06 12:00,55.3
04/11/06 13:00,54.5
04/11/06 14:00,49.0
04/11/06 15:00,37.9
04/11/06 16:00,21.7
04/11/06 17:00,7.4
04/11/06 18:00,0.0
04/11/06 19:00,0.0
04/11/06 20:00,0.0
04/11/06 21:00,0.0
04/11/06 22:00,0.0
04/11/06 23:00,0.0
04/12/06 00:00,0.0
04/12/06 01:00,0.0
04/12/06 02:00,0.0
04/12/06 03:00,0.0
04/12/06 04:00,0.0
04/12/06 05:00,0.0
04/12/06 06:00,0.3
04/12/06 07:00,14.9
04/12/06 08:00,31.5
04/12/06 09:00,44.4
04/12/06 10:00,53.3
04/12/06 11:00,58.3
04/12/06 12:00,58.2
04/12/06 13:00,54.5
04/12/06 14:00,50.2
04/12/06 15:00,40.8
04/12/06 16:00,26.0
04/12/06 17:00,8.9
04/12/06 18:00,0.0
04/12/06 19:00,0.0
04/12/06 20:00,0.0
04/12/06 21:00,0.0
04/12/06 22:00,0.0
04/12/06 23:00,0.0
04/13/06 00:00,0.0
04/13/06 01:00,0.0
04/13/06 02:00,0.0
04/13/06 03:00,0.0
04/13/06 04:00,0.0
04/13/06 05:00,0.0
04/13/06 06:00,0.4
04/13/06 07:00,14.7
04/13/06 08:00,30.6
04/13/06 09:00,43.4
04/13/06 10:00,51.6
04/13/06 11:00,55.6
04/13/06 12:00,56.7
04/13/06 13:00,55.7
04/13/06 14:00,49.1
04/13/06 15:00,38.7
04/13/06 16:00,25.9
04/13/06 17:00,8.1
04/13/06 18:00,0.0
04/13/06 19:00,0.0
04/13/06 20:00,0.0
04/13/06 21:00,0.0
04/13/06 22:00,0.0
04/13/06 23:00,0.0
04/14/06 00:00,0.0
04/14/06 01:00,0.0
04/14/06 02:00,0.0
04/14/06 03:00,0.0
04/14/06 04:00,0.0
04/14/06 05:00,0.0
04/14/06 06:00,0.0
04/14/06 07:00,0.1
04/14/06 08:00,5.0
04/14/06 09:00,15.3
04/14/06 10:00,15.1
04/14/06 11:00,28.2
04/14/06 12:00,51.5
04/14/06 13:00,7.1
04/14/06 14:00,45.4
04/14/06 15:00,40.6
04/14/06 16:00,26.9
04/14/06 17:00,5.5
04/14/06 18:00,0.0
04/14/06 19:00,0.0
04/14/06 20:00,0.0
04/14/06 21:00,0.0
04/14/06 22:00,0.0
04/14/06 23:00,0.0
04/15/06 00:00,0.0
04/15/06 01:00,0.0
04/15/06 02:00,0.0
04/15/06 03:00,0.0
04/15/06 04:00,0.0
04/15/06 05:00,0.0
04/15/06 06:00,0.4
04/15/06 07:00,15.8
04/15/06 08:00,32.3
04/15/06 09:00,44.6
04/15/06 10:00,54.6
04/15/06 11:00,58.9
04/15/06 12:00,60.9
04/15/06 13:00,58.6
04/15/06 14:00,52.8
04/15/06 15:00,42.8
04/15/06 16:00,27.0
04/15/06 17:00,9.4
04/15/06 18:00,0.0
04/15/06 19:00,0.0
04/15/06 20:00,0.0
04/15/06 21:00,0.0
04/15/06 22:00,0.0
04/15/06 23:00,0.0
04/16/06 00:00,0.0
04/16/06 01:00,0.0
04/16/06 02:00,0.0
04/16/06 03:00,0.0
04/16/06 04:00,0.0
04/16/06 05:00,0.0
04/16/06 06:00,0.5
04/16/06 07:00,15.9
04/16/06 08:00,32.3
04/16/06 09:00,45.5
04/16/06 10:00,54.0
04/16/06 11:00,57.7
04/16/06 12:00,60.6
04/16/06 13:00,58.1
04/16/06 14:00,51.4
04/16/06 15:00,42.1
04/16/06 16:00,26.8
04/16/06 17:00,9.4
04/16/06 18:00,0.0
04/16/06 19:00,0.0
04/16/06 20:00,0.0
04/16/06 21:00,0.0
04/16/06 22:00,0.0
04/16/06 23:00,0.0
04/17/06 00:00,0.0
04/17/06 01:00,0.0
04/17/06 02:00,0.0
04/17/06 03:00,0.0
04/17/06 04:00,0.0
04/17/06 05:00,0.0
04/17/06 06:00,0.5
04/17/06 07:00,16.0
04/17/06 08:00,32.5
04/17/06 09:00,45.9
04/17/06 10:00,54.3
04/17/06 11:00,59.9
04/17/06 12:00,61.0
04/17/06 13:00,59.4
04/17/06 14:00,53.0
04/17/06 15:00,41.3
04/17/06 16:00,27.0
04/17/06 17:00,9.6
04/17/06 18:00,0.0
04/17/06 19:00,0.0
04/17/06 20:00,0.0
04/17/06 21:00,0.0
04/17/06 22:00,0.0
04/17/06 23:00,0.0
04/18/06 00:00,0.0
04/18/06 01:00,0.0
04/18/06 02:00,0.0
04/18/06 03:00,0.0
04/18/06 04:00,0.0
04/18/06 05:00,0.0
04/18/06 06:00,0.5
04/18/06 07:00,16.0
04/18/06 08:00,32.2
04/18/06 09:00,45.8
04/18/06 10:00,53.6
04/18/06 11:00,57.9
04/18/06 12:00,58.3
04/18/06 13:00,55.9
04/18/06 14:00,50.5
04/18/06 15:00,42.1
04/18/06 16:00,26.8
04/18/06 17:00,9.5
04/18/06 18:00,0.0
04/18/06 19:00,0.0
04/18/06 20:00,0.0
04/18/06 21:00,0.0
04/18/06 22:00,0.0
04/18/06 23:00,0.0
04/19/06 00:00,0.0
04/19/06 01:00,0.0
04/19/06 02:00,0.0
04/19/06 03:00,0.0
04/19/06 04:00,0.0
04/19/06 05:00,0.0
04/19/06 06:00,0.6
04/19/06 07:00,16.1
04/19/06 08:00,31.6
04/19/06 09:00,45.2
04/19/06 10:00,53.2
04/19/06 11:00,55.9
04/19/06 12:00,58.3
04/19/06 13:00,56.6
04/19/06 14:00,50.5
04/19/06 15:00,41.8
04/19/06 16:00,26.7
04/19/06 17:00,9.6
04/19/06 18:00,0.0
04/19/06 19:00,0.0
04/19/06 20:00,0.0
04/19/06 21:00,0.0
04/19/06 22:00,0.0
04/19/06 23:00,0.0
04/20/06 00:00,0.0
04/20/06 01:00,0.0
04/20/06 02:00,0.0
04/20/06 03:00,0.0
04/20/06 04:00,0.0
04/20/06 05:00,0.0
04/20/06 06:00,0.6
04/20/06 07:00,16.5
04/20/06 08:00,33.0
04/20/06 09:00,44.6
04/20/06 10:00,53.2
04/20/06 11:00,57.5
04/20/06 12:00,58.7
04/20/06 13:00,56.7
04/20/06 14:00,50.2
04/20/06 15:00,41.7
04/20/06 16:00,26.7
04/20/06 17:00,9.6
04/20/06 18:00,0.0
04/20/06 19:00,0.0
04/20/06 20:00,0.0
04/20/06 21:00,0.0
04/20/06 22:00,0.0
04/20/06 23:00,0.0
04/21/06 00:00,0.0
04/21/06 01:00,0.0
04/21/06 02:00,0.0
04/21/06 03:00,0.0
04/21/06 04:00,0.0
04/21/06 05:00,0.0
04/21/06 06:00,1.3
04/21/06 07:00,15.8
04/21/06 08:00,31.0
04/21/06 09:00,42.6
04/21/06 10:00,50.6
04/21/06 11:00,54.2
04/21/06 12:00,56.6
04/21/06 13:00,53.0
04/21/06 14:00,43.1
04/21/06 15:00,23.7
04/21/06 16:00,20.1
04/21/06 17:00,4.9
04/21/06 18:00,0.0
04/21/06 19:00,0.0
04/21/06 20:00,0.0
04/21/06 21:00,0.0
04/21/06 22:00,0.0
04/21/06 23:00,0.0
04/22/06 00:00,0.0
04/22/06 01:00,0.0
04/22/06 02:00,0.0
04/22/06 03:00,0.0
04/22/06 04:00,0.0
04/22/06 05:00,0.0
04/22/06 06:00,0.7
04/22/06 07:00,16.6
04/22/06 08:00,33.1
04/22/06 09:00,45.8
04/22/06 10:00,54.5
04/22/06 11:00,58.1
04/22/06 12:00,58.7
04/22/06 13:00,56.6
04/22/06 14:00,50.1
04/22/06 15:00,40.7
04/22/06 16:00,27.4
04/22/06 17:00,10.0
04/22/06 18:00,0.0
04/22/06 19:00,0.0
04/22/06 20:00,0.0
04/22/06 21:00,0.0
04/22/06 22:00,0.0
04/22/06 23:00,0.0
04/23/06 00:00,0.0
04/23/06 01:00,0.0
04/23/06 02:00,0.0
04/23/06 03:00,0.0
04/23/06 04:00,0.0
04/23/06 05:00,0.0
04/23/06 06:00,1.0
04/23/06 07:00,17.1
04/23/06 08:00,34.2
04/23/06 09:00,47.4
04/23/06 10:00,56.2
04/23/06 11:00,60.9
04/23/06 12:00,62.1
04/23/06 13:00,59.7
04/23/06 14:00,53.7
04/23/06 15:00,42.9
04/23/06 16:00,28.3
04/23/06 17:00,10.4
04/23/06 18:00,0.0
04/23/06 19:00,0.0
04/23/06 20:00,0.0
04/23/06 21:00,0.0
04/23/06 22:00,0.0
04/23/06 23:00,0.0
04/24/06 00:00,0.0
04/24/06 01:00,0.0
04/24/06 02:00,0.0
04/24/06 03:00,0.0
04/24/06 04:00,0.0
04/24/06 05:00,0.0
04/24/06 06:00,1.1
04/24/06 07:00,17.6
04/24/06 08:00,34.0
04/24/06 09:00,47.1
04/24/06 10:00,56.1
04/24/06 11:00,59.7
04/24/06 12:00,57.6
04/24/06 13:00,58.2
04/24/06 14:00,52.6
04/24/06 15:00,43.2
04/24/06 16:00,27.9
04/24/06 17:00,10.3
04/24/06 18:00,0.0
04/24/06 19:00,0.0
04/24/06 20:00,0.0
04/24/06 21:00,0.0
04/24/06 22:00,0.0
04/24/06 23:00,0.0
04/25/06 00:00,0.0
04/25/06 01:00,0.0
04/25/06 02:00,0.0
04/25/06 03:00,0.0
04/25/06 04:00,0.0
04/25/06 05:00,0.0
04/25/06 06:00,1.0
04/25/06 07:00,17.1
04/25/06 08:00,32.9
04/25/06 09:00,44.4
04/25/06 10:00,52.7
04/25/06 11:00,57.0
04/25/06 12:00,57.9
04/25/06 13:00,53.6
04/25/06 14:00,47.1
04/25/06 15:00,40.0
04/25/06 16:00,25.0
04/25/06 17:00,9.7
04/25/06 18:00,0.0
04/25/06 19:00,0.0
04/25/06 20:00,0.0
04/25/06 21:00,0.0
04/25/06 22:00,0.0
04/25/06 23:00,0.0
04/26/06 00:00,0.0
04/26/06 01:00,0.0
04/26/06 02:00,0.0
04/26/06 03:00,0.0
04/26/06 04:00,0.0
04/26/06 05:00,0.0
04/26/06 06:00,1.1
04/26/06 07:00,17.3
04/26/06 08:00,33.6
04/26/06 09:00,45.9
04/26/06 10:00,53.7
04/26/06 11:00,59.3
04/26/06 12:00,60.7
04/26/06 13:00,57.4
04/26/06 14:00,50.4
04/26/06 15:00,40.5
04/26/06 16:00,26.9
04/26/06 17:00,9.6
04/26/06 18:00,0.0
04/26/06 19:00,0.0
04/26/06 20:00,0.0
04/26/06 21:00,0.0
04/26/06 22:00,0.0
04/26/06 23:00,0.0
04/27/06 00:00,0.0
04/27/06 01:00,0.0
04/27/06 02:00,0.0
04/27/06 03:00,0.0
04/27/06 04:00,0.0
04/27/06 05:00,0.0
04/27/06 06:00,1.8
04/27/06 07:00,16.9
04/27/06 08:00,33.1
04/27/06 09:00,44.7
04/27/06 10:00,27.0
04/27/06 11:00,7.0
04/27/06 12:00,28.3
04/27/06 13:00,34.9
04/27/06 14:00,34.5
04/27/06 15:00,36.5
04/27/06 16:00,27.5
04/27/06 17:00,10.3
04/27/06 18:00,0.0
04/27/06 19:00,0.0
04/27/06 20:00,0.0
04/27/06 21:00,0.0
04/27/06 22:00,0.0
04/27/06 23:00,0.0
04/28/06 00:00,0.0
04/28/06 01:00,0.0
04/28/06 02:00,0.0
04/28/06 03:00,0.0
04/28/06 04:00,0.0
04/28/06 05:00,0.0
04/28/06 06:00,2.5
04/28/06 07:00,18.3
04/28/06 08:00,32.6
04/28/06 09:00,45.4
04/28/06 10:00,54.4
04/28/06 11:00,56.7
04/28/06 12:00,60.5
04/28/06 13:00,59.1
04/28/06 14:00,53.0
04/28/06 15:00,45.2
04/28/06 16:00,28.5
04/28/06 17:00,10.7
04/28/06 18:00,0.0
04/28/06 19:00,0.0
04/28/06 20:00,0.0
04/28/06 21:00,0.0
04/28/06 22:00,0.0
04/28/06 23:00,0.0
04/29/06 00:00,0.0
04/29/06 01:00,0.0
04/29/06 02:00,0.0
04/29/06 03:00,0.0
04/29/06 04:00,0.0
04/29/06 05:00,0.0
04/29/06 06:00,1.4
04/29/06 07:00,18.0
04/29/06 08:00,33.9
04/29/06 09:00,45.7
04/29/06 10:00,54.1
04/29/06 11:00,58.5
04/29/06 12:00,58.6
04/29/06 13:00,56.4
04/29/06 14:00,51.4
04/29/06 15:00,42.9
04/29/06 16:00,27.6
04/29/06 17:00,10.5
04/29/06 18:00,0.0
04/29/06 19:00,0.0
04/29/06 20:00,0.0
04/29/06 21:00,0.0
04/29/06 22:00,0.0
04/29/06 23:00,0.0
04/30/06 00:00,0.0
04/30/06 01:00,0.0
04/30/06 02:00,0.0
04/30/06 03:00,0.0
04/30/06 04:00,0.0
04/30/06 05:00,0.0
04/30/06 06:00,1.4
04/30/06 07:00,18.7
04/30/06 08:00,36.8
04/30/06 09:00,47.4
04/30/06 10:00,53.2
04/30/06 11:00,58.3
04/30/06 12:00,58.3
04/30/06 13:00,55.8
04/30/06 14:00,50.4
04/30/06 15:00,41.3
04/30/06 16:00,26.6
04/30/06 17:00,10.1
04/30/06 18:00,0.0
04/30/06 19:00,0.0
04/30/06 20:00,0.0
04/30/06 21:00,0.0
04/30/06 22:00,0.0
04/30/06 23:00,0.0
05/01/06 00:00,0.0
05/01/06 01:00,0.0
05/01/06 02:00,0.0
05/01/06 03:00,0.0
05/01/06 04:00,0.0
05/01/06 05:00,0.0
05/01/06 06:00,1.3
05/01/06 07:00,17.3
05/01/06 08:00,32.9
05/01/06 09:00,44.9
05/01/06 10:00,53.2
05/01/06 11:00,57.1
05/01/06 12:00,57.1
05/01/06 13:00,55.6
05/01/06 14:00,49.3
05/01/06 15:00,40.0
05/01/06 16:00,26.2
05/01/06 17:00,10.1
05/01/06 18:00,0.0
05/01/06 19:00,0.0
05/01/06 20:00,0.0
05/01/06 21:00,0.0
05/01/06 22:00,0.0
05/01/06 23:00,0.0
05/02/06 00:00,0.0
05/02/06 01:00,0.0
05/02/06 02:00,0.0
05/02/06 03:00,0.0
05/02/06 04:00,0.0
05/02/06 05:00,0.0
05/02/06 06:00,2.5
05/02/06 07:00,17.3
05/02/06 08:00,32.7
05/02/06 09:00,44.4
05/02/06 10:00,51.8
05/02/06 11:00,56.2
05/02/06 12:00,57.2
05/02/06 13:00,54.2
05/02/06 14:00,49.5
05/02/06 15:00,38.8
05/02/06 16:00,25.9
05/02/06 17:00,10.2
05/02/06 18:00,0.0
05/02/06 19:00,0.0
05/02/06 20:00,0.0
05/02/06 21:00,0.0
05/02/06 22:00,0.0
05/02/06 23:00,0.0
05/03/06 00:00,0.0
05/03/06 01:00,0.0
05/03/06 02:00,0.0
05/03/06 03:00,0.0
05/03/06 04:00,0.0
05/03/06 05:00,0.0
05/03/06 06:00,1.5
05/03/06 07:00,17.9
05/03/06 08:00,33.7
05/03/06 09:00,45.9
05/03/06 10:00,54.1
05/03/06 11:00,57.9
05/03/06 12:00,58.4
05/03/06 13:00,54.4
05/03/06 14:00,48.9
05/03/06 15:00,39.9
05/03/06 16:00,25.3
05/03/06 17:00,10.2
05/03/06 18:00,0.0
05/03/06 19:00,0.0
05/03/06 20:00,0.0
05/03/06 21:00,0.0
05/03/06 22:00,0.0
05/03/06 23:00,0.0
05/04/06 00:00,0.0
05/04/06 01:00,0.0
05/04/06 02:00,0.0
05/04/06 03:00,0.0
05/04/06 04:00,0.0
05/04/06 05:00,0.0
05/04/06 06:00,1.6
05/04/06 07:00,18.3
05/04/06 08:00,34.4
05/04/06 09:00,46.2
05/04/06 10:00,53.9
05/04/06 11:00,59.0
05/04/06 12:00,58.8
05/04/06 13:00,55.6
05/04/06 14:00,50.0
05/04/06 15:00,40.1
05/04/06 16:00,27.1
05/04/06 17:00,10.7
05/04/06 18:00,0.0
05/04/06 19:00,0.0
05/04/06 20:00,0.0
05/04/06 21:00,0.0
05/04/06 22:00,0.0
05/04/06 23:00,0.0
05/05/06 00:00,0.0
05/05/06 01:00,0.0
05/05/06 02:00,0.0
05/05/06 03:00,0.0
05/05/06 04:00,0.0
05/05/06 05:00,0.0
05/05/06 06:00,1.7
05/05/06 07:00,18.4
05/05/06 08:00,34.2
05/05/06 09:00,44.4
05/05/06 10:00,53.8
05/05/06 11:00,59.6
05/05/06 12:00,59.6
05/05/06 13:00,57.9
05/05/06 14:00,51.8
05/05/06 15:00,41.1
05/05/06 16:00,27.5
05/05/06 17:00,10.7
05/05/06 18:00,0.0
05/05/06 19:00,0.0
05/05/06 20:00,0.0
05/05/06 21:00,0.0
05/05/06 22:00,0.0
05/05/06 23:00,0.0
05/06/06 00:00,0.0
05/06/06 01:00,0.0
05/06/06 02:00,0.0
05/06/06 03:00,0.0
05/06/06 04:00,0.0
05/06/06 05:00,0.0
05/06/06 06:00,2.1
05/06/06 07:00,18.3
05/06/06 08:00,34.2
05/06/06 09:00,45.7
05/06/06 10:00,53.8
05/06/06 11:00,57.6
05/06/06 12:00,60.0
05/06/06 13:00,56.6
05/06/06 14:00,51.6
05/06/06 15:00,41.9
05/06/06 16:00,27.2
05/06/06 17:00,10.7
05/06/06 18:00,0.0
05/06/06 19:00,0.0
05/06/06 20:00,0.0
05/06/06 21:00,0.0
05/06/06 22:00,0.0
05/06/06 23:00,0.0
05/07/06 00:00,0.0
05/07/06 01:00,0.0
05/07/06 02:00,0.0
05/07/06 03:00,0.0
05/07/06 04:00,0.0
05/07/06 05:00,0.0
05/07/06 06:00,2.2
05/07/06 07:00,18.5
05/07/06 08:00,34.1
05/07/06 09:00,45.7
05/07/06 10:00,53.6
05/07/06 11:00,57.5
05/07/06 12:00,58.8
05/07/06 13:00,56.8
05/07/06 14:00,49.9
05/07/06 15:00,41.0
05/07/06 16:00,27.0
05/07/06 17:00,10.7
05/07/06 18:00,0.0
05/07/06 19:00,0.0
05/07/06 20:00,0.0
05/07/06 21:00,0.0
05/07/06 22:00,0.0
05/07/06 23:00,0.0
05/08/06 00:00,0.0
05/08/06 01:00,0.0
05/08/06 02:00,0.0
05/08/06 03:00,0.0
05/08/06 04:00,0.0
05/08/06 05:00,0.0
05/08/06 06:00,1.9
05/08/06 07:00,17.8
05/08/06 08:00,32.9
05/08/06 09:00,44.4
05/08/06 10:00,49.5
05/08/06 11:00,56.6
05/08/06 12:00,58.6
05/08/06 13:00,55.5
05/08/06 14:00,50.2
05/08/06 15:00,40.2
05/08/06 16:00,26.9
05/08/06 17:00,10.7
05/08/06 18:00,0.0
05/08/06 19:00,0.0
05/08/06 20:00,0.0
05/08/06 21:00,0.0
05/08/06 22:00,0.0
05/08/06 23:00,0.0
05/09/06 00:00,0.0
05/09/06 01:00,0.0
05/09/06 02:00,0.0
05/09/06 03:00,0.0
05/09/06 04:00,0.0
05/09/06 05:00,0.0
05/09/06 06:00,2.2
05/09/06 07:00,18.3
05/09/06 08:00,33.7
05/09/06 09:00,44.6
05/09/06 10:00,53.3
05/09/06 11:00,57.7
05/09/06 12:00,56.9
05/09/06 13:00,55.7
05/09/06 14:00,50.2
05/09/06 15:00,41.1
05/09/06 16:00,26.7
05/09/06 17:00,10.8
05/09/06 18:00,0.0
05/09/06 19:00,0.0
05/09/06 20:00,0.0
05/09/06 21:00,0.0
05/09/06 22:00,0.0
05/09/06 23:00,0.0
05/10/06 00:00,0.0
05/10/06 01:00,0.0
05/10/06 02:00,0.0
05/10/06 03:00,0.0
05/10/06 04:00,0.0
05/10/06 05:00,0.0
05/10/06 06:00,2.3
05/10/06 07:00,17.8
05/10/06 08:00,32.4
05/10/06 09:00,44.7
05/10/06 10:00,50.8
05/10/06 11:00,54.4
05/10/06 12:00,56.3
05/10/06 13:00,54.5
05/10/06 14:00,47.8
05/10/06 15:00,40.4
05/10/06 16:00,26.9
05/10/06 17:00,10.8
05/10/06 18:00,0.0
05/10/06 19:00,0.0
05/10/06 20:00,0.0
05/10/06 21:00,0.0
05/10/06 22:00,0.0
05/10/06 23:00,0.0
05/11/06 00:00,0.0
05/11/06 01:00,0.0
05/11/06 02:00,0.0
05/11/06 03:00,0.0
05/11/06 04:00,0.0
05/11/06 05:00,0.0
05/11/06 06:00,2.1
05/11/06 07:00,17.7
05/11/06 08:00,33.0
05/11/06 09:00,44.8
05/11/06 10:00,51.2
05/11/06 11:00,55.3
05/11/06 12:00,53.9
05/11/06 13:00,54.6
05/11/06 14:00,49.4
05/11/06 15:00,40.0
05/11/06 16:00,26.1
05/11/06 17:00,10.7
05/11/06 18:00,0.0
05/11/06 19:00,0.0
05/11/06 20:00,0.0
05/11/06 21:00,0.0
05/11/06 22:00,0.0
05/11/06 23:00,0.0
05/12/06 00:00,0.0
05/12/06 01:00,0.0
05/12/06 02:00,0.0
05/12/06 03:00,0.0
05/12/06 04:00,0.0
05/12/06 05:00,0.0
05/12/06 06:00,2.4
05/12/06 07:00,18.3
05/12/06 08:00,33.6
05/12/06 09:00,44.5
05/12/06 10:00,50.5
05/12/06 11:00,56.0
05/12/06 12:00,56.6
05/12/06 13:00,53.1
05/12/06 14:00,45.8
05/12/06 15:00,35.7
05/12/06 16:00,26.4
05/12/06 17:00,10.8
05/12/06 18:00,0.0
05/12/06 19:00,0.0
05/12/06 20:00,0.0
05/12/06 21:00,0.0
05/12/06 22:00,0.0
05/12/06 23:00,0.0
05/13/06 00:00,0.0
05/13/06 01:00,0.0
05/13/06 02:00,0.0
05/13/06 03:00,0.0
05/13/06 04:00,0.0
05/13/06 05:00,0.0
05/13/06 06:00,4.2
05/13/06 07:00,18.1
05/13/06 08:00,32.6
05/13/06 09:00,43.0
05/13/06 10:00,50.2
05/13/06 11:00,55.4
05/13/06 12:00,56.5
05/13/06 13:00,54.6
05/13/06 14:00,48.8
05/13/06 15:00,40.3
05/13/06 16:00,26.9
05/13/06 17:00,11.0
05/13/06 18:00,0.0
05/13/06 19:00,0.0
05/13/06 20:00,0.0
05/13/06 21:00,0.0
05/13/06 22:00,0.0
05/13/06 23:00,0.0
05/14/06 00:00,0.0
05/14/06 01:00,0.0
05/14/06 02:00,0.0
05/14/06 03:00,0.0
05/14/06 04:00,0.0
05/14/06 05:00,0.0
05/14/06 06:00,2.7
05/14/06 07:00,18.4
05/14/06 08:00,33.3
05/14/06 09:00,44.4
05/14/06 10:00,51.0
05/14/06 11:00,55.5
05/14/06 12:00,55.7
05/14/06 13:00,54.0
05/14/06 14:00,49.1
05/14/06 15:00,40.2
05/14/06 16:00,26.7
05/14/06 17:00,11.0
05/14/06 18:00,0.0
05/14/06 19:00,0.0
05/14/06 20:00,0.0
05/14/06 21:00,0.0
05/14/06 22:00,0.0
05/14/06 23:00,0.0
05/15/06 00:00,0.0
05/15/06 01:00,0.0
05/15/06 02:00,0.0
05/15/06 03:00,0.0
05/15/06 04:00,0.0
05/15/06 05:00,0.0
05/15/06 06:00,2.6
05/15/06 07:00,18.3
05/15/06 08:00,33.0
05/15/06 09:00,44.5
05/15/06 10:00,51.1
05/15/06 11:00,56.1
05/15/06 12:00,55.8
05/15/06 13:00,51.7
05/15/06 14:00,44.2
05/15/06 15:00,37.4
05/15/06 16:00,26.2
05/15/06 17:00,10.9
05/15/06 18:00,0.0
05/15/06 19:00,0.0
05/15/06 20:00,0.0
05/15/06 21:00,0.0
05/15/06 22:00,0.0
05/15/06 23:00,0.0
05/16/06 00:00,0.0
05/16/06 01:00,0.0
05/16/06 02:00,0.0
05/16/06 03:00,0.0
05/16/06 04:00,0.0
05/16/06 05:00,0.0
05/16/06 06:00,2.8
05/16/06 07:00,18.2
05/16/06 08:00,33.3
05/16/06 09:00,44.9
05/16/06 10:00,51.5
05/16/06 11:00,53.0
05/16/06 12:00,52.9
05/16/06 13:00,52.6
05/16/06 14:00,51.4
05/16/06 15:00,39.7
05/16/06 16:00,1.1
05/16/06 17:00,9.6
05/16/06 18:00,0.0
05/16/06 19:00,0.0
05/16/06 20:00,0.0
05/16/06 21:00,0.0
05/16/06 22:00,0.0
05/16/06 23:00,0.0
05/17/06 00:00,0.0
05/17/06 01:00,0.0
05/17/06 02:00,0.0
05/17/06 03:00,0.0
05/17/06 04:00,0.0
05/17/06 05:00,0.0
05/17/06 06:00,4.9
05/17/06 07:00,18.6
05/17/06 08:00,32.7
05/17/06 09:00,44.8
05/17/06 10:00,51.5
05/17/06 11:00,55.4
05/17/06 12:00,56.6
05/17/06 13:00,53.2
05/17/06 14:00,47.9
05/17/06 15:00,42.3
05/17/06 16:00,26.5
05/17/06 17:00,11.3
05/17/06 18:00,0.0
05/17/06 19:00,0.0
05/17/06 20:00,0.0
05/17/06 21:00,0.0
05/17/06 22:00,0.0
05/17/06 23:00,0.0
05/18/06 00:00,0.0
05/18/06 01:00,0.0
05/18/06 02:00,0.0
05/18/06 03:00,0.0
05/18/06 04:00,0.0
05/18/06 05:00,0.0
05/18/06 06:00,2.9
05/18/06 07:00,18.5
05/18/06 08:00,33.4
05/18/06 09:00,44.8
05/18/06 10:00,52.0
05/18/06 11:00,56.2
05/18/06 12:00,56.5
05/18/06 13:00,54.7
05/18/06 14:00,49.2
05/18/06 15:00,40.0
05/18/06 16:00,26.7
05/18/06 17:00,11.2
05/18/06 18:00,0.0
05/18/06 19:00,0.0
05/18/06 20:00,0.0
05/18/06 21:00,0.0
05/18/06 22:00,0.0
05/18/06 23:00,0.0
05/19/06 00:00,0.0
05/19/06 01:00,0.0
05/19/06 02:00,0.0
05/19/06 03:00,0.0
05/19/06 04:00,0.0
05/19/06 05:00,0.0
05/19/06 06:00,2.9
05/19/06 07:00,18.4
05/19/06 08:00,33.2
05/19/06 09:00,42.7
05/19/06 10:00,51.5
05/19/06 11:00,55.5
05/19/06 12:00,56.6
05/19/06 13:00,55.2
05/19/06 14:00,49.8
05/19/06 15:00,39.8
05/19/06 16:00,26.8
05/19/06 17:00,11.3
05/19/06 18:00,0.0
05/19/06 19:00,0.0
05/19/06 20:00,0.0
05/19/06 21:00,0.0
05/19/06 22:00,0.0
05/19/06 23:00,0.0
05/20/06 00:00,0.0
05/20/06 01:00,0.0
05/20/06 02:00,0.0
05/20/06 03:00,0.0
05/20/06 04:00,0.0
05/20/06 05:00,0.1
05/20/06 06:00,2.8
05/20/06 07:00,17.9
05/20/06 08:00,32.5
05/20/06 09:00,43.8
05/20/06 10:00,51.1
05/20/06 11:00,56.4
05/20/06 12:00,56.5
05/20/06 13:00,52.4
05/20/06 14:00,48.5
05/20/06 15:00,40.3
05/20/06 16:00,26.6
05/20/06 17:00,11.3
05/20/06 18:00,0.0
05/20/06 19:00,0.0
05/20/06 20:00,0.0
05/20/06 21:00,0.0
05/20/06 22:00,0.0
05/20/06 23:00,0.0
05/21/06 00:00,0.0
05/21/06 01:00,0.0
05/21/06 02:00,0.0
05/21/06 03:00,0.0
05/21/06 04:00,0.0
05/21/06 05:00,0.0
05/21/06 06:00,6.4
05/21/06 07:00,15.0
05/21/06 08:00,26.4
05/21/06 09:00,31.2
05/21/06 10:00,42.9
05/21/06 11:00,48.4
05/21/06 12:00,54.4
05/21/06 13:00,55.1
05/21/06 14:00,48.3
05/21/06 15:00,39.5
05/21/06 16:00,27.5
05/21/06 17:00,11.6
05/21/06 18:00,0.0
05/21/06 19:00,0.0
05/21/06 20:00,0.0
05/21/06 21:00,0.0
05/21/06 22:00,0.0
05/21/06 23:00,0.0
05/22/06 00:00,0.0
05/22/06 01:00,0.0
05/22/06 02:00,0.0
05/22/06 03:00,0.0
05/22/06 04:00,0.0
05/22/06 05:00,0.1
05/22/06 06:00,3.1
05/22/06 07:00,19.2
05/22/06 08:00,35.9
05/22/06 09:00,49.9
05/22/06 10:00,58.6
05/22/06 11:00,62.4
05/22/06 12:00,61.9
05/22/06 13:00,57.2
05/22/06 14:00,50.7
05/22/06 15:00,41.1
05/22/06 16:00,26.0
05/22/06 17:00,11.9
05/22/06 18:00,0.0
05/22/06 19:00,0.0
05/22/06 20:00,0.0
05/22/06 21:00,0.0
05/22/06 22:00,0.0
05/22/06 23:00,0.0
05/23/06 00:00,0.0
05/23/06 01:00,0.0
05/23/06 02:00,0.0
05/23/06 03:00,0.0
05/23/06 04:00,0.0
05/23/06 05:00,0.1
05/23/06 06:00,3.2
05/23/06 07:00,18.7
05/23/06 08:00,33.7
05/23/06 09:00,45.5
05/23/06 10:00,53.4
05/23/06 11:00,56.8
05/23/06 12:00,57.4
05/23/06 13:00,55.3
05/23/06 14:00,49.7
05/23/06 15:00,42.1
05/23/06 16:00,27.9
05/23/06 17:00,11.9
05/23/06 18:00,0.0
05/23/06 19:00,0.0
05/23/06 20:00,0.0
05/23/06 21:00,0.0
05/23/06 22:00,0.0
05/23/06 23:00,0.0
05/24/06 00:00,0.0
05/24/06 01:00,0.0
05/24/06 02:00,0.0
05/24/06 03:00,0.0
05/24/06 04:00,0.0
05/24/06 05:00,0.1
05/24/06 06:00,3.1
05/24/06 07:00,18.7
05/24/06 08:00,33.6
05/24/06 09:00,44.9
05/24/06 10:00,51.9
05/24/06 11:00,55.6
05/24/06 12:00,56.1
05/24/06 13:00,53.0
05/24/06 14:00,47.8
05/24/06 15:00,40.3
05/24/06 16:00,26.5
05/24/06 17:00,11.5
05/24/06 18:00,0.0
05/24/06 19:00,0.0
05/24/06 20:00,0.0
05/24/06 21:00,0.0
05/24/06 22:00,0.0
05/24/06 23:00,0.0
05/25/06 00:00,0.0
05/25/06 01:00,0.0
05/25/06 02:00,0.0
05/25/06 03:00,0.0
05/25/06 04:00,0.0
05/25/06 05:00,0.1
05/25/06 06:00,3.1
05/25/06 07:00,18.5
05/25/06 08:00,33.1
05/25/06 09:00,44.2
05/25/06 10:00,51.0
05/25/06 11:00,55.2
05/25/06 12:00,56.4
05/25/06 13:00,53.4
05/25/06 14:00,47.7
05/25/06 15:00,39.6
05/25/06 16:00,27.1
05/25/06 17:00,11.7
05/25/06 18:00,0.0
05/25/06 19:00,0.0
05/25/06 20:00,0.0
05/25/06 21:00,0.0
05/25/06 22:00,0.0
05/25/06 23:00,0.0
05/26/06 00:00,0.0
05/26/06 01:00,0.0
05/26/06 02:00,0.0
05/26/06 03:00,0.0
05/26/06 04:00,0.0
05/26/06 05:00,0.1
05/26/06 06:00,3.1
05/26/06 07:00,18.7
05/26/06 08:00,33.2
05/26/06 09:00,43.8
05/26/06 10:00,52.3
05/26/06 11:00,55.4
05/26/06 12:00,55.8
05/26/06 13:00,54.6
05/26/06 14:00,49.0
05/26/06 15:00,39.7
05/26/06 16:00,27.1
05/26/06 17:00,11.9
05/26/06 18:00,0.0
05/26/06 19:00,0.0
05/26/06 20:00,0.0
05/26/06 21:00,0.0
05/26/06 22:00,0.0
05/26/06 23:00,0.0
05/27/06 00:00,0.0
05/27/06 01:00,0.0
05/27/06 02:00,0.0
05/27/06 03:00,0.0
05/27/06 04:00,0.0
05/27/06 05:00,0.1
05/27/06 06:00,3.3
05/27/06 07:00,19.0
05/27/06 08:00,34.4
05/27/06 09:00,45.9
05/27/06 10:00,53.5
05/27/06 11:00,58.0
05/27/06 12:00,58.8
05/27/06 13:00,58.0
05/27/06 14:00,52.0
05/27/06 15:00,40.3
05/27/06 16:00,28.3
05/27/06 17:00,12.4
05/27/06 18:00,0.0
05/27/06 19:00,0.0
05/27/06 20:00,0.0
05/27/06 21:00,0.0
05/27/06 22:00,0.0
05/27/06 23:00,0.0
05/28/06 00:00,0.0
05/28/06 01:00,0.0
05/28/06 02:00,0.0
05/28/06 03:00,0.0
05/28/06 04:00,0.0
05/28/06 05:00,0.1
05/28/06 06:00,3.3
05/28/06 07:00,19.2
05/28/06 08:00,34.6
05/28/06 09:00,46.3
05/28/06 10:00,53.8
05/28/06 11:00,58.6
05/28/06 12:00,60.8
05/28/06 13:00,57.5
05/28/06 14:00,51.1
05/28/06 15:00,42.1
05/28/06 16:00,28.3
05/28/06 17:00,12.5
05/28/06 18:00,0.0
05/28/06 19:00,0.0
05/28/06 20:00,0.0
05/28/06 21:00,0.0
05/28/06 22:00,0.0
05/28/06 23:00,0.0
05/29/06 00:00,0.0
05/29/06 01:00,0.0
05/29/06 02:00,0.0
05/29/06 03:00,0.0
05/29/06 04:00,0.0
05/29/06 05:00,0.1
05/29/06 06:00,3.1
05/29/06 07:00,18.4
05/29/06 08:00,33.3
05/29/06 09:00,44.3
05/29/06 10:00,51.1
05/29/06 11:00,52.8
05/29/06 12:00,55.8
05/29/06 13:00,54.9
05/29/06 14:00,49.0
05/29/06 15:00,40.7
05/29/06 16:00,27.7
05/29/06 17:00,12.1
05/29/06 18:00,0.0
05/29/06 19:00,0.0
05/29/06 20:00,0.0
05/29/06 21:00,0.0
05/29/06 22:00,0.0
05/29/06 23:00,0.0
05/30/06 00:00,0.0
05/30/06 01:00,0.0
05/30/06 02:00,0.0
05/30/06 03:00,0.0
05/30/06 04:00,0.0
05/30/06 05:00,0.1
05/30/06 06:00,3.0
05/30/06 07:00,18.5
05/30/06 08:00,33.2
05/30/06 09:00,44.6
05/30/06 10:00,51.9
05/30/06 11:00,54.6
05/30/06 12:00,52.8
05/30/06 13:00,53.3
05/30/06 14:00,48.7
05/30/06 15:00,40.7
05/30/06 16:00,27.4
05/30/06 17:00,12.1
05/30/06 18:00,0.0
05/30/06 19:00,0.0
05/30/06 20:00,0.0
05/30/06 21:00,0.0
05/30/06 22:00,0.0
05/30/06 23:00,0.0
05/31/06 00:00,0.0
05/31/06 01:00,0.0
05/31/06 02:00,0.0
05/31/06 03:00,0.0
05/31/06 04:00,0.0
05/31/06 05:00,0.1
05/31/06 06:00,2.9
05/31/06 07:00,18.2
05/31/06 08:00,32.5
05/31/06 09:00,43.4
05/31/06 10:00,49.7
05/31/06 11:00,54.0
05/31/06 12:00,54.8
05/31/06 13:00,52.4
05/31/06 14:00,45.6
05/31/06 15:00,39.6
05/31/06 16:00,26.9
05/31/06 17:00,12.0
05/31/06 18:00,0.0
05/31/06 19:00,0.0
05/31/06 20:00,0.0
05/31/06 21:00,0.0
05/31/06 22:00,0.0
05/31/06 23:00,0.0
06/01/06 00:00,0.0
06/01/06 01:00,0.0
06/01/06 02:00,0.0
06/01/06 03:00,0.0
06/01/06 04:00,0.0
06/01/06 05:00,0.1
06/01/06 06:00,2.6
06/01/06 07:00,17.9
06/01/06 08:00,31.7
06/01/06 09:00,42.3
06/01/06 10:00,49.0
06/01/06 11:00,52.8
06/01/06 12:00,54.2
06/01/06 13:00,51.9
06/01/06 14:00,46.4
06/01/06 15:00,39.0
06/01/06 16:00,26.5
06/01/06 17:00,11.9
06/01/06 18:00,0.0
06/01/06 19:00,0.0
06/01/06 20:00,0.0
06/01/06 21:00,0.0
06/01/06 22:00,0.0
06/01/06 23:00,0.0
06/02/06 00:00,0.0
06/02/06 01:00,0.0
06/02/06 02:00,0.0
06/02/06 03:00,0.0
06/02/06 04:00,0.0
06/02/06 05:00,0.1
06/02/06 06:00,2.5
06/02/06 07:00,17.5
06/02/06 08:00,31.8
06/02/06 09:00,43.0
06/02/06 10:00,49.4
06/02/06 11:00,53.3
06/02/06 12:00,52.8
06/02/06 13:00,49.5
06/02/06 14:00,46.2
06/02/06 15:00,38.2
06/02/06 16:00,25.4
06/02/06 17:00,11.8
06/02/06 18:00,0.0
06/02/06 19:00,0.0
06/02/06 20:00,0.0
06/02/06 21:00,0.0
06/02/06 22:00,0.0
06/02/06 23:00,0.0
06/03/06 00:00,0.0
06/03/06 01:00,0.0
06/03/06 02:00,0.0
06/03/06 03:00,0.0
06/03/06 04:00,0.0
06/03/06 05:00,0.1
06/03/06 06:00,2.5
06/03/06 07:00,17.1
06/03/06 08:00,30.7
06/03/06 09:00,41.4
06/03/06 10:00,48.4
06/03/06 11:00,53.0
06/03/06 12:00,53.3
06/03/06 13:00,50.9
06/03/06 14:00,45.7
06/03/06 15:00,38.4
06/03/06 16:00,26.0
06/03/06 17:00,11.8
06/03/06 18:00,0.0
06/03/06 19:00,0.0
06/03/06 20:00,0.0
06/03/06 21:00,0.0
06/03/06 22:00,0.0
06/03/06 23:00,0.0
06/04/06 00:00,0.0
06/04/06 01:00,0.0
06/04/06 02:00,0.0
06/04/06 03:00,0.0
06/04/06 04:00,0.0
06/04/06 05:00,0.1
06/04/06 06:00,2.6
06/04/06 07:00,17.6
06/04/06 08:00,31.6
06/04/06 09:00,42.2
06/04/06 10:00,49.2
06/04/06 11:00,53.0
06/04/06 12:00,53.3
06/04/06 13:00,51.4
06/04/06 14:00,47.1
06/04/06 15:00,38.0
06/04/06 16:00,26.5
06/04/06 17:00,11.9
06/04/06 18:00,0.0
06/04/06 19:00,0.0
06/04/06 20:00,0.0
06/04/06 21:00,0.0
06/04/06 22:00,0.0
06/04/06 23:00,0.0
06/05/06 00:00,0.0
06/05/06 01:00,0.0
06/05/06 02:00,0.0
06/05/06 03:00,0.0
06/05/06 04:00,0.0
06/05/06 05:00,0.1
06/05/06 06:00,2.7
06/05/06 07:00,17.7
06/05/06 08:00,32.2
06/05/06 09:00,43.0
06/05/06 10:00,50.6
06/05/06 11:00,53.6
06/05/06 12:00,54.0
06/05/06 13:00,51.6
06/05/06 14:00,46.9
06/05/06 15:00,38.3
06/05/06 16:00,26.5
06/05/06 17:00,12.0
06/05/06 18:00,0.0
06/05/06 19:00,0.0
06/05/06 20:00,0.0
06/05/06 21:00,0.0
06/05/06 22:00,0.0
06/05/06 23:00,0.0
06/06/06 00:00,0.0
06/06/06 01:00,0.0
06/06/06 02:00,0.0
06/06/06 03:00,0.0
06/06/06 04:00,0.0
06/06/06 05:00,0.1
06/06/06 06:00,5.6
06/06/06 07:00,17.5
06/06/06 08:00,28.0
06/06/06 09:00,30.1
06/06/06 10:00,33.1
06/06/06 11:00,46.5
06/06/06 12:00,50.3
06/06/06 13:00,52.8
06/06/06 14:00,47.9
06/06/06 15:00,39.1
06/06/06 16:00,27.0
06/06/06 17:00,12.7
06/06/06 18:00,0.1
06/06/06 19:00,0.0
06/06/06 20:00,0.0
06/06/06 21:00,0.0
06/06/06 22:00,0.0
06/06/06 23:00,0.0
06/07/06 00:00,0.0
06/07/06 01:00,0.0
06/07/06 02:00,0.0
06/07/06 03:00,0.0
06/07/06 04:00,0.0
06/07/06 05:00,0.1
06/07/06 06:00,7.4
06/07/06 07:00,16.8
06/07/06 08:00,27.7
06/07/06 09:00,34.1
06/07/06 10:00,34.8
06/07/06 11:00,39.3
06/07/06 12:00,41.5
06/07/06 13:00,49.3
06/07/06 14:00,46.1
06/07/06 15:00,39.8
06/07/06 16:00,23.4
06/07/06 17:00,11.7
06/07/06 18:00,0.1
06/07/06 19:00,0.0
06/07/06 20:00,0.0
06/07/06 21:00,0.0
06/07/06 22:00,0.0
06/07/06 23:00,0.0
06/08/06 00:00,0.0
06/08/06 01:00,0.0
06/08/06 02:00,0.0
06/08/06 03:00,0.0
06/08/06 04:00,0.0
06/08/06 05:00,0.1
06/08/06 06:00,2.5
06/08/06 07:00,17.8
06/08/06 08:00,32.3
06/08/06 09:00,42.7
06/08/06 10:00,49.5
06/08/06 11:00,54.3
06/08/06 12:00,54.2
06/08/06 13:00,52.7
06/08/06 14:00,48.3
06/08/06 15:00,41.7
06/08/06 16:00,19.1
06/08/06 17:00,10.2
06/08/06 18:00,0.1
06/08/06 19:00,0.0
06/08/06 20:00,0.0
06/08/06 21:00,0.0
06/08/06 22:00,0.0
06/08/06 23:00,0.0
06/09/06 00:00,0.0
06/09/06 01:00,0.0
06/09/06 02:00,0.0
06/09/06 03:00,0.0
06/09/06 04:00,0.0
06/09/06 05:00,0.1
06/09/06 06:00,2.9
06/09/06 07:00,17.6
06/09/06 08:00,30.6
06/09/06 09:00,41.8
06/09/06 10:00,48.7
06/09/06 11:00,53.4
06/09/06 12:00,55.8
06/09/06 13:00,52.9
06/09/06 14:00,47.8
06/09/06 15:00,39.5
06/09/06 16:00,27.3
06/09/06 17:00,12.7
06/09/06 18:00,0.1
06/09/06 19:00,0.0
06/09/06 20:00,0.0
06/09/06 21:00,0.0
06/09/06 22:00,0.0
06/09/06 23:00,0.0
06/10/06 00:00,0.0
06/10/06 01:00,0.0
06/10/06 02:00,0.0
06/10/06 03:00,0.0
06/10/06 04:00,0.0
06/10/06 05:00,0.1
06/10/06 06:00,2.5
06/10/06 07:00,17.8
06/10/06 08:00,32.2
06/10/06 09:00,43.3
06/10/06 10:00,50.3
06/10/06 11:00,54.8
06/10/06 12:00,55.6
06/10/06 13:00,52.6
06/10/06 14:00,47.3
06/10/06 15:00,39.1
06/10/06 16:00,27.1
06/10/06 17:00,12.6
06/10/06 18:00,0.1
06/10/06 19:00,0.0
06/10/06 20:00,0.0
06/10/06 21:00,0.0
06/10/06 22:00,0.0
06/10/06 23:00,0.0
06/11/06 00:00,0.0
06/11/06 01:00,0.0
06/11/06 02:00,0.0
06/11/06 03:00,0.0
06/11/06 04:00,0.0
06/11/06 05:00,0.1
06/11/06 06:00,2.5
06/11/06 07:00,17.5
06/11/06 08:00,31.4
06/11/06 09:00,42.7
06/11/06 10:00,50.5
06/11/06 11:00,54.5
06/11/06 12:00,54.8
06/11/06 13:00,52.7
06/11/06 14:00,47.8
06/11/06 15:00,39.3
06/11/06 16:00,27.3
06/11/06 17:00,12.7
06/11/06 18:00,0.1
06/11/06 19:00,0.0
06/11/06 20:00,0.0
06/11/06 21:00,0.0
06/11/06 22:00,0.0
06/11/06 23:00,0.0
06/12/06 00:00,0.0
06/12/06 01:00,0.0
06/12/06 02:00,0.0
06/12/06 03:00,0.0
06/12/06 04:00,0.0
06/12/06 05:00,0.1
06/12/06 06:00,2.5
06/12/06 07:00,17.7
06/12/06 08:00,32.4
06/12/06 09:00,43.2
06/12/06 10:00,50.1
06/12/06 11:00,55.3
06/12/06 12:00,56.3
06/12/06 13:00,53.3
06/12/06 14:00,48.2
06/12/06 15:00,38.7
06/12/06 16:00,27.8
06/12/06 17:00,12.9
06/12/06 18:00,0.1
06/12/06 19:00,0.0
06/12/06 20:00,0.0
06/12/06 21:00,0.0
06/12/06 22:00,0.0
06/12/06 23:00,0.0
06/13/06 00:00,0.0
06/13/06 01:00,0.0
06/13/06 02:00,0.0
06/13/06 03:00,0.0
06/13/06 04:00,0.0
06/13/06 05:00,0.1
06/13/06 06:00,2.4
06/13/06 07:00,17.5
06/13/06 08:00,31.6
06/13/06 09:00,42.2
06/13/06 10:00,47.2
06/13/06 11:00,50.9
06/13/06 12:00,53.1
06/13/06 13:00,51.4
06/13/06 14:00,46.8
06/13/06 15:00,39.9
06/13/06 16:00,27.0
06/13/06 17:00,12.6
06/13/06 18:00,0.1
06/13/06 19:00,0.0
06/13/06 20:00,0.0
06/13/06 21:00,0.0
06/13/06 22:00,0.0
06/13/06 23:00,0.0
06/14/06 00:00,0.0
06/14/06 01:00,0.0
06/14/06 02:00,0.0
06/14/06 03:00,0.0
06/14/06 04:00,0.0
06/14/06 05:00,0.1
06/14/06 06:00,2.5
06/14/06 07:00,17.6
06/14/06 08:00,31.8
06/14/06 09:00,43.2
06/14/06 10:00,50.9
06/14/06 11:00,54.8
06/14/06 12:00,55.5
06/14/06 13:00,53.4
06/14/06 14:00,48.5
06/14/06 15:00,39.6
06/14/06 16:00,27.7
06/14/06 17:00,13.0
06/14/06 18:00,0.1
06/14/06 19:00,0.0
06/14/06 20:00,0.0
06/14/06 21:00,0.0
06/14/06 22:00,0.0
06/14/06 23:00,0.0
06/15/06 00:00,0.0
06/15/06 01:00,0.0
06/15/06 02:00,0.0
06/15/06 03:00,0.0
06/15/06 04:00,0.0
06/15/06 05:00,0.1
06/15/06 06:00,2.4
06/15/06 07:00,17.7
06/15/06 08:00,32.5
06/15/06 09:00,43.8
06/15/06 10:00,52.1
06/15/06 11:00,55.9
06/15/06 12:00,56.6
06/15/06 13:00,55.1
06/15/06 14:00,49.9
06/15/06 15:00,40.5
06/15/06 16:00,28.1
06/15/06 17:00,13.1
06/15/06 18:00,0.1
06/15/06 19:00,0.0
06/15/06 20:00,0.0
06/15/06 21:00,0.0
06/15/06 22:00,0.0
06/15/06 23:00,0.0
06/16/06 00:00,0.0
06/16/06 01:00,0.0
06/16/06 02:00,0.0
06/16/06 03:00,0.0
06/16/06 04:00,0.0
06/16/06 05:00,0.1
06/16/06 06:00,2.3
06/16/06 07:00,17.4
06/16/06 08:00,32.1
06/16/06 09:00,43.4
06/16/06 10:00,50.4
06/16/06 11:00,53.0
06/16/06 12:00,56.1
06/16/06 13:00,53.4
06/16/06 14:00,48.6
06/16/06 15:00,41.2
06/16/06 16:00,28.1
06/16/06 17:00,13.1
06/16/06 18:00,0.1
06/16/06 19:00,0.0
06/16/06 20:00,0.0
06/16/06 21:00,0.0
06/16/06 22:00,0.0
06/16/06 23:00,0.0
06/17/06 00:00,0.0
06/17/06 01:00,0.0
06/17/06 02:00,0.0
06/17/06 03:00,0.0
06/17/06 04:00,0.0
06/17/06 05:00,0.1
06/17/06 06:00,2.3
06/17/06 07:00,17.5
06/17/06 08:00,32.0
06/17/06 09:00,41.7
06/17/06 10:00,48.5
06/17/06 11:00,54.8
06/17/06 12:00,55.9
06/17/06 13:00,52.3
06/17/06 14:00,47.4
06/17/06 15:00,39.8
06/17/06 16:00,27.6
06/17/06 17:00,13.0
06/17/06 18:00,0.1
06/17/06 19:00,0.0
06/17/06 20:00,0.0
06/17/06 21:00,0.0
06/17/06 22:00,0.0
06/17/06 23:00,0.0
06/18/06 00:00,0.0
06/18/06 01:00,0.0
06/18/06 02:00,0.0
06/18/06 03:00,0.0
06/18/06 04:00,0.0
06/18/06 05:00,0.1
06/18/06 06:00,2.2
06/18/06 07:00,17.2
06/18/06 08:00,31.5
06/18/06 09:00,41.4
06/18/06 10:00,48.5
06/18/06 11:00,53.4
06/18/06 12:00,53.3
06/18/06 13:00,51.4
06/18/06 14:00,46.7
06/18/06 15:00,39.4
06/18/06 16:00,27.1
06/18/06 17:00,12.9
06/18/06 18:00,0.1
06/18/06 19:00,0.0
06/18/06 20:00,0.0
06/18/06 21:00,0.0
06/18/06 22:00,0.0
06/18/06 23:00,0.0
06/19/06 00:00,0.0
06/19/06 01:00,0.0
06/19/06 02:00,0.0
06/19/06 03:00,0.0
06/19/06 04:00,0.0
06/19/06 05:00,0.1
06/19/06 06:00,2.1
06/19/06 07:00,17.0
06/19/06 08:00,31.2
06/19/06 09:00,41.8
06/19/06 10:00,49.2
06/19/06 11:00,53.1
06/19/06 12:00,54.1
06/19/06 13:00,51.7
06/19/06 14:00,47.3
06/19/06 15:00,38.8
06/19/06 16:00,27.4
06/19/06 17:00,13.1
06/19/06 18:00,0.1
06/19/06 19:00,0.0
06/19/06 20:00,0.0
06/19/06 21:00,0.0
06/19/06 22:00,0.0
06/19/06 23:00,0.0
06/20/06 00:00,0.0
06/20/06 01:00,0.0
06/20/06 02:00,0.0
06/20/06 03:00,0.0
06/20/06 04:00,0.0
06/20/06 05:00,0.1
06/20/06 06:00,2.1
06/20/06 07:00,16.7
06/20/06 08:00,30.9
06/20/06 09:00,42.3
06/20/06 10:00,49.3
06/20/06 11:00,52.5
06/20/06 12:00,53.2
06/20/06 13:00,51.3
06/20/06 14:00,46.8
06/20/06 15:00,37.5
06/20/06 16:00,27.6
06/20/06 17:00,13.2
06/20/06 18:00,0.1
06/20/06 19:00,0.0
06/20/06 20:00,0.0
06/20/06 21:00,0.0
06/20/06 22:00,0.0
06/20/06 23:00,0.0
06/21/06 00:00,0.0
06/21/06 01:00,0.0
06/21/06 02:00,0.0
06/21/06 03:00,0.0
06/21/06 04:00,0.0
06/21/06 05:00,0.1
06/21/06 06:00,2.1
06/21/06 07:00,16.7
06/21/06 08:00,31.1
06/21/06 09:00,42.6
06/21/06 10:00,48.8
06/21/06 11:00,52.5
06/21/06 12:00,53.9
06/21/06 13:00,50.9
06/21/06 14:00,48.0
06/21/06 15:00,39.3
06/21/06 16:00,27.6
06/21/06 17:00,13.2
06/21/06 18:00,0.1
06/21/06 19:00,0.0
06/21/06 20:00,0.0
06/21/06 21:00,0.0
06/21/06 22:00,0.0
06/21/06 23:00,0.0
06/22/06 00:00,0.0
06/22/06 01:00,0.0
06/22/06 02:00,0.0
06/22/06 03:00,0.0
06/22/06 04:00,0.0
06/22/06 05:00,0.1
06/22/06 06:00,2.0
06/22/06 07:00,16.7
06/22/06 08:00,30.1
06/22/06 09:00,42.1
06/22/06 10:00,48.8
06/22/06 11:00,53.8
06/22/06 12:00,54.6
06/22/06 13:00,50.5
06/22/06 14:00,46.9
06/22/06 15:00,39.7
06/22/06 16:00,27.8
06/22/06 17:00,13.2
06/22/06 18:00,0.1
06/22/06 19:00,0.0
06/22/06 20:00,0.0
06/22/06 21:00,0.0
06/22/06 22:00,0.0
06/22/06 23:00,0.0
06/23/06 00:00,0.0
06/23/06 01:00,0.0
06/23/06 02:00,0.0
06/23/06 03:00,0.0
06/23/06 04:00,0.0
06/23/06 05:00,0.1
06/23/06 06:00,2.0
06/23/06 07:00,16.9
06/23/06 08:00,31.4
06/23/06 09:00,41.8
06/23/06 10:00,48.7
06/23/06 11:00,52.3
06/23/06 12:00,54.7
06/23/06 13:00,52.9
06/23/06 14:00,47.8
06/23/06 15:00,40.0
06/23/06 16:00,23.1
06/23/06 17:00,11.6
06/23/06 18:00,0.1
06/23/06 19:00,0.0
06/23/06 20:00,0.0
06/23/06 21:00,0.0
06/23/06 22:00,0.0
06/23/06 23:00,0.0
06/24/06 00:00,0.0
06/24/06 01:00,0.0
06/24/06 02:00,0.0
06/24/06 03:00,0.0
06/24/06 04:00,0.0
06/24/06 05:00,0.1
06/24/06 06:00,4.1
06/24/06 07:00,17.0
06/24/06 08:00,29.4
06/24/06 09:00,41.7
06/24/06 10:00,51.9
06/24/06 11:00,52.0
06/24/06 12:00,51.8
06/24/06 13:00,50.1
06/24/06 14:00,43.7
06/24/06 15:00,37.0
06/24/06 16:00,27.3
06/24/06 17:00,12.9
06/24/06 18:00,0.1
06/24/06 19:00,0.0
06/24/06 20:00,0.0
06/24/06 21:00,0.0
06/24/06 22:00,0.0
06/24/06 23:00,0.0
06/25/06 00:00,0.0
06/25/06 01:00,0.0
06/25/06 02:00,0.0
06/25/06 03:00,0.0
06/25/06 04:00,0.0
06/25/06 05:00,0.1
06/25/06 06:00,2.1
06/25/06 07:00,16.3
06/25/06 08:00,29.9
06/25/06 09:00,41.7
06/25/06 10:00,48.4
06/25/06 11:00,49.6
06/25/06 12:00,52.4
06/25/06 13:00,52.0
06/25/06 14:00,47.3
06/25/06 15:00,39.4
06/25/06 16:00,25.3
06/25/06 17:00,11.9
06/25/06 18:00,0.1
06/25/06 19:00,0.0
06/25/06 20:00,0.0
06/25/06 21:00,0.0
06/25/06 22:00,0.0
06/25/06 23:00,0.0
06/26/06 00:00,0.0
06/26/06 01:00,0.0
06/26/06 02:00,0.0
06/26/06 03:00,0.0
06/26/06 04:00,0.0
06/26/06 05:00,0.1
06/26/06 06:00,1.9
06/26/06 07:00,16.5
06/26/06 08:00,30.4
06/26/06 09:00,41.2
06/26/06 10:00,48.0
06/26/06 11:00,51.4
06/26/06 12:00,53.9
06/26/06 13:00,52.0
06/26/06 14:00,47.5
06/26/06 15:00,40.6
06/26/06 16:00,0.5
06/26/06 17:00,13.4
06/26/06 18:00,0.2
06/26/06 19:00,0.0
06/26/06 20:00,0.0
06/26/06 21:00,0.0
06/26/06 22:00,0.0
06/26/06 23:00,0.0
06/27/06 00:00,0.0
06/27/06 01:00,0.0
06/27/06 02:00,0.0
06/27/06 03:00,0.0
06/27/06 04:00,0.0
06/27/06 05:00,0.1
06/27/06 06:00,1.9
06/27/06 07:00,16.7
06/27/06 08:00,31.1
06/27/06 09:00,42.6
06/27/06 10:00,48.6
06/27/06 11:00,51.4
06/27/06 12:00,53.9
06/27/06 13:00,52.5
06/27/06 14:00,47.1
06/27/06 15:00,40.0
06/27/06 16:00,28.3
06/27/06 17:00,13.3
06/27/06 18:00,0.2
06/27/06 19:00,0.0
06/27/06 20:00,0.0
06/27/06 21:00,0.0
06/27/06 22:00,0.0
06/27/06 23:00,0.0
06/28/06 00:00,0.0
06/28/06 01:00,0.0
06/28/06 02:00,0.0
06/28/06 03:00,0.0
06/28/06 04:00,0.0
06/28/06 05:00,0.1
06/28/06 06:00,2.6
06/28/06 07:00,19.0
06/28/06 08:00,32.6
06/28/06 09:00,41.3
06/28/06 10:00,47.3
06/28/06 11:00,51.4
06/28/06 12:00,54.2
06/28/06 13:00,50.7
06/28/06 14:00,46.9
06/28/06 15:00,39.9
06/28/06 16:00,26.9
06/28/06 17:00,12.2
06/28/06 18:00,0.0
06/28/06 19:00,0.0
06/28/06 20:00,0.0
06/28/06 21:00,0.0
06/28/06 22:00,0.0
06/28/06 23:00,0.0
06/29/06 00:00,0.0
06/29/06 01:00,0.0
06/29/06 02:00,0.0
06/29/06 03:00,0.0
06/29/06 04:00,0.0
06/29/06 05:00,0.1
06/29/06 06:00,1.8
06/29/06 07:00,16.5
06/29/06 08:00,30.7
06/29/06 09:00,41.9
06/29/06 10:00,48.4
06/29/06 11:00,52.7
06/29/06 12:00,54.1
06/29/06 13:00,51.8
06/29/06 14:00,46.8
06/29/06 15:00,38.1
06/29/06 16:00,11.1
06/29/06 17:00,13.0
06/29/06 18:00,0.1
06/29/06 19:00,0.0
06/29/06 20:00,0.0
06/29/06 21:00,0.0
06/29/06 22:00,0.0
06/29/06 23:00,0.0
06/30/06 00:00,0.0
06/30/06 01:00,0.0
06/30/06 02:00,0.0
06/30/06 03:00,0.0
06/30/06 04:00,0.0
06/30/06 05:00,0.1
06/30/06 06:00,1.7
06/30/06 07:00,16.4
06/30/06 08:00,30.3
06/30/06 09:00,41.6
06/30/06 10:00,47.9
06/30/06 11:00,52.3
06/30/06 12:00,54.4
06/30/06 13:00,53.4
06/30/06 14:00,47.9
06/30/06 15:00,12.7
06/30/06 16:00,27.6
06/30/06 17:00,13.4
06/30/06 18:00,0.1
06/30/06 19:00,0.0
06/30/06 20:00,0.0
06/30/06 21:00,0.0
06/30/06 22:00,0.0
06/30/06 23:00,0.0
07/01/06 00:00,0.0
07/01/06 01:00,0.0
07/01/06 02:00,0.0
07/01/06 03:00,0.0
07/01/06 04:00,0.0
07/01/06 05:00,0.1
07/01/06 06:00,3.3
07/01/06 07:00,16.8
07/01/06 08:00,29.3
07/01/06 09:00,44.2
07/01/06 10:00,51.9
07/01/06 11:00,49.1
07/01/06 12:00,56.5
07/01/06 13:00,49.9
07/01/06 14:00,44.4
07/01/06 15:00,23.2
07/01/06 16:00,0.2
07/01/06 17:00,12.4
07/01/06 18:00,0.1
07/01/06 19:00,0.0
07/01/06 20:00,0.0
07/01/06 21:00,0.0
07/01/06 22:00,0.0
07/01/06 23:00,0.0
07/02/06 00:00,0.0
07/02/06 01:00,0.0
07/02/06 02:00,0.0
07/02/06 03:00,0.0
07/02/06 04:00,0.0
07/02/06 05:00,0.1
07/02/06 06:00,3.1
07/02/06 07:00,16.0
07/02/06 08:00,29.6
07/02/06 09:00,41.2
07/02/06 10:00,48.7
07/02/06 11:00,53.0
07/02/06 12:00,55.0
07/02/06 13:00,52.7
07/02/06 14:00,47.1
07/02/06 15:00,38.4
07/02/06 16:00,26.8
07/02/06 17:00,12.8
07/02/06 18:00,0.2
07/02/06 19:00,0.0
07/02/06 20:00,0.0
07/02/06 21:00,0.0
07/02/06 22:00,0.0
07/02/06 23:00,0.0
07/03/06 00:00,0.0
07/03/06 01:00,0.0
07/03/06 02:00,0.0
07/03/06 03:00,0.0
07/03/06 04:00,0.0
07/03/06 05:00,0.0
07/03/06 06:00,2.9
07/03/06 07:00,16.0
07/03/06 08:00,30.0
07/03/06 09:00,40.4
07/03/06 10:00,48.2
07/03/06 11:00,52.5
07/03/06 12:00,53.8
07/03/06 13:00,52.6
07/03/06 14:00,47.1
07/03/06 15:00,39.4
07/03/06 16:00,27.4
07/03/06 17:00,0.0
07/03/06 18:00,0.1
07/03/06 19:00,0.0
07/03/06 20:00,0.0
07/03/06 21:00,0.0
07/03/06 22:00,0.0
07/03/06 23:00,0.0
07/04/06 00:00,0.0
07/04/06 01:00,0.0
07/04/06 02:00,0.0
07/04/06 03:00,0.0
07/04/06 04:00,0.0
07/04/06 05:00,0.0
07/04/06 06:00,1.6
07/04/06 07:00,16.3
07/04/06 08:00,29.9
07/04/06 09:00,39.3
07/04/06 10:00,47.2
07/04/06 11:00,46.2
07/04/06 12:00,49.4
07/04/06 13:00,51.5
07/04/06 14:00,47.5
07/04/06 15:00,39.6
07/04/06 16:00,27.4
07/04/06 17:00,13.3
07/04/06 18:00,0.1
07/04/06 19:00,0.0
07/04/06 20:00,0.0
07/04/06 21:00,0.0
07/04/06 22:00,0.0
07/04/06 23:00,0.0
07/05/06 00:00,0.0
07/05/06 01:00,0.0
07/05/06 02:00,0.0
07/05/06 03:00,0.0
07/05/06 04:00,0.0
07/05/06 05:00,0.0
07/05/06 06:00,3.4
07/05/06 07:00,16.7
07/05/06 08:00,30.2
07/05/06 09:00,39.8
07/05/06 10:00,49.0
07/05/06 11:00,54.1
07/05/06 12:00,55.7
07/05/06 13:00,54.1
07/05/06 14:00,48.1
07/05/06 15:00,37.7
07/05/06 16:00,24.8
07/05/06 17:00,13.2
07/05/06 18:00,0.1
07/05/06 19:00,0.0
07/05/06 20:00,0.0
07/05/06 21:00,0.0
07/05/06 22:00,0.0
07/05/06 23:00,0.0
07/06/06 00:00,0.0
07/06/06 01:00,0.0
07/06/06 02:00,0.0
07/06/06 03:00,0.0
07/06/06 04:00,0.0
07/06/06 05:00,0.0
07/06/06 06:00,3.5
07/06/06 07:00,7.6
07/06/06 08:00,14.4
07/06/06 09:00,8.1
07/06/06 10:00,43.0
07/06/06 11:00,44.6
07/06/06 12:00,48.5
07/06/06 13:00,45.3
07/06/06 14:00,39.5
07/06/06 15:00,30.9
07/06/06 16:00,26.8
07/06/06 17:00,12.6
07/06/06 18:00,0.1
07/06/06 19:00,0.0
07/06/06 20:00,0.0
07/06/06 21:00,0.0
07/06/06 22:00,0.0
07/06/06 23:00,0.0
07/07/06 00:00,0.0
07/07/06 01:00,0.0
07/07/06 02:00,0.0
07/07/06 03:00,0.0
07/07/06 04:00,0.0
07/07/06 05:00,0.0
07/07/06 06:00,3.0
07/07/06 07:00,16.7
07/07/06 08:00,30.4
07/07/06 09:00,41.9
07/07/06 10:00,48.7
07/07/06 11:00,53.1
07/07/06 12:00,36.0
07/07/06 13:00,34.7
07/07/06 14:00,3.7
07/07/06 15:00,7.8
07/07/06 16:00,5.2
07/07/06 17:00,13.0
07/07/06 18:00,0.0
07/07/06 19:00,0.0
07/07/06 20:00,0.0
07/07/06 21:00,0.0
07/07/06 22:00,0.0
07/07/06 23:00,0.0
07/08/06 00:00,0.0
07/08/06 01:00,0.0
07/08/06 02:00,0.0
07/08/06 03:00,0.0
07/08/06 04:00,0.0
07/08/06 05:00,0.0
07/08/06 06:00,3.2
07/08/06 07:00,16.4
07/08/06 08:00,28.5
07/08/06 09:00,37.9
07/08/06 10:00,43.3
07/08/06 11:00,47.8
07/08/06 12:00,42.8
07/08/06 13:00,44.6
07/08/06 14:00,24.5
07/08/06 15:00,24.2
07/08/06 16:00,24.7
07/08/06 17:00,12.5
07/08/06 18:00,0.1
07/08/06 19:00,0.0
07/08/06 20:00,0.0
07/08/06 21:00,0.0
07/08/06 22:00,0.0
07/08/06 23:00,0.0
07/09/06 00:00,0.0
07/09/06 01:00,0.0
07/09/06 02:00,0.0
07/09/06 03:00,0.0
07/09/06 04:00,0.0
07/09/06 05:00,0.0
07/09/06 06:00,2.2
07/09/06 07:00,15.3
07/09/06 08:00,28.8
07/09/06 09:00,39.1
07/09/06 10:00,46.2
07/09/06 11:00,48.9
07/09/06 12:00,48.1
07/09/06 13:00,49.7
07/09/06 14:00,44.5
07/09/06 15:00,36.9
07/09/06 16:00,22.5
07/09/06 17:00,11.2
07/09/06 18:00,0.1
07/09/06 19:00,0.0
07/09/06 20:00,0.0
07/09/06 21:00,0.0
07/09/06 22:00,0.0
07/09/06 23:00,0.0
07/10/06 00:00,0.0
07/10/06 01:00,0.0
07/10/06 02:00,0.0
07/10/06 03:00,0.0
07/10/06 04:00,0.0
07/10/06 05:00,0.0
07/10/06 06:00,1.1
07/10/06 07:00,15.4
07/10/06 08:00,29.5
07/10/06 09:00,40.9
07/10/06 10:00,47.6
07/10/06 11:00,52.1
07/10/06 12:00,53.4
07/10/06 13:00,51.1
07/10/06 14:00,45.4
07/10/06 15:00,33.8
07/10/06 16:00,27.2
07/10/06 17:00,13.1
07/10/06 18:00,0.1
07/10/06 19:00,0.0
07/10/06 20:00,0.0
07/10/06 21:00,0.0
07/10/06 22:00,0.0
07/10/06 23:00,0.0
07/11/06 00:00,0.0
07/11/06 01:00,0.0
07/11/06 02:00,0.0
07/11/06 03:00,0.0
07/11/06 04:00,0.0
07/11/06 05:00,0.0
07/11/06 06:00,1.1
07/11/06 07:00,15.1
07/11/06 08:00,28.9
07/11/06 09:00,39.8
07/11/06 10:00,46.5
07/11/06 11:00,51.1
07/11/06 12:00,52.1
07/11/06 13:00,49.9
07/11/06 14:00,46.2
07/11/06 15:00,41.9
07/11/06 16:00,31.9
07/11/06 17:00,14.5
07/11/06 18:00,0.1
07/11/06 19:00,0.0
07/11/06 20:00,0.0
07/11/06 21:00,0.0
07/11/06 22:00,0.0
07/11/06 23:00,0.0
07/12/06 00:00,0.0
07/12/06 01:00,0.0
07/12/06 02:00,0.0
07/12/06 03:00,0.0
07/12/06 04:00,0.0
07/12/06 05:00,0.0
07/12/06 06:00,1.1
07/12/06 07:00,15.3
07/12/06 08:00,29.2
07/12/06 09:00,40.3
07/12/06 10:00,47.3
07/12/06 11:00,51.3
07/12/06 12:00,52.8
07/12/06 13:00,51.0
07/12/06 14:00,45.1
07/12/06 15:00,37.1
07/12/06 16:00,26.4
07/12/06 17:00,12.8
07/12/06 18:00,0.1
07/12/06 19:00,0.0
07/12/06 20:00,0.0
07/12/06 21:00,0.0
07/12/06 22:00,0.0
07/12/06 23:00,0.0
07/13/06 00:00,0.0
07/13/06 01:00,0.0
07/13/06 02:00,0.0
07/13/06 03:00,0.0
07/13/06 04:00,0.0
07/13/06 05:00,0.0
07/13/06 06:00,1.0
07/13/06 07:00,15.0
07/13/06 08:00,28.8
07/13/06 09:00,38.3
07/13/06 10:00,46.3
07/13/06 11:00,50.7
07/13/06 12:00,51.7
07/13/06 13:00,50.5
07/13/06 14:00,46.1
07/13/06 15:00,38.8
07/13/06 16:00,26.7
07/13/06 17:00,12.7
07/13/06 18:00,0.1
07/13/06 19:00,0.0
07/13/06 20:00,0.0
07/13/06 21:00,0.0
07/13/06 22:00,0.0
07/13/06 23:00,0.0
07/14/06 00:00,0.0
07/14/06 01:00,0.0
07/14/06 02:00,0.0
07/14/06 03:00,0.0
07/14/06 04:00,0.0
07/14/06 05:00,0.0
07/14/06 06:00,1.0
07/14/06 07:00,15.1
07/14/06 08:00,29.0
07/14/06 09:00,40.5
07/14/06 10:00,46.8
07/14/06 11:00,51.1
07/14/06 12:00,52.2
07/14/06 13:00,50.1
07/14/06 14:00,45.4
07/14/06 15:00,38.3
07/14/06 16:00,25.9
07/14/06 17:00,12.5
07/14/06 18:00,0.1
07/14/06 19:00,0.0
07/14/06 20:00,0.0
07/14/06 21:00,0.0
07/14/06 22:00,0.0
07/14/06 23:00,0.0
07/15/06 00:00,0.0
07/15/06 01:00,0.0
07/15/06 02:00,0.0
07/15/06 03:00,0.0
07/15/06 04:00,0.0
07/15/06 05:00,0.0
07/15/06 06:00,0.9
07/15/06 07:00,14.8
07/15/06 08:00,28.8
07/15/06 09:00,38.7
07/15/06 10:00,45.0
07/15/06 11:00,50.3
07/15/06 12:00,51.5
07/15/06 13:00,50.6
07/15/06 14:00,47.5
07/15/06 15:00,28.5
07/15/06 16:00,25.7
07/15/06 17:00,12.5
07/15/06 18:00,0.1
07/15/06 19:00,0.0
07/15/06 20:00,0.0
07/15/06 21:00,0.0
07/15/06 22:00,0.0
07/15/06 23:00,0.0
07/16/06 00:00,0.0
07/16/06 01:00,0.0
07/16/06 02:00,0.0
07/16/06 03:00,0.0
07/16/06 04:00,0.0
07/16/06 05:00,0.0
07/16/06 06:00,1.0
07/16/06 07:00,14.6
07/16/06 08:00,27.8
07/16/06 09:00,39.3
07/16/06 10:00,46.7
07/16/06 11:00,51.3
07/16/06 12:00,52.3
07/16/06 13:00,51.2
07/16/06 14:00,44.3
07/16/06 15:00,26.0
07/16/06 16:00,26.8
07/16/06 17:00,12.7
07/16/06 18:00,0.1
07/16/06 19:00,0.0
07/16/06 20:00,0.0
07/16/06 21:00,0.0
07/16/06 22:00,0.0
07/16/06 23:00,0.0
07/17/06 00:00,0.0
07/17/06 01:00,0.0
07/17/06 02:00,0.0
07/17/06 03:00,0.0
07/17/06 04:00,0.0
07/17/06 05:00,0.0
07/17/06 06:00,1.8
07/17/06 07:00,14.9
07/17/06 08:00,28.5
07/17/06 09:00,40.1
07/17/06 10:00,47.9
07/17/06 11:00,51.5
07/17/06 12:00,53.0
07/17/06 13:00,48.9
07/17/06 14:00,46.4
07/17/06 15:00,38.1
07/17/06 16:00,26.5
07/17/06 17:00,3.7
07/17/06 18:00,0.0
07/17/06 19:00,0.0
07/17/06 20:00,0.0
07/17/06 21:00,0.0
07/17/06 22:00,0.0
07/17/06 23:00,0.0
07/18/06 00:00,0.0
07/18/06 01:00,0.0
07/18/06 02:00,0.0
07/18/06 03:00,0.0
07/18/06 04:00,0.0
07/18/06 05:00,0.0
07/18/06 06:00,1.7
07/18/06 07:00,14.7
07/18/06 08:00,28.5
07/18/06 09:00,39.5
07/18/06 10:00,46.2
07/18/06 11:00,51.1
07/18/06 12:00,52.0
07/18/06 13:00,50.4
07/18/06 14:00,44.7
07/18/06 15:00,37.2
07/18/06 16:00,26.3
07/18/06 17:00,13.0
07/18/06 18:00,0.1
07/18/06 19:00,0.0
07/18/06 20:00,0.0
07/18/06 21:00,0.0
07/18/06 22:00,0.0
07/18/06 23:00,0.0
07/19/06 00:00,0.0
07/19/06 01:00,0.0
07/19/06 02:00,0.0
07/19/06 03:00,0.0
07/19/06 04:00,0.0
07/19/06 05:00,0.0
07/19/06 06:00,1.6
07/19/06 07:00,14.6
07/19/06 08:00,28.1
07/19/06 09:00,37.5
07/19/06 10:00,41.7
07/19/06 11:00,45.7
07/19/06 12:00,47.1
07/19/06 13:00,48.1
07/19/06 14:00,8.6
07/19/06 15:00,8.6
07/19/06 16:00,23.0
07/19/06 17:00,12.0
07/19/06 18:00,0.1
07/19/06 19:00,0.0
07/19/06 20:00,0.0
07/19/06 21:00,0.0
07/19/06 22:00,0.0
07/19/06 23:00,0.0
07/20/06 00:00,0.0
07/20/06 01:00,0.0
07/20/06 02:00,0.0
07/20/06 03:00,0.0
07/20/06 04:00,0.0
07/20/06 05:00,0.0
07/20/06 06:00,2.8
07/20/06 07:00,15.5
07/20/06 08:00,25.0
07/20/06 09:00,29.1
07/20/06 10:00,36.0
07/20/06 11:00,28.7
07/20/06 12:00,44.7
07/20/06 13:00,48.3
07/20/06 14:00,46.0
07/20/06 15:00,38.1
07/20/06 16:00,26.4
07/20/06 17:00,12.8
07/20/06 18:00,0.1
07/20/06 19:00,0.0
07/20/06 20:00,0.0
07/20/06 21:00,0.0
07/20/06 22:00,0.0
07/20/06 23:00,0.0
07/21/06 00:00,0.0
07/21/06 01:00,0.0
07/21/06 02:00,0.0
07/21/06 03:00,0.0
07/21/06 04:00,0.0
07/21/06 05:00,0.0
07/21/06 06:00,0.8
07/21/06 07:00,14.1
07/21/06 08:00,27.6
07/21/06 09:00,38.4
07/21/06 10:00,44.2
07/21/06 11:00,50.8
07/21/06 12:00,51.8
07/21/06 13:00,49.7
07/21/06 14:00,46.7
07/21/06 15:00,35.8
07/21/06 16:00,2.3
07/21/06 17:00,10.2
07/21/06 18:00,0.0
07/21/06 19:00,0.0
07/21/06 20:00,0.0
07/21/06 21:00,0.0
07/21/06 22:00,0.0
07/21/06 23:00,0.0
07/22/06 00:00,0.0
07/22/06 01:00,0.0
07/22/06 02:00,0.0
07/22/06 03:00,0.0
07/22/06 04:00,0.0
07/22/06 05:00,0.0
07/22/06 06:00,1.7
07/22/06 07:00,12.3
07/22/06 08:00,6.6
07/22/06 09:00,21.3
07/22/06 10:00,34.7
07/22/06 11:00,40.0
07/22/06 12:00,40.1
07/22/06 13:00,40.9
07/22/06 14:00,38.2
07/22/06 15:00,34.2
07/22/06 16:00,0.2
07/22/06 17:00,1.6
07/22/06 18:00,0.0
07/22/06 19:00,0.0
07/22/06 20:00,0.0
07/22/06 21:00,0.0
07/22/06 22:00,0.0
07/22/06 23:00,0.0
07/23/06 00:00,0.0
07/23/06 01:00,0.0
07/23/06 02:00,0.0
07/23/06 03:00,0.0
07/23/06 04:00,0.0
07/23/06 05:00,0.0
07/23/06 06:00,1.8
07/23/06 07:00,13.8
07/23/06 08:00,26.2
07/23/06 09:00,38.3
07/23/06 10:00,46.0
07/23/06 11:00,50.4
07/23/06 12:00,51.8
07/23/06 13:00,49.3
07/23/06 14:00,44.1
07/23/06 15:00,36.6
07/23/06 16:00,24.0
07/23/06 17:00,11.5
07/23/06 18:00,0.1
07/23/06 19:00,0.0
07/23/06 20:00,0.0
07/23/06 21:00,0.0
07/23/06 22:00,0.0
07/23/06 23:00,0.0
07/24/06 00:00,0.0
07/24/06 01:00,0.0
07/24/06 02:00,0.0
07/24/06 03:00,0.0
07/24/06 04:00,0.0
07/24/06 05:00,0.0
07/24/06 06:00,1.4
07/24/06 07:00,14.1
07/24/06 08:00,27.4
07/24/06 09:00,38.3
07/24/06 10:00,45.5
07/24/06 11:00,47.8
07/24/06 12:00,50.4
07/24/06 13:00,49.3
07/24/06 14:00,40.9
07/24/06 15:00,32.3
07/24/06 16:00,25.9
07/24/06 17:00,12.2
07/24/06 18:00,0.0
07/24/06 19:00,0.0
07/24/06 20:00,0.0
07/24/06 21:00,0.0
07/24/06 22:00,0.0
07/24/06 23:00,0.0
07/25/06 00:00,0.0
07/25/06 01:00,0.0
07/25/06 02:00,0.0
07/25/06 03:00,0.0
07/25/06 04:00,0.0
07/25/06 05:00,0.0
07/25/06 06:00,0.7
07/25/06 07:00,14.4
07/25/06 08:00,28.3
07/25/06 09:00,39.4
07/25/06 10:00,46.5
07/25/06 11:00,51.0
07/25/06 12:00,52.8
07/25/06 13:00,51.1
07/25/06 14:00,43.9
07/25/06 15:00,35.8
07/25/06 16:00,21.8
07/25/06 17:00,0.3
07/25/06 18:00,0.0
07/25/06 19:00,0.0
07/25/06 20:00,0.0
07/25/06 21:00,0.0
07/25/06 22:00,0.0
07/25/06 23:00,0.0
07/26/06 00:00,0.0
07/26/06 01:00,0.0
07/26/06 02:00,0.0
07/26/06 03:00,0.0
07/26/06 04:00,0.0
07/26/06 05:00,0.0
07/26/06 06:00,1.5
07/26/06 07:00,14.4
07/26/06 08:00,27.2
07/26/06 09:00,39.1
07/26/06 10:00,46.5
07/26/06 11:00,50.5
07/26/06 12:00,51.6
07/26/06 13:00,50.2
07/26/06 14:00,44.6
07/26/06 15:00,36.7
07/26/06 16:00,20.3
07/26/06 17:00,7.8
07/26/06 18:00,0.0
07/26/06 19:00,0.0
07/26/06 20:00,0.0
07/26/06 21:00,0.0
07/26/06 22:00,0.0
07/26/06 23:00,0.0
07/27/06 00:00,0.0
07/27/06 01:00,0.0
07/27/06 02:00,0.0
07/27/06 03:00,0.0
07/27/06 04:00,0.0
07/27/06 05:00,0.0
07/27/06 06:00,1.8
07/27/06 07:00,14.8
07/27/06 08:00,26.0
07/27/06 09:00,37.2
07/27/06 10:00,41.2
07/27/06 11:00,37.6
07/27/06 12:00,36.5
07/27/06 13:00,33.4
07/27/06 14:00,33.5
07/27/06 15:00,30.8
07/27/06 16:00,21.1
07/27/06 17:00,2.4
07/27/06 18:00,0.0
07/27/06 19:00,0.0
07/27/06 20:00,0.0
07/27/06 21:00,0.0
07/27/06 22:00,0.0
07/27/06 23:00,0.0
07/28/06 00:00,0.0
07/28/06 01:00,0.0
07/28/06 02:00,0.0
07/28/06 03:00,0.0
07/28/06 04:00,0.0
07/28/06 05:00,0.0
07/28/06 06:00,1.7
07/28/06 07:00,14.4
07/28/06 08:00,24.5
07/28/06 09:00,35.8
07/28/06 10:00,41.0
07/28/06 11:00,37.4
07/28/06 12:00,41.5
07/28/06 13:00,37.3
07/28/06 14:00,38.1
07/28/06 15:00,29.8
07/28/06 16:00,26.6
07/28/06 17:00,12.3
07/28/06 18:00,0.0
07/28/06 19:00,0.0
07/28/06 20:00,0.0
07/28/06 21:00,0.0
07/28/06 22:00,0.0
07/28/06 23:00,0.0
07/29/06 00:00,0.0
07/29/06 01:00,0.0
07/29/06 02:00,0.0
07/29/06 03:00,0.0
07/29/06 04:00,0.0
07/29/06 05:00,0.0
07/29/06 06:00,2.0
07/29/06 07:00,14.8
07/29/06 08:00,25.3
07/29/06 09:00,36.4
07/29/06 10:00,40.1
07/29/06 11:00,41.8
07/29/06 12:00,39.3
07/29/06 13:00,14.7
07/29/06 14:00,35.2
07/29/06 15:00,34.7
07/29/06 16:00,0.2
07/29/06 17:00,0.2
07/29/06 18:00,0.0
07/29/06 19:00,0.0
07/29/06 20:00,0.0
07/29/06 21:00,0.0
07/29/06 22:00,0.0
07/29/06 23:00,0.0
07/30/06 00:00,0.0
07/30/06 01:00,0.0
07/30/06 02:00,0.0
07/30/06 03:00,0.0
07/30/06 04:00,0.0
07/30/06 05:00,0.0
07/30/06 06:00,0.0
07/30/06 07:00,0.2
07/30/06 08:00,0.8
07/30/06 09:00,2.0
07/30/06 10:00,4.6
07/30/06 11:00,11.6
07/30/06 12:00,5.9
07/30/06 13:00,12.1
07/30/06 14:00,21.4
07/30/06 15:00,28.1
07/30/06 16:00,8.9
07/30/06 17:00,4.9
07/30/06 18:00,0.0
07/30/06 19:00,0.0
07/30/06 20:00,0.0
07/30/06 21:00,0.0
07/30/06 22:00,0.0
07/30/06 23:00,0.0
07/31/06 00:00,0.0
07/31/06 01:00,0.0
07/31/06 02:00,0.0
07/31/06 03:00,0.0
07/31/06 04:00,0.0
07/31/06 05:00,0.0
07/31/06 06:00,1.6
07/31/06 07:00,14.1
07/31/06 08:00,19.3
07/31/06 09:00,25.3
07/31/06 10:00,3.5
07/31/06 11:00,10.0
07/31/06 12:00,17.6
07/31/06 13:00,38.3
07/31/06 14:00,7.8
07/31/06 15:00,23.5
07/31/06 16:00,10.3
07/31/06 17:00,7.2
07/31/06 18:00,0.0
07/31/06 19:00,0.0
07/31/06 20:00,0.0
07/31/06 21:00,0.0
07/31/06 22:00,0.0
07/31/06 23:00,0.0
08/01/06 00:00,0.0
08/01/06 01:00,0.0
08/01/06 02:00,0.0
08/01/06 03:00,0.0
08/01/06 04:00,0.0
08/01/06 05:00,0.0
08/01/06 06:00,0.0
08/01/06 07:00,0.2
08/01/06 08:00,0.7
08/01/06 09:00,1.8
08/01/06 10:00,13.1
08/01/06 11:00,37.3
08/01/06 12:00,24.6
08/01/06 13:00,22.8
08/01/06 14:00,22.6
08/01/06 15:00,10.3
08/01/06 16:00,23.4
08/01/06 17:00,10.7
08/01/06 18:00,0.0
08/01/06 19:00,0.0
08/01/06 20:00,0.0
08/01/06 21:00,0.0
08/01/06 22:00,0.0
08/01/06 23:00,0.0
08/02/06 00:00,0.0
08/02/06 01:00,0.0
08/02/06 02:00,0.0
08/02/06 03:00,0.0
08/02/06 04:00,0.0
08/02/06 05:00,0.0
08/02/06 06:00,1.6
08/02/06 07:00,15.4
08/02/06 08:00,27.7
08/02/06 09:00,40.9
08/02/06 10:00,48.7
08/02/06 11:00,52.1
08/02/06 12:00,53.7
08/02/06 13:00,49.8
08/02/06 14:00,45.0
08/02/06 15:00,37.3
08/02/06 16:00,26.7
08/02/06 17:00,11.9
08/02/06 18:00,0.0
08/02/06 19:00,0.0
08/02/06 20:00,0.0
08/02/06 21:00,0.0
08/02/06 22:00,0.0
08/02/06 23:00,0.0
08/03/06 00:00,0.0
08/03/06 01:00,0.0
08/03/06 02:00,0.0
08/03/06 03:00,0.0
08/03/06 04:00,0.0
08/03/06 05:00,0.0
08/03/06 06:00,1.1
08/03/06 07:00,14.1
08/03/06 08:00,28.1
08/03/06 09:00,35.5
08/03/06 10:00,26.5
08/03/06 11:00,28.2
08/03/06 12:00,38.6
08/03/06 13:00,31.9
08/03/06 14:00,30.2
08/03/06 15:00,28.7
08/03/06 16:00,0.2
08/03/06 17:00,0.0
08/03/06 18:00,0.0
08/03/06 19:00,0.0
08/03/06 20:00,0.0
08/03/06 21:00,0.0
08/03/06 22:00,0.0
08/03/06 23:00,0.0
08/04/06 00:00,0.0
08/04/06 01:00,0.0
08/04/06 02:00,0.0
08/04/06 03:00,0.0
08/04/06 04:00,0.0
08/04/06 05:00,0.0
08/04/06 06:00,1.6
08/04/06 07:00,15.0
08/04/06 08:00,25.2
08/04/06 09:00,20.0
08/04/06 10:00,32.9
08/04/06 11:00,36.7
08/04/06 12:00,41.4
08/04/06 13:00,41.3
08/04/06 14:00,40.2
08/04/06 15:00,34.9
08/04/06 16:00,22.6
08/04/06 17:00,9.5
08/04/06 18:00,0.0
08/04/06 19:00,0.0
08/04/06 20:00,0.0
08/04/06 21:00,0.0
08/04/06 22:00,0.0
08/04/06 23:00,0.0
08/05/06 00:00,0.0
08/05/06 01:00,0.0
08/05/06 02:00,0.0
08/05/06 03:00,0.0
08/05/06 04:00,0.0
08/05/06 05:00,0.0
08/05/06 06:00,1.4
08/05/06 07:00,13.0
08/05/06 08:00,24.0
08/05/06 09:00,33.7
08/05/06 10:00,45.2
08/05/06 11:00,50.2
08/05/06 12:00,52.0
08/05/06 13:00,47.7
08/05/06 14:00,43.5
08/05/06 15:00,37.1
08/05/06 16:00,27.0
08/05/06 17:00,11.6
08/05/06 18:00,0.0
08/05/06 19:00,0.0
08/05/06 20:00,0.0
08/05/06 21:00,0.0
08/05/06 22:00,0.0
08/05/06 23:00,0.0
08/06/06 00:00,0.0
08/06/06 01:00,0.0
08/06/06 02:00,0.0
08/06/06 03:00,0.0
08/06/06 04:00,0.0
08/06/06 05:00,0.0
08/06/06 06:00,1.2
08/06/06 07:00,14.5
08/06/06 08:00,28.3
08/06/06 09:00,39.0
08/06/06 10:00,44.1
08/06/06 11:00,48.8
08/06/06 12:00,49.3
08/06/06 13:00,43.3
08/06/06 14:00,44.1
08/06/06 15:00,38.2
08/06/06 16:00,25.2
08/06/06 17:00,10.5
08/06/06 18:00,0.0
08/06/06 19:00,0.0
08/06/06 20:00,0.0
08/06/06 21:00,0.0
08/06/06 22:00,0.0
08/06/06 23:00,0.0
08/07/06 00:00,0.0
08/07/06 01:00,0.0
08/07/06 02:00,0.0
08/07/06 03:00,0.0
08/07/06 04:00,0.0
08/07/06 05:00,0.0
08/07/06 06:00,1.3
08/07/06 07:00,12.4
08/07/06 08:00,7.3
08/07/06 09:00,31.3
08/07/06 10:00,42.7
08/07/06 11:00,46.8
08/07/06 12:00,47.9
08/07/06 13:00,42.6
08/07/06 14:00,38.3
08/07/06 15:00,25.9
08/07/06 16:00,21.0
08/07/06 17:00,3.1
08/07/06 18:00,0.0
08/07/06 19:00,0.0
08/07/06 20:00,0.0
08/07/06 21:00,0.0
08/07/06 22:00,0.0
08/07/06 23:00,0.0
08/08/06 00:00,0.0
08/08/06 01:00,0.0
08/08/06 02:00,0.0
08/08/06 03:00,0.0
08/08/06 04:00,0.0
08/08/06 05:00,0.0
08/08/06 06:00,1.1
08/08/06 07:00,14.7
08/08/06 08:00,27.5
08/08/06 09:00,38.3
08/08/06 10:00,45.9
08/08/06 11:00,51.7
08/08/06 12:00,52.4
08/08/06 13:00,49.6
08/08/06 14:00,46.8
08/08/06 15:00,36.7
08/08/06 16:00,26.2
08/08/06 17:00,11.0
08/08/06 18:00,0.0
08/08/06 19:00,0.0
08/08/06 20:00,0.0
08/08/06 21:00,0.0
08/08/06 22:00,0.0
08/08/06 23:00,0.0
08/09/06 00:00,0.0
08/09/06 01:00,0.0
08/09/06 02:00,0.0
08/09/06 03:00,0.0
08/09/06 04:00,0.0
08/09/06 05:00,0.0
08/09/06 06:00,0.8
08/09/06 07:00,13.6
08/09/06 08:00,26.5
08/09/06 09:00,38.4
08/09/06 10:00,46.1
08/09/06 11:00,50.1
08/09/06 12:00,50.9
08/09/06 13:00,48.3
08/09/06 14:00,42.5
08/09/06 15:00,36.9
08/09/06 16:00,19.4
08/09/06 17:00,8.8
08/09/06 18:00,0.0
08/09/06 19:00,0.0
08/09/06 20:00,0.0
08/09/06 21:00,0.0
08/09/06 22:00,0.0
08/09/06 23:00,0.0
08/10/06 00:00,0.0
08/10/06 01:00,0.0
08/10/06 02:00,0.0
08/10/06 03:00,0.0
08/10/06 04:00,0.0
08/10/06 05:00,0.0
08/10/06 06:00,0.9
08/10/06 07:00,14.8
08/10/06 08:00,27.6
08/10/06 09:00,38.5
08/10/06 10:00,44.9
08/10/06 11:00,48.8
08/10/06 12:00,51.7
08/10/06 13:00,50.2
08/10/06 14:00,43.5
08/10/06 15:00,37.9
08/10/06 16:00,16.9
08/10/06 17:00,6.5
08/10/06 18:00,0.0
08/10/06 19:00,0.0
08/10/06 20:00,0.0
08/10/06 21:00,0.0
08/10/06 22:00,0.0
08/10/06 23:00,0.0
08/11/06 00:00,0.0
08/11/06 01:00,0.0
08/11/06 02:00,0.0
08/11/06 03:00,0.0
08/11/06 04:00,0.0
08/11/06 05:00,0.0
08/11/06 06:00,0.9
08/11/06 07:00,14.6
08/11/06 08:00,26.3
08/11/06 09:00,33.7
08/11/06 10:00,31.1
08/11/06 11:00,38.2
08/11/06 12:00,47.0
08/11/06 13:00,48.3
08/11/06 14:00,42.8
08/11/06 15:00,36.7
08/11/06 16:00,22.5
08/11/06 17:00,9.0
08/11/06 18:00,0.0
08/11/06 19:00,0.0
08/11/06 20:00,0.0
08/11/06 21:00,0.0
08/11/06 22:00,0.0
08/11/06 23:00,0.0
08/12/06 00:00,0.0
08/12/06 01:00,0.0
08/12/06 02:00,0.0
08/12/06 03:00,0.0
08/12/06 04:00,0.0
08/12/06 05:00,0.0
08/12/06 06:00,1.0
08/12/06 07:00,15.1
08/12/06 08:00,27.3
08/12/06 09:00,38.4
08/12/06 10:00,45.2
08/12/06 11:00,46.9
08/12/06 12:00,48.4
08/12/06 13:00,48.1
08/12/06 14:00,43.5
08/12/06 15:00,36.7
08/12/06 16:00,15.9
08/12/06 17:00,0.1
08/12/06 18:00,0.0
08/12/06 19:00,0.0
08/12/06 20:00,0.0
08/12/06 21:00,0.0
08/12/06 22:00,0.0
08/12/06 23:00,0.0
08/13/06 00:00,0.0
08/13/06 01:00,0.0
08/13/06 02:00,0.0
08/13/06 03:00,0.0
08/13/06 04:00,0.0
08/13/06 05:00,0.0
08/13/06 06:00,0.9
08/13/06 07:00,12.3
08/13/06 08:00,11.8
08/13/06 09:00,26.7
08/13/06 10:00,38.3
08/13/06 11:00,41.8
08/13/06 12:00,40.0
08/13/06 13:00,49.4
08/13/06 14:00,36.0
08/13/06 15:00,28.8
08/13/06 16:00,24.4
08/13/06 17:00,9.8
08/13/06 18:00,0.0
08/13/06 19:00,0.0
08/13/06 20:00,0.0
08/13/06 21:00,0.0
08/13/06 22:00,0.0
08/13/06 23:00,0.0
08/14/06 00:00,0.0
08/14/06 01:00,0.0
08/14/06 02:00,0.0
08/14/06 03:00,0.0
08/14/06 04:00,0.0
08/14/06 05:00,0.0
08/14/06 06:00,0.8
08/14/06 07:00,14.0
08/14/06 08:00,28.5
08/14/06 09:00,39.5
08/14/06 10:00,47.7
08/14/06 11:00,52.2
08/14/06 12:00,53.9
08/14/06 13:00,52.5
08/14/06 14:00,48.9
08/14/06 15:00,38.3
08/14/06 16:00,23.3
08/14/06 17:00,10.1
08/14/06 18:00,0.0
08/14/06 19:00,0.0
08/14/06 20:00,0.0
08/14/06 21:00,0.0
08/14/06 22:00,0.0
08/14/06 23:00,0.0
08/15/06 00:00,0.0
08/15/06 01:00,0.0
08/15/06 02:00,0.0
08/15/06 03:00,0.0
08/15/06 04:00,0.0
08/15/06 05:00,0.0
08/15/06 06:00,0.3
08/15/06 07:00,0.2
08/15/06 08:00,12.0
08/15/06 09:00,23.4
08/15/06 10:00,42.9
08/15/06 11:00,48.9
08/15/06 12:00,47.1
08/15/06 13:00,47.2
08/15/06 14:00,44.3
08/15/06 15:00,37.9
08/15/06 16:00,19.8
08/15/06 17:00,3.2
08/15/06 18:00,0.0
08/15/06 19:00,0.0
08/15/06 20:00,0.0
08/15/06 21:00,0.0
08/15/06 22:00,0.0
08/15/06 23:00,0.0
08/16/06 00:00,0.0
08/16/06 01:00,0.0
08/16/06 02:00,0.0
08/16/06 03:00,0.0
08/16/06 04:00,0.0
08/16/06 05:00,0.0
08/16/06 06:00,0.8
08/16/06 07:00,13.9
08/16/06 08:00,25.8
08/16/06 09:00,36.3
08/16/06 10:00,37.3
08/16/06 11:00,47.0
08/16/06 12:00,48.6
08/16/06 13:00,48.5
08/16/06 14:00,45.2
08/16/06 15:00,37.1
08/16/06 16:00,25.3
08/16/06 17:00,9.9
08/16/06 18:00,0.0
08/16/06 19:00,0.0
08/16/06 20:00,0.0
08/16/06 21:00,0.0
08/16/06 22:00,0.0
08/16/06 23:00,0.0
08/17/06 00:00,0.0
08/17/06 01:00,0.0
08/17/06 02:00,0.0
08/17/06 03:00,0.0
08/17/06 04:00,0.0
08/17/06 05:00,0.0
08/17/06 06:00,0.8
08/17/06 07:00,14.0
08/17/06 08:00,28.4
08/17/06 09:00,40.8
08/17/06 10:00,48.3
08/17/06 11:00,53.3
08/17/06 12:00,54.9
08/17/06 13:00,52.1
08/17/06 14:00,47.0
08/17/06 15:00,38.5
08/17/06 16:00,25.2
08/17/06 17:00,9.7
08/17/06 18:00,0.0
08/17/06 19:00,0.0
08/17/06 20:00,0.0
08/17/06 21:00,0.0
08/17/06 22:00,0.0
08/17/06 23:00,0.0
08/18/06 00:00,0.0
08/18/06 01:00,0.0
08/18/06 02:00,0.0
08/18/06 03:00,0.0
08/18/06 04:00,0.0
08/18/06 05:00,0.0
08/18/06 06:00,0.7
08/18/06 07:00,13.7
08/18/06 08:00,27.3
08/18/06 09:00,38.1
08/18/06 10:00,46.1
08/18/06 11:00,49.5
08/18/06 12:00,51.1
08/18/06 13:00,47.9
08/18/06 14:00,42.1
08/18/06 15:00,35.8
08/18/06 16:00,21.9
08/18/06 17:00,8.5
08/18/06 18:00,0.0
08/18/06 19:00,0.0
08/18/06 20:00,0.0
08/18/06 21:00,0.0
08/18/06 22:00,0.0
08/18/06 23:00,0.0
08/19/06 00:00,0.0
08/19/06 01:00,0.0
08/19/06 02:00,0.0
08/19/06 03:00,0.0
08/19/06 04:00,0.0
08/19/06 05:00,0.0
08/19/06 06:00,0.7
08/19/06 07:00,14.3
08/19/06 08:00,27.2
08/19/06 09:00,36.0
08/19/06 10:00,28.2
08/19/06 11:00,42.1
08/19/06 12:00,45.5
08/19/06 13:00,45.8
08/19/06 14:00,44.2
08/19/06 15:00,35.6
08/19/06 16:00,24.3
08/19/06 17:00,9.2
08/19/06 18:00,0.0
08/19/06 19:00,0.0
08/19/06 20:00,0.0
08/19/06 21:00,0.0
08/19/06 22:00,0.0
08/19/06 23:00,0.0
08/20/06 00:00,0.0
08/20/06 01:00,0.0
08/20/06 02:00,0.0
08/20/06 03:00,0.0
08/20/06 04:00,0.0
08/20/06 05:00,0.0
08/20/06 06:00,0.6
08/20/06 07:00,14.0
08/20/06 08:00,27.4
08/20/06 09:00,38.9
08/20/06 10:00,44.7
08/20/06 11:00,50.2
08/20/06 12:00,49.7
08/20/06 13:00,46.8
08/20/06 14:00,44.0
08/20/06 15:00,35.5
08/20/06 16:00,23.6
08/20/06 17:00,8.8
08/20/06 18:00,0.0
08/20/06 19:00,0.0
08/20/06 20:00,0.0
08/20/06 21:00,0.0
08/20/06 22:00,0.0
08/20/06 23:00,0.0
08/21/06 00:00,0.0
08/21/06 01:00,0.0
08/21/06 02:00,0.0
08/21/06 03:00,0.0
08/21/06 04:00,0.0
08/21/06 05:00,0.0
08/21/06 06:00,0.6
08/21/06 07:00,13.2
08/21/06 08:00,26.9
08/21/06 09:00,38.6
08/21/06 10:00,46.4
08/21/06 11:00,50.7
08/21/06 12:00,51.3
08/21/06 13:00,49.2
08/21/06 14:00,44.3
08/21/06 15:00,36.2
08/21/06 16:00,20.9
08/21/06 17:00,8.8
08/21/06 18:00,0.0
08/21/06 19:00,0.0
08/21/06 20:00,0.0
08/21/06 21:00,0.0
08/21/06 22:00,0.0
08/21/06 23:00,0.0
08/22/06 00:00,0.0
08/22/06 01:00,0.0
08/22/06 02:00,0.0
08/22/06 03:00,0.0
08/22/06 04:00,0.0
08/22/06 05:00,0.0
08/22/06 06:00,0.6
08/22/06 07:00,13.8
08/22/06 08:00,20.1
08/22/06 09:00,35.6
08/22/06 10:00,44.4
08/22/06 11:00,50.3
08/22/06 12:00,49.7
08/22/06 13:00,51.1
08/22/06 14:00,44.9
08/22/06 15:00,35.4
08/22/06 16:00,23.6
08/22/06 17:00,8.5
08/22/06 18:00,0.0
08/22/06 19:00,0.0
08/22/06 20:00,0.0
08/22/06 21:00,0.0
08/22/06 22:00,0.0
08/22/06 23:00,0.0
08/23/06 00:00,0.0
08/23/06 01:00,0.0
08/23/06 02:00,0.0
08/23/06 03:00,0.0
08/23/06 04:00,0.0
08/23/06 05:00,0.0
08/23/06 06:00,0.6
08/23/06 07:00,13.6
08/23/06 08:00,27.9
08/23/06 09:00,39.6
08/23/06 10:00,46.9
08/23/06 11:00,48.5
08/23/06 12:00,51.2
08/23/06 13:00,51.2
08/23/06 14:00,45.7
08/23/06 15:00,36.6
08/23/06 16:00,18.7
08/23/06 17:00,7.2
08/23/06 18:00,0.0
08/23/06 19:00,0.0
08/23/06 20:00,0.0
08/23/06 21:00,0.0
08/23/06 22:00,0.0
08/23/06 23:00,0.0
08/24/06 00:00,0.0
08/24/06 01:00,0.0
08/24/06 02:00,0.0
08/24/06 03:00,0.0
08/24/06 04:00,0.0
08/24/06 05:00,0.0
08/24/06 06:00,0.5
08/24/06 07:00,14.3
08/24/06 08:00,29.7
08/24/06 09:00,42.5
08/24/06 10:00,50.7
08/24/06 11:00,54.6
08/24/06 12:00,54.7
08/24/06 13:00,50.9
08/24/06 14:00,42.9
08/24/06 15:00,31.4
08/24/06 16:00,0.1
08/24/06 17:00,4.7
08/24/06 18:00,0.0
08/24/06 19:00,0.0
08/24/06 20:00,0.0
08/24/06 21:00,0.0
08/24/06 22:00,0.0
08/24/06 23:00,0.0
08/25/06 00:00,0.0
08/25/06 01:00,0.0
08/25/06 02:00,0.0
08/25/06 03:00,0.0
08/25/06 04:00,0.0
08/25/06 05:00,0.0
08/25/06 06:00,0.5
08/25/06 07:00,14.4
08/25/06 08:00,28.4
08/25/06 09:00,40.0
08/25/06 10:00,46.0
08/25/06 11:00,49.6
08/25/06 12:00,50.4
08/25/06 13:00,50.7
08/25/06 14:00,45.3
08/25/06 15:00,36.1
08/25/06 16:00,23.7
08/25/06 17:00,8.2
08/25/06 18:00,0.0
08/25/06 19:00,0.0
08/25/06 20:00,0.0
08/25/06 21:00,0.0
08/25/06 22:00,0.0
08/25/06 23:00,0.0
08/26/06 00:00,0.0
08/26/06 01:00,0.0
08/26/06 02:00,0.0
08/26/06 03:00,0.0
08/26/06 04:00,0.0
08/26/06 05:00,0.0
08/26/06 06:00,0.5
08/26/06 07:00,14.3
08/26/06 08:00,28.2
08/26/06 09:00,40.5
08/26/06 10:00,48.3
08/26/06 11:00,52.0
08/26/06 12:00,52.6
08/26/06 13:00,50.7
08/26/06 14:00,45.5
08/26/06 15:00,36.9
08/26/06 16:00,23.0
08/26/06 17:00,7.9
08/26/06 18:00,0.0
08/26/06 19:00,0.0
08/26/06 20:00,0.0
08/26/06 21:00,0.0
08/26/06 22:00,0.0
08/26/06 23:00,0.0
08/27/06 00:00,0.0
08/27/06 01:00,0.0
08/27/06 02:00,0.0
08/27/06 03:00,0.0
08/27/06 04:00,0.0
08/27/06 05:00,0.0
08/27/06 06:00,0.6
08/27/06 07:00,13.4
08/27/06 08:00,27.0
08/27/06 09:00,37.9
08/27/06 10:00,46.5
08/27/06 11:00,52.3
08/27/06 12:00,50.7
08/27/06 13:00,50.1
08/27/06 14:00,43.5
08/27/06 15:00,36.7
08/27/06 16:00,22.8
08/27/06 17:00,7.7
08/27/06 18:00,0.0
08/27/06 19:00,0.0
08/27/06 20:00,0.0
08/27/06 21:00,0.0
08/27/06 22:00,0.0
08/27/06 23:00,0.0
08/28/06 00:00,0.0
08/28/06 01:00,0.0
08/28/06 02:00,0.0
08/28/06 03:00,0.0
08/28/06 04:00,0.0
08/28/06 05:00,0.0
08/28/06 06:00,0.5
08/28/06 07:00,13.2
08/28/06 08:00,27.8
08/28/06 09:00,38.9
08/28/06 10:00,46.9
08/28/06 11:00,51.5
08/28/06 12:00,50.4
08/28/06 13:00,47.2
08/28/06 14:00,44.8
08/28/06 15:00,34.8
08/28/06 16:00,22.6
08/28/06 17:00,7.5
08/28/06 18:00,0.0
08/28/06 19:00,0.0
08/28/06 20:00,0.0
08/28/06 21:00,0.0
08/28/06 22:00,0.0
08/28/06 23:00,0.0
08/29/06 00:00,0.0
08/29/06 01:00,0.0
08/29/06 02:00,0.0
08/29/06 03:00,0.0
08/29/06 04:00,0.0
08/29/06 05:00,0.0
08/29/06 06:00,0.5
08/29/06 07:00,13.9
08/29/06 08:00,29.1
08/29/06 09:00,41.4
08/29/06 10:00,48.4
08/29/06 11:00,53.5
08/29/06 12:00,53.7
08/29/06 13:00,49.8
08/29/06 14:00,45.2
08/29/06 15:00,36.2
08/29/06 16:00,22.7
08/29/06 17:00,7.4
08/29/06 18:00,0.0
08/29/06 19:00,0.0
08/29/06 20:00,0.0
08/29/06 21:00,0.0
08/29/06 22:00,0.0
08/29/06 23:00,0.0
08/30/06 00:00,0.0
08/30/06 01:00,0.0
08/30/06 02:00,0.0
08/30/06 03:00,0.0
08/30/06 04:00,0.0
08/30/06 05:00,0.0
08/30/06 06:00,0.5
08/30/06 07:00,13.5
08/30/06 08:00,28.6
08/30/06 09:00,40.8
08/30/06 10:00,48.4
08/30/06 11:00,52.2
08/30/06 12:00,52.7
08/30/06 13:00,49.5
08/30/06 14:00,44.7
08/30/06 15:00,35.5
08/30/06 16:00,22.0
08/30/06 17:00,7.2
08/30/06 18:00,0.0
08/30/06 19:00,0.0
08/30/06 20:00,0.0
08/30/06 21:00,0.0
08/30/06 22:00,0.0
08/30/06 23:00,0.0
08/31/06 00:00,0.0
08/31/06 01:00,0.0
08/31/06 02:00,0.0
08/31/06 03:00,0.0
08/31/06 04:00,0.0
08/31/06 05:00,0.0
08/31/06 06:00,0.5
08/31/06 07:00,14.0
08/31/06 08:00,26.6
08/31/06 09:00,36.9
08/31/06 10:00,45.7
08/31/06 11:00,48.1
08/31/06 12:00,49.9
08/31/06 13:00,48.5
08/31/06 14:00,9.0
08/31/06 15:00,35.7
08/31/06 16:00,8.6
08/31/06 17:00,7.4
08/31/06 18:00,0.0
08/31/06 19:00,0.0
08/31/06 20:00,0.0
08/31/06 21:00,0.0
08/31/06 22:00,0.0
08/31/06 23:00,0.0
09/01/06 00:00,0.0
09/01/06 01:00,0.0
09/01/06 02:00,0.0
09/01/06 03:00,0.0
09/01/06 04:00,0.0
09/01/06 05:00,0.0
09/01/06 06:00,0.4
09/01/06 07:00,13.3
09/01/06 08:00,28.2
09/01/06 09:00,40.2
09/01/06 10:00,47.9
09/01/06 11:00,53.0
09/01/06 12:00,53.7
09/01/06 13:00,51.6
09/01/06 14:00,45.6
09/01/06 15:00,34.4
09/01/06 16:00,23.6
09/01/06 17:00,7.7
09/01/06 18:00,0.0
09/01/06 19:00,0.0
09/01/06 20:00,0.0
09/01/06 21:00,0.0
09/01/06 22:00,0.0
09/01/06 23:00,0.0
09/02/06 00:00,0.0
09/02/06 01:00,0.0
09/02/06 02:00,0.0
09/02/06 03:00,0.0
09/02/06 04:00,0.0
09/02/06 05:00,0.0
09/02/06 06:00,0.2
09/02/06 07:00,13.9
09/02/06 08:00,29.5
09/02/06 09:00,42.1
09/02/06 10:00,49.8
09/02/06 11:00,53.0
09/02/06 12:00,54.2
09/02/06 13:00,51.3
09/02/06 14:00,42.9
09/02/06 15:00,35.6
09/02/06 16:00,25.2
09/02/06 17:00,2.9
09/02/06 18:00,0.0
09/02/06 19:00,0.0
09/02/06 20:00,0.0
09/02/06 21:00,0.0
09/02/06 22:00,0.0
09/02/06 23:00,0.0
09/03/06 00:00,0.0
09/03/06 01:00,0.0
09/03/06 02:00,0.0
09/03/06 03:00,0.0
09/03/06 04:00,0.0
09/03/06 05:00,0.0
09/03/06 06:00,0.5
09/03/06 07:00,10.9
09/03/06 08:00,11.7
09/03/06 09:00,34.1
09/03/06 10:00,40.9
09/03/06 11:00,50.7
09/03/06 12:00,52.5
09/03/06 13:00,52.3
09/03/06 14:00,46.2
09/03/06 15:00,36.6
09/03/06 16:00,2.4
09/03/06 17:00,1.5
09/03/06 18:00,0.0
09/03/06 19:00,0.0
09/03/06 20:00,0.0
09/03/06 21:00,0.0
09/03/06 22:00,0.0
09/03/06 23:00,0.0
09/04/06 00:00,0.0
09/04/06 01:00,0.0
09/04/06 02:00,0.0
09/04/06 03:00,0.0
09/04/06 04:00,0.0
09/04/06 05:00,0.0
09/04/06 06:00,0.0
09/04/06 07:00,2.3
09/04/06 08:00,14.6
09/04/06 09:00,19.2
09/04/06 10:00,30.4
09/04/06 11:00,33.2
09/04/06 12:00,38.0
09/04/06 13:00,30.2
09/04/06 14:00,29.3
09/04/06 15:00,18.2
09/04/06 16:00,10.8
09/04/06 17:00,0.5
09/04/06 18:00,0.0
09/04/06 19:00,0.0
09/04/06 20:00,0.0
09/04/06 21:00,0.0
09/04/06 22:00,0.0
09/04/06 23:00,0.0
09/05/06 00:00,0.0
09/05/06 01:00,0.0
09/05/06 02:00,0.0
09/05/06 03:00,0.0
09/05/06 04:00,0.0
09/05/06 05:00,0.0
09/05/06 06:00,0.0
09/05/06 07:00,9.3
09/05/06 08:00,24.4
09/05/06 09:00,35.2
09/05/06 10:00,41.2
09/05/06 11:00,49.0
09/05/06 12:00,43.1
09/05/06 13:00,34.6
09/05/06 14:00,34.0
09/05/06 15:00,25.3
09/05/06 16:00,23.3
09/05/06 17:00,6.8
09/05/06 18:00,0.0
09/05/06 19:00,0.0
09/05/06 20:00,0.0
09/05/06 21:00,0.0
09/05/06 22:00,0.0
09/05/06 23:00,0.0
09/06/06 00:00,0.0
09/06/06 01:00,0.0
09/06/06 02:00,0.0
09/06/06 03:00,0.0
09/06/06 04:00,0.0
09/06/06 05:00,0.0
09/06/06 06:00,0.2
09/06/06 07:00,13.9
09/06/06 08:00,29.8
09/06/06 09:00,41.1
09/06/06 10:00,48.4
09/06/06 11:00,54.0
09/06/06 12:00,54.6
09/06/06 13:00,51.8
09/06/06 14:00,45.4
09/06/06 15:00,36.7
09/06/06 16:00,22.9
09/06/06 17:00,5.9
09/06/06 18:00,0.0
09/06/06 19:00,0.0
09/06/06 20:00,0.0
09/06/06 21:00,0.0
09/06/06 22:00,0.0
09/06/06 23:00,0.0
09/07/06 00:00,0.0
09/07/06 01:00,0.0
09/07/06 02:00,0.0
09/07/06 03:00,0.0
09/07/06 04:00,0.0
09/07/06 05:00,0.0
09/07/06 06:00,0.3
09/07/06 07:00,14.0
09/07/06 08:00,27.7
09/07/06 09:00,38.7
09/07/06 10:00,46.6
09/07/06 11:00,48.7
09/07/06 12:00,51.5
09/07/06 13:00,47.5
09/07/06 14:00,39.1
09/07/06 15:00,27.6
09/07/06 16:00,17.9
09/07/06 17:00,3.0
09/07/06 18:00,0.0
09/07/06 19:00,0.0
09/07/06 20:00,0.0
09/07/06 21:00,0.0
09/07/06 22:00,0.0
09/07/06 23:00,0.0
09/08/06 00:00,0.0
09/08/06 01:00,0.0
09/08/06 02:00,0.0
09/08/06 03:00,0.0
09/08/06 04:00,0.0
09/08/06 05:00,0.0
09/08/06 06:00,0.3
09/08/06 07:00,13.0
09/08/06 08:00,27.1
09/08/06 09:00,37.6
09/08/06 10:00,46.0
09/08/06 11:00,49.5
09/08/06 12:00,46.3
09/08/06 13:00,13.0
09/08/06 14:00,35.0
09/08/06 15:00,21.1
09/08/06 16:00,17.2
09/08/06 17:00,2.0
09/08/06 18:00,0.0
09/08/06 19:00,0.0
09/08/06 20:00,0.0
09/08/06 21:00,0.0
09/08/06 22:00,0.0
09/08/06 23:00,0.0
09/09/06 00:00,0.0
09/09/06 01:00,0.0
09/09/06 02:00,0.0
09/09/06 03:00,0.0
09/09/06 04:00,0.0
09/09/06 05:00,0.0
09/09/06 06:00,0.3
09/09/06 07:00,13.9
09/09/06 08:00,27.8
09/09/06 09:00,40.5
09/09/06 10:00,47.7
09/09/06 11:00,50.6
09/09/06 12:00,50.4
09/09/06 13:00,45.5
09/09/06 14:00,35.4
09/09/06 15:00,20.3
09/09/06 16:00,7.3
09/09/06 17:00,0.1
09/09/06 18:00,0.0
09/09/06 19:00,0.0
09/09/06 20:00,0.0
09/09/06 21:00,0.0
09/09/06 22:00,0.0
09/09/06 23:00,0.0
09/10/06 00:00,0.0
09/10/06 01:00,0.0
09/10/06 02:00,0.0
09/10/06 03:00,0.0
09/10/06 04:00,0.0
09/10/06 05:00,0.0
09/10/06 06:00,0.2
09/10/06 07:00,13.0
09/10/06 08:00,27.2
09/10/06 09:00,37.5
09/10/06 10:00,46.2
09/10/06 11:00,50.3
09/10/06 12:00,48.6
09/10/06 13:00,46.7
09/10/06 14:00,43.6
09/10/06 15:00,33.7
09/10/06 16:00,19.9
09/10/06 17:00,2.3
09/10/06 18:00,0.0
09/10/06 19:00,0.0
09/10/06 20:00,0.0
09/10/06 21:00,0.0
09/10/06 22:00,0.0
09/10/06 23:00,0.0
09/11/06 00:00,0.0
09/11/06 01:00,0.0
09/11/06 02:00,0.0
09/11/06 03:00,0.0
09/11/06 04:00,0.0
09/11/06 05:00,0.0
09/11/06 06:00,0.2
09/11/06 07:00,12.7
09/11/06 08:00,27.5
09/11/06 09:00,37.5
09/11/06 10:00,43.1
09/11/06 11:00,48.1
09/11/06 12:00,48.8
09/11/06 13:00,46.2
09/11/06 14:00,43.6
09/11/06 15:00,34.5
09/11/06 16:00,20.3
09/11/06 17:00,2.2
09/11/06 18:00,0.0
09/11/06 19:00,0.0
09/11/06 20:00,0.0
09/11/06 21:00,0.0
09/11/06 22:00,0.0
09/11/06 23:00,0.0
09/12/06 00:00,0.0
09/12/06 01:00,0.0
09/12/06 02:00,0.0
09/12/06 03:00,0.0
09/12/06 04:00,0.0
09/12/06 05:00,0.0
09/12/06 06:00,0.2
09/12/06 07:00,11.1
09/12/06 08:00,14.1
09/12/06 09:00,28.7
09/12/06 10:00,44.0
09/12/06 11:00,47.6
09/12/06 12:00,46.4
09/12/06 13:00,42.2
09/12/06 14:00,0.9
09/12/06 15:00,0.2
09/12/06 16:00,0.0
09/12/06 17:00,0.0
09/12/06 18:00,0.0
09/12/06 19:00,0.0
09/12/06 20:00,0.0
09/12/06 21:00,0.0
09/12/06 22:00,0.0
09/12/06 23:00,0.0
09/13/06 00:00,0.0
09/13/06 01:00,0.0
09/13/06 02:00,0.0
09/13/06 03:00,0.0
09/13/06 04:00,0.0
09/13/06 05:00,0.0
09/13/06 06:00,0.2
09/13/06 07:00,10.4
09/13/06 08:00,23.7
09/13/06 09:00,37.9
09/13/06 10:00,44.5
09/13/06 11:00,50.9
09/13/06 12:00,49.1
09/13/06 13:00,45.1
09/13/06 14:00,39.9
09/13/06 15:00,31.3
09/13/06 16:00,16.1
09/13/06 17:00,0.3
09/13/06 18:00,0.0
09/13/06 19:00,0.0
09/13/06 20:00,0.0
09/13/06 21:00,0.0
09/13/06 22:00,0.0
09/13/06 23:00,0.0
09/14/06 00:00,0.0
09/14/06 01:00,0.0
09/14/06 02:00,0.0
09/14/06 03:00,0.0
09/14/06 04:00,0.0
09/14/06 05:00,0.0
09/14/06 06:00,0.0
09/14/06 07:00,3.8
09/14/06 08:00,7.1
09/14/06 09:00,15.7
09/14/06 10:00,24.7
09/14/06 11:00,32.9
09/14/06 12:00,37.8
09/14/06 13:00,38.2
09/14/06 14:00,31.6
09/14/06 15:00,28.2
09/14/06 16:00,0.9
09/14/06 17:00,0.0
09/14/06 18:00,0.0
09/14/06 19:00,0.0
09/14/06 20:00,0.0
09/14/06 21:00,0.0
09/14/06 22:00,0.0
09/14/06 23:00,0.0
09/15/06 00:00,0.0
09/15/06 01:00,0.0
09/15/06 02:00,0.0
09/15/06 03:00,0.0
09/15/06 04:00,0.0
09/15/06 05:00,0.0
09/15/06 06:00,0.2
09/15/06 07:00,13.7
09/15/06 08:00,29.5
09/15/06 09:00,42.3
09/15/06 10:00,49.9
09/15/06 11:00,53.2
09/15/06 12:00,54.0
09/15/06 13:00,51.8
09/15/06 14:00,46.5
09/15/06 15:00,35.6
09/15/06 16:00,20.6
09/15/06 17:00,1.2
09/15/06 18:00,0.0
09/15/06 19:00,0.0
09/15/06 20:00,0.0
09/15/06 21:00,0.0
09/15/06 22:00,0.0
09/15/06 23:00,0.0
09/16/06 00:00,0.0
09/16/06 01:00,0.0
09/16/06 02:00,0.0
09/16/06 03:00,0.0
09/16/06 04:00,0.0
09/16/06 05:00,0.0
09/16/06 06:00,0.2
09/16/06 07:00,13.7
09/16/06 08:00,29.2
09/16/06 09:00,41.0
09/16/06 10:00,48.4
09/16/06 11:00,53.7
09/16/06 12:00,54.9
09/16/06 13:00,52.2
09/16/06 14:00,46.0
09/16/06 15:00,35.1
09/16/06 16:00,20.7
09/16/06 17:00,1.1
09/16/06 18:00,0.0
09/16/06 19:00,0.0
09/16/06 20:00,0.0
09/16/06 21:00,0.0
09/16/06 22:00,0.0
09/16/06 23:00,0.0
09/17/06 00:00,0.0
09/17/06 01:00,0.0
09/17/06 02:00,0.0
09/17/06 03:00,0.0
09/17/06 04:00,0.0
09/17/06 05:00,0.0
09/17/06 06:00,0.2
09/17/06 07:00,13.6
09/17/06 08:00,29.2
09/17/06 09:00,41.5
09/17/06 10:00,48.8
09/17/06 11:00,53.1
09/17/06 12:00,54.8
09/17/06 13:00,51.4
09/17/06 14:00,45.5
09/17/06 15:00,35.7
09/17/06 16:00,20.4
09/17/06 17:00,0.9
09/17/06 18:00,0.0
09/17/06 19:00,0.0
09/17/06 20:00,0.0
09/17/06 21:00,0.0
09/17/06 22:00,0.0
09/17/06 23:00,0.0
09/18/06 00:00,0.0
09/18/06 01:00,0.0
09/18/06 02:00,0.0
09/18/06 03:00,0.0
09/18/06 04:00,0.0
09/18/06 05:00,0.0
09/18/06 06:00,0.2
09/18/06 07:00,13.6
09/18/06 08:00,29.4
09/18/06 09:00,41.6
09/18/06 10:00,47.8
09/18/06 11:00,50.2
09/18/06 12:00,52.9
09/18/06 13:00,48.7
09/18/06 14:00,44.7
09/18/06 15:00,35.3
09/18/06 16:00,19.9
09/18/06 17:00,0.7
09/18/06 18:00,0.0
09/18/06 19:00,0.0
09/18/06 20:00,0.0
09/18/06 21:00,0.0
09/18/06 22:00,0.0
09/18/06 23:00,0.0
09/19/06 00:00,0.0
09/19/06 01:00,0.0
09/19/06 02:00,0.0
09/19/06 03:00,0.0
09/19/06 04:00,0.0
09/19/06 05:00,0.0
09/19/06 06:00,0.2
09/19/06 07:00,13.4
09/19/06 08:00,29.0
09/19/06 09:00,40.4
09/19/06 10:00,48.3
09/19/06 11:00,52.3
09/19/06 12:00,53.9
09/19/06 13:00,51.8
09/19/06 14:00,44.9
09/19/06 15:00,34.7
09/19/06 16:00,18.9
09/19/06 17:00,0.5
09/19/06 18:00,0.0
09/19/06 19:00,0.0
09/19/06 20:00,0.0
09/19/06 21:00,0.0
09/19/06 22:00,0.0
09/19/06 23:00,0.0
09/20/06 00:00,0.0
09/20/06 01:00,0.0
09/20/06 02:00,0.0
09/20/06 03:00,0.0
09/20/06 04:00,0.0
09/20/06 05:00,0.0
09/20/06 06:00,0.0
09/20/06 07:00,0.0
09/20/06 08:00,0.4
09/20/06 09:00,34.1
09/20/06 10:00,47.1
09/20/06 11:00,52.5
09/20/06 12:00,42.1
09/20/06 13:00,2.0
09/20/06 14:00,0.9
09/20/06 15:00,0.2
09/20/06 16:00,19.6
09/20/06 17:00,0.4
09/20/06 18:00,0.0
09/20/06 19:00,0.0
09/20/06 20:00,0.0
09/20/06 21:00,0.0
09/20/06 22:00,0.0
09/20/06 23:00,0.0
09/21/06 00:00,0.0
09/21/06 01:00,0.0
09/21/06 02:00,0.0
09/21/06 03:00,0.0
09/21/06 04:00,0.0
09/21/06 05:00,0.0
09/21/06 06:00,0.2
09/21/06 07:00,13.4
09/21/06 08:00,29.4
09/21/06 09:00,41.8
09/21/06 10:00,50.4
09/21/06 11:00,54.1
09/21/06 12:00,55.5
09/21/06 13:00,52.0
09/21/06 14:00,45.5
09/21/06 15:00,35.6
09/21/06 16:00,19.3
09/21/06 17:00,0.3
09/21/06 18:00,0.0
09/21/06 19:00,0.0
09/21/06 20:00,0.0
09/21/06 21:00,0.0
09/21/06 22:00,0.0
09/21/06 23:00,0.0
09/22/06 00:00,0.0
09/22/06 01:00,0.0
09/22/06 02:00,0.0
09/22/06 03:00,0.0
09/22/06 04:00,0.0
09/22/06 05:00,0.0
09/22/06 06:00,0.2
09/22/06 07:00,13.6
09/22/06 08:00,29.6
09/22/06 09:00,42.7
09/22/06 10:00,50.7
09/22/06 11:00,56.0
09/22/06 12:00,55.6
09/22/06 13:00,51.9
09/22/06 14:00,46.1
09/22/06 15:00,34.5
09/22/06 16:00,19.2
09/22/06 17:00,0.3
09/22/06 18:00,0.0
09/22/06 19:00,0.0
09/22/06 20:00,0.0
09/22/06 21:00,0.0
09/22/06 22:00,0.0
09/22/06 23:00,0.0
09/23/06 00:00,0.0
09/23/06 01:00,0.0
09/23/06 02:00,0.0
09/23/06 03:00,0.0
09/23/06 04:00,0.0
09/23/06 05:00,0.0
09/23/06 06:00,0.2
09/23/06 07:00,13.7
09/23/06 08:00,29.3
09/23/06 09:00,42.0
09/23/06 10:00,50.4
09/23/06 11:00,53.7
09/23/06 12:00,51.7
09/23/06 13:00,50.4
09/23/06 14:00,45.8
09/23/06 15:00,35.4
09/23/06 16:00,19.0
09/23/06 17:00,0.2
09/23/06 18:00,0.0
09/23/06 19:00,0.0
09/23/06 20:00,0.0
09/23/06 21:00,0.0
09/23/06 22:00,0.0
09/23/06 23:00,0.0
09/24/06 00:00,0.0
09/24/06 01:00,0.0
09/24/06 02:00,0.0
09/24/06 03:00,0.0
09/24/06 04:00,0.0
09/24/06 05:00,0.0
09/24/06 06:00,0.2
09/24/06 07:00,13.4
09/24/06 08:00,29.1
09/24/06 09:00,40.7
09/24/06 10:00,49.0
09/24/06 11:00,51.8
09/24/06 12:00,53.4
09/24/06 13:00,51.1
09/24/06 14:00,44.4
09/24/06 15:00,34.3
09/24/06 16:00,18.1
09/24/06 17:00,0.1
09/24/06 18:00,0.0
09/24/06 19:00,0.0
09/24/06 20:00,0.0
09/24/06 21:00,0.0
09/24/06 22:00,0.0
09/24/06 23:00,0.0
09/25/06 00:00,0.0
09/25/06 01:00,0.0
09/25/06 02:00,0.0
09/25/06 03:00,0.0
09/25/06 04:00,0.0
09/25/06 05:00,0.0
09/25/06 06:00,0.1
09/25/06 07:00,12.8
09/25/06 08:00,27.8
09/25/06 09:00,39.8
09/25/06 10:00,46.4
09/25/06 11:00,50.2
09/25/06 12:00,51.8
09/25/06 13:00,49.0
09/25/06 14:00,42.4
09/25/06 15:00,32.2
09/25/06 16:00,17.0
09/25/06 17:00,0.1
09/25/06 18:00,0.0
09/25/06 19:00,0.0
09/25/06 20:00,0.0
09/25/06 21:00,0.0
09/25/06 22:00,0.0
09/25/06 23:00,0.0
09/26/06 00:00,0.0
09/26/06 01:00,0.0
09/26/06 02:00,0.0
09/26/06 03:00,0.0
09/26/06 04:00,0.0
09/26/06 05:00,0.0
09/26/06 06:00,0.1
09/26/06 07:00,12.4
09/26/06 08:00,27.3
09/26/06 09:00,39.4
09/26/06 10:00,46.6
09/26/06 11:00,50.3
09/26/06 12:00,49.7
09/26/06 13:00,47.8
09/26/06 14:00,40.8
09/26/06 15:00,31.2
09/26/06 16:00,16.6
09/26/06 17:00,0.1
09/26/06 18:00,0.0
09/26/06 19:00,0.0
09/26/06 20:00,0.0
09/26/06 21:00,0.0
09/26/06 22:00,0.0
09/26/06 23:00,0.0
09/27/06 00:00,0.0
09/27/06 01:00,0.0
09/27/06 02:00,0.0
09/27/06 03:00,0.0
09/27/06 04:00,0.0
09/27/06 05:00,0.0
09/27/06 06:00,0.1
09/27/06 07:00,12.9
09/27/06 08:00,27.7
09/27/06 09:00,38.0
09/27/06 10:00,46.5
09/27/06 11:00,49.8
09/27/06 12:00,50.9
09/27/06 13:00,48.9
09/27/06 14:00,42.4
09/27/06 15:00,31.8
09/27/06 16:00,16.7
09/27/06 17:00,0.0
09/27/06 18:00,0.0
09/27/06 19:00,0.0
09/27/06 20:00,0.0
09/27/06 21:00,0.0
09/27/06 22:00,0.0
09/27/06 23:00,0.0
09/28/06 00:00,0.0
09/28/06 01:00,0.0
09/28/06 02:00,0.0
09/28/06 03:00,0.0
09/28/06 04:00,0.0
09/28/06 05:00,0.0
09/28/06 06:00,0.1
09/28/06 07:00,13.3
09/28/06 08:00,29.3
09/28/06 09:00,41.1
09/28/06 10:00,48.7
09/28/06 11:00,53.0
09/28/06 12:00,52.9
09/28/06 13:00,50.3
09/28/06 14:00,43.6
09/28/06 15:00,33.2
09/28/06 16:00,17.0
09/28/06 17:00,0.0
09/28/06 18:00,0.0
09/28/06 19:00,0.0
09/28/06 20:00,0.0
09/28/06 21:00,0.0
09/28/06 22:00,0.0
09/28/06 23:00,0.0
09/29/06 00:00,0.0
09/29/06 01:00,0.0
09/29/06 02:00,0.0
09/29/06 03:00,0.0
09/29/06 04:00,0.0
09/29/06 05:00,0.0
09/29/06 06:00,0.1
09/29/06 07:00,13.3
09/29/06 08:00,29.2
09/29/06 09:00,42.2
09/29/06 10:00,49.9
09/29/06 11:00,54.7
09/29/06 12:00,54.4
09/29/06 13:00,51.2
09/29/06 14:00,44.1
09/29/06 15:00,32.9
09/29/06 16:00,17.1
09/29/06 17:00,0.0
09/29/06 18:00,0.0
09/29/06 19:00,0.0
09/29/06 20:00,0.0
09/29/06 21:00,0.0
09/29/06 22:00,0.0
09/29/06 23:00,0.0
09/30/06 00:00,0.0
09/30/06 01:00,0.0
09/30/06 02:00,0.0
09/30/06 03:00,0.0
09/30/06 04:00,0.0
09/30/06 05:00,0.0
09/30/06 06:00,0.1
09/30/06 07:00,13.3
09/30/06 08:00,28.7
09/30/06 09:00,42.4
09/30/06 10:00,50.3
09/30/06 11:00,53.5
09/30/06 12:00,53.5
09/30/06 13:00,49.3
09/30/06 14:00,41.6
09/30/06 15:00,32.2
09/30/06 16:00,16.9
09/30/06 17:00,0.0
09/30/06 18:00,0.0
09/30/06 19:00,0.0
09/30/06 20:00,0.0
09/30/06 21:00,0.0
09/30/06 22:00,0.0
09/30/06 23:00,0.0
10/01/06 00:00,0.0
10/01/06 01:00,0.0
10/01/06 02:00,0.0
10/01/06 03:00,0.0
10/01/06 04:00,0.0
10/01/06 05:00,0.0
10/01/06 06:00,0.1
10/01/06 07:00,13.2
10/01/06 08:00,28.0
10/01/06 09:00,40.2
10/01/06 10:00,46.2
10/01/06 11:00,52.5
10/01/06 12:00,50.0
10/01/06 13:00,48.4
10/01/06 14:00,35.9
10/01/06 15:00,22.6
10/01/06 16:00,13.8
10/01/06 17:00,0.0
10/01/06 18:00,0.0
10/01/06 19:00,0.0
10/01/06 20:00,0.0
10/01/06 21:00,0.0
10/01/06 22:00,0.0
10/01/06 23:00,0.0
10/02/06 00:00,0.0
10/02/06 01:00,0.0
10/02/06 02:00,0.0
10/02/06 03:00,0.0
10/02/06 04:00,0.0
10/02/06 05:00,0.0
10/02/06 06:00,0.1
10/02/06 07:00,13.7
10/02/06 08:00,30.4
10/02/06 09:00,43.1
10/02/06 10:00,50.2
10/02/06 11:00,53.8
10/02/06 12:00,53.8
10/02/06 13:00,48.5
10/02/06 14:00,43.7
10/02/06 15:00,31.4
10/02/06 16:00,14.7
10/02/06 17:00,0.0
10/02/06 18:00,0.0
10/02/06 19:00,0.0
10/02/06 20:00,0.0
10/02/06 21:00,0.0
10/02/06 22:00,0.0
10/02/06 23:00,0.0
10/03/06 00:00,0.0
10/03/06 01:00,0.0
10/03/06 02:00,0.0
10/03/06 03:00,0.0
10/03/06 04:00,0.0
10/03/06 05:00,0.0
10/03/06 06:00,0.1
10/03/06 07:00,13.4
10/03/06 08:00,29.6
10/03/06 09:00,42.2
10/03/06 10:00,49.7
10/03/06 11:00,54.1
10/03/06 12:00,55.2
10/03/06 13:00,50.9
10/03/06 14:00,42.5
10/03/06 15:00,31.5
10/03/06 16:00,15.8
10/03/06 17:00,0.0
10/03/06 18:00,0.0
10/03/06 19:00,0.0
10/03/06 20:00,0.0
10/03/06 21:00,0.0
10/03/06 22:00,0.0
10/03/06 23:00,0.0
10/04/06 00:00,0.0
10/04/06 01:00,0.0
10/04/06 02:00,0.0
10/04/06 03:00,0.0
10/04/06 04:00,0.0
10/04/06 05:00,0.0
10/04/06 06:00,0.1
10/04/06 07:00,13.5
10/04/06 08:00,30.0
10/04/06 09:00,42.6
10/04/06 10:00,49.7
10/04/06 11:00,54.0
10/04/06 12:00,52.6
10/04/06 13:00,48.7
10/04/06 14:00,41.7
10/04/06 15:00,32.2
10/04/06 16:00,15.8
10/04/06 17:00,0.0
10/04/06 18:00,0.0
10/04/06 19:00,0.0
10/04/06 20:00,0.0
10/04/06 21:00,0.0
10/04/06 22:00,0.0
10/04/06 23:00,0.0
10/05/06 00:00,0.0
10/05/06 01:00,0.0
10/05/06 02:00,0.0
10/05/06 03:00,0.0
10/05/06 04:00,0.0
10/05/06 05:00,0.0
10/05/06 06:00,0.0
10/05/06 07:00,12.0
10/05/06 08:00,24.5
10/05/06 09:00,35.7
10/05/06 10:00,41.1
10/05/06 11:00,38.6
10/05/06 12:00,37.7
10/05/06 13:00,26.1
10/05/06 14:00,40.4
10/05/06 15:00,26.2
10/05/06 16:00,12.5
10/05/06 17:00,0.0
10/05/06 18:00,0.0
10/05/06 19:00,0.0
10/05/06 20:00,0.0
10/05/06 21:00,0.0
10/05/06 22:00,0.0
10/05/06 23:00,0.0
10/06/06 00:00,0.0
10/06/06 01:00,0.0
10/06/06 02:00,0.0
10/06/06 03:00,0.0
10/06/06 04:00,0.0
10/06/06 05:00,0.0
10/06/06 06:00,0.0
10/06/06 07:00,12.3
10/06/06 08:00,26.4
10/06/06 09:00,45.0
10/06/06 10:00,54.4
10/06/06 11:00,59.3
10/06/06 12:00,58.7
10/06/06 13:00,55.3
10/06/06 14:00,47.8
10/06/06 15:00,34.1
10/06/06 16:00,16.5
10/06/06 17:00,0.0
10/06/06 18:00,0.0
10/06/06 19:00,0.0
10/06/06 20:00,0.0
10/06/06 21:00,0.0
10/06/06 22:00,0.0
10/06/06 23:00,0.0
10/07/06 00:00,0.0
10/07/06 01:00,0.0
10/07/06 02:00,0.0
10/07/06 03:00,0.0
10/07/06 04:00,0.0
10/07/06 05:00,0.0
10/07/06 06:00,0.0
10/07/06 07:00,13.8
10/07/06 08:00,31.3
10/07/06 09:00,43.6
10/07/06 10:00,52.5
10/07/06 11:00,58.0
10/07/06 12:00,57.6
10/07/06 13:00,53.0
10/07/06 14:00,47.1
10/07/06 15:00,34.9
10/07/06 16:00,16.1
10/07/06 17:00,0.0
10/07/06 18:00,0.0
10/07/06 19:00,0.0
10/07/06 20:00,0.0
10/07/06 21:00,0.0
10/07/06 22:00,0.0
10/07/06 23:00,0.0
10/08/06 00:00,0.0
10/08/06 01:00,0.0
10/08/06 02:00,0.0
10/08/06 03:00,0.0
10/08/06 04:00,0.0
10/08/06 05:00,0.0
10/08/06 06:00,0.0
10/08/06 07:00,12.0
10/08/06 08:00,21.5
10/08/06 09:00,12.5
10/08/06 10:00,1.6
10/08/06 11:00,2.1
10/08/06 12:00,35.8
10/08/06 13:00,40.7
10/08/06 14:00,25.7
10/08/06 15:00,28.9
10/08/06 16:00,14.0
10/08/06 17:00,0.0
10/08/06 18:00,0.0
10/08/06 19:00,0.0
10/08/06 20:00,0.0
10/08/06 21:00,0.0
10/08/06 22:00,0.0
10/08/06 23:00,0.0
10/09/06 00:00,0.0
10/09/06 01:00,0.0
10/09/06 02:00,0.0
10/09/06 03:00,0.0
10/09/06 04:00,0.0
10/09/06 05:00,0.0
10/09/06 06:00,0.0
10/09/06 07:00,13.7
10/09/06 08:00,31.3
10/09/06 09:00,45.0
10/09/06 10:00,53.6
10/09/06 11:00,57.9
10/09/06 12:00,58.4
10/09/06 13:00,55.1
10/09/06 14:00,46.3
10/09/06 15:00,33.1
10/09/06 16:00,13.5
10/09/06 17:00,0.0
10/09/06 18:00,0.0
10/09/06 19:00,0.0
10/09/06 20:00,0.0
10/09/06 21:00,0.0
10/09/06 22:00,0.0
10/09/06 23:00,0.0
10/10/06 00:00,0.0
10/10/06 01:00,0.0
10/10/06 02:00,0.0
10/10/06 03:00,0.0
10/10/06 04:00,0.0
10/10/06 05:00,0.0
10/10/06 06:00,0.0
10/10/06 07:00,12.9
10/10/06 08:00,29.6
10/10/06 09:00,42.9
10/10/06 10:00,50.3
10/10/06 11:00,54.6
10/10/06 12:00,54.3
10/10/06 13:00,51.4
10/10/06 14:00,44.4
10/10/06 15:00,31.8
10/10/06 16:00,14.0
10/10/06 17:00,0.0
10/10/06 18:00,0.0
10/10/06 19:00,0.0
10/10/06 20:00,0.0
10/10/06 21:00,0.0
10/10/06 22:00,0.0
10/10/06 23:00,0.0
10/11/06 00:00,0.0
10/11/06 01:00,0.0
10/11/06 02:00,0.0
10/11/06 03:00,0.0
10/11/06 04:00,0.0
10/11/06 05:00,0.0
10/11/06 06:00,0.0
10/11/06 07:00,12.7
10/11/06 08:00,28.7
10/11/06 09:00,41.0
10/11/06 10:00,49.1
10/11/06 11:00,53.1
10/11/06 12:00,53.9
10/11/06 13:00,50.3
10/11/06 14:00,43.3
10/11/06 15:00,31.2
10/11/06 16:00,13.8
10/11/06 17:00,0.0
10/11/06 18:00,0.0
10/11/06 19:00,0.0
10/11/06 20:00,0.0
10/11/06 21:00,0.0
10/11/06 22:00,0.0
10/11/06 23:00,0.0
10/12/06 00:00,0.0
10/12/06 01:00,0.0
10/12/06 02:00,0.0
10/12/06 03:00,0.0
10/12/06 04:00,0.0
10/12/06 05:00,0.0
10/12/06 06:00,0.0
10/12/06 07:00,12.5
10/12/06 08:00,28.9
10/12/06 09:00,39.9
10/12/06 10:00,47.9
10/12/06 11:00,52.4
10/12/06 12:00,50.6
10/12/06 13:00,49.3
10/12/06 14:00,42.8
10/12/06 15:00,31.0
10/12/06 16:00,13.4
10/12/06 17:00,0.0
10/12/06 18:00,0.0
10/12/06 19:00,0.0
10/12/06 20:00,0.0
10/12/06 21:00,0.0
10/12/06 22:00,0.0
10/12/06 23:00,0.0
10/13/06 00:00,0.0
10/13/06 01:00,0.0
10/13/06 02:00,0.0
10/13/06 03:00,0.0
10/13/06 04:00,0.0
10/13/06 05:00,0.0
10/13/06 06:00,0.0
10/13/06 07:00,11.7
10/13/06 08:00,24.9
10/13/06 09:00,11.1
10/13/06 10:00,1.5
10/13/06 11:00,1.8
10/13/06 12:00,14.0
10/13/06 13:00,15.8
10/13/06 14:00,14.7
10/13/06 15:00,24.2
10/13/06 16:00,0.0
10/13/06 17:00,0.0
10/13/06 18:00,0.0
10/13/06 19:00,0.0
10/13/06 20:00,0.0
10/13/06 21:00,0.0
10/13/06 22:00,0.0
10/13/06 23:00,0.0
10/14/06 00:00,0.0
10/14/06 01:00,0.0
10/14/06 02:00,0.0
10/14/06 03:00,0.0
10/14/06 04:00,0.0
10/14/06 05:00,0.0
10/14/06 06:00,0.0
10/14/06 07:00,0.0
10/14/06 08:00,9.6
10/14/06 09:00,2.3
10/14/06 10:00,37.4
10/14/06 11:00,49.3
10/14/06 12:00,41.7
10/14/06 13:00,44.6
10/14/06 14:00,32.7
10/14/06 15:00,28.3
10/14/06 16:00,12.8
10/14/06 17:00,0.0
10/14/06 18:00,0.0
10/14/06 19:00,0.0
10/14/06 20:00,0.0
10/14/06 21:00,0.0
10/14/06 22:00,0.0
10/14/06 23:00,0.0
10/15/06 00:00,0.0
10/15/06 01:00,0.0
10/15/06 02:00,0.0
10/15/06 03:00,0.0
10/15/06 04:00,0.0
10/15/06 05:00,0.0
10/15/06 06:00,0.0
10/15/06 07:00,11.6
10/15/06 08:00,27.9
10/15/06 09:00,39.7
10/15/06 10:00,45.5
10/15/06 11:00,47.7
10/15/06 12:00,50.4
10/15/06 13:00,38.4
10/15/06 14:00,16.2
10/15/06 15:00,6.9
10/15/06 16:00,12.4
10/15/06 17:00,0.0
10/15/06 18:00,0.0
10/15/06 19:00,0.0
10/15/06 20:00,0.0
10/15/06 21:00,0.0
10/15/06 22:00,0.0
10/15/06 23:00,0.0
10/16/06 00:00,0.0
10/16/06 01:00,0.0
10/16/06 02:00,0.0
10/16/06 03:00,0.0
10/16/06 04:00,0.0
10/16/06 05:00,0.0
10/16/06 06:00,0.0
10/16/06 07:00,12.7
10/16/06 08:00,29.4
10/16/06 09:00,42.2
10/16/06 10:00,50.5
10/16/06 11:00,53.8
10/16/06 12:00,52.3
10/16/06 13:00,51.5
10/16/06 14:00,43.3
10/16/06 15:00,30.5
10/16/06 16:00,12.2
10/16/06 17:00,0.0
10/16/06 18:00,0.0
10/16/06 19:00,0.0
10/16/06 20:00,0.0
10/16/06 21:00,0.0
10/16/06 22:00,0.0
10/16/06 23:00,0.0
10/17/06 00:00,0.0
10/17/06 01:00,0.0
10/17/06 02:00,0.0
10/17/06 03:00,0.0
10/17/06 04:00,0.0
10/17/06 05:00,0.0
10/17/06 06:00,0.0
10/17/06 07:00,0.0
10/17/06 08:00,0.7
10/17/06 09:00,0.8
10/17/06 10:00,1.7
10/17/06 11:00,2.4
10/17/06 12:00,36.9
10/17/06 13:00,40.2
10/17/06 14:00,39.4
10/17/06 15:00,28.9
10/17/06 16:00,11.7
10/17/06 17:00,0.0
10/17/06 18:00,0.0
10/17/06 19:00,0.0
10/17/06 20:00,0.0
10/17/06 21:00,0.0
10/17/06 22:00,0.0
10/17/06 23:00,0.0
10/18/06 00:00,0.0
10/18/06 01:00,0.0
10/18/06 02:00,0.0
10/18/06 03:00,0.0
10/18/06 04:00,0.0
10/18/06 05:00,0.0
10/18/06 06:00,0.0
10/18/06 07:00,12.7
10/18/06 08:00,29.7
10/18/06 09:00,43.3
10/18/06 10:00,51.6
10/18/06 11:00,55.3
10/18/06 12:00,56.0
10/18/06 13:00,52.2
10/18/06 14:00,43.6
10/18/06 15:00,31.1
10/18/06 16:00,12.2
10/18/06 17:00,0.0
10/18/06 18:00,0.0
10/18/06 19:00,0.0
10/18/06 20:00,0.0
10/18/06 21:00,0.0
10/18/06 22:00,0.0
10/18/06 23:00,0.0
10/19/06 00:00,0.0
10/19/06 01:00,0.0
10/19/06 02:00,0.0
10/19/06 03:00,0.0
10/19/06 04:00,0.0
10/19/06 05:00,0.0
10/19/06 06:00,0.0
10/19/06 07:00,12.6
10/19/06 08:00,29.5
10/19/06 09:00,41.2
10/19/06 10:00,50.3
10/19/06 11:00,54.6
10/19/06 12:00,54.6
10/19/06 13:00,51.4
10/19/06 14:00,42.5
10/19/06 15:00,30.0
10/19/06 16:00,11.8
10/19/06 17:00,0.0
10/19/06 18:00,0.0
10/19/06 19:00,0.0
10/19/06 20:00,0.0
10/19/06 21:00,0.0
10/19/06 22:00,0.0
10/19/06 23:00,0.0
10/20/06 00:00,0.0
10/20/06 01:00,0.0
10/20/06 02:00,0.0
10/20/06 03:00,0.0
10/20/06 04:00,0.0
10/20/06 05:00,0.0
10/20/06 06:00,0.0
10/20/06 07:00,12.2
10/20/06 08:00,29.3
10/20/06 09:00,42.5
10/20/06 10:00,49.7
10/20/06 11:00,54.1
10/20/06 12:00,54.0
10/20/06 13:00,48.6
10/20/06 14:00,42.8
10/20/06 15:00,29.1
10/20/06 16:00,11.4
10/20/06 17:00,0.0
10/20/06 18:00,0.0
10/20/06 19:00,0.0
10/20/06 20:00,0.0
10/20/06 21:00,0.0
10/20/06 22:00,0.0
10/20/06 23:00,0.0
10/21/06 00:00,0.0
10/21/06 01:00,0.0
10/21/06 02:00,0.0
10/21/06 03:00,0.0
10/21/06 04:00,0.0
10/21/06 05:00,0.0
10/21/06 06:00,0.0
10/21/06 07:00,11.8
10/21/06 08:00,27.4
10/21/06 09:00,40.8
10/21/06 10:00,48.5
10/21/06 11:00,51.4
10/21/06 12:00,52.2
10/21/06 13:00,48.7
10/21/06 14:00,40.4
10/21/06 15:00,28.5
10/21/06 16:00,10.6
10/21/06 17:00,0.0
10/21/06 18:00,0.0
10/21/06 19:00,0.0
10/21/06 20:00,0.0
10/21/06 21:00,0.0
10/21/06 22:00,0.0
10/21/06 23:00,0.0
10/22/06 00:00,0.0
10/22/06 01:00,0.0
10/22/06 02:00,0.0
10/22/06 03:00,0.0
10/22/06 04:00,0.0
10/22/06 05:00,0.0
10/22/06 06:00,0.0
10/22/06 07:00,11.7
10/22/06 08:00,28.0
10/22/06 09:00,41.2
10/22/06 10:00,48.6
10/22/06 11:00,52.8
10/22/06 12:00,52.4
10/22/06 13:00,49.2
10/22/06 14:00,41.2
10/22/06 15:00,28.3
10/22/06 16:00,9.7
10/22/06 17:00,0.0
10/22/06 18:00,0.0
10/22/06 19:00,0.0
10/22/06 20:00,0.0
10/22/06 21:00,0.0
10/22/06 22:00,0.0
10/22/06 23:00,0.0
10/23/06 00:00,0.0
10/23/06 01:00,0.0
10/23/06 02:00,0.0
10/23/06 03:00,0.0
10/23/06 04:00,0.0
10/23/06 05:00,0.0
10/23/06 06:00,0.0
10/23/06 07:00,11.1
10/23/06 08:00,26.6
10/23/06 09:00,39.6
10/23/06 10:00,46.3
10/23/06 11:00,49.9
10/23/06 12:00,50.3
10/23/06 13:00,46.7
10/23/06 14:00,38.9
10/23/06 15:00,25.1
10/23/06 16:00,8.4
10/23/06 17:00,0.0
10/23/06 18:00,0.0
10/23/06 19:00,0.0
10/23/06 20:00,0.0
10/23/06 21:00,0.0
10/23/06 22:00,0.0
10/23/06 23:00,0.0
10/24/06 00:00,0.0
10/24/06 01:00,0.0
10/24/06 02:00,0.0
10/24/06 03:00,0.0
10/24/06 04:00,0.0
10/24/06 05:00,0.0
10/24/06 06:00,0.0
10/24/06 07:00,1.7
10/24/06 08:00,0.1
10/24/06 09:00,0.5
10/24/06 10:00,1.1
10/24/06 11:00,8.2
10/24/06 12:00,18.3
10/24/06 13:00,11.3
10/24/06 14:00,0.3
10/24/06 15:00,0.1
10/24/06 16:00,0.0
10/24/06 17:00,0.0
10/24/06 18:00,0.0
10/24/06 19:00,0.0
10/24/06 20:00,0.0
10/24/06 21:00,0.0
10/24/06 22:00,0.0
10/24/06 23:00,0.0
10/25/06 00:00,0.0
10/25/06 01:00,0.0
10/25/06 02:00,0.0
10/25/06 03:00,0.0
10/25/06 04:00,0.0
10/25/06 05:00,0.0
10/25/06 06:00,0.0
10/25/06 07:00,2.9
10/25/06 08:00,18.1
10/25/06 09:00,31.7
10/25/06 10:00,41.3
10/25/06 11:00,49.8
10/25/06 12:00,50.2
10/25/06 13:00,46.4
10/25/06 14:00,39.8
10/25/06 15:00,27.1
10/25/06 16:00,8.0
10/25/06 17:00,0.0
10/25/06 18:00,0.0
10/25/06 19:00,0.0
10/25/06 20:00,0.0
10/25/06 21:00,0.0
10/25/06 22:00,0.0
10/25/06 23:00,0.0
10/26/06 00:00,0.0
10/26/06 01:00,0.0
10/26/06 02:00,0.0
10/26/06 03:00,0.0
10/26/06 04:00,0.0
10/26/06 05:00,0.0
10/26/06 06:00,0.0
10/26/06 07:00,11.1
10/26/06 08:00,27.7
10/26/06 09:00,41.3
10/26/06 10:00,49.2
10/26/06 11:00,53.5
10/26/06 12:00,51.7
10/26/06 13:00,48.7
10/26/06 14:00,40.7
10/26/06 15:00,27.3
10/26/06 16:00,8.7
10/26/06 17:00,0.0
10/26/06 18:00,0.0
10/26/06 19:00,0.0
10/26/06 20:00,0.0
10/26/06 21:00,0.0
10/26/06 22:00,0.0
10/26/06 23:00,0.0
10/27/06 00:00,0.0
10/27/06 01:00,0.0
10/27/06 02:00,0.0
10/27/06 03:00,0.0
10/27/06 04:00,0.0
10/27/06 05:00,0.0
10/27/06 06:00,0.0
10/27/06 07:00,10.9
10/27/06 08:00,26.5
10/27/06 09:00,40.0
10/27/06 10:00,46.1
10/27/06 11:00,51.5
10/27/06 12:00,52.1
10/27/06 13:00,47.3
10/27/06 14:00,40.0
10/27/06 15:00,27.3
10/27/06 16:00,8.4
10/27/06 17:00,0.0
10/27/06 18:00,0.0
10/27/06 19:00,0.0
10/27/06 20:00,0.0
10/27/06 21:00,0.0
10/27/06 22:00,0.0
10/27/06 23:00,0.0
10/28/06 00:00,0.0
10/28/06 01:00,0.0
10/28/06 02:00,0.0
10/28/06 03:00,0.0
10/28/06 04:00,0.0
10/28/06 05:00,0.0
10/28/06 06:00,0.0
10/28/06 07:00,10.5
10/28/06 08:00,26.0
10/28/06 09:00,39.0
10/28/06 10:00,46.4
10/28/06 11:00,50.4
10/28/06 12:00,50.0
10/28/06 13:00,45.4
10/28/06 14:00,38.4
10/28/06 15:00,26.1
10/28/06 16:00,7.8
10/28/06 17:00,0.0
10/28/06 18:00,0.0
10/28/06 19:00,0.0
10/28/06 20:00,0.0
10/28/06 21:00,0.0
10/28/06 22:00,0.0
10/28/06 23:00,0.0
10/29/06 00:00,0.0
10/29/06 01:00,0.0
10/29/06 02:00,0.0
10/29/06 03:00,0.0
10/29/06 04:00,0.0
10/29/06 05:00,0.0
10/29/06 06:00,0.0
10/29/06 07:00,10.5
10/29/06 08:00,26.5
10/29/06 09:00,39.9
10/29/06 10:00,48.3
10/29/06 11:00,52.3
10/29/06 12:00,52.0
10/29/06 13:00,47.7
10/29/06 14:00,39.4
10/29/06 15:00,25.5
10/29/06 16:00,7.8
10/29/06 17:00,0.0
10/29/06 18:00,0.0
10/29/06 19:00,0.0
10/29/06 20:00,0.0
10/29/06 21:00,0.0
10/29/06 22:00,0.0
10/29/06 23:00,0.0
10/30/06 00:00,0.0
10/30/06 01:00,0.0
10/30/06 02:00,0.0
10/30/06 03:00,0.0
10/30/06 04:00,0.0
10/30/06 05:00,0.0
10/30/06 06:00,0.0
10/30/06 07:00,10.4
10/30/06 08:00,26.8
10/30/06 09:00,39.8
10/30/06 10:00,47.4
10/30/06 11:00,51.3
10/30/06 12:00,51.9
10/30/06 13:00,48.3
10/30/06 14:00,39.7
10/30/06 15:00,26.1
10/30/06 16:00,7.6
10/30/06 17:00,0.0
10/30/06 18:00,0.0
10/30/06 19:00,0.0
10/30/06 20:00,0.0
10/30/06 21:00,0.0
10/30/06 22:00,0.0
10/30/06 23:00,0.0
10/31/06 00:00,0.0
10/31/06 01:00,0.0
10/31/06 02:00,0.0
10/31/06 03:00,0.0
10/31/06 04:00,0.0
10/31/06 05:00,0.0
10/31/06 06:00,0.0
10/31/06 07:00,10.1
10/31/06 08:00,25.8
10/31/06 09:00,38.5
10/31/06 10:00,47.0
10/31/06 11:00,50.5
10/31/06 12:00,49.9
10/31/06 13:00,46.9
10/31/06 14:00,38.2
10/31/06 15:00,24.8
10/31/06 16:00,7.4
10/31/06 17:00,0.0
10/31/06 18:00,0.0
10/31/06 19:00,0.0
10/31/06 20:00,0.0
10/31/06 21:00,0.0
10/31/06 22:00,0.0
10/31/06 23:00,0.0
11/01/06 00:00,0.0
11/01/06 01:00,0.0
11/01/06 02:00,0.0
11/01/06 03:00,0.0
11/01/06 04:00,0.0
11/01/06 05:00,0.0
11/01/06 06:00,0.0
11/01/06 07:00,10.4
11/01/06 08:00,26.7
11/01/06 09:00,39.8
11/01/06 10:00,45.8
11/01/06 11:00,51.2
11/01/06 12:00,50.9
11/01/06 13:00,46.3
11/01/06 14:00,38.9
11/01/06 15:00,27.3
11/01/06 16:00,8.6
11/01/06 17:00,0.0
11/01/06 18:00,0.0
11/01/06 19:00,0.0
11/01/06 20:00,0.0
11/01/06 21:00,0.0
11/01/06 22:00,0.0
11/01/06 23:00,0.0
11/02/06 00:00,0.0
11/02/06 01:00,0.0
11/02/06 02:00,0.0
11/02/06 03:00,0.0
11/02/06 04:00,0.0
11/02/06 05:00,0.0
11/02/06 06:00,0.0
11/02/06 07:00,10.2
11/02/06 08:00,25.8
11/02/06 09:00,39.5
11/02/06 10:00,46.7
11/02/06 11:00,51.1
11/02/06 12:00,51.3
11/02/06 13:00,47.2
11/02/06 14:00,38.9
11/02/06 15:00,26.3
11/02/06 16:00,8.3
11/02/06 17:00,0.0
11/02/06 18:00,0.0
11/02/06 19:00,0.0
11/02/06 20:00,0.0
11/02/06 21:00,0.0
11/02/06 22:00,0.0
11/02/06 23:00,0.0
11/03/06 00:00,0.0
11/03/06 01:00,0.0
11/03/06 02:00,0.0
11/03/06 03:00,0.0
11/03/06 04:00,0.0
11/03/06 05:00,0.0
11/03/06 06:00,0.0
11/03/06 07:00,10.0
11/03/06 08:00,26.0
11/03/06 09:00,37.6
11/03/06 10:00,45.6
11/03/06 11:00,50.7
11/03/06 12:00,50.4
11/03/06 13:00,44.1
11/03/06 14:00,36.8
11/03/06 15:00,24.4
11/03/06 16:00,7.9
11/03/06 17:00,0.0
11/03/06 18:00,0.0
11/03/06 19:00,0.0
11/03/06 20:00,0.0
11/03/06 21:00,0.0
11/03/06 22:00,0.0
11/03/06 23:00,0.0
11/04/06 00:00,0.0
11/04/06 01:00,0.0
11/04/06 02:00,0.0
11/04/06 03:00,0.0
11/04/06 04:00,0.0
11/04/06 05:00,0.0
11/04/06 06:00,0.0
11/04/06 07:00,9.7
11/04/06 08:00,25.8
11/04/06 09:00,39.0
11/04/06 10:00,45.0
11/04/06 11:00,50.6
11/04/06 12:00,51.9
11/04/06 13:00,47.1
11/04/06 14:00,39.6
11/04/06 15:00,25.9
11/04/06 16:00,8.0
11/04/06 17:00,0.0
11/04/06 18:00,0.0
11/04/06 19:00,0.0
11/04/06 20:00,0.0
11/04/06 21:00,0.0
11/04/06 22:00,0.0
11/04/06 23:00,0.0
11/05/06 00:00,0.0
11/05/06 01:00,0.0
11/05/06 02:00,0.0
11/05/06 03:00,0.0
11/05/06 04:00,0.0
11/05/06 05:00,0.0
11/05/06 06:00,0.0
11/05/06 07:00,9.7
11/05/06 08:00,25.4
11/05/06 09:00,37.9
11/05/06 10:00,46.6
11/05/06 11:00,50.0
11/05/06 12:00,51.3
11/05/06 13:00,47.6
11/05/06 14:00,39.4
11/05/06 15:00,25.2
11/05/06 16:00,7.8
11/05/06 17:00,0.0
11/05/06 18:00,0.0
11/05/06 19:00,0.0
11/05/06 20:00,0.0
11/05/06 21:00,0.0
11/05/06 22:00,0.0
11/05/06 23:00,0.0
11/06/06 00:00,0.0
11/06/06 01:00,0.0
11/06/06 02:00,0.0
11/06/06 03:00,0.0
11/06/06 04:00,0.0
11/06/06 05:00,0.0
11/06/06 06:00,0.0
11/06/06 07:00,9.5
11/06/06 08:00,25.1
11/06/06 09:00,37.9
11/06/06 10:00,45.7
11/06/06 11:00,50.0
11/06/06 12:00,48.4
11/06/06 13:00,46.7
11/06/06 14:00,39.2
11/06/06 15:00,25.6
11/06/06 16:00,7.5
11/06/06 17:00,0.0
11/06/06 18:00,0.0
11/06/06 19:00,0.0
11/06/06 20:00,0.0
11/06/06 21:00,0.0
11/06/06 22:00,0.0
11/06/06 23:00,0.0
11/07/06 00:00,0.0
11/07/06 01:00,0.0
11/07/06 02:00,0.0
11/07/06 03:00,0.0
11/07/06 04:00,0.0
11/07/06 05:00,0.0
11/07/06 06:00,0.0
11/07/06 07:00,9.3
11/07/06 08:00,24.7
11/07/06 09:00,38.2
11/07/06 10:00,46.1
11/07/06 11:00,49.9
11/07/06 12:00,50.0
11/07/06 13:00,46.5
11/07/06 14:00,38.8
11/07/06 15:00,25.4
11/07/06 16:00,7.3
11/07/06 17:00,0.0
11/07/06 18:00,0.0
11/07/06 19:00,0.0
11/07/06 20:00,0.0
11/07/06 21:00,0.0
11/07/06 22:00,0.0
11/07/06 23:00,0.0
11/08/06 00:00,0.0
11/08/06 01:00,0.0
11/08/06 02:00,0.0
11/08/06 03:00,0.0
11/08/06 04:00,0.0
11/08/06 05:00,0.0
11/08/06 06:00,0.0
11/08/06 07:00,9.2
11/08/06 08:00,25.7
11/08/06 09:00,39.1
11/08/06 10:00,46.9
11/08/06 11:00,48.5
11/08/06 12:00,50.1
11/08/06 13:00,44.9
11/08/06 14:00,38.6
11/08/06 15:00,24.9
11/08/06 16:00,7.1
11/08/06 17:00,0.0
11/08/06 18:00,0.0
11/08/06 19:00,0.0
11/08/06 20:00,0.0
11/08/06 21:00,0.0
11/08/06 22:00,0.0
11/08/06 23:00,0.0
11/09/06 00:00,0.0
11/09/06 01:00,0.0
11/09/06 02:00,0.0
11/09/06 03:00,0.0
11/09/06 04:00,0.0
11/09/06 05:00,0.0
11/09/06 06:00,0.0
11/09/06 07:00,8.7
11/09/06 08:00,24.6
11/09/06 09:00,37.4
11/09/06 10:00,44.8
11/09/06 11:00,48.8
11/09/06 12:00,49.8
11/09/06 13:00,45.9
11/09/06 14:00,37.5
11/09/06 15:00,23.5
11/09/06 16:00,5.9
11/09/06 17:00,0.0
11/09/06 18:00,0.0
11/09/06 19:00,0.0
11/09/06 20:00,0.0
11/09/06 21:00,0.0
11/09/06 22:00,0.0
11/09/06 23:00,0.0
11/10/06 00:00,0.0
11/10/06 01:00,0.0
11/10/06 02:00,0.0
11/10/06 03:00,0.0
11/10/06 04:00,0.0
11/10/06 05:00,0.0
11/10/06 06:00,0.0
11/10/06 07:00,8.5
11/10/06 08:00,23.5
11/10/06 09:00,36.6
11/10/06 10:00,44.7
11/10/06 11:00,48.3
11/10/06 12:00,47.5
11/10/06 13:00,42.5
11/10/06 14:00,35.7
11/10/06 15:00,24.0
11/10/06 16:00,5.5
11/10/06 17:00,0.0
11/10/06 18:00,0.0
11/10/06 19:00,0.0
11/10/06 20:00,0.0
11/10/06 21:00,0.0
11/10/06 22:00,0.0
11/10/06 23:00,0.0
11/11/06 00:00,0.0
11/11/06 01:00,0.0
11/11/06 02:00,0.0
11/11/06 03:00,0.0
11/11/06 04:00,0.0
11/11/06 05:00,0.0
11/11/06 06:00,0.0
11/11/06 07:00,8.2
11/11/06 08:00,23.8
11/11/06 09:00,36.0
11/11/06 10:00,44.7
11/11/06 11:00,48.8
11/11/06 12:00,49.1
11/11/06 13:00,43.0
11/11/06 14:00,31.5
11/11/06 15:00,20.9
11/11/06 16:00,1.7
11/11/06 17:00,0.0
11/11/06 18:00,0.0
11/11/06 19:00,0.0
11/11/06 20:00,0.0
11/11/06 21:00,0.0
11/11/06 22:00,0.0
11/11/06 23:00,0.0
11/12/06 00:00,0.0
11/12/06 01:00,0.0
11/12/06 02:00,0.0
11/12/06 03:00,0.0
11/12/06 04:00,0.0
11/12/06 05:00,0.0
11/12/06 06:00,0.0
11/12/06 07:00,8.3
11/12/06 08:00,24.3
11/12/06 09:00,37.0
11/12/06 10:00,45.0
11/12/06 11:00,49.9
11/12/06 12:00,51.3
11/12/06 13:00,46.7
11/12/06 14:00,38.5
11/12/06 15:00,24.2
11/12/06 16:00,5.0
11/12/06 17:00,0.0
11/12/06 18:00,0.0
11/12/06 19:00,0.0
11/12/06 20:00,0.0
11/12/06 21:00,0.0
11/12/06 22:00,0.0
11/12/06 23:00,0.0
11/13/06 00:00,0.0
11/13/06 01:00,0.0
11/13/06 02:00,0.0
11/13/06 03:00,0.0
11/13/06 04:00,0.0
11/13/06 05:00,0.0
11/13/06 06:00,0.0
11/13/06 07:00,8.3
11/13/06 08:00,24.1
11/13/06 09:00,37.0
11/13/06 10:00,47.0
11/13/06 11:00,50.8
11/13/06 12:00,51.3
11/13/06 13:00,47.0
11/13/06 14:00,38.6
11/13/06 15:00,24.4
11/13/06 16:00,4.7
11/13/06 17:00,0.0
11/13/06 18:00,0.0
11/13/06 19:00,0.0
11/13/06 20:00,0.0
11/13/06 21:00,0.0
11/13/06 22:00,0.0
11/13/06 23:00,0.0
11/14/06 00:00,0.0
11/14/06 01:00,0.0
11/14/06 02:00,0.0
11/14/06 03:00,0.0
11/14/06 04:00,0.0
11/14/06 05:00,0.0
11/14/06 06:00,0.0
11/14/06 07:00,8.5
11/14/06 08:00,23.2
11/14/06 09:00,36.8
11/14/06 10:00,45.3
11/14/06 11:00,50.0
11/14/06 12:00,48.4
11/14/06 13:00,46.0
11/14/06 14:00,37.3
11/14/06 15:00,24.5
11/14/06 16:00,4.4
11/14/06 17:00,0.0
11/14/06 18:00,0.0
11/14/06 19:00,0.0
11/14/06 20:00,0.0
11/14/06 21:00,0.0
11/14/06 22:00,0.0
11/14/06 23:00,0.0
11/15/06 00:00,0.0
11/15/06 01:00,0.0
11/15/06 02:00,0.0
11/15/06 03:00,0.0
11/15/06 04:00,0.0
11/15/06 05:00,0.0
11/15/06 06:00,0.0
11/15/06 07:00,7.7
11/15/06 08:00,24.0
11/15/06 09:00,36.5
11/15/06 10:00,46.2
11/15/06 11:00,50.6
11/15/06 12:00,50.1
11/15/06 13:00,45.7
11/15/06 14:00,36.4
11/15/06 15:00,23.6
11/15/06 16:00,4.2
11/15/06 17:00,0.0
11/15/06 18:00,0.0
11/15/06 19:00,0.0
11/15/06 20:00,0.0
11/15/06 21:00,0.0
11/15/06 22:00,0.0
11/15/06 23:00,0.0
11/16/06 00:00,0.0
11/16/06 01:00,0.0
11/16/06 02:00,0.0
11/16/06 03:00,0.0
11/16/06 04:00,0.0
11/16/06 05:00,0.0
11/16/06 06:00,0.0
11/16/06 07:00,7.4
11/16/06 08:00,22.5
11/16/06 09:00,35.9
11/16/06 10:00,44.1
11/16/06 11:00,47.8
11/16/06 12:00,46.1
11/16/06 13:00,43.9
11/16/06 14:00,35.8
11/16/06 15:00,22.3
11/16/06 16:00,3.3
11/16/06 17:00,0.0
11/16/06 18:00,0.0
11/16/06 19:00,0.0
11/16/06 20:00,0.0
11/16/06 21:00,0.0
11/16/06 22:00,0.0
11/16/06 23:00,0.0
11/17/06 00:00,0.0
11/17/06 01:00,0.0
11/17/06 02:00,0.0
11/17/06 03:00,0.0
11/17/06 04:00,0.0
11/17/06 05:00,0.0
11/17/06 06:00,0.0
11/17/06 07:00,7.1
11/17/06 08:00,22.4
11/17/06 09:00,35.9
11/17/06 10:00,43.9
11/17/06 11:00,47.1
11/17/06 12:00,47.0
11/17/06 13:00,43.5
11/17/06 14:00,34.9
11/17/06 15:00,22.9
11/17/06 16:00,3.1
11/17/06 17:00,0.0
11/17/06 18:00,0.0
11/17/06 19:00,0.0
11/17/06 20:00,0.0
11/17/06 21:00,0.0
11/17/06 22:00,0.0
11/17/06 23:00,0.0
11/18/06 00:00,0.0
11/18/06 01:00,0.0
11/18/06 02:00,0.0
11/18/06 03:00,0.0
11/18/06 04:00,0.0
11/18/06 05:00,0.0
11/18/06 06:00,0.0
11/18/06 07:00,6.1
11/18/06 08:00,22.1
11/18/06 09:00,35.0
11/18/06 10:00,43.6
11/18/06 11:00,47.4
11/18/06 12:00,47.9
11/18/06 13:00,43.7
11/18/06 14:00,35.8
11/18/06 15:00,22.0
11/18/06 16:00,2.8
11/18/06 17:00,0.0
11/18/06 18:00,0.0
11/18/06 19:00,0.0
11/18/06 20:00,0.0
11/18/06 21:00,0.0
11/18/06 22:00,0.0
11/18/06 23:00,0.0
11/19/06 00:00,0.0
11/19/06 01:00,0.0
11/19/06 02:00,0.0
11/19/06 03:00,0.0
11/19/06 04:00,0.0
11/19/06 05:00,0.0
11/19/06 06:00,0.0
11/19/06 07:00,5.7
11/19/06 08:00,21.8
11/19/06 09:00,34.9
11/19/06 10:00,43.0
11/19/06 11:00,47.1
11/19/06 12:00,47.2
11/19/06 13:00,43.3
11/19/06 14:00,35.9
11/19/06 15:00,22.8
11/19/06 16:00,2.9
11/19/06 17:00,0.0
11/19/06 18:00,0.0
11/19/06 19:00,0.0
11/19/06 20:00,0.0
11/19/06 21:00,0.0
11/19/06 22:00,0.0
11/19/06 23:00,0.0
11/20/06 00:00,0.0
11/20/06 01:00,0.0
11/20/06 02:00,0.0
11/20/06 03:00,0.0
11/20/06 04:00,0.0
11/20/06 05:00,0.0
11/20/06 06:00,0.0
11/20/06 07:00,5.2
11/20/06 08:00,22.3
11/20/06 09:00,35.7
11/20/06 10:00,44.0
11/20/06 11:00,48.7
11/20/06 12:00,48.6
11/20/06 13:00,44.6
11/20/06 14:00,36.2
11/20/06 15:00,22.0
11/20/06 16:00,2.6
11/20/06 17:00,0.0
11/20/06 18:00,0.0
11/20/06 19:00,0.0
11/20/06 20:00,0.0
11/20/06 21:00,0.0
11/20/06 22:00,0.0
11/20/06 23:00,0.0
11/21/06 00:00,0.0
11/21/06 01:00,0.0
11/21/06 02:00,0.0
11/21/06 03:00,0.0
11/21/06 04:00,0.0
11/21/06 05:00,0.0
11/21/06 06:00,0.0
11/21/06 07:00,4.8
11/21/06 08:00,22.3
11/21/06 09:00,35.5
11/21/06 10:00,44.2
11/21/06 11:00,48.0
11/21/06 12:00,48.8
11/21/06 13:00,44.4
11/21/06 14:00,36.2
11/21/06 15:00,22.5
11/21/06 16:00,2.2
11/21/06 17:00,0.0
11/21/06 18:00,0.0
11/21/06 19:00,0.0
11/21/06 20:00,0.0
11/21/06 21:00,0.0
11/21/06 22:00,0.0
11/21/06 23:00,0.0
11/22/06 00:00,0.0
11/22/06 01:00,0.0
11/22/06 02:00,0.0
11/22/06 03:00,0.0
11/22/06 04:00,0.0
11/22/06 05:00,0.0
11/22/06 06:00,0.0
11/22/06 07:00,4.6
11/22/06 08:00,21.7
11/22/06 09:00,35.0
11/22/06 10:00,43.2
11/22/06 11:00,47.8
11/22/06 12:00,47.2
11/22/06 13:00,44.3
11/22/06 14:00,36.7
11/22/06 15:00,22.4
11/22/06 16:00,1.9
11/22/06 17:00,0.0
11/22/06 18:00,0.0
11/22/06 19:00,0.0
11/22/06 20:00,0.0
11/22/06 21:00,0.0
11/22/06 22:00,0.0
11/22/06 23:00,0.0
11/23/06 00:00,0.0
11/23/06 01:00,0.0
11/23/06 02:00,0.0
11/23/06 03:00,0.0
11/23/06 04:00,0.0
11/23/06 05:00,0.0
11/23/06 06:00,0.0
11/23/06 07:00,4.4
11/23/06 08:00,22.0
11/23/06 09:00,34.9
11/23/06 10:00,43.4
11/23/06 11:00,46.9
11/23/06 12:00,47.1
11/23/06 13:00,40.8
11/23/06 14:00,31.1
11/23/06 15:00,18.4
11/23/06 16:00,1.5
11/23/06 17:00,0.0
11/23/06 18:00,0.0
11/23/06 19:00,0.0
11/23/06 20:00,0.0
11/23/06 21:00,0.0
11/23/06 22:00,0.0
11/23/06 23:00,0.0
11/24/06 00:00,0.0
11/24/06 01:00,0.0
11/24/06 02:00,0.0
11/24/06 03:00,0.0
11/24/06 04:00,0.0
11/24/06 05:00,0.0
11/24/06 06:00,0.0
11/24/06 07:00,4.3
11/24/06 08:00,20.9
11/24/06 09:00,33.8
11/24/06 10:00,41.5
11/24/06 11:00,44.6
11/24/06 12:00,45.2
11/24/06 13:00,43.0
11/24/06 14:00,34.5
11/24/06 15:00,20.4
11/24/06 16:00,0.7
11/24/06 17:00,0.0
11/24/06 18:00,0.0
11/24/06 19:00,0.0
11/24/06 20:00,0.0
11/24/06 21:00,0.0
11/24/06 22:00,0.0
11/24/06 23:00,0.0
11/25/06 00:00,0.0
11/25/06 01:00,0.0
11/25/06 02:00,0.0
11/25/06 03:00,0.0
11/25/06 04:00,0.0
11/25/06 05:00,0.0
11/25/06 06:00,0.0
11/25/06 07:00,3.7
11/25/06 08:00,22.6
11/25/06 09:00,36.6
11/25/06 10:00,45.6
11/25/06 11:00,50.3
11/25/06 12:00,49.8
11/25/06 13:00,45.6
11/25/06 14:00,36.5
11/25/06 15:00,23.3
11/25/06 16:00,1.0
11/25/06 17:00,0.0
11/25/06 18:00,0.0
11/25/06 19:00,0.0
11/25/06 20:00,0.0
11/25/06 21:00,0.0
11/25/06 22:00,0.0
11/25/06 23:00,0.0
11/26/06 00:00,0.0
11/26/06 01:00,0.0
11/26/06 02:00,0.0
11/26/06 03:00,0.0
11/26/06 04:00,0.0
11/26/06 05:00,0.0
11/26/06 06:00,0.0
11/26/06 07:00,0.0
11/26/06 08:00,0.0
11/26/06 09:00,0.4
11/26/06 10:00,27.9
11/26/06 11:00,44.6
11/26/06 12:00,48.8
11/26/06 13:00,45.8
11/26/06 14:00,37.3
11/26/06 15:00,22.9
11/26/06 16:00,0.9
11/26/06 17:00,0.0
11/26/06 18:00,0.0
11/26/06 19:00,0.0
11/26/06 20:00,0.0
11/26/06 21:00,0.0
11/26/06 22:00,0.0
11/26/06 23:00,0.0
11/27/06 00:00,0.0
11/27/06 01:00,0.0
11/27/06 02:00,0.0
11/27/06 03:00,0.0
11/27/06 04:00,0.0
11/27/06 05:00,0.0
11/27/06 06:00,0.0
11/27/06 07:00,1.7
11/27/06 08:00,15.5
11/27/06 09:00,33.7
11/27/06 10:00,44.1
11/27/06 11:00,49.6
11/27/06 12:00,49.8
11/27/06 13:00,45.7
11/27/06 14:00,37.8
11/27/06 15:00,22.4
11/27/06 16:00,0.4
11/27/06 17:00,0.0
11/27/06 18:00,0.0
11/27/06 19:00,0.0
11/27/06 20:00,0.0
11/27/06 21:00,0.0
11/27/06 22:00,0.0
11/27/06 23:00,0.0
11/28/06 00:00,0.0
11/28/06 01:00,0.0
11/28/06 02:00,0.0
11/28/06 03:00,0.0
11/28/06 04:00,0.0
11/28/06 05:00,0.0
11/28/06 06:00,0.0
11/28/06 07:00,2.4
11/28/06 08:00,19.9
11/28/06 09:00,29.8
11/28/06 10:00,33.5
11/28/06 11:00,43.2
11/28/06 12:00,45.5
11/28/06 13:00,26.0
11/28/06 14:00,0.1
11/28/06 15:00,0.1
11/28/06 16:00,0.0
11/28/06 17:00,0.0
11/28/06 18:00,0.0
11/28/06 19:00,0.0
11/28/06 20:00,0.0
11/28/06 21:00,0.0
11/28/06 22:00,0.0
11/28/06 23:00,0.0
11/29/06 00:00,0.0
11/29/06 01:00,0.0
11/29/06 02:00,0.0
11/29/06 03:00,0.0
11/29/06 04:00,0.0
11/29/06 05:00,0.0
11/29/06 06:00,0.0
11/29/06 07:00,2.4
11/29/06 08:00,22.4
11/29/06 09:00,37.8
11/29/06 10:00,48.0
11/29/06 11:00,52.2
11/29/06 12:00,53.3
11/29/06 13:00,49.4
11/29/06 14:00,40.2
11/29/06 15:00,23.6
11/29/06 16:00,0.5
11/29/06 17:00,0.0
11/29/06 18:00,0.0
11/29/06 19:00,0.0
11/29/06 20:00,0.0
11/29/06 21:00,0.0
11/29/06 22:00,0.0
11/29/06 23:00,0.0
11/30/06 00:00,0.0
11/30/06 01:00,0.0
11/30/06 02:00,0.0
11/30/06 03:00,0.0
11/30/06 04:00,0.0
11/30/06 05:00,0.0
11/30/06 06:00,0.0
11/30/06 07:00,2.2
11/30/06 08:00,21.7
11/30/06 09:00,35.1
11/30/06 10:00,43.9
11/30/06 11:00,50.1
11/30/06 12:00,50.6
11/30/06 13:00,45.9
11/30/06 14:00,38.0
11/30/06 15:00,24.5
11/30/06 16:00,1.0
11/30/06 17:00,0.0
11/30/06 18:00,0.0
11/30/06 19:00,0.0
11/30/06 20:00,0.0
11/30/06 21:00,0.0
11/30/06 22:00,0.0
11/30/06 23:00,0.0
12/01/06 00:00,0.0
12/01/06 01:00,0.0
12/01/06 02:00,0.0
12/01/06 03:00,0.0
12/01/06 04:00,0.0
12/01/06 05:00,0.0
12/01/06 06:00,0.0
12/01/06 07:00,3.5
12/01/06 08:00,22.4
12/01/06 09:00,37.0
12/01/06 10:00,46.1
12/01/06 11:00,48.2
12/01/06 12:00,48.2
12/01/06 13:00,46.1
12/01/06 14:00,39.0
12/01/06 15:00,24.6
12/01/06 16:00,3.8
12/01/06 17:00,0.0
12/01/06 18:00,0.0
12/01/06 19:00,0.0
12/01/06 20:00,0.0
12/01/06 21:00,0.0
12/01/06 22:00,0.0
12/01/06 23:00,0.0
12/02/06 00:00,0.0
12/02/06 01:00,0.0
12/02/06 02:00,0.0
12/02/06 03:00,0.0
12/02/06 04:00,0.0
12/02/06 05:00,0.0
12/02/06 06:00,0.0
12/02/06 07:00,3.2
12/02/06 08:00,21.9
12/02/06 09:00,36.3
12/02/06 10:00,44.2
12/02/06 11:00,50.5
12/02/06 12:00,51.1
12/02/06 13:00,47.2
12/02/06 14:00,39.4
12/02/06 15:00,25.3
12/02/06 16:00,3.6
12/02/06 17:00,0.0
12/02/06 18:00,0.0
12/02/06 19:00,0.0
12/02/06 20:00,0.0
12/02/06 21:00,0.0
12/02/06 22:00,0.0
12/02/06 23:00,0.0
12/03/06 00:00,0.0
12/03/06 01:00,0.0
12/03/06 02:00,0.0
12/03/06 03:00,0.0
12/03/06 04:00,0.0
12/03/06 05:00,0.0
12/03/06 06:00,0.0
12/03/06 07:00,2.8
12/03/06 08:00,22.2
12/03/06 09:00,36.4
12/03/06 10:00,45.8
12/03/06 11:00,50.3
12/03/06 12:00,49.9
12/03/06 13:00,47.4
12/03/06 14:00,39.2
12/03/06 15:00,25.1
12/03/06 16:00,3.6
12/03/06 17:00,0.0
12/03/06 18:00,0.0
12/03/06 19:00,0.0
12/03/06 20:00,0.0
12/03/06 21:00,0.0
12/03/06 22:00,0.0
12/03/06 23:00,0.0
12/04/06 00:00,0.0
12/04/06 01:00,0.0
12/04/06 02:00,0.0
12/04/06 03:00,0.0
12/04/06 04:00,0.0
12/04/06 05:00,0.0
12/04/06 06:00,0.0
12/04/06 07:00,2.5
12/04/06 08:00,21.7
12/04/06 09:00,35.8
12/04/06 10:00,45.2
12/04/06 11:00,50.1
12/04/06 12:00,50.9
12/04/06 13:00,46.8
12/04/06 14:00,38.7
12/04/06 15:00,24.7
12/04/06 16:00,3.5
12/04/06 17:00,0.0
12/04/06 18:00,0.0
12/04/06 19:00,0.0
12/04/06 20:00,0.0
12/04/06 21:00,0.0
12/04/06 22:00,0.0
12/04/06 23:00,0.0
12/05/06 00:00,0.0
12/05/06 01:00,0.0
12/05/06 02:00,0.0
12/05/06 03:00,0.0
12/05/06 04:00,0.0
12/05/06 05:00,0.0
12/05/06 06:00,0.0
12/05/06 07:00,2.0
12/05/06 08:00,20.2
12/05/06 09:00,33.0
12/05/06 10:00,43.3
12/05/06 11:00,47.7
12/05/06 12:00,46.1
12/05/06 13:00,43.6
12/05/06 14:00,36.0
12/05/06 15:00,23.8
12/05/06 16:00,3.1
12/05/06 17:00,0.0
12/05/06 18:00,0.0
12/05/06 19:00,0.0
12/05/06 20:00,0.0
12/05/06 21:00,0.0
12/05/06 22:00,0.0
12/05/06 23:00,0.0
12/06/06 00:00,0.0
12/06/06 01:00,0.0
12/06/06 02:00,0.0
12/06/06 03:00,0.0
12/06/06 04:00,0.0
12/06/06 05:00,0.0
12/06/06 06:00,0.0
12/06/06 07:00,2.1
12/06/06 08:00,21.0
12/06/06 09:00,34.2
12/06/06 10:00,44.3
12/06/06 11:00,48.8
12/06/06 12:00,48.5
12/06/06 13:00,45.8
12/06/06 14:00,38.3
12/06/06 15:00,24.6
12/06/06 16:00,3.5
12/06/06 17:00,0.0
12/06/06 18:00,0.0
12/06/06 19:00,0.0
12/06/06 20:00,0.0
12/06/06 21:00,0.0
12/06/06 22:00,0.0
12/06/06 23:00,0.0
12/07/06 00:00,0.0
12/07/06 01:00,0.0
12/07/06 02:00,0.0
12/07/06 03:00,0.0
12/07/06 04:00,0.0
12/07/06 05:00,0.0
12/07/06 06:00,0.0
12/07/06 07:00,1.8
12/07/06 08:00,20.0
12/07/06 09:00,34.0
12/07/06 10:00,44.1
12/07/06 11:00,48.6
12/07/06 12:00,48.7
12/07/06 13:00,45.4
12/07/06 14:00,38.0
12/07/06 15:00,24.5
12/07/06 16:00,3.5
12/07/06 17:00,0.0
12/07/06 18:00,0.0
12/07/06 19:00,0.0
12/07/06 20:00,0.0
12/07/06 21:00,0.0
12/07/06 22:00,0.0
12/07/06 23:00,0.0
12/08/06 00:00,0.0
12/08/06 01:00,0.0
12/08/06 02:00,0.0
12/08/06 03:00,0.0
12/08/06 04:00,0.0
12/08/06 05:00,0.0
12/08/06 06:00,0.0
12/08/06 07:00,1.7
12/08/06 08:00,20.8
12/08/06 09:00,35.2
12/08/06 10:00,44.4
12/08/06 11:00,49.6
12/08/06 12:00,50.2
12/08/06 13:00,46.5
12/08/06 14:00,39.0
12/08/06 15:00,24.6
12/08/06 16:00,3.6
12/08/06 17:00,0.0
12/08/06 18:00,0.0
12/08/06 19:00,0.0
12/08/06 20:00,0.0
12/08/06 21:00,0.0
12/08/06 22:00,0.0
12/08/06 23:00,0.0
12/09/06 00:00,0.0
12/09/06 01:00,0.0
12/09/06 02:00,0.0
12/09/06 03:00,0.0
12/09/06 04:00,0.0
12/09/06 05:00,0.0
12/09/06 06:00,0.0
12/09/06 07:00,1.5
12/09/06 08:00,20.3
12/09/06 09:00,34.4
12/09/06 10:00,44.9
12/09/06 11:00,49.4
12/09/06 12:00,49.4
12/09/06 13:00,46.6
12/09/06 14:00,38.8
12/09/06 15:00,25.2
12/09/06 16:00,3.9
12/09/06 17:00,0.0
12/09/06 18:00,0.0
12/09/06 19:00,0.0
12/09/06 20:00,0.0
12/09/06 21:00,0.0
12/09/06 22:00,0.0
12/09/06 23:00,0.0
12/10/06 00:00,0.0
12/10/06 01:00,0.0
12/10/06 02:00,0.0
12/10/06 03:00,0.0
12/10/06 04:00,0.0
12/10/06 05:00,0.0
12/10/06 06:00,0.0
12/10/06 07:00,1.4
12/10/06 08:00,20.5
12/10/06 09:00,33.7
12/10/06 10:00,44.5
12/10/06 11:00,47.6
12/10/06 12:00,50.1
12/10/06 13:00,47.2
12/10/06 14:00,31.2
12/10/06 15:00,24.0
12/10/06 16:00,2.9
12/10/06 17:00,0.0
12/10/06 18:00,0.0
12/10/06 19:00,0.0
12/10/06 20:00,0.0
12/10/06 21:00,0.0
12/10/06 22:00,0.0
12/10/06 23:00,0.0
12/11/06 00:00,0.0
12/11/06 01:00,0.0
12/11/06 02:00,0.0
12/11/06 03:00,0.0
12/11/06 04:00,0.0
12/11/06 05:00,0.0
12/11/06 06:00,0.0
12/11/06 07:00,1.4
12/11/06 08:00,20.7
12/11/06 09:00,35.4
12/11/06 10:00,43.8
12/11/06 11:00,49.8
12/11/06 12:00,50.8
12/11/06 13:00,48.0
12/11/06 14:00,40.5
12/11/06 15:00,26.2
12/11/06 16:00,4.6
12/11/06 17:00,0.0
12/11/06 18:00,0.0
12/11/06 19:00,0.0
12/11/06 20:00,0.0
12/11/06 21:00,0.0
12/11/06 22:00,0.0
12/11/06 23:00,0.0
12/12/06 00:00,0.0
12/12/06 01:00,0.0
12/12/06 02:00,0.0
12/12/06 03:00,0.0
12/12/06 04:00,0.0
12/12/06 05:00,0.0
12/12/06 06:00,0.0
12/12/06 07:00,1.3
12/12/06 08:00,20.8
12/12/06 09:00,35.1
12/12/06 10:00,44.2
12/12/06 11:00,47.9
12/12/06 12:00,50.2
12/12/06 13:00,45.5
12/12/06 14:00,39.5
12/12/06 15:00,25.8
12/12/06 16:00,4.9
12/12/06 17:00,0.0
12/12/06 18:00,0.0
12/12/06 19:00,0.0
12/12/06 20:00,0.0
12/12/06 21:00,0.0
12/12/06 22:00,0.0
12/12/06 23:00,0.0
12/13/06 00:00,0.0
12/13/06 01:00,0.0
12/13/06 02:00,0.0
12/13/06 03:00,0.0
12/13/06 04:00,0.0
12/13/06 05:00,0.0
12/13/06 06:00,0.0
12/13/06 07:00,1.2
12/13/06 08:00,20.2
12/13/06 09:00,35.1
12/13/06 10:00,44.4
12/13/06 11:00,49.7
12/13/06 12:00,50.6
12/13/06 13:00,47.2
12/13/06 14:00,39.6
12/13/06 15:00,25.8
12/13/06 16:00,5.3
12/13/06 17:00,0.0
12/13/06 18:00,0.0
12/13/06 19:00,0.0
12/13/06 20:00,0.0
12/13/06 21:00,0.0
12/13/06 22:00,0.0
12/13/06 23:00,0.0
12/14/06 00:00,0.0
12/14/06 01:00,0.0
12/14/06 02:00,0.0
12/14/06 03:00,0.0
12/14/06 04:00,0.0
12/14/06 05:00,0.0
12/14/06 06:00,0.0
12/14/06 07:00,0.0
12/14/06 08:00,19.9
12/14/06 09:00,33.8
12/14/06 10:00,44.8
12/14/06 11:00,49.7
12/14/06 12:00,49.7
12/14/06 13:00,47.1
12/14/06 14:00,39.0
12/14/06 15:00,25.2
12/14/06 16:00,6.5
12/14/06 17:00,0.0
12/14/06 18:00,0.0
12/14/06 19:00,0.0
12/14/06 20:00,0.0
12/14/06 21:00,0.0
12/14/06 22:00,0.0
12/14/06 23:00,0.0
12/15/06 00:00,0.0
12/15/06 01:00,0.0
12/15/06 02:00,0.0
12/15/06 03:00,0.0
12/15/06 04:00,0.0
12/15/06 05:00,0.0
12/15/06 06:00,0.0
12/15/06 07:00,0.0
12/15/06 08:00,19.9
12/15/06 09:00,33.7
12/15/06 10:00,44.6
12/15/06 11:00,50.1
12/15/06 12:00,50.3
12/15/06 13:00,46.2
12/15/06 14:00,39.1
12/15/06 15:00,25.3
12/15/06 16:00,6.9
12/15/06 17:00,0.0
12/15/06 18:00,0.0
12/15/06 19:00,0.0
12/15/06 20:00,0.0
12/15/06 21:00,0.0
12/15/06 22:00,0.0
12/15/06 23:00,0.0
12/16/06 00:00,0.0
12/16/06 01:00,0.0
12/16/06 02:00,0.0
12/16/06 03:00,0.0
12/16/06 04:00,0.0
12/16/06 05:00,0.0
12/16/06 06:00,0.0
12/16/06 07:00,0.0
12/16/06 08:00,19.5
12/16/06 09:00,34.1
12/16/06 10:00,44.4
12/16/06 11:00,49.3
12/16/06 12:00,49.7
12/16/06 13:00,45.9
12/16/06 14:00,37.1
12/16/06 15:00,24.2
12/16/06 16:00,6.9
12/16/06 17:00,0.0
12/16/06 18:00,0.0
12/16/06 19:00,0.0
12/16/06 20:00,0.0
12/16/06 21:00,0.0
12/16/06 22:00,0.0
12/16/06 23:00,0.0
12/17/06 00:00,0.0
12/17/06 01:00,0.0
12/17/06 02:00,0.0
12/17/06 03:00,0.0
12/17/06 04:00,0.0
12/17/06 05:00,0.0
12/17/06 06:00,0.0
12/17/06 07:00,0.0
12/17/06 08:00,19.2
12/17/06 09:00,34.3
12/17/06 10:00,44.3
12/17/06 11:00,49.6
12/17/06 12:00,50.4
12/17/06 13:00,46.9
12/17/06 14:00,38.9
12/17/06 15:00,23.5
12/17/06 16:00,7.4
12/17/06 17:00,0.0
12/17/06 18:00,0.0
12/17/06 19:00,0.0
12/17/06 20:00,0.0
12/17/06 21:00,0.0
12/17/06 22:00,0.0
12/17/06 23:00,0.0
12/18/06 00:00,0.0
12/18/06 01:00,0.0
12/18/06 02:00,0.0
12/18/06 03:00,0.0
12/18/06 04:00,0.0
12/18/06 05:00,0.0
12/18/06 06:00,0.0
12/18/06 07:00,0.0
12/18/06 08:00,19.4
12/18/06 09:00,34.3
12/18/06 10:00,42.7
12/18/06 11:00,49.3
12/18/06 12:00,50.9
12/18/06 13:00,47.9
12/18/06 14:00,40.4
12/18/06 15:00,25.5
12/18/06 16:00,5.0
12/18/06 17:00,0.0
12/18/06 18:00,0.0
12/18/06 19:00,0.0
12/18/06 20:00,0.0
12/18/06 21:00,0.0
12/18/06 22:00,0.0
12/18/06 23:00,0.0
12/19/06 00:00,0.0
12/19/06 01:00,0.0
12/19/06 02:00,0.0
12/19/06 03:00,0.0
12/19/06 04:00,0.0
12/19/06 05:00,0.0
12/19/06 06:00,0.0
12/19/06 07:00,0.0
12/19/06 08:00,15.0
12/19/06 09:00,23.5
12/19/06 10:00,41.5
12/19/06 11:00,50.3
12/19/06 12:00,52.5
12/19/06 13:00,49.8
12/19/06 14:00,41.2
12/19/06 15:00,26.7
12/19/06 16:00,7.9
12/19/06 17:00,0.0
12/19/06 18:00,0.0
12/19/06 19:00,0.0
12/19/06 20:00,0.0
12/19/06 21:00,0.0
12/19/06 22:00,0.0
12/19/06 23:00,0.0
12/20/06 00:00,0.0
12/20/06 01:00,0.0
12/20/06 02:00,0.0
12/20/06 03:00,0.0
12/20/06 04:00,0.0
12/20/06 05:00,0.0
12/20/06 06:00,0.0
12/20/06 07:00,0.0
12/20/06 08:00,19.5
12/20/06 09:00,34.8
12/20/06 10:00,45.3
12/20/06 11:00,49.8
12/20/06 12:00,51.4
12/20/06 13:00,48.4
12/20/06 14:00,41.0
12/20/06 15:00,27.2
12/20/06 16:00,8.4
12/20/06 17:00,0.0
12/20/06 18:00,0.0
12/20/06 19:00,0.0
12/20/06 20:00,0.0
12/20/06 21:00,0.0
12/20/06 22:00,0.0
12/20/06 23:00,0.0
12/21/06 00:00,0.0
12/21/06 01:00,0.0
12/21/06 02:00,0.0
12/21/06 03:00,0.0
12/21/06 04:00,0.0
12/21/06 05:00,0.0
12/21/06 06:00,0.0
12/21/06 07:00,0.0
12/21/06 08:00,18.9
12/21/06 09:00,34.1
12/21/06 10:00,43.3
12/21/06 11:00,49.9
12/21/06 12:00,51.2
12/21/06 13:00,47.5
12/21/06 14:00,40.7
12/21/06 15:00,27.1
12/21/06 16:00,8.6
12/21/06 17:00,0.0
12/21/06 18:00,0.0
12/21/06 19:00,0.0
12/21/06 20:00,0.0
12/21/06 21:00,0.0
12/21/06 22:00,0.0
12/21/06 23:00,0.0
12/22/06 00:00,0.0
12/22/06 01:00,0.0
12/22/06 02:00,0.0
12/22/06 03:00,0.0
12/22/06 04:00,0.0
12/22/06 05:00,0.0
12/22/06 06:00,0.0
12/22/06 07:00,0.0
12/22/06 08:00,15.5
12/22/06 09:00,25.8
12/22/06 10:00,31.3
12/22/06 11:00,23.4
12/22/06 12:00,0.6
12/22/06 13:00,25.7
12/22/06 14:00,38.2
12/22/06 15:00,26.3
12/22/06 16:00,8.3
12/22/06 17:00,0.0
12/22/06 18:00,0.0
12/22/06 19:00,0.0
12/22/06 20:00,0.0
12/22/06 21:00,0.0
12/22/06 22:00,0.0
12/22/06 23:00,0.0
12/23/06 00:00,0.0
12/23/06 01:00,0.0
12/23/06 02:00,0.0
12/23/06 03:00,0.0
12/23/06 04:00,0.0
12/23/06 05:00,0.0
12/23/06 06:00,0.0
12/23/06 07:00,0.0
12/23/06 08:00,19.1
12/23/06 09:00,34.1
12/23/06 10:00,44.5
12/23/06 11:00,49.9
12/23/06 12:00,51.6
12/23/06 13:00,47.9
12/23/06 14:00,39.0
12/23/06 15:00,26.6
12/23/06 16:00,8.7
12/23/06 17:00,0.0
12/23/06 18:00,0.0
12/23/06 19:00,0.0
12/23/06 20:00,0.0
12/23/06 21:00,0.0
12/23/06 22:00,0.0
12/23/06 23:00,0.0
12/24/06 00:00,0.0
12/24/06 01:00,0.0
12/24/06 02:00,0.0
12/24/06 03:00,0.0
12/24/06 04:00,0.0
12/24/06 05:00,0.0
12/24/06 06:00,0.0
12/24/06 07:00,0.0
12/24/06 08:00,18.3
12/24/06 09:00,32.7
12/24/06 10:00,43.5
12/24/06 11:00,49.8
12/24/06 12:00,50.7
12/24/06 13:00,47.8
12/24/06 14:00,40.0
12/24/06 15:00,26.1
12/24/06 16:00,8.7
12/24/06 17:00,0.0
12/24/06 18:00,0.0
12/24/06 19:00,0.0
12/24/06 20:00,0.0
12/24/06 21:00,0.0
12/24/06 22:00,0.0
12/24/06 23:00,0.0
12/25/06 00:00,0.0
12/25/06 01:00,0.0
12/25/06 02:00,0.0
12/25/06 03:00,0.0
12/25/06 04:00,0.0
12/25/06 05:00,0.0
12/25/06 06:00,0.0
12/25/06 07:00,0.0
12/25/06 08:00,18.3
12/25/06 09:00,33.2
12/25/06 10:00,42.6
12/25/06 11:00,47.3
12/25/06 12:00,48.6
12/25/06 13:00,46.7
12/25/06 14:00,39.5
12/25/06 15:00,26.0
12/25/06 16:00,8.7
12/25/06 17:00,0.0
12/25/06 18:00,0.0
12/25/06 19:00,0.0
12/25/06 20:00,0.0
12/25/06 21:00,0.0
12/25/06 22:00,0.0
12/25/06 23:00,0.0
12/26/06 00:00,0.0
12/26/06 01:00,0.0
12/26/06 02:00,0.0
12/26/06 03:00,0.0
12/26/06 04:00,0.0
12/26/06 05:00,0.0
12/26/06 06:00,0.0
12/26/06 07:00,0.0
12/26/06 08:00,17.8
12/26/06 09:00,31.7
12/26/06 10:00,40.9
12/26/06 11:00,45.3
12/26/06 12:00,46.3
12/26/06 13:00,46.2
12/26/06 14:00,41.5
12/26/06 15:00,26.4
12/26/06 16:00,7.9
12/26/06 17:00,0.0
12/26/06 18:00,0.0
12/26/06 19:00,0.0
12/26/06 20:00,0.0
12/26/06 21:00,0.0
12/26/06 22:00,0.0
12/26/06 23:00,0.0
12/27/06 00:00,0.0
12/27/06 01:00,0.0
12/27/06 02:00,0.0
12/27/06 03:00,0.0
12/27/06 04:00,0.0
12/27/06 05:00,0.0
12/27/06 06:00,0.0
12/27/06 07:00,0.0
12/27/06 08:00,17.1
12/27/06 09:00,29.1
12/27/06 10:00,32.7
12/27/06 11:00,33.2
12/27/06 12:00,0.7
12/27/06 13:00,0.4
12/27/06 14:00,1.0
12/27/06 15:00,23.6
12/27/06 16:00,0.0
12/27/06 17:00,0.0
12/27/06 18:00,0.0
12/27/06 19:00,0.0
12/27/06 20:00,0.0
12/27/06 21:00,0.0
12/27/06 22:00,0.0
12/27/06 23:00,0.0
12/28/06 00:00,0.0
12/28/06 01:00,0.0
12/28/06 02:00,0.0
12/28/06 03:00,0.0
12/28/06 04:00,0.0
12/28/06 05:00,0.0
12/28/06 06:00,0.0
12/28/06 07:00,0.0
12/28/06 08:00,17.0
12/28/06 09:00,31.0
12/28/06 10:00,40.2
12/28/06 11:00,46.9
12/28/06 12:00,46.4
12/28/06 13:00,46.8
12/28/06 14:00,40.2
12/28/06 15:00,23.2
12/28/06 16:00,6.1
12/28/06 17:00,0.0
12/28/06 18:00,0.0
12/28/06 19:00,0.0
12/28/06 20:00,0.0
12/28/06 21:00,0.0
12/28/06 22:00,0.0
12/28/06 23:00,0.0
12/29/06 00:00,0.0
12/29/06 01:00,0.0
12/29/06 02:00,0.0
12/29/06 03:00,0.0
12/29/06 04:00,0.0
12/29/06 05:00,0.0
12/29/06 06:00,0.0
12/29/06 07:00,0.0
12/29/06 08:00,17.1
12/29/06 09:00,33.5
12/29/06 10:00,44.2
12/29/06 11:00,47.7
12/29/06 12:00,48.9
12/29/06 13:00,47.4
12/29/06 14:00,40.0
12/29/06 15:00,27.8
12/29/06 16:00,8.4
12/29/06 17:00,0.0
12/29/06 18:00,0.0
12/29/06 19:00,0.0
12/29/06 20:00,0.0
12/29/06 21:00,0.0
12/29/06 22:00,0.0
12/29/06 23:00,0.0
12/30/06 00:00,0.0
12/30/06 01:00,0.0
12/30/06 02:00,0.0
12/30/06 03:00,0.0
12/30/06 04:00,0.0
12/30/06 05:00,0.0
12/30/06 06:00,0.0
12/30/06 07:00,0.0
12/30/06 08:00,18.4
12/30/06 09:00,34.0
12/30/06 10:00,43.7
12/30/06 11:00,47.8
12/30/06 12:00,50.1
12/30/06 13:00,46.4
12/30/06 14:00,40.1
12/30/06 15:00,28.6
12/30/06 16:00,9.7
12/30/06 17:00,0.0
12/30/06 18:00,0.0
12/30/06 19:00,0.0
12/30/06 20:00,0.0
12/30/06 21:00,0.0
12/30/06 22:00,0.0
12/30/06 23:00,0.0
12/31/06 00:00,0.0
12/31/06 01:00,0.0
12/31/06 02:00,0.0
12/31/06 03:00,0.0
12/31/06 04:00,0.0
12/31/06 05:00,0.0
12/31/06 06:00,0.0
12/31/06 07:00,0.0
12/31/06 08:00,18.1
12/31/06 09:00,33.4
12/31/06 10:00,44.3
12/31/06 11:00,49.7
12/31/06 12:00,49.2
12/31/06 13:00,48.0
12/31/06 14:00,39.7
12/31/06 15:00,27.5
12/31/06 16:00,3.8
12/31/06 17:00,0.0
12/31/06 18:00,0.0
12/31/06 19:00,0.0
12/31/06 20:00,0.0
12/31/06 21:00,0.0
12/31/06 22:00,0.0
12/31/06 23:00,0.0
