LocalTime,Power(MW)
01/01/06 00:00,0.000
01/01/06 00:05,0.000
01/01/06 00:10,0.000
01/01/06 00:15,0.000
01/01/06 00:20,0.000
01/01/06 00:25,0.000
01/01/06 00:30,0.000
01/01/06 00:35,0.000
01/01/06 00:40,0.000
01/01/06 00:45,0.000
01/01/06 00:50,0.000
01/01/06 00:55,0.000
01/01/06 01:00,0.000
01/01/06 01:05,0.000
01/01/06 01:10,0.000
01/01/06 01:15,0.000
01/01/06 01:20,0.000
01/01/06 01:25,0.000
01/01/06 01:30,0.000
01/01/06 01:35,0.000
01/01/06 01:40,0.000
01/01/06 01:45,0.000
01/01/06 01:50,0.000
01/01/06 01:55,0.000
01/01/06 02:00,0.000
01/01/06 02:05,0.000
01/01/06 02:10,0.000
01/01/06 02:15,0.000
01/01/06 02:20,0.000
01/01/06 02:25,0.000
01/01/06 02:30,0.000
01/01/06 02:35,0.000
01/01/06 02:40,0.000
01/01/06 02:45,0.000
01/01/06 02:50,0.000
01/01/06 02:55,0.000
01/01/06 03:00,0.000
01/01/06 03:05,0.000
01/01/06 03:10,0.000
01/01/06 03:15,0.000
01/01/06 03:20,0.000
01/01/06 03:25,0.000
01/01/06 03:30,0.000
01/01/06 03:35,0.000
01/01/06 03:40,0.000
01/01/06 03:45,0.000
01/01/06 03:50,0.000
01/01/06 03:55,0.000
01/01/06 04:00,0.000
01/01/06 04:05,0.000
01/01/06 04:10,0.000
01/01/06 04:15,0.000
01/01/06 04:20,0.000
01/01/06 04:25,0.000
01/01/06 04:30,0.000
01/01/06 04:35,0.000
01/01/06 04:40,0.000
01/01/06 04:45,0.000
01/01/06 04:50,0.000
01/01/06 04:55,0.000
01/01/06 05:00,0.000
01/01/06 05:05,0.000
01/01/06 05:10,0.000
01/01/06 05:15,0.000
01/01/06 05:20,0.000
01/01/06 05:25,0.000
01/01/06 05:30,0.000
01/01/06 05:35,0.000
01/01/06 05:40,0.000
01/01/06 05:45,0.000
01/01/06 05:50,0.000
01/01/06 05:55,0.000
01/01/06 06:00,0.000
01/01/06 06:05,0.000
01/01/06 06:10,0.000
01/01/06 06:15,0.000
01/01/06 06:20,0.000
01/01/06 06:25,0.000
01/01/06 06:30,0.000
01/01/06 06:35,0.000
01/01/06 06:40,0.000
01/01/06 06:45,0.000
01/01/06 06:50,0.000
01/01/06 06:55,0.000
01/01/06 07:00,0.000
01/01/06 07:05,0.000
01/01/06 07:10,0.000
01/01/06 07:15,0.000
01/01/06 07:20,0.000
01/01/06 07:25,0.000
01/01/06 07:30,0.000
01/01/06 07:35,0.000
01/01/06 07:40,0.000
01/01/06 07:45,0.000
01/01/06 07:50,0.000
01/01/06 07:55,0.000
01/01/06 08:00,0.000
01/01/06 08:05,0.000
01/01/06 08:10,0.000
01/01/06 08:15,0.008
01/01/06 08:20,0.027
01/01/06 08:25,0.074
01/01/06 08:30,0.092
01/01/06 08:35,0.107
01/01/06 08:40,0.123
01/01/06 08:45,0.138
01/01/06 08:50,0.153
01/01/06 08:55,0.168
01/01/06 09:00,0.180
01/01/06 09:05,0.190
01/01/06 09:10,0.199
01/01/06 09:15,0.208
01/01/06 09:20,0.217
01/01/06 09:25,0.227
01/01/06 09:30,0.236
01/01/06 09:35,0.245
01/01/06 09:40,0.253
01/01/06 09:45,0.261
01/01/06 09:50,0.267
01/01/06 09:55,0.273
01/01/06 10:00,0.283
01/01/06 10:05,0.246
01/01/06 10:10,0.216
01/01/06 10:15,0.233
01/01/06 10:20,0.246
01/01/06 10:25,0.268
01/01/06 10:30,0.272
01/01/06 10:35,0.289
01/01/06 10:40,0.305
01/01/06 10:45,0.307
01/01/06 10:50,0.299
01/01/06 10:55,0.272
01/01/06 11:00,0.249
01/01/06 11:05,0.233
01/01/06 11:10,0.224
01/01/06 11:15,0.219
01/01/06 11:20,0.217
01/01/06 11:25,0.214
01/01/06 11:30,0.211
01/01/06 11:35,0.207
01/01/06 11:40,0.204
01/01/06 11:45,0.200
01/01/06 11:50,0.197
01/01/06 11:55,0.195
01/01/06 12:00,0.189
01/01/06 12:05,0.174
01/01/06 12:10,0.168
01/01/06 12:15,0.160
01/01/06 12:20,0.150
01/01/06 12:25,0.143
01/01/06 12:30,0.131
01/01/06 12:35,0.121
01/01/06 12:40,0.121
01/01/06 12:45,0.125
01/01/06 12:50,0.129
01/01/06 12:55,0.133
01/01/06 13:00,0.133
01/01/06 13:05,0.143
01/01/06 13:10,0.152
01/01/06 13:15,0.180
01/01/06 13:20,0.154
01/01/06 13:25,0.109
01/01/06 13:30,0.145
01/01/06 13:35,0.167
01/01/06 13:40,0.172
01/01/06 13:45,0.178
01/01/06 13:50,0.199
01/01/06 13:55,0.227
01/01/06 14:00,0.215
01/01/06 14:05,0.160
01/01/06 14:10,0.166
01/01/06 14:15,0.179
01/01/06 14:20,0.154
01/01/06 14:25,0.122
01/01/06 14:30,0.129
01/01/06 14:35,0.135
01/01/06 14:40,0.136
01/01/06 14:45,0.097
01/01/06 14:50,0.084
01/01/06 14:55,0.044
01/01/06 15:00,0.003
01/01/06 15:05,0.001
01/01/06 15:10,0.000
01/01/06 15:15,0.000
01/01/06 15:20,0.000
01/01/06 15:25,0.000
01/01/06 15:30,0.000
01/01/06 15:35,0.000
01/01/06 15:40,0.000
01/01/06 15:45,0.000
01/01/06 15:50,0.000
01/01/06 15:55,0.000
01/01/06 16:00,0.000
01/01/06 16:05,0.000
01/01/06 16:10,0.000
01/01/06 16:15,0.000
01/01/06 16:20,0.000
01/01/06 16:25,0.000
01/01/06 16:30,0.000
01/01/06 16:35,0.000
01/01/06 16:40,0.000
01/01/06 16:45,0.000
01/01/06 16:50,0.000
01/01/06 16:55,0.000
01/01/06 17:00,0.000
01/01/06 17:05,0.000
01/01/06 17:10,0.000
01/01/06 17:15,0.000
01/01/06 17:20,0.000
01/01/06 17:25,0.000
01/01/06 17:30,0.000
01/01/06 17:35,0.000
01/01/06 17:40,0.000
01/01/06 17:45,0.000
01/01/06 17:50,0.000
01/01/06 17:55,0.000
01/01/06 18:00,0.000
01/01/06 18:05,0.000
01/01/06 18:10,0.000
01/01/06 18:15,0.000
01/01/06 18:20,0.000
01/01/06 18:25,0.000
01/01/06 18:30,0.000
01/01/06 18:35,0.000
01/01/06 18:40,0.000
01/01/06 18:45,0.000
01/01/06 18:50,0.000
01/01/06 18:55,0.000
01/01/06 19:00,0.000
01/01/06 19:05,0.000
01/01/06 19:10,0.000
01/01/06 19:15,0.000
01/01/06 19:20,0.000
01/01/06 19:25,0.000
01/01/06 19:30,0.000
01/01/06 19:35,0.000
01/01/06 19:40,0.000
01/01/06 19:45,0.000
01/01/06 19:50,0.000
01/01/06 19:55,0.000
01/01/06 20:00,0.000
01/01/06 20:05,0.000
01/01/06 20:10,0.000
01/01/06 20:15,0.000
01/01/06 20:20,0.000
01/01/06 20:25,0.000
01/01/06 20:30,0.000
01/01/06 20:35,0.000
01/01/06 20:40,0.000
01/01/06 20:45,0.000
01/01/06 20:50,0.000
01/01/06 20:55,0.000
01/01/06 21:00,0.000
01/01/06 21:05,0.000
01/01/06 21:10,0.000
01/01/06 21:15,0.000
01/01/06 21:20,0.000
01/01/06 21:25,0.000
01/01/06 21:30,0.000
01/01/06 21:35,0.000
01/01/06 21:40,0.000
01/01/06 21:45,0.000
01/01/06 21:50,0.000
01/01/06 21:55,0.000
01/01/06 22:00,0.000
01/01/06 22:05,0.000
01/01/06 22:10,0.000
01/01/06 22:15,0.000
01/01/06 22:20,0.000
01/01/06 22:25,0.000
01/01/06 22:30,0.000
01/01/06 22:35,0.000
01/01/06 22:40,0.000
01/01/06 22:45,0.000
01/01/06 22:50,0.000
01/01/06 22:55,0.000
01/01/06 23:00,0.000
01/01/06 23:05,0.000
01/01/06 23:10,0.000
01/01/06 23:15,0.000
01/01/06 23:20,0.000
01/01/06 23:25,0.000
01/01/06 23:30,0.000
01/01/06 23:35,0.000
01/01/06 23:40,0.000
01/01/06 23:45,0.000
01/01/06 23:50,0.000
01/01/06 23:55,0.000
01/02/06 00:00,0.000
01/02/06 00:05,0.000
01/02/06 00:10,0.000
01/02/06 00:15,0.000
01/02/06 00:20,0.000
01/02/06 00:25,0.000
01/02/06 00:30,0.000
01/02/06 00:35,0.000
01/02/06 00:40,0.000
01/02/06 00:45,0.000
01/02/06 00:50,0.000
01/02/06 00:55,0.000
01/02/06 01:00,0.000
01/02/06 01:05,0.000
01/02/06 01:10,0.000
01/02/06 01:15,0.000
01/02/06 01:20,0.000
01/02/06 01:25,0.000
01/02/06 01:30,0.000
01/02/06 01:35,0.000
01/02/06 01:40,0.000
01/02/06 01:45,0.000
01/02/06 01:50,0.000
01/02/06 01:55,0.000
01/02/06 02:00,0.000
01/02/06 02:05,0.000
01/02/06 02:10,0.000
01/02/06 02:15,0.000
01/02/06 02:20,0.000
01/02/06 02:25,0.000
01/02/06 02:30,0.000
01/02/06 02:35,0.000
01/02/06 02:40,0.000
01/02/06 02:45,0.000
01/02/06 02:50,0.000
01/02/06 02:55,0.000
01/02/06 03:00,0.000
01/02/06 03:05,0.000
01/02/06 03:10,0.000
01/02/06 03:15,0.000
01/02/06 03:20,0.000
01/02/06 03:25,0.000
01/02/06 03:30,0.000
01/02/06 03:35,0.000
01/02/06 03:40,0.000
01/02/06 03:45,0.000
01/02/06 03:50,0.000
01/02/06 03:55,0.000
01/02/06 04:00,0.000
01/02/06 04:05,0.000
01/02/06 04:10,0.000
01/02/06 04:15,0.000
01/02/06 04:20,0.000
01/02/06 04:25,0.000
01/02/06 04:30,0.000
01/02/06 04:35,0.000
01/02/06 04:40,0.000
01/02/06 04:45,0.000
01/02/06 04:50,0.000
01/02/06 04:55,0.000
01/02/06 05:00,0.000
01/02/06 05:05,0.000
01/02/06 05:10,0.000
01/02/06 05:15,0.000
01/02/06 05:20,0.000
01/02/06 05:25,0.000
01/02/06 05:30,0.000
01/02/06 05:35,0.000
01/02/06 05:40,0.000
01/02/06 05:45,0.000
01/02/06 05:50,0.000
01/02/06 05:55,0.000
01/02/06 06:00,0.000
01/02/06 06:05,0.000
01/02/06 06:10,0.000
01/02/06 06:15,0.000
01/02/06 06:20,0.000
01/02/06 06:25,0.000
01/02/06 06:30,0.000
01/02/06 06:35,0.000
01/02/06 06:40,0.000
01/02/06 06:45,0.000
01/02/06 06:50,0.000
01/02/06 06:55,0.000
01/02/06 07:00,0.000
01/02/06 07:05,0.000
01/02/06 07:10,0.000
01/02/06 07:15,0.000
01/02/06 07:20,0.000
01/02/06 07:25,0.000
01/02/06 07:30,0.000
01/02/06 07:35,0.000
01/02/06 07:40,0.000
01/02/06 07:45,0.000
01/02/06 07:50,0.000
01/02/06 07:55,0.000
01/02/06 08:00,0.000
01/02/06 08:05,0.000
01/02/06 08:10,0.000
01/02/06 08:15,0.000
01/02/06 08:20,0.000
01/02/06 08:25,0.000
01/02/06 08:30,0.000
01/02/06 08:35,0.000
01/02/06 08:40,0.000
01/02/06 08:45,0.000
01/02/06 08:50,0.001
01/02/06 08:55,0.001
01/02/06 09:00,0.002
01/02/06 09:05,0.005
01/02/06 09:10,0.012
01/02/06 09:15,0.062
01/02/06 09:20,0.101
01/02/06 09:25,0.130
01/02/06 09:30,0.150
01/02/06 09:35,0.170
01/02/06 09:40,0.187
01/02/06 09:45,0.209
01/02/06 09:50,0.232
01/02/06 09:55,0.255
01/02/06 10:00,0.272
01/02/06 10:05,0.276
01/02/06 10:10,0.271
01/02/06 10:15,0.262
01/02/06 10:20,0.248
01/02/06 10:25,0.234
01/02/06 10:30,0.215
01/02/06 10:35,0.194
01/02/06 10:40,0.171
01/02/06 10:45,0.141
01/02/06 10:50,0.114
01/02/06 10:55,0.084
01/02/06 11:00,0.036
01/02/06 11:05,0.019
01/02/06 11:10,0.009
01/02/06 11:15,0.006
01/02/06 11:20,0.004
01/02/06 11:25,0.002
01/02/06 11:30,0.002
01/02/06 11:35,0.002
01/02/06 11:40,0.002
01/02/06 11:45,0.002
01/02/06 11:50,0.002
01/02/06 11:55,0.002
01/02/06 12:00,0.002
01/02/06 12:05,0.001
01/02/06 12:10,0.001
01/02/06 12:15,0.001
01/02/06 12:20,0.002
01/02/06 12:25,0.002
01/02/06 12:30,0.003
01/02/06 12:35,0.003
01/02/06 12:40,0.004
01/02/06 12:45,0.005
01/02/06 12:50,0.007
01/02/06 12:55,0.010
01/02/06 13:00,0.039
01/02/06 13:05,0.036
01/02/06 13:10,0.068
01/02/06 13:15,0.095
01/02/06 13:20,0.100
01/02/06 13:25,0.099
01/02/06 13:30,0.094
01/02/06 13:35,0.089
01/02/06 13:40,0.085
01/02/06 13:45,0.079
01/02/06 13:50,0.020
01/02/06 13:55,0.024
01/02/06 14:00,0.074
01/02/06 14:05,0.101
01/02/06 14:10,0.121
01/02/06 14:15,0.137
01/02/06 14:20,0.155
01/02/06 14:25,0.166
01/02/06 14:30,0.177
01/02/06 14:35,0.185
01/02/06 14:40,0.190
01/02/06 14:45,0.188
01/02/06 14:50,0.181
01/02/06 14:55,0.176
01/02/06 15:00,0.164
01/02/06 15:05,0.147
01/02/06 15:10,0.128
01/02/06 15:15,0.108
01/02/06 15:20,0.088
01/02/06 15:25,0.048
01/02/06 15:30,0.014
01/02/06 15:35,0.003
01/02/06 15:40,0.000
01/02/06 15:45,0.000
01/02/06 15:50,0.000
01/02/06 15:55,0.000
01/02/06 16:00,0.000
01/02/06 16:05,0.000
01/02/06 16:10,0.000
01/02/06 16:15,0.000
01/02/06 16:20,0.000
01/02/06 16:25,0.000
01/02/06 16:30,0.000
01/02/06 16:35,0.000
01/02/06 16:40,0.000
01/02/06 16:45,0.000
01/02/06 16:50,0.000
01/02/06 16:55,0.000
01/02/06 17:00,0.000
01/02/06 17:05,0.000
01/02/06 17:10,0.000
01/02/06 17:15,0.000
01/02/06 17:20,0.000
01/02/06 17:25,0.000
01/02/06 17:30,0.000
01/02/06 17:35,0.000
01/02/06 17:40,0.000
01/02/06 17:45,0.000
01/02/06 17:50,0.000
01/02/06 17:55,0.000
01/02/06 18:00,0.000
01/02/06 18:05,0.000
01/02/06 18:10,0.000
01/02/06 18:15,0.000
01/02/06 18:20,0.000
01/02/06 18:25,0.000
01/02/06 18:30,0.000
01/02/06 18:35,0.000
01/02/06 18:40,0.000
01/02/06 18:45,0.000
01/02/06 18:50,0.000
01/02/06 18:55,0.000
01/02/06 19:00,0.000
01/02/06 19:05,0.000
01/02/06 19:10,0.000
01/02/06 19:15,0.000
01/02/06 19:20,0.000
01/02/06 19:25,0.000
01/02/06 19:30,0.000
01/02/06 19:35,0.000
01/02/06 19:40,0.000
01/02/06 19:45,0.000
01/02/06 19:50,0.000
01/02/06 19:55,0.000
01/02/06 20:00,0.000
01/02/06 20:05,0.000
01/02/06 20:10,0.000
01/02/06 20:15,0.000
01/02/06 20:20,0.000
01/02/06 20:25,0.000
01/02/06 20:30,0.000
01/02/06 20:35,0.000
01/02/06 20:40,0.000
01/02/06 20:45,0.000
01/02/06 20:50,0.000
01/02/06 20:55,0.000
01/02/06 21:00,0.000
01/02/06 21:05,0.000
01/02/06 21:10,0.000
01/02/06 21:15,0.000
01/02/06 21:20,0.000
01/02/06 21:25,0.000
01/02/06 21:30,0.000
01/02/06 21:35,0.000
01/02/06 21:40,0.000
01/02/06 21:45,0.000
01/02/06 21:50,0.000
01/02/06 21:55,0.000
01/02/06 22:00,0.000
01/02/06 22:05,0.000
01/02/06 22:10,0.000
01/02/06 22:15,0.000
01/02/06 22:20,0.000
01/02/06 22:25,0.000
01/02/06 22:30,0.000
01/02/06 22:35,0.000
01/02/06 22:40,0.000
01/02/06 22:45,0.000
01/02/06 22:50,0.000
01/02/06 22:55,0.000
01/02/06 23:00,0.000
01/02/06 23:05,0.000
01/02/06 23:10,0.000
01/02/06 23:15,0.000
01/02/06 23:20,0.000
01/02/06 23:25,0.000
01/02/06 23:30,0.000
01/02/06 23:35,0.000
01/02/06 23:40,0.000
01/02/06 23:45,0.000
01/02/06 23:50,0.000
01/02/06 23:55,0.000
01/03/06 00:00,0.000
01/03/06 00:05,0.000
01/03/06 00:10,0.000
01/03/06 00:15,0.000
01/03/06 00:20,0.000
01/03/06 00:25,0.000
01/03/06 00:30,0.000
01/03/06 00:35,0.000
01/03/06 00:40,0.000
01/03/06 00:45,0.000
01/03/06 00:50,0.000
01/03/06 00:55,0.000
01/03/06 01:00,0.000
01/03/06 01:05,0.000
01/03/06 01:10,0.000
01/03/06 01:15,0.000
01/03/06 01:20,0.000
01/03/06 01:25,0.000
01/03/06 01:30,0.000
01/03/06 01:35,0.000
01/03/06 01:40,0.000
01/03/06 01:45,0.000
01/03/06 01:50,0.000
01/03/06 01:55,0.000
01/03/06 02:00,0.000
01/03/06 02:05,0.000
01/03/06 02:10,0.000
01/03/06 02:15,0.000
01/03/06 02:20,0.000
01/03/06 02:25,0.000
01/03/06 02:30,0.000
01/03/06 02:35,0.000
01/03/06 02:40,0.000
01/03/06 02:45,0.000
01/03/06 02:50,0.000
01/03/06 02:55,0.000
01/03/06 03:00,0.000
01/03/06 03:05,0.000
01/03/06 03:10,0.000
01/03/06 03:15,0.000
01/03/06 03:20,0.000
01/03/06 03:25,0.000
01/03/06 03:30,0.000
01/03/06 03:35,0.000
01/03/06 03:40,0.000
01/03/06 03:45,0.000
01/03/06 03:50,0.000
01/03/06 03:55,0.000
01/03/06 04:00,0.000
01/03/06 04:05,0.000
01/03/06 04:10,0.000
01/03/06 04:15,0.000
01/03/06 04:20,0.000
01/03/06 04:25,0.000
01/03/06 04:30,0.000
01/03/06 04:35,0.000
01/03/06 04:40,0.000
01/03/06 04:45,0.000
01/03/06 04:50,0.000
01/03/06 04:55,0.000
01/03/06 05:00,0.000
01/03/06 05:05,0.000
01/03/06 05:10,0.000
01/03/06 05:15,0.000
01/03/06 05:20,0.000
01/03/06 05:25,0.000
01/03/06 05:30,0.000
01/03/06 05:35,0.000
01/03/06 05:40,0.000
01/03/06 05:45,0.000
01/03/06 05:50,0.000
01/03/06 05:55,0.000
01/03/06 06:00,0.000
01/03/06 06:05,0.000
01/03/06 06:10,0.000
01/03/06 06:15,0.000
01/03/06 06:20,0.000
01/03/06 06:25,0.000
01/03/06 06:30,0.000
01/03/06 06:35,0.000
01/03/06 06:40,0.000
01/03/06 06:45,0.000
01/03/06 06:50,0.000
01/03/06 06:55,0.000
01/03/06 07:00,0.000
01/03/06 07:05,0.000
01/03/06 07:10,0.000
01/03/06 07:15,0.000
01/03/06 07:20,0.000
01/03/06 07:25,0.000
01/03/06 07:30,0.000
01/03/06 07:35,0.000
01/03/06 07:40,0.000
01/03/06 07:45,0.000
01/03/06 07:50,0.000
01/03/06 07:55,0.000
01/03/06 08:00,0.000
01/03/06 08:05,0.000
01/03/06 08:10,0.000
01/03/06 08:15,0.005
01/03/06 08:20,0.024
01/03/06 08:25,0.072
01/03/06 08:30,0.091
01/03/06 08:35,0.105
01/03/06 08:40,0.119
01/03/06 08:45,0.134
01/03/06 08:50,0.150
01/03/06 08:55,0.166
01/03/06 09:00,0.166
01/03/06 09:05,0.140
01/03/06 09:10,0.114
01/03/06 09:15,0.112
01/03/06 09:20,0.141
01/03/06 09:25,0.172
01/03/06 09:30,0.189
01/03/06 09:35,0.208
01/03/06 09:40,0.144
01/03/06 09:45,0.082
01/03/06 09:50,0.012
01/03/06 09:55,0.006
01/03/06 10:00,0.042
01/03/06 10:05,0.113
01/03/06 10:10,0.153
01/03/06 10:15,0.180
01/03/06 10:20,0.205
01/03/06 10:25,0.235
01/03/06 10:30,0.257
01/03/06 10:35,0.277
01/03/06 10:40,0.297
01/03/06 10:45,0.316
01/03/06 10:50,0.335
01/03/06 10:55,0.352
01/03/06 11:00,0.320
01/03/06 11:05,0.254
01/03/06 11:10,0.215
01/03/06 11:15,0.247
01/03/06 11:20,0.274
01/03/06 11:25,0.284
01/03/06 11:30,0.271
01/03/06 11:35,0.276
01/03/06 11:40,0.276
01/03/06 11:45,0.295
01/03/06 11:50,0.307
01/03/06 11:55,0.304
01/03/06 12:00,0.262
01/03/06 12:05,0.200
01/03/06 12:10,0.172
01/03/06 12:15,0.191
01/03/06 12:20,0.162
01/03/06 12:25,0.157
01/03/06 12:30,0.240
01/03/06 12:35,0.294
01/03/06 12:40,0.307
01/03/06 12:45,0.327
01/03/06 12:50,0.315
01/03/06 12:55,0.294
01/03/06 13:00,0.318
01/03/06 13:05,0.333
01/03/06 13:10,0.343
01/03/06 13:15,0.348
01/03/06 13:20,0.350
01/03/06 13:25,0.349
01/03/06 13:30,0.345
01/03/06 13:35,0.338
01/03/06 13:40,0.330
01/03/06 13:45,0.322
01/03/06 13:50,0.314
01/03/06 13:55,0.306
01/03/06 14:00,0.297
01/03/06 14:05,0.287
01/03/06 14:10,0.276
01/03/06 14:15,0.265
01/03/06 14:20,0.255
01/03/06 14:25,0.243
01/03/06 14:30,0.234
01/03/06 14:35,0.221
01/03/06 14:40,0.209
01/03/06 14:45,0.197
01/03/06 14:50,0.184
01/03/06 14:55,0.171
01/03/06 15:00,0.160
01/03/06 15:05,0.144
01/03/06 15:10,0.127
01/03/06 15:15,0.108
01/03/06 15:20,0.090
01/03/06 15:25,0.055
01/03/06 15:30,0.018
01/03/06 15:35,0.005
01/03/06 15:40,0.001
01/03/06 15:45,0.000
01/03/06 15:50,0.000
01/03/06 15:55,0.000
01/03/06 16:00,0.000
01/03/06 16:05,0.000
01/03/06 16:10,0.000
01/03/06 16:15,0.000
01/03/06 16:20,0.000
01/03/06 16:25,0.000
01/03/06 16:30,0.000
01/03/06 16:35,0.000
01/03/06 16:40,0.000
01/03/06 16:45,0.000
01/03/06 16:50,0.000
01/03/06 16:55,0.000
01/03/06 17:00,0.000
01/03/06 17:05,0.000
01/03/06 17:10,0.000
01/03/06 17:15,0.000
01/03/06 17:20,0.000
01/03/06 17:25,0.000
01/03/06 17:30,0.000
01/03/06 17:35,0.000
01/03/06 17:40,0.000
01/03/06 17:45,0.000
01/03/06 17:50,0.000
01/03/06 17:55,0.000
01/03/06 18:00,0.000
01/03/06 18:05,0.000
01/03/06 18:10,0.000
01/03/06 18:15,0.000
01/03/06 18:20,0.000
01/03/06 18:25,0.000
01/03/06 18:30,0.000
01/03/06 18:35,0.000
01/03/06 18:40,0.000
01/03/06 18:45,0.000
01/03/06 18:50,0.000
01/03/06 18:55,0.000
01/03/06 19:00,0.000
01/03/06 19:05,0.000
01/03/06 19:10,0.000
01/03/06 19:15,0.000
01/03/06 19:20,0.000
01/03/06 19:25,0.000
01/03/06 19:30,0.000
01/03/06 19:35,0.000
01/03/06 19:40,0.000
01/03/06 19:45,0.000
01/03/06 19:50,0.000
01/03/06 19:55,0.000
01/03/06 20:00,0.000
01/03/06 20:05,0.000
01/03/06 20:10,0.000
01/03/06 20:15,0.000
01/03/06 20:20,0.000
01/03/06 20:25,0.000
01/03/06 20:30,0.000
01/03/06 20:35,0.000
01/03/06 20:40,0.000
01/03/06 20:45,0.000
01/03/06 20:50,0.000
01/03/06 20:55,0.000
01/03/06 21:00,0.000
01/03/06 21:05,0.000
01/03/06 21:10,0.000
01/03/06 21:15,0.000
01/03/06 21:20,0.000
01/03/06 21:25,0.000
01/03/06 21:30,0.000
01/03/06 21:35,0.000
01/03/06 21:40,0.000
01/03/06 21:45,0.000
01/03/06 21:50,0.000
01/03/06 21:55,0.000
01/03/06 22:00,0.000
01/03/06 22:05,0.000
01/03/06 22:10,0.000
01/03/06 22:15,0.000
01/03/06 22:20,0.000
01/03/06 22:25,0.000
01/03/06 22:30,0.000
01/03/06 22:35,0.000
01/03/06 22:40,0.000
01/03/06 22:45,0.000
01/03/06 22:50,0.000
01/03/06 22:55,0.000
01/03/06 23:00,0.000
01/03/06 23:05,0.000
01/03/06 23:10,0.000
01/03/06 23:15,0.000
01/03/06 23:20,0.000
01/03/06 23:25,0.000
01/03/06 23:30,0.000
01/03/06 23:35,0.000
01/03/06 23:40,0.000
01/03/06 23:45,0.000
01/03/06 23:50,0.000
01/03/06 23:55,0.000
01/04/06 00:00,0.000
01/04/06 00:05,0.000
01/04/06 00:10,0.000
01/04/06 00:15,0.000
01/04/06 00:20,0.000
01/04/06 00:25,0.000
01/04/06 00:30,0.000
01/04/06 00:35,0.000
01/04/06 00:40,0.000
01/04/06 00:45,0.000
01/04/06 00:50,0.000
01/04/06 00:55,0.000
01/04/06 01:00,0.000
01/04/06 01:05,0.000
01/04/06 01:10,0.000
01/04/06 01:15,0.000
01/04/06 01:20,0.000
01/04/06 01:25,0.000
01/04/06 01:30,0.000
01/04/06 01:35,0.000
01/04/06 01:40,0.000
01/04/06 01:45,0.000
01/04/06 01:50,0.000
01/04/06 01:55,0.000
01/04/06 02:00,0.000
01/04/06 02:05,0.000
01/04/06 02:10,0.000
01/04/06 02:15,0.000
01/04/06 02:20,0.000
01/04/06 02:25,0.000
01/04/06 02:30,0.000
01/04/06 02:35,0.000
01/04/06 02:40,0.000
01/04/06 02:45,0.000
01/04/06 02:50,0.000
01/04/06 02:55,0.000
01/04/06 03:00,0.000
01/04/06 03:05,0.000
01/04/06 03:10,0.000
01/04/06 03:15,0.000
01/04/06 03:20,0.000
01/04/06 03:25,0.000
01/04/06 03:30,0.000
01/04/06 03:35,0.000
01/04/06 03:40,0.000
01/04/06 03:45,0.000
01/04/06 03:50,0.000
01/04/06 03:55,0.000
01/04/06 04:00,0.000
01/04/06 04:05,0.000
01/04/06 04:10,0.000
01/04/06 04:15,0.000
01/04/06 04:20,0.000
01/04/06 04:25,0.000
01/04/06 04:30,0.000
01/04/06 04:35,0.000
01/04/06 04:40,0.000
01/04/06 04:45,0.000
01/04/06 04:50,0.000
01/04/06 04:55,0.000
01/04/06 05:00,0.000
01/04/06 05:05,0.000
01/04/06 05:10,0.000
01/04/06 05:15,0.000
01/04/06 05:20,0.000
01/04/06 05:25,0.000
01/04/06 05:30,0.000
01/04/06 05:35,0.000
01/04/06 05:40,0.000
01/04/06 05:45,0.000
01/04/06 05:50,0.000
01/04/06 05:55,0.000
01/04/06 06:00,0.000
01/04/06 06:05,0.000
01/04/06 06:10,0.000
01/04/06 06:15,0.000
01/04/06 06:20,0.000
01/04/06 06:25,0.000
01/04/06 06:30,0.000
01/04/06 06:35,0.000
01/04/06 06:40,0.000
01/04/06 06:45,0.000
01/04/06 06:50,0.000
01/04/06 06:55,0.000
01/04/06 07:00,0.000
01/04/06 07:05,0.000
01/04/06 07:10,0.000
01/04/06 07:15,0.000
01/04/06 07:20,0.000
01/04/06 07:25,0.000
01/04/06 07:30,0.000
01/04/06 07:35,0.000
01/04/06 07:40,0.000
01/04/06 07:45,0.000
01/04/06 07:50,0.000
01/04/06 07:55,0.000
01/04/06 08:00,0.000
01/04/06 08:05,0.000
01/04/06 08:10,0.008
01/04/06 08:15,0.034
01/04/06 08:20,0.081
01/04/06 08:25,0.096
01/04/06 08:30,0.114
01/04/06 08:35,0.131
01/04/06 08:40,0.148
01/04/06 08:45,0.166
01/04/06 08:50,0.183
01/04/06 08:55,0.200
01/04/06 09:00,0.214
01/04/06 09:05,0.226
01/04/06 09:10,0.239
01/04/06 09:15,0.249
01/04/06 09:20,0.261
01/04/06 09:25,0.272
01/04/06 09:30,0.282
01/04/06 09:35,0.290
01/04/06 09:40,0.297
01/04/06 09:45,0.304
01/04/06 09:50,0.311
01/04/06 09:55,0.318
01/04/06 10:00,0.338
01/04/06 10:05,0.359
01/04/06 10:10,0.372
01/04/06 10:15,0.387
01/04/06 10:20,0.398
01/04/06 10:25,0.410
01/04/06 10:30,0.419
01/04/06 10:35,0.425
01/04/06 10:40,0.431
01/04/06 10:45,0.439
01/04/06 10:50,0.447
01/04/06 10:55,0.451
01/04/06 11:00,0.441
01/04/06 11:05,0.424
01/04/06 11:10,0.378
01/04/06 11:15,0.329
01/04/06 11:20,0.310
01/04/06 11:25,0.303
01/04/06 11:30,0.296
01/04/06 11:35,0.308
01/04/06 11:40,0.319
01/04/06 11:45,0.323
01/04/06 11:50,0.309
01/04/06 11:55,0.306
01/04/06 12:00,0.339
01/04/06 12:05,0.363
01/04/06 12:10,0.377
01/04/06 12:15,0.387
01/04/06 12:20,0.393
01/04/06 12:25,0.393
01/04/06 12:30,0.391
01/04/06 12:35,0.387
01/04/06 12:40,0.384
01/04/06 12:45,0.379
01/04/06 12:50,0.373
01/04/06 12:55,0.367
01/04/06 13:00,0.367
01/04/06 13:05,0.367
01/04/06 13:10,0.365
01/04/06 13:15,0.363
01/04/06 13:20,0.358
01/04/06 13:25,0.352
01/04/06 13:30,0.346
01/04/06 13:35,0.336
01/04/06 13:40,0.323
01/04/06 13:45,0.310
01/04/06 13:50,0.298
01/04/06 13:55,0.290
01/04/06 14:00,0.285
01/04/06 14:05,0.282
01/04/06 14:10,0.276
01/04/06 14:15,0.269
01/04/06 14:20,0.261
01/04/06 14:25,0.252
01/04/06 14:30,0.244
01/04/06 14:35,0.233
01/04/06 14:40,0.222
01/04/06 14:45,0.210
01/04/06 14:50,0.197
01/04/06 14:55,0.184
01/04/06 15:00,0.171
01/04/06 15:05,0.154
01/04/06 15:10,0.135
01/04/06 15:15,0.113
01/04/06 15:20,0.092
01/04/06 15:25,0.059
01/04/06 15:30,0.020
01/04/06 15:35,0.006
01/04/06 15:40,0.001
01/04/06 15:45,0.000
01/04/06 15:50,0.000
01/04/06 15:55,0.000
01/04/06 16:00,0.000
01/04/06 16:05,0.000
01/04/06 16:10,0.000
01/04/06 16:15,0.000
01/04/06 16:20,0.000
01/04/06 16:25,0.000
01/04/06 16:30,0.000
01/04/06 16:35,0.000
01/04/06 16:40,0.000
01/04/06 16:45,0.000
01/04/06 16:50,0.000
01/04/06 16:55,0.000
01/04/06 17:00,0.000
01/04/06 17:05,0.000
01/04/06 17:10,0.000
01/04/06 17:15,0.000
01/04/06 17:20,0.000
01/04/06 17:25,0.000
01/04/06 17:30,0.000
01/04/06 17:35,0.000
01/04/06 17:40,0.000
01/04/06 17:45,0.000
01/04/06 17:50,0.000
01/04/06 17:55,0.000
01/04/06 18:00,0.000
01/04/06 18:05,0.000
01/04/06 18:10,0.000
01/04/06 18:15,0.000
01/04/06 18:20,0.000
01/04/06 18:25,0.000
01/04/06 18:30,0.000
01/04/06 18:35,0.000
01/04/06 18:40,0.000
01/04/06 18:45,0.000
01/04/06 18:50,0.000
01/04/06 18:55,0.000
01/04/06 19:00,0.000
01/04/06 19:05,0.000
01/04/06 19:10,0.000
01/04/06 19:15,0.000
01/04/06 19:20,0.000
01/04/06 19:25,0.000
01/04/06 19:30,0.000
01/04/06 19:35,0.000
01/04/06 19:40,0.000
01/04/06 19:45,0.000
01/04/06 19:50,0.000
01/04/06 19:55,0.000
01/04/06 20:00,0.000
01/04/06 20:05,0.000
01/04/06 20:10,0.000
01/04/06 20:15,0.000
01/04/06 20:20,0.000
01/04/06 20:25,0.000
01/04/06 20:30,0.000
01/04/06 20:35,0.000
01/04/06 20:40,0.000
01/04/06 20:45,0.000
01/04/06 20:50,0.000
01/04/06 20:55,0.000
01/04/06 21:00,0.000
01/04/06 21:05,0.000
01/04/06 21:10,0.000
01/04/06 21:15,0.000
01/04/06 21:20,0.000
01/04/06 21:25,0.000
01/04/06 21:30,0.000
01/04/06 21:35,0.000
01/04/06 21:40,0.000
01/04/06 21:45,0.000
01/04/06 21:50,0.000
01/04/06 21:55,0.000
01/04/06 22:00,0.000
01/04/06 22:05,0.000
01/04/06 22:10,0.000
01/04/06 22:15,0.000
01/04/06 22:20,0.000
01/04/06 22:25,0.000
01/04/06 22:30,0.000
01/04/06 22:35,0.000
01/04/06 22:40,0.000
01/04/06 22:45,0.000
01/04/06 22:50,0.000
01/04/06 22:55,0.000
01/04/06 23:00,0.000
01/04/06 23:05,0.000
01/04/06 23:10,0.000
01/04/06 23:15,0.000
01/04/06 23:20,0.000
01/04/06 23:25,0.000
01/04/06 23:30,0.000
01/04/06 23:35,0.000
01/04/06 23:40,0.000
01/04/06 23:45,0.000
01/04/06 23:50,0.000
01/04/06 23:55,0.000
01/05/06 00:00,0.000
01/05/06 00:05,0.000
01/05/06 00:10,0.000
01/05/06 00:15,0.000
01/05/06 00:20,0.000
01/05/06 00:25,0.000
01/05/06 00:30,0.000
01/05/06 00:35,0.000
01/05/06 00:40,0.000
01/05/06 00:45,0.000
01/05/06 00:50,0.000
01/05/06 00:55,0.000
01/05/06 01:00,0.000
01/05/06 01:05,0.000
01/05/06 01:10,0.000
01/05/06 01:15,0.000
01/05/06 01:20,0.000
01/05/06 01:25,0.000
01/05/06 01:30,0.000
01/05/06 01:35,0.000
01/05/06 01:40,0.000
01/05/06 01:45,0.000
01/05/06 01:50,0.000
01/05/06 01:55,0.000
01/05/06 02:00,0.000
01/05/06 02:05,0.000
01/05/06 02:10,0.000
01/05/06 02:15,0.000
01/05/06 02:20,0.000
01/05/06 02:25,0.000
01/05/06 02:30,0.000
01/05/06 02:35,0.000
01/05/06 02:40,0.000
01/05/06 02:45,0.000
01/05/06 02:50,0.000
01/05/06 02:55,0.000
01/05/06 03:00,0.000
01/05/06 03:05,0.000
01/05/06 03:10,0.000
01/05/06 03:15,0.000
01/05/06 03:20,0.000
01/05/06 03:25,0.000
01/05/06 03:30,0.000
01/05/06 03:35,0.000
01/05/06 03:40,0.000
01/05/06 03:45,0.000
01/05/06 03:50,0.000
01/05/06 03:55,0.000
01/05/06 04:00,0.000
01/05/06 04:05,0.000
01/05/06 04:10,0.000
01/05/06 04:15,0.000
01/05/06 04:20,0.000
01/05/06 04:25,0.000
01/05/06 04:30,0.000
01/05/06 04:35,0.000
01/05/06 04:40,0.000
01/05/06 04:45,0.000
01/05/06 04:50,0.000
01/05/06 04:55,0.000
01/05/06 05:00,0.000
01/05/06 05:05,0.000
01/05/06 05:10,0.000
01/05/06 05:15,0.000
01/05/06 05:20,0.000
01/05/06 05:25,0.000
01/05/06 05:30,0.000
01/05/06 05:35,0.000
01/05/06 05:40,0.000
01/05/06 05:45,0.000
01/05/06 05:50,0.000
01/05/06 05:55,0.000
01/05/06 06:00,0.000
01/05/06 06:05,0.000
01/05/06 06:10,0.000
01/05/06 06:15,0.000
01/05/06 06:20,0.000
01/05/06 06:25,0.000
01/05/06 06:30,0.000
01/05/06 06:35,0.000
01/05/06 06:40,0.000
01/05/06 06:45,0.000
01/05/06 06:50,0.000
01/05/06 06:55,0.000
01/05/06 07:00,0.000
01/05/06 07:05,0.000
01/05/06 07:10,0.000
01/05/06 07:15,0.000
01/05/06 07:20,0.000
01/05/06 07:25,0.000
01/05/06 07:30,0.000
01/05/06 07:35,0.000
01/05/06 07:40,0.000
01/05/06 07:45,0.000
01/05/06 07:50,0.000
01/05/06 07:55,0.000
01/05/06 08:00,0.000
01/05/06 08:05,0.000
01/05/06 08:10,0.000
01/05/06 08:15,0.000
01/05/06 08:20,0.000
01/05/06 08:25,0.000
01/05/06 08:30,0.000
01/05/06 08:35,0.000
01/05/06 08:40,0.000
01/05/06 08:45,0.000
01/05/06 08:50,0.000
01/05/06 08:55,0.000
01/05/06 09:00,0.000
01/05/06 09:05,0.000
01/05/06 09:10,0.000
01/05/06 09:15,0.000
01/05/06 09:20,0.000
01/05/06 09:25,0.000
01/05/06 09:30,0.000
01/05/06 09:35,0.000
01/05/06 09:40,0.000
01/05/06 09:45,0.000
01/05/06 09:50,0.000
01/05/06 09:55,0.000
01/05/06 10:00,0.000
01/05/06 10:05,0.000
01/05/06 10:10,0.000
01/05/06 10:15,0.001
01/05/06 10:20,0.029
01/05/06 10:25,0.095
01/05/06 10:30,0.128
01/05/06 10:35,0.166
01/05/06 10:40,0.202
01/05/06 10:45,0.241
01/05/06 10:50,0.280
01/05/06 10:55,0.318
01/05/06 11:00,0.342
01/05/06 11:05,0.362
01/05/06 11:10,0.378
01/05/06 11:15,0.389
01/05/06 11:20,0.398
01/05/06 11:25,0.404
01/05/06 11:30,0.409
01/05/06 11:35,0.413
01/05/06 11:40,0.416
01/05/06 11:45,0.419
01/05/06 11:50,0.424
01/05/06 11:55,0.426
01/05/06 12:00,0.427
01/05/06 12:05,0.427
01/05/06 12:10,0.426
01/05/06 12:15,0.425
01/05/06 12:20,0.424
01/05/06 12:25,0.421
01/05/06 12:30,0.418
01/05/06 12:35,0.414
01/05/06 12:40,0.411
01/05/06 12:45,0.406
01/05/06 12:50,0.401
01/05/06 12:55,0.392
01/05/06 13:00,0.387
01/05/06 13:05,0.384
01/05/06 13:10,0.382
01/05/06 13:15,0.377
01/05/06 13:20,0.368
01/05/06 13:25,0.362
01/05/06 13:30,0.359
01/05/06 13:35,0.352
01/05/06 13:40,0.345
01/05/06 13:45,0.338
01/05/06 13:50,0.330
01/05/06 13:55,0.322
01/05/06 14:00,0.313
01/05/06 14:05,0.304
01/05/06 14:10,0.294
01/05/06 14:15,0.284
01/05/06 14:20,0.274
01/05/06 14:25,0.263
01/05/06 14:30,0.252
01/05/06 14:35,0.240
01/05/06 14:40,0.228
01/05/06 14:45,0.216
01/05/06 14:50,0.202
01/05/06 14:55,0.189
01/05/06 15:00,0.175
01/05/06 15:05,0.155
01/05/06 15:10,0.135
01/05/06 15:15,0.113
01/05/06 15:20,0.092
01/05/06 15:25,0.060
01/05/06 15:30,0.020
01/05/06 15:35,0.005
01/05/06 15:40,0.001
01/05/06 15:45,0.000
01/05/06 15:50,0.000
01/05/06 15:55,0.000
01/05/06 16:00,0.000
01/05/06 16:05,0.000
01/05/06 16:10,0.000
01/05/06 16:15,0.000
01/05/06 16:20,0.000
01/05/06 16:25,0.000
01/05/06 16:30,0.000
01/05/06 16:35,0.000
01/05/06 16:40,0.000
01/05/06 16:45,0.000
01/05/06 16:50,0.000
01/05/06 16:55,0.000
01/05/06 17:00,0.000
01/05/06 17:05,0.000
01/05/06 17:10,0.000
01/05/06 17:15,0.000
01/05/06 17:20,0.000
01/05/06 17:25,0.000
01/05/06 17:30,0.000
01/05/06 17:35,0.000
01/05/06 17:40,0.000
01/05/06 17:45,0.000
01/05/06 17:50,0.000
01/05/06 17:55,0.000
01/05/06 18:00,0.000
01/05/06 18:05,0.000
01/05/06 18:10,0.000
01/05/06 18:15,0.000
01/05/06 18:20,0.000
01/05/06 18:25,0.000
01/05/06 18:30,0.000
01/05/06 18:35,0.000
01/05/06 18:40,0.000
01/05/06 18:45,0.000
01/05/06 18:50,0.000
01/05/06 18:55,0.000
01/05/06 19:00,0.000
01/05/06 19:05,0.000
01/05/06 19:10,0.000
01/05/06 19:15,0.000
01/05/06 19:20,0.000
01/05/06 19:25,0.000
01/05/06 19:30,0.000
01/05/06 19:35,0.000
01/05/06 19:40,0.000
01/05/06 19:45,0.000
01/05/06 19:50,0.000
01/05/06 19:55,0.000
01/05/06 20:00,0.000
01/05/06 20:05,0.000
01/05/06 20:10,0.000
01/05/06 20:15,0.000
01/05/06 20:20,0.000
01/05/06 20:25,0.000
01/05/06 20:30,0.000
01/05/06 20:35,0.000
01/05/06 20:40,0.000
01/05/06 20:45,0.000
01/05/06 20:50,0.000
01/05/06 20:55,0.000
01/05/06 21:00,0.000
01/05/06 21:05,0.000
01/05/06 21:10,0.000
01/05/06 21:15,0.000
01/05/06 21:20,0.000
01/05/06 21:25,0.000
01/05/06 21:30,0.000
01/05/06 21:35,0.000
01/05/06 21:40,0.000
01/05/06 21:45,0.000
01/05/06 21:50,0.000
01/05/06 21:55,0.000
01/05/06 22:00,0.000
01/05/06 22:05,0.000
01/05/06 22:10,0.000
01/05/06 22:15,0.000
01/05/06 22:20,0.000
01/05/06 22:25,0.000
01/05/06 22:30,0.000
01/05/06 22:35,0.000
01/05/06 22:40,0.000
01/05/06 22:45,0.000
01/05/06 22:50,0.000
01/05/06 22:55,0.000
01/05/06 23:00,0.000
01/05/06 23:05,0.000
01/05/06 23:10,0.000
01/05/06 23:15,0.000
01/05/06 23:20,0.000
01/05/06 23:25,0.000
01/05/06 23:30,0.000
01/05/06 23:35,0.000
01/05/06 23:40,0.000
01/05/06 23:45,0.000
01/05/06 23:50,0.000
01/05/06 23:55,0.000
01/06/06 00:00,0.000
01/06/06 00:05,0.000
01/06/06 00:10,0.000
01/06/06 00:15,0.000
01/06/06 00:20,0.000
01/06/06 00:25,0.000
01/06/06 00:30,0.000
01/06/06 00:35,0.000
01/06/06 00:40,0.000
01/06/06 00:45,0.000
01/06/06 00:50,0.000
01/06/06 00:55,0.000
01/06/06 01:00,0.000
01/06/06 01:05,0.000
01/06/06 01:10,0.000
01/06/06 01:15,0.000
01/06/06 01:20,0.000
01/06/06 01:25,0.000
01/06/06 01:30,0.000
01/06/06 01:35,0.000
01/06/06 01:40,0.000
01/06/06 01:45,0.000
01/06/06 01:50,0.000
01/06/06 01:55,0.000
01/06/06 02:00,0.000
01/06/06 02:05,0.000
01/06/06 02:10,0.000
01/06/06 02:15,0.000
01/06/06 02:20,0.000
01/06/06 02:25,0.000
01/06/06 02:30,0.000
01/06/06 02:35,0.000
01/06/06 02:40,0.000
01/06/06 02:45,0.000
01/06/06 02:50,0.000
01/06/06 02:55,0.000
01/06/06 03:00,0.000
01/06/06 03:05,0.000
01/06/06 03:10,0.000
01/06/06 03:15,0.000
01/06/06 03:20,0.000
01/06/06 03:25,0.000
01/06/06 03:30,0.000
01/06/06 03:35,0.000
01/06/06 03:40,0.000
01/06/06 03:45,0.000
01/06/06 03:50,0.000
01/06/06 03:55,0.000
01/06/06 04:00,0.000
01/06/06 04:05,0.000
01/06/06 04:10,0.000
01/06/06 04:15,0.000
01/06/06 04:20,0.000
01/06/06 04:25,0.000
01/06/06 04:30,0.000
01/06/06 04:35,0.000
01/06/06 04:40,0.000
01/06/06 04:45,0.000
01/06/06 04:50,0.000
01/06/06 04:55,0.000
01/06/06 05:00,0.000
01/06/06 05:05,0.000
01/06/06 05:10,0.000
01/06/06 05:15,0.000
01/06/06 05:20,0.000
01/06/06 05:25,0.000
01/06/06 05:30,0.000
01/06/06 05:35,0.000
01/06/06 05:40,0.000
01/06/06 05:45,0.000
01/06/06 05:50,0.000
01/06/06 05:55,0.000
01/06/06 06:00,0.000
01/06/06 06:05,0.000
01/06/06 06:10,0.000
01/06/06 06:15,0.000
01/06/06 06:20,0.000
01/06/06 06:25,0.000
01/06/06 06:30,0.000
01/06/06 06:35,0.000
01/06/06 06:40,0.000
01/06/06 06:45,0.000
01/06/06 06:50,0.000
01/06/06 06:55,0.000
01/06/06 07:00,0.000
01/06/06 07:05,0.000
01/06/06 07:10,0.000
01/06/06 07:15,0.000
01/06/06 07:20,0.000
01/06/06 07:25,0.000
01/06/06 07:30,0.000
01/06/06 07:35,0.000
01/06/06 07:40,0.000
01/06/06 07:45,0.000
01/06/06 07:50,0.000
01/06/06 07:55,0.000
01/06/06 08:00,0.000
01/06/06 08:05,0.000
01/06/06 08:10,0.001
01/06/06 08:15,0.011
01/06/06 08:20,0.044
01/06/06 08:25,0.083
01/06/06 08:30,0.099
01/06/06 08:35,0.115
01/06/06 08:40,0.131
01/06/06 08:45,0.145
01/06/06 08:50,0.162
01/06/06 08:55,0.180
01/06/06 09:00,0.197
01/06/06 09:05,0.209
01/06/06 09:10,0.216
01/06/06 09:15,0.218
01/06/06 09:20,0.218
01/06/06 09:25,0.217
01/06/06 09:30,0.216
01/06/06 09:35,0.212
01/06/06 09:40,0.208
01/06/06 09:45,0.205
01/06/06 09:50,0.201
01/06/06 09:55,0.191
01/06/06 10:00,0.155
01/06/06 10:05,0.117
01/06/06 10:10,0.085
01/06/06 10:15,0.030
01/06/06 10:20,0.007
01/06/06 10:25,0.005
01/06/06 10:30,0.014
01/06/06 10:35,0.068
01/06/06 10:40,0.024
01/06/06 10:45,0.010
01/06/06 10:50,0.006
01/06/06 10:55,0.005
01/06/06 11:00,0.004
01/06/06 11:05,0.004
01/06/06 11:10,0.004
01/06/06 11:15,0.025
01/06/06 11:20,0.039
01/06/06 11:25,0.034
01/06/06 11:30,0.053
01/06/06 11:35,0.030
01/06/06 11:40,0.015
01/06/06 11:45,0.008
01/06/06 11:50,0.005
01/06/06 11:55,0.006
01/06/06 12:00,0.015
01/06/06 12:05,0.029
01/06/06 12:10,0.042
01/06/06 12:15,0.078
01/06/06 12:20,0.083
01/06/06 12:25,0.078
01/06/06 12:30,0.083
01/06/06 12:35,0.081
01/06/06 12:40,0.081
01/06/06 12:45,0.079
01/06/06 12:50,0.082
01/06/06 12:55,0.084
01/06/06 13:00,0.092
01/06/06 13:05,0.095
01/06/06 13:10,0.095
01/06/06 13:15,0.091
01/06/06 13:20,0.082
01/06/06 13:25,0.074
01/06/06 13:30,0.042
01/06/06 13:35,0.031
01/06/06 13:40,0.017
01/06/06 13:45,0.013
01/06/06 13:50,0.010
01/06/06 13:55,0.007
01/06/06 14:00,0.003
01/06/06 14:05,0.002
01/06/06 14:10,0.001
01/06/06 14:15,0.002
01/06/06 14:20,0.004
01/06/06 14:25,0.007
01/06/06 14:30,0.010
01/06/06 14:35,0.013
01/06/06 14:40,0.016
01/06/06 14:45,0.026
01/06/06 14:50,0.030
01/06/06 14:55,0.040
01/06/06 15:00,0.065
01/06/06 15:05,0.084
01/06/06 15:10,0.022
01/06/06 15:15,0.004
01/06/06 15:20,0.002
01/06/06 15:25,0.004
01/06/06 15:30,0.013
01/06/06 15:35,0.013
01/06/06 15:40,0.007
01/06/06 15:45,0.001
01/06/06 15:50,0.001
01/06/06 15:55,0.000
01/06/06 16:00,0.000
01/06/06 16:05,0.000
01/06/06 16:10,0.000
01/06/06 16:15,0.000
01/06/06 16:20,0.000
01/06/06 16:25,0.000
01/06/06 16:30,0.000
01/06/06 16:35,0.000
01/06/06 16:40,0.000
01/06/06 16:45,0.000
01/06/06 16:50,0.000
01/06/06 16:55,0.000
01/06/06 17:00,0.000
01/06/06 17:05,0.000
01/06/06 17:10,0.000
01/06/06 17:15,0.000
01/06/06 17:20,0.000
01/06/06 17:25,0.000
01/06/06 17:30,0.000
01/06/06 17:35,0.000
01/06/06 17:40,0.000
01/06/06 17:45,0.000
01/06/06 17:50,0.000
01/06/06 17:55,0.000
01/06/06 18:00,0.000
01/06/06 18:05,0.000
01/06/06 18:10,0.000
01/06/06 18:15,0.000
01/06/06 18:20,0.000
01/06/06 18:25,0.000
01/06/06 18:30,0.000
01/06/06 18:35,0.000
01/06/06 18:40,0.000
01/06/06 18:45,0.000
01/06/06 18:50,0.000
01/06/06 18:55,0.000
01/06/06 19:00,0.000
01/06/06 19:05,0.000
01/06/06 19:10,0.000
01/06/06 19:15,0.000
01/06/06 19:20,0.000
01/06/06 19:25,0.000
01/06/06 19:30,0.000
01/06/06 19:35,0.000
01/06/06 19:40,0.000
01/06/06 19:45,0.000
01/06/06 19:50,0.000
01/06/06 19:55,0.000
01/06/06 20:00,0.000
01/06/06 20:05,0.000
01/06/06 20:10,0.000
01/06/06 20:15,0.000
01/06/06 20:20,0.000
01/06/06 20:25,0.000
01/06/06 20:30,0.000
01/06/06 20:35,0.000
01/06/06 20:40,0.000
01/06/06 20:45,0.000
01/06/06 20:50,0.000
01/06/06 20:55,0.000
01/06/06 21:00,0.000
01/06/06 21:05,0.000
01/06/06 21:10,0.000
01/06/06 21:15,0.000
01/06/06 21:20,0.000
01/06/06 21:25,0.000
01/06/06 21:30,0.000
01/06/06 21:35,0.000
01/06/06 21:40,0.000
01/06/06 21:45,0.000
01/06/06 21:50,0.000
01/06/06 21:55,0.000
01/06/06 22:00,0.000
01/06/06 22:05,0.000
01/06/06 22:10,0.000
01/06/06 22:15,0.000
01/06/06 22:20,0.000
01/06/06 22:25,0.000
01/06/06 22:30,0.000
01/06/06 22:35,0.000
01/06/06 22:40,0.000
01/06/06 22:45,0.000
01/06/06 22:50,0.000
01/06/06 22:55,0.000
01/06/06 23:00,0.000
01/06/06 23:05,0.000
01/06/06 23:10,0.000
01/06/06 23:15,0.000
01/06/06 23:20,0.000
01/06/06 23:25,0.000
01/06/06 23:30,0.000
01/06/06 23:35,0.000
01/06/06 23:40,0.000
01/06/06 23:45,0.000
01/06/06 23:50,0.000
01/06/06 23:55,0.000
01/07/06 00:00,0.000
01/07/06 00:05,0.000
01/07/06 00:10,0.000
01/07/06 00:15,0.000
01/07/06 00:20,0.000
01/07/06 00:25,0.000
01/07/06 00:30,0.000
01/07/06 00:35,0.000
01/07/06 00:40,0.000
01/07/06 00:45,0.000
01/07/06 00:50,0.000
01/07/06 00:55,0.000
01/07/06 01:00,0.000
01/07/06 01:05,0.000
01/07/06 01:10,0.000
01/07/06 01:15,0.000
01/07/06 01:20,0.000
01/07/06 01:25,0.000
01/07/06 01:30,0.000
01/07/06 01:35,0.000
01/07/06 01:40,0.000
01/07/06 01:45,0.000
01/07/06 01:50,0.000
01/07/06 01:55,0.000
01/07/06 02:00,0.000
01/07/06 02:05,0.000
01/07/06 02:10,0.000
01/07/06 02:15,0.000
01/07/06 02:20,0.000
01/07/06 02:25,0.000
01/07/06 02:30,0.000
01/07/06 02:35,0.000
01/07/06 02:40,0.000
01/07/06 02:45,0.000
01/07/06 02:50,0.000
01/07/06 02:55,0.000
01/07/06 03:00,0.000
01/07/06 03:05,0.000
01/07/06 03:10,0.000
01/07/06 03:15,0.000
01/07/06 03:20,0.000
01/07/06 03:25,0.000
01/07/06 03:30,0.000
01/07/06 03:35,0.000
01/07/06 03:40,0.000
01/07/06 03:45,0.000
01/07/06 03:50,0.000
01/07/06 03:55,0.000
01/07/06 04:00,0.000
01/07/06 04:05,0.000
01/07/06 04:10,0.000
01/07/06 04:15,0.000
01/07/06 04:20,0.000
01/07/06 04:25,0.000
01/07/06 04:30,0.000
01/07/06 04:35,0.000
01/07/06 04:40,0.000
01/07/06 04:45,0.000
01/07/06 04:50,0.000
01/07/06 04:55,0.000
01/07/06 05:00,0.000
01/07/06 05:05,0.000
01/07/06 05:10,0.000
01/07/06 05:15,0.000
01/07/06 05:20,0.000
01/07/06 05:25,0.000
01/07/06 05:30,0.000
01/07/06 05:35,0.000
01/07/06 05:40,0.000
01/07/06 05:45,0.000
01/07/06 05:50,0.000
01/07/06 05:55,0.000
01/07/06 06:00,0.000
01/07/06 06:05,0.000
01/07/06 06:10,0.000
01/07/06 06:15,0.000
01/07/06 06:20,0.000
01/07/06 06:25,0.000
01/07/06 06:30,0.000
01/07/06 06:35,0.000
01/07/06 06:40,0.000
01/07/06 06:45,0.000
01/07/06 06:50,0.000
01/07/06 06:55,0.000
01/07/06 07:00,0.000
01/07/06 07:05,0.000
01/07/06 07:10,0.000
01/07/06 07:15,0.000
01/07/06 07:20,0.000
01/07/06 07:25,0.000
01/07/06 07:30,0.000
01/07/06 07:35,0.000
01/07/06 07:40,0.000
01/07/06 07:45,0.000
01/07/06 07:50,0.000
01/07/06 07:55,0.000
01/07/06 08:00,0.000
01/07/06 08:05,0.000
01/07/06 08:10,0.000
01/07/06 08:15,0.000
01/07/06 08:20,0.000
01/07/06 08:25,0.000
01/07/06 08:30,0.000
01/07/06 08:35,0.000
01/07/06 08:40,0.001
01/07/06 08:45,0.001
01/07/06 08:50,0.002
01/07/06 08:55,0.003
01/07/06 09:00,0.005
01/07/06 09:05,0.012
01/07/06 09:10,0.029
01/07/06 09:15,0.063
01/07/06 09:20,0.085
01/07/06 09:25,0.104
01/07/06 09:30,0.117
01/07/06 09:35,0.128
01/07/06 09:40,0.147
01/07/06 09:45,0.166
01/07/06 09:50,0.186
01/07/06 09:55,0.205
01/07/06 10:00,0.198
01/07/06 10:05,0.185
01/07/06 10:10,0.171
01/07/06 10:15,0.162
01/07/06 10:20,0.162
01/07/06 10:25,0.157
01/07/06 10:30,0.150
01/07/06 10:35,0.144
01/07/06 10:40,0.145
01/07/06 10:45,0.151
01/07/06 10:50,0.143
01/07/06 10:55,0.126
01/07/06 11:00,0.094
01/07/06 11:05,0.045
01/07/06 11:10,0.010
01/07/06 11:15,0.006
01/07/06 11:20,0.005
01/07/06 11:25,0.005
01/07/06 11:30,0.004
01/07/06 11:35,0.004
01/07/06 11:40,0.003
01/07/06 11:45,0.003
01/07/06 11:50,0.003
01/07/06 11:55,0.002
01/07/06 12:00,0.003
01/07/06 12:05,0.003
01/07/06 12:10,0.005
01/07/06 12:15,0.007
01/07/06 12:20,0.010
01/07/06 12:25,0.013
01/07/06 12:30,0.017
01/07/06 12:35,0.021
01/07/06 12:40,0.026
01/07/06 12:45,0.032
01/07/06 12:50,0.041
01/07/06 12:55,0.055
01/07/06 13:00,0.056
01/07/06 13:05,0.052
01/07/06 13:10,0.053
01/07/06 13:15,0.055
01/07/06 13:20,0.065
01/07/06 13:25,0.083
01/07/06 13:30,0.093
01/07/06 13:35,0.094
01/07/06 13:40,0.093
01/07/06 13:45,0.095
01/07/06 13:50,0.104
01/07/06 13:55,0.104
01/07/06 14:00,0.103
01/07/06 14:05,0.097
01/07/06 14:10,0.091
01/07/06 14:15,0.084
01/07/06 14:20,0.078
01/07/06 14:25,0.074
01/07/06 14:30,0.073
01/07/06 14:35,0.035
01/07/06 14:40,0.020
01/07/06 14:45,0.013
01/07/06 14:50,0.016
01/07/06 14:55,0.014
01/07/06 15:00,0.008
01/07/06 15:05,0.004
01/07/06 15:10,0.002
01/07/06 15:15,0.001
01/07/06 15:20,0.001
01/07/06 15:25,0.000
01/07/06 15:30,0.000
01/07/06 15:35,0.000
01/07/06 15:40,0.000
01/07/06 15:45,0.000
01/07/06 15:50,0.000
01/07/06 15:55,0.000
01/07/06 16:00,0.000
01/07/06 16:05,0.000
01/07/06 16:10,0.000
01/07/06 16:15,0.000
01/07/06 16:20,0.000
01/07/06 16:25,0.000
01/07/06 16:30,0.000
01/07/06 16:35,0.000
01/07/06 16:40,0.000
01/07/06 16:45,0.000
01/07/06 16:50,0.000
01/07/06 16:55,0.000
01/07/06 17:00,0.000
01/07/06 17:05,0.000
01/07/06 17:10,0.000
01/07/06 17:15,0.000
01/07/06 17:20,0.000
01/07/06 17:25,0.000
01/07/06 17:30,0.000
01/07/06 17:35,0.000
01/07/06 17:40,0.000
01/07/06 17:45,0.000
01/07/06 17:50,0.000
01/07/06 17:55,0.000
01/07/06 18:00,0.000
01/07/06 18:05,0.000
01/07/06 18:10,0.000
01/07/06 18:15,0.000
01/07/06 18:20,0.000
01/07/06 18:25,0.000
01/07/06 18:30,0.000
01/07/06 18:35,0.000
01/07/06 18:40,0.000
01/07/06 18:45,0.000
01/07/06 18:50,0.000
01/07/06 18:55,0.000
01/07/06 19:00,0.000
01/07/06 19:05,0.000
01/07/06 19:10,0.000
01/07/06 19:15,0.000
01/07/06 19:20,0.000
01/07/06 19:25,0.000
01/07/06 19:30,0.000
01/07/06 19:35,0.000
01/07/06 19:40,0.000
01/07/06 19:45,0.000
01/07/06 19:50,0.000
01/07/06 19:55,0.000
01/07/06 20:00,0.000
01/07/06 20:05,0.000
01/07/06 20:10,0.000
01/07/06 20:15,0.000
01/07/06 20:20,0.000
01/07/06 20:25,0.000
01/07/06 20:30,0.000
01/07/06 20:35,0.000
01/07/06 20:40,0.000
01/07/06 20:45,0.000
01/07/06 20:50,0.000
01/07/06 20:55,0.000
01/07/06 21:00,0.000
01/07/06 21:05,0.000
01/07/06 21:10,0.000
01/07/06 21:15,0.000
01/07/06 21:20,0.000
01/07/06 21:25,0.000
01/07/06 21:30,0.000
01/07/06 21:35,0.000
01/07/06 21:40,0.000
01/07/06 21:45,0.000
01/07/06 21:50,0.000
01/07/06 21:55,0.000
01/07/06 22:00,0.000
01/07/06 22:05,0.000
01/07/06 22:10,0.000
01/07/06 22:15,0.000
01/07/06 22:20,0.000
01/07/06 22:25,0.000
01/07/06 22:30,0.000
01/07/06 22:35,0.000
01/07/06 22:40,0.000
01/07/06 22:45,0.000
01/07/06 22:50,0.000
01/07/06 22:55,0.000
01/07/06 23:00,0.000
01/07/06 23:05,0.000
01/07/06 23:10,0.000
01/07/06 23:15,0.000
01/07/06 23:20,0.000
01/07/06 23:25,0.000
01/07/06 23:30,0.000
01/07/06 23:35,0.000
01/07/06 23:40,0.000
01/07/06 23:45,0.000
01/07/06 23:50,0.000
01/07/06 23:55,0.000
01/08/06 00:00,0.000
01/08/06 00:05,0.000
01/08/06 00:10,0.000
01/08/06 00:15,0.000
01/08/06 00:20,0.000
01/08/06 00:25,0.000
01/08/06 00:30,0.000
01/08/06 00:35,0.000
01/08/06 00:40,0.000
01/08/06 00:45,0.000
01/08/06 00:50,0.000
01/08/06 00:55,0.000
01/08/06 01:00,0.000
01/08/06 01:05,0.000
01/08/06 01:10,0.000
01/08/06 01:15,0.000
01/08/06 01:20,0.000
01/08/06 01:25,0.000
01/08/06 01:30,0.000
01/08/06 01:35,0.000
01/08/06 01:40,0.000
01/08/06 01:45,0.000
01/08/06 01:50,0.000
01/08/06 01:55,0.000
01/08/06 02:00,0.000
01/08/06 02:05,0.000
01/08/06 02:10,0.000
01/08/06 02:15,0.000
01/08/06 02:20,0.000
01/08/06 02:25,0.000
01/08/06 02:30,0.000
01/08/06 02:35,0.000
01/08/06 02:40,0.000
01/08/06 02:45,0.000
01/08/06 02:50,0.000
01/08/06 02:55,0.000
01/08/06 03:00,0.000
01/08/06 03:05,0.000
01/08/06 03:10,0.000
01/08/06 03:15,0.000
01/08/06 03:20,0.000
01/08/06 03:25,0.000
01/08/06 03:30,0.000
01/08/06 03:35,0.000
01/08/06 03:40,0.000
01/08/06 03:45,0.000
01/08/06 03:50,0.000
01/08/06 03:55,0.000
01/08/06 04:00,0.000
01/08/06 04:05,0.000
01/08/06 04:10,0.000
01/08/06 04:15,0.000
01/08/06 04:20,0.000
01/08/06 04:25,0.000
01/08/06 04:30,0.000
01/08/06 04:35,0.000
01/08/06 04:40,0.000
01/08/06 04:45,0.000
01/08/06 04:50,0.000
01/08/06 04:55,0.000
01/08/06 05:00,0.000
01/08/06 05:05,0.000
01/08/06 05:10,0.000
01/08/06 05:15,0.000
01/08/06 05:20,0.000
01/08/06 05:25,0.000
01/08/06 05:30,0.000
01/08/06 05:35,0.000
01/08/06 05:40,0.000
01/08/06 05:45,0.000
01/08/06 05:50,0.000
01/08/06 05:55,0.000
01/08/06 06:00,0.000
01/08/06 06:05,0.000
01/08/06 06:10,0.000
01/08/06 06:15,0.000
01/08/06 06:20,0.000
01/08/06 06:25,0.000
01/08/06 06:30,0.000
01/08/06 06:35,0.000
01/08/06 06:40,0.000
01/08/06 06:45,0.000
01/08/06 06:50,0.000
01/08/06 06:55,0.000
01/08/06 07:00,0.000
01/08/06 07:05,0.000
01/08/06 07:10,0.000
01/08/06 07:15,0.000
01/08/06 07:20,0.000
01/08/06 07:25,0.000
01/08/06 07:30,0.000
01/08/06 07:35,0.000
01/08/06 07:40,0.000
01/08/06 07:45,0.000
01/08/06 07:50,0.000
01/08/06 07:55,0.000
01/08/06 08:00,0.000
01/08/06 08:05,0.000
01/08/06 08:10,0.001
01/08/06 08:15,0.012
01/08/06 08:20,0.034
01/08/06 08:25,0.081
01/08/06 08:30,0.096
01/08/06 08:35,0.111
01/08/06 08:40,0.126
01/08/06 08:45,0.141
01/08/06 08:50,0.156
01/08/06 08:55,0.174
01/08/06 09:00,0.190
01/08/06 09:05,0.204
01/08/06 09:10,0.217
01/08/06 09:15,0.228
01/08/06 09:20,0.239
01/08/06 09:25,0.250
01/08/06 09:30,0.260
01/08/06 09:35,0.269
01/08/06 09:40,0.278
01/08/06 09:45,0.285
01/08/06 09:50,0.292
01/08/06 09:55,0.298
01/08/06 10:00,0.302
01/08/06 10:05,0.305
01/08/06 10:10,0.304
01/08/06 10:15,0.302
01/08/06 10:20,0.295
01/08/06 10:25,0.286
01/08/06 10:30,0.279
01/08/06 10:35,0.270
01/08/06 10:40,0.259
01/08/06 10:45,0.246
01/08/06 10:50,0.238
01/08/06 10:55,0.231
01/08/06 11:00,0.225
01/08/06 11:05,0.194
01/08/06 11:10,0.145
01/08/06 11:15,0.111
01/08/06 11:20,0.086
01/08/06 11:25,0.062
01/08/06 11:30,0.049
01/08/06 11:35,0.054
01/08/06 11:40,0.061
01/08/06 11:45,0.063
01/08/06 11:50,0.037
01/08/06 11:55,0.027
01/08/06 12:00,0.071
01/08/06 12:05,0.093
01/08/06 12:10,0.116
01/08/06 12:15,0.131
01/08/06 12:20,0.149
01/08/06 12:25,0.154
01/08/06 12:30,0.154
01/08/06 12:35,0.156
01/08/06 12:40,0.160
01/08/06 12:45,0.158
01/08/06 12:50,0.156
01/08/06 12:55,0.153
01/08/06 13:00,0.161
01/08/06 13:05,0.171
01/08/06 13:10,0.185
01/08/06 13:15,0.191
01/08/06 13:20,0.194
01/08/06 13:25,0.190
01/08/06 13:30,0.182
01/08/06 13:35,0.178
01/08/06 13:40,0.176
01/08/06 13:45,0.175
01/08/06 13:50,0.172
01/08/06 13:55,0.171
01/08/06 14:00,0.168
01/08/06 14:05,0.150
01/08/06 14:10,0.137
01/08/06 14:15,0.142
01/08/06 14:20,0.155
01/08/06 14:25,0.152
01/08/06 14:30,0.143
01/08/06 14:35,0.139
01/08/06 14:40,0.150
01/08/06 14:45,0.161
01/08/06 14:50,0.151
01/08/06 14:55,0.155
01/08/06 15:00,0.155
01/08/06 15:05,0.148
01/08/06 15:10,0.139
01/08/06 15:15,0.126
01/08/06 15:20,0.112
01/08/06 15:25,0.097
01/08/06 15:30,0.081
01/08/06 15:35,0.037
01/08/06 15:40,0.013
01/08/06 15:45,0.003
01/08/06 15:50,0.000
01/08/06 15:55,0.000
01/08/06 16:00,0.000
01/08/06 16:05,0.000
01/08/06 16:10,0.000
01/08/06 16:15,0.000
01/08/06 16:20,0.000
01/08/06 16:25,0.000
01/08/06 16:30,0.000
01/08/06 16:35,0.000
01/08/06 16:40,0.000
01/08/06 16:45,0.000
01/08/06 16:50,0.000
01/08/06 16:55,0.000
01/08/06 17:00,0.000
01/08/06 17:05,0.000
01/08/06 17:10,0.000
01/08/06 17:15,0.000
01/08/06 17:20,0.000
01/08/06 17:25,0.000
01/08/06 17:30,0.000
01/08/06 17:35,0.000
01/08/06 17:40,0.000
01/08/06 17:45,0.000
01/08/06 17:50,0.000
01/08/06 17:55,0.000
01/08/06 18:00,0.000
01/08/06 18:05,0.000
01/08/06 18:10,0.000
01/08/06 18:15,0.000
01/08/06 18:20,0.000
01/08/06 18:25,0.000
01/08/06 18:30,0.000
01/08/06 18:35,0.000
01/08/06 18:40,0.000
01/08/06 18:45,0.000
01/08/06 18:50,0.000
01/08/06 18:55,0.000
01/08/06 19:00,0.000
01/08/06 19:05,0.000
01/08/06 19:10,0.000
01/08/06 19:15,0.000
01/08/06 19:20,0.000
01/08/06 19:25,0.000
01/08/06 19:30,0.000
01/08/06 19:35,0.000
01/08/06 19:40,0.000
01/08/06 19:45,0.000
01/08/06 19:50,0.000
01/08/06 19:55,0.000
01/08/06 20:00,0.000
01/08/06 20:05,0.000
01/08/06 20:10,0.000
01/08/06 20:15,0.000
01/08/06 20:20,0.000
01/08/06 20:25,0.000
01/08/06 20:30,0.000
01/08/06 20:35,0.000
01/08/06 20:40,0.000
01/08/06 20:45,0.000
01/08/06 20:50,0.000
01/08/06 20:55,0.000
01/08/06 21:00,0.000
01/08/06 21:05,0.000
01/08/06 21:10,0.000
01/08/06 21:15,0.000
01/08/06 21:20,0.000
01/08/06 21:25,0.000
01/08/06 21:30,0.000
01/08/06 21:35,0.000
01/08/06 21:40,0.000
01/08/06 21:45,0.000
01/08/06 21:50,0.000
01/08/06 21:55,0.000
01/08/06 22:00,0.000
01/08/06 22:05,0.000
01/08/06 22:10,0.000
01/08/06 22:15,0.000
01/08/06 22:20,0.000
01/08/06 22:25,0.000
01/08/06 22:30,0.000
01/08/06 22:35,0.000
01/08/06 22:40,0.000
01/08/06 22:45,0.000
01/08/06 22:50,0.000
01/08/06 22:55,0.000
01/08/06 23:00,0.000
01/08/06 23:05,0.000
01/08/06 23:10,0.000
01/08/06 23:15,0.000
01/08/06 23:20,0.000
01/08/06 23:25,0.000
01/08/06 23:30,0.000
01/08/06 23:35,0.000
01/08/06 23:40,0.000
01/08/06 23:45,0.000
01/08/06 23:50,0.000
01/08/06 23:55,0.000
01/09/06 00:00,0.000
01/09/06 00:05,0.000
01/09/06 00:10,0.000
01/09/06 00:15,0.000
01/09/06 00:20,0.000
01/09/06 00:25,0.000
01/09/06 00:30,0.000
01/09/06 00:35,0.000
01/09/06 00:40,0.000
01/09/06 00:45,0.000
01/09/06 00:50,0.000
01/09/06 00:55,0.000
01/09/06 01:00,0.000
01/09/06 01:05,0.000
01/09/06 01:10,0.000
01/09/06 01:15,0.000
01/09/06 01:20,0.000
01/09/06 01:25,0.000
01/09/06 01:30,0.000
01/09/06 01:35,0.000
01/09/06 01:40,0.000
01/09/06 01:45,0.000
01/09/06 01:50,0.000
01/09/06 01:55,0.000
01/09/06 02:00,0.000
01/09/06 02:05,0.000
01/09/06 02:10,0.000
01/09/06 02:15,0.000
01/09/06 02:20,0.000
01/09/06 02:25,0.000
01/09/06 02:30,0.000
01/09/06 02:35,0.000
01/09/06 02:40,0.000
01/09/06 02:45,0.000
01/09/06 02:50,0.000
01/09/06 02:55,0.000
01/09/06 03:00,0.000
01/09/06 03:05,0.000
01/09/06 03:10,0.000
01/09/06 03:15,0.000
01/09/06 03:20,0.000
01/09/06 03:25,0.000
01/09/06 03:30,0.000
01/09/06 03:35,0.000
01/09/06 03:40,0.000
01/09/06 03:45,0.000
01/09/06 03:50,0.000
01/09/06 03:55,0.000
01/09/06 04:00,0.000
01/09/06 04:05,0.000
01/09/06 04:10,0.000
01/09/06 04:15,0.000
01/09/06 04:20,0.000
01/09/06 04:25,0.000
01/09/06 04:30,0.000
01/09/06 04:35,0.000
01/09/06 04:40,0.000
01/09/06 04:45,0.000
01/09/06 04:50,0.000
01/09/06 04:55,0.000
01/09/06 05:00,0.000
01/09/06 05:05,0.000
01/09/06 05:10,0.000
01/09/06 05:15,0.000
01/09/06 05:20,0.000
01/09/06 05:25,0.000
01/09/06 05:30,0.000
01/09/06 05:35,0.000
01/09/06 05:40,0.000
01/09/06 05:45,0.000
01/09/06 05:50,0.000
01/09/06 05:55,0.000
01/09/06 06:00,0.000
01/09/06 06:05,0.000
01/09/06 06:10,0.000
01/09/06 06:15,0.000
01/09/06 06:20,0.000
01/09/06 06:25,0.000
01/09/06 06:30,0.000
01/09/06 06:35,0.000
01/09/06 06:40,0.000
01/09/06 06:45,0.000
01/09/06 06:50,0.000
01/09/06 06:55,0.000
01/09/06 07:00,0.000
01/09/06 07:05,0.000
01/09/06 07:10,0.000
01/09/06 07:15,0.000
01/09/06 07:20,0.000
01/09/06 07:25,0.000
01/09/06 07:30,0.000
01/09/06 07:35,0.000
01/09/06 07:40,0.000
01/09/06 07:45,0.000
01/09/06 07:50,0.000
01/09/06 07:55,0.000
01/09/06 08:00,0.000
01/09/06 08:05,0.000
01/09/06 08:10,0.008
01/09/06 08:15,0.047
01/09/06 08:20,0.090
01/09/06 08:25,0.108
01/09/06 08:30,0.128
01/09/06 08:35,0.146
01/09/06 08:40,0.164
01/09/06 08:45,0.183
01/09/06 08:50,0.201
01/09/06 08:55,0.220
01/09/06 09:00,0.230
01/09/06 09:05,0.232
01/09/06 09:10,0.224
01/09/06 09:15,0.211
01/09/06 09:20,0.193
01/09/06 09:25,0.176
01/09/06 09:30,0.160
01/09/06 09:35,0.138
01/09/06 09:40,0.121
01/09/06 09:45,0.097
01/09/06 09:50,0.044
01/09/06 09:55,0.020
01/09/06 10:00,0.011
01/09/06 10:05,0.007
01/09/06 10:10,0.006
01/09/06 10:15,0.007
01/09/06 10:20,0.009
01/09/06 10:25,0.013
01/09/06 10:30,0.028
01/09/06 10:35,0.060
01/09/06 10:40,0.082
01/09/06 10:45,0.100
01/09/06 10:50,0.115
01/09/06 10:55,0.137
01/09/06 11:00,0.144
01/09/06 11:05,0.142
01/09/06 11:10,0.129
01/09/06 11:15,0.122
01/09/06 11:20,0.109
01/09/06 11:25,0.101
01/09/06 11:30,0.087
01/09/06 11:35,0.070
01/09/06 11:40,0.035
01/09/06 11:45,0.023
01/09/06 11:50,0.014
01/09/06 11:55,0.008
01/09/06 12:00,0.006
01/09/06 12:05,0.005
01/09/06 12:10,0.006
01/09/06 12:15,0.008
01/09/06 12:20,0.012
01/09/06 12:25,0.022
01/09/06 12:30,0.044
01/09/06 12:35,0.067
01/09/06 12:40,0.079
01/09/06 12:45,0.083
01/09/06 12:50,0.085
01/09/06 12:55,0.086
01/09/06 13:00,0.085
01/09/06 13:05,0.085
01/09/06 13:10,0.091
01/09/06 13:15,0.108
01/09/06 13:20,0.131
01/09/06 13:25,0.155
01/09/06 13:30,0.182
01/09/06 13:35,0.205
01/09/06 13:40,0.233
01/09/06 13:45,0.256
01/09/06 13:50,0.275
01/09/06 13:55,0.293
01/09/06 14:00,0.251
01/09/06 14:05,0.197
01/09/06 14:10,0.191
01/09/06 14:15,0.215
01/09/06 14:20,0.242
01/09/06 14:25,0.251
01/09/06 14:30,0.248
01/09/06 14:35,0.235
01/09/06 14:40,0.224
01/09/06 14:45,0.199
01/09/06 14:50,0.135
01/09/06 14:55,0.072
01/09/06 15:00,0.008
01/09/06 15:05,0.002
01/09/06 15:10,0.001
01/09/06 15:15,0.001
01/09/06 15:20,0.001
01/09/06 15:25,0.001
01/09/06 15:30,0.000
01/09/06 15:35,0.000
01/09/06 15:40,0.000
01/09/06 15:45,0.000
01/09/06 15:50,0.000
01/09/06 15:55,0.000
01/09/06 16:00,0.000
01/09/06 16:05,0.000
01/09/06 16:10,0.000
01/09/06 16:15,0.000
01/09/06 16:20,0.000
01/09/06 16:25,0.000
01/09/06 16:30,0.000
01/09/06 16:35,0.000
01/09/06 16:40,0.000
01/09/06 16:45,0.000
01/09/06 16:50,0.000
01/09/06 16:55,0.000
01/09/06 17:00,0.000
01/09/06 17:05,0.000
01/09/06 17:10,0.000
01/09/06 17:15,0.000
01/09/06 17:20,0.000
01/09/06 17:25,0.000
01/09/06 17:30,0.000
01/09/06 17:35,0.000
01/09/06 17:40,0.000
01/09/06 17:45,0.000
01/09/06 17:50,0.000
01/09/06 17:55,0.000
01/09/06 18:00,0.000
01/09/06 18:05,0.000
01/09/06 18:10,0.000
01/09/06 18:15,0.000
01/09/06 18:20,0.000
01/09/06 18:25,0.000
01/09/06 18:30,0.000
01/09/06 18:35,0.000
01/09/06 18:40,0.000
01/09/06 18:45,0.000
01/09/06 18:50,0.000
01/09/06 18:55,0.000
01/09/06 19:00,0.000
01/09/06 19:05,0.000
01/09/06 19:10,0.000
01/09/06 19:15,0.000
01/09/06 19:20,0.000
01/09/06 19:25,0.000
01/09/06 19:30,0.000
01/09/06 19:35,0.000
01/09/06 19:40,0.000
01/09/06 19:45,0.000
01/09/06 19:50,0.000
01/09/06 19:55,0.000
01/09/06 20:00,0.000
01/09/06 20:05,0.000
01/09/06 20:10,0.000
01/09/06 20:15,0.000
01/09/06 20:20,0.000
01/09/06 20:25,0.000
01/09/06 20:30,0.000
01/09/06 20:35,0.000
01/09/06 20:40,0.000
01/09/06 20:45,0.000
01/09/06 20:50,0.000
01/09/06 20:55,0.000
01/09/06 21:00,0.000
01/09/06 21:05,0.000
01/09/06 21:10,0.000
01/09/06 21:15,0.000
01/09/06 21:20,0.000
01/09/06 21:25,0.000
01/09/06 21:30,0.000
01/09/06 21:35,0.000
01/09/06 21:40,0.000
01/09/06 21:45,0.000
01/09/06 21:50,0.000
01/09/06 21:55,0.000
01/09/06 22:00,0.000
01/09/06 22:05,0.000
01/09/06 22:10,0.000
01/09/06 22:15,0.000
01/09/06 22:20,0.000
01/09/06 22:25,0.000
01/09/06 22:30,0.000
01/09/06 22:35,0.000
01/09/06 22:40,0.000
01/09/06 22:45,0.000
01/09/06 22:50,0.000
01/09/06 22:55,0.000
01/09/06 23:00,0.000
01/09/06 23:05,0.000
01/09/06 23:10,0.000
01/09/06 23:15,0.000
01/09/06 23:20,0.000
01/09/06 23:25,0.000
01/09/06 23:30,0.000
01/09/06 23:35,0.000
01/09/06 23:40,0.000
01/09/06 23:45,0.000
01/09/06 23:50,0.000
01/09/06 23:55,0.000
01/10/06 00:00,0.000
01/10/06 00:05,0.000
01/10/06 00:10,0.000
01/10/06 00:15,0.000
01/10/06 00:20,0.000
01/10/06 00:25,0.000
01/10/06 00:30,0.000
01/10/06 00:35,0.000
01/10/06 00:40,0.000
01/10/06 00:45,0.000
01/10/06 00:50,0.000
01/10/06 00:55,0.000
01/10/06 01:00,0.000
01/10/06 01:05,0.000
01/10/06 01:10,0.000
01/10/06 01:15,0.000
01/10/06 01:20,0.000
01/10/06 01:25,0.000
01/10/06 01:30,0.000
01/10/06 01:35,0.000
01/10/06 01:40,0.000
01/10/06 01:45,0.000
01/10/06 01:50,0.000
01/10/06 01:55,0.000
01/10/06 02:00,0.000
01/10/06 02:05,0.000
01/10/06 02:10,0.000
01/10/06 02:15,0.000
01/10/06 02:20,0.000
01/10/06 02:25,0.000
01/10/06 02:30,0.000
01/10/06 02:35,0.000
01/10/06 02:40,0.000
01/10/06 02:45,0.000
01/10/06 02:50,0.000
01/10/06 02:55,0.000
01/10/06 03:00,0.000
01/10/06 03:05,0.000
01/10/06 03:10,0.000
01/10/06 03:15,0.000
01/10/06 03:20,0.000
01/10/06 03:25,0.000
01/10/06 03:30,0.000
01/10/06 03:35,0.000
01/10/06 03:40,0.000
01/10/06 03:45,0.000
01/10/06 03:50,0.000
01/10/06 03:55,0.000
01/10/06 04:00,0.000
01/10/06 04:05,0.000
01/10/06 04:10,0.000
01/10/06 04:15,0.000
01/10/06 04:20,0.000
01/10/06 04:25,0.000
01/10/06 04:30,0.000
01/10/06 04:35,0.000
01/10/06 04:40,0.000
01/10/06 04:45,0.000
01/10/06 04:50,0.000
01/10/06 04:55,0.000
01/10/06 05:00,0.000
01/10/06 05:05,0.000
01/10/06 05:10,0.000
01/10/06 05:15,0.000
01/10/06 05:20,0.000
01/10/06 05:25,0.000
01/10/06 05:30,0.000
01/10/06 05:35,0.000
01/10/06 05:40,0.000
01/10/06 05:45,0.000
01/10/06 05:50,0.000
01/10/06 05:55,0.000
01/10/06 06:00,0.000
01/10/06 06:05,0.000
01/10/06 06:10,0.000
01/10/06 06:15,0.000
01/10/06 06:20,0.000
01/10/06 06:25,0.000
01/10/06 06:30,0.000
01/10/06 06:35,0.000
01/10/06 06:40,0.000
01/10/06 06:45,0.000
01/10/06 06:50,0.000
01/10/06 06:55,0.000
01/10/06 07:00,0.000
01/10/06 07:05,0.000
01/10/06 07:10,0.000
01/10/06 07:15,0.000
01/10/06 07:20,0.000
01/10/06 07:25,0.000
01/10/06 07:30,0.000
01/10/06 07:35,0.000
01/10/06 07:40,0.000
01/10/06 07:45,0.000
01/10/06 07:50,0.000
01/10/06 07:55,0.000
01/10/06 08:00,0.000
01/10/06 08:05,0.000
01/10/06 08:10,0.011
01/10/06 08:15,0.049
01/10/06 08:20,0.086
01/10/06 08:25,0.106
01/10/06 08:30,0.126
01/10/06 08:35,0.143
01/10/06 08:40,0.162
01/10/06 08:45,0.180
01/10/06 08:50,0.199
01/10/06 08:55,0.218
01/10/06 09:00,0.227
01/10/06 09:05,0.225
01/10/06 09:10,0.222
01/10/06 09:15,0.212
01/10/06 09:20,0.195
01/10/06 09:25,0.172
01/10/06 09:30,0.151
01/10/06 09:35,0.131
01/10/06 09:40,0.092
01/10/06 09:45,0.052
01/10/06 09:50,0.032
01/10/06 09:55,0.022
01/10/06 10:00,0.014
01/10/06 10:05,0.013
01/10/06 10:10,0.019
01/10/06 10:15,0.033
01/10/06 10:20,0.063
01/10/06 10:25,0.085
01/10/06 10:30,0.109
01/10/06 10:35,0.139
01/10/06 10:40,0.168
01/10/06 10:45,0.205
01/10/06 10:50,0.238
01/10/06 10:55,0.278
01/10/06 11:00,0.247
01/10/06 11:05,0.169
01/10/06 11:10,0.126
01/10/06 11:15,0.171
01/10/06 11:20,0.170
01/10/06 11:25,0.147
01/10/06 11:30,0.124
01/10/06 11:35,0.098
01/10/06 11:40,0.086
01/10/06 11:45,0.106
01/10/06 11:50,0.183
01/10/06 11:55,0.256
01/10/06 12:00,0.238
01/10/06 12:05,0.221
01/10/06 12:10,0.213
01/10/06 12:15,0.210
01/10/06 12:20,0.212
01/10/06 12:25,0.212
01/10/06 12:30,0.216
01/10/06 12:35,0.217
01/10/06 12:40,0.226
01/10/06 12:45,0.230
01/10/06 12:50,0.234
01/10/06 12:55,0.238
01/10/06 13:00,0.242
01/10/06 13:05,0.236
01/10/06 13:10,0.223
01/10/06 13:15,0.205
01/10/06 13:20,0.190
01/10/06 13:25,0.177
01/10/06 13:30,0.164
01/10/06 13:35,0.151
01/10/06 13:40,0.131
01/10/06 13:45,0.107
01/10/06 13:50,0.083
01/10/06 13:55,0.050
01/10/06 14:00,0.067
01/10/06 14:05,0.111
01/10/06 14:10,0.123
01/10/06 14:15,0.120
01/10/06 14:20,0.133
01/10/06 14:25,0.124
01/10/06 14:30,0.111
01/10/06 14:35,0.083
01/10/06 14:40,0.069
01/10/06 14:45,0.047
01/10/06 14:50,0.023
01/10/06 14:55,0.004
01/10/06 15:00,0.001
01/10/06 15:05,0.000
01/10/06 15:10,0.000
01/10/06 15:15,0.000
01/10/06 15:20,0.000
01/10/06 15:25,0.000
01/10/06 15:30,0.000
01/10/06 15:35,0.000
01/10/06 15:40,0.000
01/10/06 15:45,0.000
01/10/06 15:50,0.000
01/10/06 15:55,0.000
01/10/06 16:00,0.000
01/10/06 16:05,0.000
01/10/06 16:10,0.000
01/10/06 16:15,0.000
01/10/06 16:20,0.000
01/10/06 16:25,0.000
01/10/06 16:30,0.000
01/10/06 16:35,0.000
01/10/06 16:40,0.000
01/10/06 16:45,0.000
01/10/06 16:50,0.000
01/10/06 16:55,0.000
01/10/06 17:00,0.000
01/10/06 17:05,0.000
01/10/06 17:10,0.000
01/10/06 17:15,0.000
01/10/06 17:20,0.000
01/10/06 17:25,0.000
01/10/06 17:30,0.000
01/10/06 17:35,0.000
01/10/06 17:40,0.000
01/10/06 17:45,0.000
01/10/06 17:50,0.000
01/10/06 17:55,0.000
01/10/06 18:00,0.000
01/10/06 18:05,0.000
01/10/06 18:10,0.000
01/10/06 18:15,0.000
01/10/06 18:20,0.000
01/10/06 18:25,0.000
01/10/06 18:30,0.000
01/10/06 18:35,0.000
01/10/06 18:40,0.000
01/10/06 18:45,0.000
01/10/06 18:50,0.000
01/10/06 18:55,0.000
01/10/06 19:00,0.000
01/10/06 19:05,0.000
01/10/06 19:10,0.000
01/10/06 19:15,0.000
01/10/06 19:20,0.000
01/10/06 19:25,0.000
01/10/06 19:30,0.000
01/10/06 19:35,0.000
01/10/06 19:40,0.000
01/10/06 19:45,0.000
01/10/06 19:50,0.000
01/10/06 19:55,0.000
01/10/06 20:00,0.000
01/10/06 20:05,0.000
01/10/06 20:10,0.000
01/10/06 20:15,0.000
01/10/06 20:20,0.000
01/10/06 20:25,0.000
01/10/06 20:30,0.000
01/10/06 20:35,0.000
01/10/06 20:40,0.000
01/10/06 20:45,0.000
01/10/06 20:50,0.000
01/10/06 20:55,0.000
01/10/06 21:00,0.000
01/10/06 21:05,0.000
01/10/06 21:10,0.000
01/10/06 21:15,0.000
01/10/06 21:20,0.000
01/10/06 21:25,0.000
01/10/06 21:30,0.000
01/10/06 21:35,0.000
01/10/06 21:40,0.000
01/10/06 21:45,0.000
01/10/06 21:50,0.000
01/10/06 21:55,0.000
01/10/06 22:00,0.000
01/10/06 22:05,0.000
01/10/06 22:10,0.000
01/10/06 22:15,0.000
01/10/06 22:20,0.000
01/10/06 22:25,0.000
01/10/06 22:30,0.000
01/10/06 22:35,0.000
01/10/06 22:40,0.000
01/10/06 22:45,0.000
01/10/06 22:50,0.000
01/10/06 22:55,0.000
01/10/06 23:00,0.000
01/10/06 23:05,0.000
01/10/06 23:10,0.000
01/10/06 23:15,0.000
01/10/06 23:20,0.000
01/10/06 23:25,0.000
01/10/06 23:30,0.000
01/10/06 23:35,0.000
01/10/06 23:40,0.000
01/10/06 23:45,0.000
01/10/06 23:50,0.000
01/10/06 23:55,0.000
01/11/06 00:00,0.000
01/11/06 00:05,0.000
01/11/06 00:10,0.000
01/11/06 00:15,0.000
01/11/06 00:20,0.000
01/11/06 00:25,0.000
01/11/06 00:30,0.000
01/11/06 00:35,0.000
01/11/06 00:40,0.000
01/11/06 00:45,0.000
01/11/06 00:50,0.000
01/11/06 00:55,0.000
01/11/06 01:00,0.000
01/11/06 01:05,0.000
01/11/06 01:10,0.000
01/11/06 01:15,0.000
01/11/06 01:20,0.000
01/11/06 01:25,0.000
01/11/06 01:30,0.000
01/11/06 01:35,0.000
01/11/06 01:40,0.000
01/11/06 01:45,0.000
01/11/06 01:50,0.000
01/11/06 01:55,0.000
01/11/06 02:00,0.000
01/11/06 02:05,0.000
01/11/06 02:10,0.000
01/11/06 02:15,0.000
01/11/06 02:20,0.000
01/11/06 02:25,0.000
01/11/06 02:30,0.000
01/11/06 02:35,0.000
01/11/06 02:40,0.000
01/11/06 02:45,0.000
01/11/06 02:50,0.000
01/11/06 02:55,0.000
01/11/06 03:00,0.000
01/11/06 03:05,0.000
01/11/06 03:10,0.000
01/11/06 03:15,0.000
01/11/06 03:20,0.000
01/11/06 03:25,0.000
01/11/06 03:30,0.000
01/11/06 03:35,0.000
01/11/06 03:40,0.000
01/11/06 03:45,0.000
01/11/06 03:50,0.000
01/11/06 03:55,0.000
01/11/06 04:00,0.000
01/11/06 04:05,0.000
01/11/06 04:10,0.000
01/11/06 04:15,0.000
01/11/06 04:20,0.000
01/11/06 04:25,0.000
01/11/06 04:30,0.000
01/11/06 04:35,0.000
01/11/06 04:40,0.000
01/11/06 04:45,0.000
01/11/06 04:50,0.000
01/11/06 04:55,0.000
01/11/06 05:00,0.000
01/11/06 05:05,0.000
01/11/06 05:10,0.000
01/11/06 05:15,0.000
01/11/06 05:20,0.000
01/11/06 05:25,0.000
01/11/06 05:30,0.000
01/11/06 05:35,0.000
01/11/06 05:40,0.000
01/11/06 05:45,0.000
01/11/06 05:50,0.000
01/11/06 05:55,0.000
01/11/06 06:00,0.000
01/11/06 06:05,0.000
01/11/06 06:10,0.000
01/11/06 06:15,0.000
01/11/06 06:20,0.000
01/11/06 06:25,0.000
01/11/06 06:30,0.000
01/11/06 06:35,0.000
01/11/06 06:40,0.000
01/11/06 06:45,0.000
01/11/06 06:50,0.000
01/11/06 06:55,0.000
01/11/06 07:00,0.000
01/11/06 07:05,0.000
01/11/06 07:10,0.000
01/11/06 07:15,0.000
01/11/06 07:20,0.000
01/11/06 07:25,0.000
01/11/06 07:30,0.000
01/11/06 07:35,0.000
01/11/06 07:40,0.000
01/11/06 07:45,0.000
01/11/06 07:50,0.000
01/11/06 07:55,0.000
01/11/06 08:00,0.000
01/11/06 08:05,0.000
01/11/06 08:10,0.004
01/11/06 08:15,0.018
01/11/06 08:20,0.059
01/11/06 08:25,0.088
01/11/06 08:30,0.103
01/11/06 08:35,0.119
01/11/06 08:40,0.135
01/11/06 08:45,0.151
01/11/06 08:50,0.167
01/11/06 08:55,0.183
01/11/06 09:00,0.197
01/11/06 09:05,0.210
01/11/06 09:10,0.222
01/11/06 09:15,0.234
01/11/06 09:20,0.245
01/11/06 09:25,0.255
01/11/06 09:30,0.266
01/11/06 09:35,0.276
01/11/06 09:40,0.287
01/11/06 09:45,0.297
01/11/06 09:50,0.308
01/11/06 09:55,0.320
01/11/06 10:00,0.301
01/11/06 10:05,0.269
01/11/06 10:10,0.212
01/11/06 10:15,0.175
01/11/06 10:20,0.149
01/11/06 10:25,0.163
01/11/06 10:30,0.122
01/11/06 10:35,0.100
01/11/06 10:40,0.116
01/11/06 10:45,0.111
01/11/06 10:50,0.148
01/11/06 10:55,0.157
01/11/06 11:00,0.177
01/11/06 11:05,0.186
01/11/06 11:10,0.185
01/11/06 11:15,0.171
01/11/06 11:20,0.165
01/11/06 11:25,0.153
01/11/06 11:30,0.138
01/11/06 11:35,0.129
01/11/06 11:40,0.120
01/11/06 11:45,0.101
01/11/06 11:50,0.082
01/11/06 11:55,0.064
01/11/06 12:00,0.037
01/11/06 12:05,0.025
01/11/06 12:10,0.024
01/11/06 12:15,0.028
01/11/06 12:20,0.067
01/11/06 12:25,0.101
01/11/06 12:30,0.127
01/11/06 12:35,0.144
01/11/06 12:40,0.173
01/11/06 12:45,0.188
01/11/06 12:50,0.201
01/11/06 12:55,0.211
01/11/06 13:00,0.189
01/11/06 13:05,0.161
01/11/06 13:10,0.144
01/11/06 13:15,0.127
01/11/06 13:20,0.112
01/11/06 13:25,0.102
01/11/06 13:30,0.088
01/11/06 13:35,0.080
01/11/06 13:40,0.072
01/11/06 13:45,0.065
01/11/06 13:50,0.050
01/11/06 13:55,0.037
01/11/06 14:00,0.094
01/11/06 14:05,0.108
01/11/06 14:10,0.099
01/11/06 14:15,0.110
01/11/06 14:20,0.119
01/11/06 14:25,0.115
01/11/06 14:30,0.103
01/11/06 14:35,0.104
01/11/06 14:40,0.083
01/11/06 14:45,0.068
01/11/06 14:50,0.083
01/11/06 14:55,0.070
01/11/06 15:00,0.005
01/11/06 15:05,0.001
01/11/06 15:10,0.000
01/11/06 15:15,0.000
01/11/06 15:20,0.000
01/11/06 15:25,0.000
01/11/06 15:30,0.000
01/11/06 15:35,0.000
01/11/06 15:40,0.000
01/11/06 15:45,0.000
01/11/06 15:50,0.000
01/11/06 15:55,0.000
01/11/06 16:00,0.000
01/11/06 16:05,0.000
01/11/06 16:10,0.000
01/11/06 16:15,0.000
01/11/06 16:20,0.000
01/11/06 16:25,0.000
01/11/06 16:30,0.000
01/11/06 16:35,0.000
01/11/06 16:40,0.000
01/11/06 16:45,0.000
01/11/06 16:50,0.000
01/11/06 16:55,0.000
01/11/06 17:00,0.000
01/11/06 17:05,0.000
01/11/06 17:10,0.000
01/11/06 17:15,0.000
01/11/06 17:20,0.000
01/11/06 17:25,0.000
01/11/06 17:30,0.000
01/11/06 17:35,0.000
01/11/06 17:40,0.000
01/11/06 17:45,0.000
01/11/06 17:50,0.000
01/11/06 17:55,0.000
01/11/06 18:00,0.000
01/11/06 18:05,0.000
01/11/06 18:10,0.000
01/11/06 18:15,0.000
01/11/06 18:20,0.000
01/11/06 18:25,0.000
01/11/06 18:30,0.000
01/11/06 18:35,0.000
01/11/06 18:40,0.000
01/11/06 18:45,0.000
01/11/06 18:50,0.000
01/11/06 18:55,0.000
01/11/06 19:00,0.000
01/11/06 19:05,0.000
01/11/06 19:10,0.000
01/11/06 19:15,0.000
01/11/06 19:20,0.000
01/11/06 19:25,0.000
01/11/06 19:30,0.000
01/11/06 19:35,0.000
01/11/06 19:40,0.000
01/11/06 19:45,0.000
01/11/06 19:50,0.000
01/11/06 19:55,0.000
01/11/06 20:00,0.000
01/11/06 20:05,0.000
01/11/06 20:10,0.000
01/11/06 20:15,0.000
01/11/06 20:20,0.000
01/11/06 20:25,0.000
01/11/06 20:30,0.000
01/11/06 20:35,0.000
01/11/06 20:40,0.000
01/11/06 20:45,0.000
01/11/06 20:50,0.000
01/11/06 20:55,0.000
01/11/06 21:00,0.000
01/11/06 21:05,0.000
01/11/06 21:10,0.000
01/11/06 21:15,0.000
01/11/06 21:20,0.000
01/11/06 21:25,0.000
01/11/06 21:30,0.000
01/11/06 21:35,0.000
01/11/06 21:40,0.000
01/11/06 21:45,0.000
01/11/06 21:50,0.000
01/11/06 21:55,0.000
01/11/06 22:00,0.000
01/11/06 22:05,0.000
01/11/06 22:10,0.000
01/11/06 22:15,0.000
01/11/06 22:20,0.000
01/11/06 22:25,0.000
01/11/06 22:30,0.000
01/11/06 22:35,0.000
01/11/06 22:40,0.000
01/11/06 22:45,0.000
01/11/06 22:50,0.000
01/11/06 22:55,0.000
01/11/06 23:00,0.000
01/11/06 23:05,0.000
01/11/06 23:10,0.000
01/11/06 23:15,0.000
01/11/06 23:20,0.000
01/11/06 23:25,0.000
01/11/06 23:30,0.000
01/11/06 23:35,0.000
01/11/06 23:40,0.000
01/11/06 23:45,0.000
01/11/06 23:50,0.000
01/11/06 23:55,0.000
01/12/06 00:00,0.000
01/12/06 00:05,0.000
01/12/06 00:10,0.000
01/12/06 00:15,0.000
01/12/06 00:20,0.000
01/12/06 00:25,0.000
01/12/06 00:30,0.000
01/12/06 00:35,0.000
01/12/06 00:40,0.000
01/12/06 00:45,0.000
01/12/06 00:50,0.000
01/12/06 00:55,0.000
01/12/06 01:00,0.000
01/12/06 01:05,0.000
01/12/06 01:10,0.000
01/12/06 01:15,0.000
01/12/06 01:20,0.000
01/12/06 01:25,0.000
01/12/06 01:30,0.000
01/12/06 01:35,0.000
01/12/06 01:40,0.000
01/12/06 01:45,0.000
01/12/06 01:50,0.000
01/12/06 01:55,0.000
01/12/06 02:00,0.000
01/12/06 02:05,0.000
01/12/06 02:10,0.000
01/12/06 02:15,0.000
01/12/06 02:20,0.000
01/12/06 02:25,0.000
01/12/06 02:30,0.000
01/12/06 02:35,0.000
01/12/06 02:40,0.000
01/12/06 02:45,0.000
01/12/06 02:50,0.000
01/12/06 02:55,0.000
01/12/06 03:00,0.000
01/12/06 03:05,0.000
01/12/06 03:10,0.000
01/12/06 03:15,0.000
01/12/06 03:20,0.000
01/12/06 03:25,0.000
01/12/06 03:30,0.000
01/12/06 03:35,0.000
01/12/06 03:40,0.000
01/12/06 03:45,0.000
01/12/06 03:50,0.000
01/12/06 03:55,0.000
01/12/06 04:00,0.000
01/12/06 04:05,0.000
01/12/06 04:10,0.000
01/12/06 04:15,0.000
01/12/06 04:20,0.000
01/12/06 04:25,0.000
01/12/06 04:30,0.000
01/12/06 04:35,0.000
01/12/06 04:40,0.000
01/12/06 04:45,0.000
01/12/06 04:50,0.000
01/12/06 04:55,0.000
01/12/06 05:00,0.000
01/12/06 05:05,0.000
01/12/06 05:10,0.000
01/12/06 05:15,0.000
01/12/06 05:20,0.000
01/12/06 05:25,0.000
01/12/06 05:30,0.000
01/12/06 05:35,0.000
01/12/06 05:40,0.000
01/12/06 05:45,0.000
01/12/06 05:50,0.000
01/12/06 05:55,0.000
01/12/06 06:00,0.000
01/12/06 06:05,0.000
01/12/06 06:10,0.000
01/12/06 06:15,0.000
01/12/06 06:20,0.000
01/12/06 06:25,0.000
01/12/06 06:30,0.000
01/12/06 06:35,0.000
01/12/06 06:40,0.000
01/12/06 06:45,0.000
01/12/06 06:50,0.000
01/12/06 06:55,0.000
01/12/06 07:00,0.000
01/12/06 07:05,0.000
01/12/06 07:10,0.000
01/12/06 07:15,0.000
01/12/06 07:20,0.000
01/12/06 07:25,0.000
01/12/06 07:30,0.000
01/12/06 07:35,0.000
01/12/06 07:40,0.000
01/12/06 07:45,0.000
01/12/06 07:50,0.000
01/12/06 07:55,0.000
01/12/06 08:00,0.000
01/12/06 08:05,0.003
01/12/06 08:10,0.021
01/12/06 08:15,0.067
01/12/06 08:20,0.092
01/12/06 08:25,0.110
01/12/06 08:30,0.128
01/12/06 08:35,0.145
01/12/06 08:40,0.163
01/12/06 08:45,0.180
01/12/06 08:50,0.197
01/12/06 08:55,0.215
01/12/06 09:00,0.229
01/12/06 09:05,0.242
01/12/06 09:10,0.254
01/12/06 09:15,0.266
01/12/06 09:20,0.277
01/12/06 09:25,0.289
01/12/06 09:30,0.300
01/12/06 09:35,0.311
01/12/06 09:40,0.324
01/12/06 09:45,0.335
01/12/06 09:50,0.345
01/12/06 09:55,0.354
01/12/06 10:00,0.356
01/12/06 10:05,0.358
01/12/06 10:10,0.359
01/12/06 10:15,0.360
01/12/06 10:20,0.362
01/12/06 10:25,0.366
01/12/06 10:30,0.372
01/12/06 10:35,0.379
01/12/06 10:40,0.386
01/12/06 10:45,0.390
01/12/06 10:50,0.394
01/12/06 10:55,0.398
01/12/06 11:00,0.400
01/12/06 11:05,0.400
01/12/06 11:10,0.398
01/12/06 11:15,0.397
01/12/06 11:20,0.402
01/12/06 11:25,0.404
01/12/06 11:30,0.407
01/12/06 11:35,0.408
01/12/06 11:40,0.408
01/12/06 11:45,0.405
01/12/06 11:50,0.399
01/12/06 11:55,0.392
01/12/06 12:00,0.366
01/12/06 12:05,0.324
01/12/06 12:10,0.298
01/12/06 12:15,0.291
01/12/06 12:20,0.288
01/12/06 12:25,0.293
01/12/06 12:30,0.269
01/12/06 12:35,0.260
01/12/06 12:40,0.259
01/12/06 12:45,0.236
01/12/06 12:50,0.235
01/12/06 12:55,0.250
01/12/06 13:00,0.239
01/12/06 13:05,0.251
01/12/06 13:10,0.260
01/12/06 13:15,0.264
01/12/06 13:20,0.255
01/12/06 13:25,0.219
01/12/06 13:30,0.195
01/12/06 13:35,0.160
01/12/06 13:40,0.158
01/12/06 13:45,0.157
01/12/06 13:50,0.156
01/12/06 13:55,0.158
01/12/06 14:00,0.156
01/12/06 14:05,0.163
01/12/06 14:10,0.151
01/12/06 14:15,0.163
01/12/06 14:20,0.150
01/12/06 14:25,0.144
01/12/06 14:30,0.134
01/12/06 14:35,0.147
01/12/06 14:40,0.159
01/12/06 14:45,0.145
01/12/06 14:50,0.143
01/12/06 14:55,0.121
01/12/06 15:00,0.119
01/12/06 15:05,0.133
01/12/06 15:10,0.115
01/12/06 15:15,0.096
01/12/06 15:20,0.092
01/12/06 15:25,0.051
01/12/06 15:30,0.016
01/12/06 15:35,0.004
01/12/06 15:40,0.002
01/12/06 15:45,0.000
01/12/06 15:50,0.000
01/12/06 15:55,0.000
01/12/06 16:00,0.000
01/12/06 16:05,0.000
01/12/06 16:10,0.000
01/12/06 16:15,0.000
01/12/06 16:20,0.000
01/12/06 16:25,0.000
01/12/06 16:30,0.000
01/12/06 16:35,0.000
01/12/06 16:40,0.000
01/12/06 16:45,0.000
01/12/06 16:50,0.000
01/12/06 16:55,0.000
01/12/06 17:00,0.000
01/12/06 17:05,0.000
01/12/06 17:10,0.000
01/12/06 17:15,0.000
01/12/06 17:20,0.000
01/12/06 17:25,0.000
01/12/06 17:30,0.000
01/12/06 17:35,0.000
01/12/06 17:40,0.000
01/12/06 17:45,0.000
01/12/06 17:50,0.000
01/12/06 17:55,0.000
01/12/06 18:00,0.000
01/12/06 18:05,0.000
01/12/06 18:10,0.000
01/12/06 18:15,0.000
01/12/06 18:20,0.000
01/12/06 18:25,0.000
01/12/06 18:30,0.000
01/12/06 18:35,0.000
01/12/06 18:40,0.000
01/12/06 18:45,0.000
01/12/06 18:50,0.000
01/12/06 18:55,0.000
01/12/06 19:00,0.000
01/12/06 19:05,0.000
01/12/06 19:10,0.000
01/12/06 19:15,0.000
01/12/06 19:20,0.000
01/12/06 19:25,0.000
01/12/06 19:30,0.000
01/12/06 19:35,0.000
01/12/06 19:40,0.000
01/12/06 19:45,0.000
01/12/06 19:50,0.000
01/12/06 19:55,0.000
01/12/06 20:00,0.000
01/12/06 20:05,0.000
01/12/06 20:10,0.000
01/12/06 20:15,0.000
01/12/06 20:20,0.000
01/12/06 20:25,0.000
01/12/06 20:30,0.000
01/12/06 20:35,0.000
01/12/06 20:40,0.000
01/12/06 20:45,0.000
01/12/06 20:50,0.000
01/12/06 20:55,0.000
01/12/06 21:00,0.000
01/12/06 21:05,0.000
01/12/06 21:10,0.000
01/12/06 21:15,0.000
01/12/06 21:20,0.000
01/12/06 21:25,0.000
01/12/06 21:30,0.000
01/12/06 21:35,0.000
01/12/06 21:40,0.000
01/12/06 21:45,0.000
01/12/06 21:50,0.000
01/12/06 21:55,0.000
01/12/06 22:00,0.000
01/12/06 22:05,0.000
01/12/06 22:10,0.000
01/12/06 22:15,0.000
01/12/06 22:20,0.000
01/12/06 22:25,0.000
01/12/06 22:30,0.000
01/12/06 22:35,0.000
01/12/06 22:40,0.000
01/12/06 22:45,0.000
01/12/06 22:50,0.000
01/12/06 22:55,0.000
01/12/06 23:00,0.000
01/12/06 23:05,0.000
01/12/06 23:10,0.000
01/12/06 23:15,0.000
01/12/06 23:20,0.000
01/12/06 23:25,0.000
01/12/06 23:30,0.000
01/12/06 23:35,0.000
01/12/06 23:40,0.000
01/12/06 23:45,0.000
01/12/06 23:50,0.000
01/12/06 23:55,0.000
01/13/06 00:00,0.000
01/13/06 00:05,0.000
01/13/06 00:10,0.000
01/13/06 00:15,0.000
01/13/06 00:20,0.000
01/13/06 00:25,0.000
01/13/06 00:30,0.000
01/13/06 00:35,0.000
01/13/06 00:40,0.000
01/13/06 00:45,0.000
01/13/06 00:50,0.000
01/13/06 00:55,0.000
01/13/06 01:00,0.000
01/13/06 01:05,0.000
01/13/06 01:10,0.000
01/13/06 01:15,0.000
01/13/06 01:20,0.000
01/13/06 01:25,0.000
01/13/06 01:30,0.000
01/13/06 01:35,0.000
01/13/06 01:40,0.000
01/13/06 01:45,0.000
01/13/06 01:50,0.000
01/13/06 01:55,0.000
01/13/06 02:00,0.000
01/13/06 02:05,0.000
01/13/06 02:10,0.000
01/13/06 02:15,0.000
01/13/06 02:20,0.000
01/13/06 02:25,0.000
01/13/06 02:30,0.000
01/13/06 02:35,0.000
01/13/06 02:40,0.000
01/13/06 02:45,0.000
01/13/06 02:50,0.000
01/13/06 02:55,0.000
01/13/06 03:00,0.000
01/13/06 03:05,0.000
01/13/06 03:10,0.000
01/13/06 03:15,0.000
01/13/06 03:20,0.000
01/13/06 03:25,0.000
01/13/06 03:30,0.000
01/13/06 03:35,0.000
01/13/06 03:40,0.000
01/13/06 03:45,0.000
01/13/06 03:50,0.000
01/13/06 03:55,0.000
01/13/06 04:00,0.000
01/13/06 04:05,0.000
01/13/06 04:10,0.000
01/13/06 04:15,0.000
01/13/06 04:20,0.000
01/13/06 04:25,0.000
01/13/06 04:30,0.000
01/13/06 04:35,0.000
01/13/06 04:40,0.000
01/13/06 04:45,0.000
01/13/06 04:50,0.000
01/13/06 04:55,0.000
01/13/06 05:00,0.000
01/13/06 05:05,0.000
01/13/06 05:10,0.000
01/13/06 05:15,0.000
01/13/06 05:20,0.000
01/13/06 05:25,0.000
01/13/06 05:30,0.000
01/13/06 05:35,0.000
01/13/06 05:40,0.000
01/13/06 05:45,0.000
01/13/06 05:50,0.000
01/13/06 05:55,0.000
01/13/06 06:00,0.000
01/13/06 06:05,0.000
01/13/06 06:10,0.000
01/13/06 06:15,0.000
01/13/06 06:20,0.000
01/13/06 06:25,0.000
01/13/06 06:30,0.000
01/13/06 06:35,0.000
01/13/06 06:40,0.000
01/13/06 06:45,0.000
01/13/06 06:50,0.000
01/13/06 06:55,0.000
01/13/06 07:00,0.000
01/13/06 07:05,0.000
01/13/06 07:10,0.000
01/13/06 07:15,0.000
01/13/06 07:20,0.000
01/13/06 07:25,0.000
01/13/06 07:30,0.000
01/13/06 07:35,0.000
01/13/06 07:40,0.000
01/13/06 07:45,0.000
01/13/06 07:50,0.000
01/13/06 07:55,0.000
01/13/06 08:00,0.000
01/13/06 08:05,0.001
01/13/06 08:10,0.016
01/13/06 08:15,0.064
01/13/06 08:20,0.092
01/13/06 08:25,0.111
01/13/06 08:30,0.129
01/13/06 08:35,0.147
01/13/06 08:40,0.164
01/13/06 08:45,0.181
01/13/06 08:50,0.199
01/13/06 08:55,0.217
01/13/06 09:00,0.229
01/13/06 09:05,0.237
01/13/06 09:10,0.238
01/13/06 09:15,0.235
01/13/06 09:20,0.227
01/13/06 09:25,0.213
01/13/06 09:30,0.198
01/13/06 09:35,0.183
01/13/06 09:40,0.162
01/13/06 09:45,0.138
01/13/06 09:50,0.114
01/13/06 09:55,0.095
01/13/06 10:00,0.060
01/13/06 10:05,0.021
01/13/06 10:10,0.012
01/13/06 10:15,0.006
01/13/06 10:20,0.005
01/13/06 10:25,0.003
01/13/06 10:30,0.003
01/13/06 10:35,0.005
01/13/06 10:40,0.008
01/13/06 10:45,0.011
01/13/06 10:50,0.008
01/13/06 10:55,0.003
01/13/06 11:00,0.003
01/13/06 11:05,0.004
01/13/06 11:10,0.011
01/13/06 11:15,0.029
01/13/06 11:20,0.050
01/13/06 11:25,0.083
01/13/06 11:30,0.086
01/13/06 11:35,0.085
01/13/06 11:40,0.085
01/13/06 11:45,0.084
01/13/06 11:50,0.070
01/13/06 11:55,0.064
01/13/06 12:00,0.042
01/13/06 12:05,0.031
01/13/06 12:10,0.017
01/13/06 12:15,0.010
01/13/06 12:20,0.032
01/13/06 12:25,0.037
01/13/06 12:30,0.013
01/13/06 12:35,0.002
01/13/06 12:40,0.000
01/13/06 12:45,0.000
01/13/06 12:50,0.000
01/13/06 12:55,0.000
01/13/06 13:00,0.001
01/13/06 13:05,0.001
01/13/06 13:10,0.002
01/13/06 13:15,0.002
01/13/06 13:20,0.004
01/13/06 13:25,0.004
01/13/06 13:30,0.004
01/13/06 13:35,0.004
01/13/06 13:40,0.003
01/13/06 13:45,0.003
01/13/06 13:50,0.002
01/13/06 13:55,0.002
01/13/06 14:00,0.001
01/13/06 14:05,0.002
01/13/06 14:10,0.001
01/13/06 14:15,0.001
01/13/06 14:20,0.000
01/13/06 14:25,0.000
01/13/06 14:30,0.000
01/13/06 14:35,0.000
01/13/06 14:40,0.000
01/13/06 14:45,0.000
01/13/06 14:50,0.000
01/13/06 14:55,0.000
01/13/06 15:00,0.000
01/13/06 15:05,0.000
01/13/06 15:10,0.000
01/13/06 15:15,0.000
01/13/06 15:20,0.000
01/13/06 15:25,0.000
01/13/06 15:30,0.000
01/13/06 15:35,0.000
01/13/06 15:40,0.000
01/13/06 15:45,0.000
01/13/06 15:50,0.000
01/13/06 15:55,0.000
01/13/06 16:00,0.000
01/13/06 16:05,0.000
01/13/06 16:10,0.000
01/13/06 16:15,0.000
01/13/06 16:20,0.000
01/13/06 16:25,0.000
01/13/06 16:30,0.000
01/13/06 16:35,0.000
01/13/06 16:40,0.000
01/13/06 16:45,0.000
01/13/06 16:50,0.000
01/13/06 16:55,0.000
01/13/06 17:00,0.000
01/13/06 17:05,0.000
01/13/06 17:10,0.000
01/13/06 17:15,0.000
01/13/06 17:20,0.000
01/13/06 17:25,0.000
01/13/06 17:30,0.000
01/13/06 17:35,0.000
01/13/06 17:40,0.000
01/13/06 17:45,0.000
01/13/06 17:50,0.000
01/13/06 17:55,0.000
01/13/06 18:00,0.000
01/13/06 18:05,0.000
01/13/06 18:10,0.000
01/13/06 18:15,0.000
01/13/06 18:20,0.000
01/13/06 18:25,0.000
01/13/06 18:30,0.000
01/13/06 18:35,0.000
01/13/06 18:40,0.000
01/13/06 18:45,0.000
01/13/06 18:50,0.000
01/13/06 18:55,0.000
01/13/06 19:00,0.000
01/13/06 19:05,0.000
01/13/06 19:10,0.000
01/13/06 19:15,0.000
01/13/06 19:20,0.000
01/13/06 19:25,0.000
01/13/06 19:30,0.000
01/13/06 19:35,0.000
01/13/06 19:40,0.000
01/13/06 19:45,0.000
01/13/06 19:50,0.000
01/13/06 19:55,0.000
01/13/06 20:00,0.000
01/13/06 20:05,0.000
01/13/06 20:10,0.000
01/13/06 20:15,0.000
01/13/06 20:20,0.000
01/13/06 20:25,0.000
01/13/06 20:30,0.000
01/13/06 20:35,0.000
01/13/06 20:40,0.000
01/13/06 20:45,0.000
01/13/06 20:50,0.000
01/13/06 20:55,0.000
01/13/06 21:00,0.000
01/13/06 21:05,0.000
01/13/06 21:10,0.000
01/13/06 21:15,0.000
01/13/06 21:20,0.000
01/13/06 21:25,0.000
01/13/06 21:30,0.000
01/13/06 21:35,0.000
01/13/06 21:40,0.000
01/13/06 21:45,0.000
01/13/06 21:50,0.000
01/13/06 21:55,0.000
01/13/06 22:00,0.000
01/13/06 22:05,0.000
01/13/06 22:10,0.000
01/13/06 22:15,0.000
01/13/06 22:20,0.000
01/13/06 22:25,0.000
01/13/06 22:30,0.000
01/13/06 22:35,0.000
01/13/06 22:40,0.000
01/13/06 22:45,0.000
01/13/06 22:50,0.000
01/13/06 22:55,0.000
01/13/06 23:00,0.000
01/13/06 23:05,0.000
01/13/06 23:10,0.000
01/13/06 23:15,0.000
01/13/06 23:20,0.000
01/13/06 23:25,0.000
01/13/06 23:30,0.000
01/13/06 23:35,0.000
01/13/06 23:40,0.000
01/13/06 23:45,0.000
01/13/06 23:50,0.000
01/13/06 23:55,0.000
01/14/06 00:00,0.000
01/14/06 00:05,0.000
01/14/06 00:10,0.000
01/14/06 00:15,0.000
01/14/06 00:20,0.000
01/14/06 00:25,0.000
01/14/06 00:30,0.000
01/14/06 00:35,0.000
01/14/06 00:40,0.000
01/14/06 00:45,0.000
01/14/06 00:50,0.000
01/14/06 00:55,0.000
01/14/06 01:00,0.000
01/14/06 01:05,0.000
01/14/06 01:10,0.000
01/14/06 01:15,0.000
01/14/06 01:20,0.000
01/14/06 01:25,0.000
01/14/06 01:30,0.000
01/14/06 01:35,0.000
01/14/06 01:40,0.000
01/14/06 01:45,0.000
01/14/06 01:50,0.000
01/14/06 01:55,0.000
01/14/06 02:00,0.000
01/14/06 02:05,0.000
01/14/06 02:10,0.000
01/14/06 02:15,0.000
01/14/06 02:20,0.000
01/14/06 02:25,0.000
01/14/06 02:30,0.000
01/14/06 02:35,0.000
01/14/06 02:40,0.000
01/14/06 02:45,0.000
01/14/06 02:50,0.000
01/14/06 02:55,0.000
01/14/06 03:00,0.000
01/14/06 03:05,0.000
01/14/06 03:10,0.000
01/14/06 03:15,0.000
01/14/06 03:20,0.000
01/14/06 03:25,0.000
01/14/06 03:30,0.000
01/14/06 03:35,0.000
01/14/06 03:40,0.000
01/14/06 03:45,0.000
01/14/06 03:50,0.000
01/14/06 03:55,0.000
01/14/06 04:00,0.000
01/14/06 04:05,0.000
01/14/06 04:10,0.000
01/14/06 04:15,0.000
01/14/06 04:20,0.000
01/14/06 04:25,0.000
01/14/06 04:30,0.000
01/14/06 04:35,0.000
01/14/06 04:40,0.000
01/14/06 04:45,0.000
01/14/06 04:50,0.000
01/14/06 04:55,0.000
01/14/06 05:00,0.000
01/14/06 05:05,0.000
01/14/06 05:10,0.000
01/14/06 05:15,0.000
01/14/06 05:20,0.000
01/14/06 05:25,0.000
01/14/06 05:30,0.000
01/14/06 05:35,0.000
01/14/06 05:40,0.000
01/14/06 05:45,0.000
01/14/06 05:50,0.000
01/14/06 05:55,0.000
01/14/06 06:00,0.000
01/14/06 06:05,0.000
01/14/06 06:10,0.000
01/14/06 06:15,0.000
01/14/06 06:20,0.000
01/14/06 06:25,0.000
01/14/06 06:30,0.000
01/14/06 06:35,0.000
01/14/06 06:40,0.000
01/14/06 06:45,0.000
01/14/06 06:50,0.000
01/14/06 06:55,0.000
01/14/06 07:00,0.000
01/14/06 07:05,0.000
01/14/06 07:10,0.000
01/14/06 07:15,0.000
01/14/06 07:20,0.000
01/14/06 07:25,0.000
01/14/06 07:30,0.000
01/14/06 07:35,0.000
01/14/06 07:40,0.000
01/14/06 07:45,0.000
01/14/06 07:50,0.000
01/14/06 07:55,0.000
01/14/06 08:00,0.000
01/14/06 08:05,0.000
01/14/06 08:10,0.000
01/14/06 08:15,0.000
01/14/06 08:20,0.000
01/14/06 08:25,0.000
01/14/06 08:30,0.000
01/14/06 08:35,0.000
01/14/06 08:40,0.001
01/14/06 08:45,0.001
01/14/06 08:50,0.002
01/14/06 08:55,0.002
01/14/06 09:00,0.006
01/14/06 09:05,0.032
01/14/06 09:10,0.035
01/14/06 09:15,0.020
01/14/06 09:20,0.013
01/14/06 09:25,0.011
01/14/06 09:30,0.010
01/14/06 09:35,0.025
01/14/06 09:40,0.084
01/14/06 09:45,0.097
01/14/06 09:50,0.122
01/14/06 09:55,0.136
01/14/06 10:00,0.191
01/14/06 10:05,0.227
01/14/06 10:10,0.244
01/14/06 10:15,0.251
01/14/06 10:20,0.249
01/14/06 10:25,0.241
01/14/06 10:30,0.230
01/14/06 10:35,0.208
01/14/06 10:40,0.174
01/14/06 10:45,0.150
01/14/06 10:50,0.119
01/14/06 10:55,0.090
01/14/06 11:00,0.081
01/14/06 11:05,0.070
01/14/06 11:10,0.033
01/14/06 11:15,0.022
01/14/06 11:20,0.017
01/14/06 11:25,0.012
01/14/06 11:30,0.008
01/14/06 11:35,0.005
01/14/06 11:40,0.003
01/14/06 11:45,0.002
01/14/06 11:50,0.001
01/14/06 11:55,0.001
01/14/06 12:00,0.004
01/14/06 12:05,0.027
01/14/06 12:10,0.050
01/14/06 12:15,0.059
01/14/06 12:20,0.058
01/14/06 12:25,0.044
01/14/06 12:30,0.050
01/14/06 12:35,0.053
01/14/06 12:40,0.044
01/14/06 12:45,0.029
01/14/06 12:50,0.021
01/14/06 12:55,0.019
01/14/06 13:00,0.009
01/14/06 13:05,0.003
01/14/06 13:10,0.002
01/14/06 13:15,0.001
01/14/06 13:20,0.000
01/14/06 13:25,0.000
01/14/06 13:30,0.000
01/14/06 13:35,0.000
01/14/06 13:40,0.000
01/14/06 13:45,0.000
01/14/06 13:50,0.000
01/14/06 13:55,0.000
01/14/06 14:00,0.000
01/14/06 14:05,0.000
01/14/06 14:10,0.001
01/14/06 14:15,0.001
01/14/06 14:20,0.001
01/14/06 14:25,0.001
01/14/06 14:30,0.001
01/14/06 14:35,0.001
01/14/06 14:40,0.001
01/14/06 14:45,0.001
01/14/06 14:50,0.001
01/14/06 14:55,0.000
01/14/06 15:00,0.001
01/14/06 15:05,0.007
01/14/06 15:10,0.027
01/14/06 15:15,0.017
01/14/06 15:20,0.006
01/14/06 15:25,0.002
01/14/06 15:30,0.001
01/14/06 15:35,0.002
01/14/06 15:40,0.000
01/14/06 15:45,0.000
01/14/06 15:50,0.000
01/14/06 15:55,0.000
01/14/06 16:00,0.000
01/14/06 16:05,0.000
01/14/06 16:10,0.000
01/14/06 16:15,0.000
01/14/06 16:20,0.000
01/14/06 16:25,0.000
01/14/06 16:30,0.000
01/14/06 16:35,0.000
01/14/06 16:40,0.000
01/14/06 16:45,0.000
01/14/06 16:50,0.000
01/14/06 16:55,0.000
01/14/06 17:00,0.000
01/14/06 17:05,0.000
01/14/06 17:10,0.000
01/14/06 17:15,0.000
01/14/06 17:20,0.000
01/14/06 17:25,0.000
01/14/06 17:30,0.000
01/14/06 17:35,0.000
01/14/06 17:40,0.000
01/14/06 17:45,0.000
01/14/06 17:50,0.000
01/14/06 17:55,0.000
01/14/06 18:00,0.000
01/14/06 18:05,0.000
01/14/06 18:10,0.000
01/14/06 18:15,0.000
01/14/06 18:20,0.000
01/14/06 18:25,0.000
01/14/06 18:30,0.000
01/14/06 18:35,0.000
01/14/06 18:40,0.000
01/14/06 18:45,0.000
01/14/06 18:50,0.000
01/14/06 18:55,0.000
01/14/06 19:00,0.000
01/14/06 19:05,0.000
01/14/06 19:10,0.000
01/14/06 19:15,0.000
01/14/06 19:20,0.000
01/14/06 19:25,0.000
01/14/06 19:30,0.000
01/14/06 19:35,0.000
01/14/06 19:40,0.000
01/14/06 19:45,0.000
01/14/06 19:50,0.000
01/14/06 19:55,0.000
01/14/06 20:00,0.000
01/14/06 20:05,0.000
01/14/06 20:10,0.000
01/14/06 20:15,0.000
01/14/06 20:20,0.000
01/14/06 20:25,0.000
01/14/06 20:30,0.000
01/14/06 20:35,0.000
01/14/06 20:40,0.000
01/14/06 20:45,0.000
01/14/06 20:50,0.000
01/14/06 20:55,0.000
01/14/06 21:00,0.000
01/14/06 21:05,0.000
01/14/06 21:10,0.000
01/14/06 21:15,0.000
01/14/06 21:20,0.000
01/14/06 21:25,0.000
01/14/06 21:30,0.000
01/14/06 21:35,0.000
01/14/06 21:40,0.000
01/14/06 21:45,0.000
01/14/06 21:50,0.000
01/14/06 21:55,0.000
01/14/06 22:00,0.000
01/14/06 22:05,0.000
01/14/06 22:10,0.000
01/14/06 22:15,0.000
01/14/06 22:20,0.000
01/14/06 22:25,0.000
01/14/06 22:30,0.000
01/14/06 22:35,0.000
01/14/06 22:40,0.000
01/14/06 22:45,0.000
01/14/06 22:50,0.000
01/14/06 22:55,0.000
01/14/06 23:00,0.000
01/14/06 23:05,0.000
01/14/06 23:10,0.000
01/14/06 23:15,0.000
01/14/06 23:20,0.000
01/14/06 23:25,0.000
01/14/06 23:30,0.000
01/14/06 23:35,0.000
01/14/06 23:40,0.000
01/14/06 23:45,0.000
01/14/06 23:50,0.000
01/14/06 23:55,0.000
01/15/06 00:00,0.000
01/15/06 00:05,0.000
01/15/06 00:10,0.000
01/15/06 00:15,0.000
01/15/06 00:20,0.000
01/15/06 00:25,0.000
01/15/06 00:30,0.000
01/15/06 00:35,0.000
01/15/06 00:40,0.000
01/15/06 00:45,0.000
01/15/06 00:50,0.000
01/15/06 00:55,0.000
01/15/06 01:00,0.000
01/15/06 01:05,0.000
01/15/06 01:10,0.000
01/15/06 01:15,0.000
01/15/06 01:20,0.000
01/15/06 01:25,0.000
01/15/06 01:30,0.000
01/15/06 01:35,0.000
01/15/06 01:40,0.000
01/15/06 01:45,0.000
01/15/06 01:50,0.000
01/15/06 01:55,0.000
01/15/06 02:00,0.000
01/15/06 02:05,0.000
01/15/06 02:10,0.000
01/15/06 02:15,0.000
01/15/06 02:20,0.000
01/15/06 02:25,0.000
01/15/06 02:30,0.000
01/15/06 02:35,0.000
01/15/06 02:40,0.000
01/15/06 02:45,0.000
01/15/06 02:50,0.000
01/15/06 02:55,0.000
01/15/06 03:00,0.000
01/15/06 03:05,0.000
01/15/06 03:10,0.000
01/15/06 03:15,0.000
01/15/06 03:20,0.000
01/15/06 03:25,0.000
01/15/06 03:30,0.000
01/15/06 03:35,0.000
01/15/06 03:40,0.000
01/15/06 03:45,0.000
01/15/06 03:50,0.000
01/15/06 03:55,0.000
01/15/06 04:00,0.000
01/15/06 04:05,0.000
01/15/06 04:10,0.000
01/15/06 04:15,0.000
01/15/06 04:20,0.000
01/15/06 04:25,0.000
01/15/06 04:30,0.000
01/15/06 04:35,0.000
01/15/06 04:40,0.000
01/15/06 04:45,0.000
01/15/06 04:50,0.000
01/15/06 04:55,0.000
01/15/06 05:00,0.000
01/15/06 05:05,0.000
01/15/06 05:10,0.000
01/15/06 05:15,0.000
01/15/06 05:20,0.000
01/15/06 05:25,0.000
01/15/06 05:30,0.000
01/15/06 05:35,0.000
01/15/06 05:40,0.000
01/15/06 05:45,0.000
01/15/06 05:50,0.000
01/15/06 05:55,0.000
01/15/06 06:00,0.000
01/15/06 06:05,0.000
01/15/06 06:10,0.000
01/15/06 06:15,0.000
01/15/06 06:20,0.000
01/15/06 06:25,0.000
01/15/06 06:30,0.000
01/15/06 06:35,0.000
01/15/06 06:40,0.000
01/15/06 06:45,0.000
01/15/06 06:50,0.000
01/15/06 06:55,0.000
01/15/06 07:00,0.000
01/15/06 07:05,0.000
01/15/06 07:10,0.000
01/15/06 07:15,0.000
01/15/06 07:20,0.000
01/15/06 07:25,0.000
01/15/06 07:30,0.000
01/15/06 07:35,0.000
01/15/06 07:40,0.000
01/15/06 07:45,0.000
01/15/06 07:50,0.000
01/15/06 07:55,0.000
01/15/06 08:00,0.000
01/15/06 08:05,0.003
01/15/06 08:10,0.018
01/15/06 08:15,0.050
01/15/06 08:20,0.086
01/15/06 08:25,0.101
01/15/06 08:30,0.116
01/15/06 08:35,0.130
01/15/06 08:40,0.145
01/15/06 08:45,0.160
01/15/06 08:50,0.175
01/15/06 08:55,0.192
01/15/06 09:00,0.206
01/15/06 09:05,0.218
01/15/06 09:10,0.229
01/15/06 09:15,0.240
01/15/06 09:20,0.250
01/15/06 09:25,0.260
01/15/06 09:30,0.269
01/15/06 09:35,0.278
01/15/06 09:40,0.287
01/15/06 09:45,0.295
01/15/06 09:50,0.302
01/15/06 09:55,0.309
01/15/06 10:00,0.317
01/15/06 10:05,0.326
01/15/06 10:10,0.332
01/15/06 10:15,0.338
01/15/06 10:20,0.343
01/15/06 10:25,0.345
01/15/06 10:30,0.345
01/15/06 10:35,0.344
01/15/06 10:40,0.344
01/15/06 10:45,0.346
01/15/06 10:50,0.347
01/15/06 10:55,0.346
01/15/06 11:00,0.322
01/15/06 11:05,0.291
01/15/06 11:10,0.265
01/15/06 11:15,0.243
01/15/06 11:20,0.272
01/15/06 11:25,0.305
01/15/06 11:30,0.303
01/15/06 11:35,0.289
01/15/06 11:40,0.240
01/15/06 11:45,0.202
01/15/06 11:50,0.181
01/15/06 11:55,0.144
01/15/06 12:00,0.118
01/15/06 12:05,0.107
01/15/06 12:10,0.095
01/15/06 12:15,0.088
01/15/06 12:20,0.090
01/15/06 12:25,0.095
01/15/06 12:30,0.095
01/15/06 12:35,0.099
01/15/06 12:40,0.095
01/15/06 12:45,0.091
01/15/06 12:50,0.087
01/15/06 12:55,0.085
01/15/06 13:00,0.068
01/15/06 13:05,0.047
01/15/06 13:10,0.023
01/15/06 13:15,0.011
01/15/06 13:20,0.008
01/15/06 13:25,0.006
01/15/06 13:30,0.005
01/15/06 13:35,0.004
01/15/06 13:40,0.003
01/15/06 13:45,0.003
01/15/06 13:50,0.003
01/15/06 13:55,0.002
01/15/06 14:00,0.002
01/15/06 14:05,0.004
01/15/06 14:10,0.011
01/15/06 14:15,0.028
01/15/06 14:20,0.092
01/15/06 14:25,0.126
01/15/06 14:30,0.149
01/15/06 14:35,0.161
01/15/06 14:40,0.179
01/15/06 14:45,0.191
01/15/06 14:50,0.193
01/15/06 14:55,0.198
01/15/06 15:00,0.190
01/15/06 15:05,0.174
01/15/06 15:10,0.128
01/15/06 15:15,0.093
01/15/06 15:20,0.061
01/15/06 15:25,0.060
01/15/06 15:30,0.025
01/15/06 15:35,0.015
01/15/06 15:40,0.009
01/15/06 15:45,0.006
01/15/06 15:50,0.001
01/15/06 15:55,0.000
01/15/06 16:00,0.000
01/15/06 16:05,0.000
01/15/06 16:10,0.000
01/15/06 16:15,0.000
01/15/06 16:20,0.000
01/15/06 16:25,0.000
01/15/06 16:30,0.000
01/15/06 16:35,0.000
01/15/06 16:40,0.000
01/15/06 16:45,0.000
01/15/06 16:50,0.000
01/15/06 16:55,0.000
01/15/06 17:00,0.000
01/15/06 17:05,0.000
01/15/06 17:10,0.000
01/15/06 17:15,0.000
01/15/06 17:20,0.000
01/15/06 17:25,0.000
01/15/06 17:30,0.000
01/15/06 17:35,0.000
01/15/06 17:40,0.000
01/15/06 17:45,0.000
01/15/06 17:50,0.000
01/15/06 17:55,0.000
01/15/06 18:00,0.000
01/15/06 18:05,0.000
01/15/06 18:10,0.000
01/15/06 18:15,0.000
01/15/06 18:20,0.000
01/15/06 18:25,0.000
01/15/06 18:30,0.000
01/15/06 18:35,0.000
01/15/06 18:40,0.000
01/15/06 18:45,0.000
01/15/06 18:50,0.000
01/15/06 18:55,0.000
01/15/06 19:00,0.000
01/15/06 19:05,0.000
01/15/06 19:10,0.000
01/15/06 19:15,0.000
01/15/06 19:20,0.000
01/15/06 19:25,0.000
01/15/06 19:30,0.000
01/15/06 19:35,0.000
01/15/06 19:40,0.000
01/15/06 19:45,0.000
01/15/06 19:50,0.000
01/15/06 19:55,0.000
01/15/06 20:00,0.000
01/15/06 20:05,0.000
01/15/06 20:10,0.000
01/15/06 20:15,0.000
01/15/06 20:20,0.000
01/15/06 20:25,0.000
01/15/06 20:30,0.000
01/15/06 20:35,0.000
01/15/06 20:40,0.000
01/15/06 20:45,0.000
01/15/06 20:50,0.000
01/15/06 20:55,0.000
01/15/06 21:00,0.000
01/15/06 21:05,0.000
01/15/06 21:10,0.000
01/15/06 21:15,0.000
01/15/06 21:20,0.000
01/15/06 21:25,0.000
01/15/06 21:30,0.000
01/15/06 21:35,0.000
01/15/06 21:40,0.000
01/15/06 21:45,0.000
01/15/06 21:50,0.000
01/15/06 21:55,0.000
01/15/06 22:00,0.000
01/15/06 22:05,0.000
01/15/06 22:10,0.000
01/15/06 22:15,0.000
01/15/06 22:20,0.000
01/15/06 22:25,0.000
01/15/06 22:30,0.000
01/15/06 22:35,0.000
01/15/06 22:40,0.000
01/15/06 22:45,0.000
01/15/06 22:50,0.000
01/15/06 22:55,0.000
01/15/06 23:00,0.000
01/15/06 23:05,0.000
01/15/06 23:10,0.000
01/15/06 23:15,0.000
01/15/06 23:20,0.000
01/15/06 23:25,0.000
01/15/06 23:30,0.000
01/15/06 23:35,0.000
01/15/06 23:40,0.000
01/15/06 23:45,0.000
01/15/06 23:50,0.000
01/15/06 23:55,0.000
01/16/06 00:00,0.000
01/16/06 00:05,0.000
01/16/06 00:10,0.000
01/16/06 00:15,0.000
01/16/06 00:20,0.000
01/16/06 00:25,0.000
01/16/06 00:30,0.000
01/16/06 00:35,0.000
01/16/06 00:40,0.000
01/16/06 00:45,0.000
01/16/06 00:50,0.000
01/16/06 00:55,0.000
01/16/06 01:00,0.000
01/16/06 01:05,0.000
01/16/06 01:10,0.000
01/16/06 01:15,0.000
01/16/06 01:20,0.000
01/16/06 01:25,0.000
01/16/06 01:30,0.000
01/16/06 01:35,0.000
01/16/06 01:40,0.000
01/16/06 01:45,0.000
01/16/06 01:50,0.000
01/16/06 01:55,0.000
01/16/06 02:00,0.000
01/16/06 02:05,0.000
01/16/06 02:10,0.000
01/16/06 02:15,0.000
01/16/06 02:20,0.000
01/16/06 02:25,0.000
01/16/06 02:30,0.000
01/16/06 02:35,0.000
01/16/06 02:40,0.000
01/16/06 02:45,0.000
01/16/06 02:50,0.000
01/16/06 02:55,0.000
01/16/06 03:00,0.000
01/16/06 03:05,0.000
01/16/06 03:10,0.000
01/16/06 03:15,0.000
01/16/06 03:20,0.000
01/16/06 03:25,0.000
01/16/06 03:30,0.000
01/16/06 03:35,0.000
01/16/06 03:40,0.000
01/16/06 03:45,0.000
01/16/06 03:50,0.000
01/16/06 03:55,0.000
01/16/06 04:00,0.000
01/16/06 04:05,0.000
01/16/06 04:10,0.000
01/16/06 04:15,0.000
01/16/06 04:20,0.000
01/16/06 04:25,0.000
01/16/06 04:30,0.000
01/16/06 04:35,0.000
01/16/06 04:40,0.000
01/16/06 04:45,0.000
01/16/06 04:50,0.000
01/16/06 04:55,0.000
01/16/06 05:00,0.000
01/16/06 05:05,0.000
01/16/06 05:10,0.000
01/16/06 05:15,0.000
01/16/06 05:20,0.000
01/16/06 05:25,0.000
01/16/06 05:30,0.000
01/16/06 05:35,0.000
01/16/06 05:40,0.000
01/16/06 05:45,0.000
01/16/06 05:50,0.000
01/16/06 05:55,0.000
01/16/06 06:00,0.000
01/16/06 06:05,0.000
01/16/06 06:10,0.000
01/16/06 06:15,0.000
01/16/06 06:20,0.000
01/16/06 06:25,0.000
01/16/06 06:30,0.000
01/16/06 06:35,0.000
01/16/06 06:40,0.000
01/16/06 06:45,0.000
01/16/06 06:50,0.000
01/16/06 06:55,0.000
01/16/06 07:00,0.000
01/16/06 07:05,0.000
01/16/06 07:10,0.000
01/16/06 07:15,0.000
01/16/06 07:20,0.000
01/16/06 07:25,0.000
01/16/06 07:30,0.000
01/16/06 07:35,0.000
01/16/06 07:40,0.000
01/16/06 07:45,0.000
01/16/06 07:50,0.000
01/16/06 07:55,0.000
01/16/06 08:00,0.000
01/16/06 08:05,0.000
01/16/06 08:10,0.000
01/16/06 08:15,0.000
01/16/06 08:20,0.000
01/16/06 08:25,0.000
01/16/06 08:30,0.001
01/16/06 08:35,0.002
01/16/06 08:40,0.005
01/16/06 08:45,0.009
01/16/06 08:50,0.019
01/16/06 08:55,0.020
01/16/06 09:00,0.060
01/16/06 09:05,0.097
01/16/06 09:10,0.148
01/16/06 09:15,0.198
01/16/06 09:20,0.237
01/16/06 09:25,0.262
01/16/06 09:30,0.275
01/16/06 09:35,0.259
01/16/06 09:40,0.241
01/16/06 09:45,0.233
01/16/06 09:50,0.206
01/16/06 09:55,0.188
01/16/06 10:00,0.168
01/16/06 10:05,0.197
01/16/06 10:10,0.243
01/16/06 10:15,0.257
01/16/06 10:20,0.268
01/16/06 10:25,0.232
01/16/06 10:30,0.218
01/16/06 10:35,0.194
01/16/06 10:40,0.129
01/16/06 10:45,0.115
01/16/06 10:50,0.182
01/16/06 10:55,0.235
01/16/06 11:00,0.253
01/16/06 11:05,0.274
01/16/06 11:10,0.275
01/16/06 11:15,0.278
01/16/06 11:20,0.280
01/16/06 11:25,0.287
01/16/06 11:30,0.266
01/16/06 11:35,0.263
01/16/06 11:40,0.235
01/16/06 11:45,0.243
01/16/06 11:50,0.313
01/16/06 11:55,0.325
01/16/06 12:00,0.306
01/16/06 12:05,0.311
01/16/06 12:10,0.334
01/16/06 12:15,0.342
01/16/06 12:20,0.355
01/16/06 12:25,0.380
01/16/06 12:30,0.370
01/16/06 12:35,0.367
01/16/06 12:40,0.359
01/16/06 12:45,0.361
01/16/06 12:50,0.360
01/16/06 12:55,0.350
01/16/06 13:00,0.330
01/16/06 13:05,0.299
01/16/06 13:10,0.292
01/16/06 13:15,0.283
01/16/06 13:20,0.263
01/16/06 13:25,0.250
01/16/06 13:30,0.213
01/16/06 13:35,0.207
01/16/06 13:40,0.222
01/16/06 13:45,0.199
01/16/06 13:50,0.207
01/16/06 13:55,0.217
01/16/06 14:00,0.188
01/16/06 14:05,0.195
01/16/06 14:10,0.172
01/16/06 14:15,0.116
01/16/06 14:20,0.103
01/16/06 14:25,0.093
01/16/06 14:30,0.070
01/16/06 14:35,0.092
01/16/06 14:40,0.119
01/16/06 14:45,0.089
01/16/06 14:50,0.033
01/16/06 14:55,0.092
01/16/06 15:00,0.086
01/16/06 15:05,0.074
01/16/06 15:10,0.038
01/16/06 15:15,0.021
01/16/06 15:20,0.010
01/16/06 15:25,0.004
01/16/06 15:30,0.001
01/16/06 15:35,0.000
01/16/06 15:40,0.000
01/16/06 15:45,0.000
01/16/06 15:50,0.000
01/16/06 15:55,0.000
01/16/06 16:00,0.000
01/16/06 16:05,0.000
01/16/06 16:10,0.000
01/16/06 16:15,0.000
01/16/06 16:20,0.000
01/16/06 16:25,0.000
01/16/06 16:30,0.000
01/16/06 16:35,0.000
01/16/06 16:40,0.000
01/16/06 16:45,0.000
01/16/06 16:50,0.000
01/16/06 16:55,0.000
01/16/06 17:00,0.000
01/16/06 17:05,0.000
01/16/06 17:10,0.000
01/16/06 17:15,0.000
01/16/06 17:20,0.000
01/16/06 17:25,0.000
01/16/06 17:30,0.000
01/16/06 17:35,0.000
01/16/06 17:40,0.000
01/16/06 17:45,0.000
01/16/06 17:50,0.000
01/16/06 17:55,0.000
01/16/06 18:00,0.000
01/16/06 18:05,0.000
01/16/06 18:10,0.000
01/16/06 18:15,0.000
01/16/06 18:20,0.000
01/16/06 18:25,0.000
01/16/06 18:30,0.000
01/16/06 18:35,0.000
01/16/06 18:40,0.000
01/16/06 18:45,0.000
01/16/06 18:50,0.000
01/16/06 18:55,0.000
01/16/06 19:00,0.000
01/16/06 19:05,0.000
01/16/06 19:10,0.000
01/16/06 19:15,0.000
01/16/06 19:20,0.000
01/16/06 19:25,0.000
01/16/06 19:30,0.000
01/16/06 19:35,0.000
01/16/06 19:40,0.000
01/16/06 19:45,0.000
01/16/06 19:50,0.000
01/16/06 19:55,0.000
01/16/06 20:00,0.000
01/16/06 20:05,0.000
01/16/06 20:10,0.000
01/16/06 20:15,0.000
01/16/06 20:20,0.000
01/16/06 20:25,0.000
01/16/06 20:30,0.000
01/16/06 20:35,0.000
01/16/06 20:40,0.000
01/16/06 20:45,0.000
01/16/06 20:50,0.000
01/16/06 20:55,0.000
01/16/06 21:00,0.000
01/16/06 21:05,0.000
01/16/06 21:10,0.000
01/16/06 21:15,0.000
01/16/06 21:20,0.000
01/16/06 21:25,0.000
01/16/06 21:30,0.000
01/16/06 21:35,0.000
01/16/06 21:40,0.000
01/16/06 21:45,0.000
01/16/06 21:50,0.000
01/16/06 21:55,0.000
01/16/06 22:00,0.000
01/16/06 22:05,0.000
01/16/06 22:10,0.000
01/16/06 22:15,0.000
01/16/06 22:20,0.000
01/16/06 22:25,0.000
01/16/06 22:30,0.000
01/16/06 22:35,0.000
01/16/06 22:40,0.000
01/16/06 22:45,0.000
01/16/06 22:50,0.000
01/16/06 22:55,0.000
01/16/06 23:00,0.000
01/16/06 23:05,0.000
01/16/06 23:10,0.000
01/16/06 23:15,0.000
01/16/06 23:20,0.000
01/16/06 23:25,0.000
01/16/06 23:30,0.000
01/16/06 23:35,0.000
01/16/06 23:40,0.000
01/16/06 23:45,0.000
01/16/06 23:50,0.000
01/16/06 23:55,0.000
01/17/06 00:00,0.000
01/17/06 00:05,0.000
01/17/06 00:10,0.000
01/17/06 00:15,0.000
01/17/06 00:20,0.000
01/17/06 00:25,0.000
01/17/06 00:30,0.000
01/17/06 00:35,0.000
01/17/06 00:40,0.000
01/17/06 00:45,0.000
01/17/06 00:50,0.000
01/17/06 00:55,0.000
01/17/06 01:00,0.000
01/17/06 01:05,0.000
01/17/06 01:10,0.000
01/17/06 01:15,0.000
01/17/06 01:20,0.000
01/17/06 01:25,0.000
01/17/06 01:30,0.000
01/17/06 01:35,0.000
01/17/06 01:40,0.000
01/17/06 01:45,0.000
01/17/06 01:50,0.000
01/17/06 01:55,0.000
01/17/06 02:00,0.000
01/17/06 02:05,0.000
01/17/06 02:10,0.000
01/17/06 02:15,0.000
01/17/06 02:20,0.000
01/17/06 02:25,0.000
01/17/06 02:30,0.000
01/17/06 02:35,0.000
01/17/06 02:40,0.000
01/17/06 02:45,0.000
01/17/06 02:50,0.000
01/17/06 02:55,0.000
01/17/06 03:00,0.000
01/17/06 03:05,0.000
01/17/06 03:10,0.000
01/17/06 03:15,0.000
01/17/06 03:20,0.000
01/17/06 03:25,0.000
01/17/06 03:30,0.000
01/17/06 03:35,0.000
01/17/06 03:40,0.000
01/17/06 03:45,0.000
01/17/06 03:50,0.000
01/17/06 03:55,0.000
01/17/06 04:00,0.000
01/17/06 04:05,0.000
01/17/06 04:10,0.000
01/17/06 04:15,0.000
01/17/06 04:20,0.000
01/17/06 04:25,0.000
01/17/06 04:30,0.000
01/17/06 04:35,0.000
01/17/06 04:40,0.000
01/17/06 04:45,0.000
01/17/06 04:50,0.000
01/17/06 04:55,0.000
01/17/06 05:00,0.000
01/17/06 05:05,0.000
01/17/06 05:10,0.000
01/17/06 05:15,0.000
01/17/06 05:20,0.000
01/17/06 05:25,0.000
01/17/06 05:30,0.000
01/17/06 05:35,0.000
01/17/06 05:40,0.000
01/17/06 05:45,0.000
01/17/06 05:50,0.000
01/17/06 05:55,0.000
01/17/06 06:00,0.000
01/17/06 06:05,0.000
01/17/06 06:10,0.000
01/17/06 06:15,0.000
01/17/06 06:20,0.000
01/17/06 06:25,0.000
01/17/06 06:30,0.000
01/17/06 06:35,0.000
01/17/06 06:40,0.000
01/17/06 06:45,0.000
01/17/06 06:50,0.000
01/17/06 06:55,0.000
01/17/06 07:00,0.000
01/17/06 07:05,0.000
01/17/06 07:10,0.000
01/17/06 07:15,0.000
01/17/06 07:20,0.000
01/17/06 07:25,0.000
01/17/06 07:30,0.000
01/17/06 07:35,0.000
01/17/06 07:40,0.000
01/17/06 07:45,0.000
01/17/06 07:50,0.000
01/17/06 07:55,0.000
01/17/06 08:00,0.000
01/17/06 08:05,0.000
01/17/06 08:10,0.002
01/17/06 08:15,0.010
01/17/06 08:20,0.034
01/17/06 08:25,0.073
01/17/06 08:30,0.089
01/17/06 08:35,0.100
01/17/06 08:40,0.111
01/17/06 08:45,0.123
01/17/06 08:50,0.136
01/17/06 08:55,0.151
01/17/06 09:00,0.163
01/17/06 09:05,0.180
01/17/06 09:10,0.195
01/17/06 09:15,0.214
01/17/06 09:20,0.230
01/17/06 09:25,0.239
01/17/06 09:30,0.244
01/17/06 09:35,0.246
01/17/06 09:40,0.250
01/17/06 09:45,0.260
01/17/06 09:50,0.283
01/17/06 09:55,0.311
01/17/06 10:00,0.311
01/17/06 10:05,0.276
01/17/06 10:10,0.202
01/17/06 10:15,0.167
01/17/06 10:20,0.167
01/17/06 10:25,0.196
01/17/06 10:30,0.177
01/17/06 10:35,0.218
01/17/06 10:40,0.267
01/17/06 10:45,0.227
01/17/06 10:50,0.225
01/17/06 10:55,0.252
01/17/06 11:00,0.238
01/17/06 11:05,0.200
01/17/06 11:10,0.179
01/17/06 11:15,0.174
01/17/06 11:20,0.175
01/17/06 11:25,0.178
01/17/06 11:30,0.179
01/17/06 11:35,0.146
01/17/06 11:40,0.123
01/17/06 11:45,0.133
01/17/06 11:50,0.178
01/17/06 11:55,0.205
01/17/06 12:00,0.255
01/17/06 12:05,0.227
01/17/06 12:10,0.221
01/17/06 12:15,0.244
01/17/06 12:20,0.227
01/17/06 12:25,0.216
01/17/06 12:30,0.204
01/17/06 12:35,0.193
01/17/06 12:40,0.163
01/17/06 12:45,0.214
01/17/06 12:50,0.247
01/17/06 12:55,0.292
01/17/06 13:00,0.319
01/17/06 13:05,0.339
01/17/06 13:10,0.353
01/17/06 13:15,0.359
01/17/06 13:20,0.358
01/17/06 13:25,0.358
01/17/06 13:30,0.365
01/17/06 13:35,0.369
01/17/06 13:40,0.367
01/17/06 13:45,0.359
01/17/06 13:50,0.349
01/17/06 13:55,0.339
01/17/06 14:00,0.322
01/17/06 14:05,0.302
01/17/06 14:10,0.278
01/17/06 14:15,0.252
01/17/06 14:20,0.225
01/17/06 14:25,0.199
01/17/06 14:30,0.174
01/17/06 14:35,0.147
01/17/06 14:40,0.115
01/17/06 14:45,0.091
01/17/06 14:50,0.028
01/17/06 14:55,0.006
01/17/06 15:00,0.017
01/17/06 15:05,0.088
01/17/06 15:10,0.080
01/17/06 15:15,0.033
01/17/06 15:20,0.004
01/17/06 15:25,0.002
01/17/06 15:30,0.001
01/17/06 15:35,0.000
01/17/06 15:40,0.000
01/17/06 15:45,0.000
01/17/06 15:50,0.000
01/17/06 15:55,0.000
01/17/06 16:00,0.000
01/17/06 16:05,0.000
01/17/06 16:10,0.000
01/17/06 16:15,0.000
01/17/06 16:20,0.000
01/17/06 16:25,0.000
01/17/06 16:30,0.000
01/17/06 16:35,0.000
01/17/06 16:40,0.000
01/17/06 16:45,0.000
01/17/06 16:50,0.000
01/17/06 16:55,0.000
01/17/06 17:00,0.000
01/17/06 17:05,0.000
01/17/06 17:10,0.000
01/17/06 17:15,0.000
01/17/06 17:20,0.000
01/17/06 17:25,0.000
01/17/06 17:30,0.000
01/17/06 17:35,0.000
01/17/06 17:40,0.000
01/17/06 17:45,0.000
01/17/06 17:50,0.000
01/17/06 17:55,0.000
01/17/06 18:00,0.000
01/17/06 18:05,0.000
01/17/06 18:10,0.000
01/17/06 18:15,0.000
01/17/06 18:20,0.000
01/17/06 18:25,0.000
01/17/06 18:30,0.000
01/17/06 18:35,0.000
01/17/06 18:40,0.000
01/17/06 18:45,0.000
01/17/06 18:50,0.000
01/17/06 18:55,0.000
01/17/06 19:00,0.000
01/17/06 19:05,0.000
01/17/06 19:10,0.000
01/17/06 19:15,0.000
01/17/06 19:20,0.000
01/17/06 19:25,0.000
01/17/06 19:30,0.000
01/17/06 19:35,0.000
01/17/06 19:40,0.000
01/17/06 19:45,0.000
01/17/06 19:50,0.000
01/17/06 19:55,0.000
01/17/06 20:00,0.000
01/17/06 20:05,0.000
01/17/06 20:10,0.000
01/17/06 20:15,0.000
01/17/06 20:20,0.000
01/17/06 20:25,0.000
01/17/06 20:30,0.000
01/17/06 20:35,0.000
01/17/06 20:40,0.000
01/17/06 20:45,0.000
01/17/06 20:50,0.000
01/17/06 20:55,0.000
01/17/06 21:00,0.000
01/17/06 21:05,0.000
01/17/06 21:10,0.000
01/17/06 21:15,0.000
01/17/06 21:20,0.000
01/17/06 21:25,0.000
01/17/06 21:30,0.000
01/17/06 21:35,0.000
01/17/06 21:40,0.000
01/17/06 21:45,0.000
01/17/06 21:50,0.000
01/17/06 21:55,0.000
01/17/06 22:00,0.000
01/17/06 22:05,0.000
01/17/06 22:10,0.000
01/17/06 22:15,0.000
01/17/06 22:20,0.000
01/17/06 22:25,0.000
01/17/06 22:30,0.000
01/17/06 22:35,0.000
01/17/06 22:40,0.000
01/17/06 22:45,0.000
01/17/06 22:50,0.000
01/17/06 22:55,0.000
01/17/06 23:00,0.000
01/17/06 23:05,0.000
01/17/06 23:10,0.000
01/17/06 23:15,0.000
01/17/06 23:20,0.000
01/17/06 23:25,0.000
01/17/06 23:30,0.000
01/17/06 23:35,0.000
01/17/06 23:40,0.000
01/17/06 23:45,0.000
01/17/06 23:50,0.000
01/17/06 23:55,0.000
01/18/06 00:00,0.000
01/18/06 00:05,0.000
01/18/06 00:10,0.000
01/18/06 00:15,0.000
01/18/06 00:20,0.000
01/18/06 00:25,0.000
01/18/06 00:30,0.000
01/18/06 00:35,0.000
01/18/06 00:40,0.000
01/18/06 00:45,0.000
01/18/06 00:50,0.000
01/18/06 00:55,0.000
01/18/06 01:00,0.000
01/18/06 01:05,0.000
01/18/06 01:10,0.000
01/18/06 01:15,0.000
01/18/06 01:20,0.000
01/18/06 01:25,0.000
01/18/06 01:30,0.000
01/18/06 01:35,0.000
01/18/06 01:40,0.000
01/18/06 01:45,0.000
01/18/06 01:50,0.000
01/18/06 01:55,0.000
01/18/06 02:00,0.000
01/18/06 02:05,0.000
01/18/06 02:10,0.000
01/18/06 02:15,0.000
01/18/06 02:20,0.000
01/18/06 02:25,0.000
01/18/06 02:30,0.000
01/18/06 02:35,0.000
01/18/06 02:40,0.000
01/18/06 02:45,0.000
01/18/06 02:50,0.000
01/18/06 02:55,0.000
01/18/06 03:00,0.000
01/18/06 03:05,0.000
01/18/06 03:10,0.000
01/18/06 03:15,0.000
01/18/06 03:20,0.000
01/18/06 03:25,0.000
01/18/06 03:30,0.000
01/18/06 03:35,0.000
01/18/06 03:40,0.000
01/18/06 03:45,0.000
01/18/06 03:50,0.000
01/18/06 03:55,0.000
01/18/06 04:00,0.000
01/18/06 04:05,0.000
01/18/06 04:10,0.000
01/18/06 04:15,0.000
01/18/06 04:20,0.000
01/18/06 04:25,0.000
01/18/06 04:30,0.000
01/18/06 04:35,0.000
01/18/06 04:40,0.000
01/18/06 04:45,0.000
01/18/06 04:50,0.000
01/18/06 04:55,0.000
01/18/06 05:00,0.000
01/18/06 05:05,0.000
01/18/06 05:10,0.000
01/18/06 05:15,0.000
01/18/06 05:20,0.000
01/18/06 05:25,0.000
01/18/06 05:30,0.000
01/18/06 05:35,0.000
01/18/06 05:40,0.000
01/18/06 05:45,0.000
01/18/06 05:50,0.000
01/18/06 05:55,0.000
01/18/06 06:00,0.000
01/18/06 06:05,0.000
01/18/06 06:10,0.000
01/18/06 06:15,0.000
01/18/06 06:20,0.000
01/18/06 06:25,0.000
01/18/06 06:30,0.000
01/18/06 06:35,0.000
01/18/06 06:40,0.000
01/18/06 06:45,0.000
01/18/06 06:50,0.000
01/18/06 06:55,0.000
01/18/06 07:00,0.000
01/18/06 07:05,0.000
01/18/06 07:10,0.000
01/18/06 07:15,0.000
01/18/06 07:20,0.000
01/18/06 07:25,0.000
01/18/06 07:30,0.000
01/18/06 07:35,0.000
01/18/06 07:40,0.000
01/18/06 07:45,0.000
01/18/06 07:50,0.000
01/18/06 07:55,0.000
01/18/06 08:00,0.001
01/18/06 08:05,0.013
01/18/06 08:10,0.043
01/18/06 08:15,0.083
01/18/06 08:20,0.098
01/18/06 08:25,0.114
01/18/06 08:30,0.129
01/18/06 08:35,0.144
01/18/06 08:40,0.159
01/18/06 08:45,0.172
01/18/06 08:50,0.186
01/18/06 08:55,0.200
01/18/06 09:00,0.211
01/18/06 09:05,0.220
01/18/06 09:10,0.229
01/18/06 09:15,0.238
01/18/06 09:20,0.246
01/18/06 09:25,0.254
01/18/06 09:30,0.262
01/18/06 09:35,0.269
01/18/06 09:40,0.277
01/18/06 09:45,0.284
01/18/06 09:50,0.291
01/18/06 09:55,0.298
01/18/06 10:00,0.276
01/18/06 10:05,0.288
01/18/06 10:10,0.307
01/18/06 10:15,0.307
01/18/06 10:20,0.314
01/18/06 10:25,0.333
01/18/06 10:30,0.329
01/18/06 10:35,0.343
01/18/06 10:40,0.370
01/18/06 10:45,0.393
01/18/06 10:50,0.405
01/18/06 10:55,0.406
01/18/06 11:00,0.371
01/18/06 11:05,0.344
01/18/06 11:10,0.343
01/18/06 11:15,0.350
01/18/06 11:20,0.340
01/18/06 11:25,0.353
01/18/06 11:30,0.352
01/18/06 11:35,0.324
01/18/06 11:40,0.264
01/18/06 11:45,0.251
01/18/06 11:50,0.255
01/18/06 11:55,0.281
01/18/06 12:00,0.313
01/18/06 12:05,0.333
01/18/06 12:10,0.349
01/18/06 12:15,0.360
01/18/06 12:20,0.378
01/18/06 12:25,0.398
01/18/06 12:30,0.407
01/18/06 12:35,0.411
01/18/06 12:40,0.414
01/18/06 12:45,0.415
01/18/06 12:50,0.413
01/18/06 12:55,0.408
01/18/06 13:00,0.394
01/18/06 13:05,0.373
01/18/06 13:10,0.345
01/18/06 13:15,0.316
01/18/06 13:20,0.289
01/18/06 13:25,0.262
01/18/06 13:30,0.237
01/18/06 13:35,0.212
01/18/06 13:40,0.187
01/18/06 13:45,0.158
01/18/06 13:50,0.136
01/18/06 13:55,0.115
01/18/06 14:00,0.098
01/18/06 14:05,0.082
01/18/06 14:10,0.055
01/18/06 14:15,0.021
01/18/06 14:20,0.008
01/18/06 14:25,0.004
01/18/06 14:30,0.003
01/18/06 14:35,0.002
01/18/06 14:40,0.002
01/18/06 14:45,0.001
01/18/06 14:50,0.001
01/18/06 14:55,0.000
01/18/06 15:00,0.002
01/18/06 15:05,0.005
01/18/06 15:10,0.018
01/18/06 15:15,0.093
01/18/06 15:20,0.109
01/18/06 15:25,0.111
01/18/06 15:30,0.093
01/18/06 15:35,0.071
01/18/06 15:40,0.034
01/18/06 15:45,0.018
01/18/06 15:50,0.007
01/18/06 15:55,0.001
01/18/06 16:00,0.000
01/18/06 16:05,0.000
01/18/06 16:10,0.000
01/18/06 16:15,0.000
01/18/06 16:20,0.000
01/18/06 16:25,0.000
01/18/06 16:30,0.000
01/18/06 16:35,0.000
01/18/06 16:40,0.000
01/18/06 16:45,0.000
01/18/06 16:50,0.000
01/18/06 16:55,0.000
01/18/06 17:00,0.000
01/18/06 17:05,0.000
01/18/06 17:10,0.000
01/18/06 17:15,0.000
01/18/06 17:20,0.000
01/18/06 17:25,0.000
01/18/06 17:30,0.000
01/18/06 17:35,0.000
01/18/06 17:40,0.000
01/18/06 17:45,0.000
01/18/06 17:50,0.000
01/18/06 17:55,0.000
01/18/06 18:00,0.000
01/18/06 18:05,0.000
01/18/06 18:10,0.000
01/18/06 18:15,0.000
01/18/06 18:20,0.000
01/18/06 18:25,0.000
01/18/06 18:30,0.000
01/18/06 18:35,0.000
01/18/06 18:40,0.000
01/18/06 18:45,0.000
01/18/06 18:50,0.000
01/18/06 18:55,0.000
01/18/06 19:00,0.000
01/18/06 19:05,0.000
01/18/06 19:10,0.000
01/18/06 19:15,0.000
01/18/06 19:20,0.000
01/18/06 19:25,0.000
01/18/06 19:30,0.000
01/18/06 19:35,0.000
01/18/06 19:40,0.000
01/18/06 19:45,0.000
01/18/06 19:50,0.000
01/18/06 19:55,0.000
01/18/06 20:00,0.000
01/18/06 20:05,0.000
01/18/06 20:10,0.000
01/18/06 20:15,0.000
01/18/06 20:20,0.000
01/18/06 20:25,0.000
01/18/06 20:30,0.000
01/18/06 20:35,0.000
01/18/06 20:40,0.000
01/18/06 20:45,0.000
01/18/06 20:50,0.000
01/18/06 20:55,0.000
01/18/06 21:00,0.000
01/18/06 21:05,0.000
01/18/06 21:10,0.000
01/18/06 21:15,0.000
01/18/06 21:20,0.000
01/18/06 21:25,0.000
01/18/06 21:30,0.000
01/18/06 21:35,0.000
01/18/06 21:40,0.000
01/18/06 21:45,0.000
01/18/06 21:50,0.000
01/18/06 21:55,0.000
01/18/06 22:00,0.000
01/18/06 22:05,0.000
01/18/06 22:10,0.000
01/18/06 22:15,0.000
01/18/06 22:20,0.000
01/18/06 22:25,0.000
01/18/06 22:30,0.000
01/18/06 22:35,0.000
01/18/06 22:40,0.000
01/18/06 22:45,0.000
01/18/06 22:50,0.000
01/18/06 22:55,0.000
01/18/06 23:00,0.000
01/18/06 23:05,0.000
01/18/06 23:10,0.000
01/18/06 23:15,0.000
01/18/06 23:20,0.000
01/18/06 23:25,0.000
01/18/06 23:30,0.000
01/18/06 23:35,0.000
01/18/06 23:40,0.000
01/18/06 23:45,0.000
01/18/06 23:50,0.000
01/18/06 23:55,0.000
01/19/06 00:00,0.000
01/19/06 00:05,0.000
01/19/06 00:10,0.000
01/19/06 00:15,0.000
01/19/06 00:20,0.000
01/19/06 00:25,0.000
01/19/06 00:30,0.000
01/19/06 00:35,0.000
01/19/06 00:40,0.000
01/19/06 00:45,0.000
01/19/06 00:50,0.000
01/19/06 00:55,0.000
01/19/06 01:00,0.000
01/19/06 01:05,0.000
01/19/06 01:10,0.000
01/19/06 01:15,0.000
01/19/06 01:20,0.000
01/19/06 01:25,0.000
01/19/06 01:30,0.000
01/19/06 01:35,0.000
01/19/06 01:40,0.000
01/19/06 01:45,0.000
01/19/06 01:50,0.000
01/19/06 01:55,0.000
01/19/06 02:00,0.000
01/19/06 02:05,0.000
01/19/06 02:10,0.000
01/19/06 02:15,0.000
01/19/06 02:20,0.000
01/19/06 02:25,0.000
01/19/06 02:30,0.000
01/19/06 02:35,0.000
01/19/06 02:40,0.000
01/19/06 02:45,0.000
01/19/06 02:50,0.000
01/19/06 02:55,0.000
01/19/06 03:00,0.000
01/19/06 03:05,0.000
01/19/06 03:10,0.000
01/19/06 03:15,0.000
01/19/06 03:20,0.000
01/19/06 03:25,0.000
01/19/06 03:30,0.000
01/19/06 03:35,0.000
01/19/06 03:40,0.000
01/19/06 03:45,0.000
01/19/06 03:50,0.000
01/19/06 03:55,0.000
01/19/06 04:00,0.000
01/19/06 04:05,0.000
01/19/06 04:10,0.000
01/19/06 04:15,0.000
01/19/06 04:20,0.000
01/19/06 04:25,0.000
01/19/06 04:30,0.000
01/19/06 04:35,0.000
01/19/06 04:40,0.000
01/19/06 04:45,0.000
01/19/06 04:50,0.000
01/19/06 04:55,0.000
01/19/06 05:00,0.000
01/19/06 05:05,0.000
01/19/06 05:10,0.000
01/19/06 05:15,0.000
01/19/06 05:20,0.000
01/19/06 05:25,0.000
01/19/06 05:30,0.000
01/19/06 05:35,0.000
01/19/06 05:40,0.000
01/19/06 05:45,0.000
01/19/06 05:50,0.000
01/19/06 05:55,0.000
01/19/06 06:00,0.000
01/19/06 06:05,0.000
01/19/06 06:10,0.000
01/19/06 06:15,0.000
01/19/06 06:20,0.000
01/19/06 06:25,0.000
01/19/06 06:30,0.000
01/19/06 06:35,0.000
01/19/06 06:40,0.000
01/19/06 06:45,0.000
01/19/06 06:50,0.000
01/19/06 06:55,0.000
01/19/06 07:00,0.000
01/19/06 07:05,0.000
01/19/06 07:10,0.000
01/19/06 07:15,0.000
01/19/06 07:20,0.000
01/19/06 07:25,0.000
01/19/06 07:30,0.000
01/19/06 07:35,0.000
01/19/06 07:40,0.000
01/19/06 07:45,0.000
01/19/06 07:50,0.000
01/19/06 07:55,0.000
01/19/06 08:00,0.002
01/19/06 08:05,0.015
01/19/06 08:10,0.052
01/19/06 08:15,0.087
01/19/06 08:20,0.105
01/19/06 08:25,0.123
01/19/06 08:30,0.141
01/19/06 08:35,0.156
01/19/06 08:40,0.172
01/19/06 08:45,0.188
01/19/06 08:50,0.205
01/19/06 08:55,0.221
01/19/06 09:00,0.234
01/19/06 09:05,0.243
01/19/06 09:10,0.251
01/19/06 09:15,0.260
01/19/06 09:20,0.271
01/19/06 09:25,0.279
01/19/06 09:30,0.288
01/19/06 09:35,0.295
01/19/06 09:40,0.303
01/19/06 09:45,0.310
01/19/06 09:50,0.316
01/19/06 09:55,0.322
01/19/06 10:00,0.335
01/19/06 10:05,0.346
01/19/06 10:10,0.353
01/19/06 10:15,0.360
01/19/06 10:20,0.368
01/19/06 10:25,0.374
01/19/06 10:30,0.381
01/19/06 10:35,0.385
01/19/06 10:40,0.386
01/19/06 10:45,0.387
01/19/06 10:50,0.387
01/19/06 10:55,0.388
01/19/06 11:00,0.402
01/19/06 11:05,0.414
01/19/06 11:10,0.422
01/19/06 11:15,0.427
01/19/06 11:20,0.427
01/19/06 11:25,0.426
01/19/06 11:30,0.424
01/19/06 11:35,0.421
01/19/06 11:40,0.419
01/19/06 11:45,0.417
01/19/06 11:50,0.419
01/19/06 11:55,0.411
01/19/06 12:00,0.380
01/19/06 12:05,0.388
01/19/06 12:10,0.337
01/19/06 12:15,0.288
01/19/06 12:20,0.194
01/19/06 12:25,0.153
01/19/06 12:30,0.151
01/19/06 12:35,0.163
01/19/06 12:40,0.190
01/19/06 12:45,0.180
01/19/06 12:50,0.110
01/19/06 12:55,0.101
01/19/06 13:00,0.118
01/19/06 13:05,0.156
01/19/06 13:10,0.193
01/19/06 13:15,0.206
01/19/06 13:20,0.179
01/19/06 13:25,0.209
01/19/06 13:30,0.235
01/19/06 13:35,0.245
01/19/06 13:40,0.217
01/19/06 13:45,0.219
01/19/06 13:50,0.202
01/19/06 13:55,0.178
01/19/06 14:00,0.172
01/19/06 14:05,0.171
01/19/06 14:10,0.176
01/19/06 14:15,0.188
01/19/06 14:20,0.196
01/19/06 14:25,0.202
01/19/06 14:30,0.209
01/19/06 14:35,0.213
01/19/06 14:40,0.217
01/19/06 14:45,0.219
01/19/06 14:50,0.218
01/19/06 14:55,0.218
01/19/06 15:00,0.209
01/19/06 15:05,0.197
01/19/06 15:10,0.183
01/19/06 15:15,0.169
01/19/06 15:20,0.153
01/19/06 15:25,0.138
01/19/06 15:30,0.122
01/19/06 15:35,0.105
01/19/06 15:40,0.091
01/19/06 15:45,0.061
01/19/06 15:50,0.020
01/19/06 15:55,0.003
01/19/06 16:00,0.000
01/19/06 16:05,0.000
01/19/06 16:10,0.000
01/19/06 16:15,0.000
01/19/06 16:20,0.000
01/19/06 16:25,0.000
01/19/06 16:30,0.000
01/19/06 16:35,0.000
01/19/06 16:40,0.000
01/19/06 16:45,0.000
01/19/06 16:50,0.000
01/19/06 16:55,0.000
01/19/06 17:00,0.000
01/19/06 17:05,0.000
01/19/06 17:10,0.000
01/19/06 17:15,0.000
01/19/06 17:20,0.000
01/19/06 17:25,0.000
01/19/06 17:30,0.000
01/19/06 17:35,0.000
01/19/06 17:40,0.000
01/19/06 17:45,0.000
01/19/06 17:50,0.000
01/19/06 17:55,0.000
01/19/06 18:00,0.000
01/19/06 18:05,0.000
01/19/06 18:10,0.000
01/19/06 18:15,0.000
01/19/06 18:20,0.000
01/19/06 18:25,0.000
01/19/06 18:30,0.000
01/19/06 18:35,0.000
01/19/06 18:40,0.000
01/19/06 18:45,0.000
01/19/06 18:50,0.000
01/19/06 18:55,0.000
01/19/06 19:00,0.000
01/19/06 19:05,0.000
01/19/06 19:10,0.000
01/19/06 19:15,0.000
01/19/06 19:20,0.000
01/19/06 19:25,0.000
01/19/06 19:30,0.000
01/19/06 19:35,0.000
01/19/06 19:40,0.000
01/19/06 19:45,0.000
01/19/06 19:50,0.000
01/19/06 19:55,0.000
01/19/06 20:00,0.000
01/19/06 20:05,0.000
01/19/06 20:10,0.000
01/19/06 20:15,0.000
01/19/06 20:20,0.000
01/19/06 20:25,0.000
01/19/06 20:30,0.000
01/19/06 20:35,0.000
01/19/06 20:40,0.000
01/19/06 20:45,0.000
01/19/06 20:50,0.000
01/19/06 20:55,0.000
01/19/06 21:00,0.000
01/19/06 21:05,0.000
01/19/06 21:10,0.000
01/19/06 21:15,0.000
01/19/06 21:20,0.000
01/19/06 21:25,0.000
01/19/06 21:30,0.000
01/19/06 21:35,0.000
01/19/06 21:40,0.000
01/19/06 21:45,0.000
01/19/06 21:50,0.000
01/19/06 21:55,0.000
01/19/06 22:00,0.000
01/19/06 22:05,0.000
01/19/06 22:10,0.000
01/19/06 22:15,0.000
01/19/06 22:20,0.000
01/19/06 22:25,0.000
01/19/06 22:30,0.000
01/19/06 22:35,0.000
01/19/06 22:40,0.000
01/19/06 22:45,0.000
01/19/06 22:50,0.000
01/19/06 22:55,0.000
01/19/06 23:00,0.000
01/19/06 23:05,0.000
01/19/06 23:10,0.000
01/19/06 23:15,0.000
01/19/06 23:20,0.000
01/19/06 23:25,0.000
01/19/06 23:30,0.000
01/19/06 23:35,0.000
01/19/06 23:40,0.000
01/19/06 23:45,0.000
01/19/06 23:50,0.000
01/19/06 23:55,0.000
01/20/06 00:00,0.000
01/20/06 00:05,0.000
01/20/06 00:10,0.000
01/20/06 00:15,0.000
01/20/06 00:20,0.000
01/20/06 00:25,0.000
01/20/06 00:30,0.000
01/20/06 00:35,0.000
01/20/06 00:40,0.000
01/20/06 00:45,0.000
01/20/06 00:50,0.000
01/20/06 00:55,0.000
01/20/06 01:00,0.000
01/20/06 01:05,0.000
01/20/06 01:10,0.000
01/20/06 01:15,0.000
01/20/06 01:20,0.000
01/20/06 01:25,0.000
01/20/06 01:30,0.000
01/20/06 01:35,0.000
01/20/06 01:40,0.000
01/20/06 01:45,0.000
01/20/06 01:50,0.000
01/20/06 01:55,0.000
01/20/06 02:00,0.000
01/20/06 02:05,0.000
01/20/06 02:10,0.000
01/20/06 02:15,0.000
01/20/06 02:20,0.000
01/20/06 02:25,0.000
01/20/06 02:30,0.000
01/20/06 02:35,0.000
01/20/06 02:40,0.000
01/20/06 02:45,0.000
01/20/06 02:50,0.000
01/20/06 02:55,0.000
01/20/06 03:00,0.000
01/20/06 03:05,0.000
01/20/06 03:10,0.000
01/20/06 03:15,0.000
01/20/06 03:20,0.000
01/20/06 03:25,0.000
01/20/06 03:30,0.000
01/20/06 03:35,0.000
01/20/06 03:40,0.000
01/20/06 03:45,0.000
01/20/06 03:50,0.000
01/20/06 03:55,0.000
01/20/06 04:00,0.000
01/20/06 04:05,0.000
01/20/06 04:10,0.000
01/20/06 04:15,0.000
01/20/06 04:20,0.000
01/20/06 04:25,0.000
01/20/06 04:30,0.000
01/20/06 04:35,0.000
01/20/06 04:40,0.000
01/20/06 04:45,0.000
01/20/06 04:50,0.000
01/20/06 04:55,0.000
01/20/06 05:00,0.000
01/20/06 05:05,0.000
01/20/06 05:10,0.000
01/20/06 05:15,0.000
01/20/06 05:20,0.000
01/20/06 05:25,0.000
01/20/06 05:30,0.000
01/20/06 05:35,0.000
01/20/06 05:40,0.000
01/20/06 05:45,0.000
01/20/06 05:50,0.000
01/20/06 05:55,0.000
01/20/06 06:00,0.000
01/20/06 06:05,0.000
01/20/06 06:10,0.000
01/20/06 06:15,0.000
01/20/06 06:20,0.000
01/20/06 06:25,0.000
01/20/06 06:30,0.000
01/20/06 06:35,0.000
01/20/06 06:40,0.000
01/20/06 06:45,0.000
01/20/06 06:50,0.000
01/20/06 06:55,0.000
01/20/06 07:00,0.000
01/20/06 07:05,0.000
01/20/06 07:10,0.000
01/20/06 07:15,0.000
01/20/06 07:20,0.000
01/20/06 07:25,0.000
01/20/06 07:30,0.000
01/20/06 07:35,0.000
01/20/06 07:40,0.000
01/20/06 07:45,0.000
01/20/06 07:50,0.000
01/20/06 07:55,0.000
01/20/06 08:00,0.000
01/20/06 08:05,0.002
01/20/06 08:10,0.018
01/20/06 08:15,0.063
01/20/06 08:20,0.092
01/20/06 08:25,0.110
01/20/06 08:30,0.127
01/20/06 08:35,0.143
01/20/06 08:40,0.160
01/20/06 08:45,0.176
01/20/06 08:50,0.191
01/20/06 08:55,0.208
01/20/06 09:00,0.223
01/20/06 09:05,0.233
01/20/06 09:10,0.240
01/20/06 09:15,0.243
01/20/06 09:20,0.243
01/20/06 09:25,0.241
01/20/06 09:30,0.234
01/20/06 09:35,0.228
01/20/06 09:40,0.228
01/20/06 09:45,0.230
01/20/06 09:50,0.235
01/20/06 09:55,0.233
01/20/06 10:00,0.209
01/20/06 10:05,0.180
01/20/06 10:10,0.130
01/20/06 10:15,0.091
01/20/06 10:20,0.038
01/20/06 10:25,0.015
01/20/06 10:30,0.012
01/20/06 10:35,0.011
01/20/06 10:40,0.007
01/20/06 10:45,0.007
01/20/06 10:50,0.007
01/20/06 10:55,0.009
01/20/06 11:00,0.016
01/20/06 11:05,0.023
01/20/06 11:10,0.020
01/20/06 11:15,0.044
01/20/06 11:20,0.088
01/20/06 11:25,0.158
01/20/06 11:30,0.202
01/20/06 11:35,0.179
01/20/06 11:40,0.183
01/20/06 11:45,0.186
01/20/06 11:50,0.193
01/20/06 11:55,0.199
01/20/06 12:00,0.158
01/20/06 12:05,0.139
01/20/06 12:10,0.140
01/20/06 12:15,0.157
01/20/06 12:20,0.169
01/20/06 12:25,0.182
01/20/06 12:30,0.203
01/20/06 12:35,0.220
01/20/06 12:40,0.243
01/20/06 12:45,0.259
01/20/06 12:50,0.276
01/20/06 12:55,0.295
01/20/06 13:00,0.328
01/20/06 13:05,0.341
01/20/06 13:10,0.338
01/20/06 13:15,0.321
01/20/06 13:20,0.303
01/20/06 13:25,0.280
01/20/06 13:30,0.255
01/20/06 13:35,0.220
01/20/06 13:40,0.189
01/20/06 13:45,0.153
01/20/06 13:50,0.122
01/20/06 13:55,0.083
01/20/06 14:00,0.058
01/20/06 14:05,0.016
01/20/06 14:10,0.004
01/20/06 14:15,0.006
01/20/06 14:20,0.003
01/20/06 14:25,0.007
01/20/06 14:30,0.003
01/20/06 14:35,0.001
01/20/06 14:40,0.007
01/20/06 14:45,0.024
01/20/06 14:50,0.027
01/20/06 14:55,0.084
01/20/06 15:00,0.075
01/20/06 15:05,0.035
01/20/06 15:10,0.020
01/20/06 15:15,0.037
01/20/06 15:20,0.005
01/20/06 15:25,0.001
01/20/06 15:30,0.000
01/20/06 15:35,0.000
01/20/06 15:40,0.000
01/20/06 15:45,0.000
01/20/06 15:50,0.000
01/20/06 15:55,0.000
01/20/06 16:00,0.000
01/20/06 16:05,0.000
01/20/06 16:10,0.000
01/20/06 16:15,0.000
01/20/06 16:20,0.000
01/20/06 16:25,0.000
01/20/06 16:30,0.000
01/20/06 16:35,0.000
01/20/06 16:40,0.000
01/20/06 16:45,0.000
01/20/06 16:50,0.000
01/20/06 16:55,0.000
01/20/06 17:00,0.000
01/20/06 17:05,0.000
01/20/06 17:10,0.000
01/20/06 17:15,0.000
01/20/06 17:20,0.000
01/20/06 17:25,0.000
01/20/06 17:30,0.000
01/20/06 17:35,0.000
01/20/06 17:40,0.000
01/20/06 17:45,0.000
01/20/06 17:50,0.000
01/20/06 17:55,0.000
01/20/06 18:00,0.000
01/20/06 18:05,0.000
01/20/06 18:10,0.000
01/20/06 18:15,0.000
01/20/06 18:20,0.000
01/20/06 18:25,0.000
01/20/06 18:30,0.000
01/20/06 18:35,0.000
01/20/06 18:40,0.000
01/20/06 18:45,0.000
01/20/06 18:50,0.000
01/20/06 18:55,0.000
01/20/06 19:00,0.000
01/20/06 19:05,0.000
01/20/06 19:10,0.000
01/20/06 19:15,0.000
01/20/06 19:20,0.000
01/20/06 19:25,0.000
01/20/06 19:30,0.000
01/20/06 19:35,0.000
01/20/06 19:40,0.000
01/20/06 19:45,0.000
01/20/06 19:50,0.000
01/20/06 19:55,0.000
01/20/06 20:00,0.000
01/20/06 20:05,0.000
01/20/06 20:10,0.000
01/20/06 20:15,0.000
01/20/06 20:20,0.000
01/20/06 20:25,0.000
01/20/06 20:30,0.000
01/20/06 20:35,0.000
01/20/06 20:40,0.000
01/20/06 20:45,0.000
01/20/06 20:50,0.000
01/20/06 20:55,0.000
01/20/06 21:00,0.000
01/20/06 21:05,0.000
01/20/06 21:10,0.000
01/20/06 21:15,0.000
01/20/06 21:20,0.000
01/20/06 21:25,0.000
01/20/06 21:30,0.000
01/20/06 21:35,0.000
01/20/06 21:40,0.000
01/20/06 21:45,0.000
01/20/06 21:50,0.000
01/20/06 21:55,0.000
01/20/06 22:00,0.000
01/20/06 22:05,0.000
01/20/06 22:10,0.000
01/20/06 22:15,0.000
01/20/06 22:20,0.000
01/20/06 22:25,0.000
01/20/06 22:30,0.000
01/20/06 22:35,0.000
01/20/06 22:40,0.000
01/20/06 22:45,0.000
01/20/06 22:50,0.000
01/20/06 22:55,0.000
01/20/06 23:00,0.000
01/20/06 23:05,0.000
01/20/06 23:10,0.000
01/20/06 23:15,0.000
01/20/06 23:20,0.000
01/20/06 23:25,0.000
01/20/06 23:30,0.000
01/20/06 23:35,0.000
01/20/06 23:40,0.000
01/20/06 23:45,0.000
01/20/06 23:50,0.000
01/20/06 23:55,0.000
01/21/06 00:00,0.000
01/21/06 00:05,0.000
01/21/06 00:10,0.000
01/21/06 00:15,0.000
01/21/06 00:20,0.000
01/21/06 00:25,0.000
01/21/06 00:30,0.000
01/21/06 00:35,0.000
01/21/06 00:40,0.000
01/21/06 00:45,0.000
01/21/06 00:50,0.000
01/21/06 00:55,0.000
01/21/06 01:00,0.000
01/21/06 01:05,0.000
01/21/06 01:10,0.000
01/21/06 01:15,0.000
01/21/06 01:20,0.000
01/21/06 01:25,0.000
01/21/06 01:30,0.000
01/21/06 01:35,0.000
01/21/06 01:40,0.000
01/21/06 01:45,0.000
01/21/06 01:50,0.000
01/21/06 01:55,0.000
01/21/06 02:00,0.000
01/21/06 02:05,0.000
01/21/06 02:10,0.000
01/21/06 02:15,0.000
01/21/06 02:20,0.000
01/21/06 02:25,0.000
01/21/06 02:30,0.000
01/21/06 02:35,0.000
01/21/06 02:40,0.000
01/21/06 02:45,0.000
01/21/06 02:50,0.000
01/21/06 02:55,0.000
01/21/06 03:00,0.000
01/21/06 03:05,0.000
01/21/06 03:10,0.000
01/21/06 03:15,0.000
01/21/06 03:20,0.000
01/21/06 03:25,0.000
01/21/06 03:30,0.000
01/21/06 03:35,0.000
01/21/06 03:40,0.000
01/21/06 03:45,0.000
01/21/06 03:50,0.000
01/21/06 03:55,0.000
01/21/06 04:00,0.000
01/21/06 04:05,0.000
01/21/06 04:10,0.000
01/21/06 04:15,0.000
01/21/06 04:20,0.000
01/21/06 04:25,0.000
01/21/06 04:30,0.000
01/21/06 04:35,0.000
01/21/06 04:40,0.000
01/21/06 04:45,0.000
01/21/06 04:50,0.000
01/21/06 04:55,0.000
01/21/06 05:00,0.000
01/21/06 05:05,0.000
01/21/06 05:10,0.000
01/21/06 05:15,0.000
01/21/06 05:20,0.000
01/21/06 05:25,0.000
01/21/06 05:30,0.000
01/21/06 05:35,0.000
01/21/06 05:40,0.000
01/21/06 05:45,0.000
01/21/06 05:50,0.000
01/21/06 05:55,0.000
01/21/06 06:00,0.000
01/21/06 06:05,0.000
01/21/06 06:10,0.000
01/21/06 06:15,0.000
01/21/06 06:20,0.000
01/21/06 06:25,0.000
01/21/06 06:30,0.000
01/21/06 06:35,0.000
01/21/06 06:40,0.000
01/21/06 06:45,0.000
01/21/06 06:50,0.000
01/21/06 06:55,0.000
01/21/06 07:00,0.000
01/21/06 07:05,0.000
01/21/06 07:10,0.000
01/21/06 07:15,0.000
01/21/06 07:20,0.000
01/21/06 07:25,0.000
01/21/06 07:30,0.000
01/21/06 07:35,0.000
01/21/06 07:40,0.000
01/21/06 07:45,0.000
01/21/06 07:50,0.000
01/21/06 07:55,0.000
01/21/06 08:00,0.003
01/21/06 08:05,0.022
01/21/06 08:10,0.065
01/21/06 08:15,0.092
01/21/06 08:20,0.110
01/21/06 08:25,0.128
01/21/06 08:30,0.146
01/21/06 08:35,0.163
01/21/06 08:40,0.180
01/21/06 08:45,0.198
01/21/06 08:50,0.216
01/21/06 08:55,0.234
01/21/06 09:00,0.248
01/21/06 09:05,0.258
01/21/06 09:10,0.269
01/21/06 09:15,0.281
01/21/06 09:20,0.291
01/21/06 09:25,0.302
01/21/06 09:30,0.312
01/21/06 09:35,0.322
01/21/06 09:40,0.331
01/21/06 09:45,0.340
01/21/06 09:50,0.348
01/21/06 09:55,0.354
01/21/06 10:00,0.365
01/21/06 10:05,0.378
01/21/06 10:10,0.389
01/21/06 10:15,0.391
01/21/06 10:20,0.391
01/21/06 10:25,0.397
01/21/06 10:30,0.406
01/21/06 10:35,0.412
01/21/06 10:40,0.415
01/21/06 10:45,0.424
01/21/06 10:50,0.433
01/21/06 10:55,0.440
01/21/06 11:00,0.434
01/21/06 11:05,0.407
01/21/06 11:10,0.352
01/21/06 11:15,0.309
01/21/06 11:20,0.268
01/21/06 11:25,0.247
01/21/06 11:30,0.261
01/21/06 11:35,0.209
01/21/06 11:40,0.142
01/21/06 11:45,0.107
01/21/06 11:50,0.146
01/21/06 11:55,0.200
01/21/06 12:00,0.274
01/21/06 12:05,0.311
01/21/06 12:10,0.334
01/21/06 12:15,0.346
01/21/06 12:20,0.354
01/21/06 12:25,0.353
01/21/06 12:30,0.347
01/21/06 12:35,0.347
01/21/06 12:40,0.323
01/21/06 12:45,0.276
01/21/06 12:50,0.230
01/21/06 12:55,0.198
01/21/06 13:00,0.205
01/21/06 13:05,0.233
01/21/06 13:10,0.251
01/21/06 13:15,0.227
01/21/06 13:20,0.239
01/21/06 13:25,0.255
01/21/06 13:30,0.274
01/21/06 13:35,0.271
01/21/06 13:40,0.229
01/21/06 13:45,0.204
01/21/06 13:50,0.226
01/21/06 13:55,0.241
01/21/06 14:00,0.272
01/21/06 14:05,0.300
01/21/06 14:10,0.316
01/21/06 14:15,0.323
01/21/06 14:20,0.321
01/21/06 14:25,0.313
01/21/06 14:30,0.304
01/21/06 14:35,0.294
01/21/06 14:40,0.283
01/21/06 14:45,0.269
01/21/06 14:50,0.256
01/21/06 14:55,0.243
01/21/06 15:00,0.226
01/21/06 15:05,0.209
01/21/06 15:10,0.193
01/21/06 15:15,0.178
01/21/06 15:20,0.162
01/21/06 15:25,0.146
01/21/06 15:30,0.130
01/21/06 15:35,0.113
01/21/06 15:40,0.097
01/21/06 15:45,0.081
01/21/06 15:50,0.036
01/21/06 15:55,0.009
01/21/06 16:00,0.001
01/21/06 16:05,0.000
01/21/06 16:10,0.000
01/21/06 16:15,0.000
01/21/06 16:20,0.000
01/21/06 16:25,0.000
01/21/06 16:30,0.000
01/21/06 16:35,0.000
01/21/06 16:40,0.000
01/21/06 16:45,0.000
01/21/06 16:50,0.000
01/21/06 16:55,0.000
01/21/06 17:00,0.000
01/21/06 17:05,0.000
01/21/06 17:10,0.000
01/21/06 17:15,0.000
01/21/06 17:20,0.000
01/21/06 17:25,0.000
01/21/06 17:30,0.000
01/21/06 17:35,0.000
01/21/06 17:40,0.000
01/21/06 17:45,0.000
01/21/06 17:50,0.000
01/21/06 17:55,0.000
01/21/06 18:00,0.000
01/21/06 18:05,0.000
01/21/06 18:10,0.000
01/21/06 18:15,0.000
01/21/06 18:20,0.000
01/21/06 18:25,0.000
01/21/06 18:30,0.000
01/21/06 18:35,0.000
01/21/06 18:40,0.000
01/21/06 18:45,0.000
01/21/06 18:50,0.000
01/21/06 18:55,0.000
01/21/06 19:00,0.000
01/21/06 19:05,0.000
01/21/06 19:10,0.000
01/21/06 19:15,0.000
01/21/06 19:20,0.000
01/21/06 19:25,0.000
01/21/06 19:30,0.000
01/21/06 19:35,0.000
01/21/06 19:40,0.000
01/21/06 19:45,0.000
01/21/06 19:50,0.000
01/21/06 19:55,0.000
01/21/06 20:00,0.000
01/21/06 20:05,0.000
01/21/06 20:10,0.000
01/21/06 20:15,0.000
01/21/06 20:20,0.000
01/21/06 20:25,0.000
01/21/06 20:30,0.000
01/21/06 20:35,0.000
01/21/06 20:40,0.000
01/21/06 20:45,0.000
01/21/06 20:50,0.000
01/21/06 20:55,0.000
01/21/06 21:00,0.000
01/21/06 21:05,0.000
01/21/06 21:10,0.000
01/21/06 21:15,0.000
01/21/06 21:20,0.000
01/21/06 21:25,0.000
01/21/06 21:30,0.000
01/21/06 21:35,0.000
01/21/06 21:40,0.000
01/21/06 21:45,0.000
01/21/06 21:50,0.000
01/21/06 21:55,0.000
01/21/06 22:00,0.000
01/21/06 22:05,0.000
01/21/06 22:10,0.000
01/21/06 22:15,0.000
01/21/06 22:20,0.000
01/21/06 22:25,0.000
01/21/06 22:30,0.000
01/21/06 22:35,0.000
01/21/06 22:40,0.000
01/21/06 22:45,0.000
01/21/06 22:50,0.000
01/21/06 22:55,0.000
01/21/06 23:00,0.000
01/21/06 23:05,0.000
01/21/06 23:10,0.000
01/21/06 23:15,0.000
01/21/06 23:20,0.000
01/21/06 23:25,0.000
01/21/06 23:30,0.000
01/21/06 23:35,0.000
01/21/06 23:40,0.000
01/21/06 23:45,0.000
01/21/06 23:50,0.000
01/21/06 23:55,0.000
01/22/06 00:00,0.000
01/22/06 00:05,0.000
01/22/06 00:10,0.000
01/22/06 00:15,0.000
01/22/06 00:20,0.000
01/22/06 00:25,0.000
01/22/06 00:30,0.000
01/22/06 00:35,0.000
01/22/06 00:40,0.000
01/22/06 00:45,0.000
01/22/06 00:50,0.000
01/22/06 00:55,0.000
01/22/06 01:00,0.000
01/22/06 01:05,0.000
01/22/06 01:10,0.000
01/22/06 01:15,0.000
01/22/06 01:20,0.000
01/22/06 01:25,0.000
01/22/06 01:30,0.000
01/22/06 01:35,0.000
01/22/06 01:40,0.000
01/22/06 01:45,0.000
01/22/06 01:50,0.000
01/22/06 01:55,0.000
01/22/06 02:00,0.000
01/22/06 02:05,0.000
01/22/06 02:10,0.000
01/22/06 02:15,0.000
01/22/06 02:20,0.000
01/22/06 02:25,0.000
01/22/06 02:30,0.000
01/22/06 02:35,0.000
01/22/06 02:40,0.000
01/22/06 02:45,0.000
01/22/06 02:50,0.000
01/22/06 02:55,0.000
01/22/06 03:00,0.000
01/22/06 03:05,0.000
01/22/06 03:10,0.000
01/22/06 03:15,0.000
01/22/06 03:20,0.000
01/22/06 03:25,0.000
01/22/06 03:30,0.000
01/22/06 03:35,0.000
01/22/06 03:40,0.000
01/22/06 03:45,0.000
01/22/06 03:50,0.000
01/22/06 03:55,0.000
01/22/06 04:00,0.000
01/22/06 04:05,0.000
01/22/06 04:10,0.000
01/22/06 04:15,0.000
01/22/06 04:20,0.000
01/22/06 04:25,0.000
01/22/06 04:30,0.000
01/22/06 04:35,0.000
01/22/06 04:40,0.000
01/22/06 04:45,0.000
01/22/06 04:50,0.000
01/22/06 04:55,0.000
01/22/06 05:00,0.000
01/22/06 05:05,0.000
01/22/06 05:10,0.000
01/22/06 05:15,0.000
01/22/06 05:20,0.000
01/22/06 05:25,0.000
01/22/06 05:30,0.000
01/22/06 05:35,0.000
01/22/06 05:40,0.000
01/22/06 05:45,0.000
01/22/06 05:50,0.000
01/22/06 05:55,0.000
01/22/06 06:00,0.000
01/22/06 06:05,0.000
01/22/06 06:10,0.000
01/22/06 06:15,0.000
01/22/06 06:20,0.000
01/22/06 06:25,0.000
01/22/06 06:30,0.000
01/22/06 06:35,0.000
01/22/06 06:40,0.000
01/22/06 06:45,0.000
01/22/06 06:50,0.000
01/22/06 06:55,0.000
01/22/06 07:00,0.000
01/22/06 07:05,0.000
01/22/06 07:10,0.000
01/22/06 07:15,0.000
01/22/06 07:20,0.000
01/22/06 07:25,0.000
01/22/06 07:30,0.000
01/22/06 07:35,0.000
01/22/06 07:40,0.000
01/22/06 07:45,0.000
01/22/06 07:50,0.000
01/22/06 07:55,0.000
01/22/06 08:00,0.000
01/22/06 08:05,0.007
01/22/06 08:10,0.041
01/22/06 08:15,0.087
01/22/06 08:20,0.108
01/22/06 08:25,0.126
01/22/06 08:30,0.144
01/22/06 08:35,0.161
01/22/06 08:40,0.177
01/22/06 08:45,0.190
01/22/06 08:50,0.204
01/22/06 08:55,0.219
01/22/06 09:00,0.233
01/22/06 09:05,0.239
01/22/06 09:10,0.243
01/22/06 09:15,0.237
01/22/06 09:20,0.227
01/22/06 09:25,0.215
01/22/06 09:30,0.199
01/22/06 09:35,0.179
01/22/06 09:40,0.154
01/22/06 09:45,0.126
01/22/06 09:50,0.098
01/22/06 09:55,0.060
01/22/06 10:00,0.022
01/22/06 10:05,0.009
01/22/06 10:10,0.006
01/22/06 10:15,0.005
01/22/06 10:20,0.003
01/22/06 10:25,0.001
01/22/06 10:30,0.001
01/22/06 10:35,0.001
01/22/06 10:40,0.003
01/22/06 10:45,0.011
01/22/06 10:50,0.064
01/22/06 10:55,0.106
01/22/06 11:00,0.141
01/22/06 11:05,0.162
01/22/06 11:10,0.178
01/22/06 11:15,0.190
01/22/06 11:20,0.192
01/22/06 11:25,0.152
01/22/06 11:30,0.108
01/22/06 11:35,0.092
01/22/06 11:40,0.086
01/22/06 11:45,0.081
01/22/06 11:50,0.063
01/22/06 11:55,0.044
01/22/06 12:00,0.036
01/22/06 12:05,0.031
01/22/06 12:10,0.033
01/22/06 12:15,0.035
01/22/06 12:20,0.053
01/22/06 12:25,0.082
01/22/06 12:30,0.089
01/22/06 12:35,0.106
01/22/06 12:40,0.119
01/22/06 12:45,0.144
01/22/06 12:50,0.171
01/22/06 12:55,0.192
01/22/06 13:00,0.218
01/22/06 13:05,0.224
01/22/06 13:10,0.224
01/22/06 13:15,0.219
01/22/06 13:20,0.209
01/22/06 13:25,0.200
01/22/06 13:30,0.186
01/22/06 13:35,0.161
01/22/06 13:40,0.143
01/22/06 13:45,0.124
01/22/06 13:50,0.101
01/22/06 13:55,0.085
01/22/06 14:00,0.073
01/22/06 14:05,0.060
01/22/06 14:10,0.034
01/22/06 14:15,0.015
01/22/06 14:20,0.008
01/22/06 14:25,0.003
01/22/06 14:30,0.003
01/22/06 14:35,0.003
01/22/06 14:40,0.003
01/22/06 14:45,0.002
01/22/06 14:50,0.001
01/22/06 14:55,0.000
01/22/06 15:00,0.001
01/22/06 15:05,0.001
01/22/06 15:10,0.000
01/22/06 15:15,0.000
01/22/06 15:20,0.000
01/22/06 15:25,0.000
01/22/06 15:30,0.000
01/22/06 15:35,0.000
01/22/06 15:40,0.000
01/22/06 15:45,0.000
01/22/06 15:50,0.000
01/22/06 15:55,0.000
01/22/06 16:00,0.000
01/22/06 16:05,0.000
01/22/06 16:10,0.000
01/22/06 16:15,0.000
01/22/06 16:20,0.000
01/22/06 16:25,0.000
01/22/06 16:30,0.000
01/22/06 16:35,0.000
01/22/06 16:40,0.000
01/22/06 16:45,0.000
01/22/06 16:50,0.000
01/22/06 16:55,0.000
01/22/06 17:00,0.000
01/22/06 17:05,0.000
01/22/06 17:10,0.000
01/22/06 17:15,0.000
01/22/06 17:20,0.000
01/22/06 17:25,0.000
01/22/06 17:30,0.000
01/22/06 17:35,0.000
01/22/06 17:40,0.000
01/22/06 17:45,0.000
01/22/06 17:50,0.000
01/22/06 17:55,0.000
01/22/06 18:00,0.000
01/22/06 18:05,0.000
01/22/06 18:10,0.000
01/22/06 18:15,0.000
01/22/06 18:20,0.000
01/22/06 18:25,0.000
01/22/06 18:30,0.000
01/22/06 18:35,0.000
01/22/06 18:40,0.000
01/22/06 18:45,0.000
01/22/06 18:50,0.000
01/22/06 18:55,0.000
01/22/06 19:00,0.000
01/22/06 19:05,0.000
01/22/06 19:10,0.000
01/22/06 19:15,0.000
01/22/06 19:20,0.000
01/22/06 19:25,0.000
01/22/06 19:30,0.000
01/22/06 19:35,0.000
01/22/06 19:40,0.000
01/22/06 19:45,0.000
01/22/06 19:50,0.000
01/22/06 19:55,0.000
01/22/06 20:00,0.000
01/22/06 20:05,0.000
01/22/06 20:10,0.000
01/22/06 20:15,0.000
01/22/06 20:20,0.000
01/22/06 20:25,0.000
01/22/06 20:30,0.000
01/22/06 20:35,0.000
01/22/06 20:40,0.000
01/22/06 20:45,0.000
01/22/06 20:50,0.000
01/22/06 20:55,0.000
01/22/06 21:00,0.000
01/22/06 21:05,0.000
01/22/06 21:10,0.000
01/22/06 21:15,0.000
01/22/06 21:20,0.000
01/22/06 21:25,0.000
01/22/06 21:30,0.000
01/22/06 21:35,0.000
01/22/06 21:40,0.000
01/22/06 21:45,0.000
01/22/06 21:50,0.000
01/22/06 21:55,0.000
01/22/06 22:00,0.000
01/22/06 22:05,0.000
01/22/06 22:10,0.000
01/22/06 22:15,0.000
01/22/06 22:20,0.000
01/22/06 22:25,0.000
01/22/06 22:30,0.000
01/22/06 22:35,0.000
01/22/06 22:40,0.000
01/22/06 22:45,0.000
01/22/06 22:50,0.000
01/22/06 22:55,0.000
01/22/06 23:00,0.000
01/22/06 23:05,0.000
01/22/06 23:10,0.000
01/22/06 23:15,0.000
01/22/06 23:20,0.000
01/22/06 23:25,0.000
01/22/06 23:30,0.000
01/22/06 23:35,0.000
01/22/06 23:40,0.000
01/22/06 23:45,0.000
01/22/06 23:50,0.000
01/22/06 23:55,0.000
01/23/06 00:00,0.000
01/23/06 00:05,0.000
01/23/06 00:10,0.000
01/23/06 00:15,0.000
01/23/06 00:20,0.000
01/23/06 00:25,0.000
01/23/06 00:30,0.000
01/23/06 00:35,0.000
01/23/06 00:40,0.000
01/23/06 00:45,0.000
01/23/06 00:50,0.000
01/23/06 00:55,0.000
01/23/06 01:00,0.000
01/23/06 01:05,0.000
01/23/06 01:10,0.000
01/23/06 01:15,0.000
01/23/06 01:20,0.000
01/23/06 01:25,0.000
01/23/06 01:30,0.000
01/23/06 01:35,0.000
01/23/06 01:40,0.000
01/23/06 01:45,0.000
01/23/06 01:50,0.000
01/23/06 01:55,0.000
01/23/06 02:00,0.000
01/23/06 02:05,0.000
01/23/06 02:10,0.000
01/23/06 02:15,0.000
01/23/06 02:20,0.000
01/23/06 02:25,0.000
01/23/06 02:30,0.000
01/23/06 02:35,0.000
01/23/06 02:40,0.000
01/23/06 02:45,0.000
01/23/06 02:50,0.000
01/23/06 02:55,0.000
01/23/06 03:00,0.000
01/23/06 03:05,0.000
01/23/06 03:10,0.000
01/23/06 03:15,0.000
01/23/06 03:20,0.000
01/23/06 03:25,0.000
01/23/06 03:30,0.000
01/23/06 03:35,0.000
01/23/06 03:40,0.000
01/23/06 03:45,0.000
01/23/06 03:50,0.000
01/23/06 03:55,0.000
01/23/06 04:00,0.000
01/23/06 04:05,0.000
01/23/06 04:10,0.000
01/23/06 04:15,0.000
01/23/06 04:20,0.000
01/23/06 04:25,0.000
01/23/06 04:30,0.000
01/23/06 04:35,0.000
01/23/06 04:40,0.000
01/23/06 04:45,0.000
01/23/06 04:50,0.000
01/23/06 04:55,0.000
01/23/06 05:00,0.000
01/23/06 05:05,0.000
01/23/06 05:10,0.000
01/23/06 05:15,0.000
01/23/06 05:20,0.000
01/23/06 05:25,0.000
01/23/06 05:30,0.000
01/23/06 05:35,0.000
01/23/06 05:40,0.000
01/23/06 05:45,0.000
01/23/06 05:50,0.000
01/23/06 05:55,0.000
01/23/06 06:00,0.000
01/23/06 06:05,0.000
01/23/06 06:10,0.000
01/23/06 06:15,0.000
01/23/06 06:20,0.000
01/23/06 06:25,0.000
01/23/06 06:30,0.000
01/23/06 06:35,0.000
01/23/06 06:40,0.000
01/23/06 06:45,0.000
01/23/06 06:50,0.000
01/23/06 06:55,0.000
01/23/06 07:00,0.000
01/23/06 07:05,0.000
01/23/06 07:10,0.000
01/23/06 07:15,0.000
01/23/06 07:20,0.000
01/23/06 07:25,0.000
01/23/06 07:30,0.000
01/23/06 07:35,0.000
01/23/06 07:40,0.000
01/23/06 07:45,0.000
01/23/06 07:50,0.000
01/23/06 07:55,0.000
01/23/06 08:00,0.007
01/23/06 08:05,0.035
01/23/06 08:10,0.081
01/23/06 08:15,0.097
01/23/06 08:20,0.115
01/23/06 08:25,0.132
01/23/06 08:30,0.149
01/23/06 08:35,0.166
01/23/06 08:40,0.181
01/23/06 08:45,0.196
01/23/06 08:50,0.212
01/23/06 08:55,0.228
01/23/06 09:00,0.240
01/23/06 09:05,0.251
01/23/06 09:10,0.264
01/23/06 09:15,0.275
01/23/06 09:20,0.286
01/23/06 09:25,0.296
01/23/06 09:30,0.307
01/23/06 09:35,0.316
01/23/06 09:40,0.326
01/23/06 09:45,0.335
01/23/06 09:50,0.344
01/23/06 09:55,0.352
01/23/06 10:00,0.360
01/23/06 10:05,0.367
01/23/06 10:10,0.374
01/23/06 10:15,0.381
01/23/06 10:20,0.386
01/23/06 10:25,0.390
01/23/06 10:30,0.396
01/23/06 10:35,0.403
01/23/06 10:40,0.408
01/23/06 10:45,0.414
01/23/06 10:50,0.421
01/23/06 10:55,0.424
01/23/06 11:00,0.431
01/23/06 11:05,0.435
01/23/06 11:10,0.436
01/23/06 11:15,0.435
01/23/06 11:20,0.435
01/23/06 11:25,0.437
01/23/06 11:30,0.440
01/23/06 11:35,0.444
01/23/06 11:40,0.446
01/23/06 11:45,0.446
01/23/06 11:50,0.448
01/23/06 11:55,0.450
01/23/06 12:00,0.456
01/23/06 12:05,0.462
01/23/06 12:10,0.466
01/23/06 12:15,0.466
01/23/06 12:20,0.460
01/23/06 12:25,0.449
01/23/06 12:30,0.443
01/23/06 12:35,0.440
01/23/06 12:40,0.442
01/23/06 12:45,0.446
01/23/06 12:50,0.447
01/23/06 12:55,0.444
01/23/06 13:00,0.441
01/23/06 13:05,0.442
01/23/06 13:10,0.427
01/23/06 13:15,0.415
01/23/06 13:20,0.400
01/23/06 13:25,0.386
01/23/06 13:30,0.373
01/23/06 13:35,0.361
01/23/06 13:40,0.351
01/23/06 13:45,0.340
01/23/06 13:50,0.332
01/23/06 13:55,0.325
01/23/06 14:00,0.328
01/23/06 14:05,0.332
01/23/06 14:10,0.331
01/23/06 14:15,0.327
01/23/06 14:20,0.321
01/23/06 14:25,0.312
01/23/06 14:30,0.305
01/23/06 14:35,0.294
01/23/06 14:40,0.282
01/23/06 14:45,0.270
01/23/06 14:50,0.257
01/23/06 14:55,0.245
01/23/06 15:00,0.231
01/23/06 15:05,0.216
01/23/06 15:10,0.201
01/23/06 15:15,0.186
01/23/06 15:20,0.169
01/23/06 15:25,0.151
01/23/06 15:30,0.135
01/23/06 15:35,0.119
01/23/06 15:40,0.102
01/23/06 15:45,0.086
01/23/06 15:50,0.053
01/23/06 15:55,0.018
01/23/06 16:00,0.004
01/23/06 16:05,0.000
01/23/06 16:10,0.000
01/23/06 16:15,0.000
01/23/06 16:20,0.000
01/23/06 16:25,0.000
01/23/06 16:30,0.000
01/23/06 16:35,0.000
01/23/06 16:40,0.000
01/23/06 16:45,0.000
01/23/06 16:50,0.000
01/23/06 16:55,0.000
01/23/06 17:00,0.000
01/23/06 17:05,0.000
01/23/06 17:10,0.000
01/23/06 17:15,0.000
01/23/06 17:20,0.000
01/23/06 17:25,0.000
01/23/06 17:30,0.000
01/23/06 17:35,0.000
01/23/06 17:40,0.000
01/23/06 17:45,0.000
01/23/06 17:50,0.000
01/23/06 17:55,0.000
01/23/06 18:00,0.000
01/23/06 18:05,0.000
01/23/06 18:10,0.000
01/23/06 18:15,0.000
01/23/06 18:20,0.000
01/23/06 18:25,0.000
01/23/06 18:30,0.000
01/23/06 18:35,0.000
01/23/06 18:40,0.000
01/23/06 18:45,0.000
01/23/06 18:50,0.000
01/23/06 18:55,0.000
01/23/06 19:00,0.000
01/23/06 19:05,0.000
01/23/06 19:10,0.000
01/23/06 19:15,0.000
01/23/06 19:20,0.000
01/23/06 19:25,0.000
01/23/06 19:30,0.000
01/23/06 19:35,0.000
01/23/06 19:40,0.000
01/23/06 19:45,0.000
01/23/06 19:50,0.000
01/23/06 19:55,0.000
01/23/06 20:00,0.000
01/23/06 20:05,0.000
01/23/06 20:10,0.000
01/23/06 20:15,0.000
01/23/06 20:20,0.000
01/23/06 20:25,0.000
01/23/06 20:30,0.000
01/23/06 20:35,0.000
01/23/06 20:40,0.000
01/23/06 20:45,0.000
01/23/06 20:50,0.000
01/23/06 20:55,0.000
01/23/06 21:00,0.000
01/23/06 21:05,0.000
01/23/06 21:10,0.000
01/23/06 21:15,0.000
01/23/06 21:20,0.000
01/23/06 21:25,0.000
01/23/06 21:30,0.000
01/23/06 21:35,0.000
01/23/06 21:40,0.000
01/23/06 21:45,0.000
01/23/06 21:50,0.000
01/23/06 21:55,0.000
01/23/06 22:00,0.000
01/23/06 22:05,0.000
01/23/06 22:10,0.000
01/23/06 22:15,0.000
01/23/06 22:20,0.000
01/23/06 22:25,0.000
01/23/06 22:30,0.000
01/23/06 22:35,0.000
01/23/06 22:40,0.000
01/23/06 22:45,0.000
01/23/06 22:50,0.000
01/23/06 22:55,0.000
01/23/06 23:00,0.000
01/23/06 23:05,0.000
01/23/06 23:10,0.000
01/23/06 23:15,0.000
01/23/06 23:20,0.000
01/23/06 23:25,0.000
01/23/06 23:30,0.000
01/23/06 23:35,0.000
01/23/06 23:40,0.000
01/23/06 23:45,0.000
01/23/06 23:50,0.000
01/23/06 23:55,0.000
01/24/06 00:00,0.000
01/24/06 00:05,0.000
01/24/06 00:10,0.000
01/24/06 00:15,0.000
01/24/06 00:20,0.000
01/24/06 00:25,0.000
01/24/06 00:30,0.000
01/24/06 00:35,0.000
01/24/06 00:40,0.000
01/24/06 00:45,0.000
01/24/06 00:50,0.000
01/24/06 00:55,0.000
01/24/06 01:00,0.000
01/24/06 01:05,0.000
01/24/06 01:10,0.000
01/24/06 01:15,0.000
01/24/06 01:20,0.000
01/24/06 01:25,0.000
01/24/06 01:30,0.000
01/24/06 01:35,0.000
01/24/06 01:40,0.000
01/24/06 01:45,0.000
01/24/06 01:50,0.000
01/24/06 01:55,0.000
01/24/06 02:00,0.000
01/24/06 02:05,0.000
01/24/06 02:10,0.000
01/24/06 02:15,0.000
01/24/06 02:20,0.000
01/24/06 02:25,0.000
01/24/06 02:30,0.000
01/24/06 02:35,0.000
01/24/06 02:40,0.000
01/24/06 02:45,0.000
01/24/06 02:50,0.000
01/24/06 02:55,0.000
01/24/06 03:00,0.000
01/24/06 03:05,0.000
01/24/06 03:10,0.000
01/24/06 03:15,0.000
01/24/06 03:20,0.000
01/24/06 03:25,0.000
01/24/06 03:30,0.000
01/24/06 03:35,0.000
01/24/06 03:40,0.000
01/24/06 03:45,0.000
01/24/06 03:50,0.000
01/24/06 03:55,0.000
01/24/06 04:00,0.000
01/24/06 04:05,0.000
01/24/06 04:10,0.000
01/24/06 04:15,0.000
01/24/06 04:20,0.000
01/24/06 04:25,0.000
01/24/06 04:30,0.000
01/24/06 04:35,0.000
01/24/06 04:40,0.000
01/24/06 04:45,0.000
01/24/06 04:50,0.000
01/24/06 04:55,0.000
01/24/06 05:00,0.000
01/24/06 05:05,0.000
01/24/06 05:10,0.000
01/24/06 05:15,0.000
01/24/06 05:20,0.000
01/24/06 05:25,0.000
01/24/06 05:30,0.000
01/24/06 05:35,0.000
01/24/06 05:40,0.000
01/24/06 05:45,0.000
01/24/06 05:50,0.000
01/24/06 05:55,0.000
01/24/06 06:00,0.000
01/24/06 06:05,0.000
01/24/06 06:10,0.000
01/24/06 06:15,0.000
01/24/06 06:20,0.000
01/24/06 06:25,0.000
01/24/06 06:30,0.000
01/24/06 06:35,0.000
01/24/06 06:40,0.000
01/24/06 06:45,0.000
01/24/06 06:50,0.000
01/24/06 06:55,0.000
01/24/06 07:00,0.000
01/24/06 07:05,0.000
01/24/06 07:10,0.000
01/24/06 07:15,0.000
01/24/06 07:20,0.000
01/24/06 07:25,0.000
01/24/06 07:30,0.000
01/24/06 07:35,0.000
01/24/06 07:40,0.000
01/24/06 07:45,0.000
01/24/06 07:50,0.000
01/24/06 07:55,0.000
01/24/06 08:00,0.008
01/24/06 08:05,0.037
01/24/06 08:10,0.084
01/24/06 08:15,0.101
01/24/06 08:20,0.120
01/24/06 08:25,0.137
01/24/06 08:30,0.155
01/24/06 08:35,0.172
01/24/06 08:40,0.189
01/24/06 08:45,0.205
01/24/06 08:50,0.222
01/24/06 08:55,0.237
01/24/06 09:00,0.251
01/24/06 09:05,0.263
01/24/06 09:10,0.274
01/24/06 09:15,0.285
01/24/06 09:20,0.294
01/24/06 09:25,0.302
01/24/06 09:30,0.311
01/24/06 09:35,0.320
01/24/06 09:40,0.326
01/24/06 09:45,0.331
01/24/06 09:50,0.337
01/24/06 09:55,0.345
01/24/06 10:00,0.352
01/24/06 10:05,0.359
01/24/06 10:10,0.365
01/24/06 10:15,0.372
01/24/06 10:20,0.379
01/24/06 10:25,0.387
01/24/06 10:30,0.393
01/24/06 10:35,0.399
01/24/06 10:40,0.406
01/24/06 10:45,0.412
01/24/06 10:50,0.420
01/24/06 10:55,0.424
01/24/06 11:00,0.426
01/24/06 11:05,0.430
01/24/06 11:10,0.434
01/24/06 11:15,0.436
01/24/06 11:20,0.438
01/24/06 11:25,0.439
01/24/06 11:30,0.441
01/24/06 11:35,0.444
01/24/06 11:40,0.447
01/24/06 11:45,0.450
01/24/06 11:50,0.453
01/24/06 11:55,0.455
01/24/06 12:00,0.457
01/24/06 12:05,0.459
01/24/06 12:10,0.460
01/24/06 12:15,0.463
01/24/06 12:20,0.466
01/24/06 12:25,0.466
01/24/06 12:30,0.468
01/24/06 12:35,0.470
01/24/06 12:40,0.471
01/24/06 12:45,0.473
01/24/06 12:50,0.471
01/24/06 12:55,0.468
01/24/06 13:00,0.465
01/24/06 13:05,0.461
01/24/06 13:10,0.456
01/24/06 13:15,0.448
01/24/06 13:20,0.443
01/24/06 13:25,0.437
01/24/06 13:30,0.431
01/24/06 13:35,0.424
01/24/06 13:40,0.417
01/24/06 13:45,0.410
01/24/06 13:50,0.402
01/24/06 13:55,0.393
01/24/06 14:00,0.383
01/24/06 14:05,0.373
01/24/06 14:10,0.362
01/24/06 14:15,0.351
01/24/06 14:20,0.340
01/24/06 14:25,0.327
01/24/06 14:30,0.315
01/24/06 14:35,0.303
01/24/06 14:40,0.289
01/24/06 14:45,0.276
01/24/06 14:50,0.261
01/24/06 14:55,0.246
01/24/06 15:00,0.232
01/24/06 15:05,0.219
01/24/06 15:10,0.204
01/24/06 15:15,0.189
01/24/06 15:20,0.174
01/24/06 15:25,0.158
01/24/06 15:30,0.142
01/24/06 15:35,0.125
01/24/06 15:40,0.110
01/24/06 15:45,0.094
01/24/06 15:50,0.073
01/24/06 15:55,0.028
01/24/06 16:00,0.007
01/24/06 16:05,0.001
01/24/06 16:10,0.000
01/24/06 16:15,0.000
01/24/06 16:20,0.000
01/24/06 16:25,0.000
01/24/06 16:30,0.000
01/24/06 16:35,0.000
01/24/06 16:40,0.000
01/24/06 16:45,0.000
01/24/06 16:50,0.000
01/24/06 16:55,0.000
01/24/06 17:00,0.000
01/24/06 17:05,0.000
01/24/06 17:10,0.000
01/24/06 17:15,0.000
01/24/06 17:20,0.000
01/24/06 17:25,0.000
01/24/06 17:30,0.000
01/24/06 17:35,0.000
01/24/06 17:40,0.000
01/24/06 17:45,0.000
01/24/06 17:50,0.000
01/24/06 17:55,0.000
01/24/06 18:00,0.000
01/24/06 18:05,0.000
01/24/06 18:10,0.000
01/24/06 18:15,0.000
01/24/06 18:20,0.000
01/24/06 18:25,0.000
01/24/06 18:30,0.000
01/24/06 18:35,0.000
01/24/06 18:40,0.000
01/24/06 18:45,0.000
01/24/06 18:50,0.000
01/24/06 18:55,0.000
01/24/06 19:00,0.000
01/24/06 19:05,0.000
01/24/06 19:10,0.000
01/24/06 19:15,0.000
01/24/06 19:20,0.000
01/24/06 19:25,0.000
01/24/06 19:30,0.000
01/24/06 19:35,0.000
01/24/06 19:40,0.000
01/24/06 19:45,0.000
01/24/06 19:50,0.000
01/24/06 19:55,0.000
01/24/06 20:00,0.000
01/24/06 20:05,0.000
01/24/06 20:10,0.000
01/24/06 20:15,0.000
01/24/06 20:20,0.000
01/24/06 20:25,0.000
01/24/06 20:30,0.000
01/24/06 20:35,0.000
01/24/06 20:40,0.000
01/24/06 20:45,0.000
01/24/06 20:50,0.000
01/24/06 20:55,0.000
01/24/06 21:00,0.000
01/24/06 21:05,0.000
01/24/06 21:10,0.000
01/24/06 21:15,0.000
01/24/06 21:20,0.000
01/24/06 21:25,0.000
01/24/06 21:30,0.000
01/24/06 21:35,0.000
01/24/06 21:40,0.000
01/24/06 21:45,0.000
01/24/06 21:50,0.000
01/24/06 21:55,0.000
01/24/06 22:00,0.000
01/24/06 22:05,0.000
01/24/06 22:10,0.000
01/24/06 22:15,0.000
01/24/06 22:20,0.000
01/24/06 22:25,0.000
01/24/06 22:30,0.000
01/24/06 22:35,0.000
01/24/06 22:40,0.000
01/24/06 22:45,0.000
01/24/06 22:50,0.000
01/24/06 22:55,0.000
01/24/06 23:00,0.000
01/24/06 23:05,0.000
01/24/06 23:10,0.000
01/24/06 23:15,0.000
01/24/06 23:20,0.000
01/24/06 23:25,0.000
01/24/06 23:30,0.000
01/24/06 23:35,0.000
01/24/06 23:40,0.000
01/24/06 23:45,0.000
01/24/06 23:50,0.000
01/24/06 23:55,0.000
01/25/06 00:00,0.000
01/25/06 00:05,0.000
01/25/06 00:10,0.000
01/25/06 00:15,0.000
01/25/06 00:20,0.000
01/25/06 00:25,0.000
01/25/06 00:30,0.000
01/25/06 00:35,0.000
01/25/06 00:40,0.000
01/25/06 00:45,0.000
01/25/06 00:50,0.000
01/25/06 00:55,0.000
01/25/06 01:00,0.000
01/25/06 01:05,0.000
01/25/06 01:10,0.000
01/25/06 01:15,0.000
01/25/06 01:20,0.000
01/25/06 01:25,0.000
01/25/06 01:30,0.000
01/25/06 01:35,0.000
01/25/06 01:40,0.000
01/25/06 01:45,0.000
01/25/06 01:50,0.000
01/25/06 01:55,0.000
01/25/06 02:00,0.000
01/25/06 02:05,0.000
01/25/06 02:10,0.000
01/25/06 02:15,0.000
01/25/06 02:20,0.000
01/25/06 02:25,0.000
01/25/06 02:30,0.000
01/25/06 02:35,0.000
01/25/06 02:40,0.000
01/25/06 02:45,0.000
01/25/06 02:50,0.000
01/25/06 02:55,0.000
01/25/06 03:00,0.000
01/25/06 03:05,0.000
01/25/06 03:10,0.000
01/25/06 03:15,0.000
01/25/06 03:20,0.000
01/25/06 03:25,0.000
01/25/06 03:30,0.000
01/25/06 03:35,0.000
01/25/06 03:40,0.000
01/25/06 03:45,0.000
01/25/06 03:50,0.000
01/25/06 03:55,0.000
01/25/06 04:00,0.000
01/25/06 04:05,0.000
01/25/06 04:10,0.000
01/25/06 04:15,0.000
01/25/06 04:20,0.000
01/25/06 04:25,0.000
01/25/06 04:30,0.000
01/25/06 04:35,0.000
01/25/06 04:40,0.000
01/25/06 04:45,0.000
01/25/06 04:50,0.000
01/25/06 04:55,0.000
01/25/06 05:00,0.000
01/25/06 05:05,0.000
01/25/06 05:10,0.000
01/25/06 05:15,0.000
01/25/06 05:20,0.000
01/25/06 05:25,0.000
01/25/06 05:30,0.000
01/25/06 05:35,0.000
01/25/06 05:40,0.000
01/25/06 05:45,0.000
01/25/06 05:50,0.000
01/25/06 05:55,0.000
01/25/06 06:00,0.000
01/25/06 06:05,0.000
01/25/06 06:10,0.000
01/25/06 06:15,0.000
01/25/06 06:20,0.000
01/25/06 06:25,0.000
01/25/06 06:30,0.000
01/25/06 06:35,0.000
01/25/06 06:40,0.000
01/25/06 06:45,0.000
01/25/06 06:50,0.000
01/25/06 06:55,0.000
01/25/06 07:00,0.000
01/25/06 07:05,0.000
01/25/06 07:10,0.000
01/25/06 07:15,0.000
01/25/06 07:20,0.000
01/25/06 07:25,0.000
01/25/06 07:30,0.000
01/25/06 07:35,0.000
01/25/06 07:40,0.000
01/25/06 07:45,0.000
01/25/06 07:50,0.000
01/25/06 07:55,0.001
01/25/06 08:00,0.011
01/25/06 08:05,0.044
01/25/06 08:10,0.086
01/25/06 08:15,0.103
01/25/06 08:20,0.121
01/25/06 08:25,0.140
01/25/06 08:30,0.157
01/25/06 08:35,0.172
01/25/06 08:40,0.187
01/25/06 08:45,0.202
01/25/06 08:50,0.219
01/25/06 08:55,0.236
01/25/06 09:00,0.250
01/25/06 09:05,0.260
01/25/06 09:10,0.270
01/25/06 09:15,0.280
01/25/06 09:20,0.290
01/25/06 09:25,0.300
01/25/06 09:30,0.307
01/25/06 09:35,0.315
01/25/06 09:40,0.322
01/25/06 09:45,0.329
01/25/06 09:50,0.336
01/25/06 09:55,0.344
01/25/06 10:00,0.357
01/25/06 10:05,0.372
01/25/06 10:10,0.385
01/25/06 10:15,0.395
01/25/06 10:20,0.398
01/25/06 10:25,0.401
01/25/06 10:30,0.393
01/25/06 10:35,0.377
01/25/06 10:40,0.362
01/25/06 10:45,0.354
01/25/06 10:50,0.360
01/25/06 10:55,0.373
01/25/06 11:00,0.337
01/25/06 11:05,0.277
01/25/06 11:10,0.320
01/25/06 11:15,0.320
01/25/06 11:20,0.264
01/25/06 11:25,0.232
01/25/06 11:30,0.209
01/25/06 11:35,0.244
01/25/06 11:40,0.263
01/25/06 11:45,0.263
01/25/06 11:50,0.250
01/25/06 11:55,0.258
01/25/06 12:00,0.271
01/25/06 12:05,0.253
01/25/06 12:10,0.233
01/25/06 12:15,0.239
01/25/06 12:20,0.228
01/25/06 12:25,0.200
01/25/06 12:30,0.173
01/25/06 12:35,0.160
01/25/06 12:40,0.155
01/25/06 12:45,0.149
01/25/06 12:50,0.144
01/25/06 12:55,0.158
01/25/06 13:00,0.217
01/25/06 13:05,0.219
01/25/06 13:10,0.217
01/25/06 13:15,0.232
01/25/06 13:20,0.275
01/25/06 13:25,0.324
01/25/06 13:30,0.333
01/25/06 13:35,0.314
01/25/06 13:40,0.329
01/25/06 13:45,0.352
01/25/06 13:50,0.330
01/25/06 13:55,0.333
01/25/06 14:00,0.342
01/25/06 14:05,0.347
01/25/06 14:10,0.347
01/25/06 14:15,0.343
01/25/06 14:20,0.337
01/25/06 14:25,0.330
01/25/06 14:30,0.322
01/25/06 14:35,0.313
01/25/06 14:40,0.303
01/25/06 14:45,0.292
01/25/06 14:50,0.280
01/25/06 14:55,0.267
01/25/06 15:00,0.250
01/25/06 15:05,0.231
01/25/06 15:10,0.214
01/25/06 15:15,0.197
01/25/06 15:20,0.180
01/25/06 15:25,0.163
01/25/06 15:30,0.146
01/25/06 15:35,0.131
01/25/06 15:40,0.114
01/25/06 15:45,0.097
01/25/06 15:50,0.082
01/25/06 15:55,0.037
01/25/06 16:00,0.012
01/25/06 16:05,0.002
01/25/06 16:10,0.000
01/25/06 16:15,0.000
01/25/06 16:20,0.000
01/25/06 16:25,0.000
01/25/06 16:30,0.000
01/25/06 16:35,0.000
01/25/06 16:40,0.000
01/25/06 16:45,0.000
01/25/06 16:50,0.000
01/25/06 16:55,0.000
01/25/06 17:00,0.000
01/25/06 17:05,0.000
01/25/06 17:10,0.000
01/25/06 17:15,0.000
01/25/06 17:20,0.000
01/25/06 17:25,0.000
01/25/06 17:30,0.000
01/25/06 17:35,0.000
01/25/06 17:40,0.000
01/25/06 17:45,0.000
01/25/06 17:50,0.000
01/25/06 17:55,0.000
01/25/06 18:00,0.000
01/25/06 18:05,0.000
01/25/06 18:10,0.000
01/25/06 18:15,0.000
01/25/06 18:20,0.000
01/25/06 18:25,0.000
01/25/06 18:30,0.000
01/25/06 18:35,0.000
01/25/06 18:40,0.000
01/25/06 18:45,0.000
01/25/06 18:50,0.000
01/25/06 18:55,0.000
01/25/06 19:00,0.000
01/25/06 19:05,0.000
01/25/06 19:10,0.000
01/25/06 19:15,0.000
01/25/06 19:20,0.000
01/25/06 19:25,0.000
01/25/06 19:30,0.000
01/25/06 19:35,0.000
01/25/06 19:40,0.000
01/25/06 19:45,0.000
01/25/06 19:50,0.000
01/25/06 19:55,0.000
01/25/06 20:00,0.000
01/25/06 20:05,0.000
01/25/06 20:10,0.000
01/25/06 20:15,0.000
01/25/06 20:20,0.000
01/25/06 20:25,0.000
01/25/06 20:30,0.000
01/25/06 20:35,0.000
01/25/06 20:40,0.000
01/25/06 20:45,0.000
01/25/06 20:50,0.000
01/25/06 20:55,0.000
01/25/06 21:00,0.000
01/25/06 21:05,0.000
01/25/06 21:10,0.000
01/25/06 21:15,0.000
01/25/06 21:20,0.000
01/25/06 21:25,0.000
01/25/06 21:30,0.000
01/25/06 21:35,0.000
01/25/06 21:40,0.000
01/25/06 21:45,0.000
01/25/06 21:50,0.000
01/25/06 21:55,0.000
01/25/06 22:00,0.000
01/25/06 22:05,0.000
01/25/06 22:10,0.000
01/25/06 22:15,0.000
01/25/06 22:20,0.000
01/25/06 22:25,0.000
01/25/06 22:30,0.000
01/25/06 22:35,0.000
01/25/06 22:40,0.000
01/25/06 22:45,0.000
01/25/06 22:50,0.000
01/25/06 22:55,0.000
01/25/06 23:00,0.000
01/25/06 23:05,0.000
01/25/06 23:10,0.000
01/25/06 23:15,0.000
01/25/06 23:20,0.000
01/25/06 23:25,0.000
01/25/06 23:30,0.000
01/25/06 23:35,0.000
01/25/06 23:40,0.000
01/25/06 23:45,0.000
01/25/06 23:50,0.000
01/25/06 23:55,0.000
01/26/06 00:00,0.000
01/26/06 00:05,0.000
01/26/06 00:10,0.000
01/26/06 00:15,0.000
01/26/06 00:20,0.000
01/26/06 00:25,0.000
01/26/06 00:30,0.000
01/26/06 00:35,0.000
01/26/06 00:40,0.000
01/26/06 00:45,0.000
01/26/06 00:50,0.000
01/26/06 00:55,0.000
01/26/06 01:00,0.000
01/26/06 01:05,0.000
01/26/06 01:10,0.000
01/26/06 01:15,0.000
01/26/06 01:20,0.000
01/26/06 01:25,0.000
01/26/06 01:30,0.000
01/26/06 01:35,0.000
01/26/06 01:40,0.000
01/26/06 01:45,0.000
01/26/06 01:50,0.000
01/26/06 01:55,0.000
01/26/06 02:00,0.000
01/26/06 02:05,0.000
01/26/06 02:10,0.000
01/26/06 02:15,0.000
01/26/06 02:20,0.000
01/26/06 02:25,0.000
01/26/06 02:30,0.000
01/26/06 02:35,0.000
01/26/06 02:40,0.000
01/26/06 02:45,0.000
01/26/06 02:50,0.000
01/26/06 02:55,0.000
01/26/06 03:00,0.000
01/26/06 03:05,0.000
01/26/06 03:10,0.000
01/26/06 03:15,0.000
01/26/06 03:20,0.000
01/26/06 03:25,0.000
01/26/06 03:30,0.000
01/26/06 03:35,0.000
01/26/06 03:40,0.000
01/26/06 03:45,0.000
01/26/06 03:50,0.000
01/26/06 03:55,0.000
01/26/06 04:00,0.000
01/26/06 04:05,0.000
01/26/06 04:10,0.000
01/26/06 04:15,0.000
01/26/06 04:20,0.000
01/26/06 04:25,0.000
01/26/06 04:30,0.000
01/26/06 04:35,0.000
01/26/06 04:40,0.000
01/26/06 04:45,0.000
01/26/06 04:50,0.000
01/26/06 04:55,0.000
01/26/06 05:00,0.000
01/26/06 05:05,0.000
01/26/06 05:10,0.000
01/26/06 05:15,0.000
01/26/06 05:20,0.000
01/26/06 05:25,0.000
01/26/06 05:30,0.000
01/26/06 05:35,0.000
01/26/06 05:40,0.000
01/26/06 05:45,0.000
01/26/06 05:50,0.000
01/26/06 05:55,0.000
01/26/06 06:00,0.000
01/26/06 06:05,0.000
01/26/06 06:10,0.000
01/26/06 06:15,0.000
01/26/06 06:20,0.000
01/26/06 06:25,0.000
01/26/06 06:30,0.000
01/26/06 06:35,0.000
01/26/06 06:40,0.000
01/26/06 06:45,0.000
01/26/06 06:50,0.000
01/26/06 06:55,0.000
01/26/06 07:00,0.000
01/26/06 07:05,0.000
01/26/06 07:10,0.000
01/26/06 07:15,0.000
01/26/06 07:20,0.000
01/26/06 07:25,0.000
01/26/06 07:30,0.000
01/26/06 07:35,0.000
01/26/06 07:40,0.000
01/26/06 07:45,0.000
01/26/06 07:50,0.000
01/26/06 07:55,0.001
01/26/06 08:00,0.011
01/26/06 08:05,0.031
01/26/06 08:10,0.071
01/26/06 08:15,0.092
01/26/06 08:20,0.108
01/26/06 08:25,0.124
01/26/06 08:30,0.139
01/26/06 08:35,0.154
01/26/06 08:40,0.169
01/26/06 08:45,0.183
01/26/06 08:50,0.198
01/26/06 08:55,0.213
01/26/06 09:00,0.218
01/26/06 09:05,0.215
01/26/06 09:10,0.223
01/26/06 09:15,0.214
01/26/06 09:20,0.193
01/26/06 09:25,0.186
01/26/06 09:30,0.183
01/26/06 09:35,0.152
01/26/06 09:40,0.130
01/26/06 09:45,0.157
01/26/06 09:50,0.197
01/26/06 09:55,0.210
01/26/06 10:00,0.258
01/26/06 10:05,0.286
01/26/06 10:10,0.304
01/26/06 10:15,0.317
01/26/06 10:20,0.328
01/26/06 10:25,0.333
01/26/06 10:30,0.336
01/26/06 10:35,0.340
01/26/06 10:40,0.345
01/26/06 10:45,0.346
01/26/06 10:50,0.333
01/26/06 10:55,0.313
01/26/06 11:00,0.281
01/26/06 11:05,0.245
01/26/06 11:10,0.220
01/26/06 11:15,0.189
01/26/06 11:20,0.169
01/26/06 11:25,0.146
01/26/06 11:30,0.133
01/26/06 11:35,0.115
01/26/06 11:40,0.098
01/26/06 11:45,0.091
01/26/06 11:50,0.086
01/26/06 11:55,0.078
01/26/06 12:00,0.060
01/26/06 12:05,0.057
01/26/06 12:10,0.056
01/26/06 12:15,0.038
01/26/06 12:20,0.021
01/26/06 12:25,0.011
01/26/06 12:30,0.008
01/26/06 12:35,0.009
01/26/06 12:40,0.014
01/26/06 12:45,0.031
01/26/06 12:50,0.029
01/26/06 12:55,0.029
01/26/06 13:00,0.106
01/26/06 13:05,0.141
01/26/06 13:10,0.155
01/26/06 13:15,0.160
01/26/06 13:20,0.157
01/26/06 13:25,0.149
01/26/06 13:30,0.138
01/26/06 13:35,0.128
01/26/06 13:40,0.117
01/26/06 13:45,0.099
01/26/06 13:50,0.087
01/26/06 13:55,0.069
01/26/06 14:00,0.024
01/26/06 14:05,0.009
01/26/06 14:10,0.004
01/26/06 14:15,0.002
01/26/06 14:20,0.002
01/26/06 14:25,0.002
01/26/06 14:30,0.002
01/26/06 14:35,0.002
01/26/06 14:40,0.001
01/26/06 14:45,0.001
01/26/06 14:50,0.001
01/26/06 14:55,0.000
01/26/06 15:00,0.000
01/26/06 15:05,0.000
01/26/06 15:10,0.000
01/26/06 15:15,0.000
01/26/06 15:20,0.000
01/26/06 15:25,0.002
01/26/06 15:30,0.008
01/26/06 15:35,0.017
01/26/06 15:40,0.003
01/26/06 15:45,0.002
01/26/06 15:50,0.002
01/26/06 15:55,0.001
01/26/06 16:00,0.000
01/26/06 16:05,0.000
01/26/06 16:10,0.000
01/26/06 16:15,0.000
01/26/06 16:20,0.000
01/26/06 16:25,0.000
01/26/06 16:30,0.000
01/26/06 16:35,0.000
01/26/06 16:40,0.000
01/26/06 16:45,0.000
01/26/06 16:50,0.000
01/26/06 16:55,0.000
01/26/06 17:00,0.000
01/26/06 17:05,0.000
01/26/06 17:10,0.000
01/26/06 17:15,0.000
01/26/06 17:20,0.000
01/26/06 17:25,0.000
01/26/06 17:30,0.000
01/26/06 17:35,0.000
01/26/06 17:40,0.000
01/26/06 17:45,0.000
01/26/06 17:50,0.000
01/26/06 17:55,0.000
01/26/06 18:00,0.000
01/26/06 18:05,0.000
01/26/06 18:10,0.000
01/26/06 18:15,0.000
01/26/06 18:20,0.000
01/26/06 18:25,0.000
01/26/06 18:30,0.000
01/26/06 18:35,0.000
01/26/06 18:40,0.000
01/26/06 18:45,0.000
01/26/06 18:50,0.000
01/26/06 18:55,0.000
01/26/06 19:00,0.000
01/26/06 19:05,0.000
01/26/06 19:10,0.000
01/26/06 19:15,0.000
01/26/06 19:20,0.000
01/26/06 19:25,0.000
01/26/06 19:30,0.000
01/26/06 19:35,0.000
01/26/06 19:40,0.000
01/26/06 19:45,0.000
01/26/06 19:50,0.000
01/26/06 19:55,0.000
01/26/06 20:00,0.000
01/26/06 20:05,0.000
01/26/06 20:10,0.000
01/26/06 20:15,0.000
01/26/06 20:20,0.000
01/26/06 20:25,0.000
01/26/06 20:30,0.000
01/26/06 20:35,0.000
01/26/06 20:40,0.000
01/26/06 20:45,0.000
01/26/06 20:50,0.000
01/26/06 20:55,0.000
01/26/06 21:00,0.000
01/26/06 21:05,0.000
01/26/06 21:10,0.000
01/26/06 21:15,0.000
01/26/06 21:20,0.000
01/26/06 21:25,0.000
01/26/06 21:30,0.000
01/26/06 21:35,0.000
01/26/06 21:40,0.000
01/26/06 21:45,0.000
01/26/06 21:50,0.000
01/26/06 21:55,0.000
01/26/06 22:00,0.000
01/26/06 22:05,0.000
01/26/06 22:10,0.000
01/26/06 22:15,0.000
01/26/06 22:20,0.000
01/26/06 22:25,0.000
01/26/06 22:30,0.000
01/26/06 22:35,0.000
01/26/06 22:40,0.000
01/26/06 22:45,0.000
01/26/06 22:50,0.000
01/26/06 22:55,0.000
01/26/06 23:00,0.000
01/26/06 23:05,0.000
01/26/06 23:10,0.000
01/26/06 23:15,0.000
01/26/06 23:20,0.000
01/26/06 23:25,0.000
01/26/06 23:30,0.000
01/26/06 23:35,0.000
01/26/06 23:40,0.000
01/26/06 23:45,0.000
01/26/06 23:50,0.000
01/26/06 23:55,0.000
01/27/06 00:00,0.000
01/27/06 00:05,0.000
01/27/06 00:10,0.000
01/27/06 00:15,0.000
01/27/06 00:20,0.000
01/27/06 00:25,0.000
01/27/06 00:30,0.000
01/27/06 00:35,0.000
01/27/06 00:40,0.000
01/27/06 00:45,0.000
01/27/06 00:50,0.000
01/27/06 00:55,0.000
01/27/06 01:00,0.000
01/27/06 01:05,0.000
01/27/06 01:10,0.000
01/27/06 01:15,0.000
01/27/06 01:20,0.000
01/27/06 01:25,0.000
01/27/06 01:30,0.000
01/27/06 01:35,0.000
01/27/06 01:40,0.000
01/27/06 01:45,0.000
01/27/06 01:50,0.000
01/27/06 01:55,0.000
01/27/06 02:00,0.000
01/27/06 02:05,0.000
01/27/06 02:10,0.000
01/27/06 02:15,0.000
01/27/06 02:20,0.000
01/27/06 02:25,0.000
01/27/06 02:30,0.000
01/27/06 02:35,0.000
01/27/06 02:40,0.000
01/27/06 02:45,0.000
01/27/06 02:50,0.000
01/27/06 02:55,0.000
01/27/06 03:00,0.000
01/27/06 03:05,0.000
01/27/06 03:10,0.000
01/27/06 03:15,0.000
01/27/06 03:20,0.000
01/27/06 03:25,0.000
01/27/06 03:30,0.000
01/27/06 03:35,0.000
01/27/06 03:40,0.000
01/27/06 03:45,0.000
01/27/06 03:50,0.000
01/27/06 03:55,0.000
01/27/06 04:00,0.000
01/27/06 04:05,0.000
01/27/06 04:10,0.000
01/27/06 04:15,0.000
01/27/06 04:20,0.000
01/27/06 04:25,0.000
01/27/06 04:30,0.000
01/27/06 04:35,0.000
01/27/06 04:40,0.000
01/27/06 04:45,0.000
01/27/06 04:50,0.000
01/27/06 04:55,0.000
01/27/06 05:00,0.000
01/27/06 05:05,0.000
01/27/06 05:10,0.000
01/27/06 05:15,0.000
01/27/06 05:20,0.000
01/27/06 05:25,0.000
01/27/06 05:30,0.000
01/27/06 05:35,0.000
01/27/06 05:40,0.000
01/27/06 05:45,0.000
01/27/06 05:50,0.000
01/27/06 05:55,0.000
01/27/06 06:00,0.000
01/27/06 06:05,0.000
01/27/06 06:10,0.000
01/27/06 06:15,0.000
01/27/06 06:20,0.000
01/27/06 06:25,0.000
01/27/06 06:30,0.000
01/27/06 06:35,0.000
01/27/06 06:40,0.000
01/27/06 06:45,0.000
01/27/06 06:50,0.000
01/27/06 06:55,0.000
01/27/06 07:00,0.000
01/27/06 07:05,0.000
01/27/06 07:10,0.000
01/27/06 07:15,0.000
01/27/06 07:20,0.000
01/27/06 07:25,0.000
01/27/06 07:30,0.000
01/27/06 07:35,0.000
01/27/06 07:40,0.000
01/27/06 07:45,0.000
01/27/06 07:50,0.000
01/27/06 07:55,0.002
01/27/06 08:00,0.015
01/27/06 08:05,0.047
01/27/06 08:10,0.084
01/27/06 08:15,0.100
01/27/06 08:20,0.116
01/27/06 08:25,0.131
01/27/06 08:30,0.147
01/27/06 08:35,0.163
01/27/06 08:40,0.178
01/27/06 08:45,0.193
01/27/06 08:50,0.208
01/27/06 08:55,0.224
01/27/06 09:00,0.238
01/27/06 09:05,0.250
01/27/06 09:10,0.260
01/27/06 09:15,0.267
01/27/06 09:20,0.276
01/27/06 09:25,0.284
01/27/06 09:30,0.292
01/27/06 09:35,0.300
01/27/06 09:40,0.302
01/27/06 09:45,0.301
01/27/06 09:50,0.305
01/27/06 09:55,0.311
01/27/06 10:00,0.325
01/27/06 10:05,0.340
01/27/06 10:10,0.351
01/27/06 10:15,0.358
01/27/06 10:20,0.363
01/27/06 10:25,0.367
01/27/06 10:30,0.368
01/27/06 10:35,0.372
01/27/06 10:40,0.373
01/27/06 10:45,0.364
01/27/06 10:50,0.353
01/27/06 10:55,0.349
01/27/06 11:00,0.346
01/27/06 11:05,0.329
01/27/06 11:10,0.303
01/27/06 11:15,0.265
01/27/06 11:20,0.238
01/27/06 11:25,0.201
01/27/06 11:30,0.170
01/27/06 11:35,0.151
01/27/06 11:40,0.126
01/27/06 11:45,0.105
01/27/06 11:50,0.092
01/27/06 11:55,0.054
01/27/06 12:00,0.040
01/27/06 12:05,0.065
01/27/06 12:10,0.036
01/27/06 12:15,0.026
01/27/06 12:20,0.019
01/27/06 12:25,0.013
01/27/06 12:30,0.009
01/27/06 12:35,0.008
01/27/06 12:40,0.012
01/27/06 12:45,0.074
01/27/06 12:50,0.108
01/27/06 12:55,0.125
01/27/06 13:00,0.162
01/27/06 13:05,0.178
01/27/06 13:10,0.184
01/27/06 13:15,0.183
01/27/06 13:20,0.174
01/27/06 13:25,0.162
01/27/06 13:30,0.148
01/27/06 13:35,0.132
01/27/06 13:40,0.118
01/27/06 13:45,0.099
01/27/06 13:50,0.083
01/27/06 13:55,0.033
01/27/06 14:00,0.013
01/27/06 14:05,0.003
01/27/06 14:10,0.001
01/27/06 14:15,0.001
01/27/06 14:20,0.001
01/27/06 14:25,0.001
01/27/06 14:30,0.000
01/27/06 14:35,0.000
01/27/06 14:40,0.000
01/27/06 14:45,0.000
01/27/06 14:50,0.000
01/27/06 14:55,0.000
01/27/06 15:00,0.000
01/27/06 15:05,0.000
01/27/06 15:10,0.020
01/27/06 15:15,0.017
01/27/06 15:20,0.009
01/27/06 15:25,0.003
01/27/06 15:30,0.001
01/27/06 15:35,0.004
01/27/06 15:40,0.010
01/27/06 15:45,0.001
01/27/06 15:50,0.000
01/27/06 15:55,0.000
01/27/06 16:00,0.000
01/27/06 16:05,0.000
01/27/06 16:10,0.000
01/27/06 16:15,0.000
01/27/06 16:20,0.000
01/27/06 16:25,0.000
01/27/06 16:30,0.000
01/27/06 16:35,0.000
01/27/06 16:40,0.000
01/27/06 16:45,0.000
01/27/06 16:50,0.000
01/27/06 16:55,0.000
01/27/06 17:00,0.000
01/27/06 17:05,0.000
01/27/06 17:10,0.000
01/27/06 17:15,0.000
01/27/06 17:20,0.000
01/27/06 17:25,0.000
01/27/06 17:30,0.000
01/27/06 17:35,0.000
01/27/06 17:40,0.000
01/27/06 17:45,0.000
01/27/06 17:50,0.000
01/27/06 17:55,0.000
01/27/06 18:00,0.000
01/27/06 18:05,0.000
01/27/06 18:10,0.000
01/27/06 18:15,0.000
01/27/06 18:20,0.000
01/27/06 18:25,0.000
01/27/06 18:30,0.000
01/27/06 18:35,0.000
01/27/06 18:40,0.000
01/27/06 18:45,0.000
01/27/06 18:50,0.000
01/27/06 18:55,0.000
01/27/06 19:00,0.000
01/27/06 19:05,0.000
01/27/06 19:10,0.000
01/27/06 19:15,0.000
01/27/06 19:20,0.000
01/27/06 19:25,0.000
01/27/06 19:30,0.000
01/27/06 19:35,0.000
01/27/06 19:40,0.000
01/27/06 19:45,0.000
01/27/06 19:50,0.000
01/27/06 19:55,0.000
01/27/06 20:00,0.000
01/27/06 20:05,0.000
01/27/06 20:10,0.000
01/27/06 20:15,0.000
01/27/06 20:20,0.000
01/27/06 20:25,0.000
01/27/06 20:30,0.000
01/27/06 20:35,0.000
01/27/06 20:40,0.000
01/27/06 20:45,0.000
01/27/06 20:50,0.000
01/27/06 20:55,0.000
01/27/06 21:00,0.000
01/27/06 21:05,0.000
01/27/06 21:10,0.000
01/27/06 21:15,0.000
01/27/06 21:20,0.000
01/27/06 21:25,0.000
01/27/06 21:30,0.000
01/27/06 21:35,0.000
01/27/06 21:40,0.000
01/27/06 21:45,0.000
01/27/06 21:50,0.000
01/27/06 21:55,0.000
01/27/06 22:00,0.000
01/27/06 22:05,0.000
01/27/06 22:10,0.000
01/27/06 22:15,0.000
01/27/06 22:20,0.000
01/27/06 22:25,0.000
01/27/06 22:30,0.000
01/27/06 22:35,0.000
01/27/06 22:40,0.000
01/27/06 22:45,0.000
01/27/06 22:50,0.000
01/27/06 22:55,0.000
01/27/06 23:00,0.000
01/27/06 23:05,0.000
01/27/06 23:10,0.000
01/27/06 23:15,0.000
01/27/06 23:20,0.000
01/27/06 23:25,0.000
01/27/06 23:30,0.000
01/27/06 23:35,0.000
01/27/06 23:40,0.000
01/27/06 23:45,0.000
01/27/06 23:50,0.000
01/27/06 23:55,0.000
01/28/06 00:00,0.000
01/28/06 00:05,0.000
01/28/06 00:10,0.000
01/28/06 00:15,0.000
01/28/06 00:20,0.000
01/28/06 00:25,0.000
01/28/06 00:30,0.000
01/28/06 00:35,0.000
01/28/06 00:40,0.000
01/28/06 00:45,0.000
01/28/06 00:50,0.000
01/28/06 00:55,0.000
01/28/06 01:00,0.000
01/28/06 01:05,0.000
01/28/06 01:10,0.000
01/28/06 01:15,0.000
01/28/06 01:20,0.000
01/28/06 01:25,0.000
01/28/06 01:30,0.000
01/28/06 01:35,0.000
01/28/06 01:40,0.000
01/28/06 01:45,0.000
01/28/06 01:50,0.000
01/28/06 01:55,0.000
01/28/06 02:00,0.000
01/28/06 02:05,0.000
01/28/06 02:10,0.000
01/28/06 02:15,0.000
01/28/06 02:20,0.000
01/28/06 02:25,0.000
01/28/06 02:30,0.000
01/28/06 02:35,0.000
01/28/06 02:40,0.000
01/28/06 02:45,0.000
01/28/06 02:50,0.000
01/28/06 02:55,0.000
01/28/06 03:00,0.000
01/28/06 03:05,0.000
01/28/06 03:10,0.000
01/28/06 03:15,0.000
01/28/06 03:20,0.000
01/28/06 03:25,0.000
01/28/06 03:30,0.000
01/28/06 03:35,0.000
01/28/06 03:40,0.000
01/28/06 03:45,0.000
01/28/06 03:50,0.000
01/28/06 03:55,0.000
01/28/06 04:00,0.000
01/28/06 04:05,0.000
01/28/06 04:10,0.000
01/28/06 04:15,0.000
01/28/06 04:20,0.000
01/28/06 04:25,0.000
01/28/06 04:30,0.000
01/28/06 04:35,0.000
01/28/06 04:40,0.000
01/28/06 04:45,0.000
01/28/06 04:50,0.000
01/28/06 04:55,0.000
01/28/06 05:00,0.000
01/28/06 05:05,0.000
01/28/06 05:10,0.000
01/28/06 05:15,0.000
01/28/06 05:20,0.000
01/28/06 05:25,0.000
01/28/06 05:30,0.000
01/28/06 05:35,0.000
01/28/06 05:40,0.000
01/28/06 05:45,0.000
01/28/06 05:50,0.000
01/28/06 05:55,0.000
01/28/06 06:00,0.000
01/28/06 06:05,0.000
01/28/06 06:10,0.000
01/28/06 06:15,0.000
01/28/06 06:20,0.000
01/28/06 06:25,0.000
01/28/06 06:30,0.000
01/28/06 06:35,0.000
01/28/06 06:40,0.000
01/28/06 06:45,0.000
01/28/06 06:50,0.000
01/28/06 06:55,0.000
01/28/06 07:00,0.000
01/28/06 07:05,0.000
01/28/06 07:10,0.000
01/28/06 07:15,0.000
01/28/06 07:20,0.000
01/28/06 07:25,0.000
01/28/06 07:30,0.000
01/28/06 07:35,0.000
01/28/06 07:40,0.000
01/28/06 07:45,0.000
01/28/06 07:50,0.000
01/28/06 07:55,0.005
01/28/06 08:00,0.020
01/28/06 08:05,0.037
01/28/06 08:10,0.029
01/28/06 08:15,0.018
01/28/06 08:20,0.018
01/28/06 08:25,0.034
01/28/06 08:30,0.084
01/28/06 08:35,0.099
01/28/06 08:40,0.117
01/28/06 08:45,0.124
01/28/06 08:50,0.147
01/28/06 08:55,0.177
01/28/06 09:00,0.209
01/28/06 09:05,0.232
01/28/06 09:10,0.243
01/28/06 09:15,0.243
01/28/06 09:20,0.241
01/28/06 09:25,0.232
01/28/06 09:30,0.222
01/28/06 09:35,0.209
01/28/06 09:40,0.192
01/28/06 09:45,0.168
01/28/06 09:50,0.146
01/28/06 09:55,0.120
01/28/06 10:00,0.096
01/28/06 10:05,0.085
01/28/06 10:10,0.084
01/28/06 10:15,0.089
01/28/06 10:20,0.096
01/28/06 10:25,0.106
01/28/06 10:30,0.113
01/28/06 10:35,0.116
01/28/06 10:40,0.116
01/28/06 10:45,0.115
01/28/06 10:50,0.114
01/28/06 10:55,0.111
01/28/06 11:00,0.102
01/28/06 11:05,0.091
01/28/06 11:10,0.091
01/28/06 11:15,0.090
01/28/06 11:20,0.093
01/28/06 11:25,0.096
01/28/06 11:30,0.100
01/28/06 11:35,0.107
01/28/06 11:40,0.109
01/28/06 11:45,0.103
01/28/06 11:50,0.104
01/28/06 11:55,0.097
01/28/06 12:00,0.083
01/28/06 12:05,0.080
01/28/06 12:10,0.084
01/28/06 12:15,0.091
01/28/06 12:20,0.114
01/28/06 12:25,0.142
01/28/06 12:30,0.177
01/28/06 12:35,0.226
01/28/06 12:40,0.273
01/28/06 12:45,0.320
01/28/06 12:50,0.355
01/28/06 12:55,0.382
01/28/06 13:00,0.401
01/28/06 13:05,0.413
01/28/06 13:10,0.420
01/28/06 13:15,0.429
01/28/06 13:20,0.431
01/28/06 13:25,0.425
01/28/06 13:30,0.420
01/28/06 13:35,0.415
01/28/06 13:40,0.409
01/28/06 13:45,0.402
01/28/06 13:50,0.391
01/28/06 13:55,0.379
01/28/06 14:00,0.334
01/28/06 14:05,0.265
01/28/06 14:10,0.232
01/28/06 14:15,0.226
01/28/06 14:20,0.257
01/28/06 14:25,0.292
01/28/06 14:30,0.308
01/28/06 14:35,0.310
01/28/06 14:40,0.306
01/28/06 14:45,0.257
01/28/06 14:50,0.233
01/28/06 14:55,0.239
01/28/06 15:00,0.216
01/28/06 15:05,0.189
01/28/06 15:10,0.163
01/28/06 15:15,0.130
01/28/06 15:20,0.090
01/28/06 15:25,0.083
01/28/06 15:30,0.026
01/28/06 15:35,0.009
01/28/06 15:40,0.001
01/28/06 15:45,0.000
01/28/06 15:50,0.000
01/28/06 15:55,0.000
01/28/06 16:00,0.000
01/28/06 16:05,0.000
01/28/06 16:10,0.000
01/28/06 16:15,0.000
01/28/06 16:20,0.000
01/28/06 16:25,0.000
01/28/06 16:30,0.000
01/28/06 16:35,0.000
01/28/06 16:40,0.000
01/28/06 16:45,0.000
01/28/06 16:50,0.000
01/28/06 16:55,0.000
01/28/06 17:00,0.000
01/28/06 17:05,0.000
01/28/06 17:10,0.000
01/28/06 17:15,0.000
01/28/06 17:20,0.000
01/28/06 17:25,0.000
01/28/06 17:30,0.000
01/28/06 17:35,0.000
01/28/06 17:40,0.000
01/28/06 17:45,0.000
01/28/06 17:50,0.000
01/28/06 17:55,0.000
01/28/06 18:00,0.000
01/28/06 18:05,0.000
01/28/06 18:10,0.000
01/28/06 18:15,0.000
01/28/06 18:20,0.000
01/28/06 18:25,0.000
01/28/06 18:30,0.000
01/28/06 18:35,0.000
01/28/06 18:40,0.000
01/28/06 18:45,0.000
01/28/06 18:50,0.000
01/28/06 18:55,0.000
01/28/06 19:00,0.000
01/28/06 19:05,0.000
01/28/06 19:10,0.000
01/28/06 19:15,0.000
01/28/06 19:20,0.000
01/28/06 19:25,0.000
01/28/06 19:30,0.000
01/28/06 19:35,0.000
01/28/06 19:40,0.000
01/28/06 19:45,0.000
01/28/06 19:50,0.000
01/28/06 19:55,0.000
01/28/06 20:00,0.000
01/28/06 20:05,0.000
01/28/06 20:10,0.000
01/28/06 20:15,0.000
01/28/06 20:20,0.000
01/28/06 20:25,0.000
01/28/06 20:30,0.000
01/28/06 20:35,0.000
01/28/06 20:40,0.000
01/28/06 20:45,0.000
01/28/06 20:50,0.000
01/28/06 20:55,0.000
01/28/06 21:00,0.000
01/28/06 21:05,0.000
01/28/06 21:10,0.000
01/28/06 21:15,0.000
01/28/06 21:20,0.000
01/28/06 21:25,0.000
01/28/06 21:30,0.000
01/28/06 21:35,0.000
01/28/06 21:40,0.000
01/28/06 21:45,0.000
01/28/06 21:50,0.000
01/28/06 21:55,0.000
01/28/06 22:00,0.000
01/28/06 22:05,0.000
01/28/06 22:10,0.000
01/28/06 22:15,0.000
01/28/06 22:20,0.000
01/28/06 22:25,0.000
01/28/06 22:30,0.000
01/28/06 22:35,0.000
01/28/06 22:40,0.000
01/28/06 22:45,0.000
01/28/06 22:50,0.000
01/28/06 22:55,0.000
01/28/06 23:00,0.000
01/28/06 23:05,0.000
01/28/06 23:10,0.000
01/28/06 23:15,0.000
01/28/06 23:20,0.000
01/28/06 23:25,0.000
01/28/06 23:30,0.000
01/28/06 23:35,0.000
01/28/06 23:40,0.000
01/28/06 23:45,0.000
01/28/06 23:50,0.000
01/28/06 23:55,0.000
01/29/06 00:00,0.000
01/29/06 00:05,0.000
01/29/06 00:10,0.000
01/29/06 00:15,0.000
01/29/06 00:20,0.000
01/29/06 00:25,0.000
01/29/06 00:30,0.000
01/29/06 00:35,0.000
01/29/06 00:40,0.000
01/29/06 00:45,0.000
01/29/06 00:50,0.000
01/29/06 00:55,0.000
01/29/06 01:00,0.000
01/29/06 01:05,0.000
01/29/06 01:10,0.000
01/29/06 01:15,0.000
01/29/06 01:20,0.000
01/29/06 01:25,0.000
01/29/06 01:30,0.000
01/29/06 01:35,0.000
01/29/06 01:40,0.000
01/29/06 01:45,0.000
01/29/06 01:50,0.000
01/29/06 01:55,0.000
01/29/06 02:00,0.000
01/29/06 02:05,0.000
01/29/06 02:10,0.000
01/29/06 02:15,0.000
01/29/06 02:20,0.000
01/29/06 02:25,0.000
01/29/06 02:30,0.000
01/29/06 02:35,0.000
01/29/06 02:40,0.000
01/29/06 02:45,0.000
01/29/06 02:50,0.000
01/29/06 02:55,0.000
01/29/06 03:00,0.000
01/29/06 03:05,0.000
01/29/06 03:10,0.000
01/29/06 03:15,0.000
01/29/06 03:20,0.000
01/29/06 03:25,0.000
01/29/06 03:30,0.000
01/29/06 03:35,0.000
01/29/06 03:40,0.000
01/29/06 03:45,0.000
01/29/06 03:50,0.000
01/29/06 03:55,0.000
01/29/06 04:00,0.000
01/29/06 04:05,0.000
01/29/06 04:10,0.000
01/29/06 04:15,0.000
01/29/06 04:20,0.000
01/29/06 04:25,0.000
01/29/06 04:30,0.000
01/29/06 04:35,0.000
01/29/06 04:40,0.000
01/29/06 04:45,0.000
01/29/06 04:50,0.000
01/29/06 04:55,0.000
01/29/06 05:00,0.000
01/29/06 05:05,0.000
01/29/06 05:10,0.000
01/29/06 05:15,0.000
01/29/06 05:20,0.000
01/29/06 05:25,0.000
01/29/06 05:30,0.000
01/29/06 05:35,0.000
01/29/06 05:40,0.000
01/29/06 05:45,0.000
01/29/06 05:50,0.000
01/29/06 05:55,0.000
01/29/06 06:00,0.000
01/29/06 06:05,0.000
01/29/06 06:10,0.000
01/29/06 06:15,0.000
01/29/06 06:20,0.000
01/29/06 06:25,0.000
01/29/06 06:30,0.000
01/29/06 06:35,0.000
01/29/06 06:40,0.000
01/29/06 06:45,0.000
01/29/06 06:50,0.000
01/29/06 06:55,0.000
01/29/06 07:00,0.000
01/29/06 07:05,0.000
01/29/06 07:10,0.000
01/29/06 07:15,0.000
01/29/06 07:20,0.000
01/29/06 07:25,0.000
01/29/06 07:30,0.000
01/29/06 07:35,0.000
01/29/06 07:40,0.000
01/29/06 07:45,0.000
01/29/06 07:50,0.000
01/29/06 07:55,0.000
01/29/06 08:00,0.000
01/29/06 08:05,0.001
01/29/06 08:10,0.004
01/29/06 08:15,0.013
01/29/06 08:20,0.026
01/29/06 08:25,0.048
01/29/06 08:30,0.076
01/29/06 08:35,0.093
01/29/06 08:40,0.102
01/29/06 08:45,0.112
01/29/06 08:50,0.122
01/29/06 08:55,0.132
01/29/06 09:00,0.141
01/29/06 09:05,0.149
01/29/06 09:10,0.179
01/29/06 09:15,0.189
01/29/06 09:20,0.203
01/29/06 09:25,0.196
01/29/06 09:30,0.206
01/29/06 09:35,0.183
01/29/06 09:40,0.172
01/29/06 09:45,0.170
01/29/06 09:50,0.167
01/29/06 09:55,0.183
01/29/06 10:00,0.249
01/29/06 10:05,0.300
01/29/06 10:10,0.342
01/29/06 10:15,0.372
01/29/06 10:20,0.397
01/29/06 10:25,0.417
01/29/06 10:30,0.435
01/29/06 10:35,0.454
01/29/06 10:40,0.464
01/29/06 10:45,0.473
01/29/06 10:50,0.481
01/29/06 10:55,0.486
01/29/06 11:00,0.485
01/29/06 11:05,0.485
01/29/06 11:10,0.486
01/29/06 11:15,0.481
01/29/06 11:20,0.476
01/29/06 11:25,0.465
01/29/06 11:30,0.455
01/29/06 11:35,0.446
01/29/06 11:40,0.441
01/29/06 11:45,0.434
01/29/06 11:50,0.427
01/29/06 11:55,0.422
01/29/06 12:00,0.428
01/29/06 12:05,0.385
01/29/06 12:10,0.296
01/29/06 12:15,0.216
01/29/06 12:20,0.221
01/29/06 12:25,0.253
01/29/06 12:30,0.280
01/29/06 12:35,0.316
01/29/06 12:40,0.332
01/29/06 12:45,0.335
01/29/06 12:50,0.303
01/29/06 12:55,0.341
01/29/06 13:00,0.367
01/29/06 13:05,0.355
01/29/06 13:10,0.349
01/29/06 13:15,0.354
01/29/06 13:20,0.384
01/29/06 13:25,0.378
01/29/06 13:30,0.342
01/29/06 13:35,0.307
01/29/06 13:40,0.324
01/29/06 13:45,0.313
01/29/06 13:50,0.258
01/29/06 13:55,0.245
01/29/06 14:00,0.280
01/29/06 14:05,0.294
01/29/06 14:10,0.295
01/29/06 14:15,0.287
01/29/06 14:20,0.276
01/29/06 14:25,0.265
01/29/06 14:30,0.253
01/29/06 14:35,0.240
01/29/06 14:40,0.225
01/29/06 14:45,0.210
01/29/06 14:50,0.193
01/29/06 14:55,0.178
01/29/06 15:00,0.161
01/29/06 15:05,0.143
01/29/06 15:10,0.124
01/29/06 15:15,0.109
01/29/06 15:20,0.095
01/29/06 15:25,0.083
01/29/06 15:30,0.057
01/29/06 15:35,0.032
01/29/06 15:40,0.012
01/29/06 15:45,0.005
01/29/06 15:50,0.001
01/29/06 15:55,0.000
01/29/06 16:00,0.000
01/29/06 16:05,0.000
01/29/06 16:10,0.000
01/29/06 16:15,0.000
01/29/06 16:20,0.000
01/29/06 16:25,0.000
01/29/06 16:30,0.000
01/29/06 16:35,0.000
01/29/06 16:40,0.000
01/29/06 16:45,0.000
01/29/06 16:50,0.000
01/29/06 16:55,0.000
01/29/06 17:00,0.000
01/29/06 17:05,0.000
01/29/06 17:10,0.000
01/29/06 17:15,0.000
01/29/06 17:20,0.000
01/29/06 17:25,0.000
01/29/06 17:30,0.000
01/29/06 17:35,0.000
01/29/06 17:40,0.000
01/29/06 17:45,0.000
01/29/06 17:50,0.000
01/29/06 17:55,0.000
01/29/06 18:00,0.000
01/29/06 18:05,0.000
01/29/06 18:10,0.000
01/29/06 18:15,0.000
01/29/06 18:20,0.000
01/29/06 18:25,0.000
01/29/06 18:30,0.000
01/29/06 18:35,0.000
01/29/06 18:40,0.000
01/29/06 18:45,0.000
01/29/06 18:50,0.000
01/29/06 18:55,0.000
01/29/06 19:00,0.000
01/29/06 19:05,0.000
01/29/06 19:10,0.000
01/29/06 19:15,0.000
01/29/06 19:20,0.000
01/29/06 19:25,0.000
01/29/06 19:30,0.000
01/29/06 19:35,0.000
01/29/06 19:40,0.000
01/29/06 19:45,0.000
01/29/06 19:50,0.000
01/29/06 19:55,0.000
01/29/06 20:00,0.000
01/29/06 20:05,0.000
01/29/06 20:10,0.000
01/29/06 20:15,0.000
01/29/06 20:20,0.000
01/29/06 20:25,0.000
01/29/06 20:30,0.000
01/29/06 20:35,0.000
01/29/06 20:40,0.000
01/29/06 20:45,0.000
01/29/06 20:50,0.000
01/29/06 20:55,0.000
01/29/06 21:00,0.000
01/29/06 21:05,0.000
01/29/06 21:10,0.000
01/29/06 21:15,0.000
01/29/06 21:20,0.000
01/29/06 21:25,0.000
01/29/06 21:30,0.000
01/29/06 21:35,0.000
01/29/06 21:40,0.000
01/29/06 21:45,0.000
01/29/06 21:50,0.000
01/29/06 21:55,0.000
01/29/06 22:00,0.000
01/29/06 22:05,0.000
01/29/06 22:10,0.000
01/29/06 22:15,0.000
01/29/06 22:20,0.000
01/29/06 22:25,0.000
01/29/06 22:30,0.000
01/29/06 22:35,0.000
01/29/06 22:40,0.000
01/29/06 22:45,0.000
01/29/06 22:50,0.000
01/29/06 22:55,0.000
01/29/06 23:00,0.000
01/29/06 23:05,0.000
01/29/06 23:10,0.000
01/29/06 23:15,0.000
01/29/06 23:20,0.000
01/29/06 23:25,0.000
01/29/06 23:30,0.000
01/29/06 23:35,0.000
01/29/06 23:40,0.000
01/29/06 23:45,0.000
01/29/06 23:50,0.000
01/29/06 23:55,0.000
01/30/06 00:00,0.000
01/30/06 00:05,0.000
01/30/06 00:10,0.000
01/30/06 00:15,0.000
01/30/06 00:20,0.000
01/30/06 00:25,0.000
01/30/06 00:30,0.000
01/30/06 00:35,0.000
01/30/06 00:40,0.000
01/30/06 00:45,0.000
01/30/06 00:50,0.000
01/30/06 00:55,0.000
01/30/06 01:00,0.000
01/30/06 01:05,0.000
01/30/06 01:10,0.000
01/30/06 01:15,0.000
01/30/06 01:20,0.000
01/30/06 01:25,0.000
01/30/06 01:30,0.000
01/30/06 01:35,0.000
01/30/06 01:40,0.000
01/30/06 01:45,0.000
01/30/06 01:50,0.000
01/30/06 01:55,0.000
01/30/06 02:00,0.000
01/30/06 02:05,0.000
01/30/06 02:10,0.000
01/30/06 02:15,0.000
01/30/06 02:20,0.000
01/30/06 02:25,0.000
01/30/06 02:30,0.000
01/30/06 02:35,0.000
01/30/06 02:40,0.000
01/30/06 02:45,0.000
01/30/06 02:50,0.000
01/30/06 02:55,0.000
01/30/06 03:00,0.000
01/30/06 03:05,0.000
01/30/06 03:10,0.000
01/30/06 03:15,0.000
01/30/06 03:20,0.000
01/30/06 03:25,0.000
01/30/06 03:30,0.000
01/30/06 03:35,0.000
01/30/06 03:40,0.000
01/30/06 03:45,0.000
01/30/06 03:50,0.000
01/30/06 03:55,0.000
01/30/06 04:00,0.000
01/30/06 04:05,0.000
01/30/06 04:10,0.000
01/30/06 04:15,0.000
01/30/06 04:20,0.000
01/30/06 04:25,0.000
01/30/06 04:30,0.000
01/30/06 04:35,0.000
01/30/06 04:40,0.000
01/30/06 04:45,0.000
01/30/06 04:50,0.000
01/30/06 04:55,0.000
01/30/06 05:00,0.000
01/30/06 05:05,0.000
01/30/06 05:10,0.000
01/30/06 05:15,0.000
01/30/06 05:20,0.000
01/30/06 05:25,0.000
01/30/06 05:30,0.000
01/30/06 05:35,0.000
01/30/06 05:40,0.000
01/30/06 05:45,0.000
01/30/06 05:50,0.000
01/30/06 05:55,0.000
01/30/06 06:00,0.000
01/30/06 06:05,0.000
01/30/06 06:10,0.000
01/30/06 06:15,0.000
01/30/06 06:20,0.000
01/30/06 06:25,0.000
01/30/06 06:30,0.000
01/30/06 06:35,0.000
01/30/06 06:40,0.000
01/30/06 06:45,0.000
01/30/06 06:50,0.000
01/30/06 06:55,0.000
01/30/06 07:00,0.000
01/30/06 07:05,0.000
01/30/06 07:10,0.000
01/30/06 07:15,0.000
01/30/06 07:20,0.000
01/30/06 07:25,0.000
01/30/06 07:30,0.000
01/30/06 07:35,0.000
01/30/06 07:40,0.000
01/30/06 07:45,0.000
01/30/06 07:50,0.000
01/30/06 07:55,0.001
01/30/06 08:00,0.005
01/30/06 08:05,0.034
01/30/06 08:10,0.085
01/30/06 08:15,0.105
01/30/06 08:20,0.125
01/30/06 08:25,0.144
01/30/06 08:30,0.162
01/30/06 08:35,0.181
01/30/06 08:40,0.198
01/30/06 08:45,0.217
01/30/06 08:50,0.236
01/30/06 08:55,0.255
01/30/06 09:00,0.265
01/30/06 09:05,0.271
01/30/06 09:10,0.270
01/30/06 09:15,0.267
01/30/06 09:20,0.259
01/30/06 09:25,0.242
01/30/06 09:30,0.221
01/30/06 09:35,0.188
01/30/06 09:40,0.162
01/30/06 09:45,0.133
01/30/06 09:50,0.103
01/30/06 09:55,0.081
01/30/06 10:00,0.051
01/30/06 10:05,0.032
01/30/06 10:10,0.028
01/30/06 10:15,0.031
01/30/06 10:20,0.042
01/30/06 10:25,0.065
01/30/06 10:30,0.083
01/30/06 10:35,0.094
01/30/06 10:40,0.104
01/30/06 10:45,0.111
01/30/06 10:50,0.114
01/30/06 10:55,0.117
01/30/06 11:00,0.124
01/30/06 11:05,0.113
01/30/06 11:10,0.111
01/30/06 11:15,0.123
01/30/06 11:20,0.095
01/30/06 11:25,0.085
01/30/06 11:30,0.105
01/30/06 11:35,0.206
01/30/06 11:40,0.285
01/30/06 11:45,0.235
01/30/06 11:50,0.208
01/30/06 11:55,0.174
01/30/06 12:00,0.188
01/30/06 12:05,0.152
01/30/06 12:10,0.131
01/30/06 12:15,0.109
01/30/06 12:20,0.158
01/30/06 12:25,0.240
01/30/06 12:30,0.323
01/30/06 12:35,0.390
01/30/06 12:40,0.413
01/30/06 12:45,0.425
01/30/06 12:50,0.452
01/30/06 12:55,0.458
01/30/06 13:00,0.382
01/30/06 13:05,0.317
01/30/06 13:10,0.266
01/30/06 13:15,0.227
01/30/06 13:20,0.184
01/30/06 13:25,0.158
01/30/06 13:30,0.133
01/30/06 13:35,0.106
01/30/06 13:40,0.080
01/30/06 13:45,0.048
01/30/06 13:50,0.026
01/30/06 13:55,0.011
01/30/06 14:00,0.008
01/30/06 14:05,0.009
01/30/06 14:10,0.014
01/30/06 14:15,0.026
01/30/06 14:20,0.045
01/30/06 14:25,0.073
01/30/06 14:30,0.087
01/30/06 14:35,0.107
01/30/06 14:40,0.130
01/30/06 14:45,0.146
01/30/06 14:50,0.163
01/30/06 14:55,0.176
01/30/06 15:00,0.185
01/30/06 15:05,0.189
01/30/06 15:10,0.183
01/30/06 15:15,0.174
01/30/06 15:20,0.164
01/30/06 15:25,0.153
01/30/06 15:30,0.142
01/30/06 15:35,0.131
01/30/06 15:40,0.119
01/30/06 15:45,0.108
01/30/06 15:50,0.096
01/30/06 15:55,0.084
01/30/06 16:00,0.060
01/30/06 16:05,0.027
01/30/06 16:10,0.008
01/30/06 16:15,0.002
01/30/06 16:20,0.000
01/30/06 16:25,0.000
01/30/06 16:30,0.000
01/30/06 16:35,0.000
01/30/06 16:40,0.000
01/30/06 16:45,0.000
01/30/06 16:50,0.000
01/30/06 16:55,0.000
01/30/06 17:00,0.000
01/30/06 17:05,0.000
01/30/06 17:10,0.000
01/30/06 17:15,0.000
01/30/06 17:20,0.000
01/30/06 17:25,0.000
01/30/06 17:30,0.000
01/30/06 17:35,0.000
01/30/06 17:40,0.000
01/30/06 17:45,0.000
01/30/06 17:50,0.000
01/30/06 17:55,0.000
01/30/06 18:00,0.000
01/30/06 18:05,0.000
01/30/06 18:10,0.000
01/30/06 18:15,0.000
01/30/06 18:20,0.000
01/30/06 18:25,0.000
01/30/06 18:30,0.000
01/30/06 18:35,0.000
01/30/06 18:40,0.000
01/30/06 18:45,0.000
01/30/06 18:50,0.000
01/30/06 18:55,0.000
01/30/06 19:00,0.000
01/30/06 19:05,0.000
01/30/06 19:10,0.000
01/30/06 19:15,0.000
01/30/06 19:20,0.000
01/30/06 19:25,0.000
01/30/06 19:30,0.000
01/30/06 19:35,0.000
01/30/06 19:40,0.000
01/30/06 19:45,0.000
01/30/06 19:50,0.000
01/30/06 19:55,0.000
01/30/06 20:00,0.000
01/30/06 20:05,0.000
01/30/06 20:10,0.000
01/30/06 20:15,0.000
01/30/06 20:20,0.000
01/30/06 20:25,0.000
01/30/06 20:30,0.000
01/30/06 20:35,0.000
01/30/06 20:40,0.000
01/30/06 20:45,0.000
01/30/06 20:50,0.000
01/30/06 20:55,0.000
01/30/06 21:00,0.000
01/30/06 21:05,0.000
01/30/06 21:10,0.000
01/30/06 21:15,0.000
01/30/06 21:20,0.000
01/30/06 21:25,0.000
01/30/06 21:30,0.000
01/30/06 21:35,0.000
01/30/06 21:40,0.000
01/30/06 21:45,0.000
01/30/06 21:50,0.000
01/30/06 21:55,0.000
01/30/06 22:00,0.000
01/30/06 22:05,0.000
01/30/06 22:10,0.000
01/30/06 22:15,0.000
01/30/06 22:20,0.000
01/30/06 22:25,0.000
01/30/06 22:30,0.000
01/30/06 22:35,0.000
01/30/06 22:40,0.000
01/30/06 22:45,0.000
01/30/06 22:50,0.000
01/30/06 22:55,0.000
01/30/06 23:00,0.000
01/30/06 23:05,0.000
01/30/06 23:10,0.000
01/30/06 23:15,0.000
01/30/06 23:20,0.000
01/30/06 23:25,0.000
01/30/06 23:30,0.000
01/30/06 23:35,0.000
01/30/06 23:40,0.000
01/30/06 23:45,0.000
01/30/06 23:50,0.000
01/30/06 23:55,0.000
01/31/06 00:00,0.000
01/31/06 00:05,0.000
01/31/06 00:10,0.000
01/31/06 00:15,0.000
01/31/06 00:20,0.000
01/31/06 00:25,0.000
01/31/06 00:30,0.000
01/31/06 00:35,0.000
01/31/06 00:40,0.000
01/31/06 00:45,0.000
01/31/06 00:50,0.000
01/31/06 00:55,0.000
01/31/06 01:00,0.000
01/31/06 01:05,0.000
01/31/06 01:10,0.000
01/31/06 01:15,0.000
01/31/06 01:20,0.000
01/31/06 01:25,0.000
01/31/06 01:30,0.000
01/31/06 01:35,0.000
01/31/06 01:40,0.000
01/31/06 01:45,0.000
01/31/06 01:50,0.000
01/31/06 01:55,0.000
01/31/06 02:00,0.000
01/31/06 02:05,0.000
01/31/06 02:10,0.000
01/31/06 02:15,0.000
01/31/06 02:20,0.000
01/31/06 02:25,0.000
01/31/06 02:30,0.000
01/31/06 02:35,0.000
01/31/06 02:40,0.000
01/31/06 02:45,0.000
01/31/06 02:50,0.000
01/31/06 02:55,0.000
01/31/06 03:00,0.000
01/31/06 03:05,0.000
01/31/06 03:10,0.000
01/31/06 03:15,0.000
01/31/06 03:20,0.000
01/31/06 03:25,0.000
01/31/06 03:30,0.000
01/31/06 03:35,0.000
01/31/06 03:40,0.000
01/31/06 03:45,0.000
01/31/06 03:50,0.000
01/31/06 03:55,0.000
01/31/06 04:00,0.000
01/31/06 04:05,0.000
01/31/06 04:10,0.000
01/31/06 04:15,0.000
01/31/06 04:20,0.000
01/31/06 04:25,0.000
01/31/06 04:30,0.000
01/31/06 04:35,0.000
01/31/06 04:40,0.000
01/31/06 04:45,0.000
01/31/06 04:50,0.000
01/31/06 04:55,0.000
01/31/06 05:00,0.000
01/31/06 05:05,0.000
01/31/06 05:10,0.000
01/31/06 05:15,0.000
01/31/06 05:20,0.000
01/31/06 05:25,0.000
01/31/06 05:30,0.000
01/31/06 05:35,0.000
01/31/06 05:40,0.000
01/31/06 05:45,0.000
01/31/06 05:50,0.000
01/31/06 05:55,0.000
01/31/06 06:00,0.000
01/31/06 06:05,0.000
01/31/06 06:10,0.000
01/31/06 06:15,0.000
01/31/06 06:20,0.000
01/31/06 06:25,0.000
01/31/06 06:30,0.000
01/31/06 06:35,0.000
01/31/06 06:40,0.000
01/31/06 06:45,0.000
01/31/06 06:50,0.000
01/31/06 06:55,0.000
01/31/06 07:00,0.000
01/31/06 07:05,0.000
01/31/06 07:10,0.000
01/31/06 07:15,0.000
01/31/06 07:20,0.000
01/31/06 07:25,0.000
01/31/06 07:30,0.000
01/31/06 07:35,0.000
01/31/06 07:40,0.000
01/31/06 07:45,0.000
01/31/06 07:50,0.000
01/31/06 07:55,0.000
01/31/06 08:00,0.000
01/31/06 08:05,0.000
01/31/06 08:10,0.000
01/31/06 08:15,0.000
01/31/06 08:20,0.000
01/31/06 08:25,0.000
01/31/06 08:30,0.001
01/31/06 08:35,0.001
01/31/06 08:40,0.001
01/31/06 08:45,0.001
01/31/06 08:50,0.002
01/31/06 08:55,0.003
01/31/06 09:00,0.005
01/31/06 09:05,0.009
01/31/06 09:10,0.017
01/31/06 09:15,0.028
01/31/06 09:20,0.042
01/31/06 09:25,0.058
01/31/06 09:30,0.075
01/31/06 09:35,0.086
01/31/06 09:40,0.100
01/31/06 09:45,0.107
01/31/06 09:50,0.116
01/31/06 09:55,0.127
01/31/06 10:00,0.153
01/31/06 10:05,0.171
01/31/06 10:10,0.183
01/31/06 10:15,0.194
01/31/06 10:20,0.208
01/31/06 10:25,0.211
01/31/06 10:30,0.214
01/31/06 10:35,0.216
01/31/06 10:40,0.219
01/31/06 10:45,0.225
01/31/06 10:50,0.230
01/31/06 10:55,0.231
01/31/06 11:00,0.232
01/31/06 11:05,0.229
01/31/06 11:10,0.217
01/31/06 11:15,0.212
01/31/06 11:20,0.209
01/31/06 11:25,0.207
01/31/06 11:30,0.206
01/31/06 11:35,0.204
01/31/06 11:40,0.199
01/31/06 11:45,0.190
01/31/06 11:50,0.173
01/31/06 11:55,0.162
01/31/06 12:00,0.152
01/31/06 12:05,0.172
01/31/06 12:10,0.154
01/31/06 12:15,0.159
01/31/06 12:20,0.167
01/31/06 12:25,0.218
01/31/06 12:30,0.210
01/31/06 12:35,0.171
01/31/06 12:40,0.206
01/31/06 12:45,0.283
01/31/06 12:50,0.361
01/31/06 12:55,0.379
01/31/06 13:00,0.343
01/31/06 13:05,0.302
01/31/06 13:10,0.272
01/31/06 13:15,0.248
01/31/06 13:20,0.231
01/31/06 13:25,0.220
01/31/06 13:30,0.211
01/31/06 13:35,0.202
01/31/06 13:40,0.190
01/31/06 13:45,0.179
01/31/06 13:50,0.160
01/31/06 13:55,0.147
01/31/06 14:00,0.136
01/31/06 14:05,0.129
01/31/06 14:10,0.116
01/31/06 14:15,0.096
01/31/06 14:20,0.084
01/31/06 14:25,0.073
01/31/06 14:30,0.044
01/31/06 14:35,0.031
01/31/06 14:40,0.020
01/31/06 14:45,0.013
01/31/06 14:50,0.008
01/31/06 14:55,0.006
01/31/06 15:00,0.006
01/31/06 15:05,0.008
01/31/06 15:10,0.009
01/31/06 15:15,0.012
01/31/06 15:20,0.019
01/31/06 15:25,0.029
01/31/06 15:30,0.032
01/31/06 15:35,0.032
01/31/06 15:40,0.028
01/31/06 15:45,0.022
01/31/06 15:50,0.015
01/31/06 15:55,0.008
01/31/06 16:00,0.002
01/31/06 16:05,0.000
01/31/06 16:10,0.000
01/31/06 16:15,0.000
01/31/06 16:20,0.000
01/31/06 16:25,0.000
01/31/06 16:30,0.000
01/31/06 16:35,0.000
01/31/06 16:40,0.000
01/31/06 16:45,0.000
01/31/06 16:50,0.000
01/31/06 16:55,0.000
01/31/06 17:00,0.000
01/31/06 17:05,0.000
01/31/06 17:10,0.000
01/31/06 17:15,0.000
01/31/06 17:20,0.000
01/31/06 17:25,0.000
01/31/06 17:30,0.000
01/31/06 17:35,0.000
01/31/06 17:40,0.000
01/31/06 17:45,0.000
01/31/06 17:50,0.000
01/31/06 17:55,0.000
01/31/06 18:00,0.000
01/31/06 18:05,0.000
01/31/06 18:10,0.000
01/31/06 18:15,0.000
01/31/06 18:20,0.000
01/31/06 18:25,0.000
01/31/06 18:30,0.000
01/31/06 18:35,0.000
01/31/06 18:40,0.000
01/31/06 18:45,0.000
01/31/06 18:50,0.000
01/31/06 18:55,0.000
01/31/06 19:00,0.000
01/31/06 19:05,0.000
01/31/06 19:10,0.000
01/31/06 19:15,0.000
01/31/06 19:20,0.000
01/31/06 19:25,0.000
01/31/06 19:30,0.000
01/31/06 19:35,0.000
01/31/06 19:40,0.000
01/31/06 19:45,0.000
01/31/06 19:50,0.000
01/31/06 19:55,0.000
01/31/06 20:00,0.000
01/31/06 20:05,0.000
01/31/06 20:10,0.000
01/31/06 20:15,0.000
01/31/06 20:20,0.000
01/31/06 20:25,0.000
01/31/06 20:30,0.000
01/31/06 20:35,0.000
01/31/06 20:40,0.000
01/31/06 20:45,0.000
01/31/06 20:50,0.000
01/31/06 20:55,0.000
01/31/06 21:00,0.000
01/31/06 21:05,0.000
01/31/06 21:10,0.000
01/31/06 21:15,0.000
01/31/06 21:20,0.000
01/31/06 21:25,0.000
01/31/06 21:30,0.000
01/31/06 21:35,0.000
01/31/06 21:40,0.000
01/31/06 21:45,0.000
01/31/06 21:50,0.000
01/31/06 21:55,0.000
01/31/06 22:00,0.000
01/31/06 22:05,0.000
01/31/06 22:10,0.000
01/31/06 22:15,0.000
01/31/06 22:20,0.000
01/31/06 22:25,0.000
01/31/06 22:30,0.000
01/31/06 22:35,0.000
01/31/06 22:40,0.000
01/31/06 22:45,0.000
01/31/06 22:50,0.000
01/31/06 22:55,0.000
01/31/06 23:00,0.000
01/31/06 23:05,0.000
01/31/06 23:10,0.000
01/31/06 23:15,0.000
01/31/06 23:20,0.000
01/31/06 23:25,0.000
01/31/06 23:30,0.000
01/31/06 23:35,0.000
01/31/06 23:40,0.000
01/31/06 23:45,0.000
01/31/06 23:50,0.000
01/31/06 23:55,0.000
02/01/06 00:00,0.000
02/01/06 00:05,0.000
02/01/06 00:10,0.000
02/01/06 00:15,0.000
02/01/06 00:20,0.000
02/01/06 00:25,0.000
02/01/06 00:30,0.000
02/01/06 00:35,0.000
02/01/06 00:40,0.000
02/01/06 00:45,0.000
02/01/06 00:50,0.000
02/01/06 00:55,0.000
02/01/06 01:00,0.000
02/01/06 01:05,0.000
02/01/06 01:10,0.000
02/01/06 01:15,0.000
02/01/06 01:20,0.000
02/01/06 01:25,0.000
02/01/06 01:30,0.000
02/01/06 01:35,0.000
02/01/06 01:40,0.000
02/01/06 01:45,0.000
02/01/06 01:50,0.000
02/01/06 01:55,0.000
02/01/06 02:00,0.000
02/01/06 02:05,0.000
02/01/06 02:10,0.000
02/01/06 02:15,0.000
02/01/06 02:20,0.000
02/01/06 02:25,0.000
02/01/06 02:30,0.000
02/01/06 02:35,0.000
02/01/06 02:40,0.000
02/01/06 02:45,0.000
02/01/06 02:50,0.000
02/01/06 02:55,0.000
02/01/06 03:00,0.000
02/01/06 03:05,0.000
02/01/06 03:10,0.000
02/01/06 03:15,0.000
02/01/06 03:20,0.000
02/01/06 03:25,0.000
02/01/06 03:30,0.000
02/01/06 03:35,0.000
02/01/06 03:40,0.000
02/01/06 03:45,0.000
02/01/06 03:50,0.000
02/01/06 03:55,0.000
02/01/06 04:00,0.000
02/01/06 04:05,0.000
02/01/06 04:10,0.000
02/01/06 04:15,0.000
02/01/06 04:20,0.000
02/01/06 04:25,0.000
02/01/06 04:30,0.000
02/01/06 04:35,0.000
02/01/06 04:40,0.000
02/01/06 04:45,0.000
02/01/06 04:50,0.000
02/01/06 04:55,0.000
02/01/06 05:00,0.000
02/01/06 05:05,0.000
02/01/06 05:10,0.000
02/01/06 05:15,0.000
02/01/06 05:20,0.000
02/01/06 05:25,0.000
02/01/06 05:30,0.000
02/01/06 05:35,0.000
02/01/06 05:40,0.000
02/01/06 05:45,0.000
02/01/06 05:50,0.000
02/01/06 05:55,0.000
02/01/06 06:00,0.000
02/01/06 06:05,0.000
02/01/06 06:10,0.000
02/01/06 06:15,0.000
02/01/06 06:20,0.000
02/01/06 06:25,0.000
02/01/06 06:30,0.000
02/01/06 06:35,0.000
02/01/06 06:40,0.000
02/01/06 06:45,0.000
02/01/06 06:50,0.000
02/01/06 06:55,0.000
02/01/06 07:00,0.000
02/01/06 07:05,0.000
02/01/06 07:10,0.000
02/01/06 07:15,0.000
02/01/06 07:20,0.000
02/01/06 07:25,0.000
02/01/06 07:30,0.000
02/01/06 07:35,0.000
02/01/06 07:40,0.000
02/01/06 07:45,0.000
02/01/06 07:50,0.002
02/01/06 07:55,0.013
02/01/06 08:00,0.047
02/01/06 08:05,0.088
02/01/06 08:10,0.107
02/01/06 08:15,0.125
02/01/06 08:20,0.144
02/01/06 08:25,0.163
02/01/06 08:30,0.181
02/01/06 08:35,0.200
02/01/06 08:40,0.218
02/01/06 08:45,0.235
02/01/06 08:50,0.254
02/01/06 08:55,0.272
02/01/06 09:00,0.285
02/01/06 09:05,0.298
02/01/06 09:10,0.309
02/01/06 09:15,0.319
02/01/06 09:20,0.329
02/01/06 09:25,0.338
02/01/06 09:30,0.347
02/01/06 09:35,0.355
02/01/06 09:40,0.362
02/01/06 09:45,0.369
02/01/06 09:50,0.376
02/01/06 09:55,0.385
02/01/06 10:00,0.384
02/01/06 10:05,0.384
02/01/06 10:10,0.383
02/01/06 10:15,0.394
02/01/06 10:20,0.403
02/01/06 10:25,0.409
02/01/06 10:30,0.409
02/01/06 10:35,0.407
02/01/06 10:40,0.420
02/01/06 10:45,0.425
02/01/06 10:50,0.430
02/01/06 10:55,0.425
02/01/06 11:00,0.425
02/01/06 11:05,0.429
02/01/06 11:10,0.435
02/01/06 11:15,0.433
02/01/06 11:20,0.425
02/01/06 11:25,0.419
02/01/06 11:30,0.414
02/01/06 11:35,0.405
02/01/06 11:40,0.385
02/01/06 11:45,0.362
02/01/06 11:50,0.344
02/01/06 11:55,0.319
02/01/06 12:00,0.265
02/01/06 12:05,0.213
02/01/06 12:10,0.186
02/01/06 12:15,0.159
02/01/06 12:20,0.143
02/01/06 12:25,0.125
02/01/06 12:30,0.116
02/01/06 12:35,0.110
02/01/06 12:40,0.104
02/01/06 12:45,0.100
02/01/06 12:50,0.098
02/01/06 12:55,0.097
02/01/06 13:00,0.104
02/01/06 13:05,0.112
02/01/06 13:10,0.130
02/01/06 13:15,0.148
02/01/06 13:20,0.153
02/01/06 13:25,0.146
02/01/06 13:30,0.139
02/01/06 13:35,0.149
02/01/06 13:40,0.152
02/01/06 13:45,0.159
02/01/06 13:50,0.158
02/01/06 13:55,0.150
02/01/06 14:00,0.166
02/01/06 14:05,0.172
02/01/06 14:10,0.169
02/01/06 14:15,0.164
02/01/06 14:20,0.154
02/01/06 14:25,0.143
02/01/06 14:30,0.128
02/01/06 14:35,0.117
02/01/06 14:40,0.108
02/01/06 14:45,0.104
02/01/06 14:50,0.101
02/01/06 14:55,0.097
02/01/06 15:00,0.057
02/01/06 15:05,0.010
02/01/06 15:10,0.008
02/01/06 15:15,0.009
02/01/06 15:20,0.012
02/01/06 15:25,0.011
02/01/06 15:30,0.010
02/01/06 15:35,0.005
02/01/06 15:40,0.002
02/01/06 15:45,0.001
02/01/06 15:50,0.001
02/01/06 15:55,0.000
02/01/06 16:00,0.000
02/01/06 16:05,0.000
02/01/06 16:10,0.000
02/01/06 16:15,0.000
02/01/06 16:20,0.000
02/01/06 16:25,0.000
02/01/06 16:30,0.000
02/01/06 16:35,0.000
02/01/06 16:40,0.000
02/01/06 16:45,0.000
02/01/06 16:50,0.000
02/01/06 16:55,0.000
02/01/06 17:00,0.000
02/01/06 17:05,0.000
02/01/06 17:10,0.000
02/01/06 17:15,0.000
02/01/06 17:20,0.000
02/01/06 17:25,0.000
02/01/06 17:30,0.000
02/01/06 17:35,0.000
02/01/06 17:40,0.000
02/01/06 17:45,0.000
02/01/06 17:50,0.000
02/01/06 17:55,0.000
02/01/06 18:00,0.000
02/01/06 18:05,0.000
02/01/06 18:10,0.000
02/01/06 18:15,0.000
02/01/06 18:20,0.000
02/01/06 18:25,0.000
02/01/06 18:30,0.000
02/01/06 18:35,0.000
02/01/06 18:40,0.000
02/01/06 18:45,0.000
02/01/06 18:50,0.000
02/01/06 18:55,0.000
02/01/06 19:00,0.000
02/01/06 19:05,0.000
02/01/06 19:10,0.000
02/01/06 19:15,0.000
02/01/06 19:20,0.000
02/01/06 19:25,0.000
02/01/06 19:30,0.000
02/01/06 19:35,0.000
02/01/06 19:40,0.000
02/01/06 19:45,0.000
02/01/06 19:50,0.000
02/01/06 19:55,0.000
02/01/06 20:00,0.000
02/01/06 20:05,0.000
02/01/06 20:10,0.000
02/01/06 20:15,0.000
02/01/06 20:20,0.000
02/01/06 20:25,0.000
02/01/06 20:30,0.000
02/01/06 20:35,0.000
02/01/06 20:40,0.000
02/01/06 20:45,0.000
02/01/06 20:50,0.000
02/01/06 20:55,0.000
02/01/06 21:00,0.000
02/01/06 21:05,0.000
02/01/06 21:10,0.000
02/01/06 21:15,0.000
02/01/06 21:20,0.000
02/01/06 21:25,0.000
02/01/06 21:30,0.000
02/01/06 21:35,0.000
02/01/06 21:40,0.000
02/01/06 21:45,0.000
02/01/06 21:50,0.000
02/01/06 21:55,0.000
02/01/06 22:00,0.000
02/01/06 22:05,0.000
02/01/06 22:10,0.000
02/01/06 22:15,0.000
02/01/06 22:20,0.000
02/01/06 22:25,0.000
02/01/06 22:30,0.000
02/01/06 22:35,0.000
02/01/06 22:40,0.000
02/01/06 22:45,0.000
02/01/06 22:50,0.000
02/01/06 22:55,0.000
02/01/06 23:00,0.000
02/01/06 23:05,0.000
02/01/06 23:10,0.000
02/01/06 23:15,0.000
02/01/06 23:20,0.000
02/01/06 23:25,0.000
02/01/06 23:30,0.000
02/01/06 23:35,0.000
02/01/06 23:40,0.000
02/01/06 23:45,0.000
02/01/06 23:50,0.000
02/01/06 23:55,0.000
02/02/06 00:00,0.000
02/02/06 00:05,0.000
02/02/06 00:10,0.000
02/02/06 00:15,0.000
02/02/06 00:20,0.000
02/02/06 00:25,0.000
02/02/06 00:30,0.000
02/02/06 00:35,0.000
02/02/06 00:40,0.000
02/02/06 00:45,0.000
02/02/06 00:50,0.000
02/02/06 00:55,0.000
02/02/06 01:00,0.000
02/02/06 01:05,0.000
02/02/06 01:10,0.000
02/02/06 01:15,0.000
02/02/06 01:20,0.000
02/02/06 01:25,0.000
02/02/06 01:30,0.000
02/02/06 01:35,0.000
02/02/06 01:40,0.000
02/02/06 01:45,0.000
02/02/06 01:50,0.000
02/02/06 01:55,0.000
02/02/06 02:00,0.000
02/02/06 02:05,0.000
02/02/06 02:10,0.000
02/02/06 02:15,0.000
02/02/06 02:20,0.000
02/02/06 02:25,0.000
02/02/06 02:30,0.000
02/02/06 02:35,0.000
02/02/06 02:40,0.000
02/02/06 02:45,0.000
02/02/06 02:50,0.000
02/02/06 02:55,0.000
02/02/06 03:00,0.000
02/02/06 03:05,0.000
02/02/06 03:10,0.000
02/02/06 03:15,0.000
02/02/06 03:20,0.000
02/02/06 03:25,0.000
02/02/06 03:30,0.000
02/02/06 03:35,0.000
02/02/06 03:40,0.000
02/02/06 03:45,0.000
02/02/06 03:50,0.000
02/02/06 03:55,0.000
02/02/06 04:00,0.000
02/02/06 04:05,0.000
02/02/06 04:10,0.000
02/02/06 04:15,0.000
02/02/06 04:20,0.000
02/02/06 04:25,0.000
02/02/06 04:30,0.000
02/02/06 04:35,0.000
02/02/06 04:40,0.000
02/02/06 04:45,0.000
02/02/06 04:50,0.000
02/02/06 04:55,0.000
02/02/06 05:00,0.000
02/02/06 05:05,0.000
02/02/06 05:10,0.000
02/02/06 05:15,0.000
02/02/06 05:20,0.000
02/02/06 05:25,0.000
02/02/06 05:30,0.000
02/02/06 05:35,0.000
02/02/06 05:40,0.000
02/02/06 05:45,0.000
02/02/06 05:50,0.000
02/02/06 05:55,0.000
02/02/06 06:00,0.000
02/02/06 06:05,0.000
02/02/06 06:10,0.000
02/02/06 06:15,0.000
02/02/06 06:20,0.000
02/02/06 06:25,0.000
02/02/06 06:30,0.000
02/02/06 06:35,0.000
02/02/06 06:40,0.000
02/02/06 06:45,0.000
02/02/06 06:50,0.000
02/02/06 06:55,0.000
02/02/06 07:00,0.000
02/02/06 07:05,0.000
02/02/06 07:10,0.000
02/02/06 07:15,0.000
02/02/06 07:20,0.000
02/02/06 07:25,0.000
02/02/06 07:30,0.000
02/02/06 07:35,0.000
02/02/06 07:40,0.000
02/02/06 07:45,0.000
02/02/06 07:50,0.000
02/02/06 07:55,0.000
02/02/06 08:00,0.000
02/02/06 08:05,0.000
02/02/06 08:10,0.000
02/02/06 08:15,0.000
02/02/06 08:20,0.000
02/02/06 08:25,0.000
02/02/06 08:30,0.000
02/02/06 08:35,0.001
02/02/06 08:40,0.001
02/02/06 08:45,0.001
02/02/06 08:50,0.001
02/02/06 08:55,0.002
02/02/06 09:00,0.003
02/02/06 09:05,0.010
02/02/06 09:10,0.026
02/02/06 09:15,0.092
02/02/06 09:20,0.117
02/02/06 09:25,0.129
02/02/06 09:30,0.152
02/02/06 09:35,0.150
02/02/06 09:40,0.182
02/02/06 09:45,0.225
02/02/06 09:50,0.252
02/02/06 09:55,0.229
02/02/06 10:00,0.170
02/02/06 10:05,0.123
02/02/06 10:10,0.087
02/02/06 10:15,0.027
02/02/06 10:20,0.015
02/02/06 10:25,0.010
02/02/06 10:30,0.007
02/02/06 10:35,0.005
02/02/06 10:40,0.004
02/02/06 10:45,0.004
02/02/06 10:50,0.004
02/02/06 10:55,0.004
02/02/06 11:00,0.016
02/02/06 11:05,0.047
02/02/06 11:10,0.037
02/02/06 11:15,0.032
02/02/06 11:20,0.029
02/02/06 11:25,0.050
02/02/06 11:30,0.082
02/02/06 11:35,0.088
02/02/06 11:40,0.093
02/02/06 11:45,0.095
02/02/06 11:50,0.093
02/02/06 11:55,0.106
02/02/06 12:00,0.212
02/02/06 12:05,0.288
02/02/06 12:10,0.339
02/02/06 12:15,0.365
02/02/06 12:20,0.379
02/02/06 12:25,0.386
02/02/06 12:30,0.385
02/02/06 12:35,0.382
02/02/06 12:40,0.378
02/02/06 12:45,0.371
02/02/06 12:50,0.362
02/02/06 12:55,0.352
02/02/06 13:00,0.341
02/02/06 13:05,0.333
02/02/06 13:10,0.329
02/02/06 13:15,0.331
02/02/06 13:20,0.336
02/02/06 13:25,0.343
02/02/06 13:30,0.349
02/02/06 13:35,0.352
02/02/06 13:40,0.358
02/02/06 13:45,0.362
02/02/06 13:50,0.367
02/02/06 13:55,0.371
02/02/06 14:00,0.371
02/02/06 14:05,0.365
02/02/06 14:10,0.361
02/02/06 14:15,0.354
02/02/06 14:20,0.346
02/02/06 14:25,0.334
02/02/06 14:30,0.322
02/02/06 14:35,0.311
02/02/06 14:40,0.297
02/02/06 14:45,0.283
02/02/06 14:50,0.268
02/02/06 14:55,0.250
02/02/06 15:00,0.232
02/02/06 15:05,0.196
02/02/06 15:10,0.160
02/02/06 15:15,0.112
02/02/06 15:20,0.068
02/02/06 15:25,0.096
02/02/06 15:30,0.104
02/02/06 15:35,0.104
02/02/06 15:40,0.099
02/02/06 15:45,0.093
02/02/06 15:50,0.084
02/02/06 15:55,0.073
02/02/06 16:00,0.050
02/02/06 16:05,0.025
02/02/06 16:10,0.008
02/02/06 16:15,0.001
02/02/06 16:20,0.000
02/02/06 16:25,0.000
02/02/06 16:30,0.000
02/02/06 16:35,0.000
02/02/06 16:40,0.000
02/02/06 16:45,0.000
02/02/06 16:50,0.000
02/02/06 16:55,0.000
02/02/06 17:00,0.000
02/02/06 17:05,0.000
02/02/06 17:10,0.000
02/02/06 17:15,0.000
02/02/06 17:20,0.000
02/02/06 17:25,0.000
02/02/06 17:30,0.000
02/02/06 17:35,0.000
02/02/06 17:40,0.000
02/02/06 17:45,0.000
02/02/06 17:50,0.000
02/02/06 17:55,0.000
02/02/06 18:00,0.000
02/02/06 18:05,0.000
02/02/06 18:10,0.000
02/02/06 18:15,0.000
02/02/06 18:20,0.000
02/02/06 18:25,0.000
02/02/06 18:30,0.000
02/02/06 18:35,0.000
02/02/06 18:40,0.000
02/02/06 18:45,0.000
02/02/06 18:50,0.000
02/02/06 18:55,0.000
02/02/06 19:00,0.000
02/02/06 19:05,0.000
02/02/06 19:10,0.000
02/02/06 19:15,0.000
02/02/06 19:20,0.000
02/02/06 19:25,0.000
02/02/06 19:30,0.000
02/02/06 19:35,0.000
02/02/06 19:40,0.000
02/02/06 19:45,0.000
02/02/06 19:50,0.000
02/02/06 19:55,0.000
02/02/06 20:00,0.000
02/02/06 20:05,0.000
02/02/06 20:10,0.000
02/02/06 20:15,0.000
02/02/06 20:20,0.000
02/02/06 20:25,0.000
02/02/06 20:30,0.000
02/02/06 20:35,0.000
02/02/06 20:40,0.000
02/02/06 20:45,0.000
02/02/06 20:50,0.000
02/02/06 20:55,0.000
02/02/06 21:00,0.000
02/02/06 21:05,0.000
02/02/06 21:10,0.000
02/02/06 21:15,0.000
02/02/06 21:20,0.000
02/02/06 21:25,0.000
02/02/06 21:30,0.000
02/02/06 21:35,0.000
02/02/06 21:40,0.000
02/02/06 21:45,0.000
02/02/06 21:50,0.000
02/02/06 21:55,0.000
02/02/06 22:00,0.000
02/02/06 22:05,0.000
02/02/06 22:10,0.000
02/02/06 22:15,0.000
02/02/06 22:20,0.000
02/02/06 22:25,0.000
02/02/06 22:30,0.000
02/02/06 22:35,0.000
02/02/06 22:40,0.000
02/02/06 22:45,0.000
02/02/06 22:50,0.000
02/02/06 22:55,0.000
02/02/06 23:00,0.000
02/02/06 23:05,0.000
02/02/06 23:10,0.000
02/02/06 23:15,0.000
02/02/06 23:20,0.000
02/02/06 23:25,0.000
02/02/06 23:30,0.000
02/02/06 23:35,0.000
02/02/06 23:40,0.000
02/02/06 23:45,0.000
02/02/06 23:50,0.000
02/02/06 23:55,0.000
02/03/06 00:00,0.000
02/03/06 00:05,0.000
02/03/06 00:10,0.000
02/03/06 00:15,0.000
02/03/06 00:20,0.000
02/03/06 00:25,0.000
02/03/06 00:30,0.000
02/03/06 00:35,0.000
02/03/06 00:40,0.000
02/03/06 00:45,0.000
02/03/06 00:50,0.000
02/03/06 00:55,0.000
02/03/06 01:00,0.000
02/03/06 01:05,0.000
02/03/06 01:10,0.000
02/03/06 01:15,0.000
02/03/06 01:20,0.000
02/03/06 01:25,0.000
02/03/06 01:30,0.000
02/03/06 01:35,0.000
02/03/06 01:40,0.000
02/03/06 01:45,0.000
02/03/06 01:50,0.000
02/03/06 01:55,0.000
02/03/06 02:00,0.000
02/03/06 02:05,0.000
02/03/06 02:10,0.000
02/03/06 02:15,0.000
02/03/06 02:20,0.000
02/03/06 02:25,0.000
02/03/06 02:30,0.000
02/03/06 02:35,0.000
02/03/06 02:40,0.000
02/03/06 02:45,0.000
02/03/06 02:50,0.000
02/03/06 02:55,0.000
02/03/06 03:00,0.000
02/03/06 03:05,0.000
02/03/06 03:10,0.000
02/03/06 03:15,0.000
02/03/06 03:20,0.000
02/03/06 03:25,0.000
02/03/06 03:30,0.000
02/03/06 03:35,0.000
02/03/06 03:40,0.000
02/03/06 03:45,0.000
02/03/06 03:50,0.000
02/03/06 03:55,0.000
02/03/06 04:00,0.000
02/03/06 04:05,0.000
02/03/06 04:10,0.000
02/03/06 04:15,0.000
02/03/06 04:20,0.000
02/03/06 04:25,0.000
02/03/06 04:30,0.000
02/03/06 04:35,0.000
02/03/06 04:40,0.000
02/03/06 04:45,0.000
02/03/06 04:50,0.000
02/03/06 04:55,0.000
02/03/06 05:00,0.000
02/03/06 05:05,0.000
02/03/06 05:10,0.000
02/03/06 05:15,0.000
02/03/06 05:20,0.000
02/03/06 05:25,0.000
02/03/06 05:30,0.000
02/03/06 05:35,0.000
02/03/06 05:40,0.000
02/03/06 05:45,0.000
02/03/06 05:50,0.000
02/03/06 05:55,0.000
02/03/06 06:00,0.000
02/03/06 06:05,0.000
02/03/06 06:10,0.000
02/03/06 06:15,0.000
02/03/06 06:20,0.000
02/03/06 06:25,0.000
02/03/06 06:30,0.000
02/03/06 06:35,0.000
02/03/06 06:40,0.000
02/03/06 06:45,0.000
02/03/06 06:50,0.000
02/03/06 06:55,0.000
02/03/06 07:00,0.000
02/03/06 07:05,0.000
02/03/06 07:10,0.000
02/03/06 07:15,0.000
02/03/06 07:20,0.000
02/03/06 07:25,0.000
02/03/06 07:30,0.000
02/03/06 07:35,0.000
02/03/06 07:40,0.000
02/03/06 07:45,0.000
02/03/06 07:50,0.001
02/03/06 07:55,0.003
02/03/06 08:00,0.020
02/03/06 08:05,0.068
02/03/06 08:10,0.092
02/03/06 08:15,0.111
02/03/06 08:20,0.128
02/03/06 08:25,0.145
02/03/06 08:30,0.162
02/03/06 08:35,0.178
02/03/06 08:40,0.194
02/03/06 08:45,0.210
02/03/06 08:50,0.226
02/03/06 08:55,0.243
02/03/06 09:00,0.254
02/03/06 09:05,0.263
02/03/06 09:10,0.267
02/03/06 09:15,0.269
02/03/06 09:20,0.270
02/03/06 09:25,0.269
02/03/06 09:30,0.267
02/03/06 09:35,0.263
02/03/06 09:40,0.253
02/03/06 09:45,0.244
02/03/06 09:50,0.236
02/03/06 09:55,0.230
02/03/06 10:00,0.226
02/03/06 10:05,0.263
02/03/06 10:10,0.301
02/03/06 10:15,0.332
02/03/06 10:20,0.330
02/03/06 10:25,0.272
02/03/06 10:30,0.199
02/03/06 10:35,0.211
02/03/06 10:40,0.260
02/03/06 10:45,0.288
02/03/06 10:50,0.290
02/03/06 10:55,0.249
02/03/06 11:00,0.300
02/03/06 11:05,0.312
02/03/06 11:10,0.295
02/03/06 11:15,0.283
02/03/06 11:20,0.268
02/03/06 11:25,0.298
02/03/06 11:30,0.351
02/03/06 11:35,0.387
02/03/06 11:40,0.408
02/03/06 11:45,0.407
02/03/06 11:50,0.393
02/03/06 11:55,0.317
02/03/06 12:00,0.275
02/03/06 12:05,0.262
02/03/06 12:10,0.269
02/03/06 12:15,0.277
02/03/06 12:20,0.290
02/03/06 12:25,0.307
02/03/06 12:30,0.333
02/03/06 12:35,0.354
02/03/06 12:40,0.370
02/03/06 12:45,0.384
02/03/06 12:50,0.401
02/03/06 12:55,0.416
02/03/06 13:00,0.423
02/03/06 13:05,0.409
02/03/06 13:10,0.408
02/03/06 13:15,0.417
02/03/06 13:20,0.365
02/03/06 13:25,0.277
02/03/06 13:30,0.214
02/03/06 13:35,0.175
02/03/06 13:40,0.148
02/03/06 13:45,0.105
02/03/06 13:50,0.096
02/03/06 13:55,0.142
02/03/06 14:00,0.223
02/03/06 14:05,0.277
02/03/06 14:10,0.307
02/03/06 14:15,0.323
02/03/06 14:20,0.330
02/03/06 14:25,0.334
02/03/06 14:30,0.328
02/03/06 14:35,0.317
02/03/06 14:40,0.310
02/03/06 14:45,0.299
02/03/06 14:50,0.285
02/03/06 14:55,0.238
02/03/06 15:00,0.234
02/03/06 15:05,0.233
02/03/06 15:10,0.229
02/03/06 15:15,0.219
02/03/06 15:20,0.204
02/03/06 15:25,0.188
02/03/06 15:30,0.172
02/03/06 15:35,0.154
02/03/06 15:40,0.135
02/03/06 15:45,0.118
02/03/06 15:50,0.102
02/03/06 15:55,0.086
02/03/06 16:00,0.057
02/03/06 16:05,0.017
02/03/06 16:10,0.003
02/03/06 16:15,0.000
02/03/06 16:20,0.000
02/03/06 16:25,0.000
02/03/06 16:30,0.000
02/03/06 16:35,0.000
02/03/06 16:40,0.000
02/03/06 16:45,0.000
02/03/06 16:50,0.000
02/03/06 16:55,0.000
02/03/06 17:00,0.000
02/03/06 17:05,0.000
02/03/06 17:10,0.000
02/03/06 17:15,0.000
02/03/06 17:20,0.000
02/03/06 17:25,0.000
02/03/06 17:30,0.000
02/03/06 17:35,0.000
02/03/06 17:40,0.000
02/03/06 17:45,0.000
02/03/06 17:50,0.000
02/03/06 17:55,0.000
02/03/06 18:00,0.000
02/03/06 18:05,0.000
02/03/06 18:10,0.000
02/03/06 18:15,0.000
02/03/06 18:20,0.000
02/03/06 18:25,0.000
02/03/06 18:30,0.000
02/03/06 18:35,0.000
02/03/06 18:40,0.000
02/03/06 18:45,0.000
02/03/06 18:50,0.000
02/03/06 18:55,0.000
02/03/06 19:00,0.000
02/03/06 19:05,0.000
02/03/06 19:10,0.000
02/03/06 19:15,0.000
02/03/06 19:20,0.000
02/03/06 19:25,0.000
02/03/06 19:30,0.000
02/03/06 19:35,0.000
02/03/06 19:40,0.000
02/03/06 19:45,0.000
02/03/06 19:50,0.000
02/03/06 19:55,0.000
02/03/06 20:00,0.000
02/03/06 20:05,0.000
02/03/06 20:10,0.000
02/03/06 20:15,0.000
02/03/06 20:20,0.000
02/03/06 20:25,0.000
02/03/06 20:30,0.000
02/03/06 20:35,0.000
02/03/06 20:40,0.000
02/03/06 20:45,0.000
02/03/06 20:50,0.000
02/03/06 20:55,0.000
02/03/06 21:00,0.000
02/03/06 21:05,0.000
02/03/06 21:10,0.000
02/03/06 21:15,0.000
02/03/06 21:20,0.000
02/03/06 21:25,0.000
02/03/06 21:30,0.000
02/03/06 21:35,0.000
02/03/06 21:40,0.000
02/03/06 21:45,0.000
02/03/06 21:50,0.000
02/03/06 21:55,0.000
02/03/06 22:00,0.000
02/03/06 22:05,0.000
02/03/06 22:10,0.000
02/03/06 22:15,0.000
02/03/06 22:20,0.000
02/03/06 22:25,0.000
02/03/06 22:30,0.000
02/03/06 22:35,0.000
02/03/06 22:40,0.000
02/03/06 22:45,0.000
02/03/06 22:50,0.000
02/03/06 22:55,0.000
02/03/06 23:00,0.000
02/03/06 23:05,0.000
02/03/06 23:10,0.000
02/03/06 23:15,0.000
02/03/06 23:20,0.000
02/03/06 23:25,0.000
02/03/06 23:30,0.000
02/03/06 23:35,0.000
02/03/06 23:40,0.000
02/03/06 23:45,0.000
02/03/06 23:50,0.000
02/03/06 23:55,0.000
02/04/06 00:00,0.000
02/04/06 00:05,0.000
02/04/06 00:10,0.000
02/04/06 00:15,0.000
02/04/06 00:20,0.000
02/04/06 00:25,0.000
02/04/06 00:30,0.000
02/04/06 00:35,0.000
02/04/06 00:40,0.000
02/04/06 00:45,0.000
02/04/06 00:50,0.000
02/04/06 00:55,0.000
02/04/06 01:00,0.000
02/04/06 01:05,0.000
02/04/06 01:10,0.000
02/04/06 01:15,0.000
02/04/06 01:20,0.000
02/04/06 01:25,0.000
02/04/06 01:30,0.000
02/04/06 01:35,0.000
02/04/06 01:40,0.000
02/04/06 01:45,0.000
02/04/06 01:50,0.000
02/04/06 01:55,0.000
02/04/06 02:00,0.000
02/04/06 02:05,0.000
02/04/06 02:10,0.000
02/04/06 02:15,0.000
02/04/06 02:20,0.000
02/04/06 02:25,0.000
02/04/06 02:30,0.000
02/04/06 02:35,0.000
02/04/06 02:40,0.000
02/04/06 02:45,0.000
02/04/06 02:50,0.000
02/04/06 02:55,0.000
02/04/06 03:00,0.000
02/04/06 03:05,0.000
02/04/06 03:10,0.000
02/04/06 03:15,0.000
02/04/06 03:20,0.000
02/04/06 03:25,0.000
02/04/06 03:30,0.000
02/04/06 03:35,0.000
02/04/06 03:40,0.000
02/04/06 03:45,0.000
02/04/06 03:50,0.000
02/04/06 03:55,0.000
02/04/06 04:00,0.000
02/04/06 04:05,0.000
02/04/06 04:10,0.000
02/04/06 04:15,0.000
02/04/06 04:20,0.000
02/04/06 04:25,0.000
02/04/06 04:30,0.000
02/04/06 04:35,0.000
02/04/06 04:40,0.000
02/04/06 04:45,0.000
02/04/06 04:50,0.000
02/04/06 04:55,0.000
02/04/06 05:00,0.000
02/04/06 05:05,0.000
02/04/06 05:10,0.000
02/04/06 05:15,0.000
02/04/06 05:20,0.000
02/04/06 05:25,0.000
02/04/06 05:30,0.000
02/04/06 05:35,0.000
02/04/06 05:40,0.000
02/04/06 05:45,0.000
02/04/06 05:50,0.000
02/04/06 05:55,0.000
02/04/06 06:00,0.000
02/04/06 06:05,0.000
02/04/06 06:10,0.000
02/04/06 06:15,0.000
02/04/06 06:20,0.000
02/04/06 06:25,0.000
02/04/06 06:30,0.000
02/04/06 06:35,0.000
02/04/06 06:40,0.000
02/04/06 06:45,0.000
02/04/06 06:50,0.000
02/04/06 06:55,0.000
02/04/06 07:00,0.000
02/04/06 07:05,0.000
02/04/06 07:10,0.000
02/04/06 07:15,0.000
02/04/06 07:20,0.000
02/04/06 07:25,0.000
02/04/06 07:30,0.000
02/04/06 07:35,0.000
02/04/06 07:40,0.000
02/04/06 07:45,0.000
02/04/06 07:50,0.000
02/04/06 07:55,0.001
02/04/06 08:00,0.011
02/04/06 08:05,0.044
02/04/06 08:10,0.087
02/04/06 08:15,0.103
02/04/06 08:20,0.119
02/04/06 08:25,0.133
02/04/06 08:30,0.147
02/04/06 08:35,0.159
02/04/06 08:40,0.171
02/04/06 08:45,0.182
02/04/06 08:50,0.193
02/04/06 08:55,0.206
02/04/06 09:00,0.225
02/04/06 09:05,0.244
02/04/06 09:10,0.259
02/04/06 09:15,0.274
02/04/06 09:20,0.287
02/04/06 09:25,0.299
02/04/06 09:30,0.311
02/04/06 09:35,0.326
02/04/06 09:40,0.341
02/04/06 09:45,0.356
02/04/06 09:50,0.370
02/04/06 09:55,0.381
02/04/06 10:00,0.381
02/04/06 10:05,0.370
02/04/06 10:10,0.356
02/04/06 10:15,0.306
02/04/06 10:20,0.263
02/04/06 10:25,0.239
02/04/06 10:30,0.271
02/04/06 10:35,0.254
02/04/06 10:40,0.248
02/04/06 10:45,0.274
02/04/06 10:50,0.298
02/04/06 10:55,0.329
02/04/06 11:00,0.341
02/04/06 11:05,0.331
02/04/06 11:10,0.371
02/04/06 11:15,0.387
02/04/06 11:20,0.373
02/04/06 11:25,0.351
02/04/06 11:30,0.307
02/04/06 11:35,0.300
02/04/06 11:40,0.340
02/04/06 11:45,0.346
02/04/06 11:50,0.271
02/04/06 11:55,0.294
02/04/06 12:00,0.344
02/04/06 12:05,0.263
02/04/06 12:10,0.190
02/04/06 12:15,0.171
02/04/06 12:20,0.151
02/04/06 12:25,0.134
02/04/06 12:30,0.157
02/04/06 12:35,0.144
02/04/06 12:40,0.129
02/04/06 12:45,0.121
02/04/06 12:50,0.111
02/04/06 12:55,0.111
02/04/06 13:00,0.132
02/04/06 13:05,0.153
02/04/06 13:10,0.111
02/04/06 13:15,0.064
02/04/06 13:20,0.059
02/04/06 13:25,0.054
02/04/06 13:30,0.078
02/04/06 13:35,0.058
02/04/06 13:40,0.050
02/04/06 13:45,0.052
02/04/06 13:50,0.038
02/04/06 13:55,0.029
02/04/06 14:00,0.021
02/04/06 14:05,0.017
02/04/06 14:10,0.015
02/04/06 14:15,0.014
02/04/06 14:20,0.015
02/04/06 14:25,0.017
02/04/06 14:30,0.019
02/04/06 14:35,0.022
02/04/06 14:40,0.025
02/04/06 14:45,0.027
02/04/06 14:50,0.027
02/04/06 14:55,0.027
02/04/06 15:00,0.026
02/04/06 15:05,0.046
02/04/06 15:10,0.063
02/04/06 15:15,0.090
02/04/06 15:20,0.104
02/04/06 15:25,0.120
02/04/06 15:30,0.133
02/04/06 15:35,0.112
02/04/06 15:40,0.080
02/04/06 15:45,0.026
02/04/06 15:50,0.016
02/04/06 15:55,0.009
02/04/06 16:00,0.001
02/04/06 16:05,0.000
02/04/06 16:10,0.000
02/04/06 16:15,0.000
02/04/06 16:20,0.000
02/04/06 16:25,0.000
02/04/06 16:30,0.000
02/04/06 16:35,0.000
02/04/06 16:40,0.000
02/04/06 16:45,0.000
02/04/06 16:50,0.000
02/04/06 16:55,0.000
02/04/06 17:00,0.000
02/04/06 17:05,0.000
02/04/06 17:10,0.000
02/04/06 17:15,0.000
02/04/06 17:20,0.000
02/04/06 17:25,0.000
02/04/06 17:30,0.000
02/04/06 17:35,0.000
02/04/06 17:40,0.000
02/04/06 17:45,0.000
02/04/06 17:50,0.000
02/04/06 17:55,0.000
02/04/06 18:00,0.000
02/04/06 18:05,0.000
02/04/06 18:10,0.000
02/04/06 18:15,0.000
02/04/06 18:20,0.000
02/04/06 18:25,0.000
02/04/06 18:30,0.000
02/04/06 18:35,0.000
02/04/06 18:40,0.000
02/04/06 18:45,0.000
02/04/06 18:50,0.000
02/04/06 18:55,0.000
02/04/06 19:00,0.000
02/04/06 19:05,0.000
02/04/06 19:10,0.000
02/04/06 19:15,0.000
02/04/06 19:20,0.000
02/04/06 19:25,0.000
02/04/06 19:30,0.000
02/04/06 19:35,0.000
02/04/06 19:40,0.000
02/04/06 19:45,0.000
02/04/06 19:50,0.000
02/04/06 19:55,0.000
02/04/06 20:00,0.000
02/04/06 20:05,0.000
02/04/06 20:10,0.000
02/04/06 20:15,0.000
02/04/06 20:20,0.000
02/04/06 20:25,0.000
02/04/06 20:30,0.000
02/04/06 20:35,0.000
02/04/06 20:40,0.000
02/04/06 20:45,0.000
02/04/06 20:50,0.000
02/04/06 20:55,0.000
02/04/06 21:00,0.000
02/04/06 21:05,0.000
02/04/06 21:10,0.000
02/04/06 21:15,0.000
02/04/06 21:20,0.000
02/04/06 21:25,0.000
02/04/06 21:30,0.000
02/04/06 21:35,0.000
02/04/06 21:40,0.000
02/04/06 21:45,0.000
02/04/06 21:50,0.000
02/04/06 21:55,0.000
02/04/06 22:00,0.000
02/04/06 22:05,0.000
02/04/06 22:10,0.000
02/04/06 22:15,0.000
02/04/06 22:20,0.000
02/04/06 22:25,0.000
02/04/06 22:30,0.000
02/04/06 22:35,0.000
02/04/06 22:40,0.000
02/04/06 22:45,0.000
02/04/06 22:50,0.000
02/04/06 22:55,0.000
02/04/06 23:00,0.000
02/04/06 23:05,0.000
02/04/06 23:10,0.000
02/04/06 23:15,0.000
02/04/06 23:20,0.000
02/04/06 23:25,0.000
02/04/06 23:30,0.000
02/04/06 23:35,0.000
02/04/06 23:40,0.000
02/04/06 23:45,0.000
02/04/06 23:50,0.000
02/04/06 23:55,0.000
02/05/06 00:00,0.000
02/05/06 00:05,0.000
02/05/06 00:10,0.000
02/05/06 00:15,0.000
02/05/06 00:20,0.000
02/05/06 00:25,0.000
02/05/06 00:30,0.000
02/05/06 00:35,0.000
02/05/06 00:40,0.000
02/05/06 00:45,0.000
02/05/06 00:50,0.000
02/05/06 00:55,0.000
02/05/06 01:00,0.000
02/05/06 01:05,0.000
02/05/06 01:10,0.000
02/05/06 01:15,0.000
02/05/06 01:20,0.000
02/05/06 01:25,0.000
02/05/06 01:30,0.000
02/05/06 01:35,0.000
02/05/06 01:40,0.000
02/05/06 01:45,0.000
02/05/06 01:50,0.000
02/05/06 01:55,0.000
02/05/06 02:00,0.000
02/05/06 02:05,0.000
02/05/06 02:10,0.000
02/05/06 02:15,0.000
02/05/06 02:20,0.000
02/05/06 02:25,0.000
02/05/06 02:30,0.000
02/05/06 02:35,0.000
02/05/06 02:40,0.000
02/05/06 02:45,0.000
02/05/06 02:50,0.000
02/05/06 02:55,0.000
02/05/06 03:00,0.000
02/05/06 03:05,0.000
02/05/06 03:10,0.000
02/05/06 03:15,0.000
02/05/06 03:20,0.000
02/05/06 03:25,0.000
02/05/06 03:30,0.000
02/05/06 03:35,0.000
02/05/06 03:40,0.000
02/05/06 03:45,0.000
02/05/06 03:50,0.000
02/05/06 03:55,0.000
02/05/06 04:00,0.000
02/05/06 04:05,0.000
02/05/06 04:10,0.000
02/05/06 04:15,0.000
02/05/06 04:20,0.000
02/05/06 04:25,0.000
02/05/06 04:30,0.000
02/05/06 04:35,0.000
02/05/06 04:40,0.000
02/05/06 04:45,0.000
02/05/06 04:50,0.000
02/05/06 04:55,0.000
02/05/06 05:00,0.000
02/05/06 05:05,0.000
02/05/06 05:10,0.000
02/05/06 05:15,0.000
02/05/06 05:20,0.000
02/05/06 05:25,0.000
02/05/06 05:30,0.000
02/05/06 05:35,0.000
02/05/06 05:40,0.000
02/05/06 05:45,0.000
02/05/06 05:50,0.000
02/05/06 05:55,0.000
02/05/06 06:00,0.000
02/05/06 06:05,0.000
02/05/06 06:10,0.000
02/05/06 06:15,0.000
02/05/06 06:20,0.000
02/05/06 06:25,0.000
02/05/06 06:30,0.000
02/05/06 06:35,0.000
02/05/06 06:40,0.000
02/05/06 06:45,0.000
02/05/06 06:50,0.000
02/05/06 06:55,0.000
02/05/06 07:00,0.000
02/05/06 07:05,0.000
02/05/06 07:10,0.000
02/05/06 07:15,0.000
02/05/06 07:20,0.000
02/05/06 07:25,0.000
02/05/06 07:30,0.000
02/05/06 07:35,0.000
02/05/06 07:40,0.000
02/05/06 07:45,0.001
02/05/06 07:50,0.008
02/05/06 07:55,0.028
02/05/06 08:00,0.080
02/05/06 08:05,0.101
02/05/06 08:10,0.120
02/05/06 08:15,0.137
02/05/06 08:20,0.155
02/05/06 08:25,0.173
02/05/06 08:30,0.190
02/05/06 08:35,0.207
02/05/06 08:40,0.224
02/05/06 08:45,0.241
02/05/06 08:50,0.259
02/05/06 08:55,0.276
02/05/06 09:00,0.289
02/05/06 09:05,0.300
02/05/06 09:10,0.310
02/05/06 09:15,0.318
02/05/06 09:20,0.328
02/05/06 09:25,0.336
02/05/06 09:30,0.343
02/05/06 09:35,0.351
02/05/06 09:40,0.360
02/05/06 09:45,0.367
02/05/06 09:50,0.370
02/05/06 09:55,0.374
02/05/06 10:00,0.379
02/05/06 10:05,0.357
02/05/06 10:10,0.360
02/05/06 10:15,0.370
02/05/06 10:20,0.373
02/05/06 10:25,0.350
02/05/06 10:30,0.352
02/05/06 10:35,0.380
02/05/06 10:40,0.397
02/05/06 10:45,0.406
02/05/06 10:50,0.369
02/05/06 10:55,0.383
02/05/06 11:00,0.386
02/05/06 11:05,0.383
02/05/06 11:10,0.389
02/05/06 11:15,0.330
02/05/06 11:20,0.276
02/05/06 11:25,0.283
02/05/06 11:30,0.324
02/05/06 11:35,0.339
02/05/06 11:40,0.335
02/05/06 11:45,0.347
02/05/06 11:50,0.338
02/05/06 11:55,0.332
02/05/06 12:00,0.335
02/05/06 12:05,0.277
02/05/06 12:10,0.243
02/05/06 12:15,0.244
02/05/06 12:20,0.274
02/05/06 12:25,0.249
02/05/06 12:30,0.288
02/05/06 12:35,0.288
02/05/06 12:40,0.302
02/05/06 12:45,0.332
02/05/06 12:50,0.327
02/05/06 12:55,0.263
02/05/06 13:00,0.321
02/05/06 13:05,0.361
02/05/06 13:10,0.384
02/05/06 13:15,0.399
02/05/06 13:20,0.415
02/05/06 13:25,0.430
02/05/06 13:30,0.438
02/05/06 13:35,0.439
02/05/06 13:40,0.436
02/05/06 13:45,0.427
02/05/06 13:50,0.418
02/05/06 13:55,0.407
02/05/06 14:00,0.394
02/05/06 14:05,0.381
02/05/06 14:10,0.360
02/05/06 14:15,0.337
02/05/06 14:20,0.313
02/05/06 14:25,0.291
02/05/06 14:30,0.267
02/05/06 14:35,0.240
02/05/06 14:40,0.212
02/05/06 14:45,0.184
02/05/06 14:50,0.158
02/05/06 14:55,0.134
02/05/06 15:00,0.109
02/05/06 15:05,0.095
02/05/06 15:10,0.083
02/05/06 15:15,0.058
02/05/06 15:20,0.028
02/05/06 15:25,0.018
02/05/06 15:30,0.008
02/05/06 15:35,0.004
02/05/06 15:40,0.001
02/05/06 15:45,0.000
02/05/06 15:50,0.000
02/05/06 15:55,0.000
02/05/06 16:00,0.000
02/05/06 16:05,0.000
02/05/06 16:10,0.000
02/05/06 16:15,0.000
02/05/06 16:20,0.000
02/05/06 16:25,0.000
02/05/06 16:30,0.000
02/05/06 16:35,0.000
02/05/06 16:40,0.000
02/05/06 16:45,0.000
02/05/06 16:50,0.000
02/05/06 16:55,0.000
02/05/06 17:00,0.000
02/05/06 17:05,0.000
02/05/06 17:10,0.000
02/05/06 17:15,0.000
02/05/06 17:20,0.000
02/05/06 17:25,0.000
02/05/06 17:30,0.000
02/05/06 17:35,0.000
02/05/06 17:40,0.000
02/05/06 17:45,0.000
02/05/06 17:50,0.000
02/05/06 17:55,0.000
02/05/06 18:00,0.000
02/05/06 18:05,0.000
02/05/06 18:10,0.000
02/05/06 18:15,0.000
02/05/06 18:20,0.000
02/05/06 18:25,0.000
02/05/06 18:30,0.000
02/05/06 18:35,0.000
02/05/06 18:40,0.000
02/05/06 18:45,0.000
02/05/06 18:50,0.000
02/05/06 18:55,0.000
02/05/06 19:00,0.000
02/05/06 19:05,0.000
02/05/06 19:10,0.000
02/05/06 19:15,0.000
02/05/06 19:20,0.000
02/05/06 19:25,0.000
02/05/06 19:30,0.000
02/05/06 19:35,0.000
02/05/06 19:40,0.000
02/05/06 19:45,0.000
02/05/06 19:50,0.000
02/05/06 19:55,0.000
02/05/06 20:00,0.000
02/05/06 20:05,0.000
02/05/06 20:10,0.000
02/05/06 20:15,0.000
02/05/06 20:20,0.000
02/05/06 20:25,0.000
02/05/06 20:30,0.000
02/05/06 20:35,0.000
02/05/06 20:40,0.000
02/05/06 20:45,0.000
02/05/06 20:50,0.000
02/05/06 20:55,0.000
02/05/06 21:00,0.000
02/05/06 21:05,0.000
02/05/06 21:10,0.000
02/05/06 21:15,0.000
02/05/06 21:20,0.000
02/05/06 21:25,0.000
02/05/06 21:30,0.000
02/05/06 21:35,0.000
02/05/06 21:40,0.000
02/05/06 21:45,0.000
02/05/06 21:50,0.000
02/05/06 21:55,0.000
02/05/06 22:00,0.000
02/05/06 22:05,0.000
02/05/06 22:10,0.000
02/05/06 22:15,0.000
02/05/06 22:20,0.000
02/05/06 22:25,0.000
02/05/06 22:30,0.000
02/05/06 22:35,0.000
02/05/06 22:40,0.000
02/05/06 22:45,0.000
02/05/06 22:50,0.000
02/05/06 22:55,0.000
02/05/06 23:00,0.000
02/05/06 23:05,0.000
02/05/06 23:10,0.000
02/05/06 23:15,0.000
02/05/06 23:20,0.000
02/05/06 23:25,0.000
02/05/06 23:30,0.000
02/05/06 23:35,0.000
02/05/06 23:40,0.000
02/05/06 23:45,0.000
02/05/06 23:50,0.000
02/05/06 23:55,0.000
02/06/06 00:00,0.000
02/06/06 00:05,0.000
02/06/06 00:10,0.000
02/06/06 00:15,0.000
02/06/06 00:20,0.000
02/06/06 00:25,0.000
02/06/06 00:30,0.000
02/06/06 00:35,0.000
02/06/06 00:40,0.000
02/06/06 00:45,0.000
02/06/06 00:50,0.000
02/06/06 00:55,0.000
02/06/06 01:00,0.000
02/06/06 01:05,0.000
02/06/06 01:10,0.000
02/06/06 01:15,0.000
02/06/06 01:20,0.000
02/06/06 01:25,0.000
02/06/06 01:30,0.000
02/06/06 01:35,0.000
02/06/06 01:40,0.000
02/06/06 01:45,0.000
02/06/06 01:50,0.000
02/06/06 01:55,0.000
02/06/06 02:00,0.000
02/06/06 02:05,0.000
02/06/06 02:10,0.000
02/06/06 02:15,0.000
02/06/06 02:20,0.000
02/06/06 02:25,0.000
02/06/06 02:30,0.000
02/06/06 02:35,0.000
02/06/06 02:40,0.000
02/06/06 02:45,0.000
02/06/06 02:50,0.000
02/06/06 02:55,0.000
02/06/06 03:00,0.000
02/06/06 03:05,0.000
02/06/06 03:10,0.000
02/06/06 03:15,0.000
02/06/06 03:20,0.000
02/06/06 03:25,0.000
02/06/06 03:30,0.000
02/06/06 03:35,0.000
02/06/06 03:40,0.000
02/06/06 03:45,0.000
02/06/06 03:50,0.000
02/06/06 03:55,0.000
02/06/06 04:00,0.000
02/06/06 04:05,0.000
02/06/06 04:10,0.000
02/06/06 04:15,0.000
02/06/06 04:20,0.000
02/06/06 04:25,0.000
02/06/06 04:30,0.000
02/06/06 04:35,0.000
02/06/06 04:40,0.000
02/06/06 04:45,0.000
02/06/06 04:50,0.000
02/06/06 04:55,0.000
02/06/06 05:00,0.000
02/06/06 05:05,0.000
02/06/06 05:10,0.000
02/06/06 05:15,0.000
02/06/06 05:20,0.000
02/06/06 05:25,0.000
02/06/06 05:30,0.000
02/06/06 05:35,0.000
02/06/06 05:40,0.000
02/06/06 05:45,0.000
02/06/06 05:50,0.000
02/06/06 05:55,0.000
02/06/06 06:00,0.000
02/06/06 06:05,0.000
02/06/06 06:10,0.000
02/06/06 06:15,0.000
02/06/06 06:20,0.000
02/06/06 06:25,0.000
02/06/06 06:30,0.000
02/06/06 06:35,0.000
02/06/06 06:40,0.000
02/06/06 06:45,0.000
02/06/06 06:50,0.000
02/06/06 06:55,0.000
02/06/06 07:00,0.000
02/06/06 07:05,0.000
02/06/06 07:10,0.000
02/06/06 07:15,0.000
02/06/06 07:20,0.000
02/06/06 07:25,0.000
02/06/06 07:30,0.000
02/06/06 07:35,0.000
02/06/06 07:40,0.000
02/06/06 07:45,0.000
02/06/06 07:50,0.001
02/06/06 07:55,0.008
02/06/06 08:00,0.034
02/06/06 08:05,0.084
02/06/06 08:10,0.105
02/06/06 08:15,0.122
02/06/06 08:20,0.139
02/06/06 08:25,0.156
02/06/06 08:30,0.173
02/06/06 08:35,0.191
02/06/06 08:40,0.209
02/06/06 08:45,0.226
02/06/06 08:50,0.243
02/06/06 08:55,0.261
02/06/06 09:00,0.272
02/06/06 09:05,0.280
02/06/06 09:10,0.256
02/06/06 09:15,0.239
02/06/06 09:20,0.234
02/06/06 09:25,0.199
02/06/06 09:30,0.178
02/06/06 09:35,0.166
02/06/06 09:40,0.162
02/06/06 09:45,0.175
02/06/06 09:50,0.182
02/06/06 09:55,0.188
02/06/06 10:00,0.186
02/06/06 10:05,0.190
02/06/06 10:10,0.197
02/06/06 10:15,0.204
02/06/06 10:20,0.210
02/06/06 10:25,0.214
02/06/06 10:30,0.224
02/06/06 10:35,0.235
02/06/06 10:40,0.243
02/06/06 10:45,0.251
02/06/06 10:50,0.258
02/06/06 10:55,0.275
02/06/06 11:00,0.285
02/06/06 11:05,0.315
02/06/06 11:10,0.331
02/06/06 11:15,0.298
02/06/06 11:20,0.272
02/06/06 11:25,0.301
02/06/06 11:30,0.296
02/06/06 11:35,0.287
02/06/06 11:40,0.293
02/06/06 11:45,0.267
02/06/06 11:50,0.224
02/06/06 11:55,0.243
02/06/06 12:00,0.252
02/06/06 12:05,0.233
02/06/06 12:10,0.251
02/06/06 12:15,0.230
02/06/06 12:20,0.218
02/06/06 12:25,0.206
02/06/06 12:30,0.242
02/06/06 12:35,0.279
02/06/06 12:40,0.283
02/06/06 12:45,0.228
02/06/06 12:50,0.207
02/06/06 12:55,0.205
02/06/06 13:00,0.241
02/06/06 13:05,0.268
02/06/06 13:10,0.291
02/06/06 13:15,0.313
02/06/06 13:20,0.329
02/06/06 13:25,0.343
02/06/06 13:30,0.355
02/06/06 13:35,0.366
02/06/06 13:40,0.375
02/06/06 13:45,0.383
02/06/06 13:50,0.391
02/06/06 13:55,0.394
02/06/06 14:00,0.394
02/06/06 14:05,0.389
02/06/06 14:10,0.382
02/06/06 14:15,0.374
02/06/06 14:20,0.366
02/06/06 14:25,0.356
02/06/06 14:30,0.347
02/06/06 14:35,0.338
02/06/06 14:40,0.328
02/06/06 14:45,0.318
02/06/06 14:50,0.305
02/06/06 14:55,0.292
02/06/06 15:00,0.277
02/06/06 15:05,0.261
02/06/06 15:10,0.245
02/06/06 15:15,0.231
02/06/06 15:20,0.216
02/06/06 15:25,0.201
02/06/06 15:30,0.186
02/06/06 15:35,0.170
02/06/06 15:40,0.154
02/06/06 15:45,0.138
02/06/06 15:50,0.123
02/06/06 15:55,0.107
02/06/06 16:00,0.094
02/06/06 16:05,0.082
02/06/06 16:10,0.053
02/06/06 16:15,0.026
02/06/06 16:20,0.010
02/06/06 16:25,0.003
02/06/06 16:30,0.000
02/06/06 16:35,0.000
02/06/06 16:40,0.000
02/06/06 16:45,0.000
02/06/06 16:50,0.000
02/06/06 16:55,0.000
02/06/06 17:00,0.000
02/06/06 17:05,0.000
02/06/06 17:10,0.000
02/06/06 17:15,0.000
02/06/06 17:20,0.000
02/06/06 17:25,0.000
02/06/06 17:30,0.000
02/06/06 17:35,0.000
02/06/06 17:40,0.000
02/06/06 17:45,0.000
02/06/06 17:50,0.000
02/06/06 17:55,0.000
02/06/06 18:00,0.000
02/06/06 18:05,0.000
02/06/06 18:10,0.000
02/06/06 18:15,0.000
02/06/06 18:20,0.000
02/06/06 18:25,0.000
02/06/06 18:30,0.000
02/06/06 18:35,0.000
02/06/06 18:40,0.000
02/06/06 18:45,0.000
02/06/06 18:50,0.000
02/06/06 18:55,0.000
02/06/06 19:00,0.000
02/06/06 19:05,0.000
02/06/06 19:10,0.000
02/06/06 19:15,0.000
02/06/06 19:20,0.000
02/06/06 19:25,0.000
02/06/06 19:30,0.000
02/06/06 19:35,0.000
02/06/06 19:40,0.000
02/06/06 19:45,0.000
02/06/06 19:50,0.000
02/06/06 19:55,0.000
02/06/06 20:00,0.000
02/06/06 20:05,0.000
02/06/06 20:10,0.000
02/06/06 20:15,0.000
02/06/06 20:20,0.000
02/06/06 20:25,0.000
02/06/06 20:30,0.000
02/06/06 20:35,0.000
02/06/06 20:40,0.000
02/06/06 20:45,0.000
02/06/06 20:50,0.000
02/06/06 20:55,0.000
02/06/06 21:00,0.000
02/06/06 21:05,0.000
02/06/06 21:10,0.000
02/06/06 21:15,0.000
02/06/06 21:20,0.000
02/06/06 21:25,0.000
02/06/06 21:30,0.000
02/06/06 21:35,0.000
02/06/06 21:40,0.000
02/06/06 21:45,0.000
02/06/06 21:50,0.000
02/06/06 21:55,0.000
02/06/06 22:00,0.000
02/06/06 22:05,0.000
02/06/06 22:10,0.000
02/06/06 22:15,0.000
02/06/06 22:20,0.000
02/06/06 22:25,0.000
02/06/06 22:30,0.000
02/06/06 22:35,0.000
02/06/06 22:40,0.000
02/06/06 22:45,0.000
02/06/06 22:50,0.000
02/06/06 22:55,0.000
02/06/06 23:00,0.000
02/06/06 23:05,0.000
02/06/06 23:10,0.000
02/06/06 23:15,0.000
02/06/06 23:20,0.000
02/06/06 23:25,0.000
02/06/06 23:30,0.000
02/06/06 23:35,0.000
02/06/06 23:40,0.000
02/06/06 23:45,0.000
02/06/06 23:50,0.000
02/06/06 23:55,0.000
02/07/06 00:00,0.000
02/07/06 00:05,0.000
02/07/06 00:10,0.000
02/07/06 00:15,0.000
02/07/06 00:20,0.000
02/07/06 00:25,0.000
02/07/06 00:30,0.000
02/07/06 00:35,0.000
02/07/06 00:40,0.000
02/07/06 00:45,0.000
02/07/06 00:50,0.000
02/07/06 00:55,0.000
02/07/06 01:00,0.000
02/07/06 01:05,0.000
02/07/06 01:10,0.000
02/07/06 01:15,0.000
02/07/06 01:20,0.000
02/07/06 01:25,0.000
02/07/06 01:30,0.000
02/07/06 01:35,0.000
02/07/06 01:40,0.000
02/07/06 01:45,0.000
02/07/06 01:50,0.000
02/07/06 01:55,0.000
02/07/06 02:00,0.000
02/07/06 02:05,0.000
02/07/06 02:10,0.000
02/07/06 02:15,0.000
02/07/06 02:20,0.000
02/07/06 02:25,0.000
02/07/06 02:30,0.000
02/07/06 02:35,0.000
02/07/06 02:40,0.000
02/07/06 02:45,0.000
02/07/06 02:50,0.000
02/07/06 02:55,0.000
02/07/06 03:00,0.000
02/07/06 03:05,0.000
02/07/06 03:10,0.000
02/07/06 03:15,0.000
02/07/06 03:20,0.000
02/07/06 03:25,0.000
02/07/06 03:30,0.000
02/07/06 03:35,0.000
02/07/06 03:40,0.000
02/07/06 03:45,0.000
02/07/06 03:50,0.000
02/07/06 03:55,0.000
02/07/06 04:00,0.000
02/07/06 04:05,0.000
02/07/06 04:10,0.000
02/07/06 04:15,0.000
02/07/06 04:20,0.000
02/07/06 04:25,0.000
02/07/06 04:30,0.000
02/07/06 04:35,0.000
02/07/06 04:40,0.000
02/07/06 04:45,0.000
02/07/06 04:50,0.000
02/07/06 04:55,0.000
02/07/06 05:00,0.000
02/07/06 05:05,0.000
02/07/06 05:10,0.000
02/07/06 05:15,0.000
02/07/06 05:20,0.000
02/07/06 05:25,0.000
02/07/06 05:30,0.000
02/07/06 05:35,0.000
02/07/06 05:40,0.000
02/07/06 05:45,0.000
02/07/06 05:50,0.000
02/07/06 05:55,0.000
02/07/06 06:00,0.000
02/07/06 06:05,0.000
02/07/06 06:10,0.000
02/07/06 06:15,0.000
02/07/06 06:20,0.000
02/07/06 06:25,0.000
02/07/06 06:30,0.000
02/07/06 06:35,0.000
02/07/06 06:40,0.000
02/07/06 06:45,0.000
02/07/06 06:50,0.000
02/07/06 06:55,0.000
02/07/06 07:00,0.000
02/07/06 07:05,0.000
02/07/06 07:10,0.000
02/07/06 07:15,0.000
02/07/06 07:20,0.000
02/07/06 07:25,0.000
02/07/06 07:30,0.000
02/07/06 07:35,0.000
02/07/06 07:40,0.000
02/07/06 07:45,0.000
02/07/06 07:50,0.000
02/07/06 07:55,0.000
02/07/06 08:00,0.000
02/07/06 08:05,0.001
02/07/06 08:10,0.002
02/07/06 08:15,0.004
02/07/06 08:20,0.007
02/07/06 08:25,0.015
02/07/06 08:30,0.023
02/07/06 08:35,0.035
02/07/06 08:40,0.049
02/07/06 08:45,0.065
02/07/06 08:50,0.078
02/07/06 08:55,0.084
02/07/06 09:00,0.092
02/07/06 09:05,0.109
02/07/06 09:10,0.130
02/07/06 09:15,0.149
02/07/06 09:20,0.175
02/07/06 09:25,0.197
02/07/06 09:30,0.224
02/07/06 09:35,0.249
02/07/06 09:40,0.275
02/07/06 09:45,0.302
02/07/06 09:50,0.329
02/07/06 09:55,0.358
02/07/06 10:00,0.376
02/07/06 10:05,0.392
02/07/06 10:10,0.404
02/07/06 10:15,0.417
02/07/06 10:20,0.424
02/07/06 10:25,0.427
02/07/06 10:30,0.433
02/07/06 10:35,0.440
02/07/06 10:40,0.446
02/07/06 10:45,0.451
02/07/06 10:50,0.454
02/07/06 10:55,0.457
02/07/06 11:00,0.461
02/07/06 11:05,0.466
02/07/06 11:10,0.470
02/07/06 11:15,0.474
02/07/06 11:20,0.477
02/07/06 11:25,0.480
02/07/06 11:30,0.482
02/07/06 11:35,0.485
02/07/06 11:40,0.488
02/07/06 11:45,0.490
02/07/06 11:50,0.492
02/07/06 11:55,0.493
02/07/06 12:00,0.494
02/07/06 12:05,0.493
02/07/06 12:10,0.491
02/07/06 12:15,0.490
02/07/06 12:20,0.493
02/07/06 12:25,0.492
02/07/06 12:30,0.491
02/07/06 12:35,0.489
02/07/06 12:40,0.488
02/07/06 12:45,0.486
02/07/06 12:50,0.483
02/07/06 12:55,0.480
02/07/06 13:00,0.477
02/07/06 13:05,0.474
02/07/06 13:10,0.471
02/07/06 13:15,0.468
02/07/06 13:20,0.464
02/07/06 13:25,0.460
02/07/06 13:30,0.455
02/07/06 13:35,0.447
02/07/06 13:40,0.440
02/07/06 13:45,0.433
02/07/06 13:50,0.423
02/07/06 13:55,0.414
02/07/06 14:00,0.398
02/07/06 14:05,0.386
02/07/06 14:10,0.353
02/07/06 14:15,0.328
02/07/06 14:20,0.327
02/07/06 14:25,0.316
02/07/06 14:30,0.309
02/07/06 14:35,0.300
02/07/06 14:40,0.284
02/07/06 14:45,0.267
02/07/06 14:50,0.260
02/07/06 14:55,0.243
02/07/06 15:00,0.225
02/07/06 15:05,0.199
02/07/06 15:10,0.184
02/07/06 15:15,0.177
02/07/06 15:20,0.154
02/07/06 15:25,0.123
02/07/06 15:30,0.105
02/07/06 15:35,0.096
02/07/06 15:40,0.031
02/07/06 15:45,0.023
02/07/06 15:50,0.035
02/07/06 15:55,0.064
02/07/06 16:00,0.055
02/07/06 16:05,0.032
02/07/06 16:10,0.014
02/07/06 16:15,0.003
02/07/06 16:20,0.000
02/07/06 16:25,0.000
02/07/06 16:30,0.000
02/07/06 16:35,0.000
02/07/06 16:40,0.000
02/07/06 16:45,0.000
02/07/06 16:50,0.000
02/07/06 16:55,0.000
02/07/06 17:00,0.000
02/07/06 17:05,0.000
02/07/06 17:10,0.000
02/07/06 17:15,0.000
02/07/06 17:20,0.000
02/07/06 17:25,0.000
02/07/06 17:30,0.000
02/07/06 17:35,0.000
02/07/06 17:40,0.000
02/07/06 17:45,0.000
02/07/06 17:50,0.000
02/07/06 17:55,0.000
02/07/06 18:00,0.000
02/07/06 18:05,0.000
02/07/06 18:10,0.000
02/07/06 18:15,0.000
02/07/06 18:20,0.000
02/07/06 18:25,0.000
02/07/06 18:30,0.000
02/07/06 18:35,0.000
02/07/06 18:40,0.000
02/07/06 18:45,0.000
02/07/06 18:50,0.000
02/07/06 18:55,0.000
02/07/06 19:00,0.000
02/07/06 19:05,0.000
02/07/06 19:10,0.000
02/07/06 19:15,0.000
02/07/06 19:20,0.000
02/07/06 19:25,0.000
02/07/06 19:30,0.000
02/07/06 19:35,0.000
02/07/06 19:40,0.000
02/07/06 19:45,0.000
02/07/06 19:50,0.000
02/07/06 19:55,0.000
02/07/06 20:00,0.000
02/07/06 20:05,0.000
02/07/06 20:10,0.000
02/07/06 20:15,0.000
02/07/06 20:20,0.000
02/07/06 20:25,0.000
02/07/06 20:30,0.000
02/07/06 20:35,0.000
02/07/06 20:40,0.000
02/07/06 20:45,0.000
02/07/06 20:50,0.000
02/07/06 20:55,0.000
02/07/06 21:00,0.000
02/07/06 21:05,0.000
02/07/06 21:10,0.000
02/07/06 21:15,0.000
02/07/06 21:20,0.000
02/07/06 21:25,0.000
02/07/06 21:30,0.000
02/07/06 21:35,0.000
02/07/06 21:40,0.000
02/07/06 21:45,0.000
02/07/06 21:50,0.000
02/07/06 21:55,0.000
02/07/06 22:00,0.000
02/07/06 22:05,0.000
02/07/06 22:10,0.000
02/07/06 22:15,0.000
02/07/06 22:20,0.000
02/07/06 22:25,0.000
02/07/06 22:30,0.000
02/07/06 22:35,0.000
02/07/06 22:40,0.000
02/07/06 22:45,0.000
02/07/06 22:50,0.000
02/07/06 22:55,0.000
02/07/06 23:00,0.000
02/07/06 23:05,0.000
02/07/06 23:10,0.000
02/07/06 23:15,0.000
02/07/06 23:20,0.000
02/07/06 23:25,0.000
02/07/06 23:30,0.000
02/07/06 23:35,0.000
02/07/06 23:40,0.000
02/07/06 23:45,0.000
02/07/06 23:50,0.000
02/07/06 23:55,0.000
02/08/06 00:00,0.000
02/08/06 00:05,0.000
02/08/06 00:10,0.000
02/08/06 00:15,0.000
02/08/06 00:20,0.000
02/08/06 00:25,0.000
02/08/06 00:30,0.000
02/08/06 00:35,0.000
02/08/06 00:40,0.000
02/08/06 00:45,0.000
02/08/06 00:50,0.000
02/08/06 00:55,0.000
02/08/06 01:00,0.000
02/08/06 01:05,0.000
02/08/06 01:10,0.000
02/08/06 01:15,0.000
02/08/06 01:20,0.000
02/08/06 01:25,0.000
02/08/06 01:30,0.000
02/08/06 01:35,0.000
02/08/06 01:40,0.000
02/08/06 01:45,0.000
02/08/06 01:50,0.000
02/08/06 01:55,0.000
02/08/06 02:00,0.000
02/08/06 02:05,0.000
02/08/06 02:10,0.000
02/08/06 02:15,0.000
02/08/06 02:20,0.000
02/08/06 02:25,0.000
02/08/06 02:30,0.000
02/08/06 02:35,0.000
02/08/06 02:40,0.000
02/08/06 02:45,0.000
02/08/06 02:50,0.000
02/08/06 02:55,0.000
02/08/06 03:00,0.000
02/08/06 03:05,0.000
02/08/06 03:10,0.000
02/08/06 03:15,0.000
02/08/06 03:20,0.000
02/08/06 03:25,0.000
02/08/06 03:30,0.000
02/08/06 03:35,0.000
02/08/06 03:40,0.000
02/08/06 03:45,0.000
02/08/06 03:50,0.000
02/08/06 03:55,0.000
02/08/06 04:00,0.000
02/08/06 04:05,0.000
02/08/06 04:10,0.000
02/08/06 04:15,0.000
02/08/06 04:20,0.000
02/08/06 04:25,0.000
02/08/06 04:30,0.000
02/08/06 04:35,0.000
02/08/06 04:40,0.000
02/08/06 04:45,0.000
02/08/06 04:50,0.000
02/08/06 04:55,0.000
02/08/06 05:00,0.000
02/08/06 05:05,0.000
02/08/06 05:10,0.000
02/08/06 05:15,0.000
02/08/06 05:20,0.000
02/08/06 05:25,0.000
02/08/06 05:30,0.000
02/08/06 05:35,0.000
02/08/06 05:40,0.000
02/08/06 05:45,0.000
02/08/06 05:50,0.000
02/08/06 05:55,0.000
02/08/06 06:00,0.000
02/08/06 06:05,0.000
02/08/06 06:10,0.000
02/08/06 06:15,0.000
02/08/06 06:20,0.000
02/08/06 06:25,0.000
02/08/06 06:30,0.000
02/08/06 06:35,0.000
02/08/06 06:40,0.000
02/08/06 06:45,0.000
02/08/06 06:50,0.000
02/08/06 06:55,0.000
02/08/06 07:00,0.000
02/08/06 07:05,0.000
02/08/06 07:10,0.000
02/08/06 07:15,0.000
02/08/06 07:20,0.000
02/08/06 07:25,0.000
02/08/06 07:30,0.000
02/08/06 07:35,0.000
02/08/06 07:40,0.000
02/08/06 07:45,0.000
02/08/06 07:50,0.001
02/08/06 07:55,0.006
02/08/06 08:00,0.016
02/08/06 08:05,0.029
02/08/06 08:10,0.064
02/08/06 08:15,0.088
02/08/06 08:20,0.101
02/08/06 08:25,0.117
02/08/06 08:30,0.129
02/08/06 08:35,0.141
02/08/06 08:40,0.149
02/08/06 08:45,0.156
02/08/06 08:50,0.164
02/08/06 08:55,0.169
02/08/06 09:00,0.172
02/08/06 09:05,0.173
02/08/06 09:10,0.173
02/08/06 09:15,0.171
02/08/06 09:20,0.167
02/08/06 09:25,0.164
02/08/06 09:30,0.160
02/08/06 09:35,0.156
02/08/06 09:40,0.152
02/08/06 09:45,0.143
02/08/06 09:50,0.135
02/08/06 09:55,0.123
02/08/06 10:00,0.097
02/08/06 10:05,0.077
02/08/06 10:10,0.049
02/08/06 10:15,0.024
02/08/06 10:20,0.017
02/08/06 10:25,0.019
02/08/06 10:30,0.022
02/08/06 10:35,0.024
02/08/06 10:40,0.026
02/08/06 10:45,0.030
02/08/06 10:50,0.035
02/08/06 10:55,0.054
02/08/06 11:00,0.033
02/08/06 11:05,0.025
02/08/06 11:10,0.019
02/08/06 11:15,0.013
02/08/06 11:20,0.010
02/08/06 11:25,0.010
02/08/06 11:30,0.012
02/08/06 11:35,0.012
02/08/06 11:40,0.013
02/08/06 11:45,0.014
02/08/06 11:50,0.017
02/08/06 11:55,0.024
02/08/06 12:00,0.014
02/08/06 12:05,0.011
02/08/06 12:10,0.011
02/08/06 12:15,0.011
02/08/06 12:20,0.008
02/08/06 12:25,0.007
02/08/06 12:30,0.006
02/08/06 12:35,0.004
02/08/06 12:40,0.004
02/08/06 12:45,0.004
02/08/06 12:50,0.004
02/08/06 12:55,0.004
02/08/06 13:00,0.005
02/08/06 13:05,0.009
02/08/06 13:10,0.012
02/08/06 13:15,0.013
02/08/06 13:20,0.013
02/08/06 13:25,0.015
02/08/06 13:30,0.023
02/08/06 13:35,0.033
02/08/06 13:40,0.037
02/08/06 13:45,0.040
02/08/06 13:50,0.041
02/08/06 13:55,0.040
02/08/06 14:00,0.024
02/08/06 14:05,0.022
02/08/06 14:10,0.107
02/08/06 14:15,0.187
02/08/06 14:20,0.228
02/08/06 14:25,0.230
02/08/06 14:30,0.237
02/08/06 14:35,0.223
02/08/06 14:40,0.189
02/08/06 14:45,0.159
02/08/06 14:50,0.152
02/08/06 14:55,0.137
02/08/06 15:00,0.150
02/08/06 15:05,0.146
02/08/06 15:10,0.152
02/08/06 15:15,0.158
02/08/06 15:20,0.163
02/08/06 15:25,0.164
02/08/06 15:30,0.156
02/08/06 15:35,0.134
02/08/06 15:40,0.114
02/08/06 15:45,0.108
02/08/06 15:50,0.100
02/08/06 15:55,0.088
02/08/06 16:00,0.047
02/08/06 16:05,0.018
02/08/06 16:10,0.003
02/08/06 16:15,0.001
02/08/06 16:20,0.000
02/08/06 16:25,0.000
02/08/06 16:30,0.000
02/08/06 16:35,0.000
02/08/06 16:40,0.000
02/08/06 16:45,0.000
02/08/06 16:50,0.000
02/08/06 16:55,0.000
02/08/06 17:00,0.000
02/08/06 17:05,0.000
02/08/06 17:10,0.000
02/08/06 17:15,0.000
02/08/06 17:20,0.000
02/08/06 17:25,0.000
02/08/06 17:30,0.000
02/08/06 17:35,0.000
02/08/06 17:40,0.000
02/08/06 17:45,0.000
02/08/06 17:50,0.000
02/08/06 17:55,0.000
02/08/06 18:00,0.000
02/08/06 18:05,0.000
02/08/06 18:10,0.000
02/08/06 18:15,0.000
02/08/06 18:20,0.000
02/08/06 18:25,0.000
02/08/06 18:30,0.000
02/08/06 18:35,0.000
02/08/06 18:40,0.000
02/08/06 18:45,0.000
02/08/06 18:50,0.000
02/08/06 18:55,0.000
02/08/06 19:00,0.000
02/08/06 19:05,0.000
02/08/06 19:10,0.000
02/08/06 19:15,0.000
02/08/06 19:20,0.000
02/08/06 19:25,0.000
02/08/06 19:30,0.000
02/08/06 19:35,0.000
02/08/06 19:40,0.000
02/08/06 19:45,0.000
02/08/06 19:50,0.000
02/08/06 19:55,0.000
02/08/06 20:00,0.000
02/08/06 20:05,0.000
02/08/06 20:10,0.000
02/08/06 20:15,0.000
02/08/06 20:20,0.000
02/08/06 20:25,0.000
02/08/06 20:30,0.000
02/08/06 20:35,0.000
02/08/06 20:40,0.000
02/08/06 20:45,0.000
02/08/06 20:50,0.000
02/08/06 20:55,0.000
02/08/06 21:00,0.000
02/08/06 21:05,0.000
02/08/06 21:10,0.000
02/08/06 21:15,0.000
02/08/06 21:20,0.000
02/08/06 21:25,0.000
02/08/06 21:30,0.000
02/08/06 21:35,0.000
02/08/06 21:40,0.000
02/08/06 21:45,0.000
02/08/06 21:50,0.000
02/08/06 21:55,0.000
02/08/06 22:00,0.000
02/08/06 22:05,0.000
02/08/06 22:10,0.000
02/08/06 22:15,0.000
02/08/06 22:20,0.000
02/08/06 22:25,0.000
02/08/06 22:30,0.000
02/08/06 22:35,0.000
02/08/06 22:40,0.000
02/08/06 22:45,0.000
02/08/06 22:50,0.000
02/08/06 22:55,0.000
02/08/06 23:00,0.000
02/08/06 23:05,0.000
02/08/06 23:10,0.000
02/08/06 23:15,0.000
02/08/06 23:20,0.000
02/08/06 23:25,0.000
02/08/06 23:30,0.000
02/08/06 23:35,0.000
02/08/06 23:40,0.000
02/08/06 23:45,0.000
02/08/06 23:50,0.000
02/08/06 23:55,0.000
02/09/06 00:00,0.000
02/09/06 00:05,0.000
02/09/06 00:10,0.000
02/09/06 00:15,0.000
02/09/06 00:20,0.000
02/09/06 00:25,0.000
02/09/06 00:30,0.000
02/09/06 00:35,0.000
02/09/06 00:40,0.000
02/09/06 00:45,0.000
02/09/06 00:50,0.000
02/09/06 00:55,0.000
02/09/06 01:00,0.000
02/09/06 01:05,0.000
02/09/06 01:10,0.000
02/09/06 01:15,0.000
02/09/06 01:20,0.000
02/09/06 01:25,0.000
02/09/06 01:30,0.000
02/09/06 01:35,0.000
02/09/06 01:40,0.000
02/09/06 01:45,0.000
02/09/06 01:50,0.000
02/09/06 01:55,0.000
02/09/06 02:00,0.000
02/09/06 02:05,0.000
02/09/06 02:10,0.000
02/09/06 02:15,0.000
02/09/06 02:20,0.000
02/09/06 02:25,0.000
02/09/06 02:30,0.000
02/09/06 02:35,0.000
02/09/06 02:40,0.000
02/09/06 02:45,0.000
02/09/06 02:50,0.000
02/09/06 02:55,0.000
02/09/06 03:00,0.000
02/09/06 03:05,0.000
02/09/06 03:10,0.000
02/09/06 03:15,0.000
02/09/06 03:20,0.000
02/09/06 03:25,0.000
02/09/06 03:30,0.000
02/09/06 03:35,0.000
02/09/06 03:40,0.000
02/09/06 03:45,0.000
02/09/06 03:50,0.000
02/09/06 03:55,0.000
02/09/06 04:00,0.000
02/09/06 04:05,0.000
02/09/06 04:10,0.000
02/09/06 04:15,0.000
02/09/06 04:20,0.000
02/09/06 04:25,0.000
02/09/06 04:30,0.000
02/09/06 04:35,0.000
02/09/06 04:40,0.000
02/09/06 04:45,0.000
02/09/06 04:50,0.000
02/09/06 04:55,0.000
02/09/06 05:00,0.000
02/09/06 05:05,0.000
02/09/06 05:10,0.000
02/09/06 05:15,0.000
02/09/06 05:20,0.000
02/09/06 05:25,0.000
02/09/06 05:30,0.000
02/09/06 05:35,0.000
02/09/06 05:40,0.000
02/09/06 05:45,0.000
02/09/06 05:50,0.000
02/09/06 05:55,0.000
02/09/06 06:00,0.000
02/09/06 06:05,0.000
02/09/06 06:10,0.000
02/09/06 06:15,0.000
02/09/06 06:20,0.000
02/09/06 06:25,0.000
02/09/06 06:30,0.000
02/09/06 06:35,0.000
02/09/06 06:40,0.000
02/09/06 06:45,0.000
02/09/06 06:50,0.000
02/09/06 06:55,0.000
02/09/06 07:00,0.000
02/09/06 07:05,0.000
02/09/06 07:10,0.000
02/09/06 07:15,0.000
02/09/06 07:20,0.000
02/09/06 07:25,0.000
02/09/06 07:30,0.000
02/09/06 07:35,0.000
02/09/06 07:40,0.001
02/09/06 07:45,0.007
02/09/06 07:50,0.022
02/09/06 07:55,0.069
02/09/06 08:00,0.096
02/09/06 08:05,0.116
02/09/06 08:10,0.133
02/09/06 08:15,0.152
02/09/06 08:20,0.171
02/09/06 08:25,0.188
02/09/06 08:30,0.204
02/09/06 08:35,0.220
02/09/06 08:40,0.235
02/09/06 08:45,0.251
02/09/06 08:50,0.266
02/09/06 08:55,0.282
02/09/06 09:00,0.295
02/09/06 09:05,0.306
02/09/06 09:10,0.317
02/09/06 09:15,0.327
02/09/06 09:20,0.337
02/09/06 09:25,0.346
02/09/06 09:30,0.352
02/09/06 09:35,0.360
02/09/06 09:40,0.369
02/09/06 09:45,0.377
02/09/06 09:50,0.385
02/09/06 09:55,0.393
02/09/06 10:00,0.400
02/09/06 10:05,0.408
02/09/06 10:10,0.418
02/09/06 10:15,0.425
02/09/06 10:20,0.431
02/09/06 10:25,0.439
02/09/06 10:30,0.447
02/09/06 10:35,0.458
02/09/06 10:40,0.464
02/09/06 10:45,0.470
02/09/06 10:50,0.476
02/09/06 10:55,0.481
02/09/06 11:00,0.487
02/09/06 11:05,0.492
02/09/06 11:10,0.496
02/09/06 11:15,0.498
02/09/06 11:20,0.500
02/09/06 11:25,0.499
02/09/06 11:30,0.506
02/09/06 11:35,0.510
02/09/06 11:40,0.515
02/09/06 11:45,0.518
02/09/06 11:50,0.520
02/09/06 11:55,0.522
02/09/06 12:00,0.523
02/09/06 12:05,0.523
02/09/06 12:10,0.523
02/09/06 12:15,0.522
02/09/06 12:20,0.521
02/09/06 12:25,0.519
02/09/06 12:30,0.517
02/09/06 12:35,0.515
02/09/06 12:40,0.513
02/09/06 12:45,0.510
02/09/06 12:50,0.507
02/09/06 12:55,0.504
02/09/06 13:00,0.501
02/09/06 13:05,0.499
02/09/06 13:10,0.497
02/09/06 13:15,0.494
02/09/06 13:20,0.489
02/09/06 13:25,0.486
02/09/06 13:30,0.482
02/09/06 13:35,0.478
02/09/06 13:40,0.472
02/09/06 13:45,0.464
02/09/06 13:50,0.456
02/09/06 13:55,0.445
02/09/06 14:00,0.436
02/09/06 14:05,0.426
02/09/06 14:10,0.416
02/09/06 14:15,0.406
02/09/06 14:20,0.397
02/09/06 14:25,0.387
02/09/06 14:30,0.377
02/09/06 14:35,0.365
02/09/06 14:40,0.352
02/09/06 14:45,0.339
02/09/06 14:50,0.326
02/09/06 14:55,0.313
02/09/06 15:00,0.298
02/09/06 15:05,0.284
02/09/06 15:10,0.270
02/09/06 15:15,0.255
02/09/06 15:20,0.239
02/09/06 15:25,0.224
02/09/06 15:30,0.209
02/09/06 15:35,0.193
02/09/06 15:40,0.178
02/09/06 15:45,0.161
02/09/06 15:50,0.145
02/09/06 15:55,0.130
02/09/06 16:00,0.116
02/09/06 16:05,0.104
02/09/06 16:10,0.091
02/09/06 16:15,0.075
02/09/06 16:20,0.040
02/09/06 16:25,0.017
02/09/06 16:30,0.005
02/09/06 16:35,0.001
02/09/06 16:40,0.000
02/09/06 16:45,0.000
02/09/06 16:50,0.000
02/09/06 16:55,0.000
02/09/06 17:00,0.000
02/09/06 17:05,0.000
02/09/06 17:10,0.000
02/09/06 17:15,0.000
02/09/06 17:20,0.000
02/09/06 17:25,0.000
02/09/06 17:30,0.000
02/09/06 17:35,0.000
02/09/06 17:40,0.000
02/09/06 17:45,0.000
02/09/06 17:50,0.000
02/09/06 17:55,0.000
02/09/06 18:00,0.000
02/09/06 18:05,0.000
02/09/06 18:10,0.000
02/09/06 18:15,0.000
02/09/06 18:20,0.000
02/09/06 18:25,0.000
02/09/06 18:30,0.000
02/09/06 18:35,0.000
02/09/06 18:40,0.000
02/09/06 18:45,0.000
02/09/06 18:50,0.000
02/09/06 18:55,0.000
02/09/06 19:00,0.000
02/09/06 19:05,0.000
02/09/06 19:10,0.000
02/09/06 19:15,0.000
02/09/06 19:20,0.000
02/09/06 19:25,0.000
02/09/06 19:30,0.000
02/09/06 19:35,0.000
02/09/06 19:40,0.000
02/09/06 19:45,0.000
02/09/06 19:50,0.000
02/09/06 19:55,0.000
02/09/06 20:00,0.000
02/09/06 20:05,0.000
02/09/06 20:10,0.000
02/09/06 20:15,0.000
02/09/06 20:20,0.000
02/09/06 20:25,0.000
02/09/06 20:30,0.000
02/09/06 20:35,0.000
02/09/06 20:40,0.000
02/09/06 20:45,0.000
02/09/06 20:50,0.000
02/09/06 20:55,0.000
02/09/06 21:00,0.000
02/09/06 21:05,0.000
02/09/06 21:10,0.000
02/09/06 21:15,0.000
02/09/06 21:20,0.000
02/09/06 21:25,0.000
02/09/06 21:30,0.000
02/09/06 21:35,0.000
02/09/06 21:40,0.000
02/09/06 21:45,0.000
02/09/06 21:50,0.000
02/09/06 21:55,0.000
02/09/06 22:00,0.000
02/09/06 22:05,0.000
02/09/06 22:10,0.000
02/09/06 22:15,0.000
02/09/06 22:20,0.000
02/09/06 22:25,0.000
02/09/06 22:30,0.000
02/09/06 22:35,0.000
02/09/06 22:40,0.000
02/09/06 22:45,0.000
02/09/06 22:50,0.000
02/09/06 22:55,0.000
02/09/06 23:00,0.000
02/09/06 23:05,0.000
02/09/06 23:10,0.000
02/09/06 23:15,0.000
02/09/06 23:20,0.000
02/09/06 23:25,0.000
02/09/06 23:30,0.000
02/09/06 23:35,0.000
02/09/06 23:40,0.000
02/09/06 23:45,0.000
02/09/06 23:50,0.000
02/09/06 23:55,0.000
02/10/06 00:00,0.000
02/10/06 00:05,0.000
02/10/06 00:10,0.000
02/10/06 00:15,0.000
02/10/06 00:20,0.000
02/10/06 00:25,0.000
02/10/06 00:30,0.000
02/10/06 00:35,0.000
02/10/06 00:40,0.000
02/10/06 00:45,0.000
02/10/06 00:50,0.000
02/10/06 00:55,0.000
02/10/06 01:00,0.000
02/10/06 01:05,0.000
02/10/06 01:10,0.000
02/10/06 01:15,0.000
02/10/06 01:20,0.000
02/10/06 01:25,0.000
02/10/06 01:30,0.000
02/10/06 01:35,0.000
02/10/06 01:40,0.000
02/10/06 01:45,0.000
02/10/06 01:50,0.000
02/10/06 01:55,0.000
02/10/06 02:00,0.000
02/10/06 02:05,0.000
02/10/06 02:10,0.000
02/10/06 02:15,0.000
02/10/06 02:20,0.000
02/10/06 02:25,0.000
02/10/06 02:30,0.000
02/10/06 02:35,0.000
02/10/06 02:40,0.000
02/10/06 02:45,0.000
02/10/06 02:50,0.000
02/10/06 02:55,0.000
02/10/06 03:00,0.000
02/10/06 03:05,0.000
02/10/06 03:10,0.000
02/10/06 03:15,0.000
02/10/06 03:20,0.000
02/10/06 03:25,0.000
02/10/06 03:30,0.000
02/10/06 03:35,0.000
02/10/06 03:40,0.000
02/10/06 03:45,0.000
02/10/06 03:50,0.000
02/10/06 03:55,0.000
02/10/06 04:00,0.000
02/10/06 04:05,0.000
02/10/06 04:10,0.000
02/10/06 04:15,0.000
02/10/06 04:20,0.000
02/10/06 04:25,0.000
02/10/06 04:30,0.000
02/10/06 04:35,0.000
02/10/06 04:40,0.000
02/10/06 04:45,0.000
02/10/06 04:50,0.000
02/10/06 04:55,0.000
02/10/06 05:00,0.000
02/10/06 05:05,0.000
02/10/06 05:10,0.000
02/10/06 05:15,0.000
02/10/06 05:20,0.000
02/10/06 05:25,0.000
02/10/06 05:30,0.000
02/10/06 05:35,0.000
02/10/06 05:40,0.000
02/10/06 05:45,0.000
02/10/06 05:50,0.000
02/10/06 05:55,0.000
02/10/06 06:00,0.000
02/10/06 06:05,0.000
02/10/06 06:10,0.000
02/10/06 06:15,0.000
02/10/06 06:20,0.000
02/10/06 06:25,0.000
02/10/06 06:30,0.000
02/10/06 06:35,0.000
02/10/06 06:40,0.000
02/10/06 06:45,0.000
02/10/06 06:50,0.000
02/10/06 06:55,0.000
02/10/06 07:00,0.000
02/10/06 07:05,0.000
02/10/06 07:10,0.000
02/10/06 07:15,0.000
02/10/06 07:20,0.000
02/10/06 07:25,0.000
02/10/06 07:30,0.000
02/10/06 07:35,0.000
02/10/06 07:40,0.001
02/10/06 07:45,0.007
02/10/06 07:50,0.022
02/10/06 07:55,0.070
02/10/06 08:00,0.098
02/10/06 08:05,0.119
02/10/06 08:10,0.138
02/10/06 08:15,0.157
02/10/06 08:20,0.175
02/10/06 08:25,0.193
02/10/06 08:30,0.210
02/10/06 08:35,0.227
02/10/06 08:40,0.241
02/10/06 08:45,0.256
02/10/06 08:50,0.273
02/10/06 08:55,0.293
02/10/06 09:00,0.308
02/10/06 09:05,0.318
02/10/06 09:10,0.329
02/10/06 09:15,0.340
02/10/06 09:20,0.350
02/10/06 09:25,0.360
02/10/06 09:30,0.369
02/10/06 09:35,0.380
02/10/06 09:40,0.389
02/10/06 09:45,0.394
02/10/06 09:50,0.398
02/10/06 09:55,0.403
02/10/06 10:00,0.409
02/10/06 10:05,0.415
02/10/06 10:10,0.423
02/10/06 10:15,0.429
02/10/06 10:20,0.435
02/10/06 10:25,0.445
02/10/06 10:30,0.454
02/10/06 10:35,0.462
02/10/06 10:40,0.469
02/10/06 10:45,0.474
02/10/06 10:50,0.476
02/10/06 10:55,0.474
02/10/06 11:00,0.474
02/10/06 11:05,0.475
02/10/06 11:10,0.475
02/10/06 11:15,0.477
02/10/06 11:20,0.478
02/10/06 11:25,0.479
02/10/06 11:30,0.481
02/10/06 11:35,0.483
02/10/06 11:40,0.487
02/10/06 11:45,0.493
02/10/06 11:50,0.497
02/10/06 11:55,0.499
02/10/06 12:00,0.500
02/10/06 12:05,0.499
02/10/06 12:10,0.498
02/10/06 12:15,0.495
02/10/06 12:20,0.491
02/10/06 12:25,0.488
02/10/06 12:30,0.486
02/10/06 12:35,0.484
02/10/06 12:40,0.481
02/10/06 12:45,0.479
02/10/06 12:50,0.477
02/10/06 12:55,0.474
02/10/06 13:00,0.470
02/10/06 13:05,0.467
02/10/06 13:10,0.465
02/10/06 13:15,0.464
02/10/06 13:20,0.461
02/10/06 13:25,0.456
02/10/06 13:30,0.448
02/10/06 13:35,0.440
02/10/06 13:40,0.432
02/10/06 13:45,0.424
02/10/06 13:50,0.416
02/10/06 13:55,0.403
02/10/06 14:00,0.393
02/10/06 14:05,0.381
02/10/06 14:10,0.374
02/10/06 14:15,0.367
02/10/06 14:20,0.360
02/10/06 14:25,0.352
02/10/06 14:30,0.344
02/10/06 14:35,0.334
02/10/06 14:40,0.324
02/10/06 14:45,0.314
02/10/06 14:50,0.305
02/10/06 14:55,0.294
02/10/06 15:00,0.281
02/10/06 15:05,0.267
02/10/06 15:10,0.253
02/10/06 15:15,0.239
02/10/06 15:20,0.225
02/10/06 15:25,0.211
02/10/06 15:30,0.198
02/10/06 15:35,0.184
02/10/06 15:40,0.171
02/10/06 15:45,0.156
02/10/06 15:50,0.141
02/10/06 15:55,0.127
02/10/06 16:00,0.115
02/10/06 16:05,0.102
02/10/06 16:10,0.090
02/10/06 16:15,0.073
02/10/06 16:20,0.039
02/10/06 16:25,0.019
02/10/06 16:30,0.007
02/10/06 16:35,0.002
02/10/06 16:40,0.000
02/10/06 16:45,0.000
02/10/06 16:50,0.000
02/10/06 16:55,0.000
02/10/06 17:00,0.000
02/10/06 17:05,0.000
02/10/06 17:10,0.000
02/10/06 17:15,0.000
02/10/06 17:20,0.000
02/10/06 17:25,0.000
02/10/06 17:30,0.000
02/10/06 17:35,0.000
02/10/06 17:40,0.000
02/10/06 17:45,0.000
02/10/06 17:50,0.000
02/10/06 17:55,0.000
02/10/06 18:00,0.000
02/10/06 18:05,0.000
02/10/06 18:10,0.000
02/10/06 18:15,0.000
02/10/06 18:20,0.000
02/10/06 18:25,0.000
02/10/06 18:30,0.000
02/10/06 18:35,0.000
02/10/06 18:40,0.000
02/10/06 18:45,0.000
02/10/06 18:50,0.000
02/10/06 18:55,0.000
02/10/06 19:00,0.000
02/10/06 19:05,0.000
02/10/06 19:10,0.000
02/10/06 19:15,0.000
02/10/06 19:20,0.000
02/10/06 19:25,0.000
02/10/06 19:30,0.000
02/10/06 19:35,0.000
02/10/06 19:40,0.000
02/10/06 19:45,0.000
02/10/06 19:50,0.000
02/10/06 19:55,0.000
02/10/06 20:00,0.000
02/10/06 20:05,0.000
02/10/06 20:10,0.000
02/10/06 20:15,0.000
02/10/06 20:20,0.000
02/10/06 20:25,0.000
02/10/06 20:30,0.000
02/10/06 20:35,0.000
02/10/06 20:40,0.000
02/10/06 20:45,0.000
02/10/06 20:50,0.000
02/10/06 20:55,0.000
02/10/06 21:00,0.000
02/10/06 21:05,0.000
02/10/06 21:10,0.000
02/10/06 21:15,0.000
02/10/06 21:20,0.000
02/10/06 21:25,0.000
02/10/06 21:30,0.000
02/10/06 21:35,0.000
02/10/06 21:40,0.000
02/10/06 21:45,0.000
02/10/06 21:50,0.000
02/10/06 21:55,0.000
02/10/06 22:00,0.000
02/10/06 22:05,0.000
02/10/06 22:10,0.000
02/10/06 22:15,0.000
02/10/06 22:20,0.000
02/10/06 22:25,0.000
02/10/06 22:30,0.000
02/10/06 22:35,0.000
02/10/06 22:40,0.000
02/10/06 22:45,0.000
02/10/06 22:50,0.000
02/10/06 22:55,0.000
02/10/06 23:00,0.000
02/10/06 23:05,0.000
02/10/06 23:10,0.000
02/10/06 23:15,0.000
02/10/06 23:20,0.000
02/10/06 23:25,0.000
02/10/06 23:30,0.000
02/10/06 23:35,0.000
02/10/06 23:40,0.000
02/10/06 23:45,0.000
02/10/06 23:50,0.000
02/10/06 23:55,0.000
02/11/06 00:00,0.000
02/11/06 00:05,0.000
02/11/06 00:10,0.000
02/11/06 00:15,0.000
02/11/06 00:20,0.000
02/11/06 00:25,0.000
02/11/06 00:30,0.000
02/11/06 00:35,0.000
02/11/06 00:40,0.000
02/11/06 00:45,0.000
02/11/06 00:50,0.000
02/11/06 00:55,0.000
02/11/06 01:00,0.000
02/11/06 01:05,0.000
02/11/06 01:10,0.000
02/11/06 01:15,0.000
02/11/06 01:20,0.000
02/11/06 01:25,0.000
02/11/06 01:30,0.000
02/11/06 01:35,0.000
02/11/06 01:40,0.000
02/11/06 01:45,0.000
02/11/06 01:50,0.000
02/11/06 01:55,0.000
02/11/06 02:00,0.000
02/11/06 02:05,0.000
02/11/06 02:10,0.000
02/11/06 02:15,0.000
02/11/06 02:20,0.000
02/11/06 02:25,0.000
02/11/06 02:30,0.000
02/11/06 02:35,0.000
02/11/06 02:40,0.000
02/11/06 02:45,0.000
02/11/06 02:50,0.000
02/11/06 02:55,0.000
02/11/06 03:00,0.000
02/11/06 03:05,0.000
02/11/06 03:10,0.000
02/11/06 03:15,0.000
02/11/06 03:20,0.000
02/11/06 03:25,0.000
02/11/06 03:30,0.000
02/11/06 03:35,0.000
02/11/06 03:40,0.000
02/11/06 03:45,0.000
02/11/06 03:50,0.000
02/11/06 03:55,0.000
02/11/06 04:00,0.000
02/11/06 04:05,0.000
02/11/06 04:10,0.000
02/11/06 04:15,0.000
02/11/06 04:20,0.000
02/11/06 04:25,0.000
02/11/06 04:30,0.000
02/11/06 04:35,0.000
02/11/06 04:40,0.000
02/11/06 04:45,0.000
02/11/06 04:50,0.000
02/11/06 04:55,0.000
02/11/06 05:00,0.000
02/11/06 05:05,0.000
02/11/06 05:10,0.000
02/11/06 05:15,0.000
02/11/06 05:20,0.000
02/11/06 05:25,0.000
02/11/06 05:30,0.000
02/11/06 05:35,0.000
02/11/06 05:40,0.000
02/11/06 05:45,0.000
02/11/06 05:50,0.000
02/11/06 05:55,0.000
02/11/06 06:00,0.000
02/11/06 06:05,0.000
02/11/06 06:10,0.000
02/11/06 06:15,0.000
02/11/06 06:20,0.000
02/11/06 06:25,0.000
02/11/06 06:30,0.000
02/11/06 06:35,0.000
02/11/06 06:40,0.000
02/11/06 06:45,0.000
02/11/06 06:50,0.000
02/11/06 06:55,0.000
02/11/06 07:00,0.000
02/11/06 07:05,0.000
02/11/06 07:10,0.000
02/11/06 07:15,0.000
02/11/06 07:20,0.000
02/11/06 07:25,0.000
02/11/06 07:30,0.000
02/11/06 07:35,0.000
02/11/06 07:40,0.002
02/11/06 07:45,0.013
02/11/06 07:50,0.042
02/11/06 07:55,0.086
02/11/06 08:00,0.106
02/11/06 08:05,0.126
02/11/06 08:10,0.146
02/11/06 08:15,0.166
02/11/06 08:20,0.186
02/11/06 08:25,0.204
02/11/06 08:30,0.221
02/11/06 08:35,0.239
02/11/06 08:40,0.256
02/11/06 08:45,0.274
02/11/06 08:50,0.291
02/11/06 08:55,0.308
02/11/06 09:00,0.322
02/11/06 09:05,0.335
02/11/06 09:10,0.348
02/11/06 09:15,0.361
02/11/06 09:20,0.374
02/11/06 09:25,0.389
02/11/06 09:30,0.403
02/11/06 09:35,0.416
02/11/06 09:40,0.429
02/11/06 09:45,0.436
02/11/06 09:50,0.444
02/11/06 09:55,0.453
02/11/06 10:00,0.460
02/11/06 10:05,0.467
02/11/06 10:10,0.477
02/11/06 10:15,0.483
02/11/06 10:20,0.490
02/11/06 10:25,0.495
02/11/06 10:30,0.501
02/11/06 10:35,0.506
02/11/06 10:40,0.511
02/11/06 10:45,0.514
02/11/06 10:50,0.517
02/11/06 10:55,0.519
02/11/06 11:00,0.522
02/11/06 11:05,0.524
02/11/06 11:10,0.526
02/11/06 11:15,0.527
02/11/06 11:20,0.527
02/11/06 11:25,0.529
02/11/06 11:30,0.531
02/11/06 11:35,0.534
02/11/06 11:40,0.536
02/11/06 11:45,0.537
02/11/06 11:50,0.539
02/11/06 11:55,0.540
02/11/06 12:00,0.540
02/11/06 12:05,0.540
02/11/06 12:10,0.539
02/11/06 12:15,0.539
02/11/06 12:20,0.539
02/11/06 12:25,0.538
02/11/06 12:30,0.537
02/11/06 12:35,0.536
02/11/06 12:40,0.535
02/11/06 12:45,0.532
02/11/06 12:50,0.530
02/11/06 12:55,0.527
02/11/06 13:00,0.525
02/11/06 13:05,0.526
02/11/06 13:10,0.523
02/11/06 13:15,0.517
02/11/06 13:20,0.511
02/11/06 13:25,0.506
02/11/06 13:30,0.497
02/11/06 13:35,0.490
02/11/06 13:40,0.482
02/11/06 13:45,0.473
02/11/06 13:50,0.464
02/11/06 13:55,0.452
02/11/06 14:00,0.444
02/11/06 14:05,0.436
02/11/06 14:10,0.426
02/11/06 14:15,0.414
02/11/06 14:20,0.403
02/11/06 14:25,0.393
02/11/06 14:30,0.383
02/11/06 14:35,0.374
02/11/06 14:40,0.364
02/11/06 14:45,0.352
02/11/06 14:50,0.341
02/11/06 14:55,0.328
02/11/06 15:00,0.313
02/11/06 15:05,0.297
02/11/06 15:10,0.281
02/11/06 15:15,0.265
02/11/06 15:20,0.249
02/11/06 15:25,0.232
02/11/06 15:30,0.215
02/11/06 15:35,0.199
02/11/06 15:40,0.183
02/11/06 15:45,0.168
02/11/06 15:50,0.154
02/11/06 15:55,0.138
02/11/06 16:00,0.125
02/11/06 16:05,0.112
02/11/06 16:10,0.099
02/11/06 16:15,0.087
02/11/06 16:20,0.065
02/11/06 16:25,0.030
02/11/06 16:30,0.012
02/11/06 16:35,0.004
02/11/06 16:40,0.001
02/11/06 16:45,0.000
02/11/06 16:50,0.000
02/11/06 16:55,0.000
02/11/06 17:00,0.000
02/11/06 17:05,0.000
02/11/06 17:10,0.000
02/11/06 17:15,0.000
02/11/06 17:20,0.000
02/11/06 17:25,0.000
02/11/06 17:30,0.000
02/11/06 17:35,0.000
02/11/06 17:40,0.000
02/11/06 17:45,0.000
02/11/06 17:50,0.000
02/11/06 17:55,0.000
02/11/06 18:00,0.000
02/11/06 18:05,0.000
02/11/06 18:10,0.000
02/11/06 18:15,0.000
02/11/06 18:20,0.000
02/11/06 18:25,0.000
02/11/06 18:30,0.000
02/11/06 18:35,0.000
02/11/06 18:40,0.000
02/11/06 18:45,0.000
02/11/06 18:50,0.000
02/11/06 18:55,0.000
02/11/06 19:00,0.000
02/11/06 19:05,0.000
02/11/06 19:10,0.000
02/11/06 19:15,0.000
02/11/06 19:20,0.000
02/11/06 19:25,0.000
02/11/06 19:30,0.000
02/11/06 19:35,0.000
02/11/06 19:40,0.000
02/11/06 19:45,0.000
02/11/06 19:50,0.000
02/11/06 19:55,0.000
02/11/06 20:00,0.000
02/11/06 20:05,0.000
02/11/06 20:10,0.000
02/11/06 20:15,0.000
02/11/06 20:20,0.000
02/11/06 20:25,0.000
02/11/06 20:30,0.000
02/11/06 20:35,0.000
02/11/06 20:40,0.000
02/11/06 20:45,0.000
02/11/06 20:50,0.000
02/11/06 20:55,0.000
02/11/06 21:00,0.000
02/11/06 21:05,0.000
02/11/06 21:10,0.000
02/11/06 21:15,0.000
02/11/06 21:20,0.000
02/11/06 21:25,0.000
02/11/06 21:30,0.000
02/11/06 21:35,0.000
02/11/06 21:40,0.000
02/11/06 21:45,0.000
02/11/06 21:50,0.000
02/11/06 21:55,0.000
02/11/06 22:00,0.000
02/11/06 22:05,0.000
02/11/06 22:10,0.000
02/11/06 22:15,0.000
02/11/06 22:20,0.000
02/11/06 22:25,0.000
02/11/06 22:30,0.000
02/11/06 22:35,0.000
02/11/06 22:40,0.000
02/11/06 22:45,0.000
02/11/06 22:50,0.000
02/11/06 22:55,0.000
02/11/06 23:00,0.000
02/11/06 23:05,0.000
02/11/06 23:10,0.000
02/11/06 23:15,0.000
02/11/06 23:20,0.000
02/11/06 23:25,0.000
02/11/06 23:30,0.000
02/11/06 23:35,0.000
02/11/06 23:40,0.000
02/11/06 23:45,0.000
02/11/06 23:50,0.000
02/11/06 23:55,0.000
02/12/06 00:00,0.000
02/12/06 00:05,0.000
02/12/06 00:10,0.000
02/12/06 00:15,0.000
02/12/06 00:20,0.000
02/12/06 00:25,0.000
02/12/06 00:30,0.000
02/12/06 00:35,0.000
02/12/06 00:40,0.000
02/12/06 00:45,0.000
02/12/06 00:50,0.000
02/12/06 00:55,0.000
02/12/06 01:00,0.000
02/12/06 01:05,0.000
02/12/06 01:10,0.000
02/12/06 01:15,0.000
02/12/06 01:20,0.000
02/12/06 01:25,0.000
02/12/06 01:30,0.000
02/12/06 01:35,0.000
02/12/06 01:40,0.000
02/12/06 01:45,0.000
02/12/06 01:50,0.000
02/12/06 01:55,0.000
02/12/06 02:00,0.000
02/12/06 02:05,0.000
02/12/06 02:10,0.000
02/12/06 02:15,0.000
02/12/06 02:20,0.000
02/12/06 02:25,0.000
02/12/06 02:30,0.000
02/12/06 02:35,0.000
02/12/06 02:40,0.000
02/12/06 02:45,0.000
02/12/06 02:50,0.000
02/12/06 02:55,0.000
02/12/06 03:00,0.000
02/12/06 03:05,0.000
02/12/06 03:10,0.000
02/12/06 03:15,0.000
02/12/06 03:20,0.000
02/12/06 03:25,0.000
02/12/06 03:30,0.000
02/12/06 03:35,0.000
02/12/06 03:40,0.000
02/12/06 03:45,0.000
02/12/06 03:50,0.000
02/12/06 03:55,0.000
02/12/06 04:00,0.000
02/12/06 04:05,0.000
02/12/06 04:10,0.000
02/12/06 04:15,0.000
02/12/06 04:20,0.000
02/12/06 04:25,0.000
02/12/06 04:30,0.000
02/12/06 04:35,0.000
02/12/06 04:40,0.000
02/12/06 04:45,0.000
02/12/06 04:50,0.000
02/12/06 04:55,0.000
02/12/06 05:00,0.000
02/12/06 05:05,0.000
02/12/06 05:10,0.000
02/12/06 05:15,0.000
02/12/06 05:20,0.000
02/12/06 05:25,0.000
02/12/06 05:30,0.000
02/12/06 05:35,0.000
02/12/06 05:40,0.000
02/12/06 05:45,0.000
02/12/06 05:50,0.000
02/12/06 05:55,0.000
02/12/06 06:00,0.000
02/12/06 06:05,0.000
02/12/06 06:10,0.000
02/12/06 06:15,0.000
02/12/06 06:20,0.000
02/12/06 06:25,0.000
02/12/06 06:30,0.000
02/12/06 06:35,0.000
02/12/06 06:40,0.000
02/12/06 06:45,0.000
02/12/06 06:50,0.000
02/12/06 06:55,0.000
02/12/06 07:00,0.000
02/12/06 07:05,0.000
02/12/06 07:10,0.000
02/12/06 07:15,0.000
02/12/06 07:20,0.000
02/12/06 07:25,0.000
02/12/06 07:30,0.000
02/12/06 07:35,0.000
02/12/06 07:40,0.002
02/12/06 07:45,0.012
02/12/06 07:50,0.039
02/12/06 07:55,0.083
02/12/06 08:00,0.105
02/12/06 08:05,0.126
02/12/06 08:10,0.144
02/12/06 08:15,0.162
02/12/06 08:20,0.180
02/12/06 08:25,0.196
02/12/06 08:30,0.211
02/12/06 08:35,0.225
02/12/06 08:40,0.239
02/12/06 08:45,0.253
02/12/06 08:50,0.267
02/12/06 08:55,0.282
02/12/06 09:00,0.295
02/12/06 09:05,0.306
02/12/06 09:10,0.318
02/12/06 09:15,0.324
02/12/06 09:20,0.333
02/12/06 09:25,0.344
02/12/06 09:30,0.351
02/12/06 09:35,0.358
02/12/06 09:40,0.365
02/12/06 09:45,0.374
02/12/06 09:50,0.382
02/12/06 09:55,0.389
02/12/06 10:00,0.395
02/12/06 10:05,0.403
02/12/06 10:10,0.409
02/12/06 10:15,0.414
02/12/06 10:20,0.419
02/12/06 10:25,0.423
02/12/06 10:30,0.427
02/12/06 10:35,0.431
02/12/06 10:40,0.433
02/12/06 10:45,0.433
02/12/06 10:50,0.432
02/12/06 10:55,0.431
02/12/06 11:00,0.433
02/12/06 11:05,0.436
02/12/06 11:10,0.438
02/12/06 11:15,0.441
02/12/06 11:20,0.444
02/12/06 11:25,0.451
02/12/06 11:30,0.457
02/12/06 11:35,0.463
02/12/06 11:40,0.469
02/12/06 11:45,0.473
02/12/06 11:50,0.477
02/12/06 11:55,0.481
02/12/06 12:00,0.482
02/12/06 12:05,0.481
02/12/06 12:10,0.479
02/12/06 12:15,0.476
02/12/06 12:20,0.475
02/12/06 12:25,0.475
02/12/06 12:30,0.475
02/12/06 12:35,0.472
02/12/06 12:40,0.468
02/12/06 12:45,0.464
02/12/06 12:50,0.458
02/12/06 12:55,0.453
02/12/06 13:00,0.448
02/12/06 13:05,0.444
02/12/06 13:10,0.443
02/12/06 13:15,0.439
02/12/06 13:20,0.433
02/12/06 13:25,0.428
02/12/06 13:30,0.423
02/12/06 13:35,0.420
02/12/06 13:40,0.415
02/12/06 13:45,0.409
02/12/06 13:50,0.403
02/12/06 13:55,0.394
02/12/06 14:00,0.387
02/12/06 14:05,0.375
02/12/06 14:10,0.369
02/12/06 14:15,0.365
02/12/06 14:20,0.351
02/12/06 14:25,0.333
02/12/06 14:30,0.307
02/12/06 14:35,0.271
02/12/06 14:40,0.240
02/12/06 14:45,0.220
02/12/06 14:50,0.199
02/12/06 14:55,0.179
02/12/06 15:00,0.200
02/12/06 15:05,0.210
02/12/06 15:10,0.220
02/12/06 15:15,0.210
02/12/06 15:20,0.208
02/12/06 15:25,0.186
02/12/06 15:30,0.168
02/12/06 15:35,0.148
02/12/06 15:40,0.127
02/12/06 15:45,0.109
02/12/06 15:50,0.106
02/12/06 15:55,0.089
02/12/06 16:00,0.079
02/12/06 16:05,0.052
02/12/06 16:10,0.027
02/12/06 16:15,0.012
02/12/06 16:20,0.003
02/12/06 16:25,0.000
02/12/06 16:30,0.000
02/12/06 16:35,0.000
02/12/06 16:40,0.000
02/12/06 16:45,0.000
02/12/06 16:50,0.000
02/12/06 16:55,0.000
02/12/06 17:00,0.000
02/12/06 17:05,0.000
02/12/06 17:10,0.000
02/12/06 17:15,0.000
02/12/06 17:20,0.000
02/12/06 17:25,0.000
02/12/06 17:30,0.000
02/12/06 17:35,0.000
02/12/06 17:40,0.000
02/12/06 17:45,0.000
02/12/06 17:50,0.000
02/12/06 17:55,0.000
02/12/06 18:00,0.000
02/12/06 18:05,0.000
02/12/06 18:10,0.000
02/12/06 18:15,0.000
02/12/06 18:20,0.000
02/12/06 18:25,0.000
02/12/06 18:30,0.000
02/12/06 18:35,0.000
02/12/06 18:40,0.000
02/12/06 18:45,0.000
02/12/06 18:50,0.000
02/12/06 18:55,0.000
02/12/06 19:00,0.000
02/12/06 19:05,0.000
02/12/06 19:10,0.000
02/12/06 19:15,0.000
02/12/06 19:20,0.000
02/12/06 19:25,0.000
02/12/06 19:30,0.000
02/12/06 19:35,0.000
02/12/06 19:40,0.000
02/12/06 19:45,0.000
02/12/06 19:50,0.000
02/12/06 19:55,0.000
02/12/06 20:00,0.000
02/12/06 20:05,0.000
02/12/06 20:10,0.000
02/12/06 20:15,0.000
02/12/06 20:20,0.000
02/12/06 20:25,0.000
02/12/06 20:30,0.000
02/12/06 20:35,0.000
02/12/06 20:40,0.000
02/12/06 20:45,0.000
02/12/06 20:50,0.000
02/12/06 20:55,0.000
02/12/06 21:00,0.000
02/12/06 21:05,0.000
02/12/06 21:10,0.000
02/12/06 21:15,0.000
02/12/06 21:20,0.000
02/12/06 21:25,0.000
02/12/06 21:30,0.000
02/12/06 21:35,0.000
02/12/06 21:40,0.000
02/12/06 21:45,0.000
02/12/06 21:50,0.000
02/12/06 21:55,0.000
02/12/06 22:00,0.000
02/12/06 22:05,0.000
02/12/06 22:10,0.000
02/12/06 22:15,0.000
02/12/06 22:20,0.000
02/12/06 22:25,0.000
02/12/06 22:30,0.000
02/12/06 22:35,0.000
02/12/06 22:40,0.000
02/12/06 22:45,0.000
02/12/06 22:50,0.000
02/12/06 22:55,0.000
02/12/06 23:00,0.000
02/12/06 23:05,0.000
02/12/06 23:10,0.000
02/12/06 23:15,0.000
02/12/06 23:20,0.000
02/12/06 23:25,0.000
02/12/06 23:30,0.000
02/12/06 23:35,0.000
02/12/06 23:40,0.000
02/12/06 23:45,0.000
02/12/06 23:50,0.000
02/12/06 23:55,0.000
02/13/06 00:00,0.000
02/13/06 00:05,0.000
02/13/06 00:10,0.000
02/13/06 00:15,0.000
02/13/06 00:20,0.000
02/13/06 00:25,0.000
02/13/06 00:30,0.000
02/13/06 00:35,0.000
02/13/06 00:40,0.000
02/13/06 00:45,0.000
02/13/06 00:50,0.000
02/13/06 00:55,0.000
02/13/06 01:00,0.000
02/13/06 01:05,0.000
02/13/06 01:10,0.000
02/13/06 01:15,0.000
02/13/06 01:20,0.000
02/13/06 01:25,0.000
02/13/06 01:30,0.000
02/13/06 01:35,0.000
02/13/06 01:40,0.000
02/13/06 01:45,0.000
02/13/06 01:50,0.000
02/13/06 01:55,0.000
02/13/06 02:00,0.000
02/13/06 02:05,0.000
02/13/06 02:10,0.000
02/13/06 02:15,0.000
02/13/06 02:20,0.000
02/13/06 02:25,0.000
02/13/06 02:30,0.000
02/13/06 02:35,0.000
02/13/06 02:40,0.000
02/13/06 02:45,0.000
02/13/06 02:50,0.000
02/13/06 02:55,0.000
02/13/06 03:00,0.000
02/13/06 03:05,0.000
02/13/06 03:10,0.000
02/13/06 03:15,0.000
02/13/06 03:20,0.000
02/13/06 03:25,0.000
02/13/06 03:30,0.000
02/13/06 03:35,0.000
02/13/06 03:40,0.000
02/13/06 03:45,0.000
02/13/06 03:50,0.000
02/13/06 03:55,0.000
02/13/06 04:00,0.000
02/13/06 04:05,0.000
02/13/06 04:10,0.000
02/13/06 04:15,0.000
02/13/06 04:20,0.000
02/13/06 04:25,0.000
02/13/06 04:30,0.000
02/13/06 04:35,0.000
02/13/06 04:40,0.000
02/13/06 04:45,0.000
02/13/06 04:50,0.000
02/13/06 04:55,0.000
02/13/06 05:00,0.000
02/13/06 05:05,0.000
02/13/06 05:10,0.000
02/13/06 05:15,0.000
02/13/06 05:20,0.000
02/13/06 05:25,0.000
02/13/06 05:30,0.000
02/13/06 05:35,0.000
02/13/06 05:40,0.000
02/13/06 05:45,0.000
02/13/06 05:50,0.000
02/13/06 05:55,0.000
02/13/06 06:00,0.000
02/13/06 06:05,0.000
02/13/06 06:10,0.000
02/13/06 06:15,0.000
02/13/06 06:20,0.000
02/13/06 06:25,0.000
02/13/06 06:30,0.000
02/13/06 06:35,0.000
02/13/06 06:40,0.000
02/13/06 06:45,0.000
02/13/06 06:50,0.000
02/13/06 06:55,0.000
02/13/06 07:00,0.000
02/13/06 07:05,0.000
02/13/06 07:10,0.000
02/13/06 07:15,0.000
02/13/06 07:20,0.000
02/13/06 07:25,0.000
02/13/06 07:30,0.000
02/13/06 07:35,0.000
02/13/06 07:40,0.000
02/13/06 07:45,0.000
02/13/06 07:50,0.000
02/13/06 07:55,0.000
02/13/06 08:00,0.000
02/13/06 08:05,0.000
02/13/06 08:10,0.000
02/13/06 08:15,0.000
02/13/06 08:20,0.000
02/13/06 08:25,0.000
02/13/06 08:30,0.000
02/13/06 08:35,0.000
02/13/06 08:40,0.000
02/13/06 08:45,0.000
02/13/06 08:50,0.000
02/13/06 08:55,0.000
02/13/06 09:00,0.000
02/13/06 09:05,0.001
02/13/06 09:10,0.002
02/13/06 09:15,0.005
02/13/06 09:20,0.010
02/13/06 09:25,0.017
02/13/06 09:30,0.020
02/13/06 09:35,0.017
02/13/06 09:40,0.024
02/13/06 09:45,0.027
02/13/06 09:50,0.023
02/13/06 09:55,0.024
02/13/06 10:00,0.020
02/13/06 10:05,0.020
02/13/06 10:10,0.021
02/13/06 10:15,0.024
02/13/06 10:20,0.029
02/13/06 10:25,0.035
02/13/06 10:30,0.057
02/13/06 10:35,0.075
02/13/06 10:40,0.082
02/13/06 10:45,0.087
02/13/06 10:50,0.091
02/13/06 10:55,0.090
02/13/06 11:00,0.079
02/13/06 11:05,0.044
02/13/06 11:10,0.036
02/13/06 11:15,0.042
02/13/06 11:20,0.056
02/13/06 11:25,0.083
02/13/06 11:30,0.087
02/13/06 11:35,0.090
02/13/06 11:40,0.092
02/13/06 11:45,0.097
02/13/06 11:50,0.100
02/13/06 11:55,0.102
02/13/06 12:00,0.089
02/13/06 12:05,0.056
02/13/06 12:10,0.030
02/13/06 12:15,0.023
02/13/06 12:20,0.021
02/13/06 12:25,0.023
02/13/06 12:30,0.029
02/13/06 12:35,0.041
02/13/06 12:40,0.048
02/13/06 12:45,0.049
02/13/06 12:50,0.046
02/13/06 12:55,0.040
02/13/06 13:00,0.029
02/13/06 13:05,0.022
02/13/06 13:10,0.018
02/13/06 13:15,0.016
02/13/06 13:20,0.013
02/13/06 13:25,0.009
02/13/06 13:30,0.007
02/13/06 13:35,0.004
02/13/06 13:40,0.003
02/13/06 13:45,0.002
02/13/06 13:50,0.001
02/13/06 13:55,0.001
02/13/06 14:00,0.002
02/13/06 14:05,0.003
02/13/06 14:10,0.004
02/13/06 14:15,0.004
02/13/06 14:20,0.003
02/13/06 14:25,0.004
02/13/06 14:30,0.004
02/13/06 14:35,0.004
02/13/06 14:40,0.004
02/13/06 14:45,0.003
02/13/06 14:50,0.002
02/13/06 14:55,0.002
02/13/06 15:00,0.001
02/13/06 15:05,0.001
02/13/06 15:10,0.001
02/13/06 15:15,0.001
02/13/06 15:20,0.001
02/13/06 15:25,0.001
02/13/06 15:30,0.001
02/13/06 15:35,0.001
02/13/06 15:40,0.001
02/13/06 15:45,0.001
02/13/06 15:50,0.002
02/13/06 15:55,0.003
02/13/06 16:00,0.004
02/13/06 16:05,0.003
02/13/06 16:10,0.002
02/13/06 16:15,0.001
02/13/06 16:20,0.000
02/13/06 16:25,0.000
02/13/06 16:30,0.000
02/13/06 16:35,0.000
02/13/06 16:40,0.000
02/13/06 16:45,0.000
02/13/06 16:50,0.000
02/13/06 16:55,0.000
02/13/06 17:00,0.000
02/13/06 17:05,0.000
02/13/06 17:10,0.000
02/13/06 17:15,0.000
02/13/06 17:20,0.000
02/13/06 17:25,0.000
02/13/06 17:30,0.000
02/13/06 17:35,0.000
02/13/06 17:40,0.000
02/13/06 17:45,0.000
02/13/06 17:50,0.000
02/13/06 17:55,0.000
02/13/06 18:00,0.000
02/13/06 18:05,0.000
02/13/06 18:10,0.000
02/13/06 18:15,0.000
02/13/06 18:20,0.000
02/13/06 18:25,0.000
02/13/06 18:30,0.000
02/13/06 18:35,0.000
02/13/06 18:40,0.000
02/13/06 18:45,0.000
02/13/06 18:50,0.000
02/13/06 18:55,0.000
02/13/06 19:00,0.000
02/13/06 19:05,0.000
02/13/06 19:10,0.000
02/13/06 19:15,0.000
02/13/06 19:20,0.000
02/13/06 19:25,0.000
02/13/06 19:30,0.000
02/13/06 19:35,0.000
02/13/06 19:40,0.000
02/13/06 19:45,0.000
02/13/06 19:50,0.000
02/13/06 19:55,0.000
02/13/06 20:00,0.000
02/13/06 20:05,0.000
02/13/06 20:10,0.000
02/13/06 20:15,0.000
02/13/06 20:20,0.000
02/13/06 20:25,0.000
02/13/06 20:30,0.000
02/13/06 20:35,0.000
02/13/06 20:40,0.000
02/13/06 20:45,0.000
02/13/06 20:50,0.000
02/13/06 20:55,0.000
02/13/06 21:00,0.000
02/13/06 21:05,0.000
02/13/06 21:10,0.000
02/13/06 21:15,0.000
02/13/06 21:20,0.000
02/13/06 21:25,0.000
02/13/06 21:30,0.000
02/13/06 21:35,0.000
02/13/06 21:40,0.000
02/13/06 21:45,0.000
02/13/06 21:50,0.000
02/13/06 21:55,0.000
02/13/06 22:00,0.000
02/13/06 22:05,0.000
02/13/06 22:10,0.000
02/13/06 22:15,0.000
02/13/06 22:20,0.000
02/13/06 22:25,0.000
02/13/06 22:30,0.000
02/13/06 22:35,0.000
02/13/06 22:40,0.000
02/13/06 22:45,0.000
02/13/06 22:50,0.000
02/13/06 22:55,0.000
02/13/06 23:00,0.000
02/13/06 23:05,0.000
02/13/06 23:10,0.000
02/13/06 23:15,0.000
02/13/06 23:20,0.000
02/13/06 23:25,0.000
02/13/06 23:30,0.000
02/13/06 23:35,0.000
02/13/06 23:40,0.000
02/13/06 23:45,0.000
02/13/06 23:50,0.000
02/13/06 23:55,0.000
02/14/06 00:00,0.000
02/14/06 00:05,0.000
02/14/06 00:10,0.000
02/14/06 00:15,0.000
02/14/06 00:20,0.000
02/14/06 00:25,0.000
02/14/06 00:30,0.000
02/14/06 00:35,0.000
02/14/06 00:40,0.000
02/14/06 00:45,0.000
02/14/06 00:50,0.000
02/14/06 00:55,0.000
02/14/06 01:00,0.000
02/14/06 01:05,0.000
02/14/06 01:10,0.000
02/14/06 01:15,0.000
02/14/06 01:20,0.000
02/14/06 01:25,0.000
02/14/06 01:30,0.000
02/14/06 01:35,0.000
02/14/06 01:40,0.000
02/14/06 01:45,0.000
02/14/06 01:50,0.000
02/14/06 01:55,0.000
02/14/06 02:00,0.000
02/14/06 02:05,0.000
02/14/06 02:10,0.000
02/14/06 02:15,0.000
02/14/06 02:20,0.000
02/14/06 02:25,0.000
02/14/06 02:30,0.000
02/14/06 02:35,0.000
02/14/06 02:40,0.000
02/14/06 02:45,0.000
02/14/06 02:50,0.000
02/14/06 02:55,0.000
02/14/06 03:00,0.000
02/14/06 03:05,0.000
02/14/06 03:10,0.000
02/14/06 03:15,0.000
02/14/06 03:20,0.000
02/14/06 03:25,0.000
02/14/06 03:30,0.000
02/14/06 03:35,0.000
02/14/06 03:40,0.000
02/14/06 03:45,0.000
02/14/06 03:50,0.000
02/14/06 03:55,0.000
02/14/06 04:00,0.000
02/14/06 04:05,0.000
02/14/06 04:10,0.000
02/14/06 04:15,0.000
02/14/06 04:20,0.000
02/14/06 04:25,0.000
02/14/06 04:30,0.000
02/14/06 04:35,0.000
02/14/06 04:40,0.000
02/14/06 04:45,0.000
02/14/06 04:50,0.000
02/14/06 04:55,0.000
02/14/06 05:00,0.000
02/14/06 05:05,0.000
02/14/06 05:10,0.000
02/14/06 05:15,0.000
02/14/06 05:20,0.000
02/14/06 05:25,0.000
02/14/06 05:30,0.000
02/14/06 05:35,0.000
02/14/06 05:40,0.000
02/14/06 05:45,0.000
02/14/06 05:50,0.000
02/14/06 05:55,0.000
02/14/06 06:00,0.000
02/14/06 06:05,0.000
02/14/06 06:10,0.000
02/14/06 06:15,0.000
02/14/06 06:20,0.000
02/14/06 06:25,0.000
02/14/06 06:30,0.000
02/14/06 06:35,0.000
02/14/06 06:40,0.000
02/14/06 06:45,0.000
02/14/06 06:50,0.000
02/14/06 06:55,0.000
02/14/06 07:00,0.000
02/14/06 07:05,0.000
02/14/06 07:10,0.000
02/14/06 07:15,0.000
02/14/06 07:20,0.000
02/14/06 07:25,0.000
02/14/06 07:30,0.000
02/14/06 07:35,0.000
02/14/06 07:40,0.005
02/14/06 07:45,0.016
02/14/06 07:50,0.052
02/14/06 07:55,0.091
02/14/06 08:00,0.113
02/14/06 08:05,0.134
02/14/06 08:10,0.153
02/14/06 08:15,0.172
02/14/06 08:20,0.191
02/14/06 08:25,0.207
02/14/06 08:30,0.223
02/14/06 08:35,0.241
02/14/06 08:40,0.259
02/14/06 08:45,0.277
02/14/06 08:50,0.294
02/14/06 08:55,0.310
02/14/06 09:00,0.318
02/14/06 09:05,0.324
02/14/06 09:10,0.320
02/14/06 09:15,0.298
02/14/06 09:20,0.303
02/14/06 09:25,0.296
02/14/06 09:30,0.272
02/14/06 09:35,0.291
02/14/06 09:40,0.309
02/14/06 09:45,0.331
02/14/06 09:50,0.338
02/14/06 09:55,0.295
02/14/06 10:00,0.310
02/14/06 10:05,0.264
02/14/06 10:10,0.263
02/14/06 10:15,0.250
02/14/06 10:20,0.183
02/14/06 10:25,0.132
02/14/06 10:30,0.132
02/14/06 10:35,0.156
02/14/06 10:40,0.205
02/14/06 10:45,0.290
02/14/06 10:50,0.334
02/14/06 10:55,0.364
02/14/06 11:00,0.364
02/14/06 11:05,0.348
02/14/06 11:10,0.315
02/14/06 11:15,0.261
02/14/06 11:20,0.247
02/14/06 11:25,0.273
02/14/06 11:30,0.338
02/14/06 11:35,0.361
02/14/06 11:40,0.351
02/14/06 11:45,0.289
02/14/06 11:50,0.301
02/14/06 11:55,0.281
02/14/06 12:00,0.278
02/14/06 12:05,0.281
02/14/06 12:10,0.283
02/14/06 12:15,0.288
02/14/06 12:20,0.287
02/14/06 12:25,0.284
02/14/06 12:30,0.282
02/14/06 12:35,0.305
02/14/06 12:40,0.332
02/14/06 12:45,0.361
02/14/06 12:50,0.386
02/14/06 12:55,0.405
02/14/06 13:00,0.371
02/14/06 13:05,0.367
02/14/06 13:10,0.351
02/14/06 13:15,0.353
02/14/06 13:20,0.312
02/14/06 13:25,0.325
02/14/06 13:30,0.330
02/14/06 13:35,0.330
02/14/06 13:40,0.294
02/14/06 13:45,0.264
02/14/06 13:50,0.253
02/14/06 13:55,0.258
02/14/06 14:00,0.220
02/14/06 14:05,0.196
02/14/06 14:10,0.192
02/14/06 14:15,0.239
02/14/06 14:20,0.272
02/14/06 14:25,0.255
02/14/06 14:30,0.255
02/14/06 14:35,0.214
02/14/06 14:40,0.150
02/14/06 14:45,0.142
02/14/06 14:50,0.131
02/14/06 14:55,0.157
02/14/06 15:00,0.156
02/14/06 15:05,0.161
02/14/06 15:10,0.179
02/14/06 15:15,0.208
02/14/06 15:20,0.213
02/14/06 15:25,0.187
02/14/06 15:30,0.161
02/14/06 15:35,0.131
02/14/06 15:40,0.115
02/14/06 15:45,0.067
02/14/06 15:50,0.068
02/14/06 15:55,0.096
02/14/06 16:00,0.102
02/14/06 16:05,0.098
02/14/06 16:10,0.088
02/14/06 16:15,0.065
02/14/06 16:20,0.031
02/14/06 16:25,0.012
02/14/06 16:30,0.004
02/14/06 16:35,0.001
02/14/06 16:40,0.000
02/14/06 16:45,0.000
02/14/06 16:50,0.000
02/14/06 16:55,0.000
02/14/06 17:00,0.000
02/14/06 17:05,0.000
02/14/06 17:10,0.000
02/14/06 17:15,0.000
02/14/06 17:20,0.000
02/14/06 17:25,0.000
02/14/06 17:30,0.000
02/14/06 17:35,0.000
02/14/06 17:40,0.000
02/14/06 17:45,0.000
02/14/06 17:50,0.000
02/14/06 17:55,0.000
02/14/06 18:00,0.000
02/14/06 18:05,0.000
02/14/06 18:10,0.000
02/14/06 18:15,0.000
02/14/06 18:20,0.000
02/14/06 18:25,0.000
02/14/06 18:30,0.000
02/14/06 18:35,0.000
02/14/06 18:40,0.000
02/14/06 18:45,0.000
02/14/06 18:50,0.000
02/14/06 18:55,0.000
02/14/06 19:00,0.000
02/14/06 19:05,0.000
02/14/06 19:10,0.000
02/14/06 19:15,0.000
02/14/06 19:20,0.000
02/14/06 19:25,0.000
02/14/06 19:30,0.000
02/14/06 19:35,0.000
02/14/06 19:40,0.000
02/14/06 19:45,0.000
02/14/06 19:50,0.000
02/14/06 19:55,0.000
02/14/06 20:00,0.000
02/14/06 20:05,0.000
02/14/06 20:10,0.000
02/14/06 20:15,0.000
02/14/06 20:20,0.000
02/14/06 20:25,0.000
02/14/06 20:30,0.000
02/14/06 20:35,0.000
02/14/06 20:40,0.000
02/14/06 20:45,0.000
02/14/06 20:50,0.000
02/14/06 20:55,0.000
02/14/06 21:00,0.000
02/14/06 21:05,0.000
02/14/06 21:10,0.000
02/14/06 21:15,0.000
02/14/06 21:20,0.000
02/14/06 21:25,0.000
02/14/06 21:30,0.000
02/14/06 21:35,0.000
02/14/06 21:40,0.000
02/14/06 21:45,0.000
02/14/06 21:50,0.000
02/14/06 21:55,0.000
02/14/06 22:00,0.000
02/14/06 22:05,0.000
02/14/06 22:10,0.000
02/14/06 22:15,0.000
02/14/06 22:20,0.000
02/14/06 22:25,0.000
02/14/06 22:30,0.000
02/14/06 22:35,0.000
02/14/06 22:40,0.000
02/14/06 22:45,0.000
02/14/06 22:50,0.000
02/14/06 22:55,0.000
02/14/06 23:00,0.000
02/14/06 23:05,0.000
02/14/06 23:10,0.000
02/14/06 23:15,0.000
02/14/06 23:20,0.000
02/14/06 23:25,0.000
02/14/06 23:30,0.000
02/14/06 23:35,0.000
02/14/06 23:40,0.000
02/14/06 23:45,0.000
02/14/06 23:50,0.000
02/14/06 23:55,0.000
02/15/06 00:00,0.000
02/15/06 00:05,0.000
02/15/06 00:10,0.000
02/15/06 00:15,0.000
02/15/06 00:20,0.000
02/15/06 00:25,0.000
02/15/06 00:30,0.000
02/15/06 00:35,0.000
02/15/06 00:40,0.000
02/15/06 00:45,0.000
02/15/06 00:50,0.000
02/15/06 00:55,0.000
02/15/06 01:00,0.000
02/15/06 01:05,0.000
02/15/06 01:10,0.000
02/15/06 01:15,0.000
02/15/06 01:20,0.000
02/15/06 01:25,0.000
02/15/06 01:30,0.000
02/15/06 01:35,0.000
02/15/06 01:40,0.000
02/15/06 01:45,0.000
02/15/06 01:50,0.000
02/15/06 01:55,0.000
02/15/06 02:00,0.000
02/15/06 02:05,0.000
02/15/06 02:10,0.000
02/15/06 02:15,0.000
02/15/06 02:20,0.000
02/15/06 02:25,0.000
02/15/06 02:30,0.000
02/15/06 02:35,0.000
02/15/06 02:40,0.000
02/15/06 02:45,0.000
02/15/06 02:50,0.000
02/15/06 02:55,0.000
02/15/06 03:00,0.000
02/15/06 03:05,0.000
02/15/06 03:10,0.000
02/15/06 03:15,0.000
02/15/06 03:20,0.000
02/15/06 03:25,0.000
02/15/06 03:30,0.000
02/15/06 03:35,0.000
02/15/06 03:40,0.000
02/15/06 03:45,0.000
02/15/06 03:50,0.000
02/15/06 03:55,0.000
02/15/06 04:00,0.000
02/15/06 04:05,0.000
02/15/06 04:10,0.000
02/15/06 04:15,0.000
02/15/06 04:20,0.000
02/15/06 04:25,0.000
02/15/06 04:30,0.000
02/15/06 04:35,0.000
02/15/06 04:40,0.000
02/15/06 04:45,0.000
02/15/06 04:50,0.000
02/15/06 04:55,0.000
02/15/06 05:00,0.000
02/15/06 05:05,0.000
02/15/06 05:10,0.000
02/15/06 05:15,0.000
02/15/06 05:20,0.000
02/15/06 05:25,0.000
02/15/06 05:30,0.000
02/15/06 05:35,0.000
02/15/06 05:40,0.000
02/15/06 05:45,0.000
02/15/06 05:50,0.000
02/15/06 05:55,0.000
02/15/06 06:00,0.000
02/15/06 06:05,0.000
02/15/06 06:10,0.000
02/15/06 06:15,0.000
02/15/06 06:20,0.000
02/15/06 06:25,0.000
02/15/06 06:30,0.000
02/15/06 06:35,0.000
02/15/06 06:40,0.000
02/15/06 06:45,0.000
02/15/06 06:50,0.000
02/15/06 06:55,0.000
02/15/06 07:00,0.000
02/15/06 07:05,0.000
02/15/06 07:10,0.000
02/15/06 07:15,0.000
02/15/06 07:20,0.000
02/15/06 07:25,0.000
02/15/06 07:30,0.000
02/15/06 07:35,0.000
02/15/06 07:40,0.003
02/15/06 07:45,0.013
02/15/06 07:50,0.050
02/15/06 07:55,0.090
02/15/06 08:00,0.114
02/15/06 08:05,0.136
02/15/06 08:10,0.157
02/15/06 08:15,0.178
02/15/06 08:20,0.199
02/15/06 08:25,0.221
02/15/06 08:30,0.240
02/15/06 08:35,0.259
02/15/06 08:40,0.277
02/15/06 08:45,0.295
02/15/06 08:50,0.313
02/15/06 08:55,0.331
02/15/06 09:00,0.339
02/15/06 09:05,0.332
02/15/06 09:10,0.333
02/15/06 09:15,0.294
02/15/06 09:20,0.297
02/15/06 09:25,0.283
02/15/06 09:30,0.291
02/15/06 09:35,0.293
02/15/06 09:40,0.292
02/15/06 09:45,0.331
02/15/06 09:50,0.362
02/15/06 09:55,0.378
02/15/06 10:00,0.394
02/15/06 10:05,0.406
02/15/06 10:10,0.415
02/15/06 10:15,0.419
02/15/06 10:20,0.425
02/15/06 10:25,0.429
02/15/06 10:30,0.431
02/15/06 10:35,0.432
02/15/06 10:40,0.434
02/15/06 10:45,0.438
02/15/06 10:50,0.439
02/15/06 10:55,0.440
02/15/06 11:00,0.454
02/15/06 11:05,0.467
02/15/06 11:10,0.479
02/15/06 11:15,0.484
02/15/06 11:20,0.488
02/15/06 11:25,0.491
02/15/06 11:30,0.493
02/15/06 11:35,0.495
02/15/06 11:40,0.495
02/15/06 11:45,0.497
02/15/06 11:50,0.495
02/15/06 11:55,0.494
02/15/06 12:00,0.502
02/15/06 12:05,0.508
02/15/06 12:10,0.511
02/15/06 12:15,0.513
02/15/06 12:20,0.513
02/15/06 12:25,0.514
02/15/06 12:30,0.513
02/15/06 12:35,0.514
02/15/06 12:40,0.515
02/15/06 12:45,0.513
02/15/06 12:50,0.511
02/15/06 12:55,0.509
02/15/06 13:00,0.499
02/15/06 13:05,0.492
02/15/06 13:10,0.487
02/15/06 13:15,0.470
02/15/06 13:20,0.386
02/15/06 13:25,0.358
02/15/06 13:30,0.385
02/15/06 13:35,0.403
02/15/06 13:40,0.414
02/15/06 13:45,0.423
02/15/06 13:50,0.427
02/15/06 13:55,0.420
02/15/06 14:00,0.395
02/15/06 14:05,0.334
02/15/06 14:10,0.297
02/15/06 14:15,0.258
02/15/06 14:20,0.236
02/15/06 14:25,0.269
02/15/06 14:30,0.240
02/15/06 14:35,0.164
02/15/06 14:40,0.144
02/15/06 14:45,0.152
02/15/06 14:50,0.139
02/15/06 14:55,0.136
02/15/06 15:00,0.193
02/15/06 15:05,0.224
02/15/06 15:10,0.239
02/15/06 15:15,0.245
02/15/06 15:20,0.244
02/15/06 15:25,0.234
02/15/06 15:30,0.225
02/15/06 15:35,0.188
02/15/06 15:40,0.136
02/15/06 15:45,0.128
02/15/06 15:50,0.106
02/15/06 15:55,0.066
02/15/06 16:00,0.014
02/15/06 16:05,0.003
02/15/06 16:10,0.001
02/15/06 16:15,0.000
02/15/06 16:20,0.000
02/15/06 16:25,0.000
02/15/06 16:30,0.000
02/15/06 16:35,0.000
02/15/06 16:40,0.000
02/15/06 16:45,0.000
02/15/06 16:50,0.000
02/15/06 16:55,0.000
02/15/06 17:00,0.000
02/15/06 17:05,0.000
02/15/06 17:10,0.000
02/15/06 17:15,0.000
02/15/06 17:20,0.000
02/15/06 17:25,0.000
02/15/06 17:30,0.000
02/15/06 17:35,0.000
02/15/06 17:40,0.000
02/15/06 17:45,0.000
02/15/06 17:50,0.000
02/15/06 17:55,0.000
02/15/06 18:00,0.000
02/15/06 18:05,0.000
02/15/06 18:10,0.000
02/15/06 18:15,0.000
02/15/06 18:20,0.000
02/15/06 18:25,0.000
02/15/06 18:30,0.000
02/15/06 18:35,0.000
02/15/06 18:40,0.000
02/15/06 18:45,0.000
02/15/06 18:50,0.000
02/15/06 18:55,0.000
02/15/06 19:00,0.000
02/15/06 19:05,0.000
02/15/06 19:10,0.000
02/15/06 19:15,0.000
02/15/06 19:20,0.000
02/15/06 19:25,0.000
02/15/06 19:30,0.000
02/15/06 19:35,0.000
02/15/06 19:40,0.000
02/15/06 19:45,0.000
02/15/06 19:50,0.000
02/15/06 19:55,0.000
02/15/06 20:00,0.000
02/15/06 20:05,0.000
02/15/06 20:10,0.000
02/15/06 20:15,0.000
02/15/06 20:20,0.000
02/15/06 20:25,0.000
02/15/06 20:30,0.000
02/15/06 20:35,0.000
02/15/06 20:40,0.000
02/15/06 20:45,0.000
02/15/06 20:50,0.000
02/15/06 20:55,0.000
02/15/06 21:00,0.000
02/15/06 21:05,0.000
02/15/06 21:10,0.000
02/15/06 21:15,0.000
02/15/06 21:20,0.000
02/15/06 21:25,0.000
02/15/06 21:30,0.000
02/15/06 21:35,0.000
02/15/06 21:40,0.000
02/15/06 21:45,0.000
02/15/06 21:50,0.000
02/15/06 21:55,0.000
02/15/06 22:00,0.000
02/15/06 22:05,0.000
02/15/06 22:10,0.000
02/15/06 22:15,0.000
02/15/06 22:20,0.000
02/15/06 22:25,0.000
02/15/06 22:30,0.000
02/15/06 22:35,0.000
02/15/06 22:40,0.000
02/15/06 22:45,0.000
02/15/06 22:50,0.000
02/15/06 22:55,0.000
02/15/06 23:00,0.000
02/15/06 23:05,0.000
02/15/06 23:10,0.000
02/15/06 23:15,0.000
02/15/06 23:20,0.000
02/15/06 23:25,0.000
02/15/06 23:30,0.000
02/15/06 23:35,0.000
02/15/06 23:40,0.000
02/15/06 23:45,0.000
02/15/06 23:50,0.000
02/15/06 23:55,0.000
02/16/06 00:00,0.000
02/16/06 00:05,0.000
02/16/06 00:10,0.000
02/16/06 00:15,0.000
02/16/06 00:20,0.000
02/16/06 00:25,0.000
02/16/06 00:30,0.000
02/16/06 00:35,0.000
02/16/06 00:40,0.000
02/16/06 00:45,0.000
02/16/06 00:50,0.000
02/16/06 00:55,0.000
02/16/06 01:00,0.000
02/16/06 01:05,0.000
02/16/06 01:10,0.000
02/16/06 01:15,0.000
02/16/06 01:20,0.000
02/16/06 01:25,0.000
02/16/06 01:30,0.000
02/16/06 01:35,0.000
02/16/06 01:40,0.000
02/16/06 01:45,0.000
02/16/06 01:50,0.000
02/16/06 01:55,0.000
02/16/06 02:00,0.000
02/16/06 02:05,0.000
02/16/06 02:10,0.000
02/16/06 02:15,0.000
02/16/06 02:20,0.000
02/16/06 02:25,0.000
02/16/06 02:30,0.000
02/16/06 02:35,0.000
02/16/06 02:40,0.000
02/16/06 02:45,0.000
02/16/06 02:50,0.000
02/16/06 02:55,0.000
02/16/06 03:00,0.000
02/16/06 03:05,0.000
02/16/06 03:10,0.000
02/16/06 03:15,0.000
02/16/06 03:20,0.000
02/16/06 03:25,0.000
02/16/06 03:30,0.000
02/16/06 03:35,0.000
02/16/06 03:40,0.000
02/16/06 03:45,0.000
02/16/06 03:50,0.000
02/16/06 03:55,0.000
02/16/06 04:00,0.000
02/16/06 04:05,0.000
02/16/06 04:10,0.000
02/16/06 04:15,0.000
02/16/06 04:20,0.000
02/16/06 04:25,0.000
02/16/06 04:30,0.000
02/16/06 04:35,0.000
02/16/06 04:40,0.000
02/16/06 04:45,0.000
02/16/06 04:50,0.000
02/16/06 04:55,0.000
02/16/06 05:00,0.000
02/16/06 05:05,0.000
02/16/06 05:10,0.000
02/16/06 05:15,0.000
02/16/06 05:20,0.000
02/16/06 05:25,0.000
02/16/06 05:30,0.000
02/16/06 05:35,0.000
02/16/06 05:40,0.000
02/16/06 05:45,0.000
02/16/06 05:50,0.000
02/16/06 05:55,0.000
02/16/06 06:00,0.000
02/16/06 06:05,0.000
02/16/06 06:10,0.000
02/16/06 06:15,0.000
02/16/06 06:20,0.000
02/16/06 06:25,0.000
02/16/06 06:30,0.000
02/16/06 06:35,0.000
02/16/06 06:40,0.000
02/16/06 06:45,0.000
02/16/06 06:50,0.000
02/16/06 06:55,0.000
02/16/06 07:00,0.000
02/16/06 07:05,0.000
02/16/06 07:10,0.000
02/16/06 07:15,0.000
02/16/06 07:20,0.000
02/16/06 07:25,0.000
02/16/06 07:30,0.000
02/16/06 07:35,0.000
02/16/06 07:40,0.000
02/16/06 07:45,0.000
02/16/06 07:50,0.000
02/16/06 07:55,0.000
02/16/06 08:00,0.000
02/16/06 08:05,0.000
02/16/06 08:10,0.000
02/16/06 08:15,0.000
02/16/06 08:20,0.001
02/16/06 08:25,0.001
02/16/06 08:30,0.001
02/16/06 08:35,0.002
02/16/06 08:40,0.002
02/16/06 08:45,0.002
02/16/06 08:50,0.003
02/16/06 08:55,0.003
02/16/06 09:00,0.004
02/16/06 09:05,0.005
02/16/06 09:10,0.004
02/16/06 09:15,0.004
02/16/06 09:20,0.003
02/16/06 09:25,0.002
02/16/06 09:30,0.002
02/16/06 09:35,0.001
02/16/06 09:40,0.001
02/16/06 09:45,0.001
02/16/06 09:50,0.001
02/16/06 09:55,0.002
02/16/06 10:00,0.022
02/16/06 10:05,0.102
02/16/06 10:10,0.157
02/16/06 10:15,0.184
02/16/06 10:20,0.197
02/16/06 10:25,0.236
02/16/06 10:30,0.281
02/16/06 10:35,0.279
02/16/06 10:40,0.280
02/16/06 10:45,0.282
02/16/06 10:50,0.256
02/16/06 10:55,0.243
02/16/06 11:00,0.190
02/16/06 11:05,0.141
02/16/06 11:10,0.120
02/16/06 11:15,0.112
02/16/06 11:20,0.107
02/16/06 11:25,0.121
02/16/06 11:30,0.146
02/16/06 11:35,0.159
02/16/06 11:40,0.158
02/16/06 11:45,0.170
02/16/06 11:50,0.192
02/16/06 11:55,0.225
02/16/06 12:00,0.232
02/16/06 12:05,0.236
02/16/06 12:10,0.246
02/16/06 12:15,0.268
02/16/06 12:20,0.281
02/16/06 12:25,0.291
02/16/06 12:30,0.300
02/16/06 12:35,0.305
02/16/06 12:40,0.320
02/16/06 12:45,0.326
02/16/06 12:50,0.332
02/16/06 12:55,0.337
02/16/06 13:00,0.313
02/16/06 13:05,0.287
02/16/06 13:10,0.259
02/16/06 13:15,0.241
02/16/06 13:20,0.228
02/16/06 13:25,0.220
02/16/06 13:30,0.212
02/16/06 13:35,0.195
02/16/06 13:40,0.178
02/16/06 13:45,0.170
02/16/06 13:50,0.154
02/16/06 13:55,0.144
02/16/06 14:00,0.144
02/16/06 14:05,0.152
02/16/06 14:10,0.154
02/16/06 14:15,0.156
02/16/06 14:20,0.157
02/16/06 14:25,0.156
02/16/06 14:30,0.156
02/16/06 14:35,0.159
02/16/06 14:40,0.172
02/16/06 14:45,0.181
02/16/06 14:50,0.185
02/16/06 14:55,0.188
02/16/06 15:00,0.191
02/16/06 15:05,0.203
02/16/06 15:10,0.204
02/16/06 15:15,0.205
02/16/06 15:20,0.212
02/16/06 15:25,0.219
02/16/06 15:30,0.223
02/16/06 15:35,0.216
02/16/06 15:40,0.203
02/16/06 15:45,0.186
02/16/06 15:50,0.171
02/16/06 15:55,0.150
02/16/06 16:00,0.123
02/16/06 16:05,0.097
02/16/06 16:10,0.083
02/16/06 16:15,0.048
02/16/06 16:20,0.030
02/16/06 16:25,0.016
02/16/06 16:30,0.002
02/16/06 16:35,0.000
02/16/06 16:40,0.000
02/16/06 16:45,0.000
02/16/06 16:50,0.000
02/16/06 16:55,0.000
02/16/06 17:00,0.000
02/16/06 17:05,0.000
02/16/06 17:10,0.000
02/16/06 17:15,0.000
02/16/06 17:20,0.000
02/16/06 17:25,0.000
02/16/06 17:30,0.000
02/16/06 17:35,0.000
02/16/06 17:40,0.000
02/16/06 17:45,0.000
02/16/06 17:50,0.000
02/16/06 17:55,0.000
02/16/06 18:00,0.000
02/16/06 18:05,0.000
02/16/06 18:10,0.000
02/16/06 18:15,0.000
02/16/06 18:20,0.000
02/16/06 18:25,0.000
02/16/06 18:30,0.000
02/16/06 18:35,0.000
02/16/06 18:40,0.000
02/16/06 18:45,0.000
02/16/06 18:50,0.000
02/16/06 18:55,0.000
02/16/06 19:00,0.000
02/16/06 19:05,0.000
02/16/06 19:10,0.000
02/16/06 19:15,0.000
02/16/06 19:20,0.000
02/16/06 19:25,0.000
02/16/06 19:30,0.000
02/16/06 19:35,0.000
02/16/06 19:40,0.000
02/16/06 19:45,0.000
02/16/06 19:50,0.000
02/16/06 19:55,0.000
02/16/06 20:00,0.000
02/16/06 20:05,0.000
02/16/06 20:10,0.000
02/16/06 20:15,0.000
02/16/06 20:20,0.000
02/16/06 20:25,0.000
02/16/06 20:30,0.000
02/16/06 20:35,0.000
02/16/06 20:40,0.000
02/16/06 20:45,0.000
02/16/06 20:50,0.000
02/16/06 20:55,0.000
02/16/06 21:00,0.000
02/16/06 21:05,0.000
02/16/06 21:10,0.000
02/16/06 21:15,0.000
02/16/06 21:20,0.000
02/16/06 21:25,0.000
02/16/06 21:30,0.000
02/16/06 21:35,0.000
02/16/06 21:40,0.000
02/16/06 21:45,0.000
02/16/06 21:50,0.000
02/16/06 21:55,0.000
02/16/06 22:00,0.000
02/16/06 22:05,0.000
02/16/06 22:10,0.000
02/16/06 22:15,0.000
02/16/06 22:20,0.000
02/16/06 22:25,0.000
02/16/06 22:30,0.000
02/16/06 22:35,0.000
02/16/06 22:40,0.000
02/16/06 22:45,0.000
02/16/06 22:50,0.000
02/16/06 22:55,0.000
02/16/06 23:00,0.000
02/16/06 23:05,0.000
02/16/06 23:10,0.000
02/16/06 23:15,0.000
02/16/06 23:20,0.000
02/16/06 23:25,0.000
02/16/06 23:30,0.000
02/16/06 23:35,0.000
02/16/06 23:40,0.000
02/16/06 23:45,0.000
02/16/06 23:50,0.000
02/16/06 23:55,0.000
02/17/06 00:00,0.000
02/17/06 00:05,0.000
02/17/06 00:10,0.000
02/17/06 00:15,0.000
02/17/06 00:20,0.000
02/17/06 00:25,0.000
02/17/06 00:30,0.000
02/17/06 00:35,0.000
02/17/06 00:40,0.000
02/17/06 00:45,0.000
02/17/06 00:50,0.000
02/17/06 00:55,0.000
02/17/06 01:00,0.000
02/17/06 01:05,0.000
02/17/06 01:10,0.000
02/17/06 01:15,0.000
02/17/06 01:20,0.000
02/17/06 01:25,0.000
02/17/06 01:30,0.000
02/17/06 01:35,0.000
02/17/06 01:40,0.000
02/17/06 01:45,0.000
02/17/06 01:50,0.000
02/17/06 01:55,0.000
02/17/06 02:00,0.000
02/17/06 02:05,0.000
02/17/06 02:10,0.000
02/17/06 02:15,0.000
02/17/06 02:20,0.000
02/17/06 02:25,0.000
02/17/06 02:30,0.000
02/17/06 02:35,0.000
02/17/06 02:40,0.000
02/17/06 02:45,0.000
02/17/06 02:50,0.000
02/17/06 02:55,0.000
02/17/06 03:00,0.000
02/17/06 03:05,0.000
02/17/06 03:10,0.000
02/17/06 03:15,0.000
02/17/06 03:20,0.000
02/17/06 03:25,0.000
02/17/06 03:30,0.000
02/17/06 03:35,0.000
02/17/06 03:40,0.000
02/17/06 03:45,0.000
02/17/06 03:50,0.000
02/17/06 03:55,0.000
02/17/06 04:00,0.000
02/17/06 04:05,0.000
02/17/06 04:10,0.000
02/17/06 04:15,0.000
02/17/06 04:20,0.000
02/17/06 04:25,0.000
02/17/06 04:30,0.000
02/17/06 04:35,0.000
02/17/06 04:40,0.000
02/17/06 04:45,0.000
02/17/06 04:50,0.000
02/17/06 04:55,0.000
02/17/06 05:00,0.000
02/17/06 05:05,0.000
02/17/06 05:10,0.000
02/17/06 05:15,0.000
02/17/06 05:20,0.000
02/17/06 05:25,0.000
02/17/06 05:30,0.000
02/17/06 05:35,0.000
02/17/06 05:40,0.000
02/17/06 05:45,0.000
02/17/06 05:50,0.000
02/17/06 05:55,0.000
02/17/06 06:00,0.000
02/17/06 06:05,0.000
02/17/06 06:10,0.000
02/17/06 06:15,0.000
02/17/06 06:20,0.000
02/17/06 06:25,0.000
02/17/06 06:30,0.000
02/17/06 06:35,0.000
02/17/06 06:40,0.000
02/17/06 06:45,0.000
02/17/06 06:50,0.000
02/17/06 06:55,0.000
02/17/06 07:00,0.000
02/17/06 07:05,0.000
02/17/06 07:10,0.000
02/17/06 07:15,0.000
02/17/06 07:20,0.000
02/17/06 07:25,0.000
02/17/06 07:30,0.000
02/17/06 07:35,0.003
02/17/06 07:40,0.013
02/17/06 07:45,0.044
02/17/06 07:50,0.090
02/17/06 07:55,0.113
02/17/06 08:00,0.135
02/17/06 08:05,0.157
02/17/06 08:10,0.178
02/17/06 08:15,0.199
02/17/06 08:20,0.218
02/17/06 08:25,0.236
02/17/06 08:30,0.253
02/17/06 08:35,0.269
02/17/06 08:40,0.285
02/17/06 08:45,0.301
02/17/06 08:50,0.320
02/17/06 08:55,0.339
02/17/06 09:00,0.353
02/17/06 09:05,0.365
02/17/06 09:10,0.375
02/17/06 09:15,0.385
02/17/06 09:20,0.395
02/17/06 09:25,0.404
02/17/06 09:30,0.411
02/17/06 09:35,0.418
02/17/06 09:40,0.424
02/17/06 09:45,0.430
02/17/06 09:50,0.436
02/17/06 09:55,0.447
02/17/06 10:00,0.455
02/17/06 10:05,0.455
02/17/06 10:10,0.461
02/17/06 10:15,0.469
02/17/06 10:20,0.473
02/17/06 10:25,0.480
02/17/06 10:30,0.487
02/17/06 10:35,0.483
02/17/06 10:40,0.487
02/17/06 10:45,0.496
02/17/06 10:50,0.496
02/17/06 10:55,0.498
02/17/06 11:00,0.480
02/17/06 11:05,0.470
02/17/06 11:10,0.467
02/17/06 11:15,0.467
02/17/06 11:20,0.470
02/17/06 11:25,0.475
02/17/06 11:30,0.480
02/17/06 11:35,0.485
02/17/06 11:40,0.491
02/17/06 11:45,0.496
02/17/06 11:50,0.503
02/17/06 11:55,0.512
02/17/06 12:00,0.526
02/17/06 12:05,0.529
02/17/06 12:10,0.534
02/17/06 12:15,0.530
02/17/06 12:20,0.502
02/17/06 12:25,0.425
02/17/06 12:30,0.419
02/17/06 12:35,0.419
02/17/06 12:40,0.438
02/17/06 12:45,0.460
02/17/06 12:50,0.457
02/17/06 12:55,0.467
02/17/06 13:00,0.464
02/17/06 13:05,0.403
02/17/06 13:10,0.390
02/17/06 13:15,0.394
02/17/06 13:20,0.402
02/17/06 13:25,0.401
02/17/06 13:30,0.371
02/17/06 13:35,0.392
02/17/06 13:40,0.374
02/17/06 13:45,0.303
02/17/06 13:50,0.253
02/17/06 13:55,0.209
02/17/06 14:00,0.250
02/17/06 14:05,0.296
02/17/06 14:10,0.323
02/17/06 14:15,0.337
02/17/06 14:20,0.341
02/17/06 14:25,0.338
02/17/06 14:30,0.332
02/17/06 14:35,0.305
02/17/06 14:40,0.246
02/17/06 14:45,0.252
02/17/06 14:50,0.254
02/17/06 14:55,0.254
02/17/06 15:00,0.250
02/17/06 15:05,0.243
02/17/06 15:10,0.239
02/17/06 15:15,0.235
02/17/06 15:20,0.232
02/17/06 15:25,0.231
02/17/06 15:30,0.228
02/17/06 15:35,0.225
02/17/06 15:40,0.217
02/17/06 15:45,0.206
02/17/06 15:50,0.193
02/17/06 15:55,0.179
02/17/06 16:00,0.158
02/17/06 16:05,0.138
02/17/06 16:10,0.119
02/17/06 16:15,0.101
02/17/06 16:20,0.086
02/17/06 16:25,0.050
02/17/06 16:30,0.022
02/17/06 16:35,0.009
02/17/06 16:40,0.002
02/17/06 16:45,0.000
02/17/06 16:50,0.000
02/17/06 16:55,0.000
02/17/06 17:00,0.000
02/17/06 17:05,0.000
02/17/06 17:10,0.000
02/17/06 17:15,0.000
02/17/06 17:20,0.000
02/17/06 17:25,0.000
02/17/06 17:30,0.000
02/17/06 17:35,0.000
02/17/06 17:40,0.000
02/17/06 17:45,0.000
02/17/06 17:50,0.000
02/17/06 17:55,0.000
02/17/06 18:00,0.000
02/17/06 18:05,0.000
02/17/06 18:10,0.000
02/17/06 18:15,0.000
02/17/06 18:20,0.000
02/17/06 18:25,0.000
02/17/06 18:30,0.000
02/17/06 18:35,0.000
02/17/06 18:40,0.000
02/17/06 18:45,0.000
02/17/06 18:50,0.000
02/17/06 18:55,0.000
02/17/06 19:00,0.000
02/17/06 19:05,0.000
02/17/06 19:10,0.000
02/17/06 19:15,0.000
02/17/06 19:20,0.000
02/17/06 19:25,0.000
02/17/06 19:30,0.000
02/17/06 19:35,0.000
02/17/06 19:40,0.000
02/17/06 19:45,0.000
02/17/06 19:50,0.000
02/17/06 19:55,0.000
02/17/06 20:00,0.000
02/17/06 20:05,0.000
02/17/06 20:10,0.000
02/17/06 20:15,0.000
02/17/06 20:20,0.000
02/17/06 20:25,0.000
02/17/06 20:30,0.000
02/17/06 20:35,0.000
02/17/06 20:40,0.000
02/17/06 20:45,0.000
02/17/06 20:50,0.000
02/17/06 20:55,0.000
02/17/06 21:00,0.000
02/17/06 21:05,0.000
02/17/06 21:10,0.000
02/17/06 21:15,0.000
02/17/06 21:20,0.000
02/17/06 21:25,0.000
02/17/06 21:30,0.000
02/17/06 21:35,0.000
02/17/06 21:40,0.000
02/17/06 21:45,0.000
02/17/06 21:50,0.000
02/17/06 21:55,0.000
02/17/06 22:00,0.000
02/17/06 22:05,0.000
02/17/06 22:10,0.000
02/17/06 22:15,0.000
02/17/06 22:20,0.000
02/17/06 22:25,0.000
02/17/06 22:30,0.000
02/17/06 22:35,0.000
02/17/06 22:40,0.000
02/17/06 22:45,0.000
02/17/06 22:50,0.000
02/17/06 22:55,0.000
02/17/06 23:00,0.000
02/17/06 23:05,0.000
02/17/06 23:10,0.000
02/17/06 23:15,0.000
02/17/06 23:20,0.000
02/17/06 23:25,0.000
02/17/06 23:30,0.000
02/17/06 23:35,0.000
02/17/06 23:40,0.000
02/17/06 23:45,0.000
02/17/06 23:50,0.000
02/17/06 23:55,0.000
02/18/06 00:00,0.000
02/18/06 00:05,0.000
02/18/06 00:10,0.000
02/18/06 00:15,0.000
02/18/06 00:20,0.000
02/18/06 00:25,0.000
02/18/06 00:30,0.000
02/18/06 00:35,0.000
02/18/06 00:40,0.000
02/18/06 00:45,0.000
02/18/06 00:50,0.000
02/18/06 00:55,0.000
02/18/06 01:00,0.000
02/18/06 01:05,0.000
02/18/06 01:10,0.000
02/18/06 01:15,0.000
02/18/06 01:20,0.000
02/18/06 01:25,0.000
02/18/06 01:30,0.000
02/18/06 01:35,0.000
02/18/06 01:40,0.000
02/18/06 01:45,0.000
02/18/06 01:50,0.000
02/18/06 01:55,0.000
02/18/06 02:00,0.000
02/18/06 02:05,0.000
02/18/06 02:10,0.000
02/18/06 02:15,0.000
02/18/06 02:20,0.000
02/18/06 02:25,0.000
02/18/06 02:30,0.000
02/18/06 02:35,0.000
02/18/06 02:40,0.000
02/18/06 02:45,0.000
02/18/06 02:50,0.000
02/18/06 02:55,0.000
02/18/06 03:00,0.000
02/18/06 03:05,0.000
02/18/06 03:10,0.000
02/18/06 03:15,0.000
02/18/06 03:20,0.000
02/18/06 03:25,0.000
02/18/06 03:30,0.000
02/18/06 03:35,0.000
02/18/06 03:40,0.000
02/18/06 03:45,0.000
02/18/06 03:50,0.000
02/18/06 03:55,0.000
02/18/06 04:00,0.000
02/18/06 04:05,0.000
02/18/06 04:10,0.000
02/18/06 04:15,0.000
02/18/06 04:20,0.000
02/18/06 04:25,0.000
02/18/06 04:30,0.000
02/18/06 04:35,0.000
02/18/06 04:40,0.000
02/18/06 04:45,0.000
02/18/06 04:50,0.000
02/18/06 04:55,0.000
02/18/06 05:00,0.000
02/18/06 05:05,0.000
02/18/06 05:10,0.000
02/18/06 05:15,0.000
02/18/06 05:20,0.000
02/18/06 05:25,0.000
02/18/06 05:30,0.000
02/18/06 05:35,0.000
02/18/06 05:40,0.000
02/18/06 05:45,0.000
02/18/06 05:50,0.000
02/18/06 05:55,0.000
02/18/06 06:00,0.000
02/18/06 06:05,0.000
02/18/06 06:10,0.000
02/18/06 06:15,0.000
02/18/06 06:20,0.000
02/18/06 06:25,0.000
02/18/06 06:30,0.000
02/18/06 06:35,0.000
02/18/06 06:40,0.000
02/18/06 06:45,0.000
02/18/06 06:50,0.000
02/18/06 06:55,0.000
02/18/06 07:00,0.000
02/18/06 07:05,0.000
02/18/06 07:10,0.000
02/18/06 07:15,0.000
02/18/06 07:20,0.000
02/18/06 07:25,0.000
02/18/06 07:30,0.000
02/18/06 07:35,0.001
02/18/06 07:40,0.006
02/18/06 07:45,0.024
02/18/06 07:50,0.067
02/18/06 07:55,0.102
02/18/06 08:00,0.125
02/18/06 08:05,0.148
02/18/06 08:10,0.169
02/18/06 08:15,0.191
02/18/06 08:20,0.210
02/18/06 08:25,0.229
02/18/06 08:30,0.248
02/18/06 08:35,0.265
02/18/06 08:40,0.282
02/18/06 08:45,0.299
02/18/06 08:50,0.315
02/18/06 08:55,0.332
02/18/06 09:00,0.340
02/18/06 09:05,0.349
02/18/06 09:10,0.360
02/18/06 09:15,0.369
02/18/06 09:20,0.378
02/18/06 09:25,0.369
02/18/06 09:30,0.351
02/18/06 09:35,0.357
02/18/06 09:40,0.367
02/18/06 09:45,0.374
02/18/06 09:50,0.395
02/18/06 09:55,0.412
02/18/06 10:00,0.406
02/18/06 10:05,0.402
02/18/06 10:10,0.400
02/18/06 10:15,0.396
02/18/06 10:20,0.392
02/18/06 10:25,0.387
02/18/06 10:30,0.380
02/18/06 10:35,0.375
02/18/06 10:40,0.374
02/18/06 10:45,0.372
02/18/06 10:50,0.361
02/18/06 10:55,0.351
02/18/06 11:00,0.356
02/18/06 11:05,0.366
02/18/06 11:10,0.377
02/18/06 11:15,0.388
02/18/06 11:20,0.397
02/18/06 11:25,0.409
02/18/06 11:30,0.419
02/18/06 11:35,0.431
02/18/06 11:40,0.440
02/18/06 11:45,0.450
02/18/06 11:50,0.461
02/18/06 11:55,0.470
02/18/06 12:00,0.472
02/18/06 12:05,0.476
02/18/06 12:10,0.489
02/18/06 12:15,0.484
02/18/06 12:20,0.478
02/18/06 12:25,0.466
02/18/06 12:30,0.453
02/18/06 12:35,0.422
02/18/06 12:40,0.432
02/18/06 12:45,0.429
02/18/06 12:50,0.426
02/18/06 12:55,0.422
02/18/06 13:00,0.430
02/18/06 13:05,0.434
02/18/06 13:10,0.430
02/18/06 13:15,0.422
02/18/06 13:20,0.412
02/18/06 13:25,0.402
02/18/06 13:30,0.393
02/18/06 13:35,0.384
02/18/06 13:40,0.373
02/18/06 13:45,0.362
02/18/06 13:50,0.353
02/18/06 13:55,0.342
02/18/06 14:00,0.338
02/18/06 14:05,0.342
02/18/06 14:10,0.342
02/18/06 14:15,0.344
02/18/06 14:20,0.343
02/18/06 14:25,0.341
02/18/06 14:30,0.340
02/18/06 14:35,0.339
02/18/06 14:40,0.335
02/18/06 14:45,0.331
02/18/06 14:50,0.326
02/18/06 14:55,0.320
02/18/06 15:00,0.308
02/18/06 15:05,0.294
02/18/06 15:10,0.285
02/18/06 15:15,0.288
02/18/06 15:20,0.273
02/18/06 15:25,0.238
02/18/06 15:30,0.194
02/18/06 15:35,0.188
02/18/06 15:40,0.182
02/18/06 15:45,0.174
02/18/06 15:50,0.163
02/18/06 15:55,0.151
02/18/06 16:00,0.138
02/18/06 16:05,0.124
02/18/06 16:10,0.109
02/18/06 16:15,0.095
02/18/06 16:20,0.079
02/18/06 16:25,0.043
02/18/06 16:30,0.019
02/18/06 16:35,0.006
02/18/06 16:40,0.001
02/18/06 16:45,0.000
02/18/06 16:50,0.000
02/18/06 16:55,0.000
02/18/06 17:00,0.000
02/18/06 17:05,0.000
02/18/06 17:10,0.000
02/18/06 17:15,0.000
02/18/06 17:20,0.000
02/18/06 17:25,0.000
02/18/06 17:30,0.000
02/18/06 17:35,0.000
02/18/06 17:40,0.000
02/18/06 17:45,0.000
02/18/06 17:50,0.000
02/18/06 17:55,0.000
02/18/06 18:00,0.000
02/18/06 18:05,0.000
02/18/06 18:10,0.000
02/18/06 18:15,0.000
02/18/06 18:20,0.000
02/18/06 18:25,0.000
02/18/06 18:30,0.000
02/18/06 18:35,0.000
02/18/06 18:40,0.000
02/18/06 18:45,0.000
02/18/06 18:50,0.000
02/18/06 18:55,0.000
02/18/06 19:00,0.000
02/18/06 19:05,0.000
02/18/06 19:10,0.000
02/18/06 19:15,0.000
02/18/06 19:20,0.000
02/18/06 19:25,0.000
02/18/06 19:30,0.000
02/18/06 19:35,0.000
02/18/06 19:40,0.000
02/18/06 19:45,0.000
02/18/06 19:50,0.000
02/18/06 19:55,0.000
02/18/06 20:00,0.000
02/18/06 20:05,0.000
02/18/06 20:10,0.000
02/18/06 20:15,0.000
02/18/06 20:20,0.000
02/18/06 20:25,0.000
02/18/06 20:30,0.000
02/18/06 20:35,0.000
02/18/06 20:40,0.000
02/18/06 20:45,0.000
02/18/06 20:50,0.000
02/18/06 20:55,0.000
02/18/06 21:00,0.000
02/18/06 21:05,0.000
02/18/06 21:10,0.000
02/18/06 21:15,0.000
02/18/06 21:20,0.000
02/18/06 21:25,0.000
02/18/06 21:30,0.000
02/18/06 21:35,0.000
02/18/06 21:40,0.000
02/18/06 21:45,0.000
02/18/06 21:50,0.000
02/18/06 21:55,0.000
02/18/06 22:00,0.000
02/18/06 22:05,0.000
02/18/06 22:10,0.000
02/18/06 22:15,0.000
02/18/06 22:20,0.000
02/18/06 22:25,0.000
02/18/06 22:30,0.000
02/18/06 22:35,0.000
02/18/06 22:40,0.000
02/18/06 22:45,0.000
02/18/06 22:50,0.000
02/18/06 22:55,0.000
02/18/06 23:00,0.000
02/18/06 23:05,0.000
02/18/06 23:10,0.000
02/18/06 23:15,0.000
02/18/06 23:20,0.000
02/18/06 23:25,0.000
02/18/06 23:30,0.000
02/18/06 23:35,0.000
02/18/06 23:40,0.000
02/18/06 23:45,0.000
02/18/06 23:50,0.000
02/18/06 23:55,0.000
02/19/06 00:00,0.000
02/19/06 00:05,0.000
02/19/06 00:10,0.000
02/19/06 00:15,0.000
02/19/06 00:20,0.000
02/19/06 00:25,0.000
02/19/06 00:30,0.000
02/19/06 00:35,0.000
02/19/06 00:40,0.000
02/19/06 00:45,0.000
02/19/06 00:50,0.000
02/19/06 00:55,0.000
02/19/06 01:00,0.000
02/19/06 01:05,0.000
02/19/06 01:10,0.000
02/19/06 01:15,0.000
02/19/06 01:20,0.000
02/19/06 01:25,0.000
02/19/06 01:30,0.000
02/19/06 01:35,0.000
02/19/06 01:40,0.000
02/19/06 01:45,0.000
02/19/06 01:50,0.000
02/19/06 01:55,0.000
02/19/06 02:00,0.000
02/19/06 02:05,0.000
02/19/06 02:10,0.000
02/19/06 02:15,0.000
02/19/06 02:20,0.000
02/19/06 02:25,0.000
02/19/06 02:30,0.000
02/19/06 02:35,0.000
02/19/06 02:40,0.000
02/19/06 02:45,0.000
02/19/06 02:50,0.000
02/19/06 02:55,0.000
02/19/06 03:00,0.000
02/19/06 03:05,0.000
02/19/06 03:10,0.000
02/19/06 03:15,0.000
02/19/06 03:20,0.000
02/19/06 03:25,0.000
02/19/06 03:30,0.000
02/19/06 03:35,0.000
02/19/06 03:40,0.000
02/19/06 03:45,0.000
02/19/06 03:50,0.000
02/19/06 03:55,0.000
02/19/06 04:00,0.000
02/19/06 04:05,0.000
02/19/06 04:10,0.000
02/19/06 04:15,0.000
02/19/06 04:20,0.000
02/19/06 04:25,0.000
02/19/06 04:30,0.000
02/19/06 04:35,0.000
02/19/06 04:40,0.000
02/19/06 04:45,0.000
02/19/06 04:50,0.000
02/19/06 04:55,0.000
02/19/06 05:00,0.000
02/19/06 05:05,0.000
02/19/06 05:10,0.000
02/19/06 05:15,0.000
02/19/06 05:20,0.000
02/19/06 05:25,0.000
02/19/06 05:30,0.000
02/19/06 05:35,0.000
02/19/06 05:40,0.000
02/19/06 05:45,0.000
02/19/06 05:50,0.000
02/19/06 05:55,0.000
02/19/06 06:00,0.000
02/19/06 06:05,0.000
02/19/06 06:10,0.000
02/19/06 06:15,0.000
02/19/06 06:20,0.000
02/19/06 06:25,0.000
02/19/06 06:30,0.000
02/19/06 06:35,0.000
02/19/06 06:40,0.000
02/19/06 06:45,0.000
02/19/06 06:50,0.000
02/19/06 06:55,0.000
02/19/06 07:00,0.000
02/19/06 07:05,0.000
02/19/06 07:10,0.000
02/19/06 07:15,0.000
02/19/06 07:20,0.003
02/19/06 07:25,0.012
02/19/06 07:30,0.032
02/19/06 07:35,0.071
02/19/06 07:40,0.093
02/19/06 07:45,0.108
02/19/06 07:50,0.124
02/19/06 07:55,0.141
02/19/06 08:00,0.159
02/19/06 08:05,0.173
02/19/06 08:10,0.187
02/19/06 08:15,0.200
02/19/06 08:20,0.212
02/19/06 08:25,0.224
02/19/06 08:30,0.236
02/19/06 08:35,0.249
02/19/06 08:40,0.261
02/19/06 08:45,0.273
02/19/06 08:50,0.285
02/19/06 08:55,0.298
02/19/06 09:00,0.310
02/19/06 09:05,0.321
02/19/06 09:10,0.332
02/19/06 09:15,0.342
02/19/06 09:20,0.350
02/19/06 09:25,0.359
02/19/06 09:30,0.365
02/19/06 09:35,0.373
02/19/06 09:40,0.380
02/19/06 09:45,0.388
02/19/06 09:50,0.397
02/19/06 09:55,0.404
02/19/06 10:00,0.414
02/19/06 10:05,0.425
02/19/06 10:10,0.411
02/19/06 10:15,0.433
02/19/06 10:20,0.454
02/19/06 10:25,0.417
02/19/06 10:30,0.386
02/19/06 10:35,0.410
02/19/06 10:40,0.434
02/19/06 10:45,0.435
02/19/06 10:50,0.440
02/19/06 10:55,0.433
02/19/06 11:00,0.415
02/19/06 11:05,0.411
02/19/06 11:10,0.411
02/19/06 11:15,0.411
02/19/06 11:20,0.411
02/19/06 11:25,0.410
02/19/06 11:30,0.407
02/19/06 11:35,0.407
02/19/06 11:40,0.410
02/19/06 11:45,0.410
02/19/06 11:50,0.405
02/19/06 11:55,0.401
02/19/06 12:00,0.411
02/19/06 12:05,0.420
02/19/06 12:10,0.424
02/19/06 12:15,0.430
02/19/06 12:20,0.432
02/19/06 12:25,0.440
02/19/06 12:30,0.450
02/19/06 12:35,0.456
02/19/06 12:40,0.459
02/19/06 12:45,0.471
02/19/06 12:50,0.485
02/19/06 12:55,0.493
02/19/06 13:00,0.464
02/19/06 13:05,0.430
02/19/06 13:10,0.397
02/19/06 13:15,0.361
02/19/06 13:20,0.339
02/19/06 13:25,0.317
02/19/06 13:30,0.296
02/19/06 13:35,0.284
02/19/06 13:40,0.278
02/19/06 13:45,0.276
02/19/06 13:50,0.278
02/19/06 13:55,0.281
02/19/06 14:00,0.298
02/19/06 14:05,0.313
02/19/06 14:10,0.338
02/19/06 14:15,0.366
02/19/06 14:20,0.372
02/19/06 14:25,0.367
02/19/06 14:30,0.361
02/19/06 14:35,0.350
02/19/06 14:40,0.342
02/19/06 14:45,0.339
02/19/06 14:50,0.325
02/19/06 14:55,0.310
02/19/06 15:00,0.298
02/19/06 15:05,0.288
02/19/06 15:10,0.279
02/19/06 15:15,0.273
02/19/06 15:20,0.260
02/19/06 15:25,0.246
02/19/06 15:30,0.221
02/19/06 15:35,0.192
02/19/06 15:40,0.179
02/19/06 15:45,0.166
02/19/06 15:50,0.150
02/19/06 15:55,0.134
02/19/06 16:00,0.112
02/19/06 16:05,0.104
02/19/06 16:10,0.105
02/19/06 16:15,0.100
02/19/06 16:20,0.084
02/19/06 16:25,0.039
02/19/06 16:30,0.017
02/19/06 16:35,0.005
02/19/06 16:40,0.001
02/19/06 16:45,0.000
02/19/06 16:50,0.000
02/19/06 16:55,0.000
02/19/06 17:00,0.000
02/19/06 17:05,0.000
02/19/06 17:10,0.000
02/19/06 17:15,0.000
02/19/06 17:20,0.000
02/19/06 17:25,0.000
02/19/06 17:30,0.000
02/19/06 17:35,0.000
02/19/06 17:40,0.000
02/19/06 17:45,0.000
02/19/06 17:50,0.000
02/19/06 17:55,0.000
02/19/06 18:00,0.000
02/19/06 18:05,0.000
02/19/06 18:10,0.000
02/19/06 18:15,0.000
02/19/06 18:20,0.000
02/19/06 18:25,0.000
02/19/06 18:30,0.000
02/19/06 18:35,0.000
02/19/06 18:40,0.000
02/19/06 18:45,0.000
02/19/06 18:50,0.000
02/19/06 18:55,0.000
02/19/06 19:00,0.000
02/19/06 19:05,0.000
02/19/06 19:10,0.000
02/19/06 19:15,0.000
02/19/06 19:20,0.000
02/19/06 19:25,0.000
02/19/06 19:30,0.000
02/19/06 19:35,0.000
02/19/06 19:40,0.000
02/19/06 19:45,0.000
02/19/06 19:50,0.000
02/19/06 19:55,0.000
02/19/06 20:00,0.000
02/19/06 20:05,0.000
02/19/06 20:10,0.000
02/19/06 20:15,0.000
02/19/06 20:20,0.000
02/19/06 20:25,0.000
02/19/06 20:30,0.000
02/19/06 20:35,0.000
02/19/06 20:40,0.000
02/19/06 20:45,0.000
02/19/06 20:50,0.000
02/19/06 20:55,0.000
02/19/06 21:00,0.000
02/19/06 21:05,0.000
02/19/06 21:10,0.000
02/19/06 21:15,0.000
02/19/06 21:20,0.000
02/19/06 21:25,0.000
02/19/06 21:30,0.000
02/19/06 21:35,0.000
02/19/06 21:40,0.000
02/19/06 21:45,0.000
02/19/06 21:50,0.000
02/19/06 21:55,0.000
02/19/06 22:00,0.000
02/19/06 22:05,0.000
02/19/06 22:10,0.000
02/19/06 22:15,0.000
02/19/06 22:20,0.000
02/19/06 22:25,0.000
02/19/06 22:30,0.000
02/19/06 22:35,0.000
02/19/06 22:40,0.000
02/19/06 22:45,0.000
02/19/06 22:50,0.000
02/19/06 22:55,0.000
02/19/06 23:00,0.000
02/19/06 23:05,0.000
02/19/06 23:10,0.000
02/19/06 23:15,0.000
02/19/06 23:20,0.000
02/19/06 23:25,0.000
02/19/06 23:30,0.000
02/19/06 23:35,0.000
02/19/06 23:40,0.000
02/19/06 23:45,0.000
02/19/06 23:50,0.000
02/19/06 23:55,0.000
02/20/06 00:00,0.000
02/20/06 00:05,0.000
02/20/06 00:10,0.000
02/20/06 00:15,0.000
02/20/06 00:20,0.000
02/20/06 00:25,0.000
02/20/06 00:30,0.000
02/20/06 00:35,0.000
02/20/06 00:40,0.000
02/20/06 00:45,0.000
02/20/06 00:50,0.000
02/20/06 00:55,0.000
02/20/06 01:00,0.000
02/20/06 01:05,0.000
02/20/06 01:10,0.000
02/20/06 01:15,0.000
02/20/06 01:20,0.000
02/20/06 01:25,0.000
02/20/06 01:30,0.000
02/20/06 01:35,0.000
02/20/06 01:40,0.000
02/20/06 01:45,0.000
02/20/06 01:50,0.000
02/20/06 01:55,0.000
02/20/06 02:00,0.000
02/20/06 02:05,0.000
02/20/06 02:10,0.000
02/20/06 02:15,0.000
02/20/06 02:20,0.000
02/20/06 02:25,0.000
02/20/06 02:30,0.000
02/20/06 02:35,0.000
02/20/06 02:40,0.000
02/20/06 02:45,0.000
02/20/06 02:50,0.000
02/20/06 02:55,0.000
02/20/06 03:00,0.000
02/20/06 03:05,0.000
02/20/06 03:10,0.000
02/20/06 03:15,0.000
02/20/06 03:20,0.000
02/20/06 03:25,0.000
02/20/06 03:30,0.000
02/20/06 03:35,0.000
02/20/06 03:40,0.000
02/20/06 03:45,0.000
02/20/06 03:50,0.000
02/20/06 03:55,0.000
02/20/06 04:00,0.000
02/20/06 04:05,0.000
02/20/06 04:10,0.000
02/20/06 04:15,0.000
02/20/06 04:20,0.000
02/20/06 04:25,0.000
02/20/06 04:30,0.000
02/20/06 04:35,0.000
02/20/06 04:40,0.000
02/20/06 04:45,0.000
02/20/06 04:50,0.000
02/20/06 04:55,0.000
02/20/06 05:00,0.000
02/20/06 05:05,0.000
02/20/06 05:10,0.000
02/20/06 05:15,0.000
02/20/06 05:20,0.000
02/20/06 05:25,0.000
02/20/06 05:30,0.000
02/20/06 05:35,0.000
02/20/06 05:40,0.000
02/20/06 05:45,0.000
02/20/06 05:50,0.000
02/20/06 05:55,0.000
02/20/06 06:00,0.000
02/20/06 06:05,0.000
02/20/06 06:10,0.000
02/20/06 06:15,0.000
02/20/06 06:20,0.000
02/20/06 06:25,0.000
02/20/06 06:30,0.000
02/20/06 06:35,0.000
02/20/06 06:40,0.000
02/20/06 06:45,0.000
02/20/06 06:50,0.000
02/20/06 06:55,0.000
02/20/06 07:00,0.000
02/20/06 07:05,0.000
02/20/06 07:10,0.000
02/20/06 07:15,0.000
02/20/06 07:20,0.002
02/20/06 07:25,0.008
02/20/06 07:30,0.022
02/20/06 07:35,0.058
02/20/06 07:40,0.088
02/20/06 07:45,0.103
02/20/06 07:50,0.118
02/20/06 07:55,0.135
02/20/06 08:00,0.148
02/20/06 08:05,0.142
02/20/06 08:10,0.126
02/20/06 08:15,0.131
02/20/06 08:20,0.120
02/20/06 08:25,0.100
02/20/06 08:30,0.091
02/20/06 08:35,0.094
02/20/06 08:40,0.114
02/20/06 08:45,0.141
02/20/06 08:50,0.170
02/20/06 08:55,0.180
02/20/06 09:00,0.197
02/20/06 09:05,0.213
02/20/06 09:10,0.229
02/20/06 09:15,0.240
02/20/06 09:20,0.248
02/20/06 09:25,0.254
02/20/06 09:30,0.264
02/20/06 09:35,0.280
02/20/06 09:40,0.303
02/20/06 09:45,0.317
02/20/06 09:50,0.335
02/20/06 09:55,0.302
02/20/06 10:00,0.252
02/20/06 10:05,0.207
02/20/06 10:10,0.169
02/20/06 10:15,0.143
02/20/06 10:20,0.119
02/20/06 10:25,0.114
02/20/06 10:30,0.110
02/20/06 10:35,0.107
02/20/06 10:40,0.104
02/20/06 10:45,0.102
02/20/06 10:50,0.102
02/20/06 10:55,0.106
02/20/06 11:00,0.119
02/20/06 11:05,0.143
02/20/06 11:10,0.154
02/20/06 11:15,0.163
02/20/06 11:20,0.178
02/20/06 11:25,0.181
02/20/06 11:30,0.186
02/20/06 11:35,0.194
02/20/06 11:40,0.194
02/20/06 11:45,0.187
02/20/06 11:50,0.181
02/20/06 11:55,0.181
02/20/06 12:00,0.175
02/20/06 12:05,0.167
02/20/06 12:10,0.152
02/20/06 12:15,0.127
02/20/06 12:20,0.105
02/20/06 12:25,0.092
02/20/06 12:30,0.077
02/20/06 12:35,0.048
02/20/06 12:40,0.038
02/20/06 12:45,0.036
02/20/06 12:50,0.032
02/20/06 12:55,0.025
02/20/06 13:00,0.042
02/20/06 13:05,0.070
02/20/06 13:10,0.083
02/20/06 13:15,0.087
02/20/06 13:20,0.093
02/20/06 13:25,0.096
02/20/06 13:30,0.096
02/20/06 13:35,0.096
02/20/06 13:40,0.095
02/20/06 13:45,0.095
02/20/06 13:50,0.095
02/20/06 13:55,0.095
02/20/06 14:00,0.095
02/20/06 14:05,0.094
02/20/06 14:10,0.098
02/20/06 14:15,0.100
02/20/06 14:20,0.120
02/20/06 14:25,0.149
02/20/06 14:30,0.161
02/20/06 14:35,0.177
02/20/06 14:40,0.186
02/20/06 14:45,0.188
02/20/06 14:50,0.186
02/20/06 14:55,0.178
02/20/06 15:00,0.149
02/20/06 15:05,0.123
02/20/06 15:10,0.096
02/20/06 15:15,0.080
02/20/06 15:20,0.038
02/20/06 15:25,0.020
02/20/06 15:30,0.012
02/20/06 15:35,0.008
02/20/06 15:40,0.005
02/20/06 15:45,0.002
02/20/06 15:50,0.001
02/20/06 15:55,0.000
02/20/06 16:00,0.000
02/20/06 16:05,0.000
02/20/06 16:10,0.000
02/20/06 16:15,0.000
02/20/06 16:20,0.000
02/20/06 16:25,0.000
02/20/06 16:30,0.000
02/20/06 16:35,0.000
02/20/06 16:40,0.000
02/20/06 16:45,0.000
02/20/06 16:50,0.000
02/20/06 16:55,0.000
02/20/06 17:00,0.000
02/20/06 17:05,0.000
02/20/06 17:10,0.000
02/20/06 17:15,0.000
02/20/06 17:20,0.000
02/20/06 17:25,0.000
02/20/06 17:30,0.000
02/20/06 17:35,0.000
02/20/06 17:40,0.000
02/20/06 17:45,0.000
02/20/06 17:50,0.000
02/20/06 17:55,0.000
02/20/06 18:00,0.000
02/20/06 18:05,0.000
02/20/06 18:10,0.000
02/20/06 18:15,0.000
02/20/06 18:20,0.000
02/20/06 18:25,0.000
02/20/06 18:30,0.000
02/20/06 18:35,0.000
02/20/06 18:40,0.000
02/20/06 18:45,0.000
02/20/06 18:50,0.000
02/20/06 18:55,0.000
02/20/06 19:00,0.000
02/20/06 19:05,0.000
02/20/06 19:10,0.000
02/20/06 19:15,0.000
02/20/06 19:20,0.000
02/20/06 19:25,0.000
02/20/06 19:30,0.000
02/20/06 19:35,0.000
02/20/06 19:40,0.000
02/20/06 19:45,0.000
02/20/06 19:50,0.000
02/20/06 19:55,0.000
02/20/06 20:00,0.000
02/20/06 20:05,0.000
02/20/06 20:10,0.000
02/20/06 20:15,0.000
02/20/06 20:20,0.000
02/20/06 20:25,0.000
02/20/06 20:30,0.000
02/20/06 20:35,0.000
02/20/06 20:40,0.000
02/20/06 20:45,0.000
02/20/06 20:50,0.000
02/20/06 20:55,0.000
02/20/06 21:00,0.000
02/20/06 21:05,0.000
02/20/06 21:10,0.000
02/20/06 21:15,0.000
02/20/06 21:20,0.000
02/20/06 21:25,0.000
02/20/06 21:30,0.000
02/20/06 21:35,0.000
02/20/06 21:40,0.000
02/20/06 21:45,0.000
02/20/06 21:50,0.000
02/20/06 21:55,0.000
02/20/06 22:00,0.000
02/20/06 22:05,0.000
02/20/06 22:10,0.000
02/20/06 22:15,0.000
02/20/06 22:20,0.000
02/20/06 22:25,0.000
02/20/06 22:30,0.000
02/20/06 22:35,0.000
02/20/06 22:40,0.000
02/20/06 22:45,0.000
02/20/06 22:50,0.000
02/20/06 22:55,0.000
02/20/06 23:00,0.000
02/20/06 23:05,0.000
02/20/06 23:10,0.000
02/20/06 23:15,0.000
02/20/06 23:20,0.000
02/20/06 23:25,0.000
02/20/06 23:30,0.000
02/20/06 23:35,0.000
02/20/06 23:40,0.000
02/20/06 23:45,0.000
02/20/06 23:50,0.000
02/20/06 23:55,0.000
02/21/06 00:00,0.000
02/21/06 00:05,0.000
02/21/06 00:10,0.000
02/21/06 00:15,0.000
02/21/06 00:20,0.000
02/21/06 00:25,0.000
02/21/06 00:30,0.000
02/21/06 00:35,0.000
02/21/06 00:40,0.000
02/21/06 00:45,0.000
02/21/06 00:50,0.000
02/21/06 00:55,0.000
02/21/06 01:00,0.000
02/21/06 01:05,0.000
02/21/06 01:10,0.000
02/21/06 01:15,0.000
02/21/06 01:20,0.000
02/21/06 01:25,0.000
02/21/06 01:30,0.000
02/21/06 01:35,0.000
02/21/06 01:40,0.000
02/21/06 01:45,0.000
02/21/06 01:50,0.000
02/21/06 01:55,0.000
02/21/06 02:00,0.000
02/21/06 02:05,0.000
02/21/06 02:10,0.000
02/21/06 02:15,0.000
02/21/06 02:20,0.000
02/21/06 02:25,0.000
02/21/06 02:30,0.000
02/21/06 02:35,0.000
02/21/06 02:40,0.000
02/21/06 02:45,0.000
02/21/06 02:50,0.000
02/21/06 02:55,0.000
02/21/06 03:00,0.000
02/21/06 03:05,0.000
02/21/06 03:10,0.000
02/21/06 03:15,0.000
02/21/06 03:20,0.000
02/21/06 03:25,0.000
02/21/06 03:30,0.000
02/21/06 03:35,0.000
02/21/06 03:40,0.000
02/21/06 03:45,0.000
02/21/06 03:50,0.000
02/21/06 03:55,0.000
02/21/06 04:00,0.000
02/21/06 04:05,0.000
02/21/06 04:10,0.000
02/21/06 04:15,0.000
02/21/06 04:20,0.000
02/21/06 04:25,0.000
02/21/06 04:30,0.000
02/21/06 04:35,0.000
02/21/06 04:40,0.000
02/21/06 04:45,0.000
02/21/06 04:50,0.000
02/21/06 04:55,0.000
02/21/06 05:00,0.000
02/21/06 05:05,0.000
02/21/06 05:10,0.000
02/21/06 05:15,0.000
02/21/06 05:20,0.000
02/21/06 05:25,0.000
02/21/06 05:30,0.000
02/21/06 05:35,0.000
02/21/06 05:40,0.000
02/21/06 05:45,0.000
02/21/06 05:50,0.000
02/21/06 05:55,0.000
02/21/06 06:00,0.000
02/21/06 06:05,0.000
02/21/06 06:10,0.000
02/21/06 06:15,0.000
02/21/06 06:20,0.000
02/21/06 06:25,0.000
02/21/06 06:30,0.000
02/21/06 06:35,0.000
02/21/06 06:40,0.000
02/21/06 06:45,0.000
02/21/06 06:50,0.000
02/21/06 06:55,0.000
02/21/06 07:00,0.000
02/21/06 07:05,0.000
02/21/06 07:10,0.000
02/21/06 07:15,0.000
02/21/06 07:20,0.000
02/21/06 07:25,0.001
02/21/06 07:30,0.001
02/21/06 07:35,0.003
02/21/06 07:40,0.005
02/21/06 07:45,0.009
02/21/06 07:50,0.015
02/21/06 07:55,0.023
02/21/06 08:00,0.039
02/21/06 08:05,0.051
02/21/06 08:10,0.044
02/21/06 08:15,0.047
02/21/06 08:20,0.042
02/21/06 08:25,0.053
02/21/06 08:30,0.079
02/21/06 08:35,0.090
02/21/06 08:40,0.098
02/21/06 08:45,0.105
02/21/06 08:50,0.109
02/21/06 08:55,0.108
02/21/06 09:00,0.118
02/21/06 09:05,0.151
02/21/06 09:10,0.119
02/21/06 09:15,0.105
02/21/06 09:20,0.205
02/21/06 09:25,0.299
02/21/06 09:30,0.357
02/21/06 09:35,0.389
02/21/06 09:40,0.415
02/21/06 09:45,0.437
02/21/06 09:50,0.459
02/21/06 09:55,0.473
02/21/06 10:00,0.479
02/21/06 10:05,0.486
02/21/06 10:10,0.498
02/21/06 10:15,0.509
02/21/06 10:20,0.512
02/21/06 10:25,0.516
02/21/06 10:30,0.526
02/21/06 10:35,0.537
02/21/06 10:40,0.547
02/21/06 10:45,0.555
02/21/06 10:50,0.563
02/21/06 10:55,0.568
02/21/06 11:00,0.521
02/21/06 11:05,0.489
02/21/06 11:10,0.490
02/21/06 11:15,0.439
02/21/06 11:20,0.370
02/21/06 11:25,0.382
02/21/06 11:30,0.338
02/21/06 11:35,0.351
02/21/06 11:40,0.381
02/21/06 11:45,0.370
02/21/06 11:50,0.385
02/21/06 11:55,0.403
02/21/06 12:00,0.395
02/21/06 12:05,0.370
02/21/06 12:10,0.437
02/21/06 12:15,0.457
02/21/06 12:20,0.441
02/21/06 12:25,0.429
02/21/06 12:30,0.403
02/21/06 12:35,0.387
02/21/06 12:40,0.387
02/21/06 12:45,0.351
02/21/06 12:50,0.328
02/21/06 12:55,0.334
02/21/06 13:00,0.354
02/21/06 13:05,0.363
02/21/06 13:10,0.364
02/21/06 13:15,0.357
02/21/06 13:20,0.346
02/21/06 13:25,0.330
02/21/06 13:30,0.312
02/21/06 13:35,0.291
02/21/06 13:40,0.260
02/21/06 13:45,0.234
02/21/06 13:50,0.198
02/21/06 13:55,0.169
02/21/06 14:00,0.135
02/21/06 14:05,0.112
02/21/06 14:10,0.086
02/21/06 14:15,0.054
02/21/06 14:20,0.029
02/21/06 14:25,0.011
02/21/06 14:30,0.005
02/21/06 14:35,0.004
02/21/06 14:40,0.005
02/21/06 14:45,0.013
02/21/06 14:50,0.025
02/21/06 14:55,0.043
02/21/06 15:00,0.055
02/21/06 15:05,0.052
02/21/06 15:10,0.050
02/21/06 15:15,0.027
02/21/06 15:20,0.012
02/21/06 15:25,0.007
02/21/06 15:30,0.003
02/21/06 15:35,0.001
02/21/06 15:40,0.001
02/21/06 15:45,0.000
02/21/06 15:50,0.000
02/21/06 15:55,0.000
02/21/06 16:00,0.000
02/21/06 16:05,0.000
02/21/06 16:10,0.000
02/21/06 16:15,0.001
02/21/06 16:20,0.001
02/21/06 16:25,0.000
02/21/06 16:30,0.000
02/21/06 16:35,0.000
02/21/06 16:40,0.000
02/21/06 16:45,0.000
02/21/06 16:50,0.000
02/21/06 16:55,0.000
02/21/06 17:00,0.000
02/21/06 17:05,0.000
02/21/06 17:10,0.000
02/21/06 17:15,0.000
02/21/06 17:20,0.000
02/21/06 17:25,0.000
02/21/06 17:30,0.000
02/21/06 17:35,0.000
02/21/06 17:40,0.000
02/21/06 17:45,0.000
02/21/06 17:50,0.000
02/21/06 17:55,0.000
02/21/06 18:00,0.000
02/21/06 18:05,0.000
02/21/06 18:10,0.000
02/21/06 18:15,0.000
02/21/06 18:20,0.000
02/21/06 18:25,0.000
02/21/06 18:30,0.000
02/21/06 18:35,0.000
02/21/06 18:40,0.000
02/21/06 18:45,0.000
02/21/06 18:50,0.000
02/21/06 18:55,0.000
02/21/06 19:00,0.000
02/21/06 19:05,0.000
02/21/06 19:10,0.000
02/21/06 19:15,0.000
02/21/06 19:20,0.000
02/21/06 19:25,0.000
02/21/06 19:30,0.000
02/21/06 19:35,0.000
02/21/06 19:40,0.000
02/21/06 19:45,0.000
02/21/06 19:50,0.000
02/21/06 19:55,0.000
02/21/06 20:00,0.000
02/21/06 20:05,0.000
02/21/06 20:10,0.000
02/21/06 20:15,0.000
02/21/06 20:20,0.000
02/21/06 20:25,0.000
02/21/06 20:30,0.000
02/21/06 20:35,0.000
02/21/06 20:40,0.000
02/21/06 20:45,0.000
02/21/06 20:50,0.000
02/21/06 20:55,0.000
02/21/06 21:00,0.000
02/21/06 21:05,0.000
02/21/06 21:10,0.000
02/21/06 21:15,0.000
02/21/06 21:20,0.000
02/21/06 21:25,0.000
02/21/06 21:30,0.000
02/21/06 21:35,0.000
02/21/06 21:40,0.000
02/21/06 21:45,0.000
02/21/06 21:50,0.000
02/21/06 21:55,0.000
02/21/06 22:00,0.000
02/21/06 22:05,0.000
02/21/06 22:10,0.000
02/21/06 22:15,0.000
02/21/06 22:20,0.000
02/21/06 22:25,0.000
02/21/06 22:30,0.000
02/21/06 22:35,0.000
02/21/06 22:40,0.000
02/21/06 22:45,0.000
02/21/06 22:50,0.000
02/21/06 22:55,0.000
02/21/06 23:00,0.000
02/21/06 23:05,0.000
02/21/06 23:10,0.000
02/21/06 23:15,0.000
02/21/06 23:20,0.000
02/21/06 23:25,0.000
02/21/06 23:30,0.000
02/21/06 23:35,0.000
02/21/06 23:40,0.000
02/21/06 23:45,0.000
02/21/06 23:50,0.000
02/21/06 23:55,0.000
02/22/06 00:00,0.000
02/22/06 00:05,0.000
02/22/06 00:10,0.000
02/22/06 00:15,0.000
02/22/06 00:20,0.000
02/22/06 00:25,0.000
02/22/06 00:30,0.000
02/22/06 00:35,0.000
02/22/06 00:40,0.000
02/22/06 00:45,0.000
02/22/06 00:50,0.000
02/22/06 00:55,0.000
02/22/06 01:00,0.000
02/22/06 01:05,0.000
02/22/06 01:10,0.000
02/22/06 01:15,0.000
02/22/06 01:20,0.000
02/22/06 01:25,0.000
02/22/06 01:30,0.000
02/22/06 01:35,0.000
02/22/06 01:40,0.000
02/22/06 01:45,0.000
02/22/06 01:50,0.000
02/22/06 01:55,0.000
02/22/06 02:00,0.000
02/22/06 02:05,0.000
02/22/06 02:10,0.000
02/22/06 02:15,0.000
02/22/06 02:20,0.000
02/22/06 02:25,0.000
02/22/06 02:30,0.000
02/22/06 02:35,0.000
02/22/06 02:40,0.000
02/22/06 02:45,0.000
02/22/06 02:50,0.000
02/22/06 02:55,0.000
02/22/06 03:00,0.000
02/22/06 03:05,0.000
02/22/06 03:10,0.000
02/22/06 03:15,0.000
02/22/06 03:20,0.000
02/22/06 03:25,0.000
02/22/06 03:30,0.000
02/22/06 03:35,0.000
02/22/06 03:40,0.000
02/22/06 03:45,0.000
02/22/06 03:50,0.000
02/22/06 03:55,0.000
02/22/06 04:00,0.000
02/22/06 04:05,0.000
02/22/06 04:10,0.000
02/22/06 04:15,0.000
02/22/06 04:20,0.000
02/22/06 04:25,0.000
02/22/06 04:30,0.000
02/22/06 04:35,0.000
02/22/06 04:40,0.000
02/22/06 04:45,0.000
02/22/06 04:50,0.000
02/22/06 04:55,0.000
02/22/06 05:00,0.000
02/22/06 05:05,0.000
02/22/06 05:10,0.000
02/22/06 05:15,0.000
02/22/06 05:20,0.000
02/22/06 05:25,0.000
02/22/06 05:30,0.000
02/22/06 05:35,0.000
02/22/06 05:40,0.000
02/22/06 05:45,0.000
02/22/06 05:50,0.000
02/22/06 05:55,0.000
02/22/06 06:00,0.000
02/22/06 06:05,0.000
02/22/06 06:10,0.000
02/22/06 06:15,0.000
02/22/06 06:20,0.000
02/22/06 06:25,0.000
02/22/06 06:30,0.000
02/22/06 06:35,0.000
02/22/06 06:40,0.000
02/22/06 06:45,0.000
02/22/06 06:50,0.000
02/22/06 06:55,0.000
02/22/06 07:00,0.000
02/22/06 07:05,0.000
02/22/06 07:10,0.000
02/22/06 07:15,0.003
02/22/06 07:20,0.010
02/22/06 07:25,0.026
02/22/06 07:30,0.060
02/22/06 07:35,0.087
02/22/06 07:40,0.102
02/22/06 07:45,0.118
02/22/06 07:50,0.135
02/22/06 07:55,0.151
02/22/06 08:00,0.168
02/22/06 08:05,0.184
02/22/06 08:10,0.200
02/22/06 08:15,0.216
02/22/06 08:20,0.232
02/22/06 08:25,0.248
02/22/06 08:30,0.264
02/22/06 08:35,0.281
02/22/06 08:40,0.295
02/22/06 08:45,0.305
02/22/06 08:50,0.315
02/22/06 08:55,0.327
02/22/06 09:00,0.337
02/22/06 09:05,0.322
02/22/06 09:10,0.312
02/22/06 09:15,0.327
02/22/06 09:20,0.353
02/22/06 09:25,0.348
02/22/06 09:30,0.341
02/22/06 09:35,0.373
02/22/06 09:40,0.375
02/22/06 09:45,0.331
02/22/06 09:50,0.259
02/22/06 09:55,0.237
02/22/06 10:00,0.286
02/22/06 10:05,0.298
02/22/06 10:10,0.376
02/22/06 10:15,0.431
02/22/06 10:20,0.462
02/22/06 10:25,0.475
02/22/06 10:30,0.481
02/22/06 10:35,0.483
02/22/06 10:40,0.485
02/22/06 10:45,0.491
02/22/06 10:50,0.494
02/22/06 10:55,0.496
02/22/06 11:00,0.498
02/22/06 11:05,0.494
02/22/06 11:10,0.488
02/22/06 11:15,0.477
02/22/06 11:20,0.462
02/22/06 11:25,0.446
02/22/06 11:30,0.428
02/22/06 11:35,0.402
02/22/06 11:40,0.382
02/22/06 11:45,0.365
02/22/06 11:50,0.346
02/22/06 11:55,0.322
02/22/06 12:00,0.240
02/22/06 12:05,0.210
02/22/06 12:10,0.207
02/22/06 12:15,0.191
02/22/06 12:20,0.265
02/22/06 12:25,0.340
02/22/06 12:30,0.386
02/22/06 12:35,0.440
02/22/06 12:40,0.479
02/22/06 12:45,0.496
02/22/06 12:50,0.463
02/22/06 12:55,0.417
02/22/06 13:00,0.435
02/22/06 13:05,0.444
02/22/06 13:10,0.447
02/22/06 13:15,0.437
02/22/06 13:20,0.416
02/22/06 13:25,0.386
02/22/06 13:30,0.350
02/22/06 13:35,0.311
02/22/06 13:40,0.272
02/22/06 13:45,0.232
02/22/06 13:50,0.187
02/22/06 13:55,0.148
02/22/06 14:00,0.112
02/22/06 14:05,0.092
02/22/06 14:10,0.084
02/22/06 14:15,0.080
02/22/06 14:20,0.055
02/22/06 14:25,0.038
02/22/06 14:30,0.027
02/22/06 14:35,0.024
02/22/06 14:40,0.023
02/22/06 14:45,0.018
02/22/06 14:50,0.012
02/22/06 14:55,0.010
02/22/06 15:00,0.006
02/22/06 15:05,0.004
02/22/06 15:10,0.004
02/22/06 15:15,0.007
02/22/06 15:20,0.010
02/22/06 15:25,0.019
02/22/06 15:30,0.030
02/22/06 15:35,0.043
02/22/06 15:40,0.071
02/22/06 15:45,0.074
02/22/06 15:50,0.076
02/22/06 15:55,0.079
02/22/06 16:00,0.080
02/22/06 16:05,0.030
02/22/06 16:10,0.008
02/22/06 16:15,0.012
02/22/06 16:20,0.003
02/22/06 16:25,0.001
02/22/06 16:30,0.000
02/22/06 16:35,0.000
02/22/06 16:40,0.000
02/22/06 16:45,0.000
02/22/06 16:50,0.000
02/22/06 16:55,0.000
02/22/06 17:00,0.000
02/22/06 17:05,0.000
02/22/06 17:10,0.000
02/22/06 17:15,0.000
02/22/06 17:20,0.000
02/22/06 17:25,0.000
02/22/06 17:30,0.000
02/22/06 17:35,0.000
02/22/06 17:40,0.000
02/22/06 17:45,0.000
02/22/06 17:50,0.000
02/22/06 17:55,0.000
02/22/06 18:00,0.000
02/22/06 18:05,0.000
02/22/06 18:10,0.000
02/22/06 18:15,0.000
02/22/06 18:20,0.000
02/22/06 18:25,0.000
02/22/06 18:30,0.000
02/22/06 18:35,0.000
02/22/06 18:40,0.000
02/22/06 18:45,0.000
02/22/06 18:50,0.000
02/22/06 18:55,0.000
02/22/06 19:00,0.000
02/22/06 19:05,0.000
02/22/06 19:10,0.000
02/22/06 19:15,0.000
02/22/06 19:20,0.000
02/22/06 19:25,0.000
02/22/06 19:30,0.000
02/22/06 19:35,0.000
02/22/06 19:40,0.000
02/22/06 19:45,0.000
02/22/06 19:50,0.000
02/22/06 19:55,0.000
02/22/06 20:00,0.000
02/22/06 20:05,0.000
02/22/06 20:10,0.000
02/22/06 20:15,0.000
02/22/06 20:20,0.000
02/22/06 20:25,0.000
02/22/06 20:30,0.000
02/22/06 20:35,0.000
02/22/06 20:40,0.000
02/22/06 20:45,0.000
02/22/06 20:50,0.000
02/22/06 20:55,0.000
02/22/06 21:00,0.000
02/22/06 21:05,0.000
02/22/06 21:10,0.000
02/22/06 21:15,0.000
02/22/06 21:20,0.000
02/22/06 21:25,0.000
02/22/06 21:30,0.000
02/22/06 21:35,0.000
02/22/06 21:40,0.000
02/22/06 21:45,0.000
02/22/06 21:50,0.000
02/22/06 21:55,0.000
02/22/06 22:00,0.000
02/22/06 22:05,0.000
02/22/06 22:10,0.000
02/22/06 22:15,0.000
02/22/06 22:20,0.000
02/22/06 22:25,0.000
02/22/06 22:30,0.000
02/22/06 22:35,0.000
02/22/06 22:40,0.000
02/22/06 22:45,0.000
02/22/06 22:50,0.000
02/22/06 22:55,0.000
02/22/06 23:00,0.000
02/22/06 23:05,0.000
02/22/06 23:10,0.000
02/22/06 23:15,0.000
02/22/06 23:20,0.000
02/22/06 23:25,0.000
02/22/06 23:30,0.000
02/22/06 23:35,0.000
02/22/06 23:40,0.000
02/22/06 23:45,0.000
02/22/06 23:50,0.000
02/22/06 23:55,0.000
02/23/06 00:00,0.000
02/23/06 00:05,0.000
02/23/06 00:10,0.000
02/23/06 00:15,0.000
02/23/06 00:20,0.000
02/23/06 00:25,0.000
02/23/06 00:30,0.000
02/23/06 00:35,0.000
02/23/06 00:40,0.000
02/23/06 00:45,0.000
02/23/06 00:50,0.000
02/23/06 00:55,0.000
02/23/06 01:00,0.000
02/23/06 01:05,0.000
02/23/06 01:10,0.000
02/23/06 01:15,0.000
02/23/06 01:20,0.000
02/23/06 01:25,0.000
02/23/06 01:30,0.000
02/23/06 01:35,0.000
02/23/06 01:40,0.000
02/23/06 01:45,0.000
02/23/06 01:50,0.000
02/23/06 01:55,0.000
02/23/06 02:00,0.000
02/23/06 02:05,0.000
02/23/06 02:10,0.000
02/23/06 02:15,0.000
02/23/06 02:20,0.000
02/23/06 02:25,0.000
02/23/06 02:30,0.000
02/23/06 02:35,0.000
02/23/06 02:40,0.000
02/23/06 02:45,0.000
02/23/06 02:50,0.000
02/23/06 02:55,0.000
02/23/06 03:00,0.000
02/23/06 03:05,0.000
02/23/06 03:10,0.000
02/23/06 03:15,0.000
02/23/06 03:20,0.000
02/23/06 03:25,0.000
02/23/06 03:30,0.000
02/23/06 03:35,0.000
02/23/06 03:40,0.000
02/23/06 03:45,0.000
02/23/06 03:50,0.000
02/23/06 03:55,0.000
02/23/06 04:00,0.000
02/23/06 04:05,0.000
02/23/06 04:10,0.000
02/23/06 04:15,0.000
02/23/06 04:20,0.000
02/23/06 04:25,0.000
02/23/06 04:30,0.000
02/23/06 04:35,0.000
02/23/06 04:40,0.000
02/23/06 04:45,0.000
02/23/06 04:50,0.000
02/23/06 04:55,0.000
02/23/06 05:00,0.000
02/23/06 05:05,0.000
02/23/06 05:10,0.000
02/23/06 05:15,0.000
02/23/06 05:20,0.000
02/23/06 05:25,0.000
02/23/06 05:30,0.000
02/23/06 05:35,0.000
02/23/06 05:40,0.000
02/23/06 05:45,0.000
02/23/06 05:50,0.000
02/23/06 05:55,0.000
02/23/06 06:00,0.000
02/23/06 06:05,0.000
02/23/06 06:10,0.000
02/23/06 06:15,0.000
02/23/06 06:20,0.000
02/23/06 06:25,0.000
02/23/06 06:30,0.000
02/23/06 06:35,0.000
02/23/06 06:40,0.000
02/23/06 06:45,0.000
02/23/06 06:50,0.000
02/23/06 06:55,0.000
02/23/06 07:00,0.000
02/23/06 07:05,0.000
02/23/06 07:10,0.001
02/23/06 07:15,0.005
02/23/06 07:20,0.013
02/23/06 07:25,0.031
02/23/06 07:30,0.065
02/23/06 07:35,0.087
02/23/06 07:40,0.101
02/23/06 07:45,0.116
02/23/06 07:50,0.132
02/23/06 07:55,0.147
02/23/06 08:00,0.161
02/23/06 08:05,0.172
02/23/06 08:10,0.178
02/23/06 08:15,0.182
02/23/06 08:20,0.184
02/23/06 08:25,0.184
02/23/06 08:30,0.183
02/23/06 08:35,0.179
02/23/06 08:40,0.169
02/23/06 08:45,0.160
02/23/06 08:50,0.150
02/23/06 08:55,0.133
02/23/06 09:00,0.111
02/23/06 09:05,0.095
02/23/06 09:10,0.088
02/23/06 09:15,0.082
02/23/06 09:20,0.080
02/23/06 09:25,0.074
02/23/06 09:30,0.078
02/23/06 09:35,0.084
02/23/06 09:40,0.085
02/23/06 09:45,0.084
02/23/06 09:50,0.085
02/23/06 09:55,0.087
02/23/06 10:00,0.085
02/23/06 10:05,0.083
02/23/06 10:10,0.096
02/23/06 10:15,0.109
02/23/06 10:20,0.120
02/23/06 10:25,0.130
02/23/06 10:30,0.141
02/23/06 10:35,0.160
02/23/06 10:40,0.194
02/23/06 10:45,0.195
02/23/06 10:50,0.179
02/23/06 10:55,0.184
02/23/06 11:00,0.228
02/23/06 11:05,0.265
02/23/06 11:10,0.279
02/23/06 11:15,0.280
02/23/06 11:20,0.273
02/23/06 11:25,0.270
02/23/06 11:30,0.259
02/23/06 11:35,0.248
02/23/06 11:40,0.235
02/23/06 11:45,0.223
02/23/06 11:50,0.209
02/23/06 11:55,0.195
02/23/06 12:00,0.189
02/23/06 12:05,0.180
02/23/06 12:10,0.162
02/23/06 12:15,0.154
02/23/06 12:20,0.146
02/23/06 12:25,0.139
02/23/06 12:30,0.133
02/23/06 12:35,0.129
02/23/06 12:40,0.124
02/23/06 12:45,0.112
02/23/06 12:50,0.108
02/23/06 12:55,0.102
02/23/06 13:00,0.091
02/23/06 13:05,0.075
02/23/06 13:10,0.057
02/23/06 13:15,0.033
02/23/06 13:20,0.023
02/23/06 13:25,0.017
02/23/06 13:30,0.013
02/23/06 13:35,0.008
02/23/06 13:40,0.004
02/23/06 13:45,0.002
02/23/06 13:50,0.002
02/23/06 13:55,0.002
02/23/06 14:00,0.003
02/23/06 14:05,0.005
02/23/06 14:10,0.013
02/23/06 14:15,0.039
02/23/06 14:20,0.081
02/23/06 14:25,0.095
02/23/06 14:30,0.099
02/23/06 14:35,0.098
02/23/06 14:40,0.099
02/23/06 14:45,0.091
02/23/06 14:50,0.074
02/23/06 14:55,0.041
02/23/06 15:00,0.040
02/23/06 15:05,0.057
02/23/06 15:10,0.040
02/23/06 15:15,0.026
02/23/06 15:20,0.011
02/23/06 15:25,0.006
02/23/06 15:30,0.003
02/23/06 15:35,0.002
02/23/06 15:40,0.001
02/23/06 15:45,0.000
02/23/06 15:50,0.000
02/23/06 15:55,0.000
02/23/06 16:00,0.000
02/23/06 16:05,0.000
02/23/06 16:10,0.000
02/23/06 16:15,0.000
02/23/06 16:20,0.000
02/23/06 16:25,0.000
02/23/06 16:30,0.000
02/23/06 16:35,0.000
02/23/06 16:40,0.000
02/23/06 16:45,0.000
02/23/06 16:50,0.000
02/23/06 16:55,0.000
02/23/06 17:00,0.000
02/23/06 17:05,0.000
02/23/06 17:10,0.000
02/23/06 17:15,0.000
02/23/06 17:20,0.000
02/23/06 17:25,0.000
02/23/06 17:30,0.000
02/23/06 17:35,0.000
02/23/06 17:40,0.000
02/23/06 17:45,0.000
02/23/06 17:50,0.000
02/23/06 17:55,0.000
02/23/06 18:00,0.000
02/23/06 18:05,0.000
02/23/06 18:10,0.000
02/23/06 18:15,0.000
02/23/06 18:20,0.000
02/23/06 18:25,0.000
02/23/06 18:30,0.000
02/23/06 18:35,0.000
02/23/06 18:40,0.000
02/23/06 18:45,0.000
02/23/06 18:50,0.000
02/23/06 18:55,0.000
02/23/06 19:00,0.000
02/23/06 19:05,0.000
02/23/06 19:10,0.000
02/23/06 19:15,0.000
02/23/06 19:20,0.000
02/23/06 19:25,0.000
02/23/06 19:30,0.000
02/23/06 19:35,0.000
02/23/06 19:40,0.000
02/23/06 19:45,0.000
02/23/06 19:50,0.000
02/23/06 19:55,0.000
02/23/06 20:00,0.000
02/23/06 20:05,0.000
02/23/06 20:10,0.000
02/23/06 20:15,0.000
02/23/06 20:20,0.000
02/23/06 20:25,0.000
02/23/06 20:30,0.000
02/23/06 20:35,0.000
02/23/06 20:40,0.000
02/23/06 20:45,0.000
02/23/06 20:50,0.000
02/23/06 20:55,0.000
02/23/06 21:00,0.000
02/23/06 21:05,0.000
02/23/06 21:10,0.000
02/23/06 21:15,0.000
02/23/06 21:20,0.000
02/23/06 21:25,0.000
02/23/06 21:30,0.000
02/23/06 21:35,0.000
02/23/06 21:40,0.000
02/23/06 21:45,0.000
02/23/06 21:50,0.000
02/23/06 21:55,0.000
02/23/06 22:00,0.000
02/23/06 22:05,0.000
02/23/06 22:10,0.000
02/23/06 22:15,0.000
02/23/06 22:20,0.000
02/23/06 22:25,0.000
02/23/06 22:30,0.000
02/23/06 22:35,0.000
02/23/06 22:40,0.000
02/23/06 22:45,0.000
02/23/06 22:50,0.000
02/23/06 22:55,0.000
02/23/06 23:00,0.000
02/23/06 23:05,0.000
02/23/06 23:10,0.000
02/23/06 23:15,0.000
02/23/06 23:20,0.000
02/23/06 23:25,0.000
02/23/06 23:30,0.000
02/23/06 23:35,0.000
02/23/06 23:40,0.000
02/23/06 23:45,0.000
02/23/06 23:50,0.000
02/23/06 23:55,0.000
02/24/06 00:00,0.000
02/24/06 00:05,0.000
02/24/06 00:10,0.000
02/24/06 00:15,0.000
02/24/06 00:20,0.000
02/24/06 00:25,0.000
02/24/06 00:30,0.000
02/24/06 00:35,0.000
02/24/06 00:40,0.000
02/24/06 00:45,0.000
02/24/06 00:50,0.000
02/24/06 00:55,0.000
02/24/06 01:00,0.000
02/24/06 01:05,0.000
02/24/06 01:10,0.000
02/24/06 01:15,0.000
02/24/06 01:20,0.000
02/24/06 01:25,0.000
02/24/06 01:30,0.000
02/24/06 01:35,0.000
02/24/06 01:40,0.000
02/24/06 01:45,0.000
02/24/06 01:50,0.000
02/24/06 01:55,0.000
02/24/06 02:00,0.000
02/24/06 02:05,0.000
02/24/06 02:10,0.000
02/24/06 02:15,0.000
02/24/06 02:20,0.000
02/24/06 02:25,0.000
02/24/06 02:30,0.000
02/24/06 02:35,0.000
02/24/06 02:40,0.000
02/24/06 02:45,0.000
02/24/06 02:50,0.000
02/24/06 02:55,0.000
02/24/06 03:00,0.000
02/24/06 03:05,0.000
02/24/06 03:10,0.000
02/24/06 03:15,0.000
02/24/06 03:20,0.000
02/24/06 03:25,0.000
02/24/06 03:30,0.000
02/24/06 03:35,0.000
02/24/06 03:40,0.000
02/24/06 03:45,0.000
02/24/06 03:50,0.000
02/24/06 03:55,0.000
02/24/06 04:00,0.000
02/24/06 04:05,0.000
02/24/06 04:10,0.000
02/24/06 04:15,0.000
02/24/06 04:20,0.000
02/24/06 04:25,0.000
02/24/06 04:30,0.000
02/24/06 04:35,0.000
02/24/06 04:40,0.000
02/24/06 04:45,0.000
02/24/06 04:50,0.000
02/24/06 04:55,0.000
02/24/06 05:00,0.000
02/24/06 05:05,0.000
02/24/06 05:10,0.000
02/24/06 05:15,0.000
02/24/06 05:20,0.000
02/24/06 05:25,0.000
02/24/06 05:30,0.000
02/24/06 05:35,0.000
02/24/06 05:40,0.000
02/24/06 05:45,0.000
02/24/06 05:50,0.000
02/24/06 05:55,0.000
02/24/06 06:00,0.000
02/24/06 06:05,0.000
02/24/06 06:10,0.000
02/24/06 06:15,0.000
02/24/06 06:20,0.000
02/24/06 06:25,0.000
02/24/06 06:30,0.000
02/24/06 06:35,0.000
02/24/06 06:40,0.000
02/24/06 06:45,0.000
02/24/06 06:50,0.000
02/24/06 06:55,0.000
02/24/06 07:00,0.000
02/24/06 07:05,0.000
02/24/06 07:10,0.002
02/24/06 07:15,0.007
02/24/06 07:20,0.018
02/24/06 07:25,0.043
02/24/06 07:30,0.082
02/24/06 07:35,0.097
02/24/06 07:40,0.111
02/24/06 07:45,0.127
02/24/06 07:50,0.143
02/24/06 07:55,0.160
02/24/06 08:00,0.176
02/24/06 08:05,0.192
02/24/06 08:10,0.207
02/24/06 08:15,0.222
02/24/06 08:20,0.236
02/24/06 08:25,0.250
02/24/06 08:30,0.263
02/24/06 08:35,0.277
02/24/06 08:40,0.290
02/24/06 08:45,0.301
02/24/06 08:50,0.313
02/24/06 08:55,0.325
02/24/06 09:00,0.337
02/24/06 09:05,0.348
02/24/06 09:10,0.358
02/24/06 09:15,0.369
02/24/06 09:20,0.379
02/24/06 09:25,0.390
02/24/06 09:30,0.404
02/24/06 09:35,0.417
02/24/06 09:40,0.430
02/24/06 09:45,0.445
02/24/06 09:50,0.457
02/24/06 09:55,0.469
02/24/06 10:00,0.482
02/24/06 10:05,0.492
02/24/06 10:10,0.500
02/24/06 10:15,0.508
02/24/06 10:20,0.514
02/24/06 10:25,0.520
02/24/06 10:30,0.523
02/24/06 10:35,0.532
02/24/06 10:40,0.544
02/24/06 10:45,0.555
02/24/06 10:50,0.564
02/24/06 10:55,0.571
02/24/06 11:00,0.577
02/24/06 11:05,0.582
02/24/06 11:10,0.585
02/24/06 11:15,0.588
02/24/06 11:20,0.590
02/24/06 11:25,0.591
02/24/06 11:30,0.591
02/24/06 11:35,0.589
02/24/06 11:40,0.585
02/24/06 11:45,0.579
02/24/06 11:50,0.584
02/24/06 11:55,0.587
02/24/06 12:00,0.589
02/24/06 12:05,0.589
02/24/06 12:10,0.590
02/24/06 12:15,0.590
02/24/06 12:20,0.589
02/24/06 12:25,0.587
02/24/06 12:30,0.585
02/24/06 12:35,0.582
02/24/06 12:40,0.577
02/24/06 12:45,0.572
02/24/06 12:50,0.566
02/24/06 12:55,0.560
02/24/06 13:00,0.555
02/24/06 13:05,0.551
02/24/06 13:10,0.545
02/24/06 13:15,0.542
02/24/06 13:20,0.541
02/24/06 13:25,0.541
02/24/06 13:30,0.539
02/24/06 13:35,0.536
02/24/06 13:40,0.532
02/24/06 13:45,0.529
02/24/06 13:50,0.519
02/24/06 13:55,0.511
02/24/06 14:00,0.504
02/24/06 14:05,0.497
02/24/06 14:10,0.490
02/24/06 14:15,0.483
02/24/06 14:20,0.471
02/24/06 14:25,0.462
02/24/06 14:30,0.452
02/24/06 14:35,0.442
02/24/06 14:40,0.435
02/24/06 14:45,0.424
02/24/06 14:50,0.411
02/24/06 14:55,0.399
02/24/06 15:00,0.384
02/24/06 15:05,0.369
02/24/06 15:10,0.353
02/24/06 15:15,0.338
02/24/06 15:20,0.322
02/24/06 15:25,0.305
02/24/06 15:30,0.288
02/24/06 15:35,0.271
02/24/06 15:40,0.254
02/24/06 15:45,0.236
02/24/06 15:50,0.218
02/24/06 15:55,0.200
02/24/06 16:00,0.182
02/24/06 16:05,0.164
02/24/06 16:10,0.146
02/24/06 16:15,0.129
02/24/06 16:20,0.112
02/24/06 16:25,0.096
02/24/06 16:30,0.080
02/24/06 16:35,0.041
02/24/06 16:40,0.017
02/24/06 16:45,0.006
02/24/06 16:50,0.001
02/24/06 16:55,0.000
02/24/06 17:00,0.000
02/24/06 17:05,0.000
02/24/06 17:10,0.000
02/24/06 17:15,0.000
02/24/06 17:20,0.000
02/24/06 17:25,0.000
02/24/06 17:30,0.000
02/24/06 17:35,0.000
02/24/06 17:40,0.000
02/24/06 17:45,0.000
02/24/06 17:50,0.000
02/24/06 17:55,0.000
02/24/06 18:00,0.000
02/24/06 18:05,0.000
02/24/06 18:10,0.000
02/24/06 18:15,0.000
02/24/06 18:20,0.000
02/24/06 18:25,0.000
02/24/06 18:30,0.000
02/24/06 18:35,0.000
02/24/06 18:40,0.000
02/24/06 18:45,0.000
02/24/06 18:50,0.000
02/24/06 18:55,0.000
02/24/06 19:00,0.000
02/24/06 19:05,0.000
02/24/06 19:10,0.000
02/24/06 19:15,0.000
02/24/06 19:20,0.000
02/24/06 19:25,0.000
02/24/06 19:30,0.000
02/24/06 19:35,0.000
02/24/06 19:40,0.000
02/24/06 19:45,0.000
02/24/06 19:50,0.000
02/24/06 19:55,0.000
02/24/06 20:00,0.000
02/24/06 20:05,0.000
02/24/06 20:10,0.000
02/24/06 20:15,0.000
02/24/06 20:20,0.000
02/24/06 20:25,0.000
02/24/06 20:30,0.000
02/24/06 20:35,0.000
02/24/06 20:40,0.000
02/24/06 20:45,0.000
02/24/06 20:50,0.000
02/24/06 20:55,0.000
02/24/06 21:00,0.000
02/24/06 21:05,0.000
02/24/06 21:10,0.000
02/24/06 21:15,0.000
02/24/06 21:20,0.000
02/24/06 21:25,0.000
02/24/06 21:30,0.000
02/24/06 21:35,0.000
02/24/06 21:40,0.000
02/24/06 21:45,0.000
02/24/06 21:50,0.000
02/24/06 21:55,0.000
02/24/06 22:00,0.000
02/24/06 22:05,0.000
02/24/06 22:10,0.000
02/24/06 22:15,0.000
02/24/06 22:20,0.000
02/24/06 22:25,0.000
02/24/06 22:30,0.000
02/24/06 22:35,0.000
02/24/06 22:40,0.000
02/24/06 22:45,0.000
02/24/06 22:50,0.000
02/24/06 22:55,0.000
02/24/06 23:00,0.000
02/24/06 23:05,0.000
02/24/06 23:10,0.000
02/24/06 23:15,0.000
02/24/06 23:20,0.000
02/24/06 23:25,0.000
02/24/06 23:30,0.000
02/24/06 23:35,0.000
02/24/06 23:40,0.000
02/24/06 23:45,0.000
02/24/06 23:50,0.000
02/24/06 23:55,0.000
02/25/06 00:00,0.000
02/25/06 00:05,0.000
02/25/06 00:10,0.000
02/25/06 00:15,0.000
02/25/06 00:20,0.000
02/25/06 00:25,0.000
02/25/06 00:30,0.000
02/25/06 00:35,0.000
02/25/06 00:40,0.000
02/25/06 00:45,0.000
02/25/06 00:50,0.000
02/25/06 00:55,0.000
02/25/06 01:00,0.000
02/25/06 01:05,0.000
02/25/06 01:10,0.000
02/25/06 01:15,0.000
02/25/06 01:20,0.000
02/25/06 01:25,0.000
02/25/06 01:30,0.000
02/25/06 01:35,0.000
02/25/06 01:40,0.000
02/25/06 01:45,0.000
02/25/06 01:50,0.000
02/25/06 01:55,0.000
02/25/06 02:00,0.000
02/25/06 02:05,0.000
02/25/06 02:10,0.000
02/25/06 02:15,0.000
02/25/06 02:20,0.000
02/25/06 02:25,0.000
02/25/06 02:30,0.000
02/25/06 02:35,0.000
02/25/06 02:40,0.000
02/25/06 02:45,0.000
02/25/06 02:50,0.000
02/25/06 02:55,0.000
02/25/06 03:00,0.000
02/25/06 03:05,0.000
02/25/06 03:10,0.000
02/25/06 03:15,0.000
02/25/06 03:20,0.000
02/25/06 03:25,0.000
02/25/06 03:30,0.000
02/25/06 03:35,0.000
02/25/06 03:40,0.000
02/25/06 03:45,0.000
02/25/06 03:50,0.000
02/25/06 03:55,0.000
02/25/06 04:00,0.000
02/25/06 04:05,0.000
02/25/06 04:10,0.000
02/25/06 04:15,0.000
02/25/06 04:20,0.000
02/25/06 04:25,0.000
02/25/06 04:30,0.000
02/25/06 04:35,0.000
02/25/06 04:40,0.000
02/25/06 04:45,0.000
02/25/06 04:50,0.000
02/25/06 04:55,0.000
02/25/06 05:00,0.000
02/25/06 05:05,0.000
02/25/06 05:10,0.000
02/25/06 05:15,0.000
02/25/06 05:20,0.000
02/25/06 05:25,0.000
02/25/06 05:30,0.000
02/25/06 05:35,0.000
02/25/06 05:40,0.000
02/25/06 05:45,0.000
02/25/06 05:50,0.000
02/25/06 05:55,0.000
02/25/06 06:00,0.000
02/25/06 06:05,0.000
02/25/06 06:10,0.000
02/25/06 06:15,0.000
02/25/06 06:20,0.000
02/25/06 06:25,0.000
02/25/06 06:30,0.000
02/25/06 06:35,0.000
02/25/06 06:40,0.000
02/25/06 06:45,0.000
02/25/06 06:50,0.000
02/25/06 06:55,0.000
02/25/06 07:00,0.000
02/25/06 07:05,0.000
02/25/06 07:10,0.001
02/25/06 07:15,0.003
02/25/06 07:20,0.007
02/25/06 07:25,0.015
02/25/06 07:30,0.037
02/25/06 07:35,0.067
02/25/06 07:40,0.088
02/25/06 07:45,0.100
02/25/06 07:50,0.112
02/25/06 07:55,0.125
02/25/06 08:00,0.143
02/25/06 08:05,0.161
02/25/06 08:10,0.175
02/25/06 08:15,0.190
02/25/06 08:20,0.203
02/25/06 08:25,0.198
02/25/06 08:30,0.210
02/25/06 08:35,0.224
02/25/06 08:40,0.248
02/25/06 08:45,0.267
02/25/06 08:50,0.297
02/25/06 08:55,0.329
02/25/06 09:00,0.341
02/25/06 09:05,0.351
02/25/06 09:10,0.358
02/25/06 09:15,0.363
02/25/06 09:20,0.337
02/25/06 09:25,0.342
02/25/06 09:30,0.362
02/25/06 09:35,0.332
02/25/06 09:40,0.299
02/25/06 09:45,0.282
02/25/06 09:50,0.274
02/25/06 09:55,0.272
02/25/06 10:00,0.293
02/25/06 10:05,0.311
02/25/06 10:10,0.309
02/25/06 10:15,0.313
02/25/06 10:20,0.342
02/25/06 10:25,0.309
02/25/06 10:30,0.269
02/25/06 10:35,0.268
02/25/06 10:40,0.293
02/25/06 10:45,0.314
02/25/06 10:50,0.340
02/25/06 10:55,0.392
02/25/06 11:00,0.381
02/25/06 11:05,0.370
02/25/06 11:10,0.365
02/25/06 11:15,0.364
02/25/06 11:20,0.366
02/25/06 11:25,0.372
02/25/06 11:30,0.350
02/25/06 11:35,0.339
02/25/06 11:40,0.339
02/25/06 11:45,0.334
02/25/06 11:50,0.336
02/25/06 11:55,0.342
02/25/06 12:00,0.352
02/25/06 12:05,0.376
02/25/06 12:10,0.420
02/25/06 12:15,0.493
02/25/06 12:20,0.531
02/25/06 12:25,0.549
02/25/06 12:30,0.539
02/25/06 12:35,0.508
02/25/06 12:40,0.483
02/25/06 12:45,0.458
02/25/06 12:50,0.426
02/25/06 12:55,0.393
02/25/06 13:00,0.372
02/25/06 13:05,0.353
02/25/06 13:10,0.337
02/25/06 13:15,0.325
02/25/06 13:20,0.317
02/25/06 13:25,0.297
02/25/06 13:30,0.284
02/25/06 13:35,0.271
02/25/06 13:40,0.258
02/25/06 13:45,0.244
02/25/06 13:50,0.228
02/25/06 13:55,0.217
02/25/06 14:00,0.208
02/25/06 14:05,0.203
02/25/06 14:10,0.207
02/25/06 14:15,0.220
02/25/06 14:20,0.211
02/25/06 14:25,0.192
02/25/06 14:30,0.180
02/25/06 14:35,0.174
02/25/06 14:40,0.172
02/25/06 14:45,0.182
02/25/06 14:50,0.183
02/25/06 14:55,0.170
02/25/06 15:00,0.149
02/25/06 15:05,0.129
02/25/06 15:10,0.117
02/25/06 15:15,0.104
02/25/06 15:20,0.095
02/25/06 15:25,0.085
02/25/06 15:30,0.073
02/25/06 15:35,0.051
02/25/06 15:40,0.031
02/25/06 15:45,0.019
02/25/06 15:50,0.012
02/25/06 15:55,0.008
02/25/06 16:00,0.015
02/25/06 16:05,0.037
02/25/06 16:10,0.034
02/25/06 16:15,0.011
02/25/06 16:20,0.004
02/25/06 16:25,0.002
02/25/06 16:30,0.001
02/25/06 16:35,0.000
02/25/06 16:40,0.000
02/25/06 16:45,0.000
02/25/06 16:50,0.000
02/25/06 16:55,0.000
02/25/06 17:00,0.000
02/25/06 17:05,0.000
02/25/06 17:10,0.000
02/25/06 17:15,0.000
02/25/06 17:20,0.000
02/25/06 17:25,0.000
02/25/06 17:30,0.000
02/25/06 17:35,0.000
02/25/06 17:40,0.000
02/25/06 17:45,0.000
02/25/06 17:50,0.000
02/25/06 17:55,0.000
02/25/06 18:00,0.000
02/25/06 18:05,0.000
02/25/06 18:10,0.000
02/25/06 18:15,0.000
02/25/06 18:20,0.000
02/25/06 18:25,0.000
02/25/06 18:30,0.000
02/25/06 18:35,0.000
02/25/06 18:40,0.000
02/25/06 18:45,0.000
02/25/06 18:50,0.000
02/25/06 18:55,0.000
02/25/06 19:00,0.000
02/25/06 19:05,0.000
02/25/06 19:10,0.000
02/25/06 19:15,0.000
02/25/06 19:20,0.000
02/25/06 19:25,0.000
02/25/06 19:30,0.000
02/25/06 19:35,0.000
02/25/06 19:40,0.000
02/25/06 19:45,0.000
02/25/06 19:50,0.000
02/25/06 19:55,0.000
02/25/06 20:00,0.000
02/25/06 20:05,0.000
02/25/06 20:10,0.000
02/25/06 20:15,0.000
02/25/06 20:20,0.000
02/25/06 20:25,0.000
02/25/06 20:30,0.000
02/25/06 20:35,0.000
02/25/06 20:40,0.000
02/25/06 20:45,0.000
02/25/06 20:50,0.000
02/25/06 20:55,0.000
02/25/06 21:00,0.000
02/25/06 21:05,0.000
02/25/06 21:10,0.000
02/25/06 21:15,0.000
02/25/06 21:20,0.000
02/25/06 21:25,0.000
02/25/06 21:30,0.000
02/25/06 21:35,0.000
02/25/06 21:40,0.000
02/25/06 21:45,0.000
02/25/06 21:50,0.000
02/25/06 21:55,0.000
02/25/06 22:00,0.000
02/25/06 22:05,0.000
02/25/06 22:10,0.000
02/25/06 22:15,0.000
02/25/06 22:20,0.000
02/25/06 22:25,0.000
02/25/06 22:30,0.000
02/25/06 22:35,0.000
02/25/06 22:40,0.000
02/25/06 22:45,0.000
02/25/06 22:50,0.000
02/25/06 22:55,0.000
02/25/06 23:00,0.000
02/25/06 23:05,0.000
02/25/06 23:10,0.000
02/25/06 23:15,0.000
02/25/06 23:20,0.000
02/25/06 23:25,0.000
02/25/06 23:30,0.000
02/25/06 23:35,0.000
02/25/06 23:40,0.000
02/25/06 23:45,0.000
02/25/06 23:50,0.000
02/25/06 23:55,0.000
02/26/06 00:00,0.000
02/26/06 00:05,0.000
02/26/06 00:10,0.000
02/26/06 00:15,0.000
02/26/06 00:20,0.000
02/26/06 00:25,0.000
02/26/06 00:30,0.000
02/26/06 00:35,0.000
02/26/06 00:40,0.000
02/26/06 00:45,0.000
02/26/06 00:50,0.000
02/26/06 00:55,0.000
02/26/06 01:00,0.000
02/26/06 01:05,0.000
02/26/06 01:10,0.000
02/26/06 01:15,0.000
02/26/06 01:20,0.000
02/26/06 01:25,0.000
02/26/06 01:30,0.000
02/26/06 01:35,0.000
02/26/06 01:40,0.000
02/26/06 01:45,0.000
02/26/06 01:50,0.000
02/26/06 01:55,0.000
02/26/06 02:00,0.000
02/26/06 02:05,0.000
02/26/06 02:10,0.000
02/26/06 02:15,0.000
02/26/06 02:20,0.000
02/26/06 02:25,0.000
02/26/06 02:30,0.000
02/26/06 02:35,0.000
02/26/06 02:40,0.000
02/26/06 02:45,0.000
02/26/06 02:50,0.000
02/26/06 02:55,0.000
02/26/06 03:00,0.000
02/26/06 03:05,0.000
02/26/06 03:10,0.000
02/26/06 03:15,0.000
02/26/06 03:20,0.000
02/26/06 03:25,0.000
02/26/06 03:30,0.000
02/26/06 03:35,0.000
02/26/06 03:40,0.000
02/26/06 03:45,0.000
02/26/06 03:50,0.000
02/26/06 03:55,0.000
02/26/06 04:00,0.000
02/26/06 04:05,0.000
02/26/06 04:10,0.000
02/26/06 04:15,0.000
02/26/06 04:20,0.000
02/26/06 04:25,0.000
02/26/06 04:30,0.000
02/26/06 04:35,0.000
02/26/06 04:40,0.000
02/26/06 04:45,0.000
02/26/06 04:50,0.000
02/26/06 04:55,0.000
02/26/06 05:00,0.000
02/26/06 05:05,0.000
02/26/06 05:10,0.000
02/26/06 05:15,0.000
02/26/06 05:20,0.000
02/26/06 05:25,0.000
02/26/06 05:30,0.000
02/26/06 05:35,0.000
02/26/06 05:40,0.000
02/26/06 05:45,0.000
02/26/06 05:50,0.000
02/26/06 05:55,0.000
02/26/06 06:00,0.000
02/26/06 06:05,0.000
02/26/06 06:10,0.000
02/26/06 06:15,0.000
02/26/06 06:20,0.000
02/26/06 06:25,0.000
02/26/06 06:30,0.000
02/26/06 06:35,0.000
02/26/06 06:40,0.000
02/26/06 06:45,0.000
02/26/06 06:50,0.000
02/26/06 06:55,0.000
02/26/06 07:00,0.000
02/26/06 07:05,0.000
02/26/06 07:10,0.000
02/26/06 07:15,0.000
02/26/06 07:20,0.002
02/26/06 07:25,0.005
02/26/06 07:30,0.014
02/26/06 07:35,0.037
02/26/06 07:40,0.071
02/26/06 07:45,0.089
02/26/06 07:50,0.113
02/26/06 07:55,0.136
02/26/06 08:00,0.157
02/26/06 08:05,0.173
02/26/06 08:10,0.185
02/26/06 08:15,0.190
02/26/06 08:20,0.188
02/26/06 08:25,0.183
02/26/06 08:30,0.177
02/26/06 08:35,0.162
02/26/06 08:40,0.151
02/26/06 08:45,0.138
02/26/06 08:50,0.126
02/26/06 08:55,0.102
02/26/06 09:00,0.082
02/26/06 09:05,0.069
02/26/06 09:10,0.064
02/26/06 09:15,0.071
02/26/06 09:20,0.079
02/26/06 09:25,0.087
02/26/06 09:30,0.096
02/26/06 09:35,0.111
02/26/06 09:40,0.121
02/26/06 09:45,0.139
02/26/06 09:50,0.151
02/26/06 09:55,0.162
02/26/06 10:00,0.167
02/26/06 10:05,0.184
02/26/06 10:10,0.200
02/26/06 10:15,0.215
02/26/06 10:20,0.241
02/26/06 10:25,0.228
02/26/06 10:30,0.210
02/26/06 10:35,0.183
02/26/06 10:40,0.180
02/26/06 10:45,0.182
02/26/06 10:50,0.179
02/26/06 10:55,0.188
02/26/06 11:00,0.161
02/26/06 11:05,0.150
02/26/06 11:10,0.146
02/26/06 11:15,0.147
02/26/06 11:20,0.144
02/26/06 11:25,0.143
02/26/06 11:30,0.150
02/26/06 11:35,0.162
02/26/06 11:40,0.178
02/26/06 11:45,0.210
02/26/06 11:50,0.227
02/26/06 11:55,0.241
02/26/06 12:00,0.231
02/26/06 12:05,0.216
02/26/06 12:10,0.206
02/26/06 12:15,0.199
02/26/06 12:20,0.182
02/26/06 12:25,0.175
02/26/06 12:30,0.165
02/26/06 12:35,0.163
02/26/06 12:40,0.169
02/26/06 12:45,0.186
02/26/06 12:50,0.164
02/26/06 12:55,0.139
02/26/06 13:00,0.145
02/26/06 13:05,0.147
02/26/06 13:10,0.144
02/26/06 13:15,0.138
02/26/06 13:20,0.132
02/26/06 13:25,0.135
02/26/06 13:30,0.137
02/26/06 13:35,0.141
02/26/06 13:40,0.153
02/26/06 13:45,0.152
02/26/06 13:50,0.142
02/26/06 13:55,0.129
02/26/06 14:00,0.138
02/26/06 14:05,0.152
02/26/06 14:10,0.153
02/26/06 14:15,0.149
02/26/06 14:20,0.142
02/26/06 14:25,0.130
02/26/06 14:30,0.121
02/26/06 14:35,0.111
02/26/06 14:40,0.101
02/26/06 14:45,0.087
02/26/06 14:50,0.076
02/26/06 14:55,0.055
02/26/06 15:00,0.030
02/26/06 15:05,0.021
02/26/06 15:10,0.017
02/26/06 15:15,0.012
02/26/06 15:20,0.009
02/26/06 15:25,0.006
02/26/06 15:30,0.004
02/26/06 15:35,0.003
02/26/06 15:40,0.002
02/26/06 15:45,0.001
02/26/06 15:50,0.001
02/26/06 15:55,0.001
02/26/06 16:00,0.001
02/26/06 16:05,0.001
02/26/06 16:10,0.000
02/26/06 16:15,0.000
02/26/06 16:20,0.000
02/26/06 16:25,0.000
02/26/06 16:30,0.000
02/26/06 16:35,0.000
02/26/06 16:40,0.000
02/26/06 16:45,0.000
02/26/06 16:50,0.000
02/26/06 16:55,0.000
02/26/06 17:00,0.000
02/26/06 17:05,0.000
02/26/06 17:10,0.000
02/26/06 17:15,0.000
02/26/06 17:20,0.000
02/26/06 17:25,0.000
02/26/06 17:30,0.000
02/26/06 17:35,0.000
02/26/06 17:40,0.000
02/26/06 17:45,0.000
02/26/06 17:50,0.000
02/26/06 17:55,0.000
02/26/06 18:00,0.000
02/26/06 18:05,0.000
02/26/06 18:10,0.000
02/26/06 18:15,0.000
02/26/06 18:20,0.000
02/26/06 18:25,0.000
02/26/06 18:30,0.000
02/26/06 18:35,0.000
02/26/06 18:40,0.000
02/26/06 18:45,0.000
02/26/06 18:50,0.000
02/26/06 18:55,0.000
02/26/06 19:00,0.000
02/26/06 19:05,0.000
02/26/06 19:10,0.000
02/26/06 19:15,0.000
02/26/06 19:20,0.000
02/26/06 19:25,0.000
02/26/06 19:30,0.000
02/26/06 19:35,0.000
02/26/06 19:40,0.000
02/26/06 19:45,0.000
02/26/06 19:50,0.000
02/26/06 19:55,0.000
02/26/06 20:00,0.000
02/26/06 20:05,0.000
02/26/06 20:10,0.000
02/26/06 20:15,0.000
02/26/06 20:20,0.000
02/26/06 20:25,0.000
02/26/06 20:30,0.000
02/26/06 20:35,0.000
02/26/06 20:40,0.000
02/26/06 20:45,0.000
02/26/06 20:50,0.000
02/26/06 20:55,0.000
02/26/06 21:00,0.000
02/26/06 21:05,0.000
02/26/06 21:10,0.000
02/26/06 21:15,0.000
02/26/06 21:20,0.000
02/26/06 21:25,0.000
02/26/06 21:30,0.000
02/26/06 21:35,0.000
02/26/06 21:40,0.000
02/26/06 21:45,0.000
02/26/06 21:50,0.000
02/26/06 21:55,0.000
02/26/06 22:00,0.000
02/26/06 22:05,0.000
02/26/06 22:10,0.000
02/26/06 22:15,0.000
02/26/06 22:20,0.000
02/26/06 22:25,0.000
02/26/06 22:30,0.000
02/26/06 22:35,0.000
02/26/06 22:40,0.000
02/26/06 22:45,0.000
02/26/06 22:50,0.000
02/26/06 22:55,0.000
02/26/06 23:00,0.000
02/26/06 23:05,0.000
02/26/06 23:10,0.000
02/26/06 23:15,0.000
02/26/06 23:20,0.000
02/26/06 23:25,0.000
02/26/06 23:30,0.000
02/26/06 23:35,0.000
02/26/06 23:40,0.000
02/26/06 23:45,0.000
02/26/06 23:50,0.000
02/26/06 23:55,0.000
02/27/06 00:00,0.000
02/27/06 00:05,0.000
02/27/06 00:10,0.000
02/27/06 00:15,0.000
02/27/06 00:20,0.000
02/27/06 00:25,0.000
02/27/06 00:30,0.000
02/27/06 00:35,0.000
02/27/06 00:40,0.000
02/27/06 00:45,0.000
02/27/06 00:50,0.000
02/27/06 00:55,0.000
02/27/06 01:00,0.000
02/27/06 01:05,0.000
02/27/06 01:10,0.000
02/27/06 01:15,0.000
02/27/06 01:20,0.000
02/27/06 01:25,0.000
02/27/06 01:30,0.000
02/27/06 01:35,0.000
02/27/06 01:40,0.000
02/27/06 01:45,0.000
02/27/06 01:50,0.000
02/27/06 01:55,0.000
02/27/06 02:00,0.000
02/27/06 02:05,0.000
02/27/06 02:10,0.000
02/27/06 02:15,0.000
02/27/06 02:20,0.000
02/27/06 02:25,0.000
02/27/06 02:30,0.000
02/27/06 02:35,0.000
02/27/06 02:40,0.000
02/27/06 02:45,0.000
02/27/06 02:50,0.000
02/27/06 02:55,0.000
02/27/06 03:00,0.000
02/27/06 03:05,0.000
02/27/06 03:10,0.000
02/27/06 03:15,0.000
02/27/06 03:20,0.000
02/27/06 03:25,0.000
02/27/06 03:30,0.000
02/27/06 03:35,0.000
02/27/06 03:40,0.000
02/27/06 03:45,0.000
02/27/06 03:50,0.000
02/27/06 03:55,0.000
02/27/06 04:00,0.000
02/27/06 04:05,0.000
02/27/06 04:10,0.000
02/27/06 04:15,0.000
02/27/06 04:20,0.000
02/27/06 04:25,0.000
02/27/06 04:30,0.000
02/27/06 04:35,0.000
02/27/06 04:40,0.000
02/27/06 04:45,0.000
02/27/06 04:50,0.000
02/27/06 04:55,0.000
02/27/06 05:00,0.000
02/27/06 05:05,0.000
02/27/06 05:10,0.000
02/27/06 05:15,0.000
02/27/06 05:20,0.000
02/27/06 05:25,0.000
02/27/06 05:30,0.000
02/27/06 05:35,0.000
02/27/06 05:40,0.000
02/27/06 05:45,0.000
02/27/06 05:50,0.000
02/27/06 05:55,0.000
02/27/06 06:00,0.000
02/27/06 06:05,0.000
02/27/06 06:10,0.000
02/27/06 06:15,0.000
02/27/06 06:20,0.000
02/27/06 06:25,0.000
02/27/06 06:30,0.000
02/27/06 06:35,0.000
02/27/06 06:40,0.000
02/27/06 06:45,0.000
02/27/06 06:50,0.000
02/27/06 06:55,0.000
02/27/06 07:00,0.000
02/27/06 07:05,0.000
02/27/06 07:10,0.000
02/27/06 07:15,0.001
02/27/06 07:20,0.001
02/27/06 07:25,0.003
02/27/06 07:30,0.024
02/27/06 07:35,0.082
02/27/06 07:40,0.087
02/27/06 07:45,0.096
02/27/06 07:50,0.112
02/27/06 07:55,0.128
02/27/06 08:00,0.127
02/27/06 08:05,0.124
02/27/06 08:10,0.120
02/27/06 08:15,0.115
02/27/06 08:20,0.107
02/27/06 08:25,0.101
02/27/06 08:30,0.094
02/27/06 08:35,0.084
02/27/06 08:40,0.073
02/27/06 08:45,0.044
02/27/06 08:50,0.026
02/27/06 08:55,0.012
02/27/06 09:00,0.013
02/27/06 09:05,0.018
02/27/06 09:10,0.030
02/27/06 09:15,0.063
02/27/06 09:20,0.082
02/27/06 09:25,0.088
02/27/06 09:30,0.092
02/27/06 09:35,0.098
02/27/06 09:40,0.109
02/27/06 09:45,0.111
02/27/06 09:50,0.107
02/27/06 09:55,0.108
02/27/06 10:00,0.098
02/27/06 10:05,0.087
02/27/06 10:10,0.058
02/27/06 10:15,0.031
02/27/06 10:20,0.021
02/27/06 10:25,0.015
02/27/06 10:30,0.013
02/27/06 10:35,0.014
02/27/06 10:40,0.018
02/27/06 10:45,0.022
02/27/06 10:50,0.029
02/27/06 10:55,0.036
02/27/06 11:00,0.053
02/27/06 11:05,0.077
02/27/06 11:10,0.091
02/27/06 11:15,0.095
02/27/06 11:20,0.097
02/27/06 11:25,0.099
02/27/06 11:30,0.097
02/27/06 11:35,0.094
02/27/06 11:40,0.090
02/27/06 11:45,0.077
02/27/06 11:50,0.052
02/27/06 11:55,0.029
02/27/06 12:00,0.026
02/27/06 12:05,0.024
02/27/06 12:10,0.026
02/27/06 12:15,0.030
02/27/06 12:20,0.028
02/27/06 12:25,0.024
02/27/06 12:30,0.022
02/27/06 12:35,0.024
02/27/06 12:40,0.026
02/27/06 12:45,0.029
02/27/06 12:50,0.032
02/27/06 12:55,0.044
02/27/06 13:00,0.029
02/27/06 13:05,0.024
02/27/06 13:10,0.020
02/27/06 13:15,0.017
02/27/06 13:20,0.014
02/27/06 13:25,0.013
02/27/06 13:30,0.013
02/27/06 13:35,0.014
02/27/06 13:40,0.015
02/27/06 13:45,0.016
02/27/06 13:50,0.016
02/27/06 13:55,0.014
02/27/06 14:00,0.014
02/27/06 14:05,0.012
02/27/06 14:10,0.011
02/27/06 14:15,0.009
02/27/06 14:20,0.007
02/27/06 14:25,0.005
02/27/06 14:30,0.003
02/27/06 14:35,0.002
02/27/06 14:40,0.002
02/27/06 14:45,0.002
02/27/06 14:50,0.002
02/27/06 14:55,0.002
02/27/06 15:00,0.005
02/27/06 15:05,0.009
02/27/06 15:10,0.008
02/27/06 15:15,0.006
02/27/06 15:20,0.005
02/27/06 15:25,0.004
02/27/06 15:30,0.003
02/27/06 15:35,0.002
02/27/06 15:40,0.001
02/27/06 15:45,0.001
02/27/06 15:50,0.000
02/27/06 15:55,0.000
02/27/06 16:00,0.000
02/27/06 16:05,0.000
02/27/06 16:10,0.000
02/27/06 16:15,0.000
02/27/06 16:20,0.000
02/27/06 16:25,0.000
02/27/06 16:30,0.000
02/27/06 16:35,0.000
02/27/06 16:40,0.000
02/27/06 16:45,0.000
02/27/06 16:50,0.000
02/27/06 16:55,0.000
02/27/06 17:00,0.000
02/27/06 17:05,0.000
02/27/06 17:10,0.000
02/27/06 17:15,0.000
02/27/06 17:20,0.000
02/27/06 17:25,0.000
02/27/06 17:30,0.000
02/27/06 17:35,0.000
02/27/06 17:40,0.000
02/27/06 17:45,0.000
02/27/06 17:50,0.000
02/27/06 17:55,0.000
02/27/06 18:00,0.000
02/27/06 18:05,0.000
02/27/06 18:10,0.000
02/27/06 18:15,0.000
02/27/06 18:20,0.000
02/27/06 18:25,0.000
02/27/06 18:30,0.000
02/27/06 18:35,0.000
02/27/06 18:40,0.000
02/27/06 18:45,0.000
02/27/06 18:50,0.000
02/27/06 18:55,0.000
02/27/06 19:00,0.000
02/27/06 19:05,0.000
02/27/06 19:10,0.000
02/27/06 19:15,0.000
02/27/06 19:20,0.000
02/27/06 19:25,0.000
02/27/06 19:30,0.000
02/27/06 19:35,0.000
02/27/06 19:40,0.000
02/27/06 19:45,0.000
02/27/06 19:50,0.000
02/27/06 19:55,0.000
02/27/06 20:00,0.000
02/27/06 20:05,0.000
02/27/06 20:10,0.000
02/27/06 20:15,0.000
02/27/06 20:20,0.000
02/27/06 20:25,0.000
02/27/06 20:30,0.000
02/27/06 20:35,0.000
02/27/06 20:40,0.000
02/27/06 20:45,0.000
02/27/06 20:50,0.000
02/27/06 20:55,0.000
02/27/06 21:00,0.000
02/27/06 21:05,0.000
02/27/06 21:10,0.000
02/27/06 21:15,0.000
02/27/06 21:20,0.000
02/27/06 21:25,0.000
02/27/06 21:30,0.000
02/27/06 21:35,0.000
02/27/06 21:40,0.000
02/27/06 21:45,0.000
02/27/06 21:50,0.000
02/27/06 21:55,0.000
02/27/06 22:00,0.000
02/27/06 22:05,0.000
02/27/06 22:10,0.000
02/27/06 22:15,0.000
02/27/06 22:20,0.000
02/27/06 22:25,0.000
02/27/06 22:30,0.000
02/27/06 22:35,0.000
02/27/06 22:40,0.000
02/27/06 22:45,0.000
02/27/06 22:50,0.000
02/27/06 22:55,0.000
02/27/06 23:00,0.000
02/27/06 23:05,0.000
02/27/06 23:10,0.000
02/27/06 23:15,0.000
02/27/06 23:20,0.000
02/27/06 23:25,0.000
02/27/06 23:30,0.000
02/27/06 23:35,0.000
02/27/06 23:40,0.000
02/27/06 23:45,0.000
02/27/06 23:50,0.000
02/27/06 23:55,0.000
02/28/06 00:00,0.000
02/28/06 00:05,0.000
02/28/06 00:10,0.000
02/28/06 00:15,0.000
02/28/06 00:20,0.000
02/28/06 00:25,0.000
02/28/06 00:30,0.000
02/28/06 00:35,0.000
02/28/06 00:40,0.000
02/28/06 00:45,0.000
02/28/06 00:50,0.000
02/28/06 00:55,0.000
02/28/06 01:00,0.000
02/28/06 01:05,0.000
02/28/06 01:10,0.000
02/28/06 01:15,0.000
02/28/06 01:20,0.000
02/28/06 01:25,0.000
02/28/06 01:30,0.000
02/28/06 01:35,0.000
02/28/06 01:40,0.000
02/28/06 01:45,0.000
02/28/06 01:50,0.000
02/28/06 01:55,0.000
02/28/06 02:00,0.000
02/28/06 02:05,0.000
02/28/06 02:10,0.000
02/28/06 02:15,0.000
02/28/06 02:20,0.000
02/28/06 02:25,0.000
02/28/06 02:30,0.000
02/28/06 02:35,0.000
02/28/06 02:40,0.000
02/28/06 02:45,0.000
02/28/06 02:50,0.000
02/28/06 02:55,0.000
02/28/06 03:00,0.000
02/28/06 03:05,0.000
02/28/06 03:10,0.000
02/28/06 03:15,0.000
02/28/06 03:20,0.000
02/28/06 03:25,0.000
02/28/06 03:30,0.000
02/28/06 03:35,0.000
02/28/06 03:40,0.000
02/28/06 03:45,0.000
02/28/06 03:50,0.000
02/28/06 03:55,0.000
02/28/06 04:00,0.000
02/28/06 04:05,0.000
02/28/06 04:10,0.000
02/28/06 04:15,0.000
02/28/06 04:20,0.000
02/28/06 04:25,0.000
02/28/06 04:30,0.000
02/28/06 04:35,0.000
02/28/06 04:40,0.000
02/28/06 04:45,0.000
02/28/06 04:50,0.000
02/28/06 04:55,0.000
02/28/06 05:00,0.000
02/28/06 05:05,0.000
02/28/06 05:10,0.000
02/28/06 05:15,0.000
02/28/06 05:20,0.000
02/28/06 05:25,0.000
02/28/06 05:30,0.000
02/28/06 05:35,0.000
02/28/06 05:40,0.000
02/28/06 05:45,0.000
02/28/06 05:50,0.000
02/28/06 05:55,0.000
02/28/06 06:00,0.000
02/28/06 06:05,0.000
02/28/06 06:10,0.000
02/28/06 06:15,0.000
02/28/06 06:20,0.000
02/28/06 06:25,0.000
02/28/06 06:30,0.000
02/28/06 06:35,0.000
02/28/06 06:40,0.000
02/28/06 06:45,0.000
02/28/06 06:50,0.000
02/28/06 06:55,0.000
02/28/06 07:00,0.000
02/28/06 07:05,0.001
02/28/06 07:10,0.003
02/28/06 07:15,0.009
02/28/06 07:20,0.025
02/28/06 07:25,0.051
02/28/06 07:30,0.081
02/28/06 07:35,0.095
02/28/06 07:40,0.108
02/28/06 07:45,0.122
02/28/06 07:50,0.137
02/28/06 07:55,0.152
02/28/06 08:00,0.157
02/28/06 08:05,0.156
02/28/06 08:10,0.169
02/28/06 08:15,0.170
02/28/06 08:20,0.168
02/28/06 08:25,0.173
02/28/06 08:30,0.160
02/28/06 08:35,0.172
02/28/06 08:40,0.215
02/28/06 08:45,0.266
02/28/06 08:50,0.312
02/28/06 08:55,0.335
02/28/06 09:00,0.277
02/28/06 09:05,0.230
02/28/06 09:10,0.213
02/28/06 09:15,0.198
02/28/06 09:20,0.190
02/28/06 09:25,0.193
02/28/06 09:30,0.171
02/28/06 09:35,0.143
02/28/06 09:40,0.117
02/28/06 09:45,0.106
02/28/06 09:50,0.101
02/28/06 09:55,0.108
02/28/06 10:00,0.128
02/28/06 10:05,0.140
02/28/06 10:10,0.159
02/28/06 10:15,0.170
02/28/06 10:20,0.179
02/28/06 10:25,0.168
02/28/06 10:30,0.155
02/28/06 10:35,0.169
02/28/06 10:40,0.184
02/28/06 10:45,0.193
02/28/06 10:50,0.196
02/28/06 10:55,0.188
02/28/06 11:00,0.149
02/28/06 11:05,0.124
02/28/06 11:10,0.103
02/28/06 11:15,0.095
02/28/06 11:20,0.090
02/28/06 11:25,0.082
02/28/06 11:30,0.080
02/28/06 11:35,0.079
02/28/06 11:40,0.081
02/28/06 11:45,0.083
02/28/06 11:50,0.086
02/28/06 11:55,0.093
02/28/06 12:00,0.083
02/28/06 12:05,0.080
02/28/06 12:10,0.076
02/28/06 12:15,0.073
02/28/06 12:20,0.073
02/28/06 12:25,0.066
02/28/06 12:30,0.053
02/28/06 12:35,0.038
02/28/06 12:40,0.035
02/28/06 12:45,0.031
02/28/06 12:50,0.025
02/28/06 12:55,0.023
02/28/06 13:00,0.021
02/28/06 13:05,0.018
02/28/06 13:10,0.016
02/28/06 13:15,0.013
02/28/06 13:20,0.010
02/28/06 13:25,0.008
02/28/06 13:30,0.006
02/28/06 13:35,0.005
02/28/06 13:40,0.004
02/28/06 13:45,0.002
02/28/06 13:50,0.002
02/28/06 13:55,0.001
02/28/06 14:00,0.002
02/28/06 14:05,0.004
02/28/06 14:10,0.005
02/28/06 14:15,0.006
02/28/06 14:20,0.009
02/28/06 14:25,0.011
02/28/06 14:30,0.012
02/28/06 14:35,0.012
02/28/06 14:40,0.016
02/28/06 14:45,0.019
02/28/06 14:50,0.020
02/28/06 14:55,0.026
02/28/06 15:00,0.015
02/28/06 15:05,0.011
02/28/06 15:10,0.008
02/28/06 15:15,0.006
02/28/06 15:20,0.004
02/28/06 15:25,0.003
02/28/06 15:30,0.003
02/28/06 15:35,0.002
02/28/06 15:40,0.002
02/28/06 15:45,0.002
02/28/06 15:50,0.001
02/28/06 15:55,0.001
02/28/06 16:00,0.000
02/28/06 16:05,0.000
02/28/06 16:10,0.000
02/28/06 16:15,0.000
02/28/06 16:20,0.000
02/28/06 16:25,0.000
02/28/06 16:30,0.000
02/28/06 16:35,0.000
02/28/06 16:40,0.000
02/28/06 16:45,0.000
02/28/06 16:50,0.000
02/28/06 16:55,0.000
02/28/06 17:00,0.000
02/28/06 17:05,0.000
02/28/06 17:10,0.000
02/28/06 17:15,0.000
02/28/06 17:20,0.000
02/28/06 17:25,0.000
02/28/06 17:30,0.000
02/28/06 17:35,0.000
02/28/06 17:40,0.000
02/28/06 17:45,0.000
02/28/06 17:50,0.000
02/28/06 17:55,0.000
02/28/06 18:00,0.000
02/28/06 18:05,0.000
02/28/06 18:10,0.000
02/28/06 18:15,0.000
02/28/06 18:20,0.000
02/28/06 18:25,0.000
02/28/06 18:30,0.000
02/28/06 18:35,0.000
02/28/06 18:40,0.000
02/28/06 18:45,0.000
02/28/06 18:50,0.000
02/28/06 18:55,0.000
02/28/06 19:00,0.000
02/28/06 19:05,0.000
02/28/06 19:10,0.000
02/28/06 19:15,0.000
02/28/06 19:20,0.000
02/28/06 19:25,0.000
02/28/06 19:30,0.000
02/28/06 19:35,0.000
02/28/06 19:40,0.000
02/28/06 19:45,0.000
02/28/06 19:50,0.000
02/28/06 19:55,0.000
02/28/06 20:00,0.000
02/28/06 20:05,0.000
02/28/06 20:10,0.000
02/28/06 20:15,0.000
02/28/06 20:20,0.000
02/28/06 20:25,0.000
02/28/06 20:30,0.000
02/28/06 20:35,0.000
02/28/06 20:40,0.000
02/28/06 20:45,0.000
02/28/06 20:50,0.000
02/28/06 20:55,0.000
02/28/06 21:00,0.000
02/28/06 21:05,0.000
02/28/06 21:10,0.000
02/28/06 21:15,0.000
02/28/06 21:20,0.000
02/28/06 21:25,0.000
02/28/06 21:30,0.000
02/28/06 21:35,0.000
02/28/06 21:40,0.000
02/28/06 21:45,0.000
02/28/06 21:50,0.000
02/28/06 21:55,0.000
02/28/06 22:00,0.000
02/28/06 22:05,0.000
02/28/06 22:10,0.000
02/28/06 22:15,0.000
02/28/06 22:20,0.000
02/28/06 22:25,0.000
02/28/06 22:30,0.000
02/28/06 22:35,0.000
02/28/06 22:40,0.000
02/28/06 22:45,0.000
02/28/06 22:50,0.000
02/28/06 22:55,0.000
02/28/06 23:00,0.000
02/28/06 23:05,0.000
02/28/06 23:10,0.000
02/28/06 23:15,0.000
02/28/06 23:20,0.000
02/28/06 23:25,0.000
02/28/06 23:30,0.000
02/28/06 23:35,0.000
02/28/06 23:40,0.000
02/28/06 23:45,0.000
02/28/06 23:50,0.000
02/28/06 23:55,0.000
03/01/06 00:00,0.000
03/01/06 00:05,0.000
03/01/06 00:10,0.000
03/01/06 00:15,0.000
03/01/06 00:20,0.000
03/01/06 00:25,0.000
03/01/06 00:30,0.000
03/01/06 00:35,0.000
03/01/06 00:40,0.000
03/01/06 00:45,0.000
03/01/06 00:50,0.000
03/01/06 00:55,0.000
03/01/06 01:00,0.000
03/01/06 01:05,0.000
03/01/06 01:10,0.000
03/01/06 01:15,0.000
03/01/06 01:20,0.000
03/01/06 01:25,0.000
03/01/06 01:30,0.000
03/01/06 01:35,0.000
03/01/06 01:40,0.000
03/01/06 01:45,0.000
03/01/06 01:50,0.000
03/01/06 01:55,0.000
03/01/06 02:00,0.000
03/01/06 02:05,0.000
03/01/06 02:10,0.000
03/01/06 02:15,0.000
03/01/06 02:20,0.000
03/01/06 02:25,0.000
03/01/06 02:30,0.000
03/01/06 02:35,0.000
03/01/06 02:40,0.000
03/01/06 02:45,0.000
03/01/06 02:50,0.000
03/01/06 02:55,0.000
03/01/06 03:00,0.000
03/01/06 03:05,0.000
03/01/06 03:10,0.000
03/01/06 03:15,0.000
03/01/06 03:20,0.000
03/01/06 03:25,0.000
03/01/06 03:30,0.000
03/01/06 03:35,0.000
03/01/06 03:40,0.000
03/01/06 03:45,0.000
03/01/06 03:50,0.000
03/01/06 03:55,0.000
03/01/06 04:00,0.000
03/01/06 04:05,0.000
03/01/06 04:10,0.000
03/01/06 04:15,0.000
03/01/06 04:20,0.000
03/01/06 04:25,0.000
03/01/06 04:30,0.000
03/01/06 04:35,0.000
03/01/06 04:40,0.000
03/01/06 04:45,0.000
03/01/06 04:50,0.000
03/01/06 04:55,0.000
03/01/06 05:00,0.000
03/01/06 05:05,0.000
03/01/06 05:10,0.000
03/01/06 05:15,0.000
03/01/06 05:20,0.000
03/01/06 05:25,0.000
03/01/06 05:30,0.000
03/01/06 05:35,0.000
03/01/06 05:40,0.000
03/01/06 05:45,0.000
03/01/06 05:50,0.000
03/01/06 05:55,0.000
03/01/06 06:00,0.000
03/01/06 06:05,0.000
03/01/06 06:10,0.000
03/01/06 06:15,0.000
03/01/06 06:20,0.000
03/01/06 06:25,0.000
03/01/06 06:30,0.000
03/01/06 06:35,0.000
03/01/06 06:40,0.000
03/01/06 06:45,0.000
03/01/06 06:50,0.000
03/01/06 06:55,0.000
03/01/06 07:00,0.000
03/01/06 07:05,0.002
03/01/06 07:10,0.007
03/01/06 07:15,0.021
03/01/06 07:20,0.043
03/01/06 07:25,0.076
03/01/06 07:30,0.091
03/01/06 07:35,0.105
03/01/06 07:40,0.121
03/01/06 07:45,0.136
03/01/06 07:50,0.153
03/01/06 07:55,0.169
03/01/06 08:00,0.180
03/01/06 08:05,0.186
03/01/06 08:10,0.196
03/01/06 08:15,0.170
03/01/06 08:20,0.139
03/01/06 08:25,0.146
03/01/06 08:30,0.171
03/01/06 08:35,0.208
03/01/06 08:40,0.220
03/01/06 08:45,0.213
03/01/06 08:50,0.207
03/01/06 08:55,0.210
03/01/06 09:00,0.200
03/01/06 09:05,0.196
03/01/06 09:10,0.210
03/01/06 09:15,0.236
03/01/06 09:20,0.284
03/01/06 09:25,0.353
03/01/06 09:30,0.400
03/01/06 09:35,0.415
03/01/06 09:40,0.392
03/01/06 09:45,0.364
03/01/06 09:50,0.373
03/01/06 09:55,0.392
03/01/06 10:00,0.389
03/01/06 10:05,0.372
03/01/06 10:10,0.406
03/01/06 10:15,0.435
03/01/06 10:20,0.452
03/01/06 10:25,0.463
03/01/06 10:30,0.484
03/01/06 10:35,0.510
03/01/06 10:40,0.527
03/01/06 10:45,0.544
03/01/06 10:50,0.552
03/01/06 10:55,0.558
03/01/06 11:00,0.533
03/01/06 11:05,0.506
03/01/06 11:10,0.507
03/01/06 11:15,0.514
03/01/06 11:20,0.520
03/01/06 11:25,0.513
03/01/06 11:30,0.508
03/01/06 11:35,0.525
03/01/06 11:40,0.530
03/01/06 11:45,0.528
03/01/06 11:50,0.522
03/01/06 11:55,0.514
03/01/06 12:00,0.504
03/01/06 12:05,0.489
03/01/06 12:10,0.496
03/01/06 12:15,0.530
03/01/06 12:20,0.544
03/01/06 12:25,0.527
03/01/06 12:30,0.467
03/01/06 12:35,0.435
03/01/06 12:40,0.422
03/01/06 12:45,0.443
03/01/06 12:50,0.452
03/01/06 12:55,0.462
03/01/06 13:00,0.479
03/01/06 13:05,0.456
03/01/06 13:10,0.371
03/01/06 13:15,0.281
03/01/06 13:20,0.197
03/01/06 13:25,0.137
03/01/06 13:30,0.092
03/01/06 13:35,0.075
03/01/06 13:40,0.048
03/01/06 13:45,0.040
03/01/06 13:50,0.089
03/01/06 13:55,0.156
03/01/06 14:00,0.116
03/01/06 14:05,0.098
03/01/06 14:10,0.095
03/01/06 14:15,0.102
03/01/06 14:20,0.121
03/01/06 14:25,0.144
03/01/06 14:30,0.167
03/01/06 14:35,0.185
03/01/06 14:40,0.209
03/01/06 14:45,0.227
03/01/06 14:50,0.252
03/01/06 14:55,0.274
03/01/06 15:00,0.286
03/01/06 15:05,0.282
03/01/06 15:10,0.251
03/01/06 15:15,0.232
03/01/06 15:20,0.218
03/01/06 15:25,0.211
03/01/06 15:30,0.206
03/01/06 15:35,0.206
03/01/06 15:40,0.188
03/01/06 15:45,0.172
03/01/06 15:50,0.134
03/01/06 15:55,0.125
03/01/06 16:00,0.079
03/01/06 16:05,0.020
03/01/06 16:10,0.009
03/01/06 16:15,0.007
03/01/06 16:20,0.006
03/01/06 16:25,0.005
03/01/06 16:30,0.004
03/01/06 16:35,0.003
03/01/06 16:40,0.002
03/01/06 16:45,0.001
03/01/06 16:50,0.000
03/01/06 16:55,0.000
03/01/06 17:00,0.000
03/01/06 17:05,0.000
03/01/06 17:10,0.000
03/01/06 17:15,0.000
03/01/06 17:20,0.000
03/01/06 17:25,0.000
03/01/06 17:30,0.000
03/01/06 17:35,0.000
03/01/06 17:40,0.000
03/01/06 17:45,0.000
03/01/06 17:50,0.000
03/01/06 17:55,0.000
03/01/06 18:00,0.000
03/01/06 18:05,0.000
03/01/06 18:10,0.000
03/01/06 18:15,0.000
03/01/06 18:20,0.000
03/01/06 18:25,0.000
03/01/06 18:30,0.000
03/01/06 18:35,0.000
03/01/06 18:40,0.000
03/01/06 18:45,0.000
03/01/06 18:50,0.000
03/01/06 18:55,0.000
03/01/06 19:00,0.000
03/01/06 19:05,0.000
03/01/06 19:10,0.000
03/01/06 19:15,0.000
03/01/06 19:20,0.000
03/01/06 19:25,0.000
03/01/06 19:30,0.000
03/01/06 19:35,0.000
03/01/06 19:40,0.000
03/01/06 19:45,0.000
03/01/06 19:50,0.000
03/01/06 19:55,0.000
03/01/06 20:00,0.000
03/01/06 20:05,0.000
03/01/06 20:10,0.000
03/01/06 20:15,0.000
03/01/06 20:20,0.000
03/01/06 20:25,0.000
03/01/06 20:30,0.000
03/01/06 20:35,0.000
03/01/06 20:40,0.000
03/01/06 20:45,0.000
03/01/06 20:50,0.000
03/01/06 20:55,0.000
03/01/06 21:00,0.000
03/01/06 21:05,0.000
03/01/06 21:10,0.000
03/01/06 21:15,0.000
03/01/06 21:20,0.000
03/01/06 21:25,0.000
03/01/06 21:30,0.000
03/01/06 21:35,0.000
03/01/06 21:40,0.000
03/01/06 21:45,0.000
03/01/06 21:50,0.000
03/01/06 21:55,0.000
03/01/06 22:00,0.000
03/01/06 22:05,0.000
03/01/06 22:10,0.000
03/01/06 22:15,0.000
03/01/06 22:20,0.000
03/01/06 22:25,0.000
03/01/06 22:30,0.000
03/01/06 22:35,0.000
03/01/06 22:40,0.000
03/01/06 22:45,0.000
03/01/06 22:50,0.000
03/01/06 22:55,0.000
03/01/06 23:00,0.000
03/01/06 23:05,0.000
03/01/06 23:10,0.000
03/01/06 23:15,0.000
03/01/06 23:20,0.000
03/01/06 23:25,0.000
03/01/06 23:30,0.000
03/01/06 23:35,0.000
03/01/06 23:40,0.000
03/01/06 23:45,0.000
03/01/06 23:50,0.000
03/01/06 23:55,0.000
03/02/06 00:00,0.000
03/02/06 00:05,0.000
03/02/06 00:10,0.000
03/02/06 00:15,0.000
03/02/06 00:20,0.000
03/02/06 00:25,0.000
03/02/06 00:30,0.000
03/02/06 00:35,0.000
03/02/06 00:40,0.000
03/02/06 00:45,0.000
03/02/06 00:50,0.000
03/02/06 00:55,0.000
03/02/06 01:00,0.000
03/02/06 01:05,0.000
03/02/06 01:10,0.000
03/02/06 01:15,0.000
03/02/06 01:20,0.000
03/02/06 01:25,0.000
03/02/06 01:30,0.000
03/02/06 01:35,0.000
03/02/06 01:40,0.000
03/02/06 01:45,0.000
03/02/06 01:50,0.000
03/02/06 01:55,0.000
03/02/06 02:00,0.000
03/02/06 02:05,0.000
03/02/06 02:10,0.000
03/02/06 02:15,0.000
03/02/06 02:20,0.000
03/02/06 02:25,0.000
03/02/06 02:30,0.000
03/02/06 02:35,0.000
03/02/06 02:40,0.000
03/02/06 02:45,0.000
03/02/06 02:50,0.000
03/02/06 02:55,0.000
03/02/06 03:00,0.000
03/02/06 03:05,0.000
03/02/06 03:10,0.000
03/02/06 03:15,0.000
03/02/06 03:20,0.000
03/02/06 03:25,0.000
03/02/06 03:30,0.000
03/02/06 03:35,0.000
03/02/06 03:40,0.000
03/02/06 03:45,0.000
03/02/06 03:50,0.000
03/02/06 03:55,0.000
03/02/06 04:00,0.000
03/02/06 04:05,0.000
03/02/06 04:10,0.000
03/02/06 04:15,0.000
03/02/06 04:20,0.000
03/02/06 04:25,0.000
03/02/06 04:30,0.000
03/02/06 04:35,0.000
03/02/06 04:40,0.000
03/02/06 04:45,0.000
03/02/06 04:50,0.000
03/02/06 04:55,0.000
03/02/06 05:00,0.000
03/02/06 05:05,0.000
03/02/06 05:10,0.000
03/02/06 05:15,0.000
03/02/06 05:20,0.000
03/02/06 05:25,0.000
03/02/06 05:30,0.000
03/02/06 05:35,0.000
03/02/06 05:40,0.000
03/02/06 05:45,0.000
03/02/06 05:50,0.000
03/02/06 05:55,0.000
03/02/06 06:00,0.000
03/02/06 06:05,0.000
03/02/06 06:10,0.000
03/02/06 06:15,0.000
03/02/06 06:20,0.000
03/02/06 06:25,0.000
03/02/06 06:30,0.000
03/02/06 06:35,0.000
03/02/06 06:40,0.000
03/02/06 06:45,0.000
03/02/06 06:50,0.000
03/02/06 06:55,0.000
03/02/06 07:00,0.000
03/02/06 07:05,0.000
03/02/06 07:10,0.000
03/02/06 07:15,0.000
03/02/06 07:20,0.000
03/02/06 07:25,0.000
03/02/06 07:30,0.000
03/02/06 07:35,0.000
03/02/06 07:40,0.000
03/02/06 07:45,0.000
03/02/06 07:50,0.000
03/02/06 07:55,0.000
03/02/06 08:00,0.000
03/02/06 08:05,0.000
03/02/06 08:10,0.000
03/02/06 08:15,0.000
03/02/06 08:20,0.000
03/02/06 08:25,0.000
03/02/06 08:30,0.000
03/02/06 08:35,0.000
03/02/06 08:40,0.000
03/02/06 08:45,0.000
03/02/06 08:50,0.000
03/02/06 08:55,0.000
03/02/06 09:00,0.000
03/02/06 09:05,0.000
03/02/06 09:10,0.000
03/02/06 09:15,0.000
03/02/06 09:20,0.001
03/02/06 09:25,0.003
03/02/06 09:30,0.009
03/02/06 09:35,0.029
03/02/06 09:40,0.080
03/02/06 09:45,0.109
03/02/06 09:50,0.140
03/02/06 09:55,0.169
03/02/06 10:00,0.163
03/02/06 10:05,0.149
03/02/06 10:10,0.140
03/02/06 10:15,0.129
03/02/06 10:20,0.113
03/02/06 10:25,0.091
03/02/06 10:30,0.065
03/02/06 10:35,0.041
03/02/06 10:40,0.032
03/02/06 10:45,0.037
03/02/06 10:50,0.056
03/02/06 10:55,0.063
03/02/06 11:00,0.090
03/02/06 11:05,0.106
03/02/06 11:10,0.135
03/02/06 11:15,0.178
03/02/06 11:20,0.216
03/02/06 11:25,0.257
03/02/06 11:30,0.290
03/02/06 11:35,0.312
03/02/06 11:40,0.340
03/02/06 11:45,0.370
03/02/06 11:50,0.405
03/02/06 11:55,0.427
03/02/06 12:00,0.344
03/02/06 12:05,0.274
03/02/06 12:10,0.245
03/02/06 12:15,0.239
03/02/06 12:20,0.259
03/02/06 12:25,0.296
03/02/06 12:30,0.317
03/02/06 12:35,0.341
03/02/06 12:40,0.372
03/02/06 12:45,0.393
03/02/06 12:50,0.413
03/02/06 12:55,0.420
03/02/06 13:00,0.332
03/02/06 13:05,0.247
03/02/06 13:10,0.195
03/02/06 13:15,0.149
03/02/06 13:20,0.144
03/02/06 13:25,0.152
03/02/06 13:30,0.153
03/02/06 13:35,0.167
03/02/06 13:40,0.180
03/02/06 13:45,0.193
03/02/06 13:50,0.211
03/02/06 13:55,0.214
03/02/06 14:00,0.165
03/02/06 14:05,0.120
03/02/06 14:10,0.096
03/02/06 14:15,0.076
03/02/06 14:20,0.043
03/02/06 14:25,0.046
03/02/06 14:30,0.052
03/02/06 14:35,0.043
03/02/06 14:40,0.024
03/02/06 14:45,0.014
03/02/06 14:50,0.006
03/02/06 14:55,0.005
03/02/06 15:00,0.007
03/02/06 15:05,0.007
03/02/06 15:10,0.006
03/02/06 15:15,0.011
03/02/06 15:20,0.022
03/02/06 15:25,0.047
03/02/06 15:30,0.065
03/02/06 15:35,0.081
03/02/06 15:40,0.086
03/02/06 15:45,0.084
03/02/06 15:50,0.079
03/02/06 15:55,0.068
03/02/06 16:00,0.013
03/02/06 16:05,0.004
03/02/06 16:10,0.002
03/02/06 16:15,0.001
03/02/06 16:20,0.001
03/02/06 16:25,0.000
03/02/06 16:30,0.000
03/02/06 16:35,0.000
03/02/06 16:40,0.000
03/02/06 16:45,0.000
03/02/06 16:50,0.000
03/02/06 16:55,0.000
03/02/06 17:00,0.000
03/02/06 17:05,0.000
03/02/06 17:10,0.000
03/02/06 17:15,0.000
03/02/06 17:20,0.000
03/02/06 17:25,0.000
03/02/06 17:30,0.000
03/02/06 17:35,0.000
03/02/06 17:40,0.000
03/02/06 17:45,0.000
03/02/06 17:50,0.000
03/02/06 17:55,0.000
03/02/06 18:00,0.000
03/02/06 18:05,0.000
03/02/06 18:10,0.000
03/02/06 18:15,0.000
03/02/06 18:20,0.000
03/02/06 18:25,0.000
03/02/06 18:30,0.000
03/02/06 18:35,0.000
03/02/06 18:40,0.000
03/02/06 18:45,0.000
03/02/06 18:50,0.000
03/02/06 18:55,0.000
03/02/06 19:00,0.000
03/02/06 19:05,0.000
03/02/06 19:10,0.000
03/02/06 19:15,0.000
03/02/06 19:20,0.000
03/02/06 19:25,0.000
03/02/06 19:30,0.000
03/02/06 19:35,0.000
03/02/06 19:40,0.000
03/02/06 19:45,0.000
03/02/06 19:50,0.000
03/02/06 19:55,0.000
03/02/06 20:00,0.000
03/02/06 20:05,0.000
03/02/06 20:10,0.000
03/02/06 20:15,0.000
03/02/06 20:20,0.000
03/02/06 20:25,0.000
03/02/06 20:30,0.000
03/02/06 20:35,0.000
03/02/06 20:40,0.000
03/02/06 20:45,0.000
03/02/06 20:50,0.000
03/02/06 20:55,0.000
03/02/06 21:00,0.000
03/02/06 21:05,0.000
03/02/06 21:10,0.000
03/02/06 21:15,0.000
03/02/06 21:20,0.000
03/02/06 21:25,0.000
03/02/06 21:30,0.000
03/02/06 21:35,0.000
03/02/06 21:40,0.000
03/02/06 21:45,0.000
03/02/06 21:50,0.000
03/02/06 21:55,0.000
03/02/06 22:00,0.000
03/02/06 22:05,0.000
03/02/06 22:10,0.000
03/02/06 22:15,0.000
03/02/06 22:20,0.000
03/02/06 22:25,0.000
03/02/06 22:30,0.000
03/02/06 22:35,0.000
03/02/06 22:40,0.000
03/02/06 22:45,0.000
03/02/06 22:50,0.000
03/02/06 22:55,0.000
03/02/06 23:00,0.000
03/02/06 23:05,0.000
03/02/06 23:10,0.000
03/02/06 23:15,0.000
03/02/06 23:20,0.000
03/02/06 23:25,0.000
03/02/06 23:30,0.000
03/02/06 23:35,0.000
03/02/06 23:40,0.000
03/02/06 23:45,0.000
03/02/06 23:50,0.000
03/02/06 23:55,0.000
03/03/06 00:00,0.000
03/03/06 00:05,0.000
03/03/06 00:10,0.000
03/03/06 00:15,0.000
03/03/06 00:20,0.000
03/03/06 00:25,0.000
03/03/06 00:30,0.000
03/03/06 00:35,0.000
03/03/06 00:40,0.000
03/03/06 00:45,0.000
03/03/06 00:50,0.000
03/03/06 00:55,0.000
03/03/06 01:00,0.000
03/03/06 01:05,0.000
03/03/06 01:10,0.000
03/03/06 01:15,0.000
03/03/06 01:20,0.000
03/03/06 01:25,0.000
03/03/06 01:30,0.000
03/03/06 01:35,0.000
03/03/06 01:40,0.000
03/03/06 01:45,0.000
03/03/06 01:50,0.000
03/03/06 01:55,0.000
03/03/06 02:00,0.000
03/03/06 02:05,0.000
03/03/06 02:10,0.000
03/03/06 02:15,0.000
03/03/06 02:20,0.000
03/03/06 02:25,0.000
03/03/06 02:30,0.000
03/03/06 02:35,0.000
03/03/06 02:40,0.000
03/03/06 02:45,0.000
03/03/06 02:50,0.000
03/03/06 02:55,0.000
03/03/06 03:00,0.000
03/03/06 03:05,0.000
03/03/06 03:10,0.000
03/03/06 03:15,0.000
03/03/06 03:20,0.000
03/03/06 03:25,0.000
03/03/06 03:30,0.000
03/03/06 03:35,0.000
03/03/06 03:40,0.000
03/03/06 03:45,0.000
03/03/06 03:50,0.000
03/03/06 03:55,0.000
03/03/06 04:00,0.000
03/03/06 04:05,0.000
03/03/06 04:10,0.000
03/03/06 04:15,0.000
03/03/06 04:20,0.000
03/03/06 04:25,0.000
03/03/06 04:30,0.000
03/03/06 04:35,0.000
03/03/06 04:40,0.000
03/03/06 04:45,0.000
03/03/06 04:50,0.000
03/03/06 04:55,0.000
03/03/06 05:00,0.000
03/03/06 05:05,0.000
03/03/06 05:10,0.000
03/03/06 05:15,0.000
03/03/06 05:20,0.000
03/03/06 05:25,0.000
03/03/06 05:30,0.000
03/03/06 05:35,0.000
03/03/06 05:40,0.000
03/03/06 05:45,0.000
03/03/06 05:50,0.000
03/03/06 05:55,0.000
03/03/06 06:00,0.000
03/03/06 06:05,0.000
03/03/06 06:10,0.000
03/03/06 06:15,0.000
03/03/06 06:20,0.000
03/03/06 06:25,0.000
03/03/06 06:30,0.000
03/03/06 06:35,0.000
03/03/06 06:40,0.000
03/03/06 06:45,0.000
03/03/06 06:50,0.000
03/03/06 06:55,0.000
03/03/06 07:00,0.001
03/03/06 07:05,0.005
03/03/06 07:10,0.015
03/03/06 07:15,0.034
03/03/06 07:20,0.068
03/03/06 07:25,0.089
03/03/06 07:30,0.103
03/03/06 07:35,0.118
03/03/06 07:40,0.136
03/03/06 07:45,0.153
03/03/06 07:50,0.170
03/03/06 07:55,0.188
03/03/06 08:00,0.197
03/03/06 08:05,0.202
03/03/06 08:10,0.198
03/03/06 08:15,0.193
03/03/06 08:20,0.217
03/03/06 08:25,0.206
03/03/06 08:30,0.187
03/03/06 08:35,0.210
03/03/06 08:40,0.242
03/03/06 08:45,0.240
03/03/06 08:50,0.240
03/03/06 08:55,0.260
03/03/06 09:00,0.302
03/03/06 09:05,0.325
03/03/06 09:10,0.340
03/03/06 09:15,0.350
03/03/06 09:20,0.356
03/03/06 09:25,0.362
03/03/06 09:30,0.369
03/03/06 09:35,0.365
03/03/06 09:40,0.364
03/03/06 09:45,0.356
03/03/06 09:50,0.346
03/03/06 09:55,0.338
03/03/06 10:00,0.340
03/03/06 10:05,0.341
03/03/06 10:10,0.343
03/03/06 10:15,0.346
03/03/06 10:20,0.350
03/03/06 10:25,0.357
03/03/06 10:30,0.365
03/03/06 10:35,0.374
03/03/06 10:40,0.374
03/03/06 10:45,0.378
03/03/06 10:50,0.379
03/03/06 10:55,0.374
03/03/06 11:00,0.359
03/03/06 11:05,0.352
03/03/06 11:10,0.343
03/03/06 11:15,0.329
03/03/06 11:20,0.317
03/03/06 11:25,0.313
03/03/06 11:30,0.310
03/03/06 11:35,0.303
03/03/06 11:40,0.296
03/03/06 11:45,0.289
03/03/06 11:50,0.288
03/03/06 11:55,0.303
03/03/06 12:00,0.342
03/03/06 12:05,0.352
03/03/06 12:10,0.354
03/03/06 12:15,0.387
03/03/06 12:20,0.444
03/03/06 12:25,0.438
03/03/06 12:30,0.450
03/03/06 12:35,0.479
03/03/06 12:40,0.476
03/03/06 12:45,0.413
03/03/06 12:50,0.382
03/03/06 12:55,0.382
03/03/06 13:00,0.402
03/03/06 13:05,0.402
03/03/06 13:10,0.373
03/03/06 13:15,0.412
03/03/06 13:20,0.414
03/03/06 13:25,0.395
03/03/06 13:30,0.397
03/03/06 13:35,0.380
03/03/06 13:40,0.382
03/03/06 13:45,0.399
03/03/06 13:50,0.413
03/03/06 13:55,0.365
03/03/06 14:00,0.385
03/03/06 14:05,0.403
03/03/06 14:10,0.366
03/03/06 14:15,0.350
03/03/06 14:20,0.344
03/03/06 14:25,0.370
03/03/06 14:30,0.362
03/03/06 14:35,0.368
03/03/06 14:40,0.381
03/03/06 14:45,0.395
03/03/06 14:50,0.387
03/03/06 14:55,0.359
03/03/06 15:00,0.331
03/03/06 15:05,0.317
03/03/06 15:10,0.299
03/03/06 15:15,0.268
03/03/06 15:20,0.258
03/03/06 15:25,0.265
03/03/06 15:30,0.258
03/03/06 15:35,0.236
03/03/06 15:40,0.213
03/03/06 15:45,0.194
03/03/06 15:50,0.172
03/03/06 15:55,0.152
03/03/06 16:00,0.145
03/03/06 16:05,0.145
03/03/06 16:10,0.145
03/03/06 16:15,0.138
03/03/06 16:20,0.127
03/03/06 16:25,0.113
03/03/06 16:30,0.096
03/03/06 16:35,0.071
03/03/06 16:40,0.027
03/03/06 16:45,0.013
03/03/06 16:50,0.007
03/03/06 16:55,0.003
03/03/06 17:00,0.001
03/03/06 17:05,0.000
03/03/06 17:10,0.000
03/03/06 17:15,0.000
03/03/06 17:20,0.000
03/03/06 17:25,0.000
03/03/06 17:30,0.000
03/03/06 17:35,0.000
03/03/06 17:40,0.000
03/03/06 17:45,0.000
03/03/06 17:50,0.000
03/03/06 17:55,0.000
03/03/06 18:00,0.000
03/03/06 18:05,0.000
03/03/06 18:10,0.000
03/03/06 18:15,0.000
03/03/06 18:20,0.000
03/03/06 18:25,0.000
03/03/06 18:30,0.000
03/03/06 18:35,0.000
03/03/06 18:40,0.000
03/03/06 18:45,0.000
03/03/06 18:50,0.000
03/03/06 18:55,0.000
03/03/06 19:00,0.000
03/03/06 19:05,0.000
03/03/06 19:10,0.000
03/03/06 19:15,0.000
03/03/06 19:20,0.000
03/03/06 19:25,0.000
03/03/06 19:30,0.000
03/03/06 19:35,0.000
03/03/06 19:40,0.000
03/03/06 19:45,0.000
03/03/06 19:50,0.000
03/03/06 19:55,0.000
03/03/06 20:00,0.000
03/03/06 20:05,0.000
03/03/06 20:10,0.000
03/03/06 20:15,0.000
03/03/06 20:20,0.000
03/03/06 20:25,0.000
03/03/06 20:30,0.000
03/03/06 20:35,0.000
03/03/06 20:40,0.000
03/03/06 20:45,0.000
03/03/06 20:50,0.000
03/03/06 20:55,0.000
03/03/06 21:00,0.000
03/03/06 21:05,0.000
03/03/06 21:10,0.000
03/03/06 21:15,0.000
03/03/06 21:20,0.000
03/03/06 21:25,0.000
03/03/06 21:30,0.000
03/03/06 21:35,0.000
03/03/06 21:40,0.000
03/03/06 21:45,0.000
03/03/06 21:50,0.000
03/03/06 21:55,0.000
03/03/06 22:00,0.000
03/03/06 22:05,0.000
03/03/06 22:10,0.000
03/03/06 22:15,0.000
03/03/06 22:20,0.000
03/03/06 22:25,0.000
03/03/06 22:30,0.000
03/03/06 22:35,0.000
03/03/06 22:40,0.000
03/03/06 22:45,0.000
03/03/06 22:50,0.000
03/03/06 22:55,0.000
03/03/06 23:00,0.000
03/03/06 23:05,0.000
03/03/06 23:10,0.000
03/03/06 23:15,0.000
03/03/06 23:20,0.000
03/03/06 23:25,0.000
03/03/06 23:30,0.000
03/03/06 23:35,0.000
03/03/06 23:40,0.000
03/03/06 23:45,0.000
03/03/06 23:50,0.000
03/03/06 23:55,0.000
03/04/06 00:00,0.000
03/04/06 00:05,0.000
03/04/06 00:10,0.000
03/04/06 00:15,0.000
03/04/06 00:20,0.000
03/04/06 00:25,0.000
03/04/06 00:30,0.000
03/04/06 00:35,0.000
03/04/06 00:40,0.000
03/04/06 00:45,0.000
03/04/06 00:50,0.000
03/04/06 00:55,0.000
03/04/06 01:00,0.000
03/04/06 01:05,0.000
03/04/06 01:10,0.000
03/04/06 01:15,0.000
03/04/06 01:20,0.000
03/04/06 01:25,0.000
03/04/06 01:30,0.000
03/04/06 01:35,0.000
03/04/06 01:40,0.000
03/04/06 01:45,0.000
03/04/06 01:50,0.000
03/04/06 01:55,0.000
03/04/06 02:00,0.000
03/04/06 02:05,0.000
03/04/06 02:10,0.000
03/04/06 02:15,0.000
03/04/06 02:20,0.000
03/04/06 02:25,0.000
03/04/06 02:30,0.000
03/04/06 02:35,0.000
03/04/06 02:40,0.000
03/04/06 02:45,0.000
03/04/06 02:50,0.000
03/04/06 02:55,0.000
03/04/06 03:00,0.000
03/04/06 03:05,0.000
03/04/06 03:10,0.000
03/04/06 03:15,0.000
03/04/06 03:20,0.000
03/04/06 03:25,0.000
03/04/06 03:30,0.000
03/04/06 03:35,0.000
03/04/06 03:40,0.000
03/04/06 03:45,0.000
03/04/06 03:50,0.000
03/04/06 03:55,0.000
03/04/06 04:00,0.000
03/04/06 04:05,0.000
03/04/06 04:10,0.000
03/04/06 04:15,0.000
03/04/06 04:20,0.000
03/04/06 04:25,0.000
03/04/06 04:30,0.000
03/04/06 04:35,0.000
03/04/06 04:40,0.000
03/04/06 04:45,0.000
03/04/06 04:50,0.000
03/04/06 04:55,0.000
03/04/06 05:00,0.000
03/04/06 05:05,0.000
03/04/06 05:10,0.000
03/04/06 05:15,0.000
03/04/06 05:20,0.000
03/04/06 05:25,0.000
03/04/06 05:30,0.000
03/04/06 05:35,0.000
03/04/06 05:40,0.000
03/04/06 05:45,0.000
03/04/06 05:50,0.000
03/04/06 05:55,0.000
03/04/06 06:00,0.000
03/04/06 06:05,0.000
03/04/06 06:10,0.000
03/04/06 06:15,0.000
03/04/06 06:20,0.000
03/04/06 06:25,0.000
03/04/06 06:30,0.000
03/04/06 06:35,0.000
03/04/06 06:40,0.000
03/04/06 06:45,0.000
03/04/06 06:50,0.000
03/04/06 06:55,0.000
03/04/06 07:00,0.001
03/04/06 07:05,0.004
03/04/06 07:10,0.015
03/04/06 07:15,0.037
03/04/06 07:20,0.072
03/04/06 07:25,0.090
03/04/06 07:30,0.103
03/04/06 07:35,0.119
03/04/06 07:40,0.133
03/04/06 07:45,0.148
03/04/06 07:50,0.163
03/04/06 07:55,0.179
03/04/06 08:00,0.193
03/04/06 08:05,0.206
03/04/06 08:10,0.217
03/04/06 08:15,0.228
03/04/06 08:20,0.236
03/04/06 08:25,0.244
03/04/06 08:30,0.251
03/04/06 08:35,0.258
03/04/06 08:40,0.264
03/04/06 08:45,0.270
03/04/06 08:50,0.275
03/04/06 08:55,0.281
03/04/06 09:00,0.289
03/04/06 09:05,0.296
03/04/06 09:10,0.298
03/04/06 09:15,0.299
03/04/06 09:20,0.301
03/04/06 09:25,0.304
03/04/06 09:30,0.311
03/04/06 09:35,0.314
03/04/06 09:40,0.312
03/04/06 09:45,0.305
03/04/06 09:50,0.298
03/04/06 09:55,0.288
03/04/06 10:00,0.262
03/04/06 10:05,0.230
03/04/06 10:10,0.210
03/04/06 10:15,0.185
03/04/06 10:20,0.168
03/04/06 10:25,0.145
03/04/06 10:30,0.128
03/04/06 10:35,0.123
03/04/06 10:40,0.123
03/04/06 10:45,0.120
03/04/06 10:50,0.117
03/04/06 10:55,0.112
03/04/06 11:00,0.099
03/04/06 11:05,0.081
03/04/06 11:10,0.043
03/04/06 11:15,0.022
03/04/06 11:20,0.013
03/04/06 11:25,0.012
03/04/06 11:30,0.014
03/04/06 11:35,0.026
03/04/06 11:40,0.044
03/04/06 11:45,0.067
03/04/06 11:50,0.082
03/04/06 11:55,0.090
03/04/06 12:00,0.126
03/04/06 12:05,0.251
03/04/06 12:10,0.330
03/04/06 12:15,0.351
03/04/06 12:20,0.268
03/04/06 12:25,0.203
03/04/06 12:30,0.158
03/04/06 12:35,0.131
03/04/06 12:40,0.160
03/04/06 12:45,0.125
03/04/06 12:50,0.108
03/04/06 12:55,0.120
03/04/06 13:00,0.235
03/04/06 13:05,0.313
03/04/06 13:10,0.329
03/04/06 13:15,0.273
03/04/06 13:20,0.290
03/04/06 13:25,0.321
03/04/06 13:30,0.349
03/04/06 13:35,0.393
03/04/06 13:40,0.381
03/04/06 13:45,0.363
03/04/06 13:50,0.410
03/04/06 13:55,0.442
03/04/06 14:00,0.421
03/04/06 14:05,0.404
03/04/06 14:10,0.386
03/04/06 14:15,0.369
03/04/06 14:20,0.360
03/04/06 14:25,0.340
03/04/06 14:30,0.301
03/04/06 14:35,0.249
03/04/06 14:40,0.209
03/04/06 14:45,0.224
03/04/06 14:50,0.230
03/04/06 14:55,0.211
03/04/06 15:00,0.212
03/04/06 15:05,0.225
03/04/06 15:10,0.219
03/04/06 15:15,0.160
03/04/06 15:20,0.131
03/04/06 15:25,0.130
03/04/06 15:30,0.154
03/04/06 15:35,0.174
03/04/06 15:40,0.153
03/04/06 15:45,0.127
03/04/06 15:50,0.106
03/04/06 15:55,0.103
03/04/06 16:00,0.107
03/04/06 16:05,0.120
03/04/06 16:10,0.123
03/04/06 16:15,0.120
03/04/06 16:20,0.110
03/04/06 16:25,0.100
03/04/06 16:30,0.089
03/04/06 16:35,0.078
03/04/06 16:40,0.050
03/04/06 16:45,0.027
03/04/06 16:50,0.013
03/04/06 16:55,0.005
03/04/06 17:00,0.001
03/04/06 17:05,0.000
03/04/06 17:10,0.000
03/04/06 17:15,0.000
03/04/06 17:20,0.000
03/04/06 17:25,0.000
03/04/06 17:30,0.000
03/04/06 17:35,0.000
03/04/06 17:40,0.000
03/04/06 17:45,0.000
03/04/06 17:50,0.000
03/04/06 17:55,0.000
03/04/06 18:00,0.000
03/04/06 18:05,0.000
03/04/06 18:10,0.000
03/04/06 18:15,0.000
03/04/06 18:20,0.000
03/04/06 18:25,0.000
03/04/06 18:30,0.000
03/04/06 18:35,0.000
03/04/06 18:40,0.000
03/04/06 18:45,0.000
03/04/06 18:50,0.000
03/04/06 18:55,0.000
03/04/06 19:00,0.000
03/04/06 19:05,0.000
03/04/06 19:10,0.000
03/04/06 19:15,0.000
03/04/06 19:20,0.000
03/04/06 19:25,0.000
03/04/06 19:30,0.000
03/04/06 19:35,0.000
03/04/06 19:40,0.000
03/04/06 19:45,0.000
03/04/06 19:50,0.000
03/04/06 19:55,0.000
03/04/06 20:00,0.000
03/04/06 20:05,0.000
03/04/06 20:10,0.000
03/04/06 20:15,0.000
03/04/06 20:20,0.000
03/04/06 20:25,0.000
03/04/06 20:30,0.000
03/04/06 20:35,0.000
03/04/06 20:40,0.000
03/04/06 20:45,0.000
03/04/06 20:50,0.000
03/04/06 20:55,0.000
03/04/06 21:00,0.000
03/04/06 21:05,0.000
03/04/06 21:10,0.000
03/04/06 21:15,0.000
03/04/06 21:20,0.000
03/04/06 21:25,0.000
03/04/06 21:30,0.000
03/04/06 21:35,0.000
03/04/06 21:40,0.000
03/04/06 21:45,0.000
03/04/06 21:50,0.000
03/04/06 21:55,0.000
03/04/06 22:00,0.000
03/04/06 22:05,0.000
03/04/06 22:10,0.000
03/04/06 22:15,0.000
03/04/06 22:20,0.000
03/04/06 22:25,0.000
03/04/06 22:30,0.000
03/04/06 22:35,0.000
03/04/06 22:40,0.000
03/04/06 22:45,0.000
03/04/06 22:50,0.000
03/04/06 22:55,0.000
03/04/06 23:00,0.000
03/04/06 23:05,0.000
03/04/06 23:10,0.000
03/04/06 23:15,0.000
03/04/06 23:20,0.000
03/04/06 23:25,0.000
03/04/06 23:30,0.000
03/04/06 23:35,0.000
03/04/06 23:40,0.000
03/04/06 23:45,0.000
03/04/06 23:50,0.000
03/04/06 23:55,0.000
03/05/06 00:00,0.000
03/05/06 00:05,0.000
03/05/06 00:10,0.000
03/05/06 00:15,0.000
03/05/06 00:20,0.000
03/05/06 00:25,0.000
03/05/06 00:30,0.000
03/05/06 00:35,0.000
03/05/06 00:40,0.000
03/05/06 00:45,0.000
03/05/06 00:50,0.000
03/05/06 00:55,0.000
03/05/06 01:00,0.000
03/05/06 01:05,0.000
03/05/06 01:10,0.000
03/05/06 01:15,0.000
03/05/06 01:20,0.000
03/05/06 01:25,0.000
03/05/06 01:30,0.000
03/05/06 01:35,0.000
03/05/06 01:40,0.000
03/05/06 01:45,0.000
03/05/06 01:50,0.000
03/05/06 01:55,0.000
03/05/06 02:00,0.000
03/05/06 02:05,0.000
03/05/06 02:10,0.000
03/05/06 02:15,0.000
03/05/06 02:20,0.000
03/05/06 02:25,0.000
03/05/06 02:30,0.000
03/05/06 02:35,0.000
03/05/06 02:40,0.000
03/05/06 02:45,0.000
03/05/06 02:50,0.000
03/05/06 02:55,0.000
03/05/06 03:00,0.000
03/05/06 03:05,0.000
03/05/06 03:10,0.000
03/05/06 03:15,0.000
03/05/06 03:20,0.000
03/05/06 03:25,0.000
03/05/06 03:30,0.000
03/05/06 03:35,0.000
03/05/06 03:40,0.000
03/05/06 03:45,0.000
03/05/06 03:50,0.000
03/05/06 03:55,0.000
03/05/06 04:00,0.000
03/05/06 04:05,0.000
03/05/06 04:10,0.000
03/05/06 04:15,0.000
03/05/06 04:20,0.000
03/05/06 04:25,0.000
03/05/06 04:30,0.000
03/05/06 04:35,0.000
03/05/06 04:40,0.000
03/05/06 04:45,0.000
03/05/06 04:50,0.000
03/05/06 04:55,0.000
03/05/06 05:00,0.000
03/05/06 05:05,0.000
03/05/06 05:10,0.000
03/05/06 05:15,0.000
03/05/06 05:20,0.000
03/05/06 05:25,0.000
03/05/06 05:30,0.000
03/05/06 05:35,0.000
03/05/06 05:40,0.000
03/05/06 05:45,0.000
03/05/06 05:50,0.000
03/05/06 05:55,0.000
03/05/06 06:00,0.000
03/05/06 06:05,0.000
03/05/06 06:10,0.000
03/05/06 06:15,0.000
03/05/06 06:20,0.000
03/05/06 06:25,0.000
03/05/06 06:30,0.000
03/05/06 06:35,0.000
03/05/06 06:40,0.000
03/05/06 06:45,0.000
03/05/06 06:50,0.000
03/05/06 06:55,0.000
03/05/06 07:00,0.002
03/05/06 07:05,0.008
03/05/06 07:10,0.020
03/05/06 07:15,0.048
03/05/06 07:20,0.082
03/05/06 07:25,0.095
03/05/06 07:30,0.109
03/05/06 07:35,0.123
03/05/06 07:40,0.138
03/05/06 07:45,0.153
03/05/06 07:50,0.166
03/05/06 07:55,0.179
03/05/06 08:00,0.190
03/05/06 08:05,0.201
03/05/06 08:10,0.212
03/05/06 08:15,0.224
03/05/06 08:20,0.236
03/05/06 08:25,0.249
03/05/06 08:30,0.260
03/05/06 08:35,0.272
03/05/06 08:40,0.284
03/05/06 08:45,0.296
03/05/06 08:50,0.308
03/05/06 08:55,0.322
03/05/06 09:00,0.322
03/05/06 09:05,0.316
03/05/06 09:10,0.313
03/05/06 09:15,0.320
03/05/06 09:20,0.311
03/05/06 09:25,0.323
03/05/06 09:30,0.328
03/05/06 09:35,0.365
03/05/06 09:40,0.400
03/05/06 09:45,0.424
03/05/06 09:50,0.401
03/05/06 09:55,0.335
03/05/06 10:00,0.308
03/05/06 10:05,0.289
03/05/06 10:10,0.290
03/05/06 10:15,0.301
03/05/06 10:20,0.316
03/05/06 10:25,0.314
03/05/06 10:30,0.323
03/05/06 10:35,0.323
03/05/06 10:40,0.329
03/05/06 10:45,0.345
03/05/06 10:50,0.348
03/05/06 10:55,0.341
03/05/06 11:00,0.350
03/05/06 11:05,0.348
03/05/06 11:10,0.344
03/05/06 11:15,0.334
03/05/06 11:20,0.315
03/05/06 11:25,0.283
03/05/06 11:30,0.267
03/05/06 11:35,0.256
03/05/06 11:40,0.240
03/05/06 11:45,0.222
03/05/06 11:50,0.196
03/05/06 11:55,0.181
03/05/06 12:00,0.184
03/05/06 12:05,0.187
03/05/06 12:10,0.186
03/05/06 12:15,0.180
03/05/06 12:20,0.170
03/05/06 12:25,0.162
03/05/06 12:30,0.159
03/05/06 12:35,0.155
03/05/06 12:40,0.154
03/05/06 12:45,0.153
03/05/06 12:50,0.164
03/05/06 12:55,0.169
03/05/06 13:00,0.168
03/05/06 13:05,0.163
03/05/06 13:10,0.160
03/05/06 13:15,0.151
03/05/06 13:20,0.148
03/05/06 13:25,0.146
03/05/06 13:30,0.143
03/05/06 13:35,0.140
03/05/06 13:40,0.136
03/05/06 13:45,0.130
03/05/06 13:50,0.124
03/05/06 13:55,0.113
03/05/06 14:00,0.112
03/05/06 14:05,0.135
03/05/06 14:10,0.157
03/05/06 14:15,0.176
03/05/06 14:20,0.180
03/05/06 14:25,0.176
03/05/06 14:30,0.165
03/05/06 14:35,0.146
03/05/06 14:40,0.121
03/05/06 14:45,0.097
03/05/06 14:50,0.083
03/05/06 14:55,0.074
03/05/06 15:00,0.079
03/05/06 15:05,0.083
03/05/06 15:10,0.078
03/05/06 15:15,0.045
03/05/06 15:20,0.024
03/05/06 15:25,0.010
03/05/06 15:30,0.004
03/05/06 15:35,0.002
03/05/06 15:40,0.001
03/05/06 15:45,0.000
03/05/06 15:50,0.000
03/05/06 15:55,0.000
03/05/06 16:00,0.000
03/05/06 16:05,0.000
03/05/06 16:10,0.000
03/05/06 16:15,0.000
03/05/06 16:20,0.000
03/05/06 16:25,0.000
03/05/06 16:30,0.000
03/05/06 16:35,0.000
03/05/06 16:40,0.000
03/05/06 16:45,0.000
03/05/06 16:50,0.000
03/05/06 16:55,0.000
03/05/06 17:00,0.000
03/05/06 17:05,0.000
03/05/06 17:10,0.000
03/05/06 17:15,0.000
03/05/06 17:20,0.000
03/05/06 17:25,0.000
03/05/06 17:30,0.000
03/05/06 17:35,0.000
03/05/06 17:40,0.000
03/05/06 17:45,0.000
03/05/06 17:50,0.000
03/05/06 17:55,0.000
03/05/06 18:00,0.000
03/05/06 18:05,0.000
03/05/06 18:10,0.000
03/05/06 18:15,0.000
03/05/06 18:20,0.000
03/05/06 18:25,0.000
03/05/06 18:30,0.000
03/05/06 18:35,0.000
03/05/06 18:40,0.000
03/05/06 18:45,0.000
03/05/06 18:50,0.000
03/05/06 18:55,0.000
03/05/06 19:00,0.000
03/05/06 19:05,0.000
03/05/06 19:10,0.000
03/05/06 19:15,0.000
03/05/06 19:20,0.000
03/05/06 19:25,0.000
03/05/06 19:30,0.000
03/05/06 19:35,0.000
03/05/06 19:40,0.000
03/05/06 19:45,0.000
03/05/06 19:50,0.000
03/05/06 19:55,0.000
03/05/06 20:00,0.000
03/05/06 20:05,0.000
03/05/06 20:10,0.000
03/05/06 20:15,0.000
03/05/06 20:20,0.000
03/05/06 20:25,0.000
03/05/06 20:30,0.000
03/05/06 20:35,0.000
03/05/06 20:40,0.000
03/05/06 20:45,0.000
03/05/06 20:50,0.000
03/05/06 20:55,0.000
03/05/06 21:00,0.000
03/05/06 21:05,0.000
03/05/06 21:10,0.000
03/05/06 21:15,0.000
03/05/06 21:20,0.000
03/05/06 21:25,0.000
03/05/06 21:30,0.000
03/05/06 21:35,0.000
03/05/06 21:40,0.000
03/05/06 21:45,0.000
03/05/06 21:50,0.000
03/05/06 21:55,0.000
03/05/06 22:00,0.000
03/05/06 22:05,0.000
03/05/06 22:10,0.000
03/05/06 22:15,0.000
03/05/06 22:20,0.000
03/05/06 22:25,0.000
03/05/06 22:30,0.000
03/05/06 22:35,0.000
03/05/06 22:40,0.000
03/05/06 22:45,0.000
03/05/06 22:50,0.000
03/05/06 22:55,0.000
03/05/06 23:00,0.000
03/05/06 23:05,0.000
03/05/06 23:10,0.000
03/05/06 23:15,0.000
03/05/06 23:20,0.000
03/05/06 23:25,0.000
03/05/06 23:30,0.000
03/05/06 23:35,0.000
03/05/06 23:40,0.000
03/05/06 23:45,0.000
03/05/06 23:50,0.000
03/05/06 23:55,0.000
03/06/06 00:00,0.000
03/06/06 00:05,0.000
03/06/06 00:10,0.000
03/06/06 00:15,0.000
03/06/06 00:20,0.000
03/06/06 00:25,0.000
03/06/06 00:30,0.000
03/06/06 00:35,0.000
03/06/06 00:40,0.000
03/06/06 00:45,0.000
03/06/06 00:50,0.000
03/06/06 00:55,0.000
03/06/06 01:00,0.000
03/06/06 01:05,0.000
03/06/06 01:10,0.000
03/06/06 01:15,0.000
03/06/06 01:20,0.000
03/06/06 01:25,0.000
03/06/06 01:30,0.000
03/06/06 01:35,0.000
03/06/06 01:40,0.000
03/06/06 01:45,0.000
03/06/06 01:50,0.000
03/06/06 01:55,0.000
03/06/06 02:00,0.000
03/06/06 02:05,0.000
03/06/06 02:10,0.000
03/06/06 02:15,0.000
03/06/06 02:20,0.000
03/06/06 02:25,0.000
03/06/06 02:30,0.000
03/06/06 02:35,0.000
03/06/06 02:40,0.000
03/06/06 02:45,0.000
03/06/06 02:50,0.000
03/06/06 02:55,0.000
03/06/06 03:00,0.000
03/06/06 03:05,0.000
03/06/06 03:10,0.000
03/06/06 03:15,0.000
03/06/06 03:20,0.000
03/06/06 03:25,0.000
03/06/06 03:30,0.000
03/06/06 03:35,0.000
03/06/06 03:40,0.000
03/06/06 03:45,0.000
03/06/06 03:50,0.000
03/06/06 03:55,0.000
03/06/06 04:00,0.000
03/06/06 04:05,0.000
03/06/06 04:10,0.000
03/06/06 04:15,0.000
03/06/06 04:20,0.000
03/06/06 04:25,0.000
03/06/06 04:30,0.000
03/06/06 04:35,0.000
03/06/06 04:40,0.000
03/06/06 04:45,0.000
03/06/06 04:50,0.000
03/06/06 04:55,0.000
03/06/06 05:00,0.000
03/06/06 05:05,0.000
03/06/06 05:10,0.000
03/06/06 05:15,0.000
03/06/06 05:20,0.000
03/06/06 05:25,0.000
03/06/06 05:30,0.000
03/06/06 05:35,0.000
03/06/06 05:40,0.000
03/06/06 05:45,0.000
03/06/06 05:50,0.000
03/06/06 05:55,0.000
03/06/06 06:00,0.000
03/06/06 06:05,0.000
03/06/06 06:10,0.000
03/06/06 06:15,0.000
03/06/06 06:20,0.000
03/06/06 06:25,0.000
03/06/06 06:30,0.000
03/06/06 06:35,0.000
03/06/06 06:40,0.000
03/06/06 06:45,0.000
03/06/06 06:50,0.000
03/06/06 06:55,0.000
03/06/06 07:00,0.000
03/06/06 07:05,0.001
03/06/06 07:10,0.002
03/06/06 07:15,0.004
03/06/06 07:20,0.008
03/06/06 07:25,0.019
03/06/06 07:30,0.032
03/06/06 07:35,0.055
03/06/06 07:40,0.080
03/06/06 07:45,0.090
03/06/06 07:50,0.100
03/06/06 07:55,0.108
03/06/06 08:00,0.112
03/06/06 08:05,0.112
03/06/06 08:10,0.112
03/06/06 08:15,0.111
03/06/06 08:20,0.108
03/06/06 08:25,0.108
03/06/06 08:30,0.106
03/06/06 08:35,0.101
03/06/06 08:40,0.109
03/06/06 08:45,0.116
03/06/06 08:50,0.121
03/06/06 08:55,0.123
03/06/06 09:00,0.113
03/06/06 09:05,0.111
03/06/06 09:10,0.112
03/06/06 09:15,0.112
03/06/06 09:20,0.106
03/06/06 09:25,0.080
03/06/06 09:30,0.019
03/06/06 09:35,0.010
03/06/06 09:40,0.007
03/06/06 09:45,0.004
03/06/06 09:50,0.002
03/06/06 09:55,0.002
03/06/06 10:00,0.002
03/06/06 10:05,0.004
03/06/06 10:10,0.010
03/06/06 10:15,0.013
03/06/06 10:20,0.011
03/06/06 10:25,0.014
03/06/06 10:30,0.024
03/06/06 10:35,0.068
03/06/06 10:40,0.092
03/06/06 10:45,0.107
03/06/06 10:50,0.110
03/06/06 10:55,0.114
03/06/06 11:00,0.113
03/06/06 11:05,0.108
03/06/06 11:10,0.104
03/06/06 11:15,0.101
03/06/06 11:20,0.099
03/06/06 11:25,0.099
03/06/06 11:30,0.102
03/06/06 11:35,0.109
03/06/06 11:40,0.111
03/06/06 11:45,0.110
03/06/06 11:50,0.107
03/06/06 11:55,0.103
03/06/06 12:00,0.106
03/06/06 12:05,0.111
03/06/06 12:10,0.113
03/06/06 12:15,0.115
03/06/06 12:20,0.118
03/06/06 12:25,0.119
03/06/06 12:30,0.121
03/06/06 12:35,0.123
03/06/06 12:40,0.125
03/06/06 12:45,0.125
03/06/06 12:50,0.129
03/06/06 12:55,0.127
03/06/06 13:00,0.109
03/06/06 13:05,0.089
03/06/06 13:10,0.082
03/06/06 13:15,0.075
03/06/06 13:20,0.071
03/06/06 13:25,0.072
03/06/06 13:30,0.074
03/06/06 13:35,0.076
03/06/06 13:40,0.076
03/06/06 13:45,0.079
03/06/06 13:50,0.085
03/06/06 13:55,0.084
03/06/06 14:00,0.081
03/06/06 14:05,0.077
03/06/06 14:10,0.078
03/06/06 14:15,0.071
03/06/06 14:20,0.075
03/06/06 14:25,0.079
03/06/06 14:30,0.044
03/06/06 14:35,0.035
03/06/06 14:40,0.035
03/06/06 14:45,0.053
03/06/06 14:50,0.031
03/06/06 14:55,0.008
03/06/06 15:00,0.005
03/06/06 15:05,0.005
03/06/06 15:10,0.006
03/06/06 15:15,0.007
03/06/06 15:20,0.008
03/06/06 15:25,0.009
03/06/06 15:30,0.008
03/06/06 15:35,0.008
03/06/06 15:40,0.009
03/06/06 15:45,0.010
03/06/06 15:50,0.008
03/06/06 15:55,0.005
03/06/06 16:00,0.002
03/06/06 16:05,0.001
03/06/06 16:10,0.000
03/06/06 16:15,0.000
03/06/06 16:20,0.000
03/06/06 16:25,0.000
03/06/06 16:30,0.000
03/06/06 16:35,0.000
03/06/06 16:40,0.000
03/06/06 16:45,0.000
03/06/06 16:50,0.000
03/06/06 16:55,0.000
03/06/06 17:00,0.000
03/06/06 17:05,0.000
03/06/06 17:10,0.000
03/06/06 17:15,0.000
03/06/06 17:20,0.000
03/06/06 17:25,0.000
03/06/06 17:30,0.000
03/06/06 17:35,0.000
03/06/06 17:40,0.000
03/06/06 17:45,0.000
03/06/06 17:50,0.000
03/06/06 17:55,0.000
03/06/06 18:00,0.000
03/06/06 18:05,0.000
03/06/06 18:10,0.000
03/06/06 18:15,0.000
03/06/06 18:20,0.000
03/06/06 18:25,0.000
03/06/06 18:30,0.000
03/06/06 18:35,0.000
03/06/06 18:40,0.000
03/06/06 18:45,0.000
03/06/06 18:50,0.000
03/06/06 18:55,0.000
03/06/06 19:00,0.000
03/06/06 19:05,0.000
03/06/06 19:10,0.000
03/06/06 19:15,0.000
03/06/06 19:20,0.000
03/06/06 19:25,0.000
03/06/06 19:30,0.000
03/06/06 19:35,0.000
03/06/06 19:40,0.000
03/06/06 19:45,0.000
03/06/06 19:50,0.000
03/06/06 19:55,0.000
03/06/06 20:00,0.000
03/06/06 20:05,0.000
03/06/06 20:10,0.000
03/06/06 20:15,0.000
03/06/06 20:20,0.000
03/06/06 20:25,0.000
03/06/06 20:30,0.000
03/06/06 20:35,0.000
03/06/06 20:40,0.000
03/06/06 20:45,0.000
03/06/06 20:50,0.000
03/06/06 20:55,0.000
03/06/06 21:00,0.000
03/06/06 21:05,0.000
03/06/06 21:10,0.000
03/06/06 21:15,0.000
03/06/06 21:20,0.000
03/06/06 21:25,0.000
03/06/06 21:30,0.000
03/06/06 21:35,0.000
03/06/06 21:40,0.000
03/06/06 21:45,0.000
03/06/06 21:50,0.000
03/06/06 21:55,0.000
03/06/06 22:00,0.000
03/06/06 22:05,0.000
03/06/06 22:10,0.000
03/06/06 22:15,0.000
03/06/06 22:20,0.000
03/06/06 22:25,0.000
03/06/06 22:30,0.000
03/06/06 22:35,0.000
03/06/06 22:40,0.000
03/06/06 22:45,0.000
03/06/06 22:50,0.000
03/06/06 22:55,0.000
03/06/06 23:00,0.000
03/06/06 23:05,0.000
03/06/06 23:10,0.000
03/06/06 23:15,0.000
03/06/06 23:20,0.000
03/06/06 23:25,0.000
03/06/06 23:30,0.000
03/06/06 23:35,0.000
03/06/06 23:40,0.000
03/06/06 23:45,0.000
03/06/06 23:50,0.000
03/06/06 23:55,0.000
03/07/06 00:00,0.000
03/07/06 00:05,0.000
03/07/06 00:10,0.000
03/07/06 00:15,0.000
03/07/06 00:20,0.000
03/07/06 00:25,0.000
03/07/06 00:30,0.000
03/07/06 00:35,0.000
03/07/06 00:40,0.000
03/07/06 00:45,0.000
03/07/06 00:50,0.000
03/07/06 00:55,0.000
03/07/06 01:00,0.000
03/07/06 01:05,0.000
03/07/06 01:10,0.000
03/07/06 01:15,0.000
03/07/06 01:20,0.000
03/07/06 01:25,0.000
03/07/06 01:30,0.000
03/07/06 01:35,0.000
03/07/06 01:40,0.000
03/07/06 01:45,0.000
03/07/06 01:50,0.000
03/07/06 01:55,0.000
03/07/06 02:00,0.000
03/07/06 02:05,0.000
03/07/06 02:10,0.000
03/07/06 02:15,0.000
03/07/06 02:20,0.000
03/07/06 02:25,0.000
03/07/06 02:30,0.000
03/07/06 02:35,0.000
03/07/06 02:40,0.000
03/07/06 02:45,0.000
03/07/06 02:50,0.000
03/07/06 02:55,0.000
03/07/06 03:00,0.000
03/07/06 03:05,0.000
03/07/06 03:10,0.000
03/07/06 03:15,0.000
03/07/06 03:20,0.000
03/07/06 03:25,0.000
03/07/06 03:30,0.000
03/07/06 03:35,0.000
03/07/06 03:40,0.000
03/07/06 03:45,0.000
03/07/06 03:50,0.000
03/07/06 03:55,0.000
03/07/06 04:00,0.000
03/07/06 04:05,0.000
03/07/06 04:10,0.000
03/07/06 04:15,0.000
03/07/06 04:20,0.000
03/07/06 04:25,0.000
03/07/06 04:30,0.000
03/07/06 04:35,0.000
03/07/06 04:40,0.000
03/07/06 04:45,0.000
03/07/06 04:50,0.000
03/07/06 04:55,0.000
03/07/06 05:00,0.000
03/07/06 05:05,0.000
03/07/06 05:10,0.000
03/07/06 05:15,0.000
03/07/06 05:20,0.000
03/07/06 05:25,0.000
03/07/06 05:30,0.000
03/07/06 05:35,0.000
03/07/06 05:40,0.000
03/07/06 05:45,0.000
03/07/06 05:50,0.000
03/07/06 05:55,0.000
03/07/06 06:00,0.000
03/07/06 06:05,0.000
03/07/06 06:10,0.000
03/07/06 06:15,0.000
03/07/06 06:20,0.000
03/07/06 06:25,0.000
03/07/06 06:30,0.000
03/07/06 06:35,0.000
03/07/06 06:40,0.000
03/07/06 06:45,0.000
03/07/06 06:50,0.000
03/07/06 06:55,0.001
03/07/06 07:00,0.002
03/07/06 07:05,0.002
03/07/06 07:10,0.003
03/07/06 07:15,0.004
03/07/06 07:20,0.003
03/07/06 07:25,0.002
03/07/06 07:30,0.003
03/07/06 07:35,0.004
03/07/06 07:40,0.007
03/07/06 07:45,0.019
03/07/06 07:50,0.054
03/07/06 07:55,0.083
03/07/06 08:00,0.095
03/07/06 08:05,0.102
03/07/06 08:10,0.107
03/07/06 08:15,0.112
03/07/06 08:20,0.115
03/07/06 08:25,0.119
03/07/06 08:30,0.124
03/07/06 08:35,0.126
03/07/06 08:40,0.122
03/07/06 08:45,0.121
03/07/06 08:50,0.123
03/07/06 08:55,0.126
03/07/06 09:00,0.138
03/07/06 09:05,0.135
03/07/06 09:10,0.127
03/07/06 09:15,0.133
03/07/06 09:20,0.150
03/07/06 09:25,0.160
03/07/06 09:30,0.153
03/07/06 09:35,0.154
03/07/06 09:40,0.159
03/07/06 09:45,0.167
03/07/06 09:50,0.179
03/07/06 09:55,0.179
03/07/06 10:00,0.139
03/07/06 10:05,0.120
03/07/06 10:10,0.112
03/07/06 10:15,0.117
03/07/06 10:20,0.129
03/07/06 10:25,0.145
03/07/06 10:30,0.164
03/07/06 10:35,0.189
03/07/06 10:40,0.212
03/07/06 10:45,0.248
03/07/06 10:50,0.272
03/07/06 10:55,0.296
03/07/06 11:00,0.304
03/07/06 11:05,0.309
03/07/06 11:10,0.310
03/07/06 11:15,0.310
03/07/06 11:20,0.309
03/07/06 11:25,0.303
03/07/06 11:30,0.296
03/07/06 11:35,0.287
03/07/06 11:40,0.268
03/07/06 11:45,0.254
03/07/06 11:50,0.242
03/07/06 11:55,0.233
03/07/06 12:00,0.217
03/07/06 12:05,0.208
03/07/06 12:10,0.207
03/07/06 12:15,0.192
03/07/06 12:20,0.164
03/07/06 12:25,0.129
03/07/06 12:30,0.108
03/07/06 12:35,0.101
03/07/06 12:40,0.101
03/07/06 12:45,0.098
03/07/06 12:50,0.094
03/07/06 12:55,0.099
03/07/06 13:00,0.117
03/07/06 13:05,0.129
03/07/06 13:10,0.131
03/07/06 13:15,0.125
03/07/06 13:20,0.112
03/07/06 13:25,0.098
03/07/06 13:30,0.088
03/07/06 13:35,0.081
03/07/06 13:40,0.061
03/07/06 13:45,0.038
03/07/06 13:50,0.023
03/07/06 13:55,0.015
03/07/06 14:00,0.015
03/07/06 14:05,0.020
03/07/06 14:10,0.032
03/07/06 14:15,0.047
03/07/06 14:20,0.066
03/07/06 14:25,0.077
03/07/06 14:30,0.084
03/07/06 14:35,0.095
03/07/06 14:40,0.107
03/07/06 14:45,0.112
03/07/06 14:50,0.118
03/07/06 14:55,0.121
03/07/06 15:00,0.119
03/07/06 15:05,0.114
03/07/06 15:10,0.105
03/07/06 15:15,0.094
03/07/06 15:20,0.080
03/07/06 15:25,0.052
03/07/06 15:30,0.031
03/07/06 15:35,0.015
03/07/06 15:40,0.007
03/07/06 15:45,0.003
03/07/06 15:50,0.002
03/07/06 15:55,0.001
03/07/06 16:00,0.001
03/07/06 16:05,0.000
03/07/06 16:10,0.000
03/07/06 16:15,0.000
03/07/06 16:20,0.000
03/07/06 16:25,0.000
03/07/06 16:30,0.000
03/07/06 16:35,0.000
03/07/06 16:40,0.000
03/07/06 16:45,0.000
03/07/06 16:50,0.000
03/07/06 16:55,0.000
03/07/06 17:00,0.000
03/07/06 17:05,0.000
03/07/06 17:10,0.000
03/07/06 17:15,0.000
03/07/06 17:20,0.000
03/07/06 17:25,0.000
03/07/06 17:30,0.000
03/07/06 17:35,0.000
03/07/06 17:40,0.000
03/07/06 17:45,0.000
03/07/06 17:50,0.000
03/07/06 17:55,0.000
03/07/06 18:00,0.000
03/07/06 18:05,0.000
03/07/06 18:10,0.000
03/07/06 18:15,0.000
03/07/06 18:20,0.000
03/07/06 18:25,0.000
03/07/06 18:30,0.000
03/07/06 18:35,0.000
03/07/06 18:40,0.000
03/07/06 18:45,0.000
03/07/06 18:50,0.000
03/07/06 18:55,0.000
03/07/06 19:00,0.000
03/07/06 19:05,0.000
03/07/06 19:10,0.000
03/07/06 19:15,0.000
03/07/06 19:20,0.000
03/07/06 19:25,0.000
03/07/06 19:30,0.000
03/07/06 19:35,0.000
03/07/06 19:40,0.000
03/07/06 19:45,0.000
03/07/06 19:50,0.000
03/07/06 19:55,0.000
03/07/06 20:00,0.000
03/07/06 20:05,0.000
03/07/06 20:10,0.000
03/07/06 20:15,0.000
03/07/06 20:20,0.000
03/07/06 20:25,0.000
03/07/06 20:30,0.000
03/07/06 20:35,0.000
03/07/06 20:40,0.000
03/07/06 20:45,0.000
03/07/06 20:50,0.000
03/07/06 20:55,0.000
03/07/06 21:00,0.000
03/07/06 21:05,0.000
03/07/06 21:10,0.000
03/07/06 21:15,0.000
03/07/06 21:20,0.000
03/07/06 21:25,0.000
03/07/06 21:30,0.000
03/07/06 21:35,0.000
03/07/06 21:40,0.000
03/07/06 21:45,0.000
03/07/06 21:50,0.000
03/07/06 21:55,0.000
03/07/06 22:00,0.000
03/07/06 22:05,0.000
03/07/06 22:10,0.000
03/07/06 22:15,0.000
03/07/06 22:20,0.000
03/07/06 22:25,0.000
03/07/06 22:30,0.000
03/07/06 22:35,0.000
03/07/06 22:40,0.000
03/07/06 22:45,0.000
03/07/06 22:50,0.000
03/07/06 22:55,0.000
03/07/06 23:00,0.000
03/07/06 23:05,0.000
03/07/06 23:10,0.000
03/07/06 23:15,0.000
03/07/06 23:20,0.000
03/07/06 23:25,0.000
03/07/06 23:30,0.000
03/07/06 23:35,0.000
03/07/06 23:40,0.000
03/07/06 23:45,0.000
03/07/06 23:50,0.000
03/07/06 23:55,0.000
03/08/06 00:00,0.000
03/08/06 00:05,0.000
03/08/06 00:10,0.000
03/08/06 00:15,0.000
03/08/06 00:20,0.000
03/08/06 00:25,0.000
03/08/06 00:30,0.000
03/08/06 00:35,0.000
03/08/06 00:40,0.000
03/08/06 00:45,0.000
03/08/06 00:50,0.000
03/08/06 00:55,0.000
03/08/06 01:00,0.000
03/08/06 01:05,0.000
03/08/06 01:10,0.000
03/08/06 01:15,0.000
03/08/06 01:20,0.000
03/08/06 01:25,0.000
03/08/06 01:30,0.000
03/08/06 01:35,0.000
03/08/06 01:40,0.000
03/08/06 01:45,0.000
03/08/06 01:50,0.000
03/08/06 01:55,0.000
03/08/06 02:00,0.000
03/08/06 02:05,0.000
03/08/06 02:10,0.000
03/08/06 02:15,0.000
03/08/06 02:20,0.000
03/08/06 02:25,0.000
03/08/06 02:30,0.000
03/08/06 02:35,0.000
03/08/06 02:40,0.000
03/08/06 02:45,0.000
03/08/06 02:50,0.000
03/08/06 02:55,0.000
03/08/06 03:00,0.000
03/08/06 03:05,0.000
03/08/06 03:10,0.000
03/08/06 03:15,0.000
03/08/06 03:20,0.000
03/08/06 03:25,0.000
03/08/06 03:30,0.000
03/08/06 03:35,0.000
03/08/06 03:40,0.000
03/08/06 03:45,0.000
03/08/06 03:50,0.000
03/08/06 03:55,0.000
03/08/06 04:00,0.000
03/08/06 04:05,0.000
03/08/06 04:10,0.000
03/08/06 04:15,0.000
03/08/06 04:20,0.000
03/08/06 04:25,0.000
03/08/06 04:30,0.000
03/08/06 04:35,0.000
03/08/06 04:40,0.000
03/08/06 04:45,0.000
03/08/06 04:50,0.000
03/08/06 04:55,0.000
03/08/06 05:00,0.000
03/08/06 05:05,0.000
03/08/06 05:10,0.000
03/08/06 05:15,0.000
03/08/06 05:20,0.000
03/08/06 05:25,0.000
03/08/06 05:30,0.000
03/08/06 05:35,0.000
03/08/06 05:40,0.000
03/08/06 05:45,0.000
03/08/06 05:50,0.000
03/08/06 05:55,0.000
03/08/06 06:00,0.000
03/08/06 06:05,0.000
03/08/06 06:10,0.000
03/08/06 06:15,0.000
03/08/06 06:20,0.000
03/08/06 06:25,0.000
03/08/06 06:30,0.000
03/08/06 06:35,0.000
03/08/06 06:40,0.000
03/08/06 06:45,0.000
03/08/06 06:50,0.000
03/08/06 06:55,0.000
03/08/06 07:00,0.000
03/08/06 07:05,0.002
03/08/06 07:10,0.008
03/08/06 07:15,0.031
03/08/06 07:20,0.077
03/08/06 07:25,0.102
03/08/06 07:30,0.128
03/08/06 07:35,0.151
03/08/06 07:40,0.175
03/08/06 07:45,0.197
03/08/06 07:50,0.218
03/08/06 07:55,0.231
03/08/06 08:00,0.213
03/08/06 08:05,0.186
03/08/06 08:10,0.162
03/08/06 08:15,0.146
03/08/06 08:20,0.130
03/08/06 08:25,0.123
03/08/06 08:30,0.115
03/08/06 08:35,0.103
03/08/06 08:40,0.099
03/08/06 08:45,0.093
03/08/06 08:50,0.088
03/08/06 08:55,0.084
03/08/06 09:00,0.092
03/08/06 09:05,0.105
03/08/06 09:10,0.112
03/08/06 09:15,0.121
03/08/06 09:20,0.137
03/08/06 09:25,0.143
03/08/06 09:30,0.131
03/08/06 09:35,0.117
03/08/06 09:40,0.103
03/08/06 09:45,0.097
03/08/06 09:50,0.089
03/08/06 09:55,0.082
03/08/06 10:00,0.085
03/08/06 10:05,0.089
03/08/06 10:10,0.094
03/08/06 10:15,0.098
03/08/06 10:20,0.100
03/08/06 10:25,0.103
03/08/06 10:30,0.110
03/08/06 10:35,0.110
03/08/06 10:40,0.105
03/08/06 10:45,0.098
03/08/06 10:50,0.093
03/08/06 10:55,0.091
03/08/06 11:00,0.097
03/08/06 11:05,0.103
03/08/06 11:10,0.114
03/08/06 11:15,0.118
03/08/06 11:20,0.120
03/08/06 11:25,0.114
03/08/06 11:30,0.108
03/08/06 11:35,0.113
03/08/06 11:40,0.129
03/08/06 11:45,0.162
03/08/06 11:50,0.181
03/08/06 11:55,0.206
03/08/06 12:00,0.197
03/08/06 12:05,0.177
03/08/06 12:10,0.167
03/08/06 12:15,0.158
03/08/06 12:20,0.149
03/08/06 12:25,0.142
03/08/06 12:30,0.135
03/08/06 12:35,0.120
03/08/06 12:40,0.111
03/08/06 12:45,0.104
03/08/06 12:50,0.102
03/08/06 12:55,0.104
03/08/06 13:00,0.101
03/08/06 13:05,0.101
03/08/06 13:10,0.102
03/08/06 13:15,0.104
03/08/06 13:20,0.111
03/08/06 13:25,0.114
03/08/06 13:30,0.118
03/08/06 13:35,0.120
03/08/06 13:40,0.121
03/08/06 13:45,0.128
03/08/06 13:50,0.129
03/08/06 13:55,0.128
03/08/06 14:00,0.115
03/08/06 14:05,0.096
03/08/06 14:10,0.087
03/08/06 14:15,0.082
03/08/06 14:20,0.072
03/08/06 14:25,0.045
03/08/06 14:30,0.039
03/08/06 14:35,0.046
03/08/06 14:40,0.043
03/08/06 14:45,0.031
03/08/06 14:50,0.040
03/08/06 14:55,0.041
03/08/06 15:00,0.018
03/08/06 15:05,0.007
03/08/06 15:10,0.003
03/08/06 15:15,0.002
03/08/06 15:20,0.001
03/08/06 15:25,0.000
03/08/06 15:30,0.000
03/08/06 15:35,0.000
03/08/06 15:40,0.000
03/08/06 15:45,0.000
03/08/06 15:50,0.000
03/08/06 15:55,0.000
03/08/06 16:00,0.000
03/08/06 16:05,0.000
03/08/06 16:10,0.000
03/08/06 16:15,0.000
03/08/06 16:20,0.000
03/08/06 16:25,0.000
03/08/06 16:30,0.000
03/08/06 16:35,0.000
03/08/06 16:40,0.000
03/08/06 16:45,0.000
03/08/06 16:50,0.000
03/08/06 16:55,0.000
03/08/06 17:00,0.000
03/08/06 17:05,0.000
03/08/06 17:10,0.000
03/08/06 17:15,0.000
03/08/06 17:20,0.000
03/08/06 17:25,0.000
03/08/06 17:30,0.000
03/08/06 17:35,0.000
03/08/06 17:40,0.000
03/08/06 17:45,0.000
03/08/06 17:50,0.000
03/08/06 17:55,0.000
03/08/06 18:00,0.000
03/08/06 18:05,0.000
03/08/06 18:10,0.000
03/08/06 18:15,0.000
03/08/06 18:20,0.000
03/08/06 18:25,0.000
03/08/06 18:30,0.000
03/08/06 18:35,0.000
03/08/06 18:40,0.000
03/08/06 18:45,0.000
03/08/06 18:50,0.000
03/08/06 18:55,0.000
03/08/06 19:00,0.000
03/08/06 19:05,0.000
03/08/06 19:10,0.000
03/08/06 19:15,0.000
03/08/06 19:20,0.000
03/08/06 19:25,0.000
03/08/06 19:30,0.000
03/08/06 19:35,0.000
03/08/06 19:40,0.000
03/08/06 19:45,0.000
03/08/06 19:50,0.000
03/08/06 19:55,0.000
03/08/06 20:00,0.000
03/08/06 20:05,0.000
03/08/06 20:10,0.000
03/08/06 20:15,0.000
03/08/06 20:20,0.000
03/08/06 20:25,0.000
03/08/06 20:30,0.000
03/08/06 20:35,0.000
03/08/06 20:40,0.000
03/08/06 20:45,0.000
03/08/06 20:50,0.000
03/08/06 20:55,0.000
03/08/06 21:00,0.000
03/08/06 21:05,0.000
03/08/06 21:10,0.000
03/08/06 21:15,0.000
03/08/06 21:20,0.000
03/08/06 21:25,0.000
03/08/06 21:30,0.000
03/08/06 21:35,0.000
03/08/06 21:40,0.000
03/08/06 21:45,0.000
03/08/06 21:50,0.000
03/08/06 21:55,0.000
03/08/06 22:00,0.000
03/08/06 22:05,0.000
03/08/06 22:10,0.000
03/08/06 22:15,0.000
03/08/06 22:20,0.000
03/08/06 22:25,0.000
03/08/06 22:30,0.000
03/08/06 22:35,0.000
03/08/06 22:40,0.000
03/08/06 22:45,0.000
03/08/06 22:50,0.000
03/08/06 22:55,0.000
03/08/06 23:00,0.000
03/08/06 23:05,0.000
03/08/06 23:10,0.000
03/08/06 23:15,0.000
03/08/06 23:20,0.000
03/08/06 23:25,0.000
03/08/06 23:30,0.000
03/08/06 23:35,0.000
03/08/06 23:40,0.000
03/08/06 23:45,0.000
03/08/06 23:50,0.000
03/08/06 23:55,0.000
03/09/06 00:00,0.000
03/09/06 00:05,0.000
03/09/06 00:10,0.000
03/09/06 00:15,0.000
03/09/06 00:20,0.000
03/09/06 00:25,0.000
03/09/06 00:30,0.000
03/09/06 00:35,0.000
03/09/06 00:40,0.000
03/09/06 00:45,0.000
03/09/06 00:50,0.000
03/09/06 00:55,0.000
03/09/06 01:00,0.000
03/09/06 01:05,0.000
03/09/06 01:10,0.000
03/09/06 01:15,0.000
03/09/06 01:20,0.000
03/09/06 01:25,0.000
03/09/06 01:30,0.000
03/09/06 01:35,0.000
03/09/06 01:40,0.000
03/09/06 01:45,0.000
03/09/06 01:50,0.000
03/09/06 01:55,0.000
03/09/06 02:00,0.000
03/09/06 02:05,0.000
03/09/06 02:10,0.000
03/09/06 02:15,0.000
03/09/06 02:20,0.000
03/09/06 02:25,0.000
03/09/06 02:30,0.000
03/09/06 02:35,0.000
03/09/06 02:40,0.000
03/09/06 02:45,0.000
03/09/06 02:50,0.000
03/09/06 02:55,0.000
03/09/06 03:00,0.000
03/09/06 03:05,0.000
03/09/06 03:10,0.000
03/09/06 03:15,0.000
03/09/06 03:20,0.000
03/09/06 03:25,0.000
03/09/06 03:30,0.000
03/09/06 03:35,0.000
03/09/06 03:40,0.000
03/09/06 03:45,0.000
03/09/06 03:50,0.000
03/09/06 03:55,0.000
03/09/06 04:00,0.000
03/09/06 04:05,0.000
03/09/06 04:10,0.000
03/09/06 04:15,0.000
03/09/06 04:20,0.000
03/09/06 04:25,0.000
03/09/06 04:30,0.000
03/09/06 04:35,0.000
03/09/06 04:40,0.000
03/09/06 04:45,0.000
03/09/06 04:50,0.000
03/09/06 04:55,0.000
03/09/06 05:00,0.000
03/09/06 05:05,0.000
03/09/06 05:10,0.000
03/09/06 05:15,0.000
03/09/06 05:20,0.000
03/09/06 05:25,0.000
03/09/06 05:30,0.000
03/09/06 05:35,0.000
03/09/06 05:40,0.000
03/09/06 05:45,0.000
03/09/06 05:50,0.000
03/09/06 05:55,0.000
03/09/06 06:00,0.000
03/09/06 06:05,0.000
03/09/06 06:10,0.000
03/09/06 06:15,0.000
03/09/06 06:20,0.000
03/09/06 06:25,0.000
03/09/06 06:30,0.000
03/09/06 06:35,0.000
03/09/06 06:40,0.000
03/09/06 06:45,0.000
03/09/06 06:50,0.000
03/09/06 06:55,0.000
03/09/06 07:00,0.000
03/09/06 07:05,0.002
03/09/06 07:10,0.005
03/09/06 07:15,0.010
03/09/06 07:20,0.021
03/09/06 07:25,0.034
03/09/06 07:30,0.052
03/09/06 07:35,0.074
03/09/06 07:40,0.085
03/09/06 07:45,0.091
03/09/06 07:50,0.101
03/09/06 07:55,0.110
03/09/06 08:00,0.117
03/09/06 08:05,0.122
03/09/06 08:10,0.120
03/09/06 08:15,0.117
03/09/06 08:20,0.108
03/09/06 08:25,0.098
03/09/06 08:30,0.088
03/09/06 08:35,0.080
03/09/06 08:40,0.070
03/09/06 08:45,0.054
03/09/06 08:50,0.039
03/09/06 08:55,0.027
03/09/06 09:00,0.028
03/09/06 09:05,0.049
03/09/06 09:10,0.084
03/09/06 09:15,0.110
03/09/06 09:20,0.147
03/09/06 09:25,0.189
03/09/06 09:30,0.238
03/09/06 09:35,0.285
03/09/06 09:40,0.336
03/09/06 09:45,0.381
03/09/06 09:50,0.423
03/09/06 09:55,0.465
03/09/06 10:00,0.452
03/09/06 10:05,0.384
03/09/06 10:10,0.364
03/09/06 10:15,0.344
03/09/06 10:20,0.249
03/09/06 10:25,0.194
03/09/06 10:30,0.176
03/09/06 10:35,0.219
03/09/06 10:40,0.263
03/09/06 10:45,0.319
03/09/06 10:50,0.414
03/09/06 10:55,0.477
03/09/06 11:00,0.490
03/09/06 11:05,0.462
03/09/06 11:10,0.446
03/09/06 11:15,0.445
03/09/06 11:20,0.466
03/09/06 11:25,0.498
03/09/06 11:30,0.512
03/09/06 11:35,0.530
03/09/06 11:40,0.543
03/09/06 11:45,0.498
03/09/06 11:50,0.473
03/09/06 11:55,0.452
03/09/06 12:00,0.485
03/09/06 12:05,0.505
03/09/06 12:10,0.463
03/09/06 12:15,0.372
03/09/06 12:20,0.310
03/09/06 12:25,0.312
03/09/06 12:30,0.395
03/09/06 12:35,0.449
03/09/06 12:40,0.477
03/09/06 12:45,0.507
03/09/06 12:50,0.435
03/09/06 12:55,0.383
03/09/06 13:00,0.374
03/09/06 13:05,0.337
03/09/06 13:10,0.290
03/09/06 13:15,0.241
03/09/06 13:20,0.226
03/09/06 13:25,0.242
03/09/06 13:30,0.215
03/09/06 13:35,0.188
03/09/06 13:40,0.139
03/09/06 13:45,0.200
03/09/06 13:50,0.305
03/09/06 13:55,0.373
03/09/06 14:00,0.400
03/09/06 14:05,0.415
03/09/06 14:10,0.414
03/09/06 14:15,0.406
03/09/06 14:20,0.390
03/09/06 14:25,0.368
03/09/06 14:30,0.344
03/09/06 14:35,0.317
03/09/06 14:40,0.284
03/09/06 14:45,0.260
03/09/06 14:50,0.236
03/09/06 14:55,0.218
03/09/06 15:00,0.233
03/09/06 15:05,0.260
03/09/06 15:10,0.242
03/09/06 15:15,0.236
03/09/06 15:20,0.249
03/09/06 15:25,0.241
03/09/06 15:30,0.231
03/09/06 15:35,0.200
03/09/06 15:40,0.189
03/09/06 15:45,0.205
03/09/06 15:50,0.191
03/09/06 15:55,0.167
03/09/06 16:00,0.168
03/09/06 16:05,0.168
03/09/06 16:10,0.162
03/09/06 16:15,0.153
03/09/06 16:20,0.143
03/09/06 16:25,0.132
03/09/06 16:30,0.120
03/09/06 16:35,0.107
03/09/06 16:40,0.095
03/09/06 16:45,0.081
03/09/06 16:50,0.047
03/09/06 16:55,0.022
03/09/06 17:00,0.008
03/09/06 17:05,0.002
03/09/06 17:10,0.000
03/09/06 17:15,0.000
03/09/06 17:20,0.000
03/09/06 17:25,0.000
03/09/06 17:30,0.000
03/09/06 17:35,0.000
03/09/06 17:40,0.000
03/09/06 17:45,0.000
03/09/06 17:50,0.000
03/09/06 17:55,0.000
03/09/06 18:00,0.000
03/09/06 18:05,0.000
03/09/06 18:10,0.000
03/09/06 18:15,0.000
03/09/06 18:20,0.000
03/09/06 18:25,0.000
03/09/06 18:30,0.000
03/09/06 18:35,0.000
03/09/06 18:40,0.000
03/09/06 18:45,0.000
03/09/06 18:50,0.000
03/09/06 18:55,0.000
03/09/06 19:00,0.000
03/09/06 19:05,0.000
03/09/06 19:10,0.000
03/09/06 19:15,0.000
03/09/06 19:20,0.000
03/09/06 19:25,0.000
03/09/06 19:30,0.000
03/09/06 19:35,0.000
03/09/06 19:40,0.000
03/09/06 19:45,0.000
03/09/06 19:50,0.000
03/09/06 19:55,0.000
03/09/06 20:00,0.000
03/09/06 20:05,0.000
03/09/06 20:10,0.000
03/09/06 20:15,0.000
03/09/06 20:20,0.000
03/09/06 20:25,0.000
03/09/06 20:30,0.000
03/09/06 20:35,0.000
03/09/06 20:40,0.000
03/09/06 20:45,0.000
03/09/06 20:50,0.000
03/09/06 20:55,0.000
03/09/06 21:00,0.000
03/09/06 21:05,0.000
03/09/06 21:10,0.000
03/09/06 21:15,0.000
03/09/06 21:20,0.000
03/09/06 21:25,0.000
03/09/06 21:30,0.000
03/09/06 21:35,0.000
03/09/06 21:40,0.000
03/09/06 21:45,0.000
03/09/06 21:50,0.000
03/09/06 21:55,0.000
03/09/06 22:00,0.000
03/09/06 22:05,0.000
03/09/06 22:10,0.000
03/09/06 22:15,0.000
03/09/06 22:20,0.000
03/09/06 22:25,0.000
03/09/06 22:30,0.000
03/09/06 22:35,0.000
03/09/06 22:40,0.000
03/09/06 22:45,0.000
03/09/06 22:50,0.000
03/09/06 22:55,0.000
03/09/06 23:00,0.000
03/09/06 23:05,0.000
03/09/06 23:10,0.000
03/09/06 23:15,0.000
03/09/06 23:20,0.000
03/09/06 23:25,0.000
03/09/06 23:30,0.000
03/09/06 23:35,0.000
03/09/06 23:40,0.000
03/09/06 23:45,0.000
03/09/06 23:50,0.000
03/09/06 23:55,0.000
03/10/06 00:00,0.000
03/10/06 00:05,0.000
03/10/06 00:10,0.000
03/10/06 00:15,0.000
03/10/06 00:20,0.000
03/10/06 00:25,0.000
03/10/06 00:30,0.000
03/10/06 00:35,0.000
03/10/06 00:40,0.000
03/10/06 00:45,0.000
03/10/06 00:50,0.000
03/10/06 00:55,0.000
03/10/06 01:00,0.000
03/10/06 01:05,0.000
03/10/06 01:10,0.000
03/10/06 01:15,0.000
03/10/06 01:20,0.000
03/10/06 01:25,0.000
03/10/06 01:30,0.000
03/10/06 01:35,0.000
03/10/06 01:40,0.000
03/10/06 01:45,0.000
03/10/06 01:50,0.000
03/10/06 01:55,0.000
03/10/06 02:00,0.000
03/10/06 02:05,0.000
03/10/06 02:10,0.000
03/10/06 02:15,0.000
03/10/06 02:20,0.000
03/10/06 02:25,0.000
03/10/06 02:30,0.000
03/10/06 02:35,0.000
03/10/06 02:40,0.000
03/10/06 02:45,0.000
03/10/06 02:50,0.000
03/10/06 02:55,0.000
03/10/06 03:00,0.000
03/10/06 03:05,0.000
03/10/06 03:10,0.000
03/10/06 03:15,0.000
03/10/06 03:20,0.000
03/10/06 03:25,0.000
03/10/06 03:30,0.000
03/10/06 03:35,0.000
03/10/06 03:40,0.000
03/10/06 03:45,0.000
03/10/06 03:50,0.000
03/10/06 03:55,0.000
03/10/06 04:00,0.000
03/10/06 04:05,0.000
03/10/06 04:10,0.000
03/10/06 04:15,0.000
03/10/06 04:20,0.000
03/10/06 04:25,0.000
03/10/06 04:30,0.000
03/10/06 04:35,0.000
03/10/06 04:40,0.000
03/10/06 04:45,0.000
03/10/06 04:50,0.000
03/10/06 04:55,0.000
03/10/06 05:00,0.000
03/10/06 05:05,0.000
03/10/06 05:10,0.000
03/10/06 05:15,0.000
03/10/06 05:20,0.000
03/10/06 05:25,0.000
03/10/06 05:30,0.000
03/10/06 05:35,0.000
03/10/06 05:40,0.000
03/10/06 05:45,0.000
03/10/06 05:50,0.000
03/10/06 05:55,0.000
03/10/06 06:00,0.000
03/10/06 06:05,0.000
03/10/06 06:10,0.000
03/10/06 06:15,0.000
03/10/06 06:20,0.000
03/10/06 06:25,0.000
03/10/06 06:30,0.000
03/10/06 06:35,0.000
03/10/06 06:40,0.000
03/10/06 06:45,0.000
03/10/06 06:50,0.001
03/10/06 06:55,0.005
03/10/06 07:00,0.015
03/10/06 07:05,0.034
03/10/06 07:10,0.071
03/10/06 07:15,0.089
03/10/06 07:20,0.103
03/10/06 07:25,0.117
03/10/06 07:30,0.131
03/10/06 07:35,0.146
03/10/06 07:40,0.160
03/10/06 07:45,0.176
03/10/06 07:50,0.192
03/10/06 07:55,0.209
03/10/06 08:00,0.224
03/10/06 08:05,0.240
03/10/06 08:10,0.255
03/10/06 08:15,0.267
03/10/06 08:20,0.279
03/10/06 08:25,0.293
03/10/06 08:30,0.305
03/10/06 08:35,0.315
03/10/06 08:40,0.326
03/10/06 08:45,0.339
03/10/06 08:50,0.353
03/10/06 08:55,0.367
03/10/06 09:00,0.384
03/10/06 09:05,0.398
03/10/06 09:10,0.412
03/10/06 09:15,0.422
03/10/06 09:20,0.434
03/10/06 09:25,0.442
03/10/06 09:30,0.449
03/10/06 09:35,0.456
03/10/06 09:40,0.465
03/10/06 09:45,0.471
03/10/06 09:50,0.477
03/10/06 09:55,0.481
03/10/06 10:00,0.485
03/10/06 10:05,0.491
03/10/06 10:10,0.488
03/10/06 10:15,0.452
03/10/06 10:20,0.457
03/10/06 10:25,0.372
03/10/06 10:30,0.362
03/10/06 10:35,0.373
03/10/06 10:40,0.429
03/10/06 10:45,0.470
03/10/06 10:50,0.399
03/10/06 10:55,0.338
03/10/06 11:00,0.397
03/10/06 11:05,0.447
03/10/06 11:10,0.471
03/10/06 11:15,0.467
03/10/06 11:20,0.475
03/10/06 11:25,0.454
03/10/06 11:30,0.432
03/10/06 11:35,0.421
03/10/06 11:40,0.429
03/10/06 11:45,0.468
03/10/06 11:50,0.498
03/10/06 11:55,0.454
03/10/06 12:00,0.348
03/10/06 12:05,0.363
03/10/06 12:10,0.372
03/10/06 12:15,0.372
03/10/06 12:20,0.378
03/10/06 12:25,0.374
03/10/06 12:30,0.326
03/10/06 12:35,0.317
03/10/06 12:40,0.303
03/10/06 12:45,0.293
03/10/06 12:50,0.307
03/10/06 12:55,0.294
03/10/06 13:00,0.361
03/10/06 13:05,0.389
03/10/06 13:10,0.366
03/10/06 13:15,0.321
03/10/06 13:20,0.344
03/10/06 13:25,0.330
03/10/06 13:30,0.265
03/10/06 13:35,0.234
03/10/06 13:40,0.213
03/10/06 13:45,0.254
03/10/06 13:50,0.290
03/10/06 13:55,0.316
03/10/06 14:00,0.348
03/10/06 14:05,0.326
03/10/06 14:10,0.287
03/10/06 14:15,0.252
03/10/06 14:20,0.254
03/10/06 14:25,0.268
03/10/06 14:30,0.283
03/10/06 14:35,0.237
03/10/06 14:40,0.209
03/10/06 14:45,0.246
03/10/06 14:50,0.239
03/10/06 14:55,0.264
03/10/06 15:00,0.284
03/10/06 15:05,0.292
03/10/06 15:10,0.288
03/10/06 15:15,0.277
03/10/06 15:20,0.262
03/10/06 15:25,0.244
03/10/06 15:30,0.226
03/10/06 15:35,0.208
03/10/06 15:40,0.192
03/10/06 15:45,0.177
03/10/06 15:50,0.162
03/10/06 15:55,0.147
03/10/06 16:00,0.133
03/10/06 16:05,0.123
03/10/06 16:10,0.115
03/10/06 16:15,0.109
03/10/06 16:20,0.103
03/10/06 16:25,0.097
03/10/06 16:30,0.090
03/10/06 16:35,0.082
03/10/06 16:40,0.063
03/10/06 16:45,0.041
03/10/06 16:50,0.025
03/10/06 16:55,0.014
03/10/06 17:00,0.007
03/10/06 17:05,0.003
03/10/06 17:10,0.000
03/10/06 17:15,0.000
03/10/06 17:20,0.000
03/10/06 17:25,0.000
03/10/06 17:30,0.000
03/10/06 17:35,0.000
03/10/06 17:40,0.000
03/10/06 17:45,0.000
03/10/06 17:50,0.000
03/10/06 17:55,0.000
03/10/06 18:00,0.000
03/10/06 18:05,0.000
03/10/06 18:10,0.000
03/10/06 18:15,0.000
03/10/06 18:20,0.000
03/10/06 18:25,0.000
03/10/06 18:30,0.000
03/10/06 18:35,0.000
03/10/06 18:40,0.000
03/10/06 18:45,0.000
03/10/06 18:50,0.000
03/10/06 18:55,0.000
03/10/06 19:00,0.000
03/10/06 19:05,0.000
03/10/06 19:10,0.000
03/10/06 19:15,0.000
03/10/06 19:20,0.000
03/10/06 19:25,0.000
03/10/06 19:30,0.000
03/10/06 19:35,0.000
03/10/06 19:40,0.000
03/10/06 19:45,0.000
03/10/06 19:50,0.000
03/10/06 19:55,0.000
03/10/06 20:00,0.000
03/10/06 20:05,0.000
03/10/06 20:10,0.000
03/10/06 20:15,0.000
03/10/06 20:20,0.000
03/10/06 20:25,0.000
03/10/06 20:30,0.000
03/10/06 20:35,0.000
03/10/06 20:40,0.000
03/10/06 20:45,0.000
03/10/06 20:50,0.000
03/10/06 20:55,0.000
03/10/06 21:00,0.000
03/10/06 21:05,0.000
03/10/06 21:10,0.000
03/10/06 21:15,0.000
03/10/06 21:20,0.000
03/10/06 21:25,0.000
03/10/06 21:30,0.000
03/10/06 21:35,0.000
03/10/06 21:40,0.000
03/10/06 21:45,0.000
03/10/06 21:50,0.000
03/10/06 21:55,0.000
03/10/06 22:00,0.000
03/10/06 22:05,0.000
03/10/06 22:10,0.000
03/10/06 22:15,0.000
03/10/06 22:20,0.000
03/10/06 22:25,0.000
03/10/06 22:30,0.000
03/10/06 22:35,0.000
03/10/06 22:40,0.000
03/10/06 22:45,0.000
03/10/06 22:50,0.000
03/10/06 22:55,0.000
03/10/06 23:00,0.000
03/10/06 23:05,0.000
03/10/06 23:10,0.000
03/10/06 23:15,0.000
03/10/06 23:20,0.000
03/10/06 23:25,0.000
03/10/06 23:30,0.000
03/10/06 23:35,0.000
03/10/06 23:40,0.000
03/10/06 23:45,0.000
03/10/06 23:50,0.000
03/10/06 23:55,0.000
03/11/06 00:00,0.000
03/11/06 00:05,0.000
03/11/06 00:10,0.000
03/11/06 00:15,0.000
03/11/06 00:20,0.000
03/11/06 00:25,0.000
03/11/06 00:30,0.000
03/11/06 00:35,0.000
03/11/06 00:40,0.000
03/11/06 00:45,0.000
03/11/06 00:50,0.000
03/11/06 00:55,0.000
03/11/06 01:00,0.000
03/11/06 01:05,0.000
03/11/06 01:10,0.000
03/11/06 01:15,0.000
03/11/06 01:20,0.000
03/11/06 01:25,0.000
03/11/06 01:30,0.000
03/11/06 01:35,0.000
03/11/06 01:40,0.000
03/11/06 01:45,0.000
03/11/06 01:50,0.000
03/11/06 01:55,0.000
03/11/06 02:00,0.000
03/11/06 02:05,0.000
03/11/06 02:10,0.000
03/11/06 02:15,0.000
03/11/06 02:20,0.000
03/11/06 02:25,0.000
03/11/06 02:30,0.000
03/11/06 02:35,0.000
03/11/06 02:40,0.000
03/11/06 02:45,0.000
03/11/06 02:50,0.000
03/11/06 02:55,0.000
03/11/06 03:00,0.000
03/11/06 03:05,0.000
03/11/06 03:10,0.000
03/11/06 03:15,0.000
03/11/06 03:20,0.000
03/11/06 03:25,0.000
03/11/06 03:30,0.000
03/11/06 03:35,0.000
03/11/06 03:40,0.000
03/11/06 03:45,0.000
03/11/06 03:50,0.000
03/11/06 03:55,0.000
03/11/06 04:00,0.000
03/11/06 04:05,0.000
03/11/06 04:10,0.000
03/11/06 04:15,0.000
03/11/06 04:20,0.000
03/11/06 04:25,0.000
03/11/06 04:30,0.000
03/11/06 04:35,0.000
03/11/06 04:40,0.000
03/11/06 04:45,0.000
03/11/06 04:50,0.000
03/11/06 04:55,0.000
03/11/06 05:00,0.000
03/11/06 05:05,0.000
03/11/06 05:10,0.000
03/11/06 05:15,0.000
03/11/06 05:20,0.000
03/11/06 05:25,0.000
03/11/06 05:30,0.000
03/11/06 05:35,0.000
03/11/06 05:40,0.000
03/11/06 05:45,0.000
03/11/06 05:50,0.000
03/11/06 05:55,0.000
03/11/06 06:00,0.000
03/11/06 06:05,0.000
03/11/06 06:10,0.000
03/11/06 06:15,0.000
03/11/06 06:20,0.000
03/11/06 06:25,0.000
03/11/06 06:30,0.000
03/11/06 06:35,0.000
03/11/06 06:40,0.000
03/11/06 06:45,0.000
03/11/06 06:50,0.000
03/11/06 06:55,0.000
03/11/06 07:00,0.000
03/11/06 07:05,0.000
03/11/06 07:10,0.000
03/11/06 07:15,0.001
03/11/06 07:20,0.001
03/11/06 07:25,0.002
03/11/06 07:30,0.002
03/11/06 07:35,0.004
03/11/06 07:40,0.005
03/11/06 07:45,0.007
03/11/06 07:50,0.010
03/11/06 07:55,0.012
03/11/06 08:00,0.018
03/11/06 08:05,0.119
03/11/06 08:10,0.169
03/11/06 08:15,0.187
03/11/06 08:20,0.192
03/11/06 08:25,0.186
03/11/06 08:30,0.182
03/11/06 08:35,0.237
03/11/06 08:40,0.305
03/11/06 08:45,0.349
03/11/06 08:50,0.347
03/11/06 08:55,0.357
03/11/06 09:00,0.385
03/11/06 09:05,0.408
03/11/06 09:10,0.426
03/11/06 09:15,0.442
03/11/06 09:20,0.454
03/11/06 09:25,0.465
03/11/06 09:30,0.475
03/11/06 09:35,0.483
03/11/06 09:40,0.491
03/11/06 09:45,0.499
03/11/06 09:50,0.505
03/11/06 09:55,0.513
03/11/06 10:00,0.521
03/11/06 10:05,0.530
03/11/06 10:10,0.538
03/11/06 10:15,0.544
03/11/06 10:20,0.550
03/11/06 10:25,0.555
03/11/06 10:30,0.562
03/11/06 10:35,0.567
03/11/06 10:40,0.571
03/11/06 10:45,0.573
03/11/06 10:50,0.575
03/11/06 10:55,0.580
03/11/06 11:00,0.586
03/11/06 11:05,0.590
03/11/06 11:10,0.593
03/11/06 11:15,0.596
03/11/06 11:20,0.599
03/11/06 11:25,0.603
03/11/06 11:30,0.606
03/11/06 11:35,0.608
03/11/06 11:40,0.609
03/11/06 11:45,0.611
03/11/06 11:50,0.613
03/11/06 11:55,0.614
03/11/06 12:00,0.616
03/11/06 12:05,0.614
03/11/06 12:10,0.611
03/11/06 12:15,0.608
03/11/06 12:20,0.604
03/11/06 12:25,0.600
03/11/06 12:30,0.598
03/11/06 12:35,0.595
03/11/06 12:40,0.591
03/11/06 12:45,0.587
03/11/06 12:50,0.584
03/11/06 12:55,0.581
03/11/06 13:00,0.579
03/11/06 13:05,0.577
03/11/06 13:10,0.575
03/11/06 13:15,0.576
03/11/06 13:20,0.579
03/11/06 13:25,0.576
03/11/06 13:30,0.573
03/11/06 13:35,0.567
03/11/06 13:40,0.557
03/11/06 13:45,0.547
03/11/06 13:50,0.535
03/11/06 13:55,0.526
03/11/06 14:00,0.518
03/11/06 14:05,0.509
03/11/06 14:10,0.501
03/11/06 14:15,0.493
03/11/06 14:20,0.486
03/11/06 14:25,0.481
03/11/06 14:30,0.472
03/11/06 14:35,0.463
03/11/06 14:40,0.449
03/11/06 14:45,0.438
03/11/06 14:50,0.427
03/11/06 14:55,0.416
03/11/06 15:00,0.403
03/11/06 15:05,0.389
03/11/06 15:10,0.375
03/11/06 15:15,0.362
03/11/06 15:20,0.347
03/11/06 15:25,0.332
03/11/06 15:30,0.317
03/11/06 15:35,0.302
03/11/06 15:40,0.285
03/11/06 15:45,0.269
03/11/06 15:50,0.253
03/11/06 15:55,0.236
03/11/06 16:00,0.219
03/11/06 16:05,0.202
03/11/06 16:10,0.185
03/11/06 16:15,0.169
03/11/06 16:20,0.152
03/11/06 16:25,0.137
03/11/06 16:30,0.122
03/11/06 16:35,0.107
03/11/06 16:40,0.093
03/11/06 16:45,0.077
03/11/06 16:50,0.042
03/11/06 16:55,0.019
03/11/06 17:00,0.008
03/11/06 17:05,0.004
03/11/06 17:10,0.001
03/11/06 17:15,0.000
03/11/06 17:20,0.000
03/11/06 17:25,0.000
03/11/06 17:30,0.000
03/11/06 17:35,0.000
03/11/06 17:40,0.000
03/11/06 17:45,0.000
03/11/06 17:50,0.000
03/11/06 17:55,0.000
03/11/06 18:00,0.000
03/11/06 18:05,0.000
03/11/06 18:10,0.000
03/11/06 18:15,0.000
03/11/06 18:20,0.000
03/11/06 18:25,0.000
03/11/06 18:30,0.000
03/11/06 18:35,0.000
03/11/06 18:40,0.000
03/11/06 18:45,0.000
03/11/06 18:50,0.000
03/11/06 18:55,0.000
03/11/06 19:00,0.000
03/11/06 19:05,0.000
03/11/06 19:10,0.000
03/11/06 19:15,0.000
03/11/06 19:20,0.000
03/11/06 19:25,0.000
03/11/06 19:30,0.000
03/11/06 19:35,0.000
03/11/06 19:40,0.000
03/11/06 19:45,0.000
03/11/06 19:50,0.000
03/11/06 19:55,0.000
03/11/06 20:00,0.000
03/11/06 20:05,0.000
03/11/06 20:10,0.000
03/11/06 20:15,0.000
03/11/06 20:20,0.000
03/11/06 20:25,0.000
03/11/06 20:30,0.000
03/11/06 20:35,0.000
03/11/06 20:40,0.000
03/11/06 20:45,0.000
03/11/06 20:50,0.000
03/11/06 20:55,0.000
03/11/06 21:00,0.000
03/11/06 21:05,0.000
03/11/06 21:10,0.000
03/11/06 21:15,0.000
03/11/06 21:20,0.000
03/11/06 21:25,0.000
03/11/06 21:30,0.000
03/11/06 21:35,0.000
03/11/06 21:40,0.000
03/11/06 21:45,0.000
03/11/06 21:50,0.000
03/11/06 21:55,0.000
03/11/06 22:00,0.000
03/11/06 22:05,0.000
03/11/06 22:10,0.000
03/11/06 22:15,0.000
03/11/06 22:20,0.000
03/11/06 22:25,0.000
03/11/06 22:30,0.000
03/11/06 22:35,0.000
03/11/06 22:40,0.000
03/11/06 22:45,0.000
03/11/06 22:50,0.000
03/11/06 22:55,0.000
03/11/06 23:00,0.000
03/11/06 23:05,0.000
03/11/06 23:10,0.000
03/11/06 23:15,0.000
03/11/06 23:20,0.000
03/11/06 23:25,0.000
03/11/06 23:30,0.000
03/11/06 23:35,0.000
03/11/06 23:40,0.000
03/11/06 23:45,0.000
03/11/06 23:50,0.000
03/11/06 23:55,0.000
03/12/06 00:00,0.000
03/12/06 00:05,0.000
03/12/06 00:10,0.000
03/12/06 00:15,0.000
03/12/06 00:20,0.000
03/12/06 00:25,0.000
03/12/06 00:30,0.000
03/12/06 00:35,0.000
03/12/06 00:40,0.000
03/12/06 00:45,0.000
03/12/06 00:50,0.000
03/12/06 00:55,0.000
03/12/06 01:00,0.000
03/12/06 01:05,0.000
03/12/06 01:10,0.000
03/12/06 01:15,0.000
03/12/06 01:20,0.000
03/12/06 01:25,0.000
03/12/06 01:30,0.000
03/12/06 01:35,0.000
03/12/06 01:40,0.000
03/12/06 01:45,0.000
03/12/06 01:50,0.000
03/12/06 01:55,0.000
03/12/06 02:00,0.000
03/12/06 02:05,0.000
03/12/06 02:10,0.000
03/12/06 02:15,0.000
03/12/06 02:20,0.000
03/12/06 02:25,0.000
03/12/06 02:30,0.000
03/12/06 02:35,0.000
03/12/06 02:40,0.000
03/12/06 02:45,0.000
03/12/06 02:50,0.000
03/12/06 02:55,0.000
03/12/06 03:00,0.000
03/12/06 03:05,0.000
03/12/06 03:10,0.000
03/12/06 03:15,0.000
03/12/06 03:20,0.000
03/12/06 03:25,0.000
03/12/06 03:30,0.000
03/12/06 03:35,0.000
03/12/06 03:40,0.000
03/12/06 03:45,0.000
03/12/06 03:50,0.000
03/12/06 03:55,0.000
03/12/06 04:00,0.000
03/12/06 04:05,0.000
03/12/06 04:10,0.000
03/12/06 04:15,0.000
03/12/06 04:20,0.000
03/12/06 04:25,0.000
03/12/06 04:30,0.000
03/12/06 04:35,0.000
03/12/06 04:40,0.000
03/12/06 04:45,0.000
03/12/06 04:50,0.000
03/12/06 04:55,0.000
03/12/06 05:00,0.000
03/12/06 05:05,0.000
03/12/06 05:10,0.000
03/12/06 05:15,0.000
03/12/06 05:20,0.000
03/12/06 05:25,0.000
03/12/06 05:30,0.000
03/12/06 05:35,0.000
03/12/06 05:40,0.000
03/12/06 05:45,0.000
03/12/06 05:50,0.000
03/12/06 05:55,0.000
03/12/06 06:00,0.000
03/12/06 06:05,0.000
03/12/06 06:10,0.000
03/12/06 06:15,0.000
03/12/06 06:20,0.000
03/12/06 06:25,0.000
03/12/06 06:30,0.000
03/12/06 06:35,0.000
03/12/06 06:40,0.000
03/12/06 06:45,0.000
03/12/06 06:50,0.002
03/12/06 06:55,0.007
03/12/06 07:00,0.022
03/12/06 07:05,0.049
03/12/06 07:10,0.085
03/12/06 07:15,0.099
03/12/06 07:20,0.114
03/12/06 07:25,0.130
03/12/06 07:30,0.146
03/12/06 07:35,0.162
03/12/06 07:40,0.179
03/12/06 07:45,0.195
03/12/06 07:50,0.213
03/12/06 07:55,0.231
03/12/06 08:00,0.247
03/12/06 08:05,0.264
03/12/06 08:10,0.280
03/12/06 08:15,0.297
03/12/06 08:20,0.315
03/12/06 08:25,0.334
03/12/06 08:30,0.351
03/12/06 08:35,0.367
03/12/06 08:40,0.383
03/12/06 08:45,0.399
03/12/06 08:50,0.414
03/12/06 08:55,0.430
03/12/06 09:00,0.443
03/12/06 09:05,0.454
03/12/06 09:10,0.467
03/12/06 09:15,0.482
03/12/06 09:20,0.494
03/12/06 09:25,0.505
03/12/06 09:30,0.516
03/12/06 09:35,0.526
03/12/06 09:40,0.535
03/12/06 09:45,0.543
03/12/06 09:50,0.550
03/12/06 09:55,0.556
03/12/06 10:00,0.563
03/12/06 10:05,0.569
03/12/06 10:10,0.575
03/12/06 10:15,0.579
03/12/06 10:20,0.584
03/12/06 10:25,0.588
03/12/06 10:30,0.594
03/12/06 10:35,0.598
03/12/06 10:40,0.602
03/12/06 10:45,0.605
03/12/06 10:50,0.607
03/12/06 10:55,0.609
03/12/06 11:00,0.609
03/12/06 11:05,0.608
03/12/06 11:10,0.607
03/12/06 11:15,0.602
03/12/06 11:20,0.601
03/12/06 11:25,0.600
03/12/06 11:30,0.599
03/12/06 11:35,0.599
03/12/06 11:40,0.598
03/12/06 11:45,0.598
03/12/06 11:50,0.597
03/12/06 11:55,0.596
03/12/06 12:00,0.594
03/12/06 12:05,0.592
03/12/06 12:10,0.591
03/12/06 12:15,0.588
03/12/06 12:20,0.588
03/12/06 12:25,0.588
03/12/06 12:30,0.586
03/12/06 12:35,0.587
03/12/06 12:40,0.584
03/12/06 12:45,0.581
03/12/06 12:50,0.577
03/12/06 12:55,0.574
03/12/06 13:00,0.570
03/12/06 13:05,0.566
03/12/06 13:10,0.561
03/12/06 13:15,0.555
03/12/06 13:20,0.548
03/12/06 13:25,0.542
03/12/06 13:30,0.531
03/12/06 13:35,0.519
03/12/06 13:40,0.504
03/12/06 13:45,0.493
03/12/06 13:50,0.482
03/12/06 13:55,0.474
03/12/06 14:00,0.474
03/12/06 14:05,0.477
03/12/06 14:10,0.478
03/12/06 14:15,0.477
03/12/06 14:20,0.476
03/12/06 14:25,0.471
03/12/06 14:30,0.466
03/12/06 14:35,0.460
03/12/06 14:40,0.449
03/12/06 14:45,0.441
03/12/06 14:50,0.433
03/12/06 14:55,0.423
03/12/06 15:00,0.409
03/12/06 15:05,0.397
03/12/06 15:10,0.385
03/12/06 15:15,0.371
03/12/06 15:20,0.354
03/12/06 15:25,0.337
03/12/06 15:30,0.321
03/12/06 15:35,0.306
03/12/06 15:40,0.290
03/12/06 15:45,0.274
03/12/06 15:50,0.257
03/12/06 15:55,0.243
03/12/06 16:00,0.228
03/12/06 16:05,0.212
03/12/06 16:10,0.196
03/12/06 16:15,0.180
03/12/06 16:20,0.163
03/12/06 16:25,0.146
03/12/06 16:30,0.130
03/12/06 16:35,0.114
03/12/06 16:40,0.099
03/12/06 16:45,0.085
03/12/06 16:50,0.056
03/12/06 16:55,0.026
03/12/06 17:00,0.012
03/12/06 17:05,0.005
03/12/06 17:10,0.002
03/12/06 17:15,0.000
03/12/06 17:20,0.000
03/12/06 17:25,0.000
03/12/06 17:30,0.000
03/12/06 17:35,0.000
03/12/06 17:40,0.000
03/12/06 17:45,0.000
03/12/06 17:50,0.000
03/12/06 17:55,0.000
03/12/06 18:00,0.000
03/12/06 18:05,0.000
03/12/06 18:10,0.000
03/12/06 18:15,0.000
03/12/06 18:20,0.000
03/12/06 18:25,0.000
03/12/06 18:30,0.000
03/12/06 18:35,0.000
03/12/06 18:40,0.000
03/12/06 18:45,0.000
03/12/06 18:50,0.000
03/12/06 18:55,0.000
03/12/06 19:00,0.000
03/12/06 19:05,0.000
03/12/06 19:10,0.000
03/12/06 19:15,0.000
03/12/06 19:20,0.000
03/12/06 19:25,0.000
03/12/06 19:30,0.000
03/12/06 19:35,0.000
03/12/06 19:40,0.000
03/12/06 19:45,0.000
03/12/06 19:50,0.000
03/12/06 19:55,0.000
03/12/06 20:00,0.000
03/12/06 20:05,0.000
03/12/06 20:10,0.000
03/12/06 20:15,0.000
03/12/06 20:20,0.000
03/12/06 20:25,0.000
03/12/06 20:30,0.000
03/12/06 20:35,0.000
03/12/06 20:40,0.000
03/12/06 20:45,0.000
03/12/06 20:50,0.000
03/12/06 20:55,0.000
03/12/06 21:00,0.000
03/12/06 21:05,0.000
03/12/06 21:10,0.000
03/12/06 21:15,0.000
03/12/06 21:20,0.000
03/12/06 21:25,0.000
03/12/06 21:30,0.000
03/12/06 21:35,0.000
03/12/06 21:40,0.000
03/12/06 21:45,0.000
03/12/06 21:50,0.000
03/12/06 21:55,0.000
03/12/06 22:00,0.000
03/12/06 22:05,0.000
03/12/06 22:10,0.000
03/12/06 22:15,0.000
03/12/06 22:20,0.000
03/12/06 22:25,0.000
03/12/06 22:30,0.000
03/12/06 22:35,0.000
03/12/06 22:40,0.000
03/12/06 22:45,0.000
03/12/06 22:50,0.000
03/12/06 22:55,0.000
03/12/06 23:00,0.000
03/12/06 23:05,0.000
03/12/06 23:10,0.000
03/12/06 23:15,0.000
03/12/06 23:20,0.000
03/12/06 23:25,0.000
03/12/06 23:30,0.000
03/12/06 23:35,0.000
03/12/06 23:40,0.000
03/12/06 23:45,0.000
03/12/06 23:50,0.000
03/12/06 23:55,0.000
03/13/06 00:00,0.000
03/13/06 00:05,0.000
03/13/06 00:10,0.000
03/13/06 00:15,0.000
03/13/06 00:20,0.000
03/13/06 00:25,0.000
03/13/06 00:30,0.000
03/13/06 00:35,0.000
03/13/06 00:40,0.000
03/13/06 00:45,0.000
03/13/06 00:50,0.000
03/13/06 00:55,0.000
03/13/06 01:00,0.000
03/13/06 01:05,0.000
03/13/06 01:10,0.000
03/13/06 01:15,0.000
03/13/06 01:20,0.000
03/13/06 01:25,0.000
03/13/06 01:30,0.000
03/13/06 01:35,0.000
03/13/06 01:40,0.000
03/13/06 01:45,0.000
03/13/06 01:50,0.000
03/13/06 01:55,0.000
03/13/06 02:00,0.000
03/13/06 02:05,0.000
03/13/06 02:10,0.000
03/13/06 02:15,0.000
03/13/06 02:20,0.000
03/13/06 02:25,0.000
03/13/06 02:30,0.000
03/13/06 02:35,0.000
03/13/06 02:40,0.000
03/13/06 02:45,0.000
03/13/06 02:50,0.000
03/13/06 02:55,0.000
03/13/06 03:00,0.000
03/13/06 03:05,0.000
03/13/06 03:10,0.000
03/13/06 03:15,0.000
03/13/06 03:20,0.000
03/13/06 03:25,0.000
03/13/06 03:30,0.000
03/13/06 03:35,0.000
03/13/06 03:40,0.000
03/13/06 03:45,0.000
03/13/06 03:50,0.000
03/13/06 03:55,0.000
03/13/06 04:00,0.000
03/13/06 04:05,0.000
03/13/06 04:10,0.000
03/13/06 04:15,0.000
03/13/06 04:20,0.000
03/13/06 04:25,0.000
03/13/06 04:30,0.000
03/13/06 04:35,0.000
03/13/06 04:40,0.000
03/13/06 04:45,0.000
03/13/06 04:50,0.000
03/13/06 04:55,0.000
03/13/06 05:00,0.000
03/13/06 05:05,0.000
03/13/06 05:10,0.000
03/13/06 05:15,0.000
03/13/06 05:20,0.000
03/13/06 05:25,0.000
03/13/06 05:30,0.000
03/13/06 05:35,0.000
03/13/06 05:40,0.000
03/13/06 05:45,0.000
03/13/06 05:50,0.000
03/13/06 05:55,0.000
03/13/06 06:00,0.000
03/13/06 06:05,0.000
03/13/06 06:10,0.000
03/13/06 06:15,0.000
03/13/06 06:20,0.000
03/13/06 06:25,0.000
03/13/06 06:30,0.000
03/13/06 06:35,0.000
03/13/06 06:40,0.000
03/13/06 06:45,0.000
03/13/06 06:50,0.002
03/13/06 06:55,0.006
03/13/06 07:00,0.021
03/13/06 07:05,0.051
03/13/06 07:10,0.086
03/13/06 07:15,0.101
03/13/06 07:20,0.116
03/13/06 07:25,0.132
03/13/06 07:30,0.148
03/13/06 07:35,0.165
03/13/06 07:40,0.181
03/13/06 07:45,0.197
03/13/06 07:50,0.215
03/13/06 07:55,0.233
03/13/06 08:00,0.250
03/13/06 08:05,0.267
03/13/06 08:10,0.284
03/13/06 08:15,0.300
03/13/06 08:20,0.316
03/13/06 08:25,0.334
03/13/06 08:30,0.351
03/13/06 08:35,0.365
03/13/06 08:40,0.379
03/13/06 08:45,0.393
03/13/06 08:50,0.408
03/13/06 08:55,0.422
03/13/06 09:00,0.433
03/13/06 09:05,0.443
03/13/06 09:10,0.453
03/13/06 09:15,0.465
03/13/06 09:20,0.475
03/13/06 09:25,0.486
03/13/06 09:30,0.495
03/13/06 09:35,0.504
03/13/06 09:40,0.513
03/13/06 09:45,0.521
03/13/06 09:50,0.528
03/13/06 09:55,0.535
03/13/06 10:00,0.539
03/13/06 10:05,0.542
03/13/06 10:10,0.546
03/13/06 10:15,0.547
03/13/06 10:20,0.548
03/13/06 10:25,0.548
03/13/06 10:30,0.547
03/13/06 10:35,0.545
03/13/06 10:40,0.543
03/13/06 10:45,0.540
03/13/06 10:50,0.536
03/13/06 10:55,0.532
03/13/06 11:00,0.532
03/13/06 11:05,0.533
03/13/06 11:10,0.534
03/13/06 11:15,0.533
03/13/06 11:20,0.532
03/13/06 11:25,0.532
03/13/06 11:30,0.532
03/13/06 11:35,0.533
03/13/06 11:40,0.535
03/13/06 11:45,0.535
03/13/06 11:50,0.536
03/13/06 11:55,0.537
03/13/06 12:00,0.518
03/13/06 12:05,0.465
03/13/06 12:10,0.468
03/13/06 12:15,0.414
03/13/06 12:20,0.364
03/13/06 12:25,0.323
03/13/06 12:30,0.266
03/13/06 12:35,0.200
03/13/06 12:40,0.214
03/13/06 12:45,0.234
03/13/06 12:50,0.224
03/13/06 12:55,0.175
03/13/06 13:00,0.196
03/13/06 13:05,0.222
03/13/06 13:10,0.238
03/13/06 13:15,0.246
03/13/06 13:20,0.241
03/13/06 13:25,0.231
03/13/06 13:30,0.223
03/13/06 13:35,0.202
03/13/06 13:40,0.183
03/13/06 13:45,0.159
03/13/06 13:50,0.148
03/13/06 13:55,0.142
03/13/06 14:00,0.135
03/13/06 14:05,0.168
03/13/06 14:10,0.287
03/13/06 14:15,0.356
03/13/06 14:20,0.388
03/13/06 14:25,0.408
03/13/06 14:30,0.415
03/13/06 14:35,0.416
03/13/06 14:40,0.417
03/13/06 14:45,0.412
03/13/06 14:50,0.404
03/13/06 14:55,0.380
03/13/06 15:00,0.307
03/13/06 15:05,0.245
03/13/06 15:10,0.195
03/13/06 15:15,0.161
03/13/06 15:20,0.135
03/13/06 15:25,0.119
03/13/06 15:30,0.105
03/13/06 15:35,0.088
03/13/06 15:40,0.067
03/13/06 15:45,0.042
03/13/06 15:50,0.026
03/13/06 15:55,0.016
03/13/06 16:00,0.007
03/13/06 16:05,0.004
03/13/06 16:10,0.004
03/13/06 16:15,0.006
03/13/06 16:20,0.008
03/13/06 16:25,0.010
03/13/06 16:30,0.013
03/13/06 16:35,0.017
03/13/06 16:40,0.020
03/13/06 16:45,0.021
03/13/06 16:50,0.018
03/13/06 16:55,0.016
03/13/06 17:00,0.009
03/13/06 17:05,0.004
03/13/06 17:10,0.002
03/13/06 17:15,0.000
03/13/06 17:20,0.000
03/13/06 17:25,0.000
03/13/06 17:30,0.000
03/13/06 17:35,0.000
03/13/06 17:40,0.000
03/13/06 17:45,0.000
03/13/06 17:50,0.000
03/13/06 17:55,0.000
03/13/06 18:00,0.000
03/13/06 18:05,0.000
03/13/06 18:10,0.000
03/13/06 18:15,0.000
03/13/06 18:20,0.000
03/13/06 18:25,0.000
03/13/06 18:30,0.000
03/13/06 18:35,0.000
03/13/06 18:40,0.000
03/13/06 18:45,0.000
03/13/06 18:50,0.000
03/13/06 18:55,0.000
03/13/06 19:00,0.000
03/13/06 19:05,0.000
03/13/06 19:10,0.000
03/13/06 19:15,0.000
03/13/06 19:20,0.000
03/13/06 19:25,0.000
03/13/06 19:30,0.000
03/13/06 19:35,0.000
03/13/06 19:40,0.000
03/13/06 19:45,0.000
03/13/06 19:50,0.000
03/13/06 19:55,0.000
03/13/06 20:00,0.000
03/13/06 20:05,0.000
03/13/06 20:10,0.000
03/13/06 20:15,0.000
03/13/06 20:20,0.000
03/13/06 20:25,0.000
03/13/06 20:30,0.000
03/13/06 20:35,0.000
03/13/06 20:40,0.000
03/13/06 20:45,0.000
03/13/06 20:50,0.000
03/13/06 20:55,0.000
03/13/06 21:00,0.000
03/13/06 21:05,0.000
03/13/06 21:10,0.000
03/13/06 21:15,0.000
03/13/06 21:20,0.000
03/13/06 21:25,0.000
03/13/06 21:30,0.000
03/13/06 21:35,0.000
03/13/06 21:40,0.000
03/13/06 21:45,0.000
03/13/06 21:50,0.000
03/13/06 21:55,0.000
03/13/06 22:00,0.000
03/13/06 22:05,0.000
03/13/06 22:10,0.000
03/13/06 22:15,0.000
03/13/06 22:20,0.000
03/13/06 22:25,0.000
03/13/06 22:30,0.000
03/13/06 22:35,0.000
03/13/06 22:40,0.000
03/13/06 22:45,0.000
03/13/06 22:50,0.000
03/13/06 22:55,0.000
03/13/06 23:00,0.000
03/13/06 23:05,0.000
03/13/06 23:10,0.000
03/13/06 23:15,0.000
03/13/06 23:20,0.000
03/13/06 23:25,0.000
03/13/06 23:30,0.000
03/13/06 23:35,0.000
03/13/06 23:40,0.000
03/13/06 23:45,0.000
03/13/06 23:50,0.000
03/13/06 23:55,0.000
03/14/06 00:00,0.000
03/14/06 00:05,0.000
03/14/06 00:10,0.000
03/14/06 00:15,0.000
03/14/06 00:20,0.000
03/14/06 00:25,0.000
03/14/06 00:30,0.000
03/14/06 00:35,0.000
03/14/06 00:40,0.000
03/14/06 00:45,0.000
03/14/06 00:50,0.000
03/14/06 00:55,0.000
03/14/06 01:00,0.000
03/14/06 01:05,0.000
03/14/06 01:10,0.000
03/14/06 01:15,0.000
03/14/06 01:20,0.000
03/14/06 01:25,0.000
03/14/06 01:30,0.000
03/14/06 01:35,0.000
03/14/06 01:40,0.000
03/14/06 01:45,0.000
03/14/06 01:50,0.000
03/14/06 01:55,0.000
03/14/06 02:00,0.000
03/14/06 02:05,0.000
03/14/06 02:10,0.000
03/14/06 02:15,0.000
03/14/06 02:20,0.000
03/14/06 02:25,0.000
03/14/06 02:30,0.000
03/14/06 02:35,0.000
03/14/06 02:40,0.000
03/14/06 02:45,0.000
03/14/06 02:50,0.000
03/14/06 02:55,0.000
03/14/06 03:00,0.000
03/14/06 03:05,0.000
03/14/06 03:10,0.000
03/14/06 03:15,0.000
03/14/06 03:20,0.000
03/14/06 03:25,0.000
03/14/06 03:30,0.000
03/14/06 03:35,0.000
03/14/06 03:40,0.000
03/14/06 03:45,0.000
03/14/06 03:50,0.000
03/14/06 03:55,0.000
03/14/06 04:00,0.000
03/14/06 04:05,0.000
03/14/06 04:10,0.000
03/14/06 04:15,0.000
03/14/06 04:20,0.000
03/14/06 04:25,0.000
03/14/06 04:30,0.000
03/14/06 04:35,0.000
03/14/06 04:40,0.000
03/14/06 04:45,0.000
03/14/06 04:50,0.000
03/14/06 04:55,0.000
03/14/06 05:00,0.000
03/14/06 05:05,0.000
03/14/06 05:10,0.000
03/14/06 05:15,0.000
03/14/06 05:20,0.000
03/14/06 05:25,0.000
03/14/06 05:30,0.000
03/14/06 05:35,0.000
03/14/06 05:40,0.000
03/14/06 05:45,0.000
03/14/06 05:50,0.000
03/14/06 05:55,0.000
03/14/06 06:00,0.000
03/14/06 06:05,0.000
03/14/06 06:10,0.000
03/14/06 06:15,0.000
03/14/06 06:20,0.000
03/14/06 06:25,0.000
03/14/06 06:30,0.000
03/14/06 06:35,0.000
03/14/06 06:40,0.000
03/14/06 06:45,0.000
03/14/06 06:50,0.000
03/14/06 06:55,0.000
03/14/06 07:00,0.000
03/14/06 07:05,0.000
03/14/06 07:10,0.000
03/14/06 07:15,0.001
03/14/06 07:20,0.001
03/14/06 07:25,0.002
03/14/06 07:30,0.004
03/14/06 07:35,0.006
03/14/06 07:40,0.008
03/14/06 07:45,0.012
03/14/06 07:50,0.018
03/14/06 07:55,0.023
03/14/06 08:00,0.024
03/14/06 08:05,0.024
03/14/06 08:10,0.028
03/14/06 08:15,0.037
03/14/06 08:20,0.048
03/14/06 08:25,0.057
03/14/06 08:30,0.063
03/14/06 08:35,0.069
03/14/06 08:40,0.073
03/14/06 08:45,0.078
03/14/06 08:50,0.083
03/14/06 08:55,0.085
03/14/06 09:00,0.088
03/14/06 09:05,0.086
03/14/06 09:10,0.063
03/14/06 09:15,0.040
03/14/06 09:20,0.027
03/14/06 09:25,0.032
03/14/06 09:30,0.045
03/14/06 09:35,0.037
03/14/06 09:40,0.030
03/14/06 09:45,0.085
03/14/06 09:50,0.113
03/14/06 09:55,0.091
03/14/06 10:00,0.073
03/14/06 10:05,0.059
03/14/06 10:10,0.049
03/14/06 10:15,0.037
03/14/06 10:20,0.029
03/14/06 10:25,0.027
03/14/06 10:30,0.033
03/14/06 10:35,0.039
03/14/06 10:40,0.051
03/14/06 10:45,0.073
03/14/06 10:50,0.087
03/14/06 10:55,0.090
03/14/06 11:00,0.135
03/14/06 11:05,0.184
03/14/06 11:10,0.186
03/14/06 11:15,0.176
03/14/06 11:20,0.197
03/14/06 11:25,0.259
03/14/06 11:30,0.269
03/14/06 11:35,0.210
03/14/06 11:40,0.139
03/14/06 11:45,0.168
03/14/06 11:50,0.265
03/14/06 11:55,0.331
03/14/06 12:00,0.262
03/14/06 12:05,0.193
03/14/06 12:10,0.171
03/14/06 12:15,0.194
03/14/06 12:20,0.182
03/14/06 12:25,0.159
03/14/06 12:30,0.171
03/14/06 12:35,0.156
03/14/06 12:40,0.172
03/14/06 12:45,0.172
03/14/06 12:50,0.176
03/14/06 12:55,0.178
03/14/06 13:00,0.174
03/14/06 13:05,0.169
03/14/06 13:10,0.162
03/14/06 13:15,0.153
03/14/06 13:20,0.144
03/14/06 13:25,0.137
03/14/06 13:30,0.131
03/14/06 13:35,0.126
03/14/06 13:40,0.115
03/14/06 13:45,0.110
03/14/06 13:50,0.104
03/14/06 13:55,0.095
03/14/06 14:00,0.074
03/14/06 14:05,0.026
03/14/06 14:10,0.009
03/14/06 14:15,0.005
03/14/06 14:20,0.005
03/14/06 14:25,0.005
03/14/06 14:30,0.007
03/14/06 14:35,0.006
03/14/06 14:40,0.007
03/14/06 14:45,0.010
03/14/06 14:50,0.017
03/14/06 14:55,0.021
03/14/06 15:00,0.017
03/14/06 15:05,0.024
03/14/06 15:10,0.040
03/14/06 15:15,0.053
03/14/06 15:20,0.062
03/14/06 15:25,0.053
03/14/06 15:30,0.046
03/14/06 15:35,0.041
03/14/06 15:40,0.037
03/14/06 15:45,0.034
03/14/06 15:50,0.030
03/14/06 15:55,0.023
03/14/06 16:00,0.015
03/14/06 16:05,0.011
03/14/06 16:10,0.006
03/14/06 16:15,0.003
03/14/06 16:20,0.006
03/14/06 16:25,0.030
03/14/06 16:30,0.020
03/14/06 16:35,0.004
03/14/06 16:40,0.001
03/14/06 16:45,0.000
03/14/06 16:50,0.000
03/14/06 16:55,0.000
03/14/06 17:00,0.001
03/14/06 17:05,0.000
03/14/06 17:10,0.000
03/14/06 17:15,0.000
03/14/06 17:20,0.000
03/14/06 17:25,0.000
03/14/06 17:30,0.000
03/14/06 17:35,0.000
03/14/06 17:40,0.000
03/14/06 17:45,0.000
03/14/06 17:50,0.000
03/14/06 17:55,0.000
03/14/06 18:00,0.000
03/14/06 18:05,0.000
03/14/06 18:10,0.000
03/14/06 18:15,0.000
03/14/06 18:20,0.000
03/14/06 18:25,0.000
03/14/06 18:30,0.000
03/14/06 18:35,0.000
03/14/06 18:40,0.000
03/14/06 18:45,0.000
03/14/06 18:50,0.000
03/14/06 18:55,0.000
03/14/06 19:00,0.000
03/14/06 19:05,0.000
03/14/06 19:10,0.000
03/14/06 19:15,0.000
03/14/06 19:20,0.000
03/14/06 19:25,0.000
03/14/06 19:30,0.000
03/14/06 19:35,0.000
03/14/06 19:40,0.000
03/14/06 19:45,0.000
03/14/06 19:50,0.000
03/14/06 19:55,0.000
03/14/06 20:00,0.000
03/14/06 20:05,0.000
03/14/06 20:10,0.000
03/14/06 20:15,0.000
03/14/06 20:20,0.000
03/14/06 20:25,0.000
03/14/06 20:30,0.000
03/14/06 20:35,0.000
03/14/06 20:40,0.000
03/14/06 20:45,0.000
03/14/06 20:50,0.000
03/14/06 20:55,0.000
03/14/06 21:00,0.000
03/14/06 21:05,0.000
03/14/06 21:10,0.000
03/14/06 21:15,0.000
03/14/06 21:20,0.000
03/14/06 21:25,0.000
03/14/06 21:30,0.000
03/14/06 21:35,0.000
03/14/06 21:40,0.000
03/14/06 21:45,0.000
03/14/06 21:50,0.000
03/14/06 21:55,0.000
03/14/06 22:00,0.000
03/14/06 22:05,0.000
03/14/06 22:10,0.000
03/14/06 22:15,0.000
03/14/06 22:20,0.000
03/14/06 22:25,0.000
03/14/06 22:30,0.000
03/14/06 22:35,0.000
03/14/06 22:40,0.000
03/14/06 22:45,0.000
03/14/06 22:50,0.000
03/14/06 22:55,0.000
03/14/06 23:00,0.000
03/14/06 23:05,0.000
03/14/06 23:10,0.000
03/14/06 23:15,0.000
03/14/06 23:20,0.000
03/14/06 23:25,0.000
03/14/06 23:30,0.000
03/14/06 23:35,0.000
03/14/06 23:40,0.000
03/14/06 23:45,0.000
03/14/06 23:50,0.000
03/14/06 23:55,0.000
03/15/06 00:00,0.000
03/15/06 00:05,0.000
03/15/06 00:10,0.000
03/15/06 00:15,0.000
03/15/06 00:20,0.000
03/15/06 00:25,0.000
03/15/06 00:30,0.000
03/15/06 00:35,0.000
03/15/06 00:40,0.000
03/15/06 00:45,0.000
03/15/06 00:50,0.000
03/15/06 00:55,0.000
03/15/06 01:00,0.000
03/15/06 01:05,0.000
03/15/06 01:10,0.000
03/15/06 01:15,0.000
03/15/06 01:20,0.000
03/15/06 01:25,0.000
03/15/06 01:30,0.000
03/15/06 01:35,0.000
03/15/06 01:40,0.000
03/15/06 01:45,0.000
03/15/06 01:50,0.000
03/15/06 01:55,0.000
03/15/06 02:00,0.000
03/15/06 02:05,0.000
03/15/06 02:10,0.000
03/15/06 02:15,0.000
03/15/06 02:20,0.000
03/15/06 02:25,0.000
03/15/06 02:30,0.000
03/15/06 02:35,0.000
03/15/06 02:40,0.000
03/15/06 02:45,0.000
03/15/06 02:50,0.000
03/15/06 02:55,0.000
03/15/06 03:00,0.000
03/15/06 03:05,0.000
03/15/06 03:10,0.000
03/15/06 03:15,0.000
03/15/06 03:20,0.000
03/15/06 03:25,0.000
03/15/06 03:30,0.000
03/15/06 03:35,0.000
03/15/06 03:40,0.000
03/15/06 03:45,0.000
03/15/06 03:50,0.000
03/15/06 03:55,0.000
03/15/06 04:00,0.000
03/15/06 04:05,0.000
03/15/06 04:10,0.000
03/15/06 04:15,0.000
03/15/06 04:20,0.000
03/15/06 04:25,0.000
03/15/06 04:30,0.000
03/15/06 04:35,0.000
03/15/06 04:40,0.000
03/15/06 04:45,0.000
03/15/06 04:50,0.000
03/15/06 04:55,0.000
03/15/06 05:00,0.000
03/15/06 05:05,0.000
03/15/06 05:10,0.000
03/15/06 05:15,0.000
03/15/06 05:20,0.000
03/15/06 05:25,0.000
03/15/06 05:30,0.000
03/15/06 05:35,0.000
03/15/06 05:40,0.000
03/15/06 05:45,0.000
03/15/06 05:50,0.000
03/15/06 05:55,0.000
03/15/06 06:00,0.000
03/15/06 06:05,0.000
03/15/06 06:10,0.000
03/15/06 06:15,0.000
03/15/06 06:20,0.000
03/15/06 06:25,0.000
03/15/06 06:30,0.000
03/15/06 06:35,0.000
03/15/06 06:40,0.000
03/15/06 06:45,0.002
03/15/06 06:50,0.006
03/15/06 06:55,0.017
03/15/06 07:00,0.043
03/15/06 07:05,0.076
03/15/06 07:10,0.093
03/15/06 07:15,0.105
03/15/06 07:20,0.118
03/15/06 07:25,0.134
03/15/06 07:30,0.148
03/15/06 07:35,0.163
03/15/06 07:40,0.178
03/15/06 07:45,0.193
03/15/06 07:50,0.209
03/15/06 07:55,0.225
03/15/06 08:00,0.238
03/15/06 08:05,0.248
03/15/06 08:10,0.256
03/15/06 08:15,0.260
03/15/06 08:20,0.260
03/15/06 08:25,0.256
03/15/06 08:30,0.253
03/15/06 08:35,0.252
03/15/06 08:40,0.249
03/15/06 08:45,0.252
03/15/06 08:50,0.258
03/15/06 08:55,0.262
03/15/06 09:00,0.240
03/15/06 09:05,0.217
03/15/06 09:10,0.203
03/15/06 09:15,0.280
03/15/06 09:20,0.340
03/15/06 09:25,0.336
03/15/06 09:30,0.367
03/15/06 09:35,0.313
03/15/06 09:40,0.311
03/15/06 09:45,0.248
03/15/06 09:50,0.239
03/15/06 09:55,0.186
03/15/06 10:00,0.160
03/15/06 10:05,0.152
03/15/06 10:10,0.157
03/15/06 10:15,0.158
03/15/06 10:20,0.162
03/15/06 10:25,0.172
03/15/06 10:30,0.178
03/15/06 10:35,0.185
03/15/06 10:40,0.197
03/15/06 10:45,0.203
03/15/06 10:50,0.215
03/15/06 10:55,0.222
03/15/06 11:00,0.229
03/15/06 11:05,0.236
03/15/06 11:10,0.244
03/15/06 11:15,0.245
03/15/06 11:20,0.238
03/15/06 11:25,0.238
03/15/06 11:30,0.226
03/15/06 11:35,0.216
03/15/06 11:40,0.213
03/15/06 11:45,0.203
03/15/06 11:50,0.195
03/15/06 11:55,0.180
03/15/06 12:00,0.194
03/15/06 12:05,0.277
03/15/06 12:10,0.329
03/15/06 12:15,0.294
03/15/06 12:20,0.308
03/15/06 12:25,0.326
03/15/06 12:30,0.371
03/15/06 12:35,0.426
03/15/06 12:40,0.447
03/15/06 12:45,0.458
03/15/06 12:50,0.400
03/15/06 12:55,0.322
03/15/06 13:00,0.252
03/15/06 13:05,0.220
03/15/06 13:10,0.210
03/15/06 13:15,0.215
03/15/06 13:20,0.224
03/15/06 13:25,0.238
03/15/06 13:30,0.261
03/15/06 13:35,0.277
03/15/06 13:40,0.296
03/15/06 13:45,0.319
03/15/06 13:50,0.336
03/15/06 13:55,0.349
03/15/06 14:00,0.327
03/15/06 14:05,0.301
03/15/06 14:10,0.275
03/15/06 14:15,0.254
03/15/06 14:20,0.237
03/15/06 14:25,0.221
03/15/06 14:30,0.202
03/15/06 14:35,0.187
03/15/06 14:40,0.172
03/15/06 14:45,0.149
03/15/06 14:50,0.134
03/15/06 14:55,0.120
03/15/06 15:00,0.119
03/15/06 15:05,0.156
03/15/06 15:10,0.200
03/15/06 15:15,0.217
03/15/06 15:20,0.219
03/15/06 15:25,0.233
03/15/06 15:30,0.234
03/15/06 15:35,0.216
03/15/06 15:40,0.198
03/15/06 15:45,0.183
03/15/06 15:50,0.154
03/15/06 15:55,0.132
03/15/06 16:00,0.125
03/15/06 16:05,0.130
03/15/06 16:10,0.124
03/15/06 16:15,0.109
03/15/06 16:20,0.118
03/15/06 16:25,0.121
03/15/06 16:30,0.099
03/15/06 16:35,0.047
03/15/06 16:40,0.013
03/15/06 16:45,0.004
03/15/06 16:50,0.002
03/15/06 16:55,0.002
03/15/06 17:00,0.001
03/15/06 17:05,0.000
03/15/06 17:10,0.000
03/15/06 17:15,0.000
03/15/06 17:20,0.000
03/15/06 17:25,0.000
03/15/06 17:30,0.000
03/15/06 17:35,0.000
03/15/06 17:40,0.000
03/15/06 17:45,0.000
03/15/06 17:50,0.000
03/15/06 17:55,0.000
03/15/06 18:00,0.000
03/15/06 18:05,0.000
03/15/06 18:10,0.000
03/15/06 18:15,0.000
03/15/06 18:20,0.000
03/15/06 18:25,0.000
03/15/06 18:30,0.000
03/15/06 18:35,0.000
03/15/06 18:40,0.000
03/15/06 18:45,0.000
03/15/06 18:50,0.000
03/15/06 18:55,0.000
03/15/06 19:00,0.000
03/15/06 19:05,0.000
03/15/06 19:10,0.000
03/15/06 19:15,0.000
03/15/06 19:20,0.000
03/15/06 19:25,0.000
03/15/06 19:30,0.000
03/15/06 19:35,0.000
03/15/06 19:40,0.000
03/15/06 19:45,0.000
03/15/06 19:50,0.000
03/15/06 19:55,0.000
03/15/06 20:00,0.000
03/15/06 20:05,0.000
03/15/06 20:10,0.000
03/15/06 20:15,0.000
03/15/06 20:20,0.000
03/15/06 20:25,0.000
03/15/06 20:30,0.000
03/15/06 20:35,0.000
03/15/06 20:40,0.000
03/15/06 20:45,0.000
03/15/06 20:50,0.000
03/15/06 20:55,0.000
03/15/06 21:00,0.000
03/15/06 21:05,0.000
03/15/06 21:10,0.000
03/15/06 21:15,0.000
03/15/06 21:20,0.000
03/15/06 21:25,0.000
03/15/06 21:30,0.000
03/15/06 21:35,0.000
03/15/06 21:40,0.000
03/15/06 21:45,0.000
03/15/06 21:50,0.000
03/15/06 21:55,0.000
03/15/06 22:00,0.000
03/15/06 22:05,0.000
03/15/06 22:10,0.000
03/15/06 22:15,0.000
03/15/06 22:20,0.000
03/15/06 22:25,0.000
03/15/06 22:30,0.000
03/15/06 22:35,0.000
03/15/06 22:40,0.000
03/15/06 22:45,0.000
03/15/06 22:50,0.000
03/15/06 22:55,0.000
03/15/06 23:00,0.000
03/15/06 23:05,0.000
03/15/06 23:10,0.000
03/15/06 23:15,0.000
03/15/06 23:20,0.000
03/15/06 23:25,0.000
03/15/06 23:30,0.000
03/15/06 23:35,0.000
03/15/06 23:40,0.000
03/15/06 23:45,0.000
03/15/06 23:50,0.000
03/15/06 23:55,0.000
03/16/06 00:00,0.000
03/16/06 00:05,0.000
03/16/06 00:10,0.000
03/16/06 00:15,0.000
03/16/06 00:20,0.000
03/16/06 00:25,0.000
03/16/06 00:30,0.000
03/16/06 00:35,0.000
03/16/06 00:40,0.000
03/16/06 00:45,0.000
03/16/06 00:50,0.000
03/16/06 00:55,0.000
03/16/06 01:00,0.000
03/16/06 01:05,0.000
03/16/06 01:10,0.000
03/16/06 01:15,0.000
03/16/06 01:20,0.000
03/16/06 01:25,0.000
03/16/06 01:30,0.000
03/16/06 01:35,0.000
03/16/06 01:40,0.000
03/16/06 01:45,0.000
03/16/06 01:50,0.000
03/16/06 01:55,0.000
03/16/06 02:00,0.000
03/16/06 02:05,0.000
03/16/06 02:10,0.000
03/16/06 02:15,0.000
03/16/06 02:20,0.000
03/16/06 02:25,0.000
03/16/06 02:30,0.000
03/16/06 02:35,0.000
03/16/06 02:40,0.000
03/16/06 02:45,0.000
03/16/06 02:50,0.000
03/16/06 02:55,0.000
03/16/06 03:00,0.000
03/16/06 03:05,0.000
03/16/06 03:10,0.000
03/16/06 03:15,0.000
03/16/06 03:20,0.000
03/16/06 03:25,0.000
03/16/06 03:30,0.000
03/16/06 03:35,0.000
03/16/06 03:40,0.000
03/16/06 03:45,0.000
03/16/06 03:50,0.000
03/16/06 03:55,0.000
03/16/06 04:00,0.000
03/16/06 04:05,0.000
03/16/06 04:10,0.000
03/16/06 04:15,0.000
03/16/06 04:20,0.000
03/16/06 04:25,0.000
03/16/06 04:30,0.000
03/16/06 04:35,0.000
03/16/06 04:40,0.000
03/16/06 04:45,0.000
03/16/06 04:50,0.000
03/16/06 04:55,0.000
03/16/06 05:00,0.000
03/16/06 05:05,0.000
03/16/06 05:10,0.000
03/16/06 05:15,0.000
03/16/06 05:20,0.000
03/16/06 05:25,0.000
03/16/06 05:30,0.000
03/16/06 05:35,0.000
03/16/06 05:40,0.000
03/16/06 05:45,0.000
03/16/06 05:50,0.000
03/16/06 05:55,0.000
03/16/06 06:00,0.000
03/16/06 06:05,0.000
03/16/06 06:10,0.000
03/16/06 06:15,0.000
03/16/06 06:20,0.000
03/16/06 06:25,0.000
03/16/06 06:30,0.000
03/16/06 06:35,0.000
03/16/06 06:40,0.000
03/16/06 06:45,0.001
03/16/06 06:50,0.005
03/16/06 06:55,0.016
03/16/06 07:00,0.040
03/16/06 07:05,0.081
03/16/06 07:10,0.096
03/16/06 07:15,0.111
03/16/06 07:20,0.127
03/16/06 07:25,0.142
03/16/06 07:30,0.158
03/16/06 07:35,0.174
03/16/06 07:40,0.190
03/16/06 07:45,0.207
03/16/06 07:50,0.224
03/16/06 07:55,0.242
03/16/06 08:00,0.258
03/16/06 08:05,0.274
03/16/06 08:10,0.290
03/16/06 08:15,0.306
03/16/06 08:20,0.324
03/16/06 08:25,0.341
03/16/06 08:30,0.358
03/16/06 08:35,0.374
03/16/06 08:40,0.388
03/16/06 08:45,0.401
03/16/06 08:50,0.415
03/16/06 08:55,0.428
03/16/06 09:00,0.438
03/16/06 09:05,0.448
03/16/06 09:10,0.461
03/16/06 09:15,0.470
03/16/06 09:20,0.478
03/16/06 09:25,0.487
03/16/06 09:30,0.497
03/16/06 09:35,0.507
03/16/06 09:40,0.515
03/16/06 09:45,0.522
03/16/06 09:50,0.527
03/16/06 09:55,0.532
03/16/06 10:00,0.536
03/16/06 10:05,0.540
03/16/06 10:10,0.545
03/16/06 10:15,0.549
03/16/06 10:20,0.554
03/16/06 10:25,0.558
03/16/06 10:30,0.562
03/16/06 10:35,0.565
03/16/06 10:40,0.568
03/16/06 10:45,0.571
03/16/06 10:50,0.574
03/16/06 10:55,0.575
03/16/06 11:00,0.572
03/16/06 11:05,0.568
03/16/06 11:10,0.566
03/16/06 11:15,0.568
03/16/06 11:20,0.566
03/16/06 11:25,0.566
03/16/06 11:30,0.567
03/16/06 11:35,0.568
03/16/06 11:40,0.567
03/16/06 11:45,0.565
03/16/06 11:50,0.561
03/16/06 11:55,0.553
03/16/06 12:00,0.542
03/16/06 12:05,0.531
03/16/06 12:10,0.519
03/16/06 12:15,0.504
03/16/06 12:20,0.489
03/16/06 12:25,0.474
03/16/06 12:30,0.458
03/16/06 12:35,0.442
03/16/06 12:40,0.429
03/16/06 12:45,0.413
03/16/06 12:50,0.397
03/16/06 12:55,0.383
03/16/06 13:00,0.363
03/16/06 13:05,0.341
03/16/06 13:10,0.313
03/16/06 13:15,0.290
03/16/06 13:20,0.267
03/16/06 13:25,0.245
03/16/06 13:30,0.218
03/16/06 13:35,0.201
03/16/06 13:40,0.180
03/16/06 13:45,0.156
03/16/06 13:50,0.140
03/16/06 13:55,0.118
03/16/06 14:00,0.097
03/16/06 14:05,0.080
03/16/06 14:10,0.065
03/16/06 14:15,0.057
03/16/06 14:20,0.057
03/16/06 14:25,0.054
03/16/06 14:30,0.049
03/16/06 14:35,0.055
03/16/06 14:40,0.058
03/16/06 14:45,0.062
03/16/06 14:50,0.074
03/16/06 14:55,0.073
03/16/06 15:00,0.064
03/16/06 15:05,0.052
03/16/06 15:10,0.036
03/16/06 15:15,0.028
03/16/06 15:20,0.020
03/16/06 15:25,0.014
03/16/06 15:30,0.011
03/16/06 15:35,0.010
03/16/06 15:40,0.010
03/16/06 15:45,0.009
03/16/06 15:50,0.007
03/16/06 15:55,0.005
03/16/06 16:00,0.005
03/16/06 16:05,0.006
03/16/06 16:10,0.004
03/16/06 16:15,0.002
03/16/06 16:20,0.001
03/16/06 16:25,0.001
03/16/06 16:30,0.001
03/16/06 16:35,0.001
03/16/06 16:40,0.001
03/16/06 16:45,0.001
03/16/06 16:50,0.000
03/16/06 16:55,0.000
03/16/06 17:00,0.000
03/16/06 17:05,0.000
03/16/06 17:10,0.000
03/16/06 17:15,0.000
03/16/06 17:20,0.000
03/16/06 17:25,0.000
03/16/06 17:30,0.000
03/16/06 17:35,0.000
03/16/06 17:40,0.000
03/16/06 17:45,0.000
03/16/06 17:50,0.000
03/16/06 17:55,0.000
03/16/06 18:00,0.000
03/16/06 18:05,0.000
03/16/06 18:10,0.000
03/16/06 18:15,0.000
03/16/06 18:20,0.000
03/16/06 18:25,0.000
03/16/06 18:30,0.000
03/16/06 18:35,0.000
03/16/06 18:40,0.000
03/16/06 18:45,0.000
03/16/06 18:50,0.000
03/16/06 18:55,0.000
03/16/06 19:00,0.000
03/16/06 19:05,0.000
03/16/06 19:10,0.000
03/16/06 19:15,0.000
03/16/06 19:20,0.000
03/16/06 19:25,0.000
03/16/06 19:30,0.000
03/16/06 19:35,0.000
03/16/06 19:40,0.000
03/16/06 19:45,0.000
03/16/06 19:50,0.000
03/16/06 19:55,0.000
03/16/06 20:00,0.000
03/16/06 20:05,0.000
03/16/06 20:10,0.000
03/16/06 20:15,0.000
03/16/06 20:20,0.000
03/16/06 20:25,0.000
03/16/06 20:30,0.000
03/16/06 20:35,0.000
03/16/06 20:40,0.000
03/16/06 20:45,0.000
03/16/06 20:50,0.000
03/16/06 20:55,0.000
03/16/06 21:00,0.000
03/16/06 21:05,0.000
03/16/06 21:10,0.000
03/16/06 21:15,0.000
03/16/06 21:20,0.000
03/16/06 21:25,0.000
03/16/06 21:30,0.000
03/16/06 21:35,0.000
03/16/06 21:40,0.000
03/16/06 21:45,0.000
03/16/06 21:50,0.000
03/16/06 21:55,0.000
03/16/06 22:00,0.000
03/16/06 22:05,0.000
03/16/06 22:10,0.000
03/16/06 22:15,0.000
03/16/06 22:20,0.000
03/16/06 22:25,0.000
03/16/06 22:30,0.000
03/16/06 22:35,0.000
03/16/06 22:40,0.000
03/16/06 22:45,0.000
03/16/06 22:50,0.000
03/16/06 22:55,0.000
03/16/06 23:00,0.000
03/16/06 23:05,0.000
03/16/06 23:10,0.000
03/16/06 23:15,0.000
03/16/06 23:20,0.000
03/16/06 23:25,0.000
03/16/06 23:30,0.000
03/16/06 23:35,0.000
03/16/06 23:40,0.000
03/16/06 23:45,0.000
03/16/06 23:50,0.000
03/16/06 23:55,0.000
03/17/06 00:00,0.000
03/17/06 00:05,0.000
03/17/06 00:10,0.000
03/17/06 00:15,0.000
03/17/06 00:20,0.000
03/17/06 00:25,0.000
03/17/06 00:30,0.000
03/17/06 00:35,0.000
03/17/06 00:40,0.000
03/17/06 00:45,0.000
03/17/06 00:50,0.000
03/17/06 00:55,0.000
03/17/06 01:00,0.000
03/17/06 01:05,0.000
03/17/06 01:10,0.000
03/17/06 01:15,0.000
03/17/06 01:20,0.000
03/17/06 01:25,0.000
03/17/06 01:30,0.000
03/17/06 01:35,0.000
03/17/06 01:40,0.000
03/17/06 01:45,0.000
03/17/06 01:50,0.000
03/17/06 01:55,0.000
03/17/06 02:00,0.000
03/17/06 02:05,0.000
03/17/06 02:10,0.000
03/17/06 02:15,0.000
03/17/06 02:20,0.000
03/17/06 02:25,0.000
03/17/06 02:30,0.000
03/17/06 02:35,0.000
03/17/06 02:40,0.000
03/17/06 02:45,0.000
03/17/06 02:50,0.000
03/17/06 02:55,0.000
03/17/06 03:00,0.000
03/17/06 03:05,0.000
03/17/06 03:10,0.000
03/17/06 03:15,0.000
03/17/06 03:20,0.000
03/17/06 03:25,0.000
03/17/06 03:30,0.000
03/17/06 03:35,0.000
03/17/06 03:40,0.000
03/17/06 03:45,0.000
03/17/06 03:50,0.000
03/17/06 03:55,0.000
03/17/06 04:00,0.000
03/17/06 04:05,0.000
03/17/06 04:10,0.000
03/17/06 04:15,0.000
03/17/06 04:20,0.000
03/17/06 04:25,0.000
03/17/06 04:30,0.000
03/17/06 04:35,0.000
03/17/06 04:40,0.000
03/17/06 04:45,0.000
03/17/06 04:50,0.000
03/17/06 04:55,0.000
03/17/06 05:00,0.000
03/17/06 05:05,0.000
03/17/06 05:10,0.000
03/17/06 05:15,0.000
03/17/06 05:20,0.000
03/17/06 05:25,0.000
03/17/06 05:30,0.000
03/17/06 05:35,0.000
03/17/06 05:40,0.000
03/17/06 05:45,0.000
03/17/06 05:50,0.000
03/17/06 05:55,0.000
03/17/06 06:00,0.000
03/17/06 06:05,0.000
03/17/06 06:10,0.000
03/17/06 06:15,0.000
03/17/06 06:20,0.000
03/17/06 06:25,0.000
03/17/06 06:30,0.000
03/17/06 06:35,0.000
03/17/06 06:40,0.000
03/17/06 06:45,0.000
03/17/06 06:50,0.000
03/17/06 06:55,0.000
03/17/06 07:00,0.000
03/17/06 07:05,0.001
03/17/06 07:10,0.001
03/17/06 07:15,0.002
03/17/06 07:20,0.003
03/17/06 07:25,0.004
03/17/06 07:30,0.006
03/17/06 07:35,0.011
03/17/06 07:40,0.015
03/17/06 07:45,0.020
03/17/06 07:50,0.027
03/17/06 07:55,0.038
03/17/06 08:00,0.043
03/17/06 08:05,0.043
03/17/06 08:10,0.044
03/17/06 08:15,0.039
03/17/06 08:20,0.039
03/17/06 08:25,0.040
03/17/06 08:30,0.044
03/17/06 08:35,0.047
03/17/06 08:40,0.049
03/17/06 08:45,0.056
03/17/06 08:50,0.065
03/17/06 08:55,0.067
03/17/06 09:00,0.060
03/17/06 09:05,0.039
03/17/06 09:10,0.035
03/17/06 09:15,0.053
03/17/06 09:20,0.071
03/17/06 09:25,0.055
03/17/06 09:30,0.037
03/17/06 09:35,0.031
03/17/06 09:40,0.037
03/17/06 09:45,0.063
03/17/06 09:50,0.089
03/17/06 09:55,0.096
03/17/06 10:00,0.082
03/17/06 10:05,0.076
03/17/06 10:10,0.078
03/17/06 10:15,0.080
03/17/06 10:20,0.081
03/17/06 10:25,0.082
03/17/06 10:30,0.083
03/17/06 10:35,0.083
03/17/06 10:40,0.083
03/17/06 10:45,0.083
03/17/06 10:50,0.082
03/17/06 10:55,0.081
03/17/06 11:00,0.099
03/17/06 11:05,0.143
03/17/06 11:10,0.176
03/17/06 11:15,0.222
03/17/06 11:20,0.236
03/17/06 11:25,0.302
03/17/06 11:30,0.416
03/17/06 11:35,0.498
03/17/06 11:40,0.547
03/17/06 11:45,0.487
03/17/06 11:50,0.377
03/17/06 11:55,0.356
03/17/06 12:00,0.324
03/17/06 12:05,0.275
03/17/06 12:10,0.223
03/17/06 12:15,0.214
03/17/06 12:20,0.209
03/17/06 12:25,0.209
03/17/06 12:30,0.192
03/17/06 12:35,0.183
03/17/06 12:40,0.177
03/17/06 12:45,0.167
03/17/06 12:50,0.166
03/17/06 12:55,0.168
03/17/06 13:00,0.169
03/17/06 13:05,0.171
03/17/06 13:10,0.174
03/17/06 13:15,0.181
03/17/06 13:20,0.201
03/17/06 13:25,0.212
03/17/06 13:30,0.230
03/17/06 13:35,0.245
03/17/06 13:40,0.262
03/17/06 13:45,0.286
03/17/06 13:50,0.302
03/17/06 13:55,0.315
03/17/06 14:00,0.312
03/17/06 14:05,0.353
03/17/06 14:10,0.348
03/17/06 14:15,0.310
03/17/06 14:20,0.319
03/17/06 14:25,0.372
03/17/06 14:30,0.380
03/17/06 14:35,0.384
03/17/06 14:40,0.407
03/17/06 14:45,0.388
03/17/06 14:50,0.303
03/17/06 14:55,0.241
03/17/06 15:00,0.191
03/17/06 15:05,0.171
03/17/06 15:10,0.162
03/17/06 15:15,0.162
03/17/06 15:20,0.166
03/17/06 15:25,0.173
03/17/06 15:30,0.181
03/17/06 15:35,0.182
03/17/06 15:40,0.185
03/17/06 15:45,0.185
03/17/06 15:50,0.184
03/17/06 15:55,0.174
03/17/06 16:00,0.163
03/17/06 16:05,0.151
03/17/06 16:10,0.143
03/17/06 16:15,0.133
03/17/06 16:20,0.123
03/17/06 16:25,0.113
03/17/06 16:30,0.104
03/17/06 16:35,0.094
03/17/06 16:40,0.086
03/17/06 16:45,0.072
03/17/06 16:50,0.044
03/17/06 16:55,0.024
03/17/06 17:00,0.008
03/17/06 17:05,0.002
03/17/06 17:10,0.001
03/17/06 17:15,0.000
03/17/06 17:20,0.000
03/17/06 17:25,0.000
03/17/06 17:30,0.000
03/17/06 17:35,0.000
03/17/06 17:40,0.000
03/17/06 17:45,0.000
03/17/06 17:50,0.000
03/17/06 17:55,0.000
03/17/06 18:00,0.000
03/17/06 18:05,0.000
03/17/06 18:10,0.000
03/17/06 18:15,0.000
03/17/06 18:20,0.000
03/17/06 18:25,0.000
03/17/06 18:30,0.000
03/17/06 18:35,0.000
03/17/06 18:40,0.000
03/17/06 18:45,0.000
03/17/06 18:50,0.000
03/17/06 18:55,0.000
03/17/06 19:00,0.000
03/17/06 19:05,0.000
03/17/06 19:10,0.000
03/17/06 19:15,0.000
03/17/06 19:20,0.000
03/17/06 19:25,0.000
03/17/06 19:30,0.000
03/17/06 19:35,0.000
03/17/06 19:40,0.000
03/17/06 19:45,0.000
03/17/06 19:50,0.000
03/17/06 19:55,0.000
03/17/06 20:00,0.000
03/17/06 20:05,0.000
03/17/06 20:10,0.000
03/17/06 20:15,0.000
03/17/06 20:20,0.000
03/17/06 20:25,0.000
03/17/06 20:30,0.000
03/17/06 20:35,0.000
03/17/06 20:40,0.000
03/17/06 20:45,0.000
03/17/06 20:50,0.000
03/17/06 20:55,0.000
03/17/06 21:00,0.000
03/17/06 21:05,0.000
03/17/06 21:10,0.000
03/17/06 21:15,0.000
03/17/06 21:20,0.000
03/17/06 21:25,0.000
03/17/06 21:30,0.000
03/17/06 21:35,0.000
03/17/06 21:40,0.000
03/17/06 21:45,0.000
03/17/06 21:50,0.000
03/17/06 21:55,0.000
03/17/06 22:00,0.000
03/17/06 22:05,0.000
03/17/06 22:10,0.000
03/17/06 22:15,0.000
03/17/06 22:20,0.000
03/17/06 22:25,0.000
03/17/06 22:30,0.000
03/17/06 22:35,0.000
03/17/06 22:40,0.000
03/17/06 22:45,0.000
03/17/06 22:50,0.000
03/17/06 22:55,0.000
03/17/06 23:00,0.000
03/17/06 23:05,0.000
03/17/06 23:10,0.000
03/17/06 23:15,0.000
03/17/06 23:20,0.000
03/17/06 23:25,0.000
03/17/06 23:30,0.000
03/17/06 23:35,0.000
03/17/06 23:40,0.000
03/17/06 23:45,0.000
03/17/06 23:50,0.000
03/17/06 23:55,0.000
03/18/06 00:00,0.000
03/18/06 00:05,0.000
03/18/06 00:10,0.000
03/18/06 00:15,0.000
03/18/06 00:20,0.000
03/18/06 00:25,0.000
03/18/06 00:30,0.000
03/18/06 00:35,0.000
03/18/06 00:40,0.000
03/18/06 00:45,0.000
03/18/06 00:50,0.000
03/18/06 00:55,0.000
03/18/06 01:00,0.000
03/18/06 01:05,0.000
03/18/06 01:10,0.000
03/18/06 01:15,0.000
03/18/06 01:20,0.000
03/18/06 01:25,0.000
03/18/06 01:30,0.000
03/18/06 01:35,0.000
03/18/06 01:40,0.000
03/18/06 01:45,0.000
03/18/06 01:50,0.000
03/18/06 01:55,0.000
03/18/06 02:00,0.000
03/18/06 02:05,0.000
03/18/06 02:10,0.000
03/18/06 02:15,0.000
03/18/06 02:20,0.000
03/18/06 02:25,0.000
03/18/06 02:30,0.000
03/18/06 02:35,0.000
03/18/06 02:40,0.000
03/18/06 02:45,0.000
03/18/06 02:50,0.000
03/18/06 02:55,0.000
03/18/06 03:00,0.000
03/18/06 03:05,0.000
03/18/06 03:10,0.000
03/18/06 03:15,0.000
03/18/06 03:20,0.000
03/18/06 03:25,0.000
03/18/06 03:30,0.000
03/18/06 03:35,0.000
03/18/06 03:40,0.000
03/18/06 03:45,0.000
03/18/06 03:50,0.000
03/18/06 03:55,0.000
03/18/06 04:00,0.000
03/18/06 04:05,0.000
03/18/06 04:10,0.000
03/18/06 04:15,0.000
03/18/06 04:20,0.000
03/18/06 04:25,0.000
03/18/06 04:30,0.000
03/18/06 04:35,0.000
03/18/06 04:40,0.000
03/18/06 04:45,0.000
03/18/06 04:50,0.000
03/18/06 04:55,0.000
03/18/06 05:00,0.000
03/18/06 05:05,0.000
03/18/06 05:10,0.000
03/18/06 05:15,0.000
03/18/06 05:20,0.000
03/18/06 05:25,0.000
03/18/06 05:30,0.000
03/18/06 05:35,0.000
03/18/06 05:40,0.000
03/18/06 05:45,0.000
03/18/06 05:50,0.000
03/18/06 05:55,0.000
03/18/06 06:00,0.000
03/18/06 06:05,0.000
03/18/06 06:10,0.000
03/18/06 06:15,0.000
03/18/06 06:20,0.000
03/18/06 06:25,0.000
03/18/06 06:30,0.000
03/18/06 06:35,0.000
03/18/06 06:40,0.000
03/18/06 06:45,0.000
03/18/06 06:50,0.000
03/18/06 06:55,0.000
03/18/06 07:00,0.000
03/18/06 07:05,0.001
03/18/06 07:10,0.002
03/18/06 07:15,0.005
03/18/06 07:20,0.011
03/18/06 07:25,0.024
03/18/06 07:30,0.042
03/18/06 07:35,0.068
03/18/06 07:40,0.085
03/18/06 07:45,0.090
03/18/06 07:50,0.095
03/18/06 07:55,0.100
03/18/06 08:00,0.098
03/18/06 08:05,0.095
03/18/06 08:10,0.093
03/18/06 08:15,0.087
03/18/06 08:20,0.083
03/18/06 08:25,0.074
03/18/06 08:30,0.044
03/18/06 08:35,0.040
03/18/06 08:40,0.045
03/18/06 08:45,0.067
03/18/06 08:50,0.086
03/18/06 08:55,0.103
03/18/06 09:00,0.108
03/18/06 09:05,0.118
03/18/06 09:10,0.140
03/18/06 09:15,0.168
03/18/06 09:20,0.207
03/18/06 09:25,0.225
03/18/06 09:30,0.237
03/18/06 09:35,0.248
03/18/06 09:40,0.268
03/18/06 09:45,0.292
03/18/06 09:50,0.301
03/18/06 09:55,0.296
03/18/06 10:00,0.239
03/18/06 10:05,0.181
03/18/06 10:10,0.141
03/18/06 10:15,0.123
03/18/06 10:20,0.107
03/18/06 10:25,0.093
03/18/06 10:30,0.072
03/18/06 10:35,0.061
03/18/06 10:40,0.064
03/18/06 10:45,0.059
03/18/06 10:50,0.058
03/18/06 10:55,0.050
03/18/06 11:00,0.081
03/18/06 11:05,0.087
03/18/06 11:10,0.092
03/18/06 11:15,0.096
03/18/06 11:20,0.105
03/18/06 11:25,0.106
03/18/06 11:30,0.106
03/18/06 11:35,0.106
03/18/06 11:40,0.107
03/18/06 11:45,0.109
03/18/06 11:50,0.110
03/18/06 11:55,0.108
03/18/06 12:00,0.094
03/18/06 12:05,0.086
03/18/06 12:10,0.071
03/18/06 12:15,0.065
03/18/06 12:20,0.055
03/18/06 12:25,0.046
03/18/06 12:30,0.037
03/18/06 12:35,0.029
03/18/06 12:40,0.022
03/18/06 12:45,0.016
03/18/06 12:50,0.012
03/18/06 12:55,0.016
03/18/06 13:00,0.024
03/18/06 13:05,0.031
03/18/06 13:10,0.035
03/18/06 13:15,0.035
03/18/06 13:20,0.030
03/18/06 13:25,0.031
03/18/06 13:30,0.034
03/18/06 13:35,0.034
03/18/06 13:40,0.037
03/18/06 13:45,0.038
03/18/06 13:50,0.045
03/18/06 13:55,0.055
03/18/06 14:00,0.064
03/18/06 14:05,0.069
03/18/06 14:10,0.072
03/18/06 14:15,0.074
03/18/06 14:20,0.075
03/18/06 14:25,0.079
03/18/06 14:30,0.083
03/18/06 14:35,0.087
03/18/06 14:40,0.089
03/18/06 14:45,0.087
03/18/06 14:50,0.085
03/18/06 14:55,0.083
03/18/06 15:00,0.082
03/18/06 15:05,0.090
03/18/06 15:10,0.102
03/18/06 15:15,0.138
03/18/06 15:20,0.181
03/18/06 15:25,0.146
03/18/06 15:30,0.131
03/18/06 15:35,0.148
03/18/06 15:40,0.141
03/18/06 15:45,0.122
03/18/06 15:50,0.112
03/18/06 15:55,0.116
03/18/06 16:00,0.148
03/18/06 16:05,0.165
03/18/06 16:10,0.172
03/18/06 16:15,0.170
03/18/06 16:20,0.165
03/18/06 16:25,0.158
03/18/06 16:30,0.146
03/18/06 16:35,0.131
03/18/06 16:40,0.116
03/18/06 16:45,0.102
03/18/06 16:50,0.088
03/18/06 16:55,0.066
03/18/06 17:00,0.034
03/18/06 17:05,0.015
03/18/06 17:10,0.005
03/18/06 17:15,0.002
03/18/06 17:20,0.000
03/18/06 17:25,0.000
03/18/06 17:30,0.000
03/18/06 17:35,0.000
03/18/06 17:40,0.000
03/18/06 17:45,0.000
03/18/06 17:50,0.000
03/18/06 17:55,0.000
03/18/06 18:00,0.000
03/18/06 18:05,0.000
03/18/06 18:10,0.000
03/18/06 18:15,0.000
03/18/06 18:20,0.000
03/18/06 18:25,0.000
03/18/06 18:30,0.000
03/18/06 18:35,0.000
03/18/06 18:40,0.000
03/18/06 18:45,0.000
03/18/06 18:50,0.000
03/18/06 18:55,0.000
03/18/06 19:00,0.000
03/18/06 19:05,0.000
03/18/06 19:10,0.000
03/18/06 19:15,0.000
03/18/06 19:20,0.000
03/18/06 19:25,0.000
03/18/06 19:30,0.000
03/18/06 19:35,0.000
03/18/06 19:40,0.000
03/18/06 19:45,0.000
03/18/06 19:50,0.000
03/18/06 19:55,0.000
03/18/06 20:00,0.000
03/18/06 20:05,0.000
03/18/06 20:10,0.000
03/18/06 20:15,0.000
03/18/06 20:20,0.000
03/18/06 20:25,0.000
03/18/06 20:30,0.000
03/18/06 20:35,0.000
03/18/06 20:40,0.000
03/18/06 20:45,0.000
03/18/06 20:50,0.000
03/18/06 20:55,0.000
03/18/06 21:00,0.000
03/18/06 21:05,0.000
03/18/06 21:10,0.000
03/18/06 21:15,0.000
03/18/06 21:20,0.000
03/18/06 21:25,0.000
03/18/06 21:30,0.000
03/18/06 21:35,0.000
03/18/06 21:40,0.000
03/18/06 21:45,0.000
03/18/06 21:50,0.000
03/18/06 21:55,0.000
03/18/06 22:00,0.000
03/18/06 22:05,0.000
03/18/06 22:10,0.000
03/18/06 22:15,0.000
03/18/06 22:20,0.000
03/18/06 22:25,0.000
03/18/06 22:30,0.000
03/18/06 22:35,0.000
03/18/06 22:40,0.000
03/18/06 22:45,0.000
03/18/06 22:50,0.000
03/18/06 22:55,0.000
03/18/06 23:00,0.000
03/18/06 23:05,0.000
03/18/06 23:10,0.000
03/18/06 23:15,0.000
03/18/06 23:20,0.000
03/18/06 23:25,0.000
03/18/06 23:30,0.000
03/18/06 23:35,0.000
03/18/06 23:40,0.000
03/18/06 23:45,0.000
03/18/06 23:50,0.000
03/18/06 23:55,0.000
03/19/06 00:00,0.000
03/19/06 00:05,0.000
03/19/06 00:10,0.000
03/19/06 00:15,0.000
03/19/06 00:20,0.000
03/19/06 00:25,0.000
03/19/06 00:30,0.000
03/19/06 00:35,0.000
03/19/06 00:40,0.000
03/19/06 00:45,0.000
03/19/06 00:50,0.000
03/19/06 00:55,0.000
03/19/06 01:00,0.000
03/19/06 01:05,0.000
03/19/06 01:10,0.000
03/19/06 01:15,0.000
03/19/06 01:20,0.000
03/19/06 01:25,0.000
03/19/06 01:30,0.000
03/19/06 01:35,0.000
03/19/06 01:40,0.000
03/19/06 01:45,0.000
03/19/06 01:50,0.000
03/19/06 01:55,0.000
03/19/06 02:00,0.000
03/19/06 02:05,0.000
03/19/06 02:10,0.000
03/19/06 02:15,0.000
03/19/06 02:20,0.000
03/19/06 02:25,0.000
03/19/06 02:30,0.000
03/19/06 02:35,0.000
03/19/06 02:40,0.000
03/19/06 02:45,0.000
03/19/06 02:50,0.000
03/19/06 02:55,0.000
03/19/06 03:00,0.000
03/19/06 03:05,0.000
03/19/06 03:10,0.000
03/19/06 03:15,0.000
03/19/06 03:20,0.000
03/19/06 03:25,0.000
03/19/06 03:30,0.000
03/19/06 03:35,0.000
03/19/06 03:40,0.000
03/19/06 03:45,0.000
03/19/06 03:50,0.000
03/19/06 03:55,0.000
03/19/06 04:00,0.000
03/19/06 04:05,0.000
03/19/06 04:10,0.000
03/19/06 04:15,0.000
03/19/06 04:20,0.000
03/19/06 04:25,0.000
03/19/06 04:30,0.000
03/19/06 04:35,0.000
03/19/06 04:40,0.000
03/19/06 04:45,0.000
03/19/06 04:50,0.000
03/19/06 04:55,0.000
03/19/06 05:00,0.000
03/19/06 05:05,0.000
03/19/06 05:10,0.000
03/19/06 05:15,0.000
03/19/06 05:20,0.000
03/19/06 05:25,0.000
03/19/06 05:30,0.000
03/19/06 05:35,0.000
03/19/06 05:40,0.000
03/19/06 05:45,0.000
03/19/06 05:50,0.000
03/19/06 05:55,0.000
03/19/06 06:00,0.000
03/19/06 06:05,0.000
03/19/06 06:10,0.000
03/19/06 06:15,0.000
03/19/06 06:20,0.000
03/19/06 06:25,0.000
03/19/06 06:30,0.000
03/19/06 06:35,0.000
03/19/06 06:40,0.001
03/19/06 06:45,0.003
03/19/06 06:50,0.010
03/19/06 06:55,0.025
03/19/06 07:00,0.065
03/19/06 07:05,0.090
03/19/06 07:10,0.106
03/19/06 07:15,0.122
03/19/06 07:20,0.137
03/19/06 07:25,0.152
03/19/06 07:30,0.167
03/19/06 07:35,0.182
03/19/06 07:40,0.198
03/19/06 07:45,0.214
03/19/06 07:50,0.231
03/19/06 07:55,0.248
03/19/06 08:00,0.264
03/19/06 08:05,0.279
03/19/06 08:10,0.293
03/19/06 08:15,0.305
03/19/06 08:20,0.316
03/19/06 08:25,0.326
03/19/06 08:30,0.337
03/19/06 08:35,0.348
03/19/06 08:40,0.360
03/19/06 08:45,0.372
03/19/06 08:50,0.384
03/19/06 08:55,0.396
03/19/06 09:00,0.409
03/19/06 09:05,0.423
03/19/06 09:10,0.436
03/19/06 09:15,0.447
03/19/06 09:20,0.456
03/19/06 09:25,0.464
03/19/06 09:30,0.472
03/19/06 09:35,0.478
03/19/06 09:40,0.485
03/19/06 09:45,0.494
03/19/06 09:50,0.501
03/19/06 09:55,0.508
03/19/06 10:00,0.521
03/19/06 10:05,0.535
03/19/06 10:10,0.551
03/19/06 10:15,0.560
03/19/06 10:20,0.566
03/19/06 10:25,0.572
03/19/06 10:30,0.576
03/19/06 10:35,0.579
03/19/06 10:40,0.580
03/19/06 10:45,0.581
03/19/06 10:50,0.582
03/19/06 10:55,0.584
03/19/06 11:00,0.561
03/19/06 11:05,0.484
03/19/06 11:10,0.479
03/19/06 11:15,0.450
03/19/06 11:20,0.416
03/19/06 11:25,0.397
03/19/06 11:30,0.403
03/19/06 11:35,0.398
03/19/06 11:40,0.428
03/19/06 11:45,0.464
03/19/06 11:50,0.477
03/19/06 11:55,0.502
03/19/06 12:00,0.519
03/19/06 12:05,0.525
03/19/06 12:10,0.520
03/19/06 12:15,0.498
03/19/06 12:20,0.470
03/19/06 12:25,0.443
03/19/06 12:30,0.421
03/19/06 12:35,0.395
03/19/06 12:40,0.353
03/19/06 12:45,0.327
03/19/06 12:50,0.302
03/19/06 12:55,0.272
03/19/06 13:00,0.297
03/19/06 13:05,0.305
03/19/06 13:10,0.304
03/19/06 13:15,0.294
03/19/06 13:20,0.270
03/19/06 13:25,0.242
03/19/06 13:30,0.227
03/19/06 13:35,0.221
03/19/06 13:40,0.223
03/19/06 13:45,0.208
03/19/06 13:50,0.180
03/19/06 13:55,0.179
03/19/06 14:00,0.264
03/19/06 14:05,0.342
03/19/06 14:10,0.375
03/19/06 14:15,0.387
03/19/06 14:20,0.395
03/19/06 14:25,0.401
03/19/06 14:30,0.407
03/19/06 14:35,0.402
03/19/06 14:40,0.389
03/19/06 14:45,0.382
03/19/06 14:50,0.376
03/19/06 14:55,0.362
03/19/06 15:00,0.323
03/19/06 15:05,0.317
03/19/06 15:10,0.274
03/19/06 15:15,0.247
03/19/06 15:20,0.234
03/19/06 15:25,0.214
03/19/06 15:30,0.212
03/19/06 15:35,0.223
03/19/06 15:40,0.209
03/19/06 15:45,0.220
03/19/06 15:50,0.230
03/19/06 15:55,0.213
03/19/06 16:00,0.207
03/19/06 16:05,0.200
03/19/06 16:10,0.189
03/19/06 16:15,0.177
03/19/06 16:20,0.164
03/19/06 16:25,0.150
03/19/06 16:30,0.136
03/19/06 16:35,0.123
03/19/06 16:40,0.109
03/19/06 16:45,0.096
03/19/06 16:50,0.084
03/19/06 16:55,0.058
03/19/06 17:00,0.032
03/19/06 17:05,0.017
03/19/06 17:10,0.008
03/19/06 17:15,0.003
03/19/06 17:20,0.001
03/19/06 17:25,0.000
03/19/06 17:30,0.000
03/19/06 17:35,0.000
03/19/06 17:40,0.000
03/19/06 17:45,0.000
03/19/06 17:50,0.000
03/19/06 17:55,0.000
03/19/06 18:00,0.000
03/19/06 18:05,0.000
03/19/06 18:10,0.000
03/19/06 18:15,0.000
03/19/06 18:20,0.000
03/19/06 18:25,0.000
03/19/06 18:30,0.000
03/19/06 18:35,0.000
03/19/06 18:40,0.000
03/19/06 18:45,0.000
03/19/06 18:50,0.000
03/19/06 18:55,0.000
03/19/06 19:00,0.000
03/19/06 19:05,0.000
03/19/06 19:10,0.000
03/19/06 19:15,0.000
03/19/06 19:20,0.000
03/19/06 19:25,0.000
03/19/06 19:30,0.000
03/19/06 19:35,0.000
03/19/06 19:40,0.000
03/19/06 19:45,0.000
03/19/06 19:50,0.000
03/19/06 19:55,0.000
03/19/06 20:00,0.000
03/19/06 20:05,0.000
03/19/06 20:10,0.000
03/19/06 20:15,0.000
03/19/06 20:20,0.000
03/19/06 20:25,0.000
03/19/06 20:30,0.000
03/19/06 20:35,0.000
03/19/06 20:40,0.000
03/19/06 20:45,0.000
03/19/06 20:50,0.000
03/19/06 20:55,0.000
03/19/06 21:00,0.000
03/19/06 21:05,0.000
03/19/06 21:10,0.000
03/19/06 21:15,0.000
03/19/06 21:20,0.000
03/19/06 21:25,0.000
03/19/06 21:30,0.000
03/19/06 21:35,0.000
03/19/06 21:40,0.000
03/19/06 21:45,0.000
03/19/06 21:50,0.000
03/19/06 21:55,0.000
03/19/06 22:00,0.000
03/19/06 22:05,0.000
03/19/06 22:10,0.000
03/19/06 22:15,0.000
03/19/06 22:20,0.000
03/19/06 22:25,0.000
03/19/06 22:30,0.000
03/19/06 22:35,0.000
03/19/06 22:40,0.000
03/19/06 22:45,0.000
03/19/06 22:50,0.000
03/19/06 22:55,0.000
03/19/06 23:00,0.000
03/19/06 23:05,0.000
03/19/06 23:10,0.000
03/19/06 23:15,0.000
03/19/06 23:20,0.000
03/19/06 23:25,0.000
03/19/06 23:30,0.000
03/19/06 23:35,0.000
03/19/06 23:40,0.000
03/19/06 23:45,0.000
03/19/06 23:50,0.000
03/19/06 23:55,0.000
03/20/06 00:00,0.000
03/20/06 00:05,0.000
03/20/06 00:10,0.000
03/20/06 00:15,0.000
03/20/06 00:20,0.000
03/20/06 00:25,0.000
03/20/06 00:30,0.000
03/20/06 00:35,0.000
03/20/06 00:40,0.000
03/20/06 00:45,0.000
03/20/06 00:50,0.000
03/20/06 00:55,0.000
03/20/06 01:00,0.000
03/20/06 01:05,0.000
03/20/06 01:10,0.000
03/20/06 01:15,0.000
03/20/06 01:20,0.000
03/20/06 01:25,0.000
03/20/06 01:30,0.000
03/20/06 01:35,0.000
03/20/06 01:40,0.000
03/20/06 01:45,0.000
03/20/06 01:50,0.000
03/20/06 01:55,0.000
03/20/06 02:00,0.000
03/20/06 02:05,0.000
03/20/06 02:10,0.000
03/20/06 02:15,0.000
03/20/06 02:20,0.000
03/20/06 02:25,0.000
03/20/06 02:30,0.000
03/20/06 02:35,0.000
03/20/06 02:40,0.000
03/20/06 02:45,0.000
03/20/06 02:50,0.000
03/20/06 02:55,0.000
03/20/06 03:00,0.000
03/20/06 03:05,0.000
03/20/06 03:10,0.000
03/20/06 03:15,0.000
03/20/06 03:20,0.000
03/20/06 03:25,0.000
03/20/06 03:30,0.000
03/20/06 03:35,0.000
03/20/06 03:40,0.000
03/20/06 03:45,0.000
03/20/06 03:50,0.000
03/20/06 03:55,0.000
03/20/06 04:00,0.000
03/20/06 04:05,0.000
03/20/06 04:10,0.000
03/20/06 04:15,0.000
03/20/06 04:20,0.000
03/20/06 04:25,0.000
03/20/06 04:30,0.000
03/20/06 04:35,0.000
03/20/06 04:40,0.000
03/20/06 04:45,0.000
03/20/06 04:50,0.000
03/20/06 04:55,0.000
03/20/06 05:00,0.000
03/20/06 05:05,0.000
03/20/06 05:10,0.000
03/20/06 05:15,0.000
03/20/06 05:20,0.000
03/20/06 05:25,0.000
03/20/06 05:30,0.000
03/20/06 05:35,0.000
03/20/06 05:40,0.000
03/20/06 05:45,0.000
03/20/06 05:50,0.000
03/20/06 05:55,0.000
03/20/06 06:00,0.000
03/20/06 06:05,0.000
03/20/06 06:10,0.000
03/20/06 06:15,0.000
03/20/06 06:20,0.000
03/20/06 06:25,0.000
03/20/06 06:30,0.000
03/20/06 06:35,0.000
03/20/06 06:40,0.002
03/20/06 06:45,0.006
03/20/06 06:50,0.016
03/20/06 06:55,0.039
03/20/06 07:00,0.081
03/20/06 07:05,0.096
03/20/06 07:10,0.111
03/20/06 07:15,0.126
03/20/06 07:20,0.142
03/20/06 07:25,0.157
03/20/06 07:30,0.173
03/20/06 07:35,0.188
03/20/06 07:40,0.203
03/20/06 07:45,0.218
03/20/06 07:50,0.234
03/20/06 07:55,0.250
03/20/06 08:00,0.268
03/20/06 08:05,0.284
03/20/06 08:10,0.301
03/20/06 08:15,0.316
03/20/06 08:20,0.332
03/20/06 08:25,0.346
03/20/06 08:30,0.361
03/20/06 08:35,0.376
03/20/06 08:40,0.391
03/20/06 08:45,0.405
03/20/06 08:50,0.419
03/20/06 08:55,0.434
03/20/06 09:00,0.447
03/20/06 09:05,0.457
03/20/06 09:10,0.466
03/20/06 09:15,0.475
03/20/06 09:20,0.483
03/20/06 09:25,0.490
03/20/06 09:30,0.497
03/20/06 09:35,0.504
03/20/06 09:40,0.506
03/20/06 09:45,0.505
03/20/06 09:50,0.507
03/20/06 09:55,0.508
03/20/06 10:00,0.512
03/20/06 10:05,0.516
03/20/06 10:10,0.519
03/20/06 10:15,0.521
03/20/06 10:20,0.524
03/20/06 10:25,0.527
03/20/06 10:30,0.532
03/20/06 10:35,0.537
03/20/06 10:40,0.542
03/20/06 10:45,0.546
03/20/06 10:50,0.549
03/20/06 10:55,0.551
03/20/06 11:00,0.551
03/20/06 11:05,0.551
03/20/06 11:10,0.551
03/20/06 11:15,0.551
03/20/06 11:20,0.552
03/20/06 11:25,0.552
03/20/06 11:30,0.552
03/20/06 11:35,0.554
03/20/06 11:40,0.556
03/20/06 11:45,0.557
03/20/06 11:50,0.557
03/20/06 11:55,0.557
03/20/06 12:00,0.556
03/20/06 12:05,0.556
03/20/06 12:10,0.557
03/20/06 12:15,0.559
03/20/06 12:20,0.556
03/20/06 12:25,0.555
03/20/06 12:30,0.552
03/20/06 12:35,0.546
03/20/06 12:40,0.543
03/20/06 12:45,0.539
03/20/06 12:50,0.534
03/20/06 12:55,0.531
03/20/06 13:00,0.531
03/20/06 13:05,0.528
03/20/06 13:10,0.525
03/20/06 13:15,0.524
03/20/06 13:20,0.523
03/20/06 13:25,0.526
03/20/06 13:30,0.534
03/20/06 13:35,0.537
03/20/06 13:40,0.533
03/20/06 13:45,0.526
03/20/06 13:50,0.517
03/20/06 13:55,0.504
03/20/06 14:00,0.488
03/20/06 14:05,0.466
03/20/06 14:10,0.439
03/20/06 14:15,0.410
03/20/06 14:20,0.379
03/20/06 14:25,0.347
03/20/06 14:30,0.316
03/20/06 14:35,0.284
03/20/06 14:40,0.249
03/20/06 14:45,0.219
03/20/06 14:50,0.188
03/20/06 14:55,0.153
03/20/06 15:00,0.128
03/20/06 15:05,0.120
03/20/06 15:10,0.115
03/20/06 15:15,0.115
03/20/06 15:20,0.113
03/20/06 15:25,0.119
03/20/06 15:30,0.114
03/20/06 15:35,0.100
03/20/06 15:40,0.089
03/20/06 15:45,0.082
03/20/06 15:50,0.077
03/20/06 15:55,0.072
03/20/06 16:00,0.042
03/20/06 16:05,0.028
03/20/06 16:10,0.020
03/20/06 16:15,0.015
03/20/06 16:20,0.011
03/20/06 16:25,0.007
03/20/06 16:30,0.004
03/20/06 16:35,0.003
03/20/06 16:40,0.002
03/20/06 16:45,0.001
03/20/06 16:50,0.001
03/20/06 16:55,0.001
03/20/06 17:00,0.000
03/20/06 17:05,0.000
03/20/06 17:10,0.000
03/20/06 17:15,0.000
03/20/06 17:20,0.000
03/20/06 17:25,0.000
03/20/06 17:30,0.000
03/20/06 17:35,0.000
03/20/06 17:40,0.000
03/20/06 17:45,0.000
03/20/06 17:50,0.000
03/20/06 17:55,0.000
03/20/06 18:00,0.000
03/20/06 18:05,0.000
03/20/06 18:10,0.000
03/20/06 18:15,0.000
03/20/06 18:20,0.000
03/20/06 18:25,0.000
03/20/06 18:30,0.000
03/20/06 18:35,0.000
03/20/06 18:40,0.000
03/20/06 18:45,0.000
03/20/06 18:50,0.000
03/20/06 18:55,0.000
03/20/06 19:00,0.000
03/20/06 19:05,0.000
03/20/06 19:10,0.000
03/20/06 19:15,0.000
03/20/06 19:20,0.000
03/20/06 19:25,0.000
03/20/06 19:30,0.000
03/20/06 19:35,0.000
03/20/06 19:40,0.000
03/20/06 19:45,0.000
03/20/06 19:50,0.000
03/20/06 19:55,0.000
03/20/06 20:00,0.000
03/20/06 20:05,0.000
03/20/06 20:10,0.000
03/20/06 20:15,0.000
03/20/06 20:20,0.000
03/20/06 20:25,0.000
03/20/06 20:30,0.000
03/20/06 20:35,0.000
03/20/06 20:40,0.000
03/20/06 20:45,0.000
03/20/06 20:50,0.000
03/20/06 20:55,0.000
03/20/06 21:00,0.000
03/20/06 21:05,0.000
03/20/06 21:10,0.000
03/20/06 21:15,0.000
03/20/06 21:20,0.000
03/20/06 21:25,0.000
03/20/06 21:30,0.000
03/20/06 21:35,0.000
03/20/06 21:40,0.000
03/20/06 21:45,0.000
03/20/06 21:50,0.000
03/20/06 21:55,0.000
03/20/06 22:00,0.000
03/20/06 22:05,0.000
03/20/06 22:10,0.000
03/20/06 22:15,0.000
03/20/06 22:20,0.000
03/20/06 22:25,0.000
03/20/06 22:30,0.000
03/20/06 22:35,0.000
03/20/06 22:40,0.000
03/20/06 22:45,0.000
03/20/06 22:50,0.000
03/20/06 22:55,0.000
03/20/06 23:00,0.000
03/20/06 23:05,0.000
03/20/06 23:10,0.000
03/20/06 23:15,0.000
03/20/06 23:20,0.000
03/20/06 23:25,0.000
03/20/06 23:30,0.000
03/20/06 23:35,0.000
03/20/06 23:40,0.000
03/20/06 23:45,0.000
03/20/06 23:50,0.000
03/20/06 23:55,0.000
03/21/06 00:00,0.000
03/21/06 00:05,0.000
03/21/06 00:10,0.000
03/21/06 00:15,0.000
03/21/06 00:20,0.000
03/21/06 00:25,0.000
03/21/06 00:30,0.000
03/21/06 00:35,0.000
03/21/06 00:40,0.000
03/21/06 00:45,0.000
03/21/06 00:50,0.000
03/21/06 00:55,0.000
03/21/06 01:00,0.000
03/21/06 01:05,0.000
03/21/06 01:10,0.000
03/21/06 01:15,0.000
03/21/06 01:20,0.000
03/21/06 01:25,0.000
03/21/06 01:30,0.000
03/21/06 01:35,0.000
03/21/06 01:40,0.000
03/21/06 01:45,0.000
03/21/06 01:50,0.000
03/21/06 01:55,0.000
03/21/06 02:00,0.000
03/21/06 02:05,0.000
03/21/06 02:10,0.000
03/21/06 02:15,0.000
03/21/06 02:20,0.000
03/21/06 02:25,0.000
03/21/06 02:30,0.000
03/21/06 02:35,0.000
03/21/06 02:40,0.000
03/21/06 02:45,0.000
03/21/06 02:50,0.000
03/21/06 02:55,0.000
03/21/06 03:00,0.000
03/21/06 03:05,0.000
03/21/06 03:10,0.000
03/21/06 03:15,0.000
03/21/06 03:20,0.000
03/21/06 03:25,0.000
03/21/06 03:30,0.000
03/21/06 03:35,0.000
03/21/06 03:40,0.000
03/21/06 03:45,0.000
03/21/06 03:50,0.000
03/21/06 03:55,0.000
03/21/06 04:00,0.000
03/21/06 04:05,0.000
03/21/06 04:10,0.000
03/21/06 04:15,0.000
03/21/06 04:20,0.000
03/21/06 04:25,0.000
03/21/06 04:30,0.000
03/21/06 04:35,0.000
03/21/06 04:40,0.000
03/21/06 04:45,0.000
03/21/06 04:50,0.000
03/21/06 04:55,0.000
03/21/06 05:00,0.000
03/21/06 05:05,0.000
03/21/06 05:10,0.000
03/21/06 05:15,0.000
03/21/06 05:20,0.000
03/21/06 05:25,0.000
03/21/06 05:30,0.000
03/21/06 05:35,0.000
03/21/06 05:40,0.000
03/21/06 05:45,0.000
03/21/06 05:50,0.000
03/21/06 05:55,0.000
03/21/06 06:00,0.000
03/21/06 06:05,0.000
03/21/06 06:10,0.000
03/21/06 06:15,0.000
03/21/06 06:20,0.000
03/21/06 06:25,0.000
03/21/06 06:30,0.000
03/21/06 06:35,0.000
03/21/06 06:40,0.001
03/21/06 06:45,0.004
03/21/06 06:50,0.012
03/21/06 06:55,0.034
03/21/06 07:00,0.071
03/21/06 07:05,0.085
03/21/06 07:10,0.098
03/21/06 07:15,0.106
03/21/06 07:20,0.115
03/21/06 07:25,0.136
03/21/06 07:30,0.145
03/21/06 07:35,0.154
03/21/06 07:40,0.169
03/21/06 07:45,0.177
03/21/06 07:50,0.189
03/21/06 07:55,0.180
03/21/06 08:00,0.190
03/21/06 08:05,0.230
03/21/06 08:10,0.267
03/21/06 08:15,0.292
03/21/06 08:20,0.286
03/21/06 08:25,0.306
03/21/06 08:30,0.309
03/21/06 08:35,0.305
03/21/06 08:40,0.309
03/21/06 08:45,0.349
03/21/06 08:50,0.378
03/21/06 08:55,0.406
03/21/06 09:00,0.436
03/21/06 09:05,0.457
03/21/06 09:10,0.471
03/21/06 09:15,0.482
03/21/06 09:20,0.491
03/21/06 09:25,0.497
03/21/06 09:30,0.503
03/21/06 09:35,0.507
03/21/06 09:40,0.510
03/21/06 09:45,0.510
03/21/06 09:50,0.509
03/21/06 09:55,0.510
03/21/06 10:00,0.516
03/21/06 10:05,0.523
03/21/06 10:10,0.530
03/21/06 10:15,0.537
03/21/06 10:20,0.543
03/21/06 10:25,0.541
03/21/06 10:30,0.543
03/21/06 10:35,0.544
03/21/06 10:40,0.546
03/21/06 10:45,0.548
03/21/06 10:50,0.550
03/21/06 10:55,0.552
03/21/06 11:00,0.555
03/21/06 11:05,0.559
03/21/06 11:10,0.559
03/21/06 11:15,0.560
03/21/06 11:20,0.555
03/21/06 11:25,0.547
03/21/06 11:30,0.540
03/21/06 11:35,0.533
03/21/06 11:40,0.527
03/21/06 11:45,0.524
03/21/06 11:50,0.520
03/21/06 11:55,0.519
03/21/06 12:00,0.526
03/21/06 12:05,0.537
03/21/06 12:10,0.546
03/21/06 12:15,0.555
03/21/06 12:20,0.561
03/21/06 12:25,0.565
03/21/06 12:30,0.569
03/21/06 12:35,0.574
03/21/06 12:40,0.580
03/21/06 12:45,0.586
03/21/06 12:50,0.592
03/21/06 12:55,0.594
03/21/06 13:00,0.582
03/21/06 13:05,0.561
03/21/06 13:10,0.533
03/21/06 13:15,0.502
03/21/06 13:20,0.468
03/21/06 13:25,0.430
03/21/06 13:30,0.389
03/21/06 13:35,0.340
03/21/06 13:40,0.296
03/21/06 13:45,0.245
03/21/06 13:50,0.195
03/21/06 13:55,0.148
03/21/06 14:00,0.157
03/21/06 14:05,0.154
03/21/06 14:10,0.142
03/21/06 14:15,0.132
03/21/06 14:20,0.125
03/21/06 14:25,0.115
03/21/06 14:30,0.191
03/21/06 14:35,0.259
03/21/06 14:40,0.252
03/21/06 14:45,0.276
03/21/06 14:50,0.308
03/21/06 14:55,0.315
03/21/06 15:00,0.282
03/21/06 15:05,0.264
03/21/06 15:10,0.216
03/21/06 15:15,0.183
03/21/06 15:20,0.157
03/21/06 15:25,0.106
03/21/06 15:30,0.097
03/21/06 15:35,0.139
03/21/06 15:40,0.143
03/21/06 15:45,0.156
03/21/06 15:50,0.160
03/21/06 15:55,0.151
03/21/06 16:00,0.127
03/21/06 16:05,0.124
03/21/06 16:10,0.115
03/21/06 16:15,0.125
03/21/06 16:20,0.123
03/21/06 16:25,0.107
03/21/06 16:30,0.088
03/21/06 16:35,0.047
03/21/06 16:40,0.012
03/21/06 16:45,0.006
03/21/06 16:50,0.008
03/21/06 16:55,0.006
03/21/06 17:00,0.005
03/21/06 17:05,0.004
03/21/06 17:10,0.002
03/21/06 17:15,0.001
03/21/06 17:20,0.000
03/21/06 17:25,0.000
03/21/06 17:30,0.000
03/21/06 17:35,0.000
03/21/06 17:40,0.000
03/21/06 17:45,0.000
03/21/06 17:50,0.000
03/21/06 17:55,0.000
03/21/06 18:00,0.000
03/21/06 18:05,0.000
03/21/06 18:10,0.000
03/21/06 18:15,0.000
03/21/06 18:20,0.000
03/21/06 18:25,0.000
03/21/06 18:30,0.000
03/21/06 18:35,0.000
03/21/06 18:40,0.000
03/21/06 18:45,0.000
03/21/06 18:50,0.000
03/21/06 18:55,0.000
03/21/06 19:00,0.000
03/21/06 19:05,0.000
03/21/06 19:10,0.000
03/21/06 19:15,0.000
03/21/06 19:20,0.000
03/21/06 19:25,0.000
03/21/06 19:30,0.000
03/21/06 19:35,0.000
03/21/06 19:40,0.000
03/21/06 19:45,0.000
03/21/06 19:50,0.000
03/21/06 19:55,0.000
03/21/06 20:00,0.000
03/21/06 20:05,0.000
03/21/06 20:10,0.000
03/21/06 20:15,0.000
03/21/06 20:20,0.000
03/21/06 20:25,0.000
03/21/06 20:30,0.000
03/21/06 20:35,0.000
03/21/06 20:40,0.000
03/21/06 20:45,0.000
03/21/06 20:50,0.000
03/21/06 20:55,0.000
03/21/06 21:00,0.000
03/21/06 21:05,0.000
03/21/06 21:10,0.000
03/21/06 21:15,0.000
03/21/06 21:20,0.000
03/21/06 21:25,0.000
03/21/06 21:30,0.000
03/21/06 21:35,0.000
03/21/06 21:40,0.000
03/21/06 21:45,0.000
03/21/06 21:50,0.000
03/21/06 21:55,0.000
03/21/06 22:00,0.000
03/21/06 22:05,0.000
03/21/06 22:10,0.000
03/21/06 22:15,0.000
03/21/06 22:20,0.000
03/21/06 22:25,0.000
03/21/06 22:30,0.000
03/21/06 22:35,0.000
03/21/06 22:40,0.000
03/21/06 22:45,0.000
03/21/06 22:50,0.000
03/21/06 22:55,0.000
03/21/06 23:00,0.000
03/21/06 23:05,0.000
03/21/06 23:10,0.000
03/21/06 23:15,0.000
03/21/06 23:20,0.000
03/21/06 23:25,0.000
03/21/06 23:30,0.000
03/21/06 23:35,0.000
03/21/06 23:40,0.000
03/21/06 23:45,0.000
03/21/06 23:50,0.000
03/21/06 23:55,0.000
03/22/06 00:00,0.000
03/22/06 00:05,0.000
03/22/06 00:10,0.000
03/22/06 00:15,0.000
03/22/06 00:20,0.000
03/22/06 00:25,0.000
03/22/06 00:30,0.000
03/22/06 00:35,0.000
03/22/06 00:40,0.000
03/22/06 00:45,0.000
03/22/06 00:50,0.000
03/22/06 00:55,0.000
03/22/06 01:00,0.000
03/22/06 01:05,0.000
03/22/06 01:10,0.000
03/22/06 01:15,0.000
03/22/06 01:20,0.000
03/22/06 01:25,0.000
03/22/06 01:30,0.000
03/22/06 01:35,0.000
03/22/06 01:40,0.000
03/22/06 01:45,0.000
03/22/06 01:50,0.000
03/22/06 01:55,0.000
03/22/06 02:00,0.000
03/22/06 02:05,0.000
03/22/06 02:10,0.000
03/22/06 02:15,0.000
03/22/06 02:20,0.000
03/22/06 02:25,0.000
03/22/06 02:30,0.000
03/22/06 02:35,0.000
03/22/06 02:40,0.000
03/22/06 02:45,0.000
03/22/06 02:50,0.000
03/22/06 02:55,0.000
03/22/06 03:00,0.000
03/22/06 03:05,0.000
03/22/06 03:10,0.000
03/22/06 03:15,0.000
03/22/06 03:20,0.000
03/22/06 03:25,0.000
03/22/06 03:30,0.000
03/22/06 03:35,0.000
03/22/06 03:40,0.000
03/22/06 03:45,0.000
03/22/06 03:50,0.000
03/22/06 03:55,0.000
03/22/06 04:00,0.000
03/22/06 04:05,0.000
03/22/06 04:10,0.000
03/22/06 04:15,0.000
03/22/06 04:20,0.000
03/22/06 04:25,0.000
03/22/06 04:30,0.000
03/22/06 04:35,0.000
03/22/06 04:40,0.000
03/22/06 04:45,0.000
03/22/06 04:50,0.000
03/22/06 04:55,0.000
03/22/06 05:00,0.000
03/22/06 05:05,0.000
03/22/06 05:10,0.000
03/22/06 05:15,0.000
03/22/06 05:20,0.000
03/22/06 05:25,0.000
03/22/06 05:30,0.000
03/22/06 05:35,0.000
03/22/06 05:40,0.000
03/22/06 05:45,0.000
03/22/06 05:50,0.000
03/22/06 05:55,0.000
03/22/06 06:00,0.000
03/22/06 06:05,0.000
03/22/06 06:10,0.000
03/22/06 06:15,0.000
03/22/06 06:20,0.000
03/22/06 06:25,0.001
03/22/06 06:30,0.003
03/22/06 06:35,0.006
03/22/06 06:40,0.014
03/22/06 06:45,0.028
03/22/06 06:50,0.053
03/22/06 06:55,0.081
03/22/06 07:00,0.091
03/22/06 07:05,0.100
03/22/06 07:10,0.106
03/22/06 07:15,0.112
03/22/06 07:20,0.117
03/22/06 07:25,0.119
03/22/06 07:30,0.118
03/22/06 07:35,0.116
03/22/06 07:40,0.113
03/22/06 07:45,0.108
03/22/06 07:50,0.099
03/22/06 07:55,0.092
03/22/06 08:00,0.086
03/22/06 08:05,0.083
03/22/06 08:10,0.077
03/22/06 08:15,0.067
03/22/06 08:20,0.059
03/22/06 08:25,0.054
03/22/06 08:30,0.051
03/22/06 08:35,0.048
03/22/06 08:40,0.052
03/22/06 08:45,0.060
03/22/06 08:50,0.073
03/22/06 08:55,0.081
03/22/06 09:00,0.091
03/22/06 09:05,0.105
03/22/06 09:10,0.113
03/22/06 09:15,0.128
03/22/06 09:20,0.165
03/22/06 09:25,0.177
03/22/06 09:30,0.181
03/22/06 09:35,0.179
03/22/06 09:40,0.174
03/22/06 09:45,0.174
03/22/06 09:50,0.178
03/22/06 09:55,0.197
03/22/06 10:00,0.230
03/22/06 10:05,0.270
03/22/06 10:10,0.281
03/22/06 10:15,0.283
03/22/06 10:20,0.296
03/22/06 10:25,0.337
03/22/06 10:30,0.357
03/22/06 10:35,0.356
03/22/06 10:40,0.377
03/22/06 10:45,0.428
03/22/06 10:50,0.438
03/22/06 10:55,0.453
03/22/06 11:00,0.402
03/22/06 11:05,0.368
03/22/06 11:10,0.303
03/22/06 11:15,0.259
03/22/06 11:20,0.251
03/22/06 11:25,0.322
03/22/06 11:30,0.359
03/22/06 11:35,0.396
03/22/06 11:40,0.446
03/22/06 11:45,0.484
03/22/06 11:50,0.505
03/22/06 11:55,0.522
03/22/06 12:00,0.517
03/22/06 12:05,0.484
03/22/06 12:10,0.496
03/22/06 12:15,0.544
03/22/06 12:20,0.571
03/22/06 12:25,0.583
03/22/06 12:30,0.584
03/22/06 12:35,0.537
03/22/06 12:40,0.474
03/22/06 12:45,0.393
03/22/06 12:50,0.325
03/22/06 12:55,0.329
03/22/06 13:00,0.292
03/22/06 13:05,0.252
03/22/06 13:10,0.231
03/22/06 13:15,0.224
03/22/06 13:20,0.219
03/22/06 13:25,0.190
03/22/06 13:30,0.180
03/22/06 13:35,0.179
03/22/06 13:40,0.180
03/22/06 13:45,0.181
03/22/06 13:50,0.177
03/22/06 13:55,0.175
03/22/06 14:00,0.174
03/22/06 14:05,0.147
03/22/06 14:10,0.122
03/22/06 14:15,0.104
03/22/06 14:20,0.091
03/22/06 14:25,0.084
03/22/06 14:30,0.082
03/22/06 14:35,0.079
03/22/06 14:40,0.079
03/22/06 14:45,0.078
03/22/06 14:50,0.075
03/22/06 14:55,0.076
03/22/06 15:00,0.083
03/22/06 15:05,0.084
03/22/06 15:10,0.083
03/22/06 15:15,0.081
03/22/06 15:20,0.080
03/22/06 15:25,0.079
03/22/06 15:30,0.076
03/22/06 15:35,0.070
03/22/06 15:40,0.063
03/22/06 15:45,0.061
03/22/06 15:50,0.058
03/22/06 15:55,0.055
03/22/06 16:00,0.050
03/22/06 16:05,0.046
03/22/06 16:10,0.035
03/22/06 16:15,0.024
03/22/06 16:20,0.014
03/22/06 16:25,0.008
03/22/06 16:30,0.004
03/22/06 16:35,0.003
03/22/06 16:40,0.002
03/22/06 16:45,0.001
03/22/06 16:50,0.001
03/22/06 16:55,0.001
03/22/06 17:00,0.001
03/22/06 17:05,0.000
03/22/06 17:10,0.000
03/22/06 17:15,0.000
03/22/06 17:20,0.000
03/22/06 17:25,0.000
03/22/06 17:30,0.000
03/22/06 17:35,0.000
03/22/06 17:40,0.000
03/22/06 17:45,0.000
03/22/06 17:50,0.000
03/22/06 17:55,0.000
03/22/06 18:00,0.000
03/22/06 18:05,0.000
03/22/06 18:10,0.000
03/22/06 18:15,0.000
03/22/06 18:20,0.000
03/22/06 18:25,0.000
03/22/06 18:30,0.000
03/22/06 18:35,0.000
03/22/06 18:40,0.000
03/22/06 18:45,0.000
03/22/06 18:50,0.000
03/22/06 18:55,0.000
03/22/06 19:00,0.000
03/22/06 19:05,0.000
03/22/06 19:10,0.000
03/22/06 19:15,0.000
03/22/06 19:20,0.000
03/22/06 19:25,0.000
03/22/06 19:30,0.000
03/22/06 19:35,0.000
03/22/06 19:40,0.000
03/22/06 19:45,0.000
03/22/06 19:50,0.000
03/22/06 19:55,0.000
03/22/06 20:00,0.000
03/22/06 20:05,0.000
03/22/06 20:10,0.000
03/22/06 20:15,0.000
03/22/06 20:20,0.000
03/22/06 20:25,0.000
03/22/06 20:30,0.000
03/22/06 20:35,0.000
03/22/06 20:40,0.000
03/22/06 20:45,0.000
03/22/06 20:50,0.000
03/22/06 20:55,0.000
03/22/06 21:00,0.000
03/22/06 21:05,0.000
03/22/06 21:10,0.000
03/22/06 21:15,0.000
03/22/06 21:20,0.000
03/22/06 21:25,0.000
03/22/06 21:30,0.000
03/22/06 21:35,0.000
03/22/06 21:40,0.000
03/22/06 21:45,0.000
03/22/06 21:50,0.000
03/22/06 21:55,0.000
03/22/06 22:00,0.000
03/22/06 22:05,0.000
03/22/06 22:10,0.000
03/22/06 22:15,0.000
03/22/06 22:20,0.000
03/22/06 22:25,0.000
03/22/06 22:30,0.000
03/22/06 22:35,0.000
03/22/06 22:40,0.000
03/22/06 22:45,0.000
03/22/06 22:50,0.000
03/22/06 22:55,0.000
03/22/06 23:00,0.000
03/22/06 23:05,0.000
03/22/06 23:10,0.000
03/22/06 23:15,0.000
03/22/06 23:20,0.000
03/22/06 23:25,0.000
03/22/06 23:30,0.000
03/22/06 23:35,0.000
03/22/06 23:40,0.000
03/22/06 23:45,0.000
03/22/06 23:50,0.000
03/22/06 23:55,0.000
03/23/06 00:00,0.000
03/23/06 00:05,0.000
03/23/06 00:10,0.000
03/23/06 00:15,0.000
03/23/06 00:20,0.000
03/23/06 00:25,0.000
03/23/06 00:30,0.000
03/23/06 00:35,0.000
03/23/06 00:40,0.000
03/23/06 00:45,0.000
03/23/06 00:50,0.000
03/23/06 00:55,0.000
03/23/06 01:00,0.000
03/23/06 01:05,0.000
03/23/06 01:10,0.000
03/23/06 01:15,0.000
03/23/06 01:20,0.000
03/23/06 01:25,0.000
03/23/06 01:30,0.000
03/23/06 01:35,0.000
03/23/06 01:40,0.000
03/23/06 01:45,0.000
03/23/06 01:50,0.000
03/23/06 01:55,0.000
03/23/06 02:00,0.000
03/23/06 02:05,0.000
03/23/06 02:10,0.000
03/23/06 02:15,0.000
03/23/06 02:20,0.000
03/23/06 02:25,0.000
03/23/06 02:30,0.000
03/23/06 02:35,0.000
03/23/06 02:40,0.000
03/23/06 02:45,0.000
03/23/06 02:50,0.000
03/23/06 02:55,0.000
03/23/06 03:00,0.000
03/23/06 03:05,0.000
03/23/06 03:10,0.000
03/23/06 03:15,0.000
03/23/06 03:20,0.000
03/23/06 03:25,0.000
03/23/06 03:30,0.000
03/23/06 03:35,0.000
03/23/06 03:40,0.000
03/23/06 03:45,0.000
03/23/06 03:50,0.000
03/23/06 03:55,0.000
03/23/06 04:00,0.000
03/23/06 04:05,0.000
03/23/06 04:10,0.000
03/23/06 04:15,0.000
03/23/06 04:20,0.000
03/23/06 04:25,0.000
03/23/06 04:30,0.000
03/23/06 04:35,0.000
03/23/06 04:40,0.000
03/23/06 04:45,0.000
03/23/06 04:50,0.000
03/23/06 04:55,0.000
03/23/06 05:00,0.000
03/23/06 05:05,0.000
03/23/06 05:10,0.000
03/23/06 05:15,0.000
03/23/06 05:20,0.000
03/23/06 05:25,0.000
03/23/06 05:30,0.000
03/23/06 05:35,0.000
03/23/06 05:40,0.000
03/23/06 05:45,0.000
03/23/06 05:50,0.000
03/23/06 05:55,0.000
03/23/06 06:00,0.000
03/23/06 06:05,0.000
03/23/06 06:10,0.000
03/23/06 06:15,0.000
03/23/06 06:20,0.000
03/23/06 06:25,0.001
03/23/06 06:30,0.001
03/23/06 06:35,0.003
03/23/06 06:40,0.006
03/23/06 06:45,0.012
03/23/06 06:50,0.021
03/23/06 06:55,0.036
03/23/06 07:00,0.060
03/23/06 07:05,0.084
03/23/06 07:10,0.094
03/23/06 07:15,0.113
03/23/06 07:20,0.135
03/23/06 07:25,0.162
03/23/06 07:30,0.186
03/23/06 07:35,0.203
03/23/06 07:40,0.216
03/23/06 07:45,0.224
03/23/06 07:50,0.240
03/23/06 07:55,0.253
03/23/06 08:00,0.270
03/23/06 08:05,0.287
03/23/06 08:10,0.302
03/23/06 08:15,0.317
03/23/06 08:20,0.333
03/23/06 08:25,0.347
03/23/06 08:30,0.362
03/23/06 08:35,0.376
03/23/06 08:40,0.389
03/23/06 08:45,0.402
03/23/06 08:50,0.416
03/23/06 08:55,0.429
03/23/06 09:00,0.442
03/23/06 09:05,0.451
03/23/06 09:10,0.459
03/23/06 09:15,0.467
03/23/06 09:20,0.475
03/23/06 09:25,0.483
03/23/06 09:30,0.490
03/23/06 09:35,0.497
03/23/06 09:40,0.504
03/23/06 09:45,0.509
03/23/06 09:50,0.514
03/23/06 09:55,0.518
03/23/06 10:00,0.518
03/23/06 10:05,0.516
03/23/06 10:10,0.518
03/23/06 10:15,0.518
03/23/06 10:20,0.519
03/23/06 10:25,0.510
03/23/06 10:30,0.504
03/23/06 10:35,0.505
03/23/06 10:40,0.506
03/23/06 10:45,0.506
03/23/06 10:50,0.505
03/23/06 10:55,0.503
03/23/06 11:00,0.495
03/23/06 11:05,0.488
03/23/06 11:10,0.503
03/23/06 11:15,0.506
03/23/06 11:20,0.509
03/23/06 11:25,0.517
03/23/06 11:30,0.530
03/23/06 11:35,0.538
03/23/06 11:40,0.539
03/23/06 11:45,0.542
03/23/06 11:50,0.540
03/23/06 11:55,0.534
03/23/06 12:00,0.520
03/23/06 12:05,0.502
03/23/06 12:10,0.489
03/23/06 12:15,0.483
03/23/06 12:20,0.485
03/23/06 12:25,0.490
03/23/06 12:30,0.482
03/23/06 12:35,0.474
03/23/06 12:40,0.473
03/23/06 12:45,0.474
03/23/06 12:50,0.457
03/23/06 12:55,0.437
03/23/06 13:00,0.441
03/23/06 13:05,0.449
03/23/06 13:10,0.468
03/23/06 13:15,0.492
03/23/06 13:20,0.515
03/23/06 13:25,0.524
03/23/06 13:30,0.529
03/23/06 13:35,0.522
03/23/06 13:40,0.510
03/23/06 13:45,0.488
03/23/06 13:50,0.463
03/23/06 13:55,0.439
03/23/06 14:00,0.389
03/23/06 14:05,0.341
03/23/06 14:10,0.288
03/23/06 14:15,0.247
03/23/06 14:20,0.209
03/23/06 14:25,0.187
03/23/06 14:30,0.185
03/23/06 14:35,0.189
03/23/06 14:40,0.185
03/23/06 14:45,0.179
03/23/06 14:50,0.175
03/23/06 14:55,0.170
03/23/06 15:00,0.177
03/23/06 15:05,0.189
03/23/06 15:10,0.191
03/23/06 15:15,0.188
03/23/06 15:20,0.183
03/23/06 15:25,0.177
03/23/06 15:30,0.173
03/23/06 15:35,0.169
03/23/06 15:40,0.158
03/23/06 15:45,0.148
03/23/06 15:50,0.140
03/23/06 15:55,0.137
03/23/06 16:00,0.130
03/23/06 16:05,0.121
03/23/06 16:10,0.109
03/23/06 16:15,0.098
03/23/06 16:20,0.091
03/23/06 16:25,0.083
03/23/06 16:30,0.074
03/23/06 16:35,0.057
03/23/06 16:40,0.041
03/23/06 16:45,0.028
03/23/06 16:50,0.018
03/23/06 16:55,0.010
03/23/06 17:00,0.008
03/23/06 17:05,0.004
03/23/06 17:10,0.003
03/23/06 17:15,0.001
03/23/06 17:20,0.001
03/23/06 17:25,0.000
03/23/06 17:30,0.000
03/23/06 17:35,0.000
03/23/06 17:40,0.000
03/23/06 17:45,0.000
03/23/06 17:50,0.000
03/23/06 17:55,0.000
03/23/06 18:00,0.000
03/23/06 18:05,0.000
03/23/06 18:10,0.000
03/23/06 18:15,0.000
03/23/06 18:20,0.000
03/23/06 18:25,0.000
03/23/06 18:30,0.000
03/23/06 18:35,0.000
03/23/06 18:40,0.000
03/23/06 18:45,0.000
03/23/06 18:50,0.000
03/23/06 18:55,0.000
03/23/06 19:00,0.000
03/23/06 19:05,0.000
03/23/06 19:10,0.000
03/23/06 19:15,0.000
03/23/06 19:20,0.000
03/23/06 19:25,0.000
03/23/06 19:30,0.000
03/23/06 19:35,0.000
03/23/06 19:40,0.000
03/23/06 19:45,0.000
03/23/06 19:50,0.000
03/23/06 19:55,0.000
03/23/06 20:00,0.000
03/23/06 20:05,0.000
03/23/06 20:10,0.000
03/23/06 20:15,0.000
03/23/06 20:20,0.000
03/23/06 20:25,0.000
03/23/06 20:30,0.000
03/23/06 20:35,0.000
03/23/06 20:40,0.000
03/23/06 20:45,0.000
03/23/06 20:50,0.000
03/23/06 20:55,0.000
03/23/06 21:00,0.000
03/23/06 21:05,0.000
03/23/06 21:10,0.000
03/23/06 21:15,0.000
03/23/06 21:20,0.000
03/23/06 21:25,0.000
03/23/06 21:30,0.000
03/23/06 21:35,0.000
03/23/06 21:40,0.000
03/23/06 21:45,0.000
03/23/06 21:50,0.000
03/23/06 21:55,0.000
03/23/06 22:00,0.000
03/23/06 22:05,0.000
03/23/06 22:10,0.000
03/23/06 22:15,0.000
03/23/06 22:20,0.000
03/23/06 22:25,0.000
03/23/06 22:30,0.000
03/23/06 22:35,0.000
03/23/06 22:40,0.000
03/23/06 22:45,0.000
03/23/06 22:50,0.000
03/23/06 22:55,0.000
03/23/06 23:00,0.000
03/23/06 23:05,0.000
03/23/06 23:10,0.000
03/23/06 23:15,0.000
03/23/06 23:20,0.000
03/23/06 23:25,0.000
03/23/06 23:30,0.000
03/23/06 23:35,0.000
03/23/06 23:40,0.000
03/23/06 23:45,0.000
03/23/06 23:50,0.000
03/23/06 23:55,0.000
03/24/06 00:00,0.000
03/24/06 00:05,0.000
03/24/06 00:10,0.000
03/24/06 00:15,0.000
03/24/06 00:20,0.000
03/24/06 00:25,0.000
03/24/06 00:30,0.000
03/24/06 00:35,0.000
03/24/06 00:40,0.000
03/24/06 00:45,0.000
03/24/06 00:50,0.000
03/24/06 00:55,0.000
03/24/06 01:00,0.000
03/24/06 01:05,0.000
03/24/06 01:10,0.000
03/24/06 01:15,0.000
03/24/06 01:20,0.000
03/24/06 01:25,0.000
03/24/06 01:30,0.000
03/24/06 01:35,0.000
03/24/06 01:40,0.000
03/24/06 01:45,0.000
03/24/06 01:50,0.000
03/24/06 01:55,0.000
03/24/06 02:00,0.000
03/24/06 02:05,0.000
03/24/06 02:10,0.000
03/24/06 02:15,0.000
03/24/06 02:20,0.000
03/24/06 02:25,0.000
03/24/06 02:30,0.000
03/24/06 02:35,0.000
03/24/06 02:40,0.000
03/24/06 02:45,0.000
03/24/06 02:50,0.000
03/24/06 02:55,0.000
03/24/06 03:00,0.000
03/24/06 03:05,0.000
03/24/06 03:10,0.000
03/24/06 03:15,0.000
03/24/06 03:20,0.000
03/24/06 03:25,0.000
03/24/06 03:30,0.000
03/24/06 03:35,0.000
03/24/06 03:40,0.000
03/24/06 03:45,0.000
03/24/06 03:50,0.000
03/24/06 03:55,0.000
03/24/06 04:00,0.000
03/24/06 04:05,0.000
03/24/06 04:10,0.000
03/24/06 04:15,0.000
03/24/06 04:20,0.000
03/24/06 04:25,0.000
03/24/06 04:30,0.000
03/24/06 04:35,0.000
03/24/06 04:40,0.000
03/24/06 04:45,0.000
03/24/06 04:50,0.000
03/24/06 04:55,0.000
03/24/06 05:00,0.000
03/24/06 05:05,0.000
03/24/06 05:10,0.000
03/24/06 05:15,0.000
03/24/06 05:20,0.000
03/24/06 05:25,0.000
03/24/06 05:30,0.000
03/24/06 05:35,0.000
03/24/06 05:40,0.000
03/24/06 05:45,0.000
03/24/06 05:50,0.000
03/24/06 05:55,0.000
03/24/06 06:00,0.000
03/24/06 06:05,0.000
03/24/06 06:10,0.000
03/24/06 06:15,0.000
03/24/06 06:20,0.002
03/24/06 06:25,0.004
03/24/06 06:30,0.009
03/24/06 06:35,0.017
03/24/06 06:40,0.032
03/24/06 06:45,0.056
03/24/06 06:50,0.081
03/24/06 06:55,0.092
03/24/06 07:00,0.103
03/24/06 07:05,0.114
03/24/06 07:10,0.124
03/24/06 07:15,0.135
03/24/06 07:20,0.143
03/24/06 07:25,0.149
03/24/06 07:30,0.153
03/24/06 07:35,0.157
03/24/06 07:40,0.160
03/24/06 07:45,0.163
03/24/06 07:50,0.166
03/24/06 07:55,0.168
03/24/06 08:00,0.162
03/24/06 08:05,0.154
03/24/06 08:10,0.150
03/24/06 08:15,0.144
03/24/06 08:20,0.139
03/24/06 08:25,0.136
03/24/06 08:30,0.120
03/24/06 08:35,0.112
03/24/06 08:40,0.103
03/24/06 08:45,0.083
03/24/06 08:50,0.042
03/24/06 08:55,0.013
03/24/06 09:00,0.015
03/24/06 09:05,0.024
03/24/06 09:10,0.032
03/24/06 09:15,0.042
03/24/06 09:20,0.060
03/24/06 09:25,0.074
03/24/06 09:30,0.083
03/24/06 09:35,0.093
03/24/06 09:40,0.099
03/24/06 09:45,0.106
03/24/06 09:50,0.115
03/24/06 09:55,0.123
03/24/06 10:00,0.109
03/24/06 10:05,0.145
03/24/06 10:10,0.139
03/24/06 10:15,0.175
03/24/06 10:20,0.188
03/24/06 10:25,0.192
03/24/06 10:30,0.256
03/24/06 10:35,0.256
03/24/06 10:40,0.287
03/24/06 10:45,0.330
03/24/06 10:50,0.391
03/24/06 10:55,0.447
03/24/06 11:00,0.373
03/24/06 11:05,0.311
03/24/06 11:10,0.260
03/24/06 11:15,0.230
03/24/06 11:20,0.206
03/24/06 11:25,0.190
03/24/06 11:30,0.182
03/24/06 11:35,0.176
03/24/06 11:40,0.169
03/24/06 11:45,0.164
03/24/06 11:50,0.159
03/24/06 11:55,0.155
03/24/06 12:00,0.183
03/24/06 12:05,0.235
03/24/06 12:10,0.199
03/24/06 12:15,0.183
03/24/06 12:20,0.180
03/24/06 12:25,0.201
03/24/06 12:30,0.278
03/24/06 12:35,0.254
03/24/06 12:40,0.253
03/24/06 12:45,0.252
03/24/06 12:50,0.226
03/24/06 12:55,0.212
03/24/06 13:00,0.159
03/24/06 13:05,0.138
03/24/06 13:10,0.130
03/24/06 13:15,0.137
03/24/06 13:20,0.144
03/24/06 13:25,0.143
03/24/06 13:30,0.138
03/24/06 13:35,0.139
03/24/06 13:40,0.156
03/24/06 13:45,0.173
03/24/06 13:50,0.197
03/24/06 13:55,0.229
03/24/06 14:00,0.237
03/24/06 14:05,0.170
03/24/06 14:10,0.115
03/24/06 14:15,0.091
03/24/06 14:20,0.076
03/24/06 14:25,0.050
03/24/06 14:30,0.036
03/24/06 14:35,0.039
03/24/06 14:40,0.075
03/24/06 14:45,0.087
03/24/06 14:50,0.092
03/24/06 14:55,0.097
03/24/06 15:00,0.113
03/24/06 15:05,0.172
03/24/06 15:10,0.203
03/24/06 15:15,0.222
03/24/06 15:20,0.264
03/24/06 15:25,0.295
03/24/06 15:30,0.310
03/24/06 15:35,0.304
03/24/06 15:40,0.282
03/24/06 15:45,0.231
03/24/06 15:50,0.168
03/24/06 15:55,0.167
03/24/06 16:00,0.146
03/24/06 16:05,0.118
03/24/06 16:10,0.134
03/24/06 16:15,0.101
03/24/06 16:20,0.090
03/24/06 16:25,0.085
03/24/06 16:30,0.101
03/24/06 16:35,0.109
03/24/06 16:40,0.109
03/24/06 16:45,0.096
03/24/06 16:50,0.087
03/24/06 16:55,0.065
03/24/06 17:00,0.043
03/24/06 17:05,0.024
03/24/06 17:10,0.011
03/24/06 17:15,0.004
03/24/06 17:20,0.001
03/24/06 17:25,0.000
03/24/06 17:30,0.000
03/24/06 17:35,0.000
03/24/06 17:40,0.000
03/24/06 17:45,0.000
03/24/06 17:50,0.000
03/24/06 17:55,0.000
03/24/06 18:00,0.000
03/24/06 18:05,0.000
03/24/06 18:10,0.000
03/24/06 18:15,0.000
03/24/06 18:20,0.000
03/24/06 18:25,0.000
03/24/06 18:30,0.000
03/24/06 18:35,0.000
03/24/06 18:40,0.000
03/24/06 18:45,0.000
03/24/06 18:50,0.000
03/24/06 18:55,0.000
03/24/06 19:00,0.000
03/24/06 19:05,0.000
03/24/06 19:10,0.000
03/24/06 19:15,0.000
03/24/06 19:20,0.000
03/24/06 19:25,0.000
03/24/06 19:30,0.000
03/24/06 19:35,0.000
03/24/06 19:40,0.000
03/24/06 19:45,0.000
03/24/06 19:50,0.000
03/24/06 19:55,0.000
03/24/06 20:00,0.000
03/24/06 20:05,0.000
03/24/06 20:10,0.000
03/24/06 20:15,0.000
03/24/06 20:20,0.000
03/24/06 20:25,0.000
03/24/06 20:30,0.000
03/24/06 20:35,0.000
03/24/06 20:40,0.000
03/24/06 20:45,0.000
03/24/06 20:50,0.000
03/24/06 20:55,0.000
03/24/06 21:00,0.000
03/24/06 21:05,0.000
03/24/06 21:10,0.000
03/24/06 21:15,0.000
03/24/06 21:20,0.000
03/24/06 21:25,0.000
03/24/06 21:30,0.000
03/24/06 21:35,0.000
03/24/06 21:40,0.000
03/24/06 21:45,0.000
03/24/06 21:50,0.000
03/24/06 21:55,0.000
03/24/06 22:00,0.000
03/24/06 22:05,0.000
03/24/06 22:10,0.000
03/24/06 22:15,0.000
03/24/06 22:20,0.000
03/24/06 22:25,0.000
03/24/06 22:30,0.000
03/24/06 22:35,0.000
03/24/06 22:40,0.000
03/24/06 22:45,0.000
03/24/06 22:50,0.000
03/24/06 22:55,0.000
03/24/06 23:00,0.000
03/24/06 23:05,0.000
03/24/06 23:10,0.000
03/24/06 23:15,0.000
03/24/06 23:20,0.000
03/24/06 23:25,0.000
03/24/06 23:30,0.000
03/24/06 23:35,0.000
03/24/06 23:40,0.000
03/24/06 23:45,0.000
03/24/06 23:50,0.000
03/24/06 23:55,0.000
03/25/06 00:00,0.000
03/25/06 00:05,0.000
03/25/06 00:10,0.000
03/25/06 00:15,0.000
03/25/06 00:20,0.000
03/25/06 00:25,0.000
03/25/06 00:30,0.000
03/25/06 00:35,0.000
03/25/06 00:40,0.000
03/25/06 00:45,0.000
03/25/06 00:50,0.000
03/25/06 00:55,0.000
03/25/06 01:00,0.000
03/25/06 01:05,0.000
03/25/06 01:10,0.000
03/25/06 01:15,0.000
03/25/06 01:20,0.000
03/25/06 01:25,0.000
03/25/06 01:30,0.000
03/25/06 01:35,0.000
03/25/06 01:40,0.000
03/25/06 01:45,0.000
03/25/06 01:50,0.000
03/25/06 01:55,0.000
03/25/06 02:00,0.000
03/25/06 02:05,0.000
03/25/06 02:10,0.000
03/25/06 02:15,0.000
03/25/06 02:20,0.000
03/25/06 02:25,0.000
03/25/06 02:30,0.000
03/25/06 02:35,0.000
03/25/06 02:40,0.000
03/25/06 02:45,0.000
03/25/06 02:50,0.000
03/25/06 02:55,0.000
03/25/06 03:00,0.000
03/25/06 03:05,0.000
03/25/06 03:10,0.000
03/25/06 03:15,0.000
03/25/06 03:20,0.000
03/25/06 03:25,0.000
03/25/06 03:30,0.000
03/25/06 03:35,0.000
03/25/06 03:40,0.000
03/25/06 03:45,0.000
03/25/06 03:50,0.000
03/25/06 03:55,0.000
03/25/06 04:00,0.000
03/25/06 04:05,0.000
03/25/06 04:10,0.000
03/25/06 04:15,0.000
03/25/06 04:20,0.000
03/25/06 04:25,0.000
03/25/06 04:30,0.000
03/25/06 04:35,0.000
03/25/06 04:40,0.000
03/25/06 04:45,0.000
03/25/06 04:50,0.000
03/25/06 04:55,0.000
03/25/06 05:00,0.000
03/25/06 05:05,0.000
03/25/06 05:10,0.000
03/25/06 05:15,0.000
03/25/06 05:20,0.000
03/25/06 05:25,0.000
03/25/06 05:30,0.000
03/25/06 05:35,0.000
03/25/06 05:40,0.000
03/25/06 05:45,0.000
03/25/06 05:50,0.000
03/25/06 05:55,0.000
03/25/06 06:00,0.000
03/25/06 06:05,0.000
03/25/06 06:10,0.000
03/25/06 06:15,0.000
03/25/06 06:20,0.001
03/25/06 06:25,0.001
03/25/06 06:30,0.001
03/25/06 06:35,0.002
03/25/06 06:40,0.007
03/25/06 06:45,0.007
03/25/06 06:50,0.007
03/25/06 06:55,0.011
03/25/06 07:00,0.052
03/25/06 07:05,0.089
03/25/06 07:10,0.104
03/25/06 07:15,0.118
03/25/06 07:20,0.126
03/25/06 07:25,0.132
03/25/06 07:30,0.136
03/25/06 07:35,0.139
03/25/06 07:40,0.139
03/25/06 07:45,0.138
03/25/06 07:50,0.133
03/25/06 07:55,0.128
03/25/06 08:00,0.125
03/25/06 08:05,0.123
03/25/06 08:10,0.119
03/25/06 08:15,0.115
03/25/06 08:20,0.106
03/25/06 08:25,0.101
03/25/06 08:30,0.095
03/25/06 08:35,0.085
03/25/06 08:40,0.078
03/25/06 08:45,0.068
03/25/06 08:50,0.046
03/25/06 08:55,0.036
03/25/06 09:00,0.034
03/25/06 09:05,0.029
03/25/06 09:10,0.023
03/25/06 09:15,0.020
03/25/06 09:20,0.018
03/25/06 09:25,0.018
03/25/06 09:30,0.016
03/25/06 09:35,0.015
03/25/06 09:40,0.019
03/25/06 09:45,0.025
03/25/06 09:50,0.025
03/25/06 09:55,0.029
03/25/06 10:00,0.036
03/25/06 10:05,0.042
03/25/06 10:10,0.044
03/25/06 10:15,0.049
03/25/06 10:20,0.060
03/25/06 10:25,0.077
03/25/06 10:30,0.079
03/25/06 10:35,0.074
03/25/06 10:40,0.084
03/25/06 10:45,0.089
03/25/06 10:50,0.096
03/25/06 10:55,0.100
03/25/06 11:00,0.093
03/25/06 11:05,0.086
03/25/06 11:10,0.085
03/25/06 11:15,0.089
03/25/06 11:20,0.091
03/25/06 11:25,0.090
03/25/06 11:30,0.089
03/25/06 11:35,0.088
03/25/06 11:40,0.088
03/25/06 11:45,0.089
03/25/06 11:50,0.090
03/25/06 11:55,0.091
03/25/06 12:00,0.088
03/25/06 12:05,0.082
03/25/06 12:10,0.074
03/25/06 12:15,0.063
03/25/06 12:20,0.056
03/25/06 12:25,0.055
03/25/06 12:30,0.056
03/25/06 12:35,0.056
03/25/06 12:40,0.055
03/25/06 12:45,0.045
03/25/06 12:50,0.032
03/25/06 12:55,0.027
03/25/06 13:00,0.033
03/25/06 13:05,0.039
03/25/06 13:10,0.047
03/25/06 13:15,0.045
03/25/06 13:20,0.042
03/25/06 13:25,0.045
03/25/06 13:30,0.054
03/25/06 13:35,0.075
03/25/06 13:40,0.080
03/25/06 13:45,0.081
03/25/06 13:50,0.076
03/25/06 13:55,0.061
03/25/06 14:00,0.045
03/25/06 14:05,0.039
03/25/06 14:10,0.038
03/25/06 14:15,0.032
03/25/06 14:20,0.025
03/25/06 14:25,0.019
03/25/06 14:30,0.015
03/25/06 14:35,0.014
03/25/06 14:40,0.013
03/25/06 14:45,0.011
03/25/06 14:50,0.010
03/25/06 14:55,0.009
03/25/06 15:00,0.009
03/25/06 15:05,0.009
03/25/06 15:10,0.008
03/25/06 15:15,0.007
03/25/06 15:20,0.005
03/25/06 15:25,0.003
03/25/06 15:30,0.002
03/25/06 15:35,0.002
03/25/06 15:40,0.001
03/25/06 15:45,0.001
03/25/06 15:50,0.000
03/25/06 15:55,0.000
03/25/06 16:00,0.001
03/25/06 16:05,0.001
03/25/06 16:10,0.000
03/25/06 16:15,0.000
03/25/06 16:20,0.000
03/25/06 16:25,0.000
03/25/06 16:30,0.000
03/25/06 16:35,0.000
03/25/06 16:40,0.000
03/25/06 16:45,0.000
03/25/06 16:50,0.000
03/25/06 16:55,0.000
03/25/06 17:00,0.000
03/25/06 17:05,0.000
03/25/06 17:10,0.000
03/25/06 17:15,0.000
03/25/06 17:20,0.000
03/25/06 17:25,0.000
03/25/06 17:30,0.000
03/25/06 17:35,0.000
03/25/06 17:40,0.000
03/25/06 17:45,0.000
03/25/06 17:50,0.000
03/25/06 17:55,0.000
03/25/06 18:00,0.000
03/25/06 18:05,0.000
03/25/06 18:10,0.000
03/25/06 18:15,0.000
03/25/06 18:20,0.000
03/25/06 18:25,0.000
03/25/06 18:30,0.000
03/25/06 18:35,0.000
03/25/06 18:40,0.000
03/25/06 18:45,0.000
03/25/06 18:50,0.000
03/25/06 18:55,0.000
03/25/06 19:00,0.000
03/25/06 19:05,0.000
03/25/06 19:10,0.000
03/25/06 19:15,0.000
03/25/06 19:20,0.000
03/25/06 19:25,0.000
03/25/06 19:30,0.000
03/25/06 19:35,0.000
03/25/06 19:40,0.000
03/25/06 19:45,0.000
03/25/06 19:50,0.000
03/25/06 19:55,0.000
03/25/06 20:00,0.000
03/25/06 20:05,0.000
03/25/06 20:10,0.000
03/25/06 20:15,0.000
03/25/06 20:20,0.000
03/25/06 20:25,0.000
03/25/06 20:30,0.000
03/25/06 20:35,0.000
03/25/06 20:40,0.000
03/25/06 20:45,0.000
03/25/06 20:50,0.000
03/25/06 20:55,0.000
03/25/06 21:00,0.000
03/25/06 21:05,0.000
03/25/06 21:10,0.000
03/25/06 21:15,0.000
03/25/06 21:20,0.000
03/25/06 21:25,0.000
03/25/06 21:30,0.000
03/25/06 21:35,0.000
03/25/06 21:40,0.000
03/25/06 21:45,0.000
03/25/06 21:50,0.000
03/25/06 21:55,0.000
03/25/06 22:00,0.000
03/25/06 22:05,0.000
03/25/06 22:10,0.000
03/25/06 22:15,0.000
03/25/06 22:20,0.000
03/25/06 22:25,0.000
03/25/06 22:30,0.000
03/25/06 22:35,0.000
03/25/06 22:40,0.000
03/25/06 22:45,0.000
03/25/06 22:50,0.000
03/25/06 22:55,0.000
03/25/06 23:00,0.000
03/25/06 23:05,0.000
03/25/06 23:10,0.000
03/25/06 23:15,0.000
03/25/06 23:20,0.000
03/25/06 23:25,0.000
03/25/06 23:30,0.000
03/25/06 23:35,0.000
03/25/06 23:40,0.000
03/25/06 23:45,0.000
03/25/06 23:50,0.000
03/25/06 23:55,0.000
03/26/06 00:00,0.000
03/26/06 00:05,0.000
03/26/06 00:10,0.000
03/26/06 00:15,0.000
03/26/06 00:20,0.000
03/26/06 00:25,0.000
03/26/06 00:30,0.000
03/26/06 00:35,0.000
03/26/06 00:40,0.000
03/26/06 00:45,0.000
03/26/06 00:50,0.000
03/26/06 00:55,0.000
03/26/06 01:00,0.000
03/26/06 01:05,0.000
03/26/06 01:10,0.000
03/26/06 01:15,0.000
03/26/06 01:20,0.000
03/26/06 01:25,0.000
03/26/06 01:30,0.000
03/26/06 01:35,0.000
03/26/06 01:40,0.000
03/26/06 01:45,0.000
03/26/06 01:50,0.000
03/26/06 01:55,0.000
03/26/06 02:00,0.000
03/26/06 02:05,0.000
03/26/06 02:10,0.000
03/26/06 02:15,0.000
03/26/06 02:20,0.000
03/26/06 02:25,0.000
03/26/06 02:30,0.000
03/26/06 02:35,0.000
03/26/06 02:40,0.000
03/26/06 02:45,0.000
03/26/06 02:50,0.000
03/26/06 02:55,0.000
03/26/06 03:00,0.000
03/26/06 03:05,0.000
03/26/06 03:10,0.000
03/26/06 03:15,0.000
03/26/06 03:20,0.000
03/26/06 03:25,0.000
03/26/06 03:30,0.000
03/26/06 03:35,0.000
03/26/06 03:40,0.000
03/26/06 03:45,0.000
03/26/06 03:50,0.000
03/26/06 03:55,0.000
03/26/06 04:00,0.000
03/26/06 04:05,0.000
03/26/06 04:10,0.000
03/26/06 04:15,0.000
03/26/06 04:20,0.000
03/26/06 04:25,0.000
03/26/06 04:30,0.000
03/26/06 04:35,0.000
03/26/06 04:40,0.000
03/26/06 04:45,0.000
03/26/06 04:50,0.000
03/26/06 04:55,0.000
03/26/06 05:00,0.000
03/26/06 05:05,0.000
03/26/06 05:10,0.000
03/26/06 05:15,0.000
03/26/06 05:20,0.000
03/26/06 05:25,0.000
03/26/06 05:30,0.000
03/26/06 05:35,0.000
03/26/06 05:40,0.000
03/26/06 05:45,0.000
03/26/06 05:50,0.000
03/26/06 05:55,0.000
03/26/06 06:00,0.000
03/26/06 06:05,0.000
03/26/06 06:10,0.000
03/26/06 06:15,0.001
03/26/06 06:20,0.003
03/26/06 06:25,0.007
03/26/06 06:30,0.015
03/26/06 06:35,0.027
03/26/06 06:40,0.047
03/26/06 06:45,0.075
03/26/06 06:50,0.089
03/26/06 06:55,0.100
03/26/06 07:00,0.113
03/26/06 07:05,0.131
03/26/06 07:10,0.148
03/26/06 07:15,0.167
03/26/06 07:20,0.188
03/26/06 07:25,0.204
03/26/06 07:30,0.220
03/26/06 07:35,0.237
03/26/06 07:40,0.257
03/26/06 07:45,0.273
03/26/06 07:50,0.289
03/26/06 07:55,0.307
03/26/06 08:00,0.317
03/26/06 08:05,0.322
03/26/06 08:10,0.322
03/26/06 08:15,0.320
03/26/06 08:20,0.312
03/26/06 08:25,0.299
03/26/06 08:30,0.293
03/26/06 08:35,0.286
03/26/06 08:40,0.287
03/26/06 08:45,0.296
03/26/06 08:50,0.307
03/26/06 08:55,0.323
03/26/06 09:00,0.312
03/26/06 09:05,0.300
03/26/06 09:10,0.293
03/26/06 09:15,0.281
03/26/06 09:20,0.275
03/26/06 09:25,0.281
03/26/06 09:30,0.309
03/26/06 09:35,0.338
03/26/06 09:40,0.367
03/26/06 09:45,0.399
03/26/06 09:50,0.428
03/26/06 09:55,0.447
03/26/06 10:00,0.454
03/26/06 10:05,0.465
03/26/06 10:10,0.481
03/26/06 10:15,0.499
03/26/06 10:20,0.506
03/26/06 10:25,0.457
03/26/06 10:30,0.444
03/26/06 10:35,0.447
03/26/06 10:40,0.486
03/26/06 10:45,0.503
03/26/06 10:50,0.487
03/26/06 10:55,0.481
03/26/06 11:00,0.520
03/26/06 11:05,0.541
03/26/06 11:10,0.546
03/26/06 11:15,0.536
03/26/06 11:20,0.528
03/26/06 11:25,0.519
03/26/06 11:30,0.508
03/26/06 11:35,0.504
03/26/06 11:40,0.500
03/26/06 11:45,0.493
03/26/06 11:50,0.478
03/26/06 11:55,0.463
03/26/06 12:00,0.439
03/26/06 12:05,0.414
03/26/06 12:10,0.393
03/26/06 12:15,0.377
03/26/06 12:20,0.366
03/26/06 12:25,0.355
03/26/06 12:30,0.343
03/26/06 12:35,0.332
03/26/06 12:40,0.321
03/26/06 12:45,0.309
03/26/06 12:50,0.298
03/26/06 12:55,0.286
03/26/06 13:00,0.268
03/26/06 13:05,0.245
03/26/06 13:10,0.234
03/26/06 13:15,0.218
03/26/06 13:20,0.197
03/26/06 13:25,0.192
03/26/06 13:30,0.189
03/26/06 13:35,0.186
03/26/06 13:40,0.176
03/26/06 13:45,0.177
03/26/06 13:50,0.182
03/26/06 13:55,0.186
03/26/06 14:00,0.227
03/26/06 14:05,0.272
03/26/06 14:10,0.329
03/26/06 14:15,0.361
03/26/06 14:20,0.319
03/26/06 14:25,0.331
03/26/06 14:30,0.377
03/26/06 14:35,0.410
03/26/06 14:40,0.422
03/26/06 14:45,0.424
03/26/06 14:50,0.423
03/26/06 14:55,0.408
03/26/06 15:00,0.332
03/26/06 15:05,0.296
03/26/06 15:10,0.266
03/26/06 15:15,0.178
03/26/06 15:20,0.137
03/26/06 15:25,0.125
03/26/06 15:30,0.144
03/26/06 15:35,0.171
03/26/06 15:40,0.190
03/26/06 15:45,0.203
03/26/06 15:50,0.183
03/26/06 15:55,0.141
03/26/06 16:00,0.132
03/26/06 16:05,0.134
03/26/06 16:10,0.136
03/26/06 16:15,0.115
03/26/06 16:20,0.111
03/26/06 16:25,0.102
03/26/06 16:30,0.094
03/26/06 16:35,0.098
03/26/06 16:40,0.086
03/26/06 16:45,0.087
03/26/06 16:50,0.082
03/26/06 16:55,0.045
03/26/06 17:00,0.020
03/26/06 17:05,0.009
03/26/06 17:10,0.003
03/26/06 17:15,0.001
03/26/06 17:20,0.000
03/26/06 17:25,0.000
03/26/06 17:30,0.000
03/26/06 17:35,0.000
03/26/06 17:40,0.000
03/26/06 17:45,0.000
03/26/06 17:50,0.000
03/26/06 17:55,0.000
03/26/06 18:00,0.000
03/26/06 18:05,0.000
03/26/06 18:10,0.000
03/26/06 18:15,0.000
03/26/06 18:20,0.000
03/26/06 18:25,0.000
03/26/06 18:30,0.000
03/26/06 18:35,0.000
03/26/06 18:40,0.000
03/26/06 18:45,0.000
03/26/06 18:50,0.000
03/26/06 18:55,0.000
03/26/06 19:00,0.000
03/26/06 19:05,0.000
03/26/06 19:10,0.000
03/26/06 19:15,0.000
03/26/06 19:20,0.000
03/26/06 19:25,0.000
03/26/06 19:30,0.000
03/26/06 19:35,0.000
03/26/06 19:40,0.000
03/26/06 19:45,0.000
03/26/06 19:50,0.000
03/26/06 19:55,0.000
03/26/06 20:00,0.000
03/26/06 20:05,0.000
03/26/06 20:10,0.000
03/26/06 20:15,0.000
03/26/06 20:20,0.000
03/26/06 20:25,0.000
03/26/06 20:30,0.000
03/26/06 20:35,0.000
03/26/06 20:40,0.000
03/26/06 20:45,0.000
03/26/06 20:50,0.000
03/26/06 20:55,0.000
03/26/06 21:00,0.000
03/26/06 21:05,0.000
03/26/06 21:10,0.000
03/26/06 21:15,0.000
03/26/06 21:20,0.000
03/26/06 21:25,0.000
03/26/06 21:30,0.000
03/26/06 21:35,0.000
03/26/06 21:40,0.000
03/26/06 21:45,0.000
03/26/06 21:50,0.000
03/26/06 21:55,0.000
03/26/06 22:00,0.000
03/26/06 22:05,0.000
03/26/06 22:10,0.000
03/26/06 22:15,0.000
03/26/06 22:20,0.000
03/26/06 22:25,0.000
03/26/06 22:30,0.000
03/26/06 22:35,0.000
03/26/06 22:40,0.000
03/26/06 22:45,0.000
03/26/06 22:50,0.000
03/26/06 22:55,0.000
03/26/06 23:00,0.000
03/26/06 23:05,0.000
03/26/06 23:10,0.000
03/26/06 23:15,0.000
03/26/06 23:20,0.000
03/26/06 23:25,0.000
03/26/06 23:30,0.000
03/26/06 23:35,0.000
03/26/06 23:40,0.000
03/26/06 23:45,0.000
03/26/06 23:50,0.000
03/26/06 23:55,0.000
03/27/06 00:00,0.000
03/27/06 00:05,0.000
03/27/06 00:10,0.000
03/27/06 00:15,0.000
03/27/06 00:20,0.000
03/27/06 00:25,0.000
03/27/06 00:30,0.000
03/27/06 00:35,0.000
03/27/06 00:40,0.000
03/27/06 00:45,0.000
03/27/06 00:50,0.000
03/27/06 00:55,0.000
03/27/06 01:00,0.000
03/27/06 01:05,0.000
03/27/06 01:10,0.000
03/27/06 01:15,0.000
03/27/06 01:20,0.000
03/27/06 01:25,0.000
03/27/06 01:30,0.000
03/27/06 01:35,0.000
03/27/06 01:40,0.000
03/27/06 01:45,0.000
03/27/06 01:50,0.000
03/27/06 01:55,0.000
03/27/06 02:00,0.000
03/27/06 02:05,0.000
03/27/06 02:10,0.000
03/27/06 02:15,0.000
03/27/06 02:20,0.000
03/27/06 02:25,0.000
03/27/06 02:30,0.000
03/27/06 02:35,0.000
03/27/06 02:40,0.000
03/27/06 02:45,0.000
03/27/06 02:50,0.000
03/27/06 02:55,0.000
03/27/06 03:00,0.000
03/27/06 03:05,0.000
03/27/06 03:10,0.000
03/27/06 03:15,0.000
03/27/06 03:20,0.000
03/27/06 03:25,0.000
03/27/06 03:30,0.000
03/27/06 03:35,0.000
03/27/06 03:40,0.000
03/27/06 03:45,0.000
03/27/06 03:50,0.000
03/27/06 03:55,0.000
03/27/06 04:00,0.000
03/27/06 04:05,0.000
03/27/06 04:10,0.000
03/27/06 04:15,0.000
03/27/06 04:20,0.000
03/27/06 04:25,0.000
03/27/06 04:30,0.000
03/27/06 04:35,0.000
03/27/06 04:40,0.000
03/27/06 04:45,0.000
03/27/06 04:50,0.000
03/27/06 04:55,0.000
03/27/06 05:00,0.000
03/27/06 05:05,0.000
03/27/06 05:10,0.000
03/27/06 05:15,0.000
03/27/06 05:20,0.000
03/27/06 05:25,0.000
03/27/06 05:30,0.000
03/27/06 05:35,0.000
03/27/06 05:40,0.000
03/27/06 05:45,0.000
03/27/06 05:50,0.000
03/27/06 05:55,0.000
03/27/06 06:00,0.000
03/27/06 06:05,0.000
03/27/06 06:10,0.000
03/27/06 06:15,0.001
03/27/06 06:20,0.004
03/27/06 06:25,0.008
03/27/06 06:30,0.015
03/27/06 06:35,0.028
03/27/06 06:40,0.050
03/27/06 06:45,0.078
03/27/06 06:50,0.090
03/27/06 06:55,0.101
03/27/06 07:00,0.105
03/27/06 07:05,0.112
03/27/06 07:10,0.127
03/27/06 07:15,0.142
03/27/06 07:20,0.156
03/27/06 07:25,0.167
03/27/06 07:30,0.169
03/27/06 07:35,0.176
03/27/06 07:40,0.203
03/27/06 07:45,0.234
03/27/06 07:50,0.235
03/27/06 07:55,0.248
03/27/06 08:00,0.251
03/27/06 08:05,0.254
03/27/06 08:10,0.257
03/27/06 08:15,0.261
03/27/06 08:20,0.261
03/27/06 08:25,0.257
03/27/06 08:30,0.251
03/27/06 08:35,0.244
03/27/06 08:40,0.238
03/27/06 08:45,0.226
03/27/06 08:50,0.207
03/27/06 08:55,0.193
03/27/06 09:00,0.213
03/27/06 09:05,0.255
03/27/06 09:10,0.307
03/27/06 09:15,0.349
03/27/06 09:20,0.387
03/27/06 09:25,0.399
03/27/06 09:30,0.410
03/27/06 09:35,0.418
03/27/06 09:40,0.418
03/27/06 09:45,0.444
03/27/06 09:50,0.468
03/27/06 09:55,0.470
03/27/06 10:00,0.478
03/27/06 10:05,0.496
03/27/06 10:10,0.494
03/27/06 10:15,0.495
03/27/06 10:20,0.501
03/27/06 10:25,0.512
03/27/06 10:30,0.520
03/27/06 10:35,0.519
03/27/06 10:40,0.523
03/27/06 10:45,0.521
03/27/06 10:50,0.508
03/27/06 10:55,0.508
03/27/06 11:00,0.527
03/27/06 11:05,0.535
03/27/06 11:10,0.540
03/27/06 11:15,0.541
03/27/06 11:20,0.546
03/27/06 11:25,0.545
03/27/06 11:30,0.543
03/27/06 11:35,0.542
03/27/06 11:40,0.526
03/27/06 11:45,0.522
03/27/06 11:50,0.521
03/27/06 11:55,0.520
03/27/06 12:00,0.515
03/27/06 12:05,0.505
03/27/06 12:10,0.497
03/27/06 12:15,0.494
03/27/06 12:20,0.494
03/27/06 12:25,0.488
03/27/06 12:30,0.479
03/27/06 12:35,0.470
03/27/06 12:40,0.461
03/27/06 12:45,0.450
03/27/06 12:50,0.444
03/27/06 12:55,0.443
03/27/06 13:00,0.452
03/27/06 13:05,0.462
03/27/06 13:10,0.467
03/27/06 13:15,0.470
03/27/06 13:20,0.473
03/27/06 13:25,0.478
03/27/06 13:30,0.483
03/27/06 13:35,0.485
03/27/06 13:40,0.486
03/27/06 13:45,0.482
03/27/06 13:50,0.481
03/27/06 13:55,0.480
03/27/06 14:00,0.479
03/27/06 14:05,0.467
03/27/06 14:10,0.466
03/27/06 14:15,0.471
03/27/06 14:20,0.483
03/27/06 14:25,0.473
03/27/06 14:30,0.451
03/27/06 14:35,0.434
03/27/06 14:40,0.403
03/27/06 14:45,0.374
03/27/06 14:50,0.371
03/27/06 14:55,0.373
03/27/06 15:00,0.376
03/27/06 15:05,0.372
03/27/06 15:10,0.366
03/27/06 15:15,0.360
03/27/06 15:20,0.350
03/27/06 15:25,0.340
03/27/06 15:30,0.329
03/27/06 15:35,0.315
03/27/06 15:40,0.301
03/27/06 15:45,0.288
03/27/06 15:50,0.275
03/27/06 15:55,0.261
03/27/06 16:00,0.253
03/27/06 16:05,0.246
03/27/06 16:10,0.236
03/27/06 16:15,0.224
03/27/06 16:20,0.210
03/27/06 16:25,0.188
03/27/06 16:30,0.166
03/27/06 16:35,0.148
03/27/06 16:40,0.134
03/27/06 16:45,0.123
03/27/06 16:50,0.112
03/27/06 16:55,0.099
03/27/06 17:00,0.085
03/27/06 17:05,0.060
03/27/06 17:10,0.030
03/27/06 17:15,0.015
03/27/06 17:20,0.007
03/27/06 17:25,0.003
03/27/06 17:30,0.001
03/27/06 17:35,0.000
03/27/06 17:40,0.000
03/27/06 17:45,0.000
03/27/06 17:50,0.000
03/27/06 17:55,0.000
03/27/06 18:00,0.000
03/27/06 18:05,0.000
03/27/06 18:10,0.000
03/27/06 18:15,0.000
03/27/06 18:20,0.000
03/27/06 18:25,0.000
03/27/06 18:30,0.000
03/27/06 18:35,0.000
03/27/06 18:40,0.000
03/27/06 18:45,0.000
03/27/06 18:50,0.000
03/27/06 18:55,0.000
03/27/06 19:00,0.000
03/27/06 19:05,0.000
03/27/06 19:10,0.000
03/27/06 19:15,0.000
03/27/06 19:20,0.000
03/27/06 19:25,0.000
03/27/06 19:30,0.000
03/27/06 19:35,0.000
03/27/06 19:40,0.000
03/27/06 19:45,0.000
03/27/06 19:50,0.000
03/27/06 19:55,0.000
03/27/06 20:00,0.000
03/27/06 20:05,0.000
03/27/06 20:10,0.000
03/27/06 20:15,0.000
03/27/06 20:20,0.000
03/27/06 20:25,0.000
03/27/06 20:30,0.000
03/27/06 20:35,0.000
03/27/06 20:40,0.000
03/27/06 20:45,0.000
03/27/06 20:50,0.000
03/27/06 20:55,0.000
03/27/06 21:00,0.000
03/27/06 21:05,0.000
03/27/06 21:10,0.000
03/27/06 21:15,0.000
03/27/06 21:20,0.000
03/27/06 21:25,0.000
03/27/06 21:30,0.000
03/27/06 21:35,0.000
03/27/06 21:40,0.000
03/27/06 21:45,0.000
03/27/06 21:50,0.000
03/27/06 21:55,0.000
03/27/06 22:00,0.000
03/27/06 22:05,0.000
03/27/06 22:10,0.000
03/27/06 22:15,0.000
03/27/06 22:20,0.000
03/27/06 22:25,0.000
03/27/06 22:30,0.000
03/27/06 22:35,0.000
03/27/06 22:40,0.000
03/27/06 22:45,0.000
03/27/06 22:50,0.000
03/27/06 22:55,0.000
03/27/06 23:00,0.000
03/27/06 23:05,0.000
03/27/06 23:10,0.000
03/27/06 23:15,0.000
03/27/06 23:20,0.000
03/27/06 23:25,0.000
03/27/06 23:30,0.000
03/27/06 23:35,0.000
03/27/06 23:40,0.000
03/27/06 23:45,0.000
03/27/06 23:50,0.000
03/27/06 23:55,0.000
03/28/06 00:00,0.000
03/28/06 00:05,0.000
03/28/06 00:10,0.000
03/28/06 00:15,0.000
03/28/06 00:20,0.000
03/28/06 00:25,0.000
03/28/06 00:30,0.000
03/28/06 00:35,0.000
03/28/06 00:40,0.000
03/28/06 00:45,0.000
03/28/06 00:50,0.000
03/28/06 00:55,0.000
03/28/06 01:00,0.000
03/28/06 01:05,0.000
03/28/06 01:10,0.000
03/28/06 01:15,0.000
03/28/06 01:20,0.000
03/28/06 01:25,0.000
03/28/06 01:30,0.000
03/28/06 01:35,0.000
03/28/06 01:40,0.000
03/28/06 01:45,0.000
03/28/06 01:50,0.000
03/28/06 01:55,0.000
03/28/06 02:00,0.000
03/28/06 02:05,0.000
03/28/06 02:10,0.000
03/28/06 02:15,0.000
03/28/06 02:20,0.000
03/28/06 02:25,0.000
03/28/06 02:30,0.000
03/28/06 02:35,0.000
03/28/06 02:40,0.000
03/28/06 02:45,0.000
03/28/06 02:50,0.000
03/28/06 02:55,0.000
03/28/06 03:00,0.000
03/28/06 03:05,0.000
03/28/06 03:10,0.000
03/28/06 03:15,0.000
03/28/06 03:20,0.000
03/28/06 03:25,0.000
03/28/06 03:30,0.000
03/28/06 03:35,0.000
03/28/06 03:40,0.000
03/28/06 03:45,0.000
03/28/06 03:50,0.000
03/28/06 03:55,0.000
03/28/06 04:00,0.000
03/28/06 04:05,0.000
03/28/06 04:10,0.000
03/28/06 04:15,0.000
03/28/06 04:20,0.000
03/28/06 04:25,0.000
03/28/06 04:30,0.000
03/28/06 04:35,0.000
03/28/06 04:40,0.000
03/28/06 04:45,0.000
03/28/06 04:50,0.000
03/28/06 04:55,0.000
03/28/06 05:00,0.000
03/28/06 05:05,0.000
03/28/06 05:10,0.000
03/28/06 05:15,0.000
03/28/06 05:20,0.000
03/28/06 05:25,0.000
03/28/06 05:30,0.000
03/28/06 05:35,0.000
03/28/06 05:40,0.000
03/28/06 05:45,0.000
03/28/06 05:50,0.000
03/28/06 05:55,0.000
03/28/06 06:00,0.000
03/28/06 06:05,0.000
03/28/06 06:10,0.000
03/28/06 06:15,0.001
03/28/06 06:20,0.002
03/28/06 06:25,0.006
03/28/06 06:30,0.012
03/28/06 06:35,0.017
03/28/06 06:40,0.018
03/28/06 06:45,0.017
03/28/06 06:50,0.026
03/28/06 06:55,0.047
03/28/06 07:00,0.048
03/28/06 07:05,0.045
03/28/06 07:10,0.046
03/28/06 07:15,0.049
03/28/06 07:20,0.052
03/28/06 07:25,0.048
03/28/06 07:30,0.049
03/28/06 07:35,0.050
03/28/06 07:40,0.050
03/28/06 07:45,0.043
03/28/06 07:50,0.040
03/28/06 07:55,0.037
03/28/06 08:00,0.028
03/28/06 08:05,0.027
03/28/06 08:10,0.029
03/28/06 08:15,0.032
03/28/06 08:20,0.040
03/28/06 08:25,0.061
03/28/06 08:30,0.081
03/28/06 08:35,0.091
03/28/06 08:40,0.102
03/28/06 08:45,0.109
03/28/06 08:50,0.118
03/28/06 08:55,0.122
03/28/06 09:00,0.124
03/28/06 09:05,0.136
03/28/06 09:10,0.147
03/28/06 09:15,0.141
03/28/06 09:20,0.129
03/28/06 09:25,0.120
03/28/06 09:30,0.122
03/28/06 09:35,0.122
03/28/06 09:40,0.122
03/28/06 09:45,0.132
03/28/06 09:50,0.143
03/28/06 09:55,0.144
03/28/06 10:00,0.146
03/28/06 10:05,0.173
03/28/06 10:10,0.189
03/28/06 10:15,0.204
03/28/06 10:20,0.205
03/28/06 10:25,0.202
03/28/06 10:30,0.203
03/28/06 10:35,0.201
03/28/06 10:40,0.182
03/28/06 10:45,0.165
03/28/06 10:50,0.157
03/28/06 10:55,0.163
03/28/06 11:00,0.185
03/28/06 11:05,0.214
03/28/06 11:10,0.216
03/28/06 11:15,0.203
03/28/06 11:20,0.188
03/28/06 11:25,0.202
03/28/06 11:30,0.228
03/28/06 11:35,0.231
03/28/06 11:40,0.218
03/28/06 11:45,0.259
03/28/06 11:50,0.283
03/28/06 11:55,0.292
03/28/06 12:00,0.288
03/28/06 12:05,0.302
03/28/06 12:10,0.313
03/28/06 12:15,0.320
03/28/06 12:20,0.322
03/28/06 12:25,0.325
03/28/06 12:30,0.324
03/28/06 12:35,0.322
03/28/06 12:40,0.316
03/28/06 12:45,0.324
03/28/06 12:50,0.320
03/28/06 12:55,0.309
03/28/06 13:00,0.288
03/28/06 13:05,0.264
03/28/06 13:10,0.252
03/28/06 13:15,0.244
03/28/06 13:20,0.221
03/28/06 13:25,0.180
03/28/06 13:30,0.164
03/28/06 13:35,0.154
03/28/06 13:40,0.144
03/28/06 13:45,0.138
03/28/06 13:50,0.130
03/28/06 13:55,0.127
03/28/06 14:00,0.147
03/28/06 14:05,0.148
03/28/06 14:10,0.143
03/28/06 14:15,0.127
03/28/06 14:20,0.115
03/28/06 14:25,0.111
03/28/06 14:30,0.105
03/28/06 14:35,0.099
03/28/06 14:40,0.093
03/28/06 14:45,0.088
03/28/06 14:50,0.089
03/28/06 14:55,0.090
03/28/06 15:00,0.109
03/28/06 15:05,0.128
03/28/06 15:10,0.148
03/28/06 15:15,0.162
03/28/06 15:20,0.180
03/28/06 15:25,0.181
03/28/06 15:30,0.180
03/28/06 15:35,0.183
03/28/06 15:40,0.183
03/28/06 15:45,0.176
03/28/06 15:50,0.171
03/28/06 15:55,0.159
03/28/06 16:00,0.163
03/28/06 16:05,0.181
03/28/06 16:10,0.174
03/28/06 16:15,0.163
03/28/06 16:20,0.149
03/28/06 16:25,0.133
03/28/06 16:30,0.131
03/28/06 16:35,0.130
03/28/06 16:40,0.124
03/28/06 16:45,0.117
03/28/06 16:50,0.107
03/28/06 16:55,0.098
03/28/06 17:00,0.086
03/28/06 17:05,0.066
03/28/06 17:10,0.035
03/28/06 17:15,0.017
03/28/06 17:20,0.008
03/28/06 17:25,0.003
03/28/06 17:30,0.001
03/28/06 17:35,0.000
03/28/06 17:40,0.000
03/28/06 17:45,0.000
03/28/06 17:50,0.000
03/28/06 17:55,0.000
03/28/06 18:00,0.000
03/28/06 18:05,0.000
03/28/06 18:10,0.000
03/28/06 18:15,0.000
03/28/06 18:20,0.000
03/28/06 18:25,0.000
03/28/06 18:30,0.000
03/28/06 18:35,0.000
03/28/06 18:40,0.000
03/28/06 18:45,0.000
03/28/06 18:50,0.000
03/28/06 18:55,0.000
03/28/06 19:00,0.000
03/28/06 19:05,0.000
03/28/06 19:10,0.000
03/28/06 19:15,0.000
03/28/06 19:20,0.000
03/28/06 19:25,0.000
03/28/06 19:30,0.000
03/28/06 19:35,0.000
03/28/06 19:40,0.000
03/28/06 19:45,0.000
03/28/06 19:50,0.000
03/28/06 19:55,0.000
03/28/06 20:00,0.000
03/28/06 20:05,0.000
03/28/06 20:10,0.000
03/28/06 20:15,0.000
03/28/06 20:20,0.000
03/28/06 20:25,0.000
03/28/06 20:30,0.000
03/28/06 20:35,0.000
03/28/06 20:40,0.000
03/28/06 20:45,0.000
03/28/06 20:50,0.000
03/28/06 20:55,0.000
03/28/06 21:00,0.000
03/28/06 21:05,0.000
03/28/06 21:10,0.000
03/28/06 21:15,0.000
03/28/06 21:20,0.000
03/28/06 21:25,0.000
03/28/06 21:30,0.000
03/28/06 21:35,0.000
03/28/06 21:40,0.000
03/28/06 21:45,0.000
03/28/06 21:50,0.000
03/28/06 21:55,0.000
03/28/06 22:00,0.000
03/28/06 22:05,0.000
03/28/06 22:10,0.000
03/28/06 22:15,0.000
03/28/06 22:20,0.000
03/28/06 22:25,0.000
03/28/06 22:30,0.000
03/28/06 22:35,0.000
03/28/06 22:40,0.000
03/28/06 22:45,0.000
03/28/06 22:50,0.000
03/28/06 22:55,0.000
03/28/06 23:00,0.000
03/28/06 23:05,0.000
03/28/06 23:10,0.000
03/28/06 23:15,0.000
03/28/06 23:20,0.000
03/28/06 23:25,0.000
03/28/06 23:30,0.000
03/28/06 23:35,0.000
03/28/06 23:40,0.000
03/28/06 23:45,0.000
03/28/06 23:50,0.000
03/28/06 23:55,0.000
03/29/06 00:00,0.000
03/29/06 00:05,0.000
03/29/06 00:10,0.000
03/29/06 00:15,0.000
03/29/06 00:20,0.000
03/29/06 00:25,0.000
03/29/06 00:30,0.000
03/29/06 00:35,0.000
03/29/06 00:40,0.000
03/29/06 00:45,0.000
03/29/06 00:50,0.000
03/29/06 00:55,0.000
03/29/06 01:00,0.000
03/29/06 01:05,0.000
03/29/06 01:10,0.000
03/29/06 01:15,0.000
03/29/06 01:20,0.000
03/29/06 01:25,0.000
03/29/06 01:30,0.000
03/29/06 01:35,0.000
03/29/06 01:40,0.000
03/29/06 01:45,0.000
03/29/06 01:50,0.000
03/29/06 01:55,0.000
03/29/06 02:00,0.000
03/29/06 02:05,0.000
03/29/06 02:10,0.000
03/29/06 02:15,0.000
03/29/06 02:20,0.000
03/29/06 02:25,0.000
03/29/06 02:30,0.000
03/29/06 02:35,0.000
03/29/06 02:40,0.000
03/29/06 02:45,0.000
03/29/06 02:50,0.000
03/29/06 02:55,0.000
03/29/06 03:00,0.000
03/29/06 03:05,0.000
03/29/06 03:10,0.000
03/29/06 03:15,0.000
03/29/06 03:20,0.000
03/29/06 03:25,0.000
03/29/06 03:30,0.000
03/29/06 03:35,0.000
03/29/06 03:40,0.000
03/29/06 03:45,0.000
03/29/06 03:50,0.000
03/29/06 03:55,0.000
03/29/06 04:00,0.000
03/29/06 04:05,0.000
03/29/06 04:10,0.000
03/29/06 04:15,0.000
03/29/06 04:20,0.000
03/29/06 04:25,0.000
03/29/06 04:30,0.000
03/29/06 04:35,0.000
03/29/06 04:40,0.000
03/29/06 04:45,0.000
03/29/06 04:50,0.000
03/29/06 04:55,0.000
03/29/06 05:00,0.000
03/29/06 05:05,0.000
03/29/06 05:10,0.000
03/29/06 05:15,0.000
03/29/06 05:20,0.000
03/29/06 05:25,0.000
03/29/06 05:30,0.000
03/29/06 05:35,0.000
03/29/06 05:40,0.000
03/29/06 05:45,0.000
03/29/06 05:50,0.000
03/29/06 05:55,0.000
03/29/06 06:00,0.000
03/29/06 06:05,0.000
03/29/06 06:10,0.001
03/29/06 06:15,0.002
03/29/06 06:20,0.004
03/29/06 06:25,0.009
03/29/06 06:30,0.018
03/29/06 06:35,0.033
03/29/06 06:40,0.061
03/29/06 06:45,0.084
03/29/06 06:50,0.096
03/29/06 06:55,0.110
03/29/06 07:00,0.123
03/29/06 07:05,0.136
03/29/06 07:10,0.148
03/29/06 07:15,0.159
03/29/06 07:20,0.165
03/29/06 07:25,0.170
03/29/06 07:30,0.173
03/29/06 07:35,0.175
03/29/06 07:40,0.182
03/29/06 07:45,0.188
03/29/06 07:50,0.191
03/29/06 07:55,0.186
03/29/06 08:00,0.145
03/29/06 08:05,0.115
03/29/06 08:10,0.102
03/29/06 08:15,0.097
03/29/06 08:20,0.097
03/29/06 08:25,0.103
03/29/06 08:30,0.113
03/29/06 08:35,0.125
03/29/06 08:40,0.135
03/29/06 08:45,0.147
03/29/06 08:50,0.162
03/29/06 08:55,0.187
03/29/06 09:00,0.173
03/29/06 09:05,0.158
03/29/06 09:10,0.139
03/29/06 09:15,0.138
03/29/06 09:20,0.145
03/29/06 09:25,0.152
03/29/06 09:30,0.176
03/29/06 09:35,0.175
03/29/06 09:40,0.174
03/29/06 09:45,0.167
03/29/06 09:50,0.202
03/29/06 09:55,0.256
03/29/06 10:00,0.277
03/29/06 10:05,0.293
03/29/06 10:10,0.319
03/29/06 10:15,0.337
03/29/06 10:20,0.346
03/29/06 10:25,0.328
03/29/06 10:30,0.314
03/29/06 10:35,0.313
03/29/06 10:40,0.316
03/29/06 10:45,0.319
03/29/06 10:50,0.326
03/29/06 10:55,0.325
03/29/06 11:00,0.323
03/29/06 11:05,0.332
03/29/06 11:10,0.344
03/29/06 11:15,0.362
03/29/06 11:20,0.369
03/29/06 11:25,0.366
03/29/06 11:30,0.361
03/29/06 11:35,0.371
03/29/06 11:40,0.381
03/29/06 11:45,0.407
03/29/06 11:50,0.426
03/29/06 11:55,0.436
03/29/06 12:00,0.422
03/29/06 12:05,0.438
03/29/06 12:10,0.473
03/29/06 12:15,0.513
03/29/06 12:20,0.457
03/29/06 12:25,0.451
03/29/06 12:30,0.469
03/29/06 12:35,0.452
03/29/06 12:40,0.389
03/29/06 12:45,0.393
03/29/06 12:50,0.436
03/29/06 12:55,0.458
03/29/06 13:00,0.502
03/29/06 13:05,0.529
03/29/06 13:10,0.546
03/29/06 13:15,0.557
03/29/06 13:20,0.560
03/29/06 13:25,0.561
03/29/06 13:30,0.559
03/29/06 13:35,0.553
03/29/06 13:40,0.547
03/29/06 13:45,0.541
03/29/06 13:50,0.533
03/29/06 13:55,0.522
03/29/06 14:00,0.506
03/29/06 14:05,0.498
03/29/06 14:10,0.493
03/29/06 14:15,0.428
03/29/06 14:20,0.406
03/29/06 14:25,0.357
03/29/06 14:30,0.286
03/29/06 14:35,0.283
03/29/06 14:40,0.277
03/29/06 14:45,0.254
03/29/06 14:50,0.195
03/29/06 14:55,0.162
03/29/06 15:00,0.244
03/29/06 15:05,0.299
03/29/06 15:10,0.331
03/29/06 15:15,0.349
03/29/06 15:20,0.354
03/29/06 15:25,0.355
03/29/06 15:30,0.352
03/29/06 15:35,0.345
03/29/06 15:40,0.334
03/29/06 15:45,0.322
03/29/06 15:50,0.308
03/29/06 15:55,0.294
03/29/06 16:00,0.280
03/29/06 16:05,0.265
03/29/06 16:10,0.249
03/29/06 16:15,0.233
03/29/06 16:20,0.217
03/29/06 16:25,0.202
03/29/06 16:30,0.188
03/29/06 16:35,0.173
03/29/06 16:40,0.158
03/29/06 16:45,0.144
03/29/06 16:50,0.129
03/29/06 16:55,0.115
03/29/06 17:00,0.100
03/29/06 17:05,0.085
03/29/06 17:10,0.059
03/29/06 17:15,0.028
03/29/06 17:20,0.012
03/29/06 17:25,0.004
03/29/06 17:30,0.001
03/29/06 17:35,0.000
03/29/06 17:40,0.000
03/29/06 17:45,0.000
03/29/06 17:50,0.000
03/29/06 17:55,0.000
03/29/06 18:00,0.000
03/29/06 18:05,0.000
03/29/06 18:10,0.000
03/29/06 18:15,0.000
03/29/06 18:20,0.000
03/29/06 18:25,0.000
03/29/06 18:30,0.000
03/29/06 18:35,0.000
03/29/06 18:40,0.000
03/29/06 18:45,0.000
03/29/06 18:50,0.000
03/29/06 18:55,0.000
03/29/06 19:00,0.000
03/29/06 19:05,0.000
03/29/06 19:10,0.000
03/29/06 19:15,0.000
03/29/06 19:20,0.000
03/29/06 19:25,0.000
03/29/06 19:30,0.000
03/29/06 19:35,0.000
03/29/06 19:40,0.000
03/29/06 19:45,0.000
03/29/06 19:50,0.000
03/29/06 19:55,0.000
03/29/06 20:00,0.000
03/29/06 20:05,0.000
03/29/06 20:10,0.000
03/29/06 20:15,0.000
03/29/06 20:20,0.000
03/29/06 20:25,0.000
03/29/06 20:30,0.000
03/29/06 20:35,0.000
03/29/06 20:40,0.000
03/29/06 20:45,0.000
03/29/06 20:50,0.000
03/29/06 20:55,0.000
03/29/06 21:00,0.000
03/29/06 21:05,0.000
03/29/06 21:10,0.000
03/29/06 21:15,0.000
03/29/06 21:20,0.000
03/29/06 21:25,0.000
03/29/06 21:30,0.000
03/29/06 21:35,0.000
03/29/06 21:40,0.000
03/29/06 21:45,0.000
03/29/06 21:50,0.000
03/29/06 21:55,0.000
03/29/06 22:00,0.000
03/29/06 22:05,0.000
03/29/06 22:10,0.000
03/29/06 22:15,0.000
03/29/06 22:20,0.000
03/29/06 22:25,0.000
03/29/06 22:30,0.000
03/29/06 22:35,0.000
03/29/06 22:40,0.000
03/29/06 22:45,0.000
03/29/06 22:50,0.000
03/29/06 22:55,0.000
03/29/06 23:00,0.000
03/29/06 23:05,0.000
03/29/06 23:10,0.000
03/29/06 23:15,0.000
03/29/06 23:20,0.000
03/29/06 23:25,0.000
03/29/06 23:30,0.000
03/29/06 23:35,0.000
03/29/06 23:40,0.000
03/29/06 23:45,0.000
03/29/06 23:50,0.000
03/29/06 23:55,0.000
03/30/06 00:00,0.000
03/30/06 00:05,0.000
03/30/06 00:10,0.000
03/30/06 00:15,0.000
03/30/06 00:20,0.000
03/30/06 00:25,0.000
03/30/06 00:30,0.000
03/30/06 00:35,0.000
03/30/06 00:40,0.000
03/30/06 00:45,0.000
03/30/06 00:50,0.000
03/30/06 00:55,0.000
03/30/06 01:00,0.000
03/30/06 01:05,0.000
03/30/06 01:10,0.000
03/30/06 01:15,0.000
03/30/06 01:20,0.000
03/30/06 01:25,0.000
03/30/06 01:30,0.000
03/30/06 01:35,0.000
03/30/06 01:40,0.000
03/30/06 01:45,0.000
03/30/06 01:50,0.000
03/30/06 01:55,0.000
03/30/06 02:00,0.000
03/30/06 02:05,0.000
03/30/06 02:10,0.000
03/30/06 02:15,0.000
03/30/06 02:20,0.000
03/30/06 02:25,0.000
03/30/06 02:30,0.000
03/30/06 02:35,0.000
03/30/06 02:40,0.000
03/30/06 02:45,0.000
03/30/06 02:50,0.000
03/30/06 02:55,0.000
03/30/06 03:00,0.000
03/30/06 03:05,0.000
03/30/06 03:10,0.000
03/30/06 03:15,0.000
03/30/06 03:20,0.000
03/30/06 03:25,0.000
03/30/06 03:30,0.000
03/30/06 03:35,0.000
03/30/06 03:40,0.000
03/30/06 03:45,0.000
03/30/06 03:50,0.000
03/30/06 03:55,0.000
03/30/06 04:00,0.000
03/30/06 04:05,0.000
03/30/06 04:10,0.000
03/30/06 04:15,0.000
03/30/06 04:20,0.000
03/30/06 04:25,0.000
03/30/06 04:30,0.000
03/30/06 04:35,0.000
03/30/06 04:40,0.000
03/30/06 04:45,0.000
03/30/06 04:50,0.000
03/30/06 04:55,0.000
03/30/06 05:00,0.000
03/30/06 05:05,0.000
03/30/06 05:10,0.000
03/30/06 05:15,0.000
03/30/06 05:20,0.000
03/30/06 05:25,0.000
03/30/06 05:30,0.000
03/30/06 05:35,0.000
03/30/06 05:40,0.000
03/30/06 05:45,0.000
03/30/06 05:50,0.000
03/30/06 05:55,0.000
03/30/06 06:00,0.000
03/30/06 06:05,0.000
03/30/06 06:10,0.001
03/30/06 06:15,0.002
03/30/06 06:20,0.005
03/30/06 06:25,0.011
03/30/06 06:30,0.022
03/30/06 06:35,0.041
03/30/06 06:40,0.073
03/30/06 06:45,0.088
03/30/06 06:50,0.100
03/30/06 06:55,0.114
03/30/06 07:00,0.127
03/30/06 07:05,0.141
03/30/06 07:10,0.156
03/30/06 07:15,0.170
03/30/06 07:20,0.186
03/30/06 07:25,0.202
03/30/06 07:30,0.218
03/30/06 07:35,0.235
03/30/06 07:40,0.253
03/30/06 07:45,0.271
03/30/06 07:50,0.288
03/30/06 07:55,0.304
03/30/06 08:00,0.315
03/30/06 08:05,0.328
03/30/06 08:10,0.342
03/30/06 08:15,0.357
03/30/06 08:20,0.372
03/30/06 08:25,0.388
03/30/06 08:30,0.402
03/30/06 08:35,0.417
03/30/06 08:40,0.431
03/30/06 08:45,0.441
03/30/06 08:50,0.456
03/30/06 08:55,0.468
03/30/06 09:00,0.448
03/30/06 09:05,0.439
03/30/06 09:10,0.440
03/30/06 09:15,0.397
03/30/06 09:20,0.334
03/30/06 09:25,0.344
03/30/06 09:30,0.364
03/30/06 09:35,0.386
03/30/06 09:40,0.405
03/30/06 09:45,0.424
03/30/06 09:50,0.424
03/30/06 09:55,0.419
03/30/06 10:00,0.457
03/30/06 10:05,0.478
03/30/06 10:10,0.486
03/30/06 10:15,0.489
03/30/06 10:20,0.477
03/30/06 10:25,0.460
03/30/06 10:30,0.451
03/30/06 10:35,0.429
03/30/06 10:40,0.396
03/30/06 10:45,0.369
03/30/06 10:50,0.355
03/30/06 10:55,0.334
03/30/06 11:00,0.331
03/30/06 11:05,0.330
03/30/06 11:10,0.312
03/30/06 11:15,0.300
03/30/06 11:20,0.289
03/30/06 11:25,0.290
03/30/06 11:30,0.307
03/30/06 11:35,0.331
03/30/06 11:40,0.353
03/30/06 11:45,0.359
03/30/06 11:50,0.358
03/30/06 11:55,0.360
03/30/06 12:00,0.330
03/30/06 12:05,0.327
03/30/06 12:10,0.305
03/30/06 12:15,0.283
03/30/06 12:20,0.289
03/30/06 12:25,0.277
03/30/06 12:30,0.208
03/30/06 12:35,0.148
03/30/06 12:40,0.126
03/30/06 12:45,0.119
03/30/06 12:50,0.117
03/30/06 12:55,0.124
03/30/06 13:00,0.160
03/30/06 13:05,0.200
03/30/06 13:10,0.176
03/30/06 13:15,0.145
03/30/06 13:20,0.122
03/30/06 13:25,0.106
03/30/06 13:30,0.094
03/30/06 13:35,0.085
03/30/06 13:40,0.082
03/30/06 13:45,0.081
03/30/06 13:50,0.083
03/30/06 13:55,0.090
03/30/06 14:00,0.097
03/30/06 14:05,0.100
03/30/06 14:10,0.104
03/30/06 14:15,0.109
03/30/06 14:20,0.108
03/30/06 14:25,0.110
03/30/06 14:30,0.116
03/30/06 14:35,0.119
03/30/06 14:40,0.119
03/30/06 14:45,0.114
03/30/06 14:50,0.111
03/30/06 14:55,0.110
03/30/06 15:00,0.099
03/30/06 15:05,0.087
03/30/06 15:10,0.081
03/30/06 15:15,0.107
03/30/06 15:20,0.130
03/30/06 15:25,0.130
03/30/06 15:30,0.145
03/30/06 15:35,0.152
03/30/06 15:40,0.153
03/30/06 15:45,0.164
03/30/06 15:50,0.160
03/30/06 15:55,0.147
03/30/06 16:00,0.152
03/30/06 16:05,0.160
03/30/06 16:10,0.160
03/30/06 16:15,0.156
03/30/06 16:20,0.150
03/30/06 16:25,0.143
03/30/06 16:30,0.133
03/30/06 16:35,0.123
03/30/06 16:40,0.113
03/30/06 16:45,0.102
03/30/06 16:50,0.089
03/30/06 16:55,0.079
03/30/06 17:00,0.066
03/30/06 17:05,0.045
03/30/06 17:10,0.029
03/30/06 17:15,0.020
03/30/06 17:20,0.011
03/30/06 17:25,0.006
03/30/06 17:30,0.002
03/30/06 17:35,0.001
03/30/06 17:40,0.000
03/30/06 17:45,0.000
03/30/06 17:50,0.000
03/30/06 17:55,0.000
03/30/06 18:00,0.000
03/30/06 18:05,0.000
03/30/06 18:10,0.000
03/30/06 18:15,0.000
03/30/06 18:20,0.000
03/30/06 18:25,0.000
03/30/06 18:30,0.000
03/30/06 18:35,0.000
03/30/06 18:40,0.000
03/30/06 18:45,0.000
03/30/06 18:50,0.000
03/30/06 18:55,0.000
03/30/06 19:00,0.000
03/30/06 19:05,0.000
03/30/06 19:10,0.000
03/30/06 19:15,0.000
03/30/06 19:20,0.000
03/30/06 19:25,0.000
03/30/06 19:30,0.000
03/30/06 19:35,0.000
03/30/06 19:40,0.000
03/30/06 19:45,0.000
03/30/06 19:50,0.000
03/30/06 19:55,0.000
03/30/06 20:00,0.000
03/30/06 20:05,0.000
03/30/06 20:10,0.000
03/30/06 20:15,0.000
03/30/06 20:20,0.000
03/30/06 20:25,0.000
03/30/06 20:30,0.000
03/30/06 20:35,0.000
03/30/06 20:40,0.000
03/30/06 20:45,0.000
03/30/06 20:50,0.000
03/30/06 20:55,0.000
03/30/06 21:00,0.000
03/30/06 21:05,0.000
03/30/06 21:10,0.000
03/30/06 21:15,0.000
03/30/06 21:20,0.000
03/30/06 21:25,0.000
03/30/06 21:30,0.000
03/30/06 21:35,0.000
03/30/06 21:40,0.000
03/30/06 21:45,0.000
03/30/06 21:50,0.000
03/30/06 21:55,0.000
03/30/06 22:00,0.000
03/30/06 22:05,0.000
03/30/06 22:10,0.000
03/30/06 22:15,0.000
03/30/06 22:20,0.000
03/30/06 22:25,0.000
03/30/06 22:30,0.000
03/30/06 22:35,0.000
03/30/06 22:40,0.000
03/30/06 22:45,0.000
03/30/06 22:50,0.000
03/30/06 22:55,0.000
03/30/06 23:00,0.000
03/30/06 23:05,0.000
03/30/06 23:10,0.000
03/30/06 23:15,0.000
03/30/06 23:20,0.000
03/30/06 23:25,0.000
03/30/06 23:30,0.000
03/30/06 23:35,0.000
03/30/06 23:40,0.000
03/30/06 23:45,0.000
03/30/06 23:50,0.000
03/30/06 23:55,0.000
03/31/06 00:00,0.000
03/31/06 00:05,0.000
03/31/06 00:10,0.000
03/31/06 00:15,0.000
03/31/06 00:20,0.000
03/31/06 00:25,0.000
03/31/06 00:30,0.000
03/31/06 00:35,0.000
03/31/06 00:40,0.000
03/31/06 00:45,0.000
03/31/06 00:50,0.000
03/31/06 00:55,0.000
03/31/06 01:00,0.000
03/31/06 01:05,0.000
03/31/06 01:10,0.000
03/31/06 01:15,0.000
03/31/06 01:20,0.000
03/31/06 01:25,0.000
03/31/06 01:30,0.000
03/31/06 01:35,0.000
03/31/06 01:40,0.000
03/31/06 01:45,0.000
03/31/06 01:50,0.000
03/31/06 01:55,0.000
03/31/06 02:00,0.000
03/31/06 02:05,0.000
03/31/06 02:10,0.000
03/31/06 02:15,0.000
03/31/06 02:20,0.000
03/31/06 02:25,0.000
03/31/06 02:30,0.000
03/31/06 02:35,0.000
03/31/06 02:40,0.000
03/31/06 02:45,0.000
03/31/06 02:50,0.000
03/31/06 02:55,0.000
03/31/06 03:00,0.000
03/31/06 03:05,0.000
03/31/06 03:10,0.000
03/31/06 03:15,0.000
03/31/06 03:20,0.000
03/31/06 03:25,0.000
03/31/06 03:30,0.000
03/31/06 03:35,0.000
03/31/06 03:40,0.000
03/31/06 03:45,0.000
03/31/06 03:50,0.000
03/31/06 03:55,0.000
03/31/06 04:00,0.000
03/31/06 04:05,0.000
03/31/06 04:10,0.000
03/31/06 04:15,0.000
03/31/06 04:20,0.000
03/31/06 04:25,0.000
03/31/06 04:30,0.000
03/31/06 04:35,0.000
03/31/06 04:40,0.000
03/31/06 04:45,0.000
03/31/06 04:50,0.000
03/31/06 04:55,0.000
03/31/06 05:00,0.000
03/31/06 05:05,0.000
03/31/06 05:10,0.000
03/31/06 05:15,0.000
03/31/06 05:20,0.000
03/31/06 05:25,0.000
03/31/06 05:30,0.000
03/31/06 05:35,0.000
03/31/06 05:40,0.000
03/31/06 05:45,0.000
03/31/06 05:50,0.000
03/31/06 05:55,0.000
03/31/06 06:00,0.000
03/31/06 06:05,0.000
03/31/06 06:10,0.000
03/31/06 06:15,0.001
03/31/06 06:20,0.003
03/31/06 06:25,0.005
03/31/06 06:30,0.008
03/31/06 06:35,0.018
03/31/06 06:40,0.040
03/31/06 06:45,0.085
03/31/06 06:50,0.102
03/31/06 06:55,0.112
03/31/06 07:00,0.100
03/31/06 07:05,0.092
03/31/06 07:10,0.086
03/31/06 07:15,0.086
03/31/06 07:20,0.089
03/31/06 07:25,0.094
03/31/06 07:30,0.104
03/31/06 07:35,0.113
03/31/06 07:40,0.124
03/31/06 07:45,0.138
03/31/06 07:50,0.156
03/31/06 07:55,0.171
03/31/06 08:00,0.178
03/31/06 08:05,0.181
03/31/06 08:10,0.183
03/31/06 08:15,0.185
03/31/06 08:20,0.186
03/31/06 08:25,0.185
03/31/06 08:30,0.183
03/31/06 08:35,0.177
03/31/06 08:40,0.175
03/31/06 08:45,0.173
03/31/06 08:50,0.166
03/31/06 08:55,0.157
03/31/06 09:00,0.147
03/31/06 09:05,0.137
03/31/06 09:10,0.131
03/31/06 09:15,0.129
03/31/06 09:20,0.126
03/31/06 09:25,0.124
03/31/06 09:30,0.122
03/31/06 09:35,0.124
03/31/06 09:40,0.129
03/31/06 09:45,0.132
03/31/06 09:50,0.131
03/31/06 09:55,0.132
03/31/06 10:00,0.122
03/31/06 10:05,0.107
03/31/06 10:10,0.099
03/31/06 10:15,0.087
03/31/06 10:20,0.077
03/31/06 10:25,0.056
03/31/06 10:30,0.040
03/31/06 10:35,0.043
03/31/06 10:40,0.048
03/31/06 10:45,0.050
03/31/06 10:50,0.048
03/31/06 10:55,0.044
03/31/06 11:00,0.071
03/31/06 11:05,0.090
03/31/06 11:10,0.101
03/31/06 11:15,0.109
03/31/06 11:20,0.115
03/31/06 11:25,0.118
03/31/06 11:30,0.119
03/31/06 11:35,0.118
03/31/06 11:40,0.121
03/31/06 11:45,0.125
03/31/06 11:50,0.130
03/31/06 11:55,0.132
03/31/06 12:00,0.108
03/31/06 12:05,0.091
03/31/06 12:10,0.079
03/31/06 12:15,0.068
03/31/06 12:20,0.064
03/31/06 12:25,0.056
03/31/06 12:30,0.052
03/31/06 12:35,0.051
03/31/06 12:40,0.059
03/31/06 12:45,0.074
03/31/06 12:50,0.082
03/31/06 12:55,0.087
03/31/06 13:00,0.088
03/31/06 13:05,0.089
03/31/06 13:10,0.094
03/31/06 13:15,0.103
03/31/06 13:20,0.107
03/31/06 13:25,0.109
03/31/06 13:30,0.113
03/31/06 13:35,0.118
03/31/06 13:40,0.126
03/31/06 13:45,0.138
03/31/06 13:50,0.157
03/31/06 13:55,0.171
03/31/06 14:00,0.182
03/31/06 14:05,0.276
03/31/06 14:10,0.310
03/31/06 14:15,0.317
03/31/06 14:20,0.320
03/31/06 14:25,0.271
03/31/06 14:30,0.252
03/31/06 14:35,0.274
03/31/06 14:40,0.271
03/31/06 14:45,0.219
03/31/06 14:50,0.202
03/31/06 14:55,0.225
03/31/06 15:00,0.227
03/31/06 15:05,0.250
03/31/06 15:10,0.277
03/31/06 15:15,0.222
03/31/06 15:20,0.194
03/31/06 15:25,0.155
03/31/06 15:30,0.145
03/31/06 15:35,0.137
03/31/06 15:40,0.119
03/31/06 15:45,0.122
03/31/06 15:50,0.097
03/31/06 15:55,0.111
03/31/06 16:00,0.140
03/31/06 16:05,0.141
03/31/06 16:10,0.140
03/31/06 16:15,0.152
03/31/06 16:20,0.165
03/31/06 16:25,0.174
03/31/06 16:30,0.178
03/31/06 16:35,0.174
03/31/06 16:40,0.158
03/31/06 16:45,0.127
03/31/06 16:50,0.102
03/31/06 16:55,0.085
03/31/06 17:00,0.070
03/31/06 17:05,0.045
03/31/06 17:10,0.027
03/31/06 17:15,0.019
03/31/06 17:20,0.011
03/31/06 17:25,0.005
03/31/06 17:30,0.002
03/31/06 17:35,0.001
03/31/06 17:40,0.000
03/31/06 17:45,0.000
03/31/06 17:50,0.000
03/31/06 17:55,0.000
03/31/06 18:00,0.000
03/31/06 18:05,0.000
03/31/06 18:10,0.000
03/31/06 18:15,0.000
03/31/06 18:20,0.000
03/31/06 18:25,0.000
03/31/06 18:30,0.000
03/31/06 18:35,0.000
03/31/06 18:40,0.000
03/31/06 18:45,0.000
03/31/06 18:50,0.000
03/31/06 18:55,0.000
03/31/06 19:00,0.000
03/31/06 19:05,0.000
03/31/06 19:10,0.000
03/31/06 19:15,0.000
03/31/06 19:20,0.000
03/31/06 19:25,0.000
03/31/06 19:30,0.000
03/31/06 19:35,0.000
03/31/06 19:40,0.000
03/31/06 19:45,0.000
03/31/06 19:50,0.000
03/31/06 19:55,0.000
03/31/06 20:00,0.000
03/31/06 20:05,0.000
03/31/06 20:10,0.000
03/31/06 20:15,0.000
03/31/06 20:20,0.000
03/31/06 20:25,0.000
03/31/06 20:30,0.000
03/31/06 20:35,0.000
03/31/06 20:40,0.000
03/31/06 20:45,0.000
03/31/06 20:50,0.000
03/31/06 20:55,0.000
03/31/06 21:00,0.000
03/31/06 21:05,0.000
03/31/06 21:10,0.000
03/31/06 21:15,0.000
03/31/06 21:20,0.000
03/31/06 21:25,0.000
03/31/06 21:30,0.000
03/31/06 21:35,0.000
03/31/06 21:40,0.000
03/31/06 21:45,0.000
03/31/06 21:50,0.000
03/31/06 21:55,0.000
03/31/06 22:00,0.000
03/31/06 22:05,0.000
03/31/06 22:10,0.000
03/31/06 22:15,0.000
03/31/06 22:20,0.000
03/31/06 22:25,0.000
03/31/06 22:30,0.000
03/31/06 22:35,0.000
03/31/06 22:40,0.000
03/31/06 22:45,0.000
03/31/06 22:50,0.000
03/31/06 22:55,0.000
03/31/06 23:00,0.000
03/31/06 23:05,0.000
03/31/06 23:10,0.000
03/31/06 23:15,0.000
03/31/06 23:20,0.000
03/31/06 23:25,0.000
03/31/06 23:30,0.000
03/31/06 23:35,0.000
03/31/06 23:40,0.000
03/31/06 23:45,0.000
03/31/06 23:50,0.000
03/31/06 23:55,0.000
04/01/06 00:00,0.000
04/01/06 00:05,0.000
04/01/06 00:10,0.000
04/01/06 00:15,0.000
04/01/06 00:20,0.000
04/01/06 00:25,0.000
04/01/06 00:30,0.000
04/01/06 00:35,0.000
04/01/06 00:40,0.000
04/01/06 00:45,0.000
04/01/06 00:50,0.000
04/01/06 00:55,0.000
04/01/06 01:00,0.000
04/01/06 01:05,0.000
04/01/06 01:10,0.000
04/01/06 01:15,0.000
04/01/06 01:20,0.000
04/01/06 01:25,0.000
04/01/06 01:30,0.000
04/01/06 01:35,0.000
04/01/06 01:40,0.000
04/01/06 01:45,0.000
04/01/06 01:50,0.000
04/01/06 01:55,0.000
04/01/06 02:00,0.000
04/01/06 02:05,0.000
04/01/06 02:10,0.000
04/01/06 02:15,0.000
04/01/06 02:20,0.000
04/01/06 02:25,0.000
04/01/06 02:30,0.000
04/01/06 02:35,0.000
04/01/06 02:40,0.000
04/01/06 02:45,0.000
04/01/06 02:50,0.000
04/01/06 02:55,0.000
04/01/06 03:00,0.000
04/01/06 03:05,0.000
04/01/06 03:10,0.000
04/01/06 03:15,0.000
04/01/06 03:20,0.000
04/01/06 03:25,0.000
04/01/06 03:30,0.000
04/01/06 03:35,0.000
04/01/06 03:40,0.000
04/01/06 03:45,0.000
04/01/06 03:50,0.000
04/01/06 03:55,0.000
04/01/06 04:00,0.000
04/01/06 04:05,0.000
04/01/06 04:10,0.000
04/01/06 04:15,0.000
04/01/06 04:20,0.000
04/01/06 04:25,0.000
04/01/06 04:30,0.000
04/01/06 04:35,0.000
04/01/06 04:40,0.000
04/01/06 04:45,0.000
04/01/06 04:50,0.000
04/01/06 04:55,0.000
04/01/06 05:00,0.000
04/01/06 05:05,0.000
04/01/06 05:10,0.000
04/01/06 05:15,0.000
04/01/06 05:20,0.000
04/01/06 05:25,0.000
04/01/06 05:30,0.000
04/01/06 05:35,0.000
04/01/06 05:40,0.000
04/01/06 05:45,0.000
04/01/06 05:50,0.000
04/01/06 05:55,0.000
04/01/06 06:00,0.000
04/01/06 06:05,0.000
04/01/06 06:10,0.000
04/01/06 06:15,0.000
04/01/06 06:20,0.000
04/01/06 06:25,0.000
04/01/06 06:30,0.001
04/01/06 06:35,0.001
04/01/06 06:40,0.002
04/01/06 06:45,0.003
04/01/06 06:50,0.005
04/01/06 06:55,0.005
04/01/06 07:00,0.005
04/01/06 07:05,0.006
04/01/06 07:10,0.008
04/01/06 07:15,0.013
04/01/06 07:20,0.024
04/01/06 07:25,0.047
04/01/06 07:30,0.081
04/01/06 07:35,0.098
04/01/06 07:40,0.119
04/01/06 07:45,0.139
04/01/06 07:50,0.165
04/01/06 07:55,0.191
04/01/06 08:00,0.185
04/01/06 08:05,0.157
04/01/06 08:10,0.164
04/01/06 08:15,0.168
04/01/06 08:20,0.153
04/01/06 08:25,0.135
04/01/06 08:30,0.122
04/01/06 08:35,0.110
04/01/06 08:40,0.096
04/01/06 08:45,0.081
04/01/06 08:50,0.061
04/01/06 08:55,0.066
04/01/06 09:00,0.118
04/01/06 09:05,0.166
04/01/06 09:10,0.188
04/01/06 09:15,0.193
04/01/06 09:20,0.183
04/01/06 09:25,0.162
04/01/06 09:30,0.154
04/01/06 09:35,0.154
04/01/06 09:40,0.154
04/01/06 09:45,0.152
04/01/06 09:50,0.154
04/01/06 09:55,0.181
04/01/06 10:00,0.255
04/01/06 10:05,0.307
04/01/06 10:10,0.309
04/01/06 10:15,0.290
04/01/06 10:20,0.297
04/01/06 10:25,0.321
04/01/06 10:30,0.359
04/01/06 10:35,0.359
04/01/06 10:40,0.357
04/01/06 10:45,0.341
04/01/06 10:50,0.319
04/01/06 10:55,0.310
04/01/06 11:00,0.349
04/01/06 11:05,0.379
04/01/06 11:10,0.388
04/01/06 11:15,0.387
04/01/06 11:20,0.383
04/01/06 11:25,0.360
04/01/06 11:30,0.326
04/01/06 11:35,0.305
04/01/06 11:40,0.288
04/01/06 11:45,0.290
04/01/06 11:50,0.301
04/01/06 11:55,0.304
04/01/06 12:00,0.331
04/01/06 12:05,0.342
04/01/06 12:10,0.343
04/01/06 12:15,0.346
04/01/06 12:20,0.352
04/01/06 12:25,0.362
04/01/06 12:30,0.363
04/01/06 12:35,0.360
04/01/06 12:40,0.355
04/01/06 12:45,0.346
04/01/06 12:50,0.346
04/01/06 12:55,0.347
04/01/06 13:00,0.310
04/01/06 13:05,0.272
04/01/06 13:10,0.232
04/01/06 13:15,0.186
04/01/06 13:20,0.160
04/01/06 13:25,0.135
04/01/06 13:30,0.112
04/01/06 13:35,0.086
04/01/06 13:40,0.041
04/01/06 13:45,0.017
04/01/06 13:50,0.007
04/01/06 13:55,0.003
04/01/06 14:00,0.007
04/01/06 14:05,0.016
04/01/06 14:10,0.024
04/01/06 14:15,0.032
04/01/06 14:20,0.051
04/01/06 14:25,0.065
04/01/06 14:30,0.075
04/01/06 14:35,0.083
04/01/06 14:40,0.085
04/01/06 14:45,0.086
04/01/06 14:50,0.087
04/01/06 14:55,0.087
04/01/06 15:00,0.076
04/01/06 15:05,0.038
04/01/06 15:10,0.023
04/01/06 15:15,0.014
04/01/06 15:20,0.009
04/01/06 15:25,0.007
04/01/06 15:30,0.005
04/01/06 15:35,0.004
04/01/06 15:40,0.003
04/01/06 15:45,0.002
04/01/06 15:50,0.002
04/01/06 15:55,0.002
04/01/06 16:00,0.002
04/01/06 16:05,0.002
04/01/06 16:10,0.002
04/01/06 16:15,0.003
04/01/06 16:20,0.002
04/01/06 16:25,0.001
04/01/06 16:30,0.001
04/01/06 16:35,0.002
04/01/06 16:40,0.002
04/01/06 16:45,0.002
04/01/06 16:50,0.002
04/01/06 16:55,0.001
04/01/06 17:00,0.001
04/01/06 17:05,0.000
04/01/06 17:10,0.000
04/01/06 17:15,0.000
04/01/06 17:20,0.000
04/01/06 17:25,0.000
04/01/06 17:30,0.000
04/01/06 17:35,0.000
04/01/06 17:40,0.000
04/01/06 17:45,0.000
04/01/06 17:50,0.000
04/01/06 17:55,0.000
04/01/06 18:00,0.000
04/01/06 18:05,0.000
04/01/06 18:10,0.000
04/01/06 18:15,0.000
04/01/06 18:20,0.000
04/01/06 18:25,0.000
04/01/06 18:30,0.000
04/01/06 18:35,0.000
04/01/06 18:40,0.000
04/01/06 18:45,0.000
04/01/06 18:50,0.000
04/01/06 18:55,0.000
04/01/06 19:00,0.000
04/01/06 19:05,0.000
04/01/06 19:10,0.000
04/01/06 19:15,0.000
04/01/06 19:20,0.000
04/01/06 19:25,0.000
04/01/06 19:30,0.000
04/01/06 19:35,0.000
04/01/06 19:40,0.000
04/01/06 19:45,0.000
04/01/06 19:50,0.000
04/01/06 19:55,0.000
04/01/06 20:00,0.000
04/01/06 20:05,0.000
04/01/06 20:10,0.000
04/01/06 20:15,0.000
04/01/06 20:20,0.000
04/01/06 20:25,0.000
04/01/06 20:30,0.000
04/01/06 20:35,0.000
04/01/06 20:40,0.000
04/01/06 20:45,0.000
04/01/06 20:50,0.000
04/01/06 20:55,0.000
04/01/06 21:00,0.000
04/01/06 21:05,0.000
04/01/06 21:10,0.000
04/01/06 21:15,0.000
04/01/06 21:20,0.000
04/01/06 21:25,0.000
04/01/06 21:30,0.000
04/01/06 21:35,0.000
04/01/06 21:40,0.000
04/01/06 21:45,0.000
04/01/06 21:50,0.000
04/01/06 21:55,0.000
04/01/06 22:00,0.000
04/01/06 22:05,0.000
04/01/06 22:10,0.000
04/01/06 22:15,0.000
04/01/06 22:20,0.000
04/01/06 22:25,0.000
04/01/06 22:30,0.000
04/01/06 22:35,0.000
04/01/06 22:40,0.000
04/01/06 22:45,0.000
04/01/06 22:50,0.000
04/01/06 22:55,0.000
04/01/06 23:00,0.000
04/01/06 23:05,0.000
04/01/06 23:10,0.000
04/01/06 23:15,0.000
04/01/06 23:20,0.000
04/01/06 23:25,0.000
04/01/06 23:30,0.000
04/01/06 23:35,0.000
04/01/06 23:40,0.000
04/01/06 23:45,0.000
04/01/06 23:50,0.000
04/01/06 23:55,0.000
04/02/06 00:00,0.000
04/02/06 00:05,0.000
04/02/06 00:10,0.000
04/02/06 00:15,0.000
04/02/06 00:20,0.000
04/02/06 00:25,0.000
04/02/06 00:30,0.000
04/02/06 00:35,0.000
04/02/06 00:40,0.000
04/02/06 00:45,0.000
04/02/06 00:50,0.000
04/02/06 00:55,0.000
04/02/06 01:00,0.000
04/02/06 01:05,0.000
04/02/06 01:10,0.000
04/02/06 01:15,0.000
04/02/06 01:20,0.000
04/02/06 01:25,0.000
04/02/06 01:30,0.000
04/02/06 01:35,0.000
04/02/06 01:40,0.000
04/02/06 01:45,0.000
04/02/06 01:50,0.000
04/02/06 01:55,0.000
04/02/06 02:00,0.000
04/02/06 02:05,0.000
04/02/06 02:10,0.000
04/02/06 02:15,0.000
04/02/06 02:20,0.000
04/02/06 02:25,0.000
04/02/06 02:30,0.000
04/02/06 02:35,0.000
04/02/06 02:40,0.000
04/02/06 02:45,0.000
04/02/06 02:50,0.000
04/02/06 02:55,0.000
04/02/06 03:00,0.000
04/02/06 03:05,0.000
04/02/06 03:10,0.000
04/02/06 03:15,0.000
04/02/06 03:20,0.000
04/02/06 03:25,0.000
04/02/06 03:30,0.000
04/02/06 03:35,0.000
04/02/06 03:40,0.000
04/02/06 03:45,0.000
04/02/06 03:50,0.000
04/02/06 03:55,0.000
04/02/06 04:00,0.000
04/02/06 04:05,0.000
04/02/06 04:10,0.000
04/02/06 04:15,0.000
04/02/06 04:20,0.000
04/02/06 04:25,0.000
04/02/06 04:30,0.000
04/02/06 04:35,0.000
04/02/06 04:40,0.000
04/02/06 04:45,0.000
04/02/06 04:50,0.000
04/02/06 04:55,0.000
04/02/06 05:00,0.000
04/02/06 05:05,0.000
04/02/06 05:10,0.000
04/02/06 05:15,0.000
04/02/06 05:20,0.000
04/02/06 05:25,0.000
04/02/06 05:30,0.000
04/02/06 05:35,0.000
04/02/06 05:40,0.000
04/02/06 05:45,0.000
04/02/06 05:50,0.000
04/02/06 05:55,0.000
04/02/06 06:00,0.000
04/02/06 06:05,0.001
04/02/06 06:10,0.003
04/02/06 06:15,0.007
04/02/06 06:20,0.014
04/02/06 06:25,0.027
04/02/06 06:30,0.049
04/02/06 06:35,0.079
04/02/06 06:40,0.090
04/02/06 06:45,0.101
04/02/06 06:50,0.113
04/02/06 06:55,0.125
04/02/06 07:00,0.134
04/02/06 07:05,0.130
04/02/06 07:10,0.128
04/02/06 07:15,0.135
04/02/06 07:20,0.152
04/02/06 07:25,0.163
04/02/06 07:30,0.177
04/02/06 07:35,0.194
04/02/06 07:40,0.200
04/02/06 07:45,0.221
04/02/06 07:50,0.244
04/02/06 07:55,0.252
04/02/06 08:00,0.271
04/02/06 08:05,0.290
04/02/06 08:10,0.269
04/02/06 08:15,0.300
04/02/06 08:20,0.331
04/02/06 08:25,0.338
04/02/06 08:30,0.301
04/02/06 08:35,0.264
04/02/06 08:40,0.273
04/02/06 08:45,0.320
04/02/06 08:50,0.345
04/02/06 08:55,0.381
04/02/06 09:00,0.414
04/02/06 09:05,0.405
04/02/06 09:10,0.385
04/02/06 09:15,0.397
04/02/06 09:20,0.424
04/02/06 09:25,0.426
04/02/06 09:30,0.419
04/02/06 09:35,0.426
04/02/06 09:40,0.452
04/02/06 09:45,0.444
04/02/06 09:50,0.442
04/02/06 09:55,0.436
04/02/06 10:00,0.440
04/02/06 10:05,0.450
04/02/06 10:10,0.456
04/02/06 10:15,0.477
04/02/06 10:20,0.451
04/02/06 10:25,0.459
04/02/06 10:30,0.444
04/02/06 10:35,0.442
04/02/06 10:40,0.459
04/02/06 10:45,0.460
04/02/06 10:50,0.432
04/02/06 10:55,0.434
04/02/06 11:00,0.454
04/02/06 11:05,0.430
04/02/06 11:10,0.432
04/02/06 11:15,0.422
04/02/06 11:20,0.398
04/02/06 11:25,0.431
04/02/06 11:30,0.455
04/02/06 11:35,0.465
04/02/06 11:40,0.489
04/02/06 11:45,0.511
04/02/06 11:50,0.509
04/02/06 11:55,0.496
04/02/06 12:00,0.480
04/02/06 12:05,0.480
04/02/06 12:10,0.474
04/02/06 12:15,0.473
04/02/06 12:20,0.474
04/02/06 12:25,0.474
04/02/06 12:30,0.471
04/02/06 12:35,0.464
04/02/06 12:40,0.461
04/02/06 12:45,0.454
04/02/06 12:50,0.448
04/02/06 12:55,0.447
04/02/06 13:00,0.441
04/02/06 13:05,0.442
04/02/06 13:10,0.455
04/02/06 13:15,0.462
04/02/06 13:20,0.462
04/02/06 13:25,0.464
04/02/06 13:30,0.470
04/02/06 13:35,0.469
04/02/06 13:40,0.460
04/02/06 13:45,0.456
04/02/06 13:50,0.459
04/02/06 13:55,0.452
04/02/06 14:00,0.469
04/02/06 14:05,0.477
04/02/06 14:10,0.476
04/02/06 14:15,0.466
04/02/06 14:20,0.454
04/02/06 14:25,0.448
04/02/06 14:30,0.439
04/02/06 14:35,0.427
04/02/06 14:40,0.423
04/02/06 14:45,0.419
04/02/06 14:50,0.416
04/02/06 14:55,0.412
04/02/06 15:00,0.399
04/02/06 15:05,0.392
04/02/06 15:10,0.386
04/02/06 15:15,0.379
04/02/06 15:20,0.370
04/02/06 15:25,0.356
04/02/06 15:30,0.342
04/02/06 15:35,0.333
04/02/06 15:40,0.321
04/02/06 15:45,0.304
04/02/06 15:50,0.284
04/02/06 15:55,0.268
04/02/06 16:00,0.246
04/02/06 16:05,0.232
04/02/06 16:10,0.228
04/02/06 16:15,0.219
04/02/06 16:20,0.208
04/02/06 16:25,0.196
04/02/06 16:30,0.184
04/02/06 16:35,0.173
04/02/06 16:40,0.161
04/02/06 16:45,0.148
04/02/06 16:50,0.135
04/02/06 16:55,0.121
04/02/06 17:00,0.102
04/02/06 17:05,0.088
04/02/06 17:10,0.075
04/02/06 17:15,0.053
04/02/06 17:20,0.029
04/02/06 17:25,0.014
04/02/06 17:30,0.006
04/02/06 17:35,0.002
04/02/06 17:40,0.001
04/02/06 17:45,0.000
04/02/06 17:50,0.000
04/02/06 17:55,0.000
04/02/06 18:00,0.000
04/02/06 18:05,0.000
04/02/06 18:10,0.000
04/02/06 18:15,0.000
04/02/06 18:20,0.000
04/02/06 18:25,0.000
04/02/06 18:30,0.000
04/02/06 18:35,0.000
04/02/06 18:40,0.000
04/02/06 18:45,0.000
04/02/06 18:50,0.000
04/02/06 18:55,0.000
04/02/06 19:00,0.000
04/02/06 19:05,0.000
04/02/06 19:10,0.000
04/02/06 19:15,0.000
04/02/06 19:20,0.000
04/02/06 19:25,0.000
04/02/06 19:30,0.000
04/02/06 19:35,0.000
04/02/06 19:40,0.000
04/02/06 19:45,0.000
04/02/06 19:50,0.000
04/02/06 19:55,0.000
04/02/06 20:00,0.000
04/02/06 20:05,0.000
04/02/06 20:10,0.000
04/02/06 20:15,0.000
04/02/06 20:20,0.000
04/02/06 20:25,0.000
04/02/06 20:30,0.000
04/02/06 20:35,0.000
04/02/06 20:40,0.000
04/02/06 20:45,0.000
04/02/06 20:50,0.000
04/02/06 20:55,0.000
04/02/06 21:00,0.000
04/02/06 21:05,0.000
04/02/06 21:10,0.000
04/02/06 21:15,0.000
04/02/06 21:20,0.000
04/02/06 21:25,0.000
04/02/06 21:30,0.000
04/02/06 21:35,0.000
04/02/06 21:40,0.000
04/02/06 21:45,0.000
04/02/06 21:50,0.000
04/02/06 21:55,0.000
04/02/06 22:00,0.000
04/02/06 22:05,0.000
04/02/06 22:10,0.000
04/02/06 22:15,0.000
04/02/06 22:20,0.000
04/02/06 22:25,0.000
04/02/06 22:30,0.000
04/02/06 22:35,0.000
04/02/06 22:40,0.000
04/02/06 22:45,0.000
04/02/06 22:50,0.000
04/02/06 22:55,0.000
04/02/06 23:00,0.000
04/02/06 23:05,0.000
04/02/06 23:10,0.000
04/02/06 23:15,0.000
04/02/06 23:20,0.000
04/02/06 23:25,0.000
04/02/06 23:30,0.000
04/02/06 23:35,0.000
04/02/06 23:40,0.000
04/02/06 23:45,0.000
04/02/06 23:50,0.000
04/02/06 23:55,0.000
04/03/06 00:00,0.000
04/03/06 00:05,0.000
04/03/06 00:10,0.000
04/03/06 00:15,0.000
04/03/06 00:20,0.000
04/03/06 00:25,0.000
04/03/06 00:30,0.000
04/03/06 00:35,0.000
04/03/06 00:40,0.000
04/03/06 00:45,0.000
04/03/06 00:50,0.000
04/03/06 00:55,0.000
04/03/06 01:00,0.000
04/03/06 01:05,0.000
04/03/06 01:10,0.000
04/03/06 01:15,0.000
04/03/06 01:20,0.000
04/03/06 01:25,0.000
04/03/06 01:30,0.000
04/03/06 01:35,0.000
04/03/06 01:40,0.000
04/03/06 01:45,0.000
04/03/06 01:50,0.000
04/03/06 01:55,0.000
04/03/06 02:00,0.000
04/03/06 02:05,0.000
04/03/06 02:10,0.000
04/03/06 02:15,0.000
04/03/06 02:20,0.000
04/03/06 02:25,0.000
04/03/06 02:30,0.000
04/03/06 02:35,0.000
04/03/06 02:40,0.000
04/03/06 02:45,0.000
04/03/06 02:50,0.000
04/03/06 02:55,0.000
04/03/06 03:00,0.000
04/03/06 03:05,0.000
04/03/06 03:10,0.000
04/03/06 03:15,0.000
04/03/06 03:20,0.000
04/03/06 03:25,0.000
04/03/06 03:30,0.000
04/03/06 03:35,0.000
04/03/06 03:40,0.000
04/03/06 03:45,0.000
04/03/06 03:50,0.000
04/03/06 03:55,0.000
04/03/06 04:00,0.000
04/03/06 04:05,0.000
04/03/06 04:10,0.000
04/03/06 04:15,0.000
04/03/06 04:20,0.000
04/03/06 04:25,0.000
04/03/06 04:30,0.000
04/03/06 04:35,0.000
04/03/06 04:40,0.000
04/03/06 04:45,0.000
04/03/06 04:50,0.000
04/03/06 04:55,0.000
04/03/06 05:00,0.000
04/03/06 05:05,0.000
04/03/06 05:10,0.000
04/03/06 05:15,0.000
04/03/06 05:20,0.000
04/03/06 05:25,0.000
04/03/06 05:30,0.000
04/03/06 05:35,0.000
04/03/06 05:40,0.000
04/03/06 05:45,0.000
04/03/06 05:50,0.000
04/03/06 05:55,0.000
04/03/06 06:00,0.000
04/03/06 06:05,0.000
04/03/06 06:10,0.000
04/03/06 06:15,0.000
04/03/06 06:20,0.000
04/03/06 06:25,0.000
04/03/06 06:30,0.000
04/03/06 06:35,0.000
04/03/06 06:40,0.000
04/03/06 06:45,0.000
04/03/06 06:50,0.000
04/03/06 06:55,0.000
04/03/06 07:00,0.000
04/03/06 07:05,0.001
04/03/06 07:10,0.002
04/03/06 07:15,0.003
04/03/06 07:20,0.005
04/03/06 07:25,0.008
04/03/06 07:30,0.011
04/03/06 07:35,0.014
04/03/06 07:40,0.018
04/03/06 07:45,0.024
04/03/06 07:50,0.029
04/03/06 07:55,0.033
04/03/06 08:00,0.048
04/03/06 08:05,0.090
04/03/06 08:10,0.118
04/03/06 08:15,0.149
04/03/06 08:20,0.173
04/03/06 08:25,0.190
04/03/06 08:30,0.199
04/03/06 08:35,0.210
04/03/06 08:40,0.214
04/03/06 08:45,0.193
04/03/06 08:50,0.173
04/03/06 08:55,0.161
04/03/06 09:00,0.134
04/03/06 09:05,0.120
04/03/06 09:10,0.112
04/03/06 09:15,0.103
04/03/06 09:20,0.100
04/03/06 09:25,0.104
04/03/06 09:30,0.111
04/03/06 09:35,0.124
04/03/06 09:40,0.143
04/03/06 09:45,0.151
04/03/06 09:50,0.156
04/03/06 09:55,0.165
04/03/06 10:00,0.184
04/03/06 10:05,0.185
04/03/06 10:10,0.183
04/03/06 10:15,0.204
04/03/06 10:20,0.242
04/03/06 10:25,0.269
04/03/06 10:30,0.298
04/03/06 10:35,0.341
04/03/06 10:40,0.372
04/03/06 10:45,0.393
04/03/06 10:50,0.412
04/03/06 10:55,0.424
04/03/06 11:00,0.361
04/03/06 11:05,0.297
04/03/06 11:10,0.264
04/03/06 11:15,0.248
04/03/06 11:20,0.228
04/03/06 11:25,0.217
04/03/06 11:30,0.212
04/03/06 11:35,0.208
04/03/06 11:40,0.199
04/03/06 11:45,0.188
04/03/06 11:50,0.182
04/03/06 11:55,0.178
04/03/06 12:00,0.155
04/03/06 12:05,0.126
04/03/06 12:10,0.108
04/03/06 12:15,0.100
04/03/06 12:20,0.098
04/03/06 12:25,0.098
04/03/06 12:30,0.102
04/03/06 12:35,0.103
04/03/06 12:40,0.103
04/03/06 12:45,0.100
04/03/06 12:50,0.097
04/03/06 12:55,0.096
04/03/06 13:00,0.101
04/03/06 13:05,0.102
04/03/06 13:10,0.103
04/03/06 13:15,0.105
04/03/06 13:20,0.108
04/03/06 13:25,0.113
04/03/06 13:30,0.117
04/03/06 13:35,0.120
04/03/06 13:40,0.119
04/03/06 13:45,0.117
04/03/06 13:50,0.117
04/03/06 13:55,0.116
04/03/06 14:00,0.114
04/03/06 14:05,0.109
04/03/06 14:10,0.105
04/03/06 14:15,0.101
04/03/06 14:20,0.099
04/03/06 14:25,0.097
04/03/06 14:30,0.097
04/03/06 14:35,0.105
04/03/06 14:40,0.107
04/03/06 14:45,0.113
04/03/06 14:50,0.115
04/03/06 14:55,0.117
04/03/06 15:00,0.116
04/03/06 15:05,0.118
04/03/06 15:10,0.120
04/03/06 15:15,0.118
04/03/06 15:20,0.096
04/03/06 15:25,0.078
04/03/06 15:30,0.069
04/03/06 15:35,0.059
04/03/06 15:40,0.050
04/03/06 15:45,0.051
04/03/06 15:50,0.058
04/03/06 15:55,0.059
04/03/06 16:00,0.080
04/03/06 16:05,0.089
04/03/06 16:10,0.090
04/03/06 16:15,0.083
04/03/06 16:20,0.074
04/03/06 16:25,0.079
04/03/06 16:30,0.086
04/03/06 16:35,0.080
04/03/06 16:40,0.039
04/03/06 16:45,0.018
04/03/06 16:50,0.010
04/03/06 16:55,0.006
04/03/06 17:00,0.010
04/03/06 17:05,0.005
04/03/06 17:10,0.005
04/03/06 17:15,0.007
04/03/06 17:20,0.006
04/03/06 17:25,0.004
04/03/06 17:30,0.002
04/03/06 17:35,0.001
04/03/06 17:40,0.000
04/03/06 17:45,0.000
04/03/06 17:50,0.000
04/03/06 17:55,0.000
04/03/06 18:00,0.000
04/03/06 18:05,0.000
04/03/06 18:10,0.000
04/03/06 18:15,0.000
04/03/06 18:20,0.000
04/03/06 18:25,0.000
04/03/06 18:30,0.000
04/03/06 18:35,0.000
04/03/06 18:40,0.000
04/03/06 18:45,0.000
04/03/06 18:50,0.000
04/03/06 18:55,0.000
04/03/06 19:00,0.000
04/03/06 19:05,0.000
04/03/06 19:10,0.000
04/03/06 19:15,0.000
04/03/06 19:20,0.000
04/03/06 19:25,0.000
04/03/06 19:30,0.000
04/03/06 19:35,0.000
04/03/06 19:40,0.000
04/03/06 19:45,0.000
04/03/06 19:50,0.000
04/03/06 19:55,0.000
04/03/06 20:00,0.000
04/03/06 20:05,0.000
04/03/06 20:10,0.000
04/03/06 20:15,0.000
04/03/06 20:20,0.000
04/03/06 20:25,0.000
04/03/06 20:30,0.000
04/03/06 20:35,0.000
04/03/06 20:40,0.000
04/03/06 20:45,0.000
04/03/06 20:50,0.000
04/03/06 20:55,0.000
04/03/06 21:00,0.000
04/03/06 21:05,0.000
04/03/06 21:10,0.000
04/03/06 21:15,0.000
04/03/06 21:20,0.000
04/03/06 21:25,0.000
04/03/06 21:30,0.000
04/03/06 21:35,0.000
04/03/06 21:40,0.000
04/03/06 21:45,0.000
04/03/06 21:50,0.000
04/03/06 21:55,0.000
04/03/06 22:00,0.000
04/03/06 22:05,0.000
04/03/06 22:10,0.000
04/03/06 22:15,0.000
04/03/06 22:20,0.000
04/03/06 22:25,0.000
04/03/06 22:30,0.000
04/03/06 22:35,0.000
04/03/06 22:40,0.000
04/03/06 22:45,0.000
04/03/06 22:50,0.000
04/03/06 22:55,0.000
04/03/06 23:00,0.000
04/03/06 23:05,0.000
04/03/06 23:10,0.000
04/03/06 23:15,0.000
04/03/06 23:20,0.000
04/03/06 23:25,0.000
04/03/06 23:30,0.000
04/03/06 23:35,0.000
04/03/06 23:40,0.000
04/03/06 23:45,0.000
04/03/06 23:50,0.000
04/03/06 23:55,0.000
04/04/06 00:00,0.000
04/04/06 00:05,0.000
04/04/06 00:10,0.000
04/04/06 00:15,0.000
04/04/06 00:20,0.000
04/04/06 00:25,0.000
04/04/06 00:30,0.000
04/04/06 00:35,0.000
04/04/06 00:40,0.000
04/04/06 00:45,0.000
04/04/06 00:50,0.000
04/04/06 00:55,0.000
04/04/06 01:00,0.000
04/04/06 01:05,0.000
04/04/06 01:10,0.000
04/04/06 01:15,0.000
04/04/06 01:20,0.000
04/04/06 01:25,0.000
04/04/06 01:30,0.000
04/04/06 01:35,0.000
04/04/06 01:40,0.000
04/04/06 01:45,0.000
04/04/06 01:50,0.000
04/04/06 01:55,0.000
04/04/06 02:00,0.000
04/04/06 02:05,0.000
04/04/06 02:10,0.000
04/04/06 02:15,0.000
04/04/06 02:20,0.000
04/04/06 02:25,0.000
04/04/06 02:30,0.000
04/04/06 02:35,0.000
04/04/06 02:40,0.000
04/04/06 02:45,0.000
04/04/06 02:50,0.000
04/04/06 02:55,0.000
04/04/06 03:00,0.000
04/04/06 03:05,0.000
04/04/06 03:10,0.000
04/04/06 03:15,0.000
04/04/06 03:20,0.000
04/04/06 03:25,0.000
04/04/06 03:30,0.000
04/04/06 03:35,0.000
04/04/06 03:40,0.000
04/04/06 03:45,0.000
04/04/06 03:50,0.000
04/04/06 03:55,0.000
04/04/06 04:00,0.000
04/04/06 04:05,0.000
04/04/06 04:10,0.000
04/04/06 04:15,0.000
04/04/06 04:20,0.000
04/04/06 04:25,0.000
04/04/06 04:30,0.000
04/04/06 04:35,0.000
04/04/06 04:40,0.000
04/04/06 04:45,0.000
04/04/06 04:50,0.000
04/04/06 04:55,0.000
04/04/06 05:00,0.000
04/04/06 05:05,0.000
04/04/06 05:10,0.000
04/04/06 05:15,0.000
04/04/06 05:20,0.000
04/04/06 05:25,0.000
04/04/06 05:30,0.000
04/04/06 05:35,0.000
04/04/06 05:40,0.000
04/04/06 05:45,0.000
04/04/06 05:50,0.000
04/04/06 05:55,0.000
04/04/06 06:00,0.000
04/04/06 06:05,0.000
04/04/06 06:10,0.000
04/04/06 06:15,0.001
04/04/06 06:20,0.002
04/04/06 06:25,0.003
04/04/06 06:30,0.004
04/04/06 06:35,0.006
04/04/06 06:40,0.010
04/04/06 06:45,0.016
04/04/06 06:50,0.023
04/04/06 06:55,0.035
04/04/06 07:00,0.054
04/04/06 07:05,0.075
04/04/06 07:10,0.083
04/04/06 07:15,0.087
04/04/06 07:20,0.090
04/04/06 07:25,0.094
04/04/06 07:30,0.096
04/04/06 07:35,0.096
04/04/06 07:40,0.092
04/04/06 07:45,0.084
04/04/06 07:50,0.083
04/04/06 07:55,0.081
04/04/06 08:00,0.071
04/04/06 08:05,0.062
04/04/06 08:10,0.056
04/04/06 08:15,0.055
04/04/06 08:20,0.047
04/04/06 08:25,0.047
04/04/06 08:30,0.050
04/04/06 08:35,0.052
04/04/06 08:40,0.060
04/04/06 08:45,0.065
04/04/06 08:50,0.071
04/04/06 08:55,0.068
04/04/06 09:00,0.057
04/04/06 09:05,0.062
04/04/06 09:10,0.055
04/04/06 09:15,0.056
04/04/06 09:20,0.059
04/04/06 09:25,0.074
04/04/06 09:30,0.083
04/04/06 09:35,0.086
04/04/06 09:40,0.086
04/04/06 09:45,0.091
04/04/06 09:50,0.103
04/04/06 09:55,0.107
04/04/06 10:00,0.095
04/04/06 10:05,0.084
04/04/06 10:10,0.068
04/04/06 10:15,0.049
04/04/06 10:20,0.037
04/04/06 10:25,0.026
04/04/06 10:30,0.024
04/04/06 10:35,0.023
04/04/06 10:40,0.020
04/04/06 10:45,0.019
04/04/06 10:50,0.015
04/04/06 10:55,0.016
04/04/06 11:00,0.032
04/04/06 11:05,0.069
04/04/06 11:10,0.088
04/04/06 11:15,0.100
04/04/06 11:20,0.101
04/04/06 11:25,0.101
04/04/06 11:30,0.106
04/04/06 11:35,0.126
04/04/06 11:40,0.133
04/04/06 11:45,0.141
04/04/06 11:50,0.123
04/04/06 11:55,0.099
04/04/06 12:00,0.106
04/04/06 12:05,0.107
04/04/06 12:10,0.108
04/04/06 12:15,0.112
04/04/06 12:20,0.116
04/04/06 12:25,0.117
04/04/06 12:30,0.118
04/04/06 12:35,0.118
04/04/06 12:40,0.124
04/04/06 12:45,0.136
04/04/06 12:50,0.142
04/04/06 12:55,0.143
04/04/06 13:00,0.131
04/04/06 13:05,0.112
04/04/06 13:10,0.100
04/04/06 13:15,0.096
04/04/06 13:20,0.090
04/04/06 13:25,0.085
04/04/06 13:30,0.081
04/04/06 13:35,0.072
04/04/06 13:40,0.059
04/04/06 13:45,0.049
04/04/06 13:50,0.037
04/04/06 13:55,0.030
04/04/06 14:00,0.038
04/04/06 14:05,0.042
04/04/06 14:10,0.032
04/04/06 14:15,0.023
04/04/06 14:20,0.013
04/04/06 14:25,0.007
04/04/06 14:30,0.004
04/04/06 14:35,0.003
04/04/06 14:40,0.002
04/04/06 14:45,0.001
04/04/06 14:50,0.001
04/04/06 14:55,0.001
04/04/06 15:00,0.006
04/04/06 15:05,0.016
04/04/06 15:10,0.026
04/04/06 15:15,0.032
04/04/06 15:20,0.035
04/04/06 15:25,0.035
04/04/06 15:30,0.032
04/04/06 15:35,0.025
04/04/06 15:40,0.019
04/04/06 15:45,0.015
04/04/06 15:50,0.010
04/04/06 15:55,0.007
04/04/06 16:00,0.005
04/04/06 16:05,0.004
04/04/06 16:10,0.004
04/04/06 16:15,0.003
04/04/06 16:20,0.003
04/04/06 16:25,0.002
04/04/06 16:30,0.001
04/04/06 16:35,0.001
04/04/06 16:40,0.001
04/04/06 16:45,0.000
04/04/06 16:50,0.000
04/04/06 16:55,0.000
04/04/06 17:00,0.000
04/04/06 17:05,0.000
04/04/06 17:10,0.000
04/04/06 17:15,0.000
04/04/06 17:20,0.000
04/04/06 17:25,0.000
04/04/06 17:30,0.000
04/04/06 17:35,0.000
04/04/06 17:40,0.000
04/04/06 17:45,0.000
04/04/06 17:50,0.000
04/04/06 17:55,0.000
04/04/06 18:00,0.000
04/04/06 18:05,0.000
04/04/06 18:10,0.000
04/04/06 18:15,0.000
04/04/06 18:20,0.000
04/04/06 18:25,0.000
04/04/06 18:30,0.000
04/04/06 18:35,0.000
04/04/06 18:40,0.000
04/04/06 18:45,0.000
04/04/06 18:50,0.000
04/04/06 18:55,0.000
04/04/06 19:00,0.000
04/04/06 19:05,0.000
04/04/06 19:10,0.000
04/04/06 19:15,0.000
04/04/06 19:20,0.000
04/04/06 19:25,0.000
04/04/06 19:30,0.000
04/04/06 19:35,0.000
04/04/06 19:40,0.000
04/04/06 19:45,0.000
04/04/06 19:50,0.000
04/04/06 19:55,0.000
04/04/06 20:00,0.000
04/04/06 20:05,0.000
04/04/06 20:10,0.000
04/04/06 20:15,0.000
04/04/06 20:20,0.000
04/04/06 20:25,0.000
04/04/06 20:30,0.000
04/04/06 20:35,0.000
04/04/06 20:40,0.000
04/04/06 20:45,0.000
04/04/06 20:50,0.000
04/04/06 20:55,0.000
04/04/06 21:00,0.000
04/04/06 21:05,0.000
04/04/06 21:10,0.000
04/04/06 21:15,0.000
04/04/06 21:20,0.000
04/04/06 21:25,0.000
04/04/06 21:30,0.000
04/04/06 21:35,0.000
04/04/06 21:40,0.000
04/04/06 21:45,0.000
04/04/06 21:50,0.000
04/04/06 21:55,0.000
04/04/06 22:00,0.000
04/04/06 22:05,0.000
04/04/06 22:10,0.000
04/04/06 22:15,0.000
04/04/06 22:20,0.000
04/04/06 22:25,0.000
04/04/06 22:30,0.000
04/04/06 22:35,0.000
04/04/06 22:40,0.000
04/04/06 22:45,0.000
04/04/06 22:50,0.000
04/04/06 22:55,0.000
04/04/06 23:00,0.000
04/04/06 23:05,0.000
04/04/06 23:10,0.000
04/04/06 23:15,0.000
04/04/06 23:20,0.000
04/04/06 23:25,0.000
04/04/06 23:30,0.000
04/04/06 23:35,0.000
04/04/06 23:40,0.000
04/04/06 23:45,0.000
04/04/06 23:50,0.000
04/04/06 23:55,0.000
04/05/06 00:00,0.000
04/05/06 00:05,0.000
04/05/06 00:10,0.000
04/05/06 00:15,0.000
04/05/06 00:20,0.000
04/05/06 00:25,0.000
04/05/06 00:30,0.000
04/05/06 00:35,0.000
04/05/06 00:40,0.000
04/05/06 00:45,0.000
04/05/06 00:50,0.000
04/05/06 00:55,0.000
04/05/06 01:00,0.000
04/05/06 01:05,0.000
04/05/06 01:10,0.000
04/05/06 01:15,0.000
04/05/06 01:20,0.000
04/05/06 01:25,0.000
04/05/06 01:30,0.000
04/05/06 01:35,0.000
04/05/06 01:40,0.000
04/05/06 01:45,0.000
04/05/06 01:50,0.000
04/05/06 01:55,0.000
04/05/06 02:00,0.000
04/05/06 02:05,0.000
04/05/06 02:10,0.000
04/05/06 02:15,0.000
04/05/06 02:20,0.000
04/05/06 02:25,0.000
04/05/06 02:30,0.000
04/05/06 02:35,0.000
04/05/06 02:40,0.000
04/05/06 02:45,0.000
04/05/06 02:50,0.000
04/05/06 02:55,0.000
04/05/06 03:00,0.000
04/05/06 03:05,0.000
04/05/06 03:10,0.000
04/05/06 03:15,0.000
04/05/06 03:20,0.000
04/05/06 03:25,0.000
04/05/06 03:30,0.000
04/05/06 03:35,0.000
04/05/06 03:40,0.000
04/05/06 03:45,0.000
04/05/06 03:50,0.000
04/05/06 03:55,0.000
04/05/06 04:00,0.000
04/05/06 04:05,0.000
04/05/06 04:10,0.000
04/05/06 04:15,0.000
04/05/06 04:20,0.000
04/05/06 04:25,0.000
04/05/06 04:30,0.000
04/05/06 04:35,0.000
04/05/06 04:40,0.000
04/05/06 04:45,0.000
04/05/06 04:50,0.000
04/05/06 04:55,0.000
04/05/06 05:00,0.000
04/05/06 05:05,0.000
04/05/06 05:10,0.000
04/05/06 05:15,0.000
04/05/06 05:20,0.000
04/05/06 05:25,0.000
04/05/06 05:30,0.000
04/05/06 05:35,0.000
04/05/06 05:40,0.000
04/05/06 05:45,0.000
04/05/06 05:50,0.000
04/05/06 05:55,0.000
04/05/06 06:00,0.000
04/05/06 06:05,0.001
04/05/06 06:10,0.001
04/05/06 06:15,0.002
04/05/06 06:20,0.003
04/05/06 06:25,0.006
04/05/06 06:30,0.012
04/05/06 06:35,0.032
04/05/06 06:40,0.048
04/05/06 06:45,0.039
04/05/06 06:50,0.023
04/05/06 06:55,0.048
04/05/06 07:00,0.062
04/05/06 07:05,0.071
04/05/06 07:10,0.075
04/05/06 07:15,0.079
04/05/06 07:20,0.085
04/05/06 07:25,0.093
04/05/06 07:30,0.101
04/05/06 07:35,0.109
04/05/06 07:40,0.120
04/05/06 07:45,0.129
04/05/06 07:50,0.138
04/05/06 07:55,0.145
04/05/06 08:00,0.151
04/05/06 08:05,0.149
04/05/06 08:10,0.132
04/05/06 08:15,0.128
04/05/06 08:20,0.125
04/05/06 08:25,0.140
04/05/06 08:30,0.163
04/05/06 08:35,0.197
04/05/06 08:40,0.226
04/05/06 08:45,0.205
04/05/06 08:50,0.197
04/05/06 08:55,0.189
04/05/06 09:00,0.181
04/05/06 09:05,0.183
04/05/06 09:10,0.191
04/05/06 09:15,0.197
04/05/06 09:20,0.219
04/05/06 09:25,0.240
04/05/06 09:30,0.268
04/05/06 09:35,0.297
04/05/06 09:40,0.324
04/05/06 09:45,0.360
04/05/06 09:50,0.391
04/05/06 09:55,0.418
04/05/06 10:00,0.414
04/05/06 10:05,0.409
04/05/06 10:10,0.406
04/05/06 10:15,0.404
04/05/06 10:20,0.405
04/05/06 10:25,0.411
04/05/06 10:30,0.422
04/05/06 10:35,0.429
04/05/06 10:40,0.435
04/05/06 10:45,0.447
04/05/06 10:50,0.462
04/05/06 10:55,0.471
04/05/06 11:00,0.469
04/05/06 11:05,0.468
04/05/06 11:10,0.453
04/05/06 11:15,0.422
04/05/06 11:20,0.377
04/05/06 11:25,0.378
04/05/06 11:30,0.392
04/05/06 11:35,0.397
04/05/06 11:40,0.377
04/05/06 11:45,0.331
04/05/06 11:50,0.309
04/05/06 11:55,0.312
04/05/06 12:00,0.333
04/05/06 12:05,0.353
04/05/06 12:10,0.357
04/05/06 12:15,0.361
04/05/06 12:20,0.359
04/05/06 12:25,0.364
04/05/06 12:30,0.363
04/05/06 12:35,0.353
04/05/06 12:40,0.339
04/05/06 12:45,0.323
04/05/06 12:50,0.304
04/05/06 12:55,0.283
04/05/06 13:00,0.273
04/05/06 13:05,0.264
04/05/06 13:10,0.249
04/05/06 13:15,0.229
04/05/06 13:20,0.191
04/05/06 13:25,0.141
04/05/06 13:30,0.110
04/05/06 13:35,0.087
04/05/06 13:40,0.054
04/05/06 13:45,0.038
04/05/06 13:50,0.028
04/05/06 13:55,0.021
04/05/06 14:00,0.024
04/05/06 14:05,0.033
04/05/06 14:10,0.046
04/05/06 14:15,0.053
04/05/06 14:20,0.049
04/05/06 14:25,0.040
04/05/06 14:30,0.033
04/05/06 14:35,0.037
04/05/06 14:40,0.054
04/05/06 14:45,0.059
04/05/06 14:50,0.053
04/05/06 14:55,0.037
04/05/06 15:00,0.031
04/05/06 15:05,0.034
04/05/06 15:10,0.046
04/05/06 15:15,0.065
04/05/06 15:20,0.084
04/05/06 15:25,0.085
04/05/06 15:30,0.085
04/05/06 15:35,0.091
04/05/06 15:40,0.094
04/05/06 15:45,0.098
04/05/06 15:50,0.100
04/05/06 15:55,0.094
04/05/06 16:00,0.077
04/05/06 16:05,0.030
04/05/06 16:10,0.014
04/05/06 16:15,0.007
04/05/06 16:20,0.005
04/05/06 16:25,0.002
04/05/06 16:30,0.001
04/05/06 16:35,0.001
04/05/06 16:40,0.001
04/05/06 16:45,0.001
04/05/06 16:50,0.001
04/05/06 16:55,0.001
04/05/06 17:00,0.001
04/05/06 17:05,0.000
04/05/06 17:10,0.000
04/05/06 17:15,0.000
04/05/06 17:20,0.000
04/05/06 17:25,0.000
04/05/06 17:30,0.000
04/05/06 17:35,0.000
04/05/06 17:40,0.000
04/05/06 17:45,0.000
04/05/06 17:50,0.000
04/05/06 17:55,0.000
04/05/06 18:00,0.000
04/05/06 18:05,0.000
04/05/06 18:10,0.000
04/05/06 18:15,0.000
04/05/06 18:20,0.000
04/05/06 18:25,0.000
04/05/06 18:30,0.000
04/05/06 18:35,0.000
04/05/06 18:40,0.000
04/05/06 18:45,0.000
04/05/06 18:50,0.000
04/05/06 18:55,0.000
04/05/06 19:00,0.000
04/05/06 19:05,0.000
04/05/06 19:10,0.000
04/05/06 19:15,0.000
04/05/06 19:20,0.000
04/05/06 19:25,0.000
04/05/06 19:30,0.000
04/05/06 19:35,0.000
04/05/06 19:40,0.000
04/05/06 19:45,0.000
04/05/06 19:50,0.000
04/05/06 19:55,0.000
04/05/06 20:00,0.000
04/05/06 20:05,0.000
04/05/06 20:10,0.000
04/05/06 20:15,0.000
04/05/06 20:20,0.000
04/05/06 20:25,0.000
04/05/06 20:30,0.000
04/05/06 20:35,0.000
04/05/06 20:40,0.000
04/05/06 20:45,0.000
04/05/06 20:50,0.000
04/05/06 20:55,0.000
04/05/06 21:00,0.000
04/05/06 21:05,0.000
04/05/06 21:10,0.000
04/05/06 21:15,0.000
04/05/06 21:20,0.000
04/05/06 21:25,0.000
04/05/06 21:30,0.000
04/05/06 21:35,0.000
04/05/06 21:40,0.000
04/05/06 21:45,0.000
04/05/06 21:50,0.000
04/05/06 21:55,0.000
04/05/06 22:00,0.000
04/05/06 22:05,0.000
04/05/06 22:10,0.000
04/05/06 22:15,0.000
04/05/06 22:20,0.000
04/05/06 22:25,0.000
04/05/06 22:30,0.000
04/05/06 22:35,0.000
04/05/06 22:40,0.000
04/05/06 22:45,0.000
04/05/06 22:50,0.000
04/05/06 22:55,0.000
04/05/06 23:00,0.000
04/05/06 23:05,0.000
04/05/06 23:10,0.000
04/05/06 23:15,0.000
04/05/06 23:20,0.000
04/05/06 23:25,0.000
04/05/06 23:30,0.000
04/05/06 23:35,0.000
04/05/06 23:40,0.000
04/05/06 23:45,0.000
04/05/06 23:50,0.000
04/05/06 23:55,0.000
04/06/06 00:00,0.000
04/06/06 00:05,0.000
04/06/06 00:10,0.000
04/06/06 00:15,0.000
04/06/06 00:20,0.000
04/06/06 00:25,0.000
04/06/06 00:30,0.000
04/06/06 00:35,0.000
04/06/06 00:40,0.000
04/06/06 00:45,0.000
04/06/06 00:50,0.000
04/06/06 00:55,0.000
04/06/06 01:00,0.000
04/06/06 01:05,0.000
04/06/06 01:10,0.000
04/06/06 01:15,0.000
04/06/06 01:20,0.000
04/06/06 01:25,0.000
04/06/06 01:30,0.000
04/06/06 01:35,0.000
04/06/06 01:40,0.000
04/06/06 01:45,0.000
04/06/06 01:50,0.000
04/06/06 01:55,0.000
04/06/06 02:00,0.000
04/06/06 02:05,0.000
04/06/06 02:10,0.000
04/06/06 02:15,0.000
04/06/06 02:20,0.000
04/06/06 02:25,0.000
04/06/06 02:30,0.000
04/06/06 02:35,0.000
04/06/06 02:40,0.000
04/06/06 02:45,0.000
04/06/06 02:50,0.000
04/06/06 02:55,0.000
04/06/06 03:00,0.000
04/06/06 03:05,0.000
04/06/06 03:10,0.000
04/06/06 03:15,0.000
04/06/06 03:20,0.000
04/06/06 03:25,0.000
04/06/06 03:30,0.000
04/06/06 03:35,0.000
04/06/06 03:40,0.000
04/06/06 03:45,0.000
04/06/06 03:50,0.000
04/06/06 03:55,0.000
04/06/06 04:00,0.000
04/06/06 04:05,0.000
04/06/06 04:10,0.000
04/06/06 04:15,0.000
04/06/06 04:20,0.000
04/06/06 04:25,0.000
04/06/06 04:30,0.000
04/06/06 04:35,0.000
04/06/06 04:40,0.000
04/06/06 04:45,0.000
04/06/06 04:50,0.000
04/06/06 04:55,0.000
04/06/06 05:00,0.000
04/06/06 05:05,0.000
04/06/06 05:10,0.000
04/06/06 05:15,0.000
04/06/06 05:20,0.000
04/06/06 05:25,0.000
04/06/06 05:30,0.000
04/06/06 05:35,0.000
04/06/06 05:40,0.000
04/06/06 05:45,0.000
04/06/06 05:50,0.000
04/06/06 05:55,0.000
04/06/06 06:00,0.000
04/06/06 06:05,0.000
04/06/06 06:10,0.000
04/06/06 06:15,0.000
04/06/06 06:20,0.000
04/06/06 06:25,0.000
04/06/06 06:30,0.000
04/06/06 06:35,0.000
04/06/06 06:40,0.001
04/06/06 06:45,0.001
04/06/06 06:50,0.001
04/06/06 06:55,0.002
04/06/06 07:00,0.002
04/06/06 07:05,0.002
04/06/06 07:10,0.003
04/06/06 07:15,0.005
04/06/06 07:20,0.008
04/06/06 07:25,0.011
04/06/06 07:30,0.016
04/06/06 07:35,0.025
04/06/06 07:40,0.037
04/06/06 07:45,0.048
04/06/06 07:50,0.058
04/06/06 07:55,0.060
04/06/06 08:00,0.056
04/06/06 08:05,0.057
04/06/06 08:10,0.060
04/06/06 08:15,0.066
04/06/06 08:20,0.071
04/06/06 08:25,0.072
04/06/06 08:30,0.074
04/06/06 08:35,0.079
04/06/06 08:40,0.084
04/06/06 08:45,0.087
04/06/06 08:50,0.090
04/06/06 08:55,0.097
04/06/06 09:00,0.104
04/06/06 09:05,0.110
04/06/06 09:10,0.114
04/06/06 09:15,0.119
04/06/06 09:20,0.124
04/06/06 09:25,0.129
04/06/06 09:30,0.131
04/06/06 09:35,0.135
04/06/06 09:40,0.138
04/06/06 09:45,0.138
04/06/06 09:50,0.140
04/06/06 09:55,0.140
04/06/06 10:00,0.121
04/06/06 10:05,0.109
04/06/06 10:10,0.106
04/06/06 10:15,0.100
04/06/06 10:20,0.094
04/06/06 10:25,0.087
04/06/06 10:30,0.085
04/06/06 10:35,0.089
04/06/06 10:40,0.094
04/06/06 10:45,0.098
04/06/06 10:50,0.103
04/06/06 10:55,0.119
04/06/06 11:00,0.128
04/06/06 11:05,0.131
04/06/06 11:10,0.133
04/06/06 11:15,0.133
04/06/06 11:20,0.130
04/06/06 11:25,0.127
04/06/06 11:30,0.124
04/06/06 11:35,0.116
04/06/06 11:40,0.102
04/06/06 11:45,0.092
04/06/06 11:50,0.084
04/06/06 11:55,0.080
04/06/06 12:00,0.086
04/06/06 12:05,0.094
04/06/06 12:10,0.103
04/06/06 12:15,0.106
04/06/06 12:20,0.105
04/06/06 12:25,0.103
04/06/06 12:30,0.103
04/06/06 12:35,0.100
04/06/06 12:40,0.098
04/06/06 12:45,0.094
04/06/06 12:50,0.088
04/06/06 12:55,0.083
04/06/06 13:00,0.086
04/06/06 13:05,0.086
04/06/06 13:10,0.083
04/06/06 13:15,0.081
04/06/06 13:20,0.074
04/06/06 13:25,0.056
04/06/06 13:30,0.035
04/06/06 13:35,0.020
04/06/06 13:40,0.013
04/06/06 13:45,0.011
04/06/06 13:50,0.008
04/06/06 13:55,0.008
04/06/06 14:00,0.020
04/06/06 14:05,0.037
04/06/06 14:10,0.054
04/06/06 14:15,0.077
04/06/06 14:20,0.082
04/06/06 14:25,0.088
04/06/06 14:30,0.087
04/06/06 14:35,0.085
04/06/06 14:40,0.086
04/06/06 14:45,0.086
04/06/06 14:50,0.083
04/06/06 14:55,0.076
04/06/06 15:00,0.041
04/06/06 15:05,0.023
04/06/06 15:10,0.016
04/06/06 15:15,0.013
04/06/06 15:20,0.010
04/06/06 15:25,0.008
04/06/06 15:30,0.006
04/06/06 15:35,0.005
04/06/06 15:40,0.004
04/06/06 15:45,0.003
04/06/06 15:50,0.002
04/06/06 15:55,0.002
04/06/06 16:00,0.003
04/06/06 16:05,0.003
04/06/06 16:10,0.003
04/06/06 16:15,0.004
04/06/06 16:20,0.009
04/06/06 16:25,0.019
04/06/06 16:30,0.032
04/06/06 16:35,0.042
04/06/06 16:40,0.052
04/06/06 16:45,0.052
04/06/06 16:50,0.052
04/06/06 16:55,0.048
04/06/06 17:00,0.046
04/06/06 17:05,0.033
04/06/06 17:10,0.021
04/06/06 17:15,0.015
04/06/06 17:20,0.010
04/06/06 17:25,0.006
04/06/06 17:30,0.004
04/06/06 17:35,0.003
04/06/06 17:40,0.001
04/06/06 17:45,0.000
04/06/06 17:50,0.000
04/06/06 17:55,0.000
04/06/06 18:00,0.000
04/06/06 18:05,0.000
04/06/06 18:10,0.000
04/06/06 18:15,0.000
04/06/06 18:20,0.000
04/06/06 18:25,0.000
04/06/06 18:30,0.000
04/06/06 18:35,0.000
04/06/06 18:40,0.000
04/06/06 18:45,0.000
04/06/06 18:50,0.000
04/06/06 18:55,0.000
04/06/06 19:00,0.000
04/06/06 19:05,0.000
04/06/06 19:10,0.000
04/06/06 19:15,0.000
04/06/06 19:20,0.000
04/06/06 19:25,0.000
04/06/06 19:30,0.000
04/06/06 19:35,0.000
04/06/06 19:40,0.000
04/06/06 19:45,0.000
04/06/06 19:50,0.000
04/06/06 19:55,0.000
04/06/06 20:00,0.000
04/06/06 20:05,0.000
04/06/06 20:10,0.000
04/06/06 20:15,0.000
04/06/06 20:20,0.000
04/06/06 20:25,0.000
04/06/06 20:30,0.000
04/06/06 20:35,0.000
04/06/06 20:40,0.000
04/06/06 20:45,0.000
04/06/06 20:50,0.000
04/06/06 20:55,0.000
04/06/06 21:00,0.000
04/06/06 21:05,0.000
04/06/06 21:10,0.000
04/06/06 21:15,0.000
04/06/06 21:20,0.000
04/06/06 21:25,0.000
04/06/06 21:30,0.000
04/06/06 21:35,0.000
04/06/06 21:40,0.000
04/06/06 21:45,0.000
04/06/06 21:50,0.000
04/06/06 21:55,0.000
04/06/06 22:00,0.000
04/06/06 22:05,0.000
04/06/06 22:10,0.000
04/06/06 22:15,0.000
04/06/06 22:20,0.000
04/06/06 22:25,0.000
04/06/06 22:30,0.000
04/06/06 22:35,0.000
04/06/06 22:40,0.000
04/06/06 22:45,0.000
04/06/06 22:50,0.000
04/06/06 22:55,0.000
04/06/06 23:00,0.000
04/06/06 23:05,0.000
04/06/06 23:10,0.000
04/06/06 23:15,0.000
04/06/06 23:20,0.000
04/06/06 23:25,0.000
04/06/06 23:30,0.000
04/06/06 23:35,0.000
04/06/06 23:40,0.000
04/06/06 23:45,0.000
04/06/06 23:50,0.000
04/06/06 23:55,0.000
04/07/06 00:00,0.000
04/07/06 00:05,0.000
04/07/06 00:10,0.000
04/07/06 00:15,0.000
04/07/06 00:20,0.000
04/07/06 00:25,0.000
04/07/06 00:30,0.000
04/07/06 00:35,0.000
04/07/06 00:40,0.000
04/07/06 00:45,0.000
04/07/06 00:50,0.000
04/07/06 00:55,0.000
04/07/06 01:00,0.000
04/07/06 01:05,0.000
04/07/06 01:10,0.000
04/07/06 01:15,0.000
04/07/06 01:20,0.000
04/07/06 01:25,0.000
04/07/06 01:30,0.000
04/07/06 01:35,0.000
04/07/06 01:40,0.000
04/07/06 01:45,0.000
04/07/06 01:50,0.000
04/07/06 01:55,0.000
04/07/06 02:00,0.000
04/07/06 02:05,0.000
04/07/06 02:10,0.000
04/07/06 02:15,0.000
04/07/06 02:20,0.000
04/07/06 02:25,0.000
04/07/06 02:30,0.000
04/07/06 02:35,0.000
04/07/06 02:40,0.000
04/07/06 02:45,0.000
04/07/06 02:50,0.000
04/07/06 02:55,0.000
04/07/06 03:00,0.000
04/07/06 03:05,0.000
04/07/06 03:10,0.000
04/07/06 03:15,0.000
04/07/06 03:20,0.000
04/07/06 03:25,0.000
04/07/06 03:30,0.000
04/07/06 03:35,0.000
04/07/06 03:40,0.000
04/07/06 03:45,0.000
04/07/06 03:50,0.000
04/07/06 03:55,0.000
04/07/06 04:00,0.000
04/07/06 04:05,0.000
04/07/06 04:10,0.000
04/07/06 04:15,0.000
04/07/06 04:20,0.000
04/07/06 04:25,0.000
04/07/06 04:30,0.000
04/07/06 04:35,0.000
04/07/06 04:40,0.000
04/07/06 04:45,0.000
04/07/06 04:50,0.000
04/07/06 04:55,0.000
04/07/06 05:00,0.000
04/07/06 05:05,0.000
04/07/06 05:10,0.000
04/07/06 05:15,0.000
04/07/06 05:20,0.000
04/07/06 05:25,0.000
04/07/06 05:30,0.000
04/07/06 05:35,0.000
04/07/06 05:40,0.000
04/07/06 05:45,0.000
04/07/06 05:50,0.000
04/07/06 05:55,0.001
04/07/06 06:00,0.002
04/07/06 06:05,0.005
04/07/06 06:10,0.009
04/07/06 06:15,0.016
04/07/06 06:20,0.027
04/07/06 06:25,0.049
04/07/06 06:30,0.077
04/07/06 06:35,0.089
04/07/06 06:40,0.099
04/07/06 06:45,0.110
04/07/06 06:50,0.122
04/07/06 06:55,0.135
04/07/06 07:00,0.147
04/07/06 07:05,0.159
04/07/06 07:10,0.174
04/07/06 07:15,0.187
04/07/06 07:20,0.200
04/07/06 07:25,0.214
04/07/06 07:30,0.228
04/07/06 07:35,0.242
04/07/06 07:40,0.257
04/07/06 07:45,0.272
04/07/06 07:50,0.286
04/07/06 07:55,0.298
04/07/06 08:00,0.310
04/07/06 08:05,0.323
04/07/06 08:10,0.336
04/07/06 08:15,0.350
04/07/06 08:20,0.363
04/07/06 08:25,0.375
04/07/06 08:30,0.388
04/07/06 08:35,0.401
04/07/06 08:40,0.417
04/07/06 08:45,0.429
04/07/06 08:50,0.439
04/07/06 08:55,0.449
04/07/06 09:00,0.457
04/07/06 09:05,0.464
04/07/06 09:10,0.471
04/07/06 09:15,0.478
04/07/06 09:20,0.485
04/07/06 09:25,0.492
04/07/06 09:30,0.498
04/07/06 09:35,0.504
04/07/06 09:40,0.517
04/07/06 09:45,0.527
04/07/06 09:50,0.534
04/07/06 09:55,0.540
04/07/06 10:00,0.545
04/07/06 10:05,0.550
04/07/06 10:10,0.554
04/07/06 10:15,0.560
04/07/06 10:20,0.565
04/07/06 10:25,0.569
04/07/06 10:30,0.573
04/07/06 10:35,0.575
04/07/06 10:40,0.578
04/07/06 10:45,0.583
04/07/06 10:50,0.589
04/07/06 10:55,0.593
04/07/06 11:00,0.598
04/07/06 11:05,0.602
04/07/06 11:10,0.606
04/07/06 11:15,0.611
04/07/06 11:20,0.620
04/07/06 11:25,0.625
04/07/06 11:30,0.627
04/07/06 11:35,0.629
04/07/06 11:40,0.630
04/07/06 11:45,0.633
04/07/06 11:50,0.640
04/07/06 11:55,0.637
04/07/06 12:00,0.630
04/07/06 12:05,0.622
04/07/06 12:10,0.598
04/07/06 12:15,0.581
04/07/06 12:20,0.568
04/07/06 12:25,0.560
04/07/06 12:30,0.556
04/07/06 12:35,0.549
04/07/06 12:40,0.539
04/07/06 12:45,0.531
04/07/06 12:50,0.529
04/07/06 12:55,0.535
04/07/06 13:00,0.540
04/07/06 13:05,0.540
04/07/06 13:10,0.536
04/07/06 13:15,0.530
04/07/06 13:20,0.523
04/07/06 13:25,0.515
04/07/06 13:30,0.512
04/07/06 13:35,0.510
04/07/06 13:40,0.503
04/07/06 13:45,0.497
04/07/06 13:50,0.500
04/07/06 13:55,0.500
04/07/06 14:00,0.467
04/07/06 14:05,0.375
04/07/06 14:10,0.331
04/07/06 14:15,0.360
04/07/06 14:20,0.377
04/07/06 14:25,0.384
04/07/06 14:30,0.385
04/07/06 14:35,0.381
04/07/06 14:40,0.378
04/07/06 14:45,0.379
04/07/06 14:50,0.402
04/07/06 14:55,0.426
04/07/06 15:00,0.390
04/07/06 15:05,0.348
04/07/06 15:10,0.313
04/07/06 15:15,0.280
04/07/06 15:20,0.250
04/07/06 15:25,0.217
04/07/06 15:30,0.191
04/07/06 15:35,0.161
04/07/06 15:40,0.136
04/07/06 15:45,0.110
04/07/06 15:50,0.088
04/07/06 15:55,0.069
04/07/06 16:00,0.049
04/07/06 16:05,0.043
04/07/06 16:10,0.041
04/07/06 16:15,0.038
04/07/06 16:20,0.036
04/07/06 16:25,0.033
04/07/06 16:30,0.030
04/07/06 16:35,0.028
04/07/06 16:40,0.025
04/07/06 16:45,0.022
04/07/06 16:50,0.019
04/07/06 16:55,0.015
04/07/06 17:00,0.011
04/07/06 17:05,0.007
04/07/06 17:10,0.005
04/07/06 17:15,0.003
04/07/06 17:20,0.002
04/07/06 17:25,0.001
04/07/06 17:30,0.001
04/07/06 17:35,0.000
04/07/06 17:40,0.000
04/07/06 17:45,0.000
04/07/06 17:50,0.000
04/07/06 17:55,0.000
04/07/06 18:00,0.000
04/07/06 18:05,0.000
04/07/06 18:10,0.000
04/07/06 18:15,0.000
04/07/06 18:20,0.000
04/07/06 18:25,0.000
04/07/06 18:30,0.000
04/07/06 18:35,0.000
04/07/06 18:40,0.000
04/07/06 18:45,0.000
04/07/06 18:50,0.000
04/07/06 18:55,0.000
04/07/06 19:00,0.000
04/07/06 19:05,0.000
04/07/06 19:10,0.000
04/07/06 19:15,0.000
04/07/06 19:20,0.000
04/07/06 19:25,0.000
04/07/06 19:30,0.000
04/07/06 19:35,0.000
04/07/06 19:40,0.000
04/07/06 19:45,0.000
04/07/06 19:50,0.000
04/07/06 19:55,0.000
04/07/06 20:00,0.000
04/07/06 20:05,0.000
04/07/06 20:10,0.000
04/07/06 20:15,0.000
04/07/06 20:20,0.000
04/07/06 20:25,0.000
04/07/06 20:30,0.000
04/07/06 20:35,0.000
04/07/06 20:40,0.000
04/07/06 20:45,0.000
04/07/06 20:50,0.000
04/07/06 20:55,0.000
04/07/06 21:00,0.000
04/07/06 21:05,0.000
04/07/06 21:10,0.000
04/07/06 21:15,0.000
04/07/06 21:20,0.000
04/07/06 21:25,0.000
04/07/06 21:30,0.000
04/07/06 21:35,0.000
04/07/06 21:40,0.000
04/07/06 21:45,0.000
04/07/06 21:50,0.000
04/07/06 21:55,0.000
04/07/06 22:00,0.000
04/07/06 22:05,0.000
04/07/06 22:10,0.000
04/07/06 22:15,0.000
04/07/06 22:20,0.000
04/07/06 22:25,0.000
04/07/06 22:30,0.000
04/07/06 22:35,0.000
04/07/06 22:40,0.000
04/07/06 22:45,0.000
04/07/06 22:50,0.000
04/07/06 22:55,0.000
04/07/06 23:00,0.000
04/07/06 23:05,0.000
04/07/06 23:10,0.000
04/07/06 23:15,0.000
04/07/06 23:20,0.000
04/07/06 23:25,0.000
04/07/06 23:30,0.000
04/07/06 23:35,0.000
04/07/06 23:40,0.000
04/07/06 23:45,0.000
04/07/06 23:50,0.000
04/07/06 23:55,0.000
04/08/06 00:00,0.000
04/08/06 00:05,0.000
04/08/06 00:10,0.000
04/08/06 00:15,0.000
04/08/06 00:20,0.000
04/08/06 00:25,0.000
04/08/06 00:30,0.000
04/08/06 00:35,0.000
04/08/06 00:40,0.000
04/08/06 00:45,0.000
04/08/06 00:50,0.000
04/08/06 00:55,0.000
04/08/06 01:00,0.000
04/08/06 01:05,0.000
04/08/06 01:10,0.000
04/08/06 01:15,0.000
04/08/06 01:20,0.000
04/08/06 01:25,0.000
04/08/06 01:30,0.000
04/08/06 01:35,0.000
04/08/06 01:40,0.000
04/08/06 01:45,0.000
04/08/06 01:50,0.000
04/08/06 01:55,0.000
04/08/06 02:00,0.000
04/08/06 02:05,0.000
04/08/06 02:10,0.000
04/08/06 02:15,0.000
04/08/06 02:20,0.000
04/08/06 02:25,0.000
04/08/06 02:30,0.000
04/08/06 02:35,0.000
04/08/06 02:40,0.000
04/08/06 02:45,0.000
04/08/06 02:50,0.000
04/08/06 02:55,0.000
04/08/06 03:00,0.000
04/08/06 03:05,0.000
04/08/06 03:10,0.000
04/08/06 03:15,0.000
04/08/06 03:20,0.000
04/08/06 03:25,0.000
04/08/06 03:30,0.000
04/08/06 03:35,0.000
04/08/06 03:40,0.000
04/08/06 03:45,0.000
04/08/06 03:50,0.000
04/08/06 03:55,0.000
04/08/06 04:00,0.000
04/08/06 04:05,0.000
04/08/06 04:10,0.000
04/08/06 04:15,0.000
04/08/06 04:20,0.000
04/08/06 04:25,0.000
04/08/06 04:30,0.000
04/08/06 04:35,0.000
04/08/06 04:40,0.000
04/08/06 04:45,0.000
04/08/06 04:50,0.000
04/08/06 04:55,0.000
04/08/06 05:00,0.000
04/08/06 05:05,0.000
04/08/06 05:10,0.000
04/08/06 05:15,0.000
04/08/06 05:20,0.000
04/08/06 05:25,0.000
04/08/06 05:30,0.000
04/08/06 05:35,0.000
04/08/06 05:40,0.000
04/08/06 05:45,0.000
04/08/06 05:50,0.000
04/08/06 05:55,0.000
04/08/06 06:00,0.001
04/08/06 06:05,0.001
04/08/06 06:10,0.003
04/08/06 06:15,0.005
04/08/06 06:20,0.008
04/08/06 06:25,0.013
04/08/06 06:30,0.020
04/08/06 06:35,0.029
04/08/06 06:40,0.041
04/08/06 06:45,0.058
04/08/06 06:50,0.076
04/08/06 06:55,0.084
04/08/06 07:00,0.090
04/08/06 07:05,0.100
04/08/06 07:10,0.112
04/08/06 07:15,0.123
04/08/06 07:20,0.139
04/08/06 07:25,0.155
04/08/06 07:30,0.175
04/08/06 07:35,0.195
04/08/06 07:40,0.217
04/08/06 07:45,0.241
04/08/06 07:50,0.272
04/08/06 07:55,0.301
04/08/06 08:00,0.317
04/08/06 08:05,0.323
04/08/06 08:10,0.329
04/08/06 08:15,0.341
04/08/06 08:20,0.354
04/08/06 08:25,0.373
04/08/06 08:30,0.382
04/08/06 08:35,0.385
04/08/06 08:40,0.381
04/08/06 08:45,0.369
04/08/06 08:50,0.363
04/08/06 08:55,0.351
04/08/06 09:00,0.288
04/08/06 09:05,0.236
04/08/06 09:10,0.209
04/08/06 09:15,0.184
04/08/06 09:20,0.174
04/08/06 09:25,0.161
04/08/06 09:30,0.154
04/08/06 09:35,0.153
04/08/06 09:40,0.153
04/08/06 09:45,0.155
04/08/06 09:50,0.151
04/08/06 09:55,0.145
04/08/06 10:00,0.139
04/08/06 10:05,0.132
04/08/06 10:10,0.129
04/08/06 10:15,0.126
04/08/06 10:20,0.120
04/08/06 10:25,0.107
04/08/06 10:30,0.101
04/08/06 10:35,0.096
04/08/06 10:40,0.088
04/08/06 10:45,0.083
04/08/06 10:50,0.075
04/08/06 10:55,0.058
04/08/06 11:00,0.060
04/08/06 11:05,0.069
04/08/06 11:10,0.078
04/08/06 11:15,0.083
04/08/06 11:20,0.086
04/08/06 11:25,0.090
04/08/06 11:30,0.097
04/08/06 11:35,0.103
04/08/06 11:40,0.108
04/08/06 11:45,0.119
04/08/06 11:50,0.123
04/08/06 11:55,0.127
04/08/06 12:00,0.128
04/08/06 12:05,0.127
04/08/06 12:10,0.127
04/08/06 12:15,0.129
04/08/06 12:20,0.136
04/08/06 12:25,0.146
04/08/06 12:30,0.162
04/08/06 12:35,0.162
04/08/06 12:40,0.150
04/08/06 12:45,0.139
04/08/06 12:50,0.133
04/08/06 12:55,0.125
04/08/06 13:00,0.104
04/08/06 13:05,0.110
04/08/06 13:10,0.120
04/08/06 13:15,0.142
04/08/06 13:20,0.173
04/08/06 13:25,0.213
04/08/06 13:30,0.226
04/08/06 13:35,0.236
04/08/06 13:40,0.240
04/08/06 13:45,0.221
04/08/06 13:50,0.200
04/08/06 13:55,0.193
04/08/06 14:00,0.158
04/08/06 14:05,0.130
04/08/06 14:10,0.106
04/08/06 14:15,0.093
04/08/06 14:20,0.079
04/08/06 14:25,0.064
04/08/06 14:30,0.051
04/08/06 14:35,0.037
04/08/06 14:40,0.029
04/08/06 14:45,0.020
04/08/06 14:50,0.016
04/08/06 14:55,0.016
04/08/06 15:00,0.013
04/08/06 15:05,0.008
04/08/06 15:10,0.007
04/08/06 15:15,0.008
04/08/06 15:20,0.007
04/08/06 15:25,0.007
04/08/06 15:30,0.006
04/08/06 15:35,0.005
04/08/06 15:40,0.003
04/08/06 15:45,0.002
04/08/06 15:50,0.002
04/08/06 15:55,0.002
04/08/06 16:00,0.002
04/08/06 16:05,0.002
04/08/06 16:10,0.002
04/08/06 16:15,0.002
04/08/06 16:20,0.002
04/08/06 16:25,0.002
04/08/06 16:30,0.003
04/08/06 16:35,0.004
04/08/06 16:40,0.004
04/08/06 16:45,0.003
04/08/06 16:50,0.003
04/08/06 16:55,0.002
04/08/06 17:00,0.001
04/08/06 17:05,0.001
04/08/06 17:10,0.000
04/08/06 17:15,0.000
04/08/06 17:20,0.000
04/08/06 17:25,0.000
04/08/06 17:30,0.000
04/08/06 17:35,0.000
04/08/06 17:40,0.000
04/08/06 17:45,0.000
04/08/06 17:50,0.000
04/08/06 17:55,0.000
04/08/06 18:00,0.000
04/08/06 18:05,0.000
04/08/06 18:10,0.000
04/08/06 18:15,0.000
04/08/06 18:20,0.000
04/08/06 18:25,0.000
04/08/06 18:30,0.000
04/08/06 18:35,0.000
04/08/06 18:40,0.000
04/08/06 18:45,0.000
04/08/06 18:50,0.000
04/08/06 18:55,0.000
04/08/06 19:00,0.000
04/08/06 19:05,0.000
04/08/06 19:10,0.000
04/08/06 19:15,0.000
04/08/06 19:20,0.000
04/08/06 19:25,0.000
04/08/06 19:30,0.000
04/08/06 19:35,0.000
04/08/06 19:40,0.000
04/08/06 19:45,0.000
04/08/06 19:50,0.000
04/08/06 19:55,0.000
04/08/06 20:00,0.000
04/08/06 20:05,0.000
04/08/06 20:10,0.000
04/08/06 20:15,0.000
04/08/06 20:20,0.000
04/08/06 20:25,0.000
04/08/06 20:30,0.000
04/08/06 20:35,0.000
04/08/06 20:40,0.000
04/08/06 20:45,0.000
04/08/06 20:50,0.000
04/08/06 20:55,0.000
04/08/06 21:00,0.000
04/08/06 21:05,0.000
04/08/06 21:10,0.000
04/08/06 21:15,0.000
04/08/06 21:20,0.000
04/08/06 21:25,0.000
04/08/06 21:30,0.000
04/08/06 21:35,0.000
04/08/06 21:40,0.000
04/08/06 21:45,0.000
04/08/06 21:50,0.000
04/08/06 21:55,0.000
04/08/06 22:00,0.000
04/08/06 22:05,0.000
04/08/06 22:10,0.000
04/08/06 22:15,0.000
04/08/06 22:20,0.000
04/08/06 22:25,0.000
04/08/06 22:30,0.000
04/08/06 22:35,0.000
04/08/06 22:40,0.000
04/08/06 22:45,0.000
04/08/06 22:50,0.000
04/08/06 22:55,0.000
04/08/06 23:00,0.000
04/08/06 23:05,0.000
04/08/06 23:10,0.000
04/08/06 23:15,0.000
04/08/06 23:20,0.000
04/08/06 23:25,0.000
04/08/06 23:30,0.000
04/08/06 23:35,0.000
04/08/06 23:40,0.000
04/08/06 23:45,0.000
04/08/06 23:50,0.000
04/08/06 23:55,0.000
04/09/06 00:00,0.000
04/09/06 00:05,0.000
04/09/06 00:10,0.000
04/09/06 00:15,0.000
04/09/06 00:20,0.000
04/09/06 00:25,0.000
04/09/06 00:30,0.000
04/09/06 00:35,0.000
04/09/06 00:40,0.000
04/09/06 00:45,0.000
04/09/06 00:50,0.000
04/09/06 00:55,0.000
04/09/06 01:00,0.000
04/09/06 01:05,0.000
04/09/06 01:10,0.000
04/09/06 01:15,0.000
04/09/06 01:20,0.000
04/09/06 01:25,0.000
04/09/06 01:30,0.000
04/09/06 01:35,0.000
04/09/06 01:40,0.000
04/09/06 01:45,0.000
04/09/06 01:50,0.000
04/09/06 01:55,0.000
04/09/06 02:00,0.000
04/09/06 02:05,0.000
04/09/06 02:10,0.000
04/09/06 02:15,0.000
04/09/06 02:20,0.000
04/09/06 02:25,0.000
04/09/06 02:30,0.000
04/09/06 02:35,0.000
04/09/06 02:40,0.000
04/09/06 02:45,0.000
04/09/06 02:50,0.000
04/09/06 02:55,0.000
04/09/06 03:00,0.000
04/09/06 03:05,0.000
04/09/06 03:10,0.000
04/09/06 03:15,0.000
04/09/06 03:20,0.000
04/09/06 03:25,0.000
04/09/06 03:30,0.000
04/09/06 03:35,0.000
04/09/06 03:40,0.000
04/09/06 03:45,0.000
04/09/06 03:50,0.000
04/09/06 03:55,0.000
04/09/06 04:00,0.000
04/09/06 04:05,0.000
04/09/06 04:10,0.000
04/09/06 04:15,0.000
04/09/06 04:20,0.000
04/09/06 04:25,0.000
04/09/06 04:30,0.000
04/09/06 04:35,0.000
04/09/06 04:40,0.000
04/09/06 04:45,0.000
04/09/06 04:50,0.000
04/09/06 04:55,0.000
04/09/06 05:00,0.000
04/09/06 05:05,0.000
04/09/06 05:10,0.000
04/09/06 05:15,0.000
04/09/06 05:20,0.000
04/09/06 05:25,0.000
04/09/06 05:30,0.000
04/09/06 05:35,0.000
04/09/06 05:40,0.000
04/09/06 05:45,0.000
04/09/06 05:50,0.000
04/09/06 05:55,0.000
04/09/06 06:00,0.000
04/09/06 06:05,0.000
04/09/06 06:10,0.001
04/09/06 06:15,0.001
04/09/06 06:20,0.001
04/09/06 06:25,0.002
04/09/06 06:30,0.003
04/09/06 06:35,0.005
04/09/06 06:40,0.009
04/09/06 06:45,0.013
04/09/06 06:50,0.018
04/09/06 06:55,0.025
04/09/06 07:00,0.035
04/09/06 07:05,0.044
04/09/06 07:10,0.053
04/09/06 07:15,0.063
04/09/06 07:20,0.076
04/09/06 07:25,0.083
04/09/06 07:30,0.082
04/09/06 07:35,0.074
04/09/06 07:40,0.072
04/09/06 07:45,0.059
04/09/06 07:50,0.055
04/09/06 07:55,0.065
04/09/06 08:00,0.089
04/09/06 08:05,0.109
04/09/06 08:10,0.128
04/09/06 08:15,0.141
04/09/06 08:20,0.149
04/09/06 08:25,0.156
04/09/06 08:30,0.162
04/09/06 08:35,0.172
04/09/06 08:40,0.179
04/09/06 08:45,0.188
04/09/06 08:50,0.192
04/09/06 08:55,0.192
04/09/06 09:00,0.178
04/09/06 09:05,0.170
04/09/06 09:10,0.166
04/09/06 09:15,0.160
04/09/06 09:20,0.157
04/09/06 09:25,0.154
04/09/06 09:30,0.147
04/09/06 09:35,0.142
04/09/06 09:40,0.137
04/09/06 09:45,0.134
04/09/06 09:50,0.133
04/09/06 09:55,0.132
04/09/06 10:00,0.128
04/09/06 10:05,0.141
04/09/06 10:10,0.171
04/09/06 10:15,0.202
04/09/06 10:20,0.201
04/09/06 10:25,0.212
04/09/06 10:30,0.243
04/09/06 10:35,0.266
04/09/06 10:40,0.292
04/09/06 10:45,0.307
04/09/06 10:50,0.312
04/09/06 10:55,0.310
04/09/06 11:00,0.275
04/09/06 11:05,0.251
04/09/06 11:10,0.230
04/09/06 11:15,0.215
04/09/06 11:20,0.206
04/09/06 11:25,0.199
04/09/06 11:30,0.191
04/09/06 11:35,0.177
04/09/06 11:40,0.169
04/09/06 11:45,0.163
04/09/06 11:50,0.154
04/09/06 11:55,0.147
04/09/06 12:00,0.155
04/09/06 12:05,0.169
04/09/06 12:10,0.172
04/09/06 12:15,0.173
04/09/06 12:20,0.173
04/09/06 12:25,0.172
04/09/06 12:30,0.164
04/09/06 12:35,0.160
04/09/06 12:40,0.157
04/09/06 12:45,0.153
04/09/06 12:50,0.147
04/09/06 12:55,0.139
04/09/06 13:00,0.121
04/09/06 13:05,0.109
04/09/06 13:10,0.103
04/09/06 13:15,0.099
04/09/06 13:20,0.100
04/09/06 13:25,0.101
04/09/06 13:30,0.104
04/09/06 13:35,0.110
04/09/06 13:40,0.114
04/09/06 13:45,0.114
04/09/06 13:50,0.112
04/09/06 13:55,0.109
04/09/06 14:00,0.117
04/09/06 14:05,0.129
04/09/06 14:10,0.145
04/09/06 14:15,0.168
04/09/06 14:20,0.198
04/09/06 14:25,0.227
04/09/06 14:30,0.248
04/09/06 14:35,0.268
04/09/06 14:40,0.283
04/09/06 14:45,0.299
04/09/06 14:50,0.305
04/09/06 14:55,0.315
04/09/06 15:00,0.315
04/09/06 15:05,0.312
04/09/06 15:10,0.310
04/09/06 15:15,0.308
04/09/06 15:20,0.305
04/09/06 15:25,0.302
04/09/06 15:30,0.296
04/09/06 15:35,0.291
04/09/06 15:40,0.286
04/09/06 15:45,0.280
04/09/06 15:50,0.273
04/09/06 15:55,0.265
04/09/06 16:00,0.256
04/09/06 16:05,0.247
04/09/06 16:10,0.236
04/09/06 16:15,0.226
04/09/06 16:20,0.214
04/09/06 16:25,0.201
04/09/06 16:30,0.189
04/09/06 16:35,0.178
04/09/06 16:40,0.165
04/09/06 16:45,0.153
04/09/06 16:50,0.142
04/09/06 16:55,0.132
04/09/06 17:00,0.119
04/09/06 17:05,0.106
04/09/06 17:10,0.092
04/09/06 17:15,0.080
04/09/06 17:20,0.047
04/09/06 17:25,0.024
04/09/06 17:30,0.011
04/09/06 17:35,0.005
04/09/06 17:40,0.002
04/09/06 17:45,0.001
04/09/06 17:50,0.000
04/09/06 17:55,0.000
04/09/06 18:00,0.000
04/09/06 18:05,0.000
04/09/06 18:10,0.000
04/09/06 18:15,0.000
04/09/06 18:20,0.000
04/09/06 18:25,0.000
04/09/06 18:30,0.000
04/09/06 18:35,0.000
04/09/06 18:40,0.000
04/09/06 18:45,0.000
04/09/06 18:50,0.000
04/09/06 18:55,0.000
04/09/06 19:00,0.000
04/09/06 19:05,0.000
04/09/06 19:10,0.000
04/09/06 19:15,0.000
04/09/06 19:20,0.000
04/09/06 19:25,0.000
04/09/06 19:30,0.000
04/09/06 19:35,0.000
04/09/06 19:40,0.000
04/09/06 19:45,0.000
04/09/06 19:50,0.000
04/09/06 19:55,0.000
04/09/06 20:00,0.000
04/09/06 20:05,0.000
04/09/06 20:10,0.000
04/09/06 20:15,0.000
04/09/06 20:20,0.000
04/09/06 20:25,0.000
04/09/06 20:30,0.000
04/09/06 20:35,0.000
04/09/06 20:40,0.000
04/09/06 20:45,0.000
04/09/06 20:50,0.000
04/09/06 20:55,0.000
04/09/06 21:00,0.000
04/09/06 21:05,0.000
04/09/06 21:10,0.000
04/09/06 21:15,0.000
04/09/06 21:20,0.000
04/09/06 21:25,0.000
04/09/06 21:30,0.000
04/09/06 21:35,0.000
04/09/06 21:40,0.000
04/09/06 21:45,0.000
04/09/06 21:50,0.000
04/09/06 21:55,0.000
04/09/06 22:00,0.000
04/09/06 22:05,0.000
04/09/06 22:10,0.000
04/09/06 22:15,0.000
04/09/06 22:20,0.000
04/09/06 22:25,0.000
04/09/06 22:30,0.000
04/09/06 22:35,0.000
04/09/06 22:40,0.000
04/09/06 22:45,0.000
04/09/06 22:50,0.000
04/09/06 22:55,0.000
04/09/06 23:00,0.000
04/09/06 23:05,0.000
04/09/06 23:10,0.000
04/09/06 23:15,0.000
04/09/06 23:20,0.000
04/09/06 23:25,0.000
04/09/06 23:30,0.000
04/09/06 23:35,0.000
04/09/06 23:40,0.000
04/09/06 23:45,0.000
04/09/06 23:50,0.000
04/09/06 23:55,0.000
04/10/06 00:00,0.000
04/10/06 00:05,0.000
04/10/06 00:10,0.000
04/10/06 00:15,0.000
04/10/06 00:20,0.000
04/10/06 00:25,0.000
04/10/06 00:30,0.000
04/10/06 00:35,0.000
04/10/06 00:40,0.000
04/10/06 00:45,0.000
04/10/06 00:50,0.000
04/10/06 00:55,0.000
04/10/06 01:00,0.000
04/10/06 01:05,0.000
04/10/06 01:10,0.000
04/10/06 01:15,0.000
04/10/06 01:20,0.000
04/10/06 01:25,0.000
04/10/06 01:30,0.000
04/10/06 01:35,0.000
04/10/06 01:40,0.000
04/10/06 01:45,0.000
04/10/06 01:50,0.000
04/10/06 01:55,0.000
04/10/06 02:00,0.000
04/10/06 02:05,0.000
04/10/06 02:10,0.000
04/10/06 02:15,0.000
04/10/06 02:20,0.000
04/10/06 02:25,0.000
04/10/06 02:30,0.000
04/10/06 02:35,0.000
04/10/06 02:40,0.000
04/10/06 02:45,0.000
04/10/06 02:50,0.000
04/10/06 02:55,0.000
04/10/06 03:00,0.000
04/10/06 03:05,0.000
04/10/06 03:10,0.000
04/10/06 03:15,0.000
04/10/06 03:20,0.000
04/10/06 03:25,0.000
04/10/06 03:30,0.000
04/10/06 03:35,0.000
04/10/06 03:40,0.000
04/10/06 03:45,0.000
04/10/06 03:50,0.000
04/10/06 03:55,0.000
04/10/06 04:00,0.000
04/10/06 04:05,0.000
04/10/06 04:10,0.000
04/10/06 04:15,0.000
04/10/06 04:20,0.000
04/10/06 04:25,0.000
04/10/06 04:30,0.000
04/10/06 04:35,0.000
04/10/06 04:40,0.000
04/10/06 04:45,0.000
04/10/06 04:50,0.000
04/10/06 04:55,0.000
04/10/06 05:00,0.000
04/10/06 05:05,0.000
04/10/06 05:10,0.000
04/10/06 05:15,0.000
04/10/06 05:20,0.000
04/10/06 05:25,0.000
04/10/06 05:30,0.000
04/10/06 05:35,0.000
04/10/06 05:40,0.000
04/10/06 05:45,0.000
04/10/06 05:50,0.000
04/10/06 05:55,0.000
04/10/06 06:00,0.000
04/10/06 06:05,0.000
04/10/06 06:10,0.000
04/10/06 06:15,0.001
04/10/06 06:20,0.001
04/10/06 06:25,0.002
04/10/06 06:30,0.003
04/10/06 06:35,0.005
04/10/06 06:40,0.008
04/10/06 06:45,0.013
04/10/06 06:50,0.018
04/10/06 06:55,0.025
04/10/06 07:00,0.022
04/10/06 07:05,0.019
04/10/06 07:10,0.025
04/10/06 07:15,0.020
04/10/06 07:20,0.017
04/10/06 07:25,0.023
04/10/06 07:30,0.050
04/10/06 07:35,0.073
04/10/06 07:40,0.074
04/10/06 07:45,0.063
04/10/06 07:50,0.076
04/10/06 07:55,0.083
04/10/06 08:00,0.076
04/10/06 08:05,0.056
04/10/06 08:10,0.052
04/10/06 08:15,0.052
04/10/06 08:20,0.055
04/10/06 08:25,0.055
04/10/06 08:30,0.059
04/10/06 08:35,0.069
04/10/06 08:40,0.080
04/10/06 08:45,0.085
04/10/06 08:50,0.088
04/10/06 08:55,0.088
04/10/06 09:00,0.086
04/10/06 09:05,0.090
04/10/06 09:10,0.095
04/10/06 09:15,0.098
04/10/06 09:20,0.099
04/10/06 09:25,0.105
04/10/06 09:30,0.109
04/10/06 09:35,0.114
04/10/06 09:40,0.118
04/10/06 09:45,0.120
04/10/06 09:50,0.124
04/10/06 09:55,0.141
04/10/06 10:00,0.174
04/10/06 10:05,0.202
04/10/06 10:10,0.223
04/10/06 10:15,0.249
04/10/06 10:20,0.261
04/10/06 10:25,0.271
04/10/06 10:30,0.288
04/10/06 10:35,0.299
04/10/06 10:40,0.315
04/10/06 10:45,0.339
04/10/06 10:50,0.372
04/10/06 10:55,0.400
04/10/06 11:00,0.424
04/10/06 11:05,0.436
04/10/06 11:10,0.421
04/10/06 11:15,0.464
04/10/06 11:20,0.456
04/10/06 11:25,0.412
04/10/06 11:30,0.413
04/10/06 11:35,0.427
04/10/06 11:40,0.458
04/10/06 11:45,0.493
04/10/06 11:50,0.515
04/10/06 11:55,0.499
04/10/06 12:00,0.507
04/10/06 12:05,0.508
04/10/06 12:10,0.499
04/10/06 12:15,0.481
04/10/06 12:20,0.454
04/10/06 12:25,0.418
04/10/06 12:30,0.378
04/10/06 12:35,0.326
04/10/06 12:40,0.283
04/10/06 12:45,0.233
04/10/06 12:50,0.185
04/10/06 12:55,0.142
04/10/06 13:00,0.117
04/10/06 13:05,0.105
04/10/06 13:10,0.095
04/10/06 13:15,0.087
04/10/06 13:20,0.083
04/10/06 13:25,0.069
04/10/06 13:30,0.045
04/10/06 13:35,0.036
04/10/06 13:40,0.041
04/10/06 13:45,0.044
04/10/06 13:50,0.043
04/10/06 13:55,0.057
04/10/06 14:00,0.094
04/10/06 14:05,0.112
04/10/06 14:10,0.123
04/10/06 14:15,0.128
04/10/06 14:20,0.129
04/10/06 14:25,0.128
04/10/06 14:30,0.125
04/10/06 14:35,0.122
04/10/06 14:40,0.118
04/10/06 14:45,0.113
04/10/06 14:50,0.107
04/10/06 14:55,0.102
04/10/06 15:00,0.105
04/10/06 15:05,0.112
04/10/06 15:10,0.114
04/10/06 15:15,0.112
04/10/06 15:20,0.108
04/10/06 15:25,0.106
04/10/06 15:30,0.108
04/10/06 15:35,0.102
04/10/06 15:40,0.117
04/10/06 15:45,0.130
04/10/06 15:50,0.118
04/10/06 15:55,0.108
04/10/06 16:00,0.116
04/10/06 16:05,0.120
04/10/06 16:10,0.119
04/10/06 16:15,0.115
04/10/06 16:20,0.105
04/10/06 16:25,0.095
04/10/06 16:30,0.086
04/10/06 16:35,0.075
04/10/06 16:40,0.049
04/10/06 16:45,0.022
04/10/06 16:50,0.011
04/10/06 16:55,0.005
04/10/06 17:00,0.005
04/10/06 17:05,0.005
04/10/06 17:10,0.005
04/10/06 17:15,0.004
04/10/06 17:20,0.004
04/10/06 17:25,0.003
04/10/06 17:30,0.003
04/10/06 17:35,0.002
04/10/06 17:40,0.001
04/10/06 17:45,0.001
04/10/06 17:50,0.000
04/10/06 17:55,0.000
04/10/06 18:00,0.000
04/10/06 18:05,0.000
04/10/06 18:10,0.000
04/10/06 18:15,0.000
04/10/06 18:20,0.000
04/10/06 18:25,0.000
04/10/06 18:30,0.000
04/10/06 18:35,0.000
04/10/06 18:40,0.000
04/10/06 18:45,0.000
04/10/06 18:50,0.000
04/10/06 18:55,0.000
04/10/06 19:00,0.000
04/10/06 19:05,0.000
04/10/06 19:10,0.000
04/10/06 19:15,0.000
04/10/06 19:20,0.000
04/10/06 19:25,0.000
04/10/06 19:30,0.000
04/10/06 19:35,0.000
04/10/06 19:40,0.000
04/10/06 19:45,0.000
04/10/06 19:50,0.000
04/10/06 19:55,0.000
04/10/06 20:00,0.000
04/10/06 20:05,0.000
04/10/06 20:10,0.000
04/10/06 20:15,0.000
04/10/06 20:20,0.000
04/10/06 20:25,0.000
04/10/06 20:30,0.000
04/10/06 20:35,0.000
04/10/06 20:40,0.000
04/10/06 20:45,0.000
04/10/06 20:50,0.000
04/10/06 20:55,0.000
04/10/06 21:00,0.000
04/10/06 21:05,0.000
04/10/06 21:10,0.000
04/10/06 21:15,0.000
04/10/06 21:20,0.000
04/10/06 21:25,0.000
04/10/06 21:30,0.000
04/10/06 21:35,0.000
04/10/06 21:40,0.000
04/10/06 21:45,0.000
04/10/06 21:50,0.000
04/10/06 21:55,0.000
04/10/06 22:00,0.000
04/10/06 22:05,0.000
04/10/06 22:10,0.000
04/10/06 22:15,0.000
04/10/06 22:20,0.000
04/10/06 22:25,0.000
04/10/06 22:30,0.000
04/10/06 22:35,0.000
04/10/06 22:40,0.000
04/10/06 22:45,0.000
04/10/06 22:50,0.000
04/10/06 22:55,0.000
04/10/06 23:00,0.000
04/10/06 23:05,0.000
04/10/06 23:10,0.000
04/10/06 23:15,0.000
04/10/06 23:20,0.000
04/10/06 23:25,0.000
04/10/06 23:30,0.000
04/10/06 23:35,0.000
04/10/06 23:40,0.000
04/10/06 23:45,0.000
04/10/06 23:50,0.000
04/10/06 23:55,0.000
04/11/06 00:00,0.000
04/11/06 00:05,0.000
04/11/06 00:10,0.000
04/11/06 00:15,0.000
04/11/06 00:20,0.000
04/11/06 00:25,0.000
04/11/06 00:30,0.000
04/11/06 00:35,0.000
04/11/06 00:40,0.000
04/11/06 00:45,0.000
04/11/06 00:50,0.000
04/11/06 00:55,0.000
04/11/06 01:00,0.000
04/11/06 01:05,0.000
04/11/06 01:10,0.000
04/11/06 01:15,0.000
04/11/06 01:20,0.000
04/11/06 01:25,0.000
04/11/06 01:30,0.000
04/11/06 01:35,0.000
04/11/06 01:40,0.000
04/11/06 01:45,0.000
04/11/06 01:50,0.000
04/11/06 01:55,0.000
04/11/06 02:00,0.000
04/11/06 02:05,0.000
04/11/06 02:10,0.000
04/11/06 02:15,0.000
04/11/06 02:20,0.000
04/11/06 02:25,0.000
04/11/06 02:30,0.000
04/11/06 02:35,0.000
04/11/06 02:40,0.000
04/11/06 02:45,0.000
04/11/06 02:50,0.000
04/11/06 02:55,0.000
04/11/06 03:00,0.000
04/11/06 03:05,0.000
04/11/06 03:10,0.000
04/11/06 03:15,0.000
04/11/06 03:20,0.000
04/11/06 03:25,0.000
04/11/06 03:30,0.000
04/11/06 03:35,0.000
04/11/06 03:40,0.000
04/11/06 03:45,0.000
04/11/06 03:50,0.000
04/11/06 03:55,0.000
04/11/06 04:00,0.000
04/11/06 04:05,0.000
04/11/06 04:10,0.000
04/11/06 04:15,0.000
04/11/06 04:20,0.000
04/11/06 04:25,0.000
04/11/06 04:30,0.000
04/11/06 04:35,0.000
04/11/06 04:40,0.000
04/11/06 04:45,0.000
04/11/06 04:50,0.000
04/11/06 04:55,0.000
04/11/06 05:00,0.000
04/11/06 05:05,0.000
04/11/06 05:10,0.000
04/11/06 05:15,0.000
04/11/06 05:20,0.000
04/11/06 05:25,0.000
04/11/06 05:30,0.000
04/11/06 05:35,0.000
04/11/06 05:40,0.000
04/11/06 05:45,0.000
04/11/06 05:50,0.000
04/11/06 05:55,0.000
04/11/06 06:00,0.000
04/11/06 06:05,0.000
04/11/06 06:10,0.000
04/11/06 06:15,0.001
04/11/06 06:20,0.003
04/11/06 06:25,0.005
04/11/06 06:30,0.010
04/11/06 06:35,0.016
04/11/06 06:40,0.024
04/11/06 06:45,0.036
04/11/06 06:50,0.056
04/11/06 06:55,0.074
04/11/06 07:00,0.059
04/11/06 07:05,0.048
04/11/06 07:10,0.044
04/11/06 07:15,0.046
04/11/06 07:20,0.064
04/11/06 07:25,0.082
04/11/06 07:30,0.092
04/11/06 07:35,0.106
04/11/06 07:40,0.125
04/11/06 07:45,0.146
04/11/06 07:50,0.163
04/11/06 07:55,0.182
04/11/06 08:00,0.178
04/11/06 08:05,0.174
04/11/06 08:10,0.171
04/11/06 08:15,0.172
04/11/06 08:20,0.174
04/11/06 08:25,0.177
04/11/06 08:30,0.173
04/11/06 08:35,0.170
04/11/06 08:40,0.167
04/11/06 08:45,0.166
04/11/06 08:50,0.166
04/11/06 08:55,0.167
04/11/06 09:00,0.155
04/11/06 09:05,0.130
04/11/06 09:10,0.132
04/11/06 09:15,0.149
04/11/06 09:20,0.171
04/11/06 09:25,0.204
04/11/06 09:30,0.214
04/11/06 09:35,0.194
04/11/06 09:40,0.185
04/11/06 09:45,0.174
04/11/06 09:50,0.161
04/11/06 09:55,0.150
04/11/06 10:00,0.161
04/11/06 10:05,0.176
04/11/06 10:10,0.190
04/11/06 10:15,0.212
04/11/06 10:20,0.230
04/11/06 10:25,0.256
04/11/06 10:30,0.278
04/11/06 10:35,0.304
04/11/06 10:40,0.322
04/11/06 10:45,0.341
04/11/06 10:50,0.368
04/11/06 10:55,0.388
04/11/06 11:00,0.401
04/11/06 11:05,0.399
04/11/06 11:10,0.386
04/11/06 11:15,0.358
04/11/06 11:20,0.333
04/11/06 11:25,0.303
04/11/06 11:30,0.280
04/11/06 11:35,0.257
04/11/06 11:40,0.241
04/11/06 11:45,0.221
04/11/06 11:50,0.207
04/11/06 11:55,0.193
04/11/06 12:00,0.181
04/11/06 12:05,0.183
04/11/06 12:10,0.195
04/11/06 12:15,0.221
04/11/06 12:20,0.234
04/11/06 12:25,0.260
04/11/06 12:30,0.288
04/11/06 12:35,0.312
04/11/06 12:40,0.312
04/11/06 12:45,0.316
04/11/06 12:50,0.337
04/11/06 12:55,0.375
04/11/06 13:00,0.402
04/11/06 13:05,0.357
04/11/06 13:10,0.319
04/11/06 13:15,0.310
04/11/06 13:20,0.303
04/11/06 13:25,0.271
04/11/06 13:30,0.234
04/11/06 13:35,0.245
04/11/06 13:40,0.275
04/11/06 13:45,0.233
04/11/06 13:50,0.195
04/11/06 13:55,0.232
04/11/06 14:00,0.270
04/11/06 14:05,0.286
04/11/06 14:10,0.276
04/11/06 14:15,0.260
04/11/06 14:20,0.240
04/11/06 14:25,0.230
04/11/06 14:30,0.230
04/11/06 14:35,0.253
04/11/06 14:40,0.277
04/11/06 14:45,0.284
04/11/06 14:50,0.266
04/11/06 14:55,0.267
04/11/06 15:00,0.289
04/11/06 15:05,0.301
04/11/06 15:10,0.312
04/11/06 15:15,0.313
04/11/06 15:20,0.310
04/11/06 15:25,0.303
04/11/06 15:30,0.295
04/11/06 15:35,0.285
04/11/06 15:40,0.275
04/11/06 15:45,0.263
04/11/06 15:50,0.253
04/11/06 15:55,0.242
04/11/06 16:00,0.229
04/11/06 16:05,0.216
04/11/06 16:10,0.206
04/11/06 16:15,0.198
04/11/06 16:20,0.192
04/11/06 16:25,0.190
04/11/06 16:30,0.188
04/11/06 16:35,0.181
04/11/06 16:40,0.166
04/11/06 16:45,0.151
04/11/06 16:50,0.138
04/11/06 16:55,0.126
04/11/06 17:00,0.115
04/11/06 17:05,0.106
04/11/06 17:10,0.092
04/11/06 17:15,0.077
04/11/06 17:20,0.047
04/11/06 17:25,0.026
04/11/06 17:30,0.014
04/11/06 17:35,0.008
04/11/06 17:40,0.004
04/11/06 17:45,0.002
04/11/06 17:50,0.001
04/11/06 17:55,0.000
04/11/06 18:00,0.000
04/11/06 18:05,0.000
04/11/06 18:10,0.000
04/11/06 18:15,0.000
04/11/06 18:20,0.000
04/11/06 18:25,0.000
04/11/06 18:30,0.000
04/11/06 18:35,0.000
04/11/06 18:40,0.000
04/11/06 18:45,0.000
04/11/06 18:50,0.000
04/11/06 18:55,0.000
04/11/06 19:00,0.000
04/11/06 19:05,0.000
04/11/06 19:10,0.000
04/11/06 19:15,0.000
04/11/06 19:20,0.000
04/11/06 19:25,0.000
04/11/06 19:30,0.000
04/11/06 19:35,0.000
04/11/06 19:40,0.000
04/11/06 19:45,0.000
04/11/06 19:50,0.000
04/11/06 19:55,0.000
04/11/06 20:00,0.000
04/11/06 20:05,0.000
04/11/06 20:10,0.000
04/11/06 20:15,0.000
04/11/06 20:20,0.000
04/11/06 20:25,0.000
04/11/06 20:30,0.000
04/11/06 20:35,0.000
04/11/06 20:40,0.000
04/11/06 20:45,0.000
04/11/06 20:50,0.000
04/11/06 20:55,0.000
04/11/06 21:00,0.000
04/11/06 21:05,0.000
04/11/06 21:10,0.000
04/11/06 21:15,0.000
04/11/06 21:20,0.000
04/11/06 21:25,0.000
04/11/06 21:30,0.000
04/11/06 21:35,0.000
04/11/06 21:40,0.000
04/11/06 21:45,0.000
04/11/06 21:50,0.000
04/11/06 21:55,0.000
04/11/06 22:00,0.000
04/11/06 22:05,0.000
04/11/06 22:10,0.000
04/11/06 22:15,0.000
04/11/06 22:20,0.000
04/11/06 22:25,0.000
04/11/06 22:30,0.000
04/11/06 22:35,0.000
04/11/06 22:40,0.000
04/11/06 22:45,0.000
04/11/06 22:50,0.000
04/11/06 22:55,0.000
04/11/06 23:00,0.000
04/11/06 23:05,0.000
04/11/06 23:10,0.000
04/11/06 23:15,0.000
04/11/06 23:20,0.000
04/11/06 23:25,0.000
04/11/06 23:30,0.000
04/11/06 23:35,0.000
04/11/06 23:40,0.000
04/11/06 23:45,0.000
04/11/06 23:50,0.000
04/11/06 23:55,0.000
04/12/06 00:00,0.000
04/12/06 00:05,0.000
04/12/06 00:10,0.000
04/12/06 00:15,0.000
04/12/06 00:20,0.000
04/12/06 00:25,0.000
04/12/06 00:30,0.000
04/12/06 00:35,0.000
04/12/06 00:40,0.000
04/12/06 00:45,0.000
04/12/06 00:50,0.000
04/12/06 00:55,0.000
04/12/06 01:00,0.000
04/12/06 01:05,0.000
04/12/06 01:10,0.000
04/12/06 01:15,0.000
04/12/06 01:20,0.000
04/12/06 01:25,0.000
04/12/06 01:30,0.000
04/12/06 01:35,0.000
04/12/06 01:40,0.000
04/12/06 01:45,0.000
04/12/06 01:50,0.000
04/12/06 01:55,0.000
04/12/06 02:00,0.000
04/12/06 02:05,0.000
04/12/06 02:10,0.000
04/12/06 02:15,0.000
04/12/06 02:20,0.000
04/12/06 02:25,0.000
04/12/06 02:30,0.000
04/12/06 02:35,0.000
04/12/06 02:40,0.000
04/12/06 02:45,0.000
04/12/06 02:50,0.000
04/12/06 02:55,0.000
04/12/06 03:00,0.000
04/12/06 03:05,0.000
04/12/06 03:10,0.000
04/12/06 03:15,0.000
04/12/06 03:20,0.000
04/12/06 03:25,0.000
04/12/06 03:30,0.000
04/12/06 03:35,0.000
04/12/06 03:40,0.000
04/12/06 03:45,0.000
04/12/06 03:50,0.000
04/12/06 03:55,0.000
04/12/06 04:00,0.000
04/12/06 04:05,0.000
04/12/06 04:10,0.000
04/12/06 04:15,0.000
04/12/06 04:20,0.000
04/12/06 04:25,0.000
04/12/06 04:30,0.000
04/12/06 04:35,0.000
04/12/06 04:40,0.000
04/12/06 04:45,0.000
04/12/06 04:50,0.000
04/12/06 04:55,0.000
04/12/06 05:00,0.000
04/12/06 05:05,0.000
04/12/06 05:10,0.000
04/12/06 05:15,0.000
04/12/06 05:20,0.000
04/12/06 05:25,0.000
04/12/06 05:30,0.000
04/12/06 05:35,0.000
04/12/06 05:40,0.000
04/12/06 05:45,0.000
04/12/06 05:50,0.000
04/12/06 05:55,0.000
04/12/06 06:00,0.001
04/12/06 06:05,0.001
04/12/06 06:10,0.002
04/12/06 06:15,0.001
04/12/06 06:20,0.001
04/12/06 06:25,0.002
04/12/06 06:30,0.002
04/12/06 06:35,0.003
04/12/06 06:40,0.002
04/12/06 06:45,0.002
04/12/06 06:50,0.003
04/12/06 06:55,0.008
04/12/06 07:00,0.060
04/12/06 07:05,0.095
04/12/06 07:10,0.112
04/12/06 07:15,0.117
04/12/06 07:20,0.116
04/12/06 07:25,0.107
04/12/06 07:30,0.095
04/12/06 07:35,0.088
04/12/06 07:40,0.085
04/12/06 07:45,0.081
04/12/06 07:50,0.075
04/12/06 07:55,0.055
04/12/06 08:00,0.046
04/12/06 08:05,0.050
04/12/06 08:10,0.063
04/12/06 08:15,0.080
04/12/06 08:20,0.088
04/12/06 08:25,0.098
04/12/06 08:30,0.109
04/12/06 08:35,0.120
04/12/06 08:40,0.132
04/12/06 08:45,0.146
04/12/06 08:50,0.168
04/12/06 08:55,0.184
04/12/06 09:00,0.194
04/12/06 09:05,0.200
04/12/06 09:10,0.203
04/12/06 09:15,0.205
04/12/06 09:20,0.204
04/12/06 09:25,0.202
04/12/06 09:30,0.197
04/12/06 09:35,0.184
04/12/06 09:40,0.180
04/12/06 09:45,0.180
04/12/06 09:50,0.180
04/12/06 09:55,0.180
04/12/06 10:00,0.182
04/12/06 10:05,0.186
04/12/06 10:10,0.190
04/12/06 10:15,0.199
04/12/06 10:20,0.200
04/12/06 10:25,0.200
04/12/06 10:30,0.202
04/12/06 10:35,0.204
04/12/06 10:40,0.217
04/12/06 10:45,0.221
04/12/06 10:50,0.226
04/12/06 10:55,0.233
04/12/06 11:00,0.242
04/12/06 11:05,0.257
04/12/06 11:10,0.262
04/12/06 11:15,0.261
04/12/06 11:20,0.254
04/12/06 11:25,0.243
04/12/06 11:30,0.232
04/12/06 11:35,0.217
04/12/06 11:40,0.195
04/12/06 11:45,0.186
04/12/06 11:50,0.184
04/12/06 11:55,0.181
04/12/06 12:00,0.170
04/12/06 12:05,0.151
04/12/06 12:10,0.127
04/12/06 12:15,0.110
04/12/06 12:20,0.093
04/12/06 12:25,0.086
04/12/06 12:30,0.083
04/12/06 12:35,0.079
04/12/06 12:40,0.062
04/12/06 12:45,0.035
04/12/06 12:50,0.018
04/12/06 12:55,0.012
04/12/06 13:00,0.026
04/12/06 13:05,0.051
04/12/06 13:10,0.085
04/12/06 13:15,0.104
04/12/06 13:20,0.116
04/12/06 13:25,0.123
04/12/06 13:30,0.134
04/12/06 13:35,0.151
04/12/06 13:40,0.169
04/12/06 13:45,0.194
04/12/06 13:50,0.212
04/12/06 13:55,0.237
04/12/06 14:00,0.252
04/12/06 14:05,0.273
04/12/06 14:10,0.282
04/12/06 14:15,0.288
04/12/06 14:20,0.304
04/12/06 14:25,0.283
04/12/06 14:30,0.286
04/12/06 14:35,0.265
04/12/06 14:40,0.220
04/12/06 14:45,0.163
04/12/06 14:50,0.187
04/12/06 14:55,0.190
04/12/06 15:00,0.210
04/12/06 15:05,0.223
04/12/06 15:10,0.218
04/12/06 15:15,0.191
04/12/06 15:20,0.162
04/12/06 15:25,0.188
04/12/06 15:30,0.168
04/12/06 15:35,0.157
04/12/06 15:40,0.179
04/12/06 15:45,0.212
04/12/06 15:50,0.199
04/12/06 15:55,0.183
04/12/06 16:00,0.182
04/12/06 16:05,0.174
04/12/06 16:10,0.165
04/12/06 16:15,0.157
04/12/06 16:20,0.152
04/12/06 16:25,0.147
04/12/06 16:30,0.138
04/12/06 16:35,0.129
04/12/06 16:40,0.118
04/12/06 16:45,0.104
04/12/06 16:50,0.087
04/12/06 16:55,0.073
04/12/06 17:00,0.079
04/12/06 17:05,0.079
04/12/06 17:10,0.072
04/12/06 17:15,0.050
04/12/06 17:20,0.032
04/12/06 17:25,0.018
04/12/06 17:30,0.010
04/12/06 17:35,0.005
04/12/06 17:40,0.002
04/12/06 17:45,0.001
04/12/06 17:50,0.000
04/12/06 17:55,0.000
04/12/06 18:00,0.000
04/12/06 18:05,0.000
04/12/06 18:10,0.000
04/12/06 18:15,0.000
04/12/06 18:20,0.000
04/12/06 18:25,0.000
04/12/06 18:30,0.000
04/12/06 18:35,0.000
04/12/06 18:40,0.000
04/12/06 18:45,0.000
04/12/06 18:50,0.000
04/12/06 18:55,0.000
04/12/06 19:00,0.000
04/12/06 19:05,0.000
04/12/06 19:10,0.000
04/12/06 19:15,0.000
04/12/06 19:20,0.000
04/12/06 19:25,0.000
04/12/06 19:30,0.000
04/12/06 19:35,0.000
04/12/06 19:40,0.000
04/12/06 19:45,0.000
04/12/06 19:50,0.000
04/12/06 19:55,0.000
04/12/06 20:00,0.000
04/12/06 20:05,0.000
04/12/06 20:10,0.000
04/12/06 20:15,0.000
04/12/06 20:20,0.000
04/12/06 20:25,0.000
04/12/06 20:30,0.000
04/12/06 20:35,0.000
04/12/06 20:40,0.000
04/12/06 20:45,0.000
04/12/06 20:50,0.000
04/12/06 20:55,0.000
04/12/06 21:00,0.000
04/12/06 21:05,0.000
04/12/06 21:10,0.000
04/12/06 21:15,0.000
04/12/06 21:20,0.000
04/12/06 21:25,0.000
04/12/06 21:30,0.000
04/12/06 21:35,0.000
04/12/06 21:40,0.000
04/12/06 21:45,0.000
04/12/06 21:50,0.000
04/12/06 21:55,0.000
04/12/06 22:00,0.000
04/12/06 22:05,0.000
04/12/06 22:10,0.000
04/12/06 22:15,0.000
04/12/06 22:20,0.000
04/12/06 22:25,0.000
04/12/06 22:30,0.000
04/12/06 22:35,0.000
04/12/06 22:40,0.000
04/12/06 22:45,0.000
04/12/06 22:50,0.000
04/12/06 22:55,0.000
04/12/06 23:00,0.000
04/12/06 23:05,0.000
04/12/06 23:10,0.000
04/12/06 23:15,0.000
04/12/06 23:20,0.000
04/12/06 23:25,0.000
04/12/06 23:30,0.000
04/12/06 23:35,0.000
04/12/06 23:40,0.000
04/12/06 23:45,0.000
04/12/06 23:50,0.000
04/12/06 23:55,0.000
04/13/06 00:00,0.000
04/13/06 00:05,0.000
04/13/06 00:10,0.000
04/13/06 00:15,0.000
04/13/06 00:20,0.000
04/13/06 00:25,0.000
04/13/06 00:30,0.000
04/13/06 00:35,0.000
04/13/06 00:40,0.000
04/13/06 00:45,0.000
04/13/06 00:50,0.000
04/13/06 00:55,0.000
04/13/06 01:00,0.000
04/13/06 01:05,0.000
04/13/06 01:10,0.000
04/13/06 01:15,0.000
04/13/06 01:20,0.000
04/13/06 01:25,0.000
04/13/06 01:30,0.000
04/13/06 01:35,0.000
04/13/06 01:40,0.000
04/13/06 01:45,0.000
04/13/06 01:50,0.000
04/13/06 01:55,0.000
04/13/06 02:00,0.000
04/13/06 02:05,0.000
04/13/06 02:10,0.000
04/13/06 02:15,0.000
04/13/06 02:20,0.000
04/13/06 02:25,0.000
04/13/06 02:30,0.000
04/13/06 02:35,0.000
04/13/06 02:40,0.000
04/13/06 02:45,0.000
04/13/06 02:50,0.000
04/13/06 02:55,0.000
04/13/06 03:00,0.000
04/13/06 03:05,0.000
04/13/06 03:10,0.000
04/13/06 03:15,0.000
04/13/06 03:20,0.000
04/13/06 03:25,0.000
04/13/06 03:30,0.000
04/13/06 03:35,0.000
04/13/06 03:40,0.000
04/13/06 03:45,0.000
04/13/06 03:50,0.000
04/13/06 03:55,0.000
04/13/06 04:00,0.000
04/13/06 04:05,0.000
04/13/06 04:10,0.000
04/13/06 04:15,0.000
04/13/06 04:20,0.000
04/13/06 04:25,0.000
04/13/06 04:30,0.000
04/13/06 04:35,0.000
04/13/06 04:40,0.000
04/13/06 04:45,0.000
04/13/06 04:50,0.000
04/13/06 04:55,0.000
04/13/06 05:00,0.000
04/13/06 05:05,0.000
04/13/06 05:10,0.000
04/13/06 05:15,0.000
04/13/06 05:20,0.000
04/13/06 05:25,0.000
04/13/06 05:30,0.000
04/13/06 05:35,0.000
04/13/06 05:40,0.000
04/13/06 05:45,0.000
04/13/06 05:50,0.000
04/13/06 05:55,0.000
04/13/06 06:00,0.000
04/13/06 06:05,0.000
04/13/06 06:10,0.001
04/13/06 06:15,0.001
04/13/06 06:20,0.002
04/13/06 06:25,0.002
04/13/06 06:30,0.003
04/13/06 06:35,0.004
04/13/06 06:40,0.005
04/13/06 06:45,0.007
04/13/06 06:50,0.010
04/13/06 06:55,0.013
04/13/06 07:00,0.023
04/13/06 07:05,0.036
04/13/06 07:10,0.051
04/13/06 07:15,0.066
04/13/06 07:20,0.073
04/13/06 07:25,0.071
04/13/06 07:30,0.071
04/13/06 07:35,0.068
04/13/06 07:40,0.061
04/13/06 07:45,0.059
04/13/06 07:50,0.058
04/13/06 07:55,0.052
04/13/06 08:00,0.043
04/13/06 08:05,0.040
04/13/06 08:10,0.040
04/13/06 08:15,0.033
04/13/06 08:20,0.024
04/13/06 08:25,0.018
04/13/06 08:30,0.018
04/13/06 08:35,0.024
04/13/06 08:40,0.033
04/13/06 08:45,0.041
04/13/06 08:50,0.060
04/13/06 08:55,0.084
04/13/06 09:00,0.114
04/13/06 09:05,0.130
04/13/06 09:10,0.156
04/13/06 09:15,0.180
04/13/06 09:20,0.201
04/13/06 09:25,0.186
04/13/06 09:30,0.183
04/13/06 09:35,0.185
04/13/06 09:40,0.167
04/13/06 09:45,0.147
04/13/06 09:50,0.135
04/13/06 09:55,0.129
04/13/06 10:00,0.137
04/13/06 10:05,0.136
04/13/06 10:10,0.128
04/13/06 10:15,0.123
04/13/06 10:20,0.120
04/13/06 10:25,0.119
04/13/06 10:30,0.115
04/13/06 10:35,0.108
04/13/06 10:40,0.103
04/13/06 10:45,0.105
04/13/06 10:50,0.107
04/13/06 10:55,0.114
04/13/06 11:00,0.136
04/13/06 11:05,0.155
04/13/06 11:10,0.172
04/13/06 11:15,0.183
04/13/06 11:20,0.198
04/13/06 11:25,0.199
04/13/06 11:30,0.192
04/13/06 11:35,0.182
04/13/06 11:40,0.167
04/13/06 11:45,0.150
04/13/06 11:50,0.134
04/13/06 11:55,0.126
04/13/06 12:00,0.168
04/13/06 12:05,0.263
04/13/06 12:10,0.336
04/13/06 12:15,0.354
04/13/06 12:20,0.367
04/13/06 12:25,0.388
04/13/06 12:30,0.428
04/13/06 12:35,0.443
04/13/06 12:40,0.445
04/13/06 12:45,0.435
04/13/06 12:50,0.393
04/13/06 12:55,0.334
04/13/06 13:00,0.324
04/13/06 13:05,0.318
04/13/06 13:10,0.314
04/13/06 13:15,0.314
04/13/06 13:20,0.316
04/13/06 13:25,0.322
04/13/06 13:30,0.320
04/13/06 13:35,0.322
04/13/06 13:40,0.328
04/13/06 13:45,0.329
04/13/06 13:50,0.333
04/13/06 13:55,0.338
04/13/06 14:00,0.367
04/13/06 14:05,0.409
04/13/06 14:10,0.416
04/13/06 14:15,0.433
04/13/06 14:20,0.459
04/13/06 14:25,0.479
04/13/06 14:30,0.435
04/13/06 14:35,0.289
04/13/06 14:40,0.195
04/13/06 14:45,0.226
04/13/06 14:50,0.241
04/13/06 14:55,0.247
04/13/06 15:00,0.276
04/13/06 15:05,0.294
04/13/06 15:10,0.294
04/13/06 15:15,0.289
04/13/06 15:20,0.278
04/13/06 15:25,0.261
04/13/06 15:30,0.245
04/13/06 15:35,0.222
04/13/06 15:40,0.206
04/13/06 15:45,0.192
04/13/06 15:50,0.181
04/13/06 15:55,0.169
04/13/06 16:00,0.168
04/13/06 16:05,0.167
04/13/06 16:10,0.163
04/13/06 16:15,0.156
04/13/06 16:20,0.146
04/13/06 16:25,0.132
04/13/06 16:30,0.116
04/13/06 16:35,0.099
04/13/06 16:40,0.088
04/13/06 16:45,0.075
04/13/06 16:50,0.047
04/13/06 16:55,0.030
04/13/06 17:00,0.027
04/13/06 17:05,0.024
04/13/06 17:10,0.021
04/13/06 17:15,0.016
04/13/06 17:20,0.011
04/13/06 17:25,0.007
04/13/06 17:30,0.005
04/13/06 17:35,0.003
04/13/06 17:40,0.001
04/13/06 17:45,0.001
04/13/06 17:50,0.000
04/13/06 17:55,0.000
04/13/06 18:00,0.000
04/13/06 18:05,0.000
04/13/06 18:10,0.000
04/13/06 18:15,0.000
04/13/06 18:20,0.000
04/13/06 18:25,0.000
04/13/06 18:30,0.000
04/13/06 18:35,0.000
04/13/06 18:40,0.000
04/13/06 18:45,0.000
04/13/06 18:50,0.000
04/13/06 18:55,0.000
04/13/06 19:00,0.000
04/13/06 19:05,0.000
04/13/06 19:10,0.000
04/13/06 19:15,0.000
04/13/06 19:20,0.000
04/13/06 19:25,0.000
04/13/06 19:30,0.000
04/13/06 19:35,0.000
04/13/06 19:40,0.000
04/13/06 19:45,0.000
04/13/06 19:50,0.000
04/13/06 19:55,0.000
04/13/06 20:00,0.000
04/13/06 20:05,0.000
04/13/06 20:10,0.000
04/13/06 20:15,0.000
04/13/06 20:20,0.000
04/13/06 20:25,0.000
04/13/06 20:30,0.000
04/13/06 20:35,0.000
04/13/06 20:40,0.000
04/13/06 20:45,0.000
04/13/06 20:50,0.000
04/13/06 20:55,0.000
04/13/06 21:00,0.000
04/13/06 21:05,0.000
04/13/06 21:10,0.000
04/13/06 21:15,0.000
04/13/06 21:20,0.000
04/13/06 21:25,0.000
04/13/06 21:30,0.000
04/13/06 21:35,0.000
04/13/06 21:40,0.000
04/13/06 21:45,0.000
04/13/06 21:50,0.000
04/13/06 21:55,0.000
04/13/06 22:00,0.000
04/13/06 22:05,0.000
04/13/06 22:10,0.000
04/13/06 22:15,0.000
04/13/06 22:20,0.000
04/13/06 22:25,0.000
04/13/06 22:30,0.000
04/13/06 22:35,0.000
04/13/06 22:40,0.000
04/13/06 22:45,0.000
04/13/06 22:50,0.000
04/13/06 22:55,0.000
04/13/06 23:00,0.000
04/13/06 23:05,0.000
04/13/06 23:10,0.000
04/13/06 23:15,0.000
04/13/06 23:20,0.000
04/13/06 23:25,0.000
04/13/06 23:30,0.000
04/13/06 23:35,0.000
04/13/06 23:40,0.000
04/13/06 23:45,0.000
04/13/06 23:50,0.000
04/13/06 23:55,0.000
04/14/06 00:00,0.000
04/14/06 00:05,0.000
04/14/06 00:10,0.000
04/14/06 00:15,0.000
04/14/06 00:20,0.000
04/14/06 00:25,0.000
04/14/06 00:30,0.000
04/14/06 00:35,0.000
04/14/06 00:40,0.000
04/14/06 00:45,0.000
04/14/06 00:50,0.000
04/14/06 00:55,0.000
04/14/06 01:00,0.000
04/14/06 01:05,0.000
04/14/06 01:10,0.000
04/14/06 01:15,0.000
04/14/06 01:20,0.000
04/14/06 01:25,0.000
04/14/06 01:30,0.000
04/14/06 01:35,0.000
04/14/06 01:40,0.000
04/14/06 01:45,0.000
04/14/06 01:50,0.000
04/14/06 01:55,0.000
04/14/06 02:00,0.000
04/14/06 02:05,0.000
04/14/06 02:10,0.000
04/14/06 02:15,0.000
04/14/06 02:20,0.000
04/14/06 02:25,0.000
04/14/06 02:30,0.000
04/14/06 02:35,0.000
04/14/06 02:40,0.000
04/14/06 02:45,0.000
04/14/06 02:50,0.000
04/14/06 02:55,0.000
04/14/06 03:00,0.000
04/14/06 03:05,0.000
04/14/06 03:10,0.000
04/14/06 03:15,0.000
04/14/06 03:20,0.000
04/14/06 03:25,0.000
04/14/06 03:30,0.000
04/14/06 03:35,0.000
04/14/06 03:40,0.000
04/14/06 03:45,0.000
04/14/06 03:50,0.000
04/14/06 03:55,0.000
04/14/06 04:00,0.000
04/14/06 04:05,0.000
04/14/06 04:10,0.000
04/14/06 04:15,0.000
04/14/06 04:20,0.000
04/14/06 04:25,0.000
04/14/06 04:30,0.000
04/14/06 04:35,0.000
04/14/06 04:40,0.000
04/14/06 04:45,0.000
04/14/06 04:50,0.000
04/14/06 04:55,0.000
04/14/06 05:00,0.000
04/14/06 05:05,0.000
04/14/06 05:10,0.000
04/14/06 05:15,0.000
04/14/06 05:20,0.000
04/14/06 05:25,0.000
04/14/06 05:30,0.000
04/14/06 05:35,0.000
04/14/06 05:40,0.000
04/14/06 05:45,0.000
04/14/06 05:50,0.000
04/14/06 05:55,0.000
04/14/06 06:00,0.000
04/14/06 06:05,0.000
04/14/06 06:10,0.000
04/14/06 06:15,0.000
04/14/06 06:20,0.001
04/14/06 06:25,0.001
04/14/06 06:30,0.002
04/14/06 06:35,0.003
04/14/06 06:40,0.005
04/14/06 06:45,0.007
04/14/06 06:50,0.009
04/14/06 06:55,0.011
04/14/06 07:00,0.011
04/14/06 07:05,0.014
04/14/06 07:10,0.018
04/14/06 07:15,0.024
04/14/06 07:20,0.034
04/14/06 07:25,0.058
04/14/06 07:30,0.073
04/14/06 07:35,0.080
04/14/06 07:40,0.087
04/14/06 07:45,0.092
04/14/06 07:50,0.097
04/14/06 07:55,0.103
04/14/06 08:00,0.090
04/14/06 08:05,0.076
04/14/06 08:10,0.044
04/14/06 08:15,0.034
04/14/06 08:20,0.036
04/14/06 08:25,0.045
04/14/06 08:30,0.073
04/14/06 08:35,0.088
04/14/06 08:40,0.090
04/14/06 08:45,0.089
04/14/06 08:50,0.093
04/14/06 08:55,0.092
04/14/06 09:00,0.088
04/14/06 09:05,0.083
04/14/06 09:10,0.076
04/14/06 09:15,0.081
04/14/06 09:20,0.078
04/14/06 09:25,0.056
04/14/06 09:30,0.069
04/14/06 09:35,0.089
04/14/06 09:40,0.105
04/14/06 09:45,0.095
04/14/06 09:50,0.084
04/14/06 09:55,0.057
04/14/06 10:00,0.067
04/14/06 10:05,0.085
04/14/06 10:10,0.094
04/14/06 10:15,0.097
04/14/06 10:20,0.093
04/14/06 10:25,0.089
04/14/06 10:30,0.089
04/14/06 10:35,0.095
04/14/06 10:40,0.103
04/14/06 10:45,0.105
04/14/06 10:50,0.111
04/14/06 10:55,0.111
04/14/06 11:00,0.115
04/14/06 11:05,0.119
04/14/06 11:10,0.123
04/14/06 11:15,0.132
04/14/06 11:20,0.135
04/14/06 11:25,0.137
04/14/06 11:30,0.140
04/14/06 11:35,0.147
04/14/06 11:40,0.152
04/14/06 11:45,0.159
04/14/06 11:50,0.158
04/14/06 11:55,0.155
04/14/06 12:00,0.138
04/14/06 12:05,0.128
04/14/06 12:10,0.116
04/14/06 12:15,0.094
04/14/06 12:20,0.077
04/14/06 12:25,0.043
04/14/06 12:30,0.019
04/14/06 12:35,0.011
04/14/06 12:40,0.009
04/14/06 12:45,0.012
04/14/06 12:50,0.022
04/14/06 12:55,0.045
04/14/06 13:00,0.058
04/14/06 13:05,0.076
04/14/06 13:10,0.087
04/14/06 13:15,0.099
04/14/06 13:20,0.105
04/14/06 13:25,0.103
04/14/06 13:30,0.105
04/14/06 13:35,0.116
04/14/06 13:40,0.129
04/14/06 13:45,0.137
04/14/06 13:50,0.139
04/14/06 13:55,0.136
04/14/06 14:00,0.117
04/14/06 14:05,0.106
04/14/06 14:10,0.103
04/14/06 14:15,0.104
04/14/06 14:20,0.107
04/14/06 14:25,0.113
04/14/06 14:30,0.119
04/14/06 14:35,0.126
04/14/06 14:40,0.135
04/14/06 14:45,0.137
04/14/06 14:50,0.142
04/14/06 14:55,0.154
04/14/06 15:00,0.142
04/14/06 15:05,0.133
04/14/06 15:10,0.134
04/14/06 15:15,0.131
04/14/06 15:20,0.124
04/14/06 15:25,0.110
04/14/06 15:30,0.098
04/14/06 15:35,0.090
04/14/06 15:40,0.087
04/14/06 15:45,0.086
04/14/06 15:50,0.084
04/14/06 15:55,0.081
04/14/06 16:00,0.068
04/14/06 16:05,0.048
04/14/06 16:10,0.045
04/14/06 16:15,0.051
04/14/06 16:20,0.055
04/14/06 16:25,0.057
04/14/06 16:30,0.069
04/14/06 16:35,0.064
04/14/06 16:40,0.055
04/14/06 16:45,0.052
04/14/06 16:50,0.049
04/14/06 16:55,0.043
04/14/06 17:00,0.033
04/14/06 17:05,0.017
04/14/06 17:10,0.011
04/14/06 17:15,0.007
04/14/06 17:20,0.006
04/14/06 17:25,0.005
04/14/06 17:30,0.003
04/14/06 17:35,0.002
04/14/06 17:40,0.001
04/14/06 17:45,0.001
04/14/06 17:50,0.000
04/14/06 17:55,0.000
04/14/06 18:00,0.000
04/14/06 18:05,0.000
04/14/06 18:10,0.000
04/14/06 18:15,0.000
04/14/06 18:20,0.000
04/14/06 18:25,0.000
04/14/06 18:30,0.000
04/14/06 18:35,0.000
04/14/06 18:40,0.000
04/14/06 18:45,0.000
04/14/06 18:50,0.000
04/14/06 18:55,0.000
04/14/06 19:00,0.000
04/14/06 19:05,0.000
04/14/06 19:10,0.000
04/14/06 19:15,0.000
04/14/06 19:20,0.000
04/14/06 19:25,0.000
04/14/06 19:30,0.000
04/14/06 19:35,0.000
04/14/06 19:40,0.000
04/14/06 19:45,0.000
04/14/06 19:50,0.000
04/14/06 19:55,0.000
04/14/06 20:00,0.000
04/14/06 20:05,0.000
04/14/06 20:10,0.000
04/14/06 20:15,0.000
04/14/06 20:20,0.000
04/14/06 20:25,0.000
04/14/06 20:30,0.000
04/14/06 20:35,0.000
04/14/06 20:40,0.000
04/14/06 20:45,0.000
04/14/06 20:50,0.000
04/14/06 20:55,0.000
04/14/06 21:00,0.000
04/14/06 21:05,0.000
04/14/06 21:10,0.000
04/14/06 21:15,0.000
04/14/06 21:20,0.000
04/14/06 21:25,0.000
04/14/06 21:30,0.000
04/14/06 21:35,0.000
04/14/06 21:40,0.000
04/14/06 21:45,0.000
04/14/06 21:50,0.000
04/14/06 21:55,0.000
04/14/06 22:00,0.000
04/14/06 22:05,0.000
04/14/06 22:10,0.000
04/14/06 22:15,0.000
04/14/06 22:20,0.000
04/14/06 22:25,0.000
04/14/06 22:30,0.000
04/14/06 22:35,0.000
04/14/06 22:40,0.000
04/14/06 22:45,0.000
04/14/06 22:50,0.000
04/14/06 22:55,0.000
04/14/06 23:00,0.000
04/14/06 23:05,0.000
04/14/06 23:10,0.000
04/14/06 23:15,0.000
04/14/06 23:20,0.000
04/14/06 23:25,0.000
04/14/06 23:30,0.000
04/14/06 23:35,0.000
04/14/06 23:40,0.000
04/14/06 23:45,0.000
04/14/06 23:50,0.000
04/14/06 23:55,0.000
04/15/06 00:00,0.000
04/15/06 00:05,0.000
04/15/06 00:10,0.000
04/15/06 00:15,0.000
04/15/06 00:20,0.000
04/15/06 00:25,0.000
04/15/06 00:30,0.000
04/15/06 00:35,0.000
04/15/06 00:40,0.000
04/15/06 00:45,0.000
04/15/06 00:50,0.000
04/15/06 00:55,0.000
04/15/06 01:00,0.000
04/15/06 01:05,0.000
04/15/06 01:10,0.000
04/15/06 01:15,0.000
04/15/06 01:20,0.000
04/15/06 01:25,0.000
04/15/06 01:30,0.000
04/15/06 01:35,0.000
04/15/06 01:40,0.000
04/15/06 01:45,0.000
04/15/06 01:50,0.000
04/15/06 01:55,0.000
04/15/06 02:00,0.000
04/15/06 02:05,0.000
04/15/06 02:10,0.000
04/15/06 02:15,0.000
04/15/06 02:20,0.000
04/15/06 02:25,0.000
04/15/06 02:30,0.000
04/15/06 02:35,0.000
04/15/06 02:40,0.000
04/15/06 02:45,0.000
04/15/06 02:50,0.000
04/15/06 02:55,0.000
04/15/06 03:00,0.000
04/15/06 03:05,0.000
04/15/06 03:10,0.000
04/15/06 03:15,0.000
04/15/06 03:20,0.000
04/15/06 03:25,0.000
04/15/06 03:30,0.000
04/15/06 03:35,0.000
04/15/06 03:40,0.000
04/15/06 03:45,0.000
04/15/06 03:50,0.000
04/15/06 03:55,0.000
04/15/06 04:00,0.000
04/15/06 04:05,0.000
04/15/06 04:10,0.000
04/15/06 04:15,0.000
04/15/06 04:20,0.000
04/15/06 04:25,0.000
04/15/06 04:30,0.000
04/15/06 04:35,0.000
04/15/06 04:40,0.000
04/15/06 04:45,0.000
04/15/06 04:50,0.000
04/15/06 04:55,0.000
04/15/06 05:00,0.000
04/15/06 05:05,0.000
04/15/06 05:10,0.000
04/15/06 05:15,0.000
04/15/06 05:20,0.000
04/15/06 05:25,0.000
04/15/06 05:30,0.000
04/15/06 05:35,0.000
04/15/06 05:40,0.000
04/15/06 05:45,0.000
04/15/06 05:50,0.000
04/15/06 05:55,0.000
04/15/06 06:00,0.000
04/15/06 06:05,0.000
04/15/06 06:10,0.001
04/15/06 06:15,0.001
04/15/06 06:20,0.001
04/15/06 06:25,0.002
04/15/06 06:30,0.003
04/15/06 06:35,0.004
04/15/06 06:40,0.005
04/15/06 06:45,0.007
04/15/06 06:50,0.010
04/15/06 06:55,0.012
04/15/06 07:00,0.017
04/15/06 07:05,0.021
04/15/06 07:10,0.021
04/15/06 07:15,0.023
04/15/06 07:20,0.026
04/15/06 07:25,0.026
04/15/06 07:30,0.025
04/15/06 07:35,0.025
04/15/06 07:40,0.020
04/15/06 07:45,0.016
04/15/06 07:50,0.011
04/15/06 07:55,0.009
04/15/06 08:00,0.011
04/15/06 08:05,0.015
04/15/06 08:10,0.021
04/15/06 08:15,0.025
04/15/06 08:20,0.028
04/15/06 08:25,0.034
04/15/06 08:30,0.039
04/15/06 08:35,0.039
04/15/06 08:40,0.042
04/15/06 08:45,0.039
04/15/06 08:50,0.033
04/15/06 08:55,0.034
04/15/06 09:00,0.039
04/15/06 09:05,0.042
04/15/06 09:10,0.043
04/15/06 09:15,0.044
04/15/06 09:20,0.039
04/15/06 09:25,0.031
04/15/06 09:30,0.027
04/15/06 09:35,0.028
04/15/06 09:40,0.033
04/15/06 09:45,0.045
04/15/06 09:50,0.065
04/15/06 09:55,0.080
04/15/06 10:00,0.086
04/15/06 10:05,0.089
04/15/06 10:10,0.093
04/15/06 10:15,0.098
04/15/06 10:20,0.103
04/15/06 10:25,0.111
04/15/06 10:30,0.115
04/15/06 10:35,0.116
04/15/06 10:40,0.116
04/15/06 10:45,0.116
04/15/06 10:50,0.113
04/15/06 10:55,0.114
04/15/06 11:00,0.112
04/15/06 11:05,0.112
04/15/06 11:10,0.105
04/15/06 11:15,0.096
04/15/06 11:20,0.093
04/15/06 11:25,0.089
04/15/06 11:30,0.082
04/15/06 11:35,0.064
04/15/06 11:40,0.052
04/15/06 11:45,0.073
04/15/06 11:50,0.083
04/15/06 11:55,0.087
04/15/06 12:00,0.088
04/15/06 12:05,0.088
04/15/06 12:10,0.088
04/15/06 12:15,0.086
04/15/06 12:20,0.080
04/15/06 12:25,0.063
04/15/06 12:30,0.065
04/15/06 12:35,0.075
04/15/06 12:40,0.082
04/15/06 12:45,0.097
04/15/06 12:50,0.118
04/15/06 12:55,0.135
04/15/06 13:00,0.127
04/15/06 13:05,0.119
04/15/06 13:10,0.118
04/15/06 13:15,0.118
04/15/06 13:20,0.119
04/15/06 13:25,0.123
04/15/06 13:30,0.126
04/15/06 13:35,0.127
04/15/06 13:40,0.127
04/15/06 13:45,0.126
04/15/06 13:50,0.125
04/15/06 13:55,0.124
04/15/06 14:00,0.121
04/15/06 14:05,0.119
04/15/06 14:10,0.122
04/15/06 14:15,0.126
04/15/06 14:20,0.128
04/15/06 14:25,0.126
04/15/06 14:30,0.126
04/15/06 14:35,0.127
04/15/06 14:40,0.124
04/15/06 14:45,0.120
04/15/06 14:50,0.117
04/15/06 14:55,0.117
04/15/06 15:00,0.117
04/15/06 15:05,0.114
04/15/06 15:10,0.106
04/15/06 15:15,0.097
04/15/06 15:20,0.089
04/15/06 15:25,0.082
04/15/06 15:30,0.080
04/15/06 15:35,0.078
04/15/06 15:40,0.071
04/15/06 15:45,0.062
04/15/06 15:50,0.053
04/15/06 15:55,0.052
04/15/06 16:00,0.081
04/15/06 16:05,0.089
04/15/06 16:10,0.094
04/15/06 16:15,0.094
04/15/06 16:20,0.092
04/15/06 16:25,0.090
04/15/06 16:30,0.086
04/15/06 16:35,0.081
04/15/06 16:40,0.070
04/15/06 16:45,0.052
04/15/06 16:50,0.042
04/15/06 16:55,0.039
04/15/06 17:00,0.044
04/15/06 17:05,0.055
04/15/06 17:10,0.067
04/15/06 17:15,0.049
04/15/06 17:20,0.027
04/15/06 17:25,0.014
04/15/06 17:30,0.007
04/15/06 17:35,0.004
04/15/06 17:40,0.002
04/15/06 17:45,0.001
04/15/06 17:50,0.000
04/15/06 17:55,0.000
04/15/06 18:00,0.000
04/15/06 18:05,0.000
04/15/06 18:10,0.000
04/15/06 18:15,0.000
04/15/06 18:20,0.000
04/15/06 18:25,0.000
04/15/06 18:30,0.000
04/15/06 18:35,0.000
04/15/06 18:40,0.000
04/15/06 18:45,0.000
04/15/06 18:50,0.000
04/15/06 18:55,0.000
04/15/06 19:00,0.000
04/15/06 19:05,0.000
04/15/06 19:10,0.000
04/15/06 19:15,0.000
04/15/06 19:20,0.000
04/15/06 19:25,0.000
04/15/06 19:30,0.000
04/15/06 19:35,0.000
04/15/06 19:40,0.000
04/15/06 19:45,0.000
04/15/06 19:50,0.000
04/15/06 19:55,0.000
04/15/06 20:00,0.000
04/15/06 20:05,0.000
04/15/06 20:10,0.000
04/15/06 20:15,0.000
04/15/06 20:20,0.000
04/15/06 20:25,0.000
04/15/06 20:30,0.000
04/15/06 20:35,0.000
04/15/06 20:40,0.000
04/15/06 20:45,0.000
04/15/06 20:50,0.000
04/15/06 20:55,0.000
04/15/06 21:00,0.000
04/15/06 21:05,0.000
04/15/06 21:10,0.000
04/15/06 21:15,0.000
04/15/06 21:20,0.000
04/15/06 21:25,0.000
04/15/06 21:30,0.000
04/15/06 21:35,0.000
04/15/06 21:40,0.000
04/15/06 21:45,0.000
04/15/06 21:50,0.000
04/15/06 21:55,0.000
04/15/06 22:00,0.000
04/15/06 22:05,0.000
04/15/06 22:10,0.000
04/15/06 22:15,0.000
04/15/06 22:20,0.000
04/15/06 22:25,0.000
04/15/06 22:30,0.000
04/15/06 22:35,0.000
04/15/06 22:40,0.000
04/15/06 22:45,0.000
04/15/06 22:50,0.000
04/15/06 22:55,0.000
04/15/06 23:00,0.000
04/15/06 23:05,0.000
04/15/06 23:10,0.000
04/15/06 23:15,0.000
04/15/06 23:20,0.000
04/15/06 23:25,0.000
04/15/06 23:30,0.000
04/15/06 23:35,0.000
04/15/06 23:40,0.000
04/15/06 23:45,0.000
04/15/06 23:50,0.000
04/15/06 23:55,0.000
04/16/06 00:00,0.000
04/16/06 00:05,0.000
04/16/06 00:10,0.000
04/16/06 00:15,0.000
04/16/06 00:20,0.000
04/16/06 00:25,0.000
04/16/06 00:30,0.000
04/16/06 00:35,0.000
04/16/06 00:40,0.000
04/16/06 00:45,0.000
04/16/06 00:50,0.000
04/16/06 00:55,0.000
04/16/06 01:00,0.000
04/16/06 01:05,0.000
04/16/06 01:10,0.000
04/16/06 01:15,0.000
04/16/06 01:20,0.000
04/16/06 01:25,0.000
04/16/06 01:30,0.000
04/16/06 01:35,0.000
04/16/06 01:40,0.000
04/16/06 01:45,0.000
04/16/06 01:50,0.000
04/16/06 01:55,0.000
04/16/06 02:00,0.000
04/16/06 02:05,0.000
04/16/06 02:10,0.000
04/16/06 02:15,0.000
04/16/06 02:20,0.000
04/16/06 02:25,0.000
04/16/06 02:30,0.000
04/16/06 02:35,0.000
04/16/06 02:40,0.000
04/16/06 02:45,0.000
04/16/06 02:50,0.000
04/16/06 02:55,0.000
04/16/06 03:00,0.000
04/16/06 03:05,0.000
04/16/06 03:10,0.000
04/16/06 03:15,0.000
04/16/06 03:20,0.000
04/16/06 03:25,0.000
04/16/06 03:30,0.000
04/16/06 03:35,0.000
04/16/06 03:40,0.000
04/16/06 03:45,0.000
04/16/06 03:50,0.000
04/16/06 03:55,0.000
04/16/06 04:00,0.000
04/16/06 04:05,0.000
04/16/06 04:10,0.000
04/16/06 04:15,0.000
04/16/06 04:20,0.000
04/16/06 04:25,0.000
04/16/06 04:30,0.000
04/16/06 04:35,0.000
04/16/06 04:40,0.000
04/16/06 04:45,0.000
04/16/06 04:50,0.000
04/16/06 04:55,0.000
04/16/06 05:00,0.000
04/16/06 05:05,0.000
04/16/06 05:10,0.000
04/16/06 05:15,0.000
04/16/06 05:20,0.000
04/16/06 05:25,0.000
04/16/06 05:30,0.000
04/16/06 05:35,0.000
04/16/06 05:40,0.000
04/16/06 05:45,0.001
04/16/06 05:50,0.002
04/16/06 05:55,0.004
04/16/06 06:00,0.009
04/16/06 06:05,0.018
04/16/06 06:10,0.036
04/16/06 06:15,0.066
04/16/06 06:20,0.086
04/16/06 06:25,0.099
04/16/06 06:30,0.112
04/16/06 06:35,0.126
04/16/06 06:40,0.141
04/16/06 06:45,0.157
04/16/06 06:50,0.173
04/16/06 06:55,0.190
04/16/06 07:00,0.206
04/16/06 07:05,0.222
04/16/06 07:10,0.238
04/16/06 07:15,0.253
04/16/06 07:20,0.269
04/16/06 07:25,0.284
04/16/06 07:30,0.299
04/16/06 07:35,0.314
04/16/06 07:40,0.330
04/16/06 07:45,0.345
04/16/06 07:50,0.359
04/16/06 07:55,0.373
04/16/06 08:00,0.383
04/16/06 08:05,0.392
04/16/06 08:10,0.398
04/16/06 08:15,0.405
04/16/06 08:20,0.409
04/16/06 08:25,0.416
04/16/06 08:30,0.427
04/16/06 08:35,0.436
04/16/06 08:40,0.447
04/16/06 08:45,0.453
04/16/06 08:50,0.456
04/16/06 08:55,0.460
04/16/06 09:00,0.438
04/16/06 09:05,0.395
04/16/06 09:10,0.363
04/16/06 09:15,0.343
04/16/06 09:20,0.323
04/16/06 09:25,0.328
04/16/06 09:30,0.348
04/16/06 09:35,0.372
04/16/06 09:40,0.312
04/16/06 09:45,0.239
04/16/06 09:50,0.191
04/16/06 09:55,0.189
04/16/06 10:00,0.294
04/16/06 10:05,0.366
04/16/06 10:10,0.399
04/16/06 10:15,0.404
04/16/06 10:20,0.400
04/16/06 10:25,0.388
04/16/06 10:30,0.383
04/16/06 10:35,0.379
04/16/06 10:40,0.371
04/16/06 10:45,0.356
04/16/06 10:50,0.340
04/16/06 10:55,0.319
04/16/06 11:00,0.312
04/16/06 11:05,0.309
04/16/06 11:10,0.317
04/16/06 11:15,0.323
04/16/06 11:20,0.321
04/16/06 11:25,0.310
04/16/06 11:30,0.294
04/16/06 11:35,0.269
04/16/06 11:40,0.266
04/16/06 11:45,0.270
04/16/06 11:50,0.275
04/16/06 11:55,0.273
04/16/06 12:00,0.238
04/16/06 12:05,0.217
04/16/06 12:10,0.226
04/16/06 12:15,0.288
04/16/06 12:20,0.333
04/16/06 12:25,0.393
04/16/06 12:30,0.470
04/16/06 12:35,0.492
04/16/06 12:40,0.510
04/16/06 12:45,0.545
04/16/06 12:50,0.561
04/16/06 12:55,0.528
04/16/06 13:00,0.503
04/16/06 13:05,0.503
04/16/06 13:10,0.444
04/16/06 13:15,0.385
04/16/06 13:20,0.366
04/16/06 13:25,0.380
04/16/06 13:30,0.355
04/16/06 13:35,0.342
04/16/06 13:40,0.333
04/16/06 13:45,0.323
04/16/06 13:50,0.349
04/16/06 13:55,0.356
04/16/06 14:00,0.394
04/16/06 14:05,0.416
04/16/06 14:10,0.423
04/16/06 14:15,0.423
04/16/06 14:20,0.431
04/16/06 14:25,0.446
04/16/06 14:30,0.463
04/16/06 14:35,0.475
04/16/06 14:40,0.479
04/16/06 14:45,0.454
04/16/06 14:50,0.435
04/16/06 14:55,0.429
04/16/06 15:00,0.418
04/16/06 15:05,0.380
04/16/06 15:10,0.358
04/16/06 15:15,0.334
04/16/06 15:20,0.254
04/16/06 15:25,0.187
04/16/06 15:30,0.143
04/16/06 15:35,0.126
04/16/06 15:40,0.162
04/16/06 15:45,0.194
04/16/06 15:50,0.201
04/16/06 15:55,0.195
04/16/06 16:00,0.190
04/16/06 16:05,0.172
04/16/06 16:10,0.155
04/16/06 16:15,0.175
04/16/06 16:20,0.189
04/16/06 16:25,0.178
04/16/06 16:30,0.145
04/16/06 16:35,0.121
04/16/06 16:40,0.115
04/16/06 16:45,0.110
04/16/06 16:50,0.113
04/16/06 16:55,0.103
04/16/06 17:00,0.087
04/16/06 17:05,0.081
04/16/06 17:10,0.084
04/16/06 17:15,0.076
04/16/06 17:20,0.064
04/16/06 17:25,0.046
04/16/06 17:30,0.026
04/16/06 17:35,0.012
04/16/06 17:40,0.006
04/16/06 17:45,0.003
04/16/06 17:50,0.001
04/16/06 17:55,0.000
04/16/06 18:00,0.000
04/16/06 18:05,0.000
04/16/06 18:10,0.000
04/16/06 18:15,0.000
04/16/06 18:20,0.000
04/16/06 18:25,0.000
04/16/06 18:30,0.000
04/16/06 18:35,0.000
04/16/06 18:40,0.000
04/16/06 18:45,0.000
04/16/06 18:50,0.000
04/16/06 18:55,0.000
04/16/06 19:00,0.000
04/16/06 19:05,0.000
04/16/06 19:10,0.000
04/16/06 19:15,0.000
04/16/06 19:20,0.000
04/16/06 19:25,0.000
04/16/06 19:30,0.000
04/16/06 19:35,0.000
04/16/06 19:40,0.000
04/16/06 19:45,0.000
04/16/06 19:50,0.000
04/16/06 19:55,0.000
04/16/06 20:00,0.000
04/16/06 20:05,0.000
04/16/06 20:10,0.000
04/16/06 20:15,0.000
04/16/06 20:20,0.000
04/16/06 20:25,0.000
04/16/06 20:30,0.000
04/16/06 20:35,0.000
04/16/06 20:40,0.000
04/16/06 20:45,0.000
04/16/06 20:50,0.000
04/16/06 20:55,0.000
04/16/06 21:00,0.000
04/16/06 21:05,0.000
04/16/06 21:10,0.000
04/16/06 21:15,0.000
04/16/06 21:20,0.000
04/16/06 21:25,0.000
04/16/06 21:30,0.000
04/16/06 21:35,0.000
04/16/06 21:40,0.000
04/16/06 21:45,0.000
04/16/06 21:50,0.000
04/16/06 21:55,0.000
04/16/06 22:00,0.000
04/16/06 22:05,0.000
04/16/06 22:10,0.000
04/16/06 22:15,0.000
04/16/06 22:20,0.000
04/16/06 22:25,0.000
04/16/06 22:30,0.000
04/16/06 22:35,0.000
04/16/06 22:40,0.000
04/16/06 22:45,0.000
04/16/06 22:50,0.000
04/16/06 22:55,0.000
04/16/06 23:00,0.000
04/16/06 23:05,0.000
04/16/06 23:10,0.000
04/16/06 23:15,0.000
04/16/06 23:20,0.000
04/16/06 23:25,0.000
04/16/06 23:30,0.000
04/16/06 23:35,0.000
04/16/06 23:40,0.000
04/16/06 23:45,0.000
04/16/06 23:50,0.000
04/16/06 23:55,0.000
04/17/06 00:00,0.000
04/17/06 00:05,0.000
04/17/06 00:10,0.000
04/17/06 00:15,0.000
04/17/06 00:20,0.000
04/17/06 00:25,0.000
04/17/06 00:30,0.000
04/17/06 00:35,0.000
04/17/06 00:40,0.000
04/17/06 00:45,0.000
04/17/06 00:50,0.000
04/17/06 00:55,0.000
04/17/06 01:00,0.000
04/17/06 01:05,0.000
04/17/06 01:10,0.000
04/17/06 01:15,0.000
04/17/06 01:20,0.000
04/17/06 01:25,0.000
04/17/06 01:30,0.000
04/17/06 01:35,0.000
04/17/06 01:40,0.000
04/17/06 01:45,0.000
04/17/06 01:50,0.000
04/17/06 01:55,0.000
04/17/06 02:00,0.000
04/17/06 02:05,0.000
04/17/06 02:10,0.000
04/17/06 02:15,0.000
04/17/06 02:20,0.000
04/17/06 02:25,0.000
04/17/06 02:30,0.000
04/17/06 02:35,0.000
04/17/06 02:40,0.000
04/17/06 02:45,0.000
04/17/06 02:50,0.000
04/17/06 02:55,0.000
04/17/06 03:00,0.000
04/17/06 03:05,0.000
04/17/06 03:10,0.000
04/17/06 03:15,0.000
04/17/06 03:20,0.000
04/17/06 03:25,0.000
04/17/06 03:30,0.000
04/17/06 03:35,0.000
04/17/06 03:40,0.000
04/17/06 03:45,0.000
04/17/06 03:50,0.000
04/17/06 03:55,0.000
04/17/06 04:00,0.000
04/17/06 04:05,0.000
04/17/06 04:10,0.000
04/17/06 04:15,0.000
04/17/06 04:20,0.000
04/17/06 04:25,0.000
04/17/06 04:30,0.000
04/17/06 04:35,0.000
04/17/06 04:40,0.000
04/17/06 04:45,0.000
04/17/06 04:50,0.000
04/17/06 04:55,0.000
04/17/06 05:00,0.000
04/17/06 05:05,0.000
04/17/06 05:10,0.000
04/17/06 05:15,0.000
04/17/06 05:20,0.000
04/17/06 05:25,0.000
04/17/06 05:30,0.000
04/17/06 05:35,0.000
04/17/06 05:40,0.000
04/17/06 05:45,0.001
04/17/06 05:50,0.002
04/17/06 05:55,0.005
04/17/06 06:00,0.010
04/17/06 06:05,0.022
04/17/06 06:10,0.041
04/17/06 06:15,0.073
04/17/06 06:20,0.088
04/17/06 06:25,0.099
04/17/06 06:30,0.112
04/17/06 06:35,0.125
04/17/06 06:40,0.138
04/17/06 06:45,0.151
04/17/06 06:50,0.165
04/17/06 06:55,0.179
04/17/06 07:00,0.194
04/17/06 07:05,0.209
04/17/06 07:10,0.223
04/17/06 07:15,0.238
04/17/06 07:20,0.252
04/17/06 07:25,0.266
04/17/06 07:30,0.280
04/17/06 07:35,0.294
04/17/06 07:40,0.308
04/17/06 07:45,0.322
04/17/06 07:50,0.335
04/17/06 07:55,0.348
04/17/06 08:00,0.363
04/17/06 08:05,0.378
04/17/06 08:10,0.392
04/17/06 08:15,0.404
04/17/06 08:20,0.417
04/17/06 08:25,0.432
04/17/06 08:30,0.444
04/17/06 08:35,0.455
04/17/06 08:40,0.466
04/17/06 08:45,0.477
04/17/06 08:50,0.487
04/17/06 08:55,0.497
04/17/06 09:00,0.504
04/17/06 09:05,0.511
04/17/06 09:10,0.522
04/17/06 09:15,0.531
04/17/06 09:20,0.539
04/17/06 09:25,0.547
04/17/06 09:30,0.553
04/17/06 09:35,0.559
04/17/06 09:40,0.565
04/17/06 09:45,0.571
04/17/06 09:50,0.576
04/17/06 09:55,0.582
04/17/06 10:00,0.581
04/17/06 10:05,0.575
04/17/06 10:10,0.574
04/17/06 10:15,0.586
04/17/06 10:20,0.535
04/17/06 10:25,0.508
04/17/06 10:30,0.494
04/17/06 10:35,0.499
04/17/06 10:40,0.485
04/17/06 10:45,0.425
04/17/06 10:50,0.370
04/17/06 10:55,0.430
04/17/06 11:00,0.475
04/17/06 11:05,0.457
04/17/06 11:10,0.452
04/17/06 11:15,0.460
04/17/06 11:20,0.443
04/17/06 11:25,0.399
04/17/06 11:30,0.437
04/17/06 11:35,0.472
04/17/06 11:40,0.503
04/17/06 11:45,0.535
04/17/06 11:50,0.428
04/17/06 11:55,0.356
04/17/06 12:00,0.440
04/17/06 12:05,0.513
04/17/06 12:10,0.573
04/17/06 12:15,0.617
04/17/06 12:20,0.649
04/17/06 12:25,0.666
04/17/06 12:30,0.669
04/17/06 12:35,0.663
04/17/06 12:40,0.649
04/17/06 12:45,0.623
04/17/06 12:50,0.585
04/17/06 12:55,0.551
04/17/06 13:00,0.529
04/17/06 13:05,0.501
04/17/06 13:10,0.426
04/17/06 13:15,0.377
04/17/06 13:20,0.357
04/17/06 13:25,0.360
04/17/06 13:30,0.389
04/17/06 13:35,0.439
04/17/06 13:40,0.513
04/17/06 13:45,0.546
04/17/06 13:50,0.565
04/17/06 13:55,0.561
04/17/06 14:00,0.470
04/17/06 14:05,0.406
04/17/06 14:10,0.362
04/17/06 14:15,0.333
04/17/06 14:20,0.313
04/17/06 14:25,0.296
04/17/06 14:30,0.282
04/17/06 14:35,0.276
04/17/06 14:40,0.267
04/17/06 14:45,0.255
04/17/06 14:50,0.245
04/17/06 14:55,0.257
04/17/06 15:00,0.274
04/17/06 15:05,0.233
04/17/06 15:10,0.179
04/17/06 15:15,0.155
04/17/06 15:20,0.143
04/17/06 15:25,0.109
04/17/06 15:30,0.092
04/17/06 15:35,0.096
04/17/06 15:40,0.103
04/17/06 15:45,0.114
04/17/06 15:50,0.122
04/17/06 15:55,0.112
04/17/06 16:00,0.086
04/17/06 16:05,0.059
04/17/06 16:10,0.027
04/17/06 16:15,0.017
04/17/06 16:20,0.011
04/17/06 16:25,0.006
04/17/06 16:30,0.003
04/17/06 16:35,0.001
04/17/06 16:40,0.001
04/17/06 16:45,0.002
04/17/06 16:50,0.004
04/17/06 16:55,0.006
04/17/06 17:00,0.005
04/17/06 17:05,0.004
04/17/06 17:10,0.003
04/17/06 17:15,0.002
04/17/06 17:20,0.001
04/17/06 17:25,0.001
04/17/06 17:30,0.001
04/17/06 17:35,0.001
04/17/06 17:40,0.000
04/17/06 17:45,0.000
04/17/06 17:50,0.000
04/17/06 17:55,0.000
04/17/06 18:00,0.000
04/17/06 18:05,0.000
04/17/06 18:10,0.000
04/17/06 18:15,0.000
04/17/06 18:20,0.000
04/17/06 18:25,0.000
04/17/06 18:30,0.000
04/17/06 18:35,0.000
04/17/06 18:40,0.000
04/17/06 18:45,0.000
04/17/06 18:50,0.000
04/17/06 18:55,0.000
04/17/06 19:00,0.000
04/17/06 19:05,0.000
04/17/06 19:10,0.000
04/17/06 19:15,0.000
04/17/06 19:20,0.000
04/17/06 19:25,0.000
04/17/06 19:30,0.000
04/17/06 19:35,0.000
04/17/06 19:40,0.000
04/17/06 19:45,0.000
04/17/06 19:50,0.000
04/17/06 19:55,0.000
04/17/06 20:00,0.000
04/17/06 20:05,0.000
04/17/06 20:10,0.000
04/17/06 20:15,0.000
04/17/06 20:20,0.000
04/17/06 20:25,0.000
04/17/06 20:30,0.000
04/17/06 20:35,0.000
04/17/06 20:40,0.000
04/17/06 20:45,0.000
04/17/06 20:50,0.000
04/17/06 20:55,0.000
04/17/06 21:00,0.000
04/17/06 21:05,0.000
04/17/06 21:10,0.000
04/17/06 21:15,0.000
04/17/06 21:20,0.000
04/17/06 21:25,0.000
04/17/06 21:30,0.000
04/17/06 21:35,0.000
04/17/06 21:40,0.000
04/17/06 21:45,0.000
04/17/06 21:50,0.000
04/17/06 21:55,0.000
04/17/06 22:00,0.000
04/17/06 22:05,0.000
04/17/06 22:10,0.000
04/17/06 22:15,0.000
04/17/06 22:20,0.000
04/17/06 22:25,0.000
04/17/06 22:30,0.000
04/17/06 22:35,0.000
04/17/06 22:40,0.000
04/17/06 22:45,0.000
04/17/06 22:50,0.000
04/17/06 22:55,0.000
04/17/06 23:00,0.000
04/17/06 23:05,0.000
04/17/06 23:10,0.000
04/17/06 23:15,0.000
04/17/06 23:20,0.000
04/17/06 23:25,0.000
04/17/06 23:30,0.000
04/17/06 23:35,0.000
04/17/06 23:40,0.000
04/17/06 23:45,0.000
04/17/06 23:50,0.000
04/17/06 23:55,0.000
04/18/06 00:00,0.000
04/18/06 00:05,0.000
04/18/06 00:10,0.000
04/18/06 00:15,0.000
04/18/06 00:20,0.000
04/18/06 00:25,0.000
04/18/06 00:30,0.000
04/18/06 00:35,0.000
04/18/06 00:40,0.000
04/18/06 00:45,0.000
04/18/06 00:50,0.000
04/18/06 00:55,0.000
04/18/06 01:00,0.000
04/18/06 01:05,0.000
04/18/06 01:10,0.000
04/18/06 01:15,0.000
04/18/06 01:20,0.000
04/18/06 01:25,0.000
04/18/06 01:30,0.000
04/18/06 01:35,0.000
04/18/06 01:40,0.000
04/18/06 01:45,0.000
04/18/06 01:50,0.000
04/18/06 01:55,0.000
04/18/06 02:00,0.000
04/18/06 02:05,0.000
04/18/06 02:10,0.000
04/18/06 02:15,0.000
04/18/06 02:20,0.000
04/18/06 02:25,0.000
04/18/06 02:30,0.000
04/18/06 02:35,0.000
04/18/06 02:40,0.000
04/18/06 02:45,0.000
04/18/06 02:50,0.000
04/18/06 02:55,0.000
04/18/06 03:00,0.000
04/18/06 03:05,0.000
04/18/06 03:10,0.000
04/18/06 03:15,0.000
04/18/06 03:20,0.000
04/18/06 03:25,0.000
04/18/06 03:30,0.000
04/18/06 03:35,0.000
04/18/06 03:40,0.000
04/18/06 03:45,0.000
04/18/06 03:50,0.000
04/18/06 03:55,0.000
04/18/06 04:00,0.000
04/18/06 04:05,0.000
04/18/06 04:10,0.000
04/18/06 04:15,0.000
04/18/06 04:20,0.000
04/18/06 04:25,0.000
04/18/06 04:30,0.000
04/18/06 04:35,0.000
04/18/06 04:40,0.000
04/18/06 04:45,0.000
04/18/06 04:50,0.000
04/18/06 04:55,0.000
04/18/06 05:00,0.000
04/18/06 05:05,0.000
04/18/06 05:10,0.000
04/18/06 05:15,0.000
04/18/06 05:20,0.000
04/18/06 05:25,0.000
04/18/06 05:30,0.000
04/18/06 05:35,0.000
04/18/06 05:40,0.001
04/18/06 05:45,0.003
04/18/06 05:50,0.006
04/18/06 05:55,0.011
04/18/06 06:00,0.020
04/18/06 06:05,0.030
04/18/06 06:10,0.044
04/18/06 06:15,0.051
04/18/06 06:20,0.047
04/18/06 06:25,0.034
04/18/06 06:30,0.021
04/18/06 06:35,0.029
04/18/06 06:40,0.045
04/18/06 06:45,0.090
04/18/06 06:50,0.103
04/18/06 06:55,0.112
04/18/06 07:00,0.131
04/18/06 07:05,0.141
04/18/06 07:10,0.158
04/18/06 07:15,0.189
04/18/06 07:20,0.204
04/18/06 07:25,0.199
04/18/06 07:30,0.167
04/18/06 07:35,0.153
04/18/06 07:40,0.175
04/18/06 07:45,0.216
04/18/06 07:50,0.248
04/18/06 07:55,0.236
04/18/06 08:00,0.228
04/18/06 08:05,0.229
04/18/06 08:10,0.236
04/18/06 08:15,0.246
04/18/06 08:20,0.259
04/18/06 08:25,0.273
04/18/06 08:30,0.287
04/18/06 08:35,0.299
04/18/06 08:40,0.313
04/18/06 08:45,0.330
04/18/06 08:50,0.347
04/18/06 08:55,0.366
04/18/06 09:00,0.390
04/18/06 09:05,0.407
04/18/06 09:10,0.408
04/18/06 09:15,0.443
04/18/06 09:20,0.456
04/18/06 09:25,0.460
04/18/06 09:30,0.472
04/18/06 09:35,0.486
04/18/06 09:40,0.494
04/18/06 09:45,0.500
04/18/06 09:50,0.514
04/18/06 09:55,0.481
04/18/06 10:00,0.442
04/18/06 10:05,0.425
04/18/06 10:10,0.410
04/18/06 10:15,0.412
04/18/06 10:20,0.432
04/18/06 10:25,0.466
04/18/06 10:30,0.497
04/18/06 10:35,0.517
04/18/06 10:40,0.535
04/18/06 10:45,0.565
04/18/06 10:50,0.583
04/18/06 10:55,0.595
04/18/06 11:00,0.554
04/18/06 11:05,0.532
04/18/06 11:10,0.490
04/18/06 11:15,0.417
04/18/06 11:20,0.434
04/18/06 11:25,0.425
04/18/06 11:30,0.444
04/18/06 11:35,0.468
04/18/06 11:40,0.518
04/18/06 11:45,0.581
04/18/06 11:50,0.618
04/18/06 11:55,0.598
04/18/06 12:00,0.602
04/18/06 12:05,0.608
04/18/06 12:10,0.591
04/18/06 12:15,0.581
04/18/06 12:20,0.579
04/18/06 12:25,0.593
04/18/06 12:30,0.596
04/18/06 12:35,0.591
04/18/06 12:40,0.594
04/18/06 12:45,0.580
04/18/06 12:50,0.570
04/18/06 12:55,0.572
04/18/06 13:00,0.574
04/18/06 13:05,0.565
04/18/06 13:10,0.552
04/18/06 13:15,0.537
04/18/06 13:20,0.515
04/18/06 13:25,0.492
04/18/06 13:30,0.464
04/18/06 13:35,0.433
04/18/06 13:40,0.403
04/18/06 13:45,0.371
04/18/06 13:50,0.331
04/18/06 13:55,0.298
04/18/06 14:00,0.268
04/18/06 14:05,0.284
04/18/06 14:10,0.318
04/18/06 14:15,0.350
04/18/06 14:20,0.340
04/18/06 14:25,0.321
04/18/06 14:30,0.305
04/18/06 14:35,0.327
04/18/06 14:40,0.279
04/18/06 14:45,0.291
04/18/06 14:50,0.272
04/18/06 14:55,0.237
04/18/06 15:00,0.262
04/18/06 15:05,0.284
04/18/06 15:10,0.342
04/18/06 15:15,0.378
04/18/06 15:20,0.399
04/18/06 15:25,0.403
04/18/06 15:30,0.396
04/18/06 15:35,0.383
04/18/06 15:40,0.310
04/18/06 15:45,0.237
04/18/06 15:50,0.207
04/18/06 15:55,0.176
04/18/06 16:00,0.195
04/18/06 16:05,0.185
04/18/06 16:10,0.192
04/18/06 16:15,0.196
04/18/06 16:20,0.170
04/18/06 16:25,0.132
04/18/06 16:30,0.134
04/18/06 16:35,0.134
04/18/06 16:40,0.134
04/18/06 16:45,0.126
04/18/06 16:50,0.119
04/18/06 16:55,0.109
04/18/06 17:00,0.101
04/18/06 17:05,0.091
04/18/06 17:10,0.074
04/18/06 17:15,0.044
04/18/06 17:20,0.038
04/18/06 17:25,0.017
04/18/06 17:30,0.007
04/18/06 17:35,0.005
04/18/06 17:40,0.004
04/18/06 17:45,0.002
04/18/06 17:50,0.001
04/18/06 17:55,0.001
04/18/06 18:00,0.000
04/18/06 18:05,0.000
04/18/06 18:10,0.000
04/18/06 18:15,0.000
04/18/06 18:20,0.000
04/18/06 18:25,0.000
04/18/06 18:30,0.000
04/18/06 18:35,0.000
04/18/06 18:40,0.000
04/18/06 18:45,0.000
04/18/06 18:50,0.000
04/18/06 18:55,0.000
04/18/06 19:00,0.000
04/18/06 19:05,0.000
04/18/06 19:10,0.000
04/18/06 19:15,0.000
04/18/06 19:20,0.000
04/18/06 19:25,0.000
04/18/06 19:30,0.000
04/18/06 19:35,0.000
04/18/06 19:40,0.000
04/18/06 19:45,0.000
04/18/06 19:50,0.000
04/18/06 19:55,0.000
04/18/06 20:00,0.000
04/18/06 20:05,0.000
04/18/06 20:10,0.000
04/18/06 20:15,0.000
04/18/06 20:20,0.000
04/18/06 20:25,0.000
04/18/06 20:30,0.000
04/18/06 20:35,0.000
04/18/06 20:40,0.000
04/18/06 20:45,0.000
04/18/06 20:50,0.000
04/18/06 20:55,0.000
04/18/06 21:00,0.000
04/18/06 21:05,0.000
04/18/06 21:10,0.000
04/18/06 21:15,0.000
04/18/06 21:20,0.000
04/18/06 21:25,0.000
04/18/06 21:30,0.000
04/18/06 21:35,0.000
04/18/06 21:40,0.000
04/18/06 21:45,0.000
04/18/06 21:50,0.000
04/18/06 21:55,0.000
04/18/06 22:00,0.000
04/18/06 22:05,0.000
04/18/06 22:10,0.000
04/18/06 22:15,0.000
04/18/06 22:20,0.000
04/18/06 22:25,0.000
04/18/06 22:30,0.000
04/18/06 22:35,0.000
04/18/06 22:40,0.000
04/18/06 22:45,0.000
04/18/06 22:50,0.000
04/18/06 22:55,0.000
04/18/06 23:00,0.000
04/18/06 23:05,0.000
04/18/06 23:10,0.000
04/18/06 23:15,0.000
04/18/06 23:20,0.000
04/18/06 23:25,0.000
04/18/06 23:30,0.000
04/18/06 23:35,0.000
04/18/06 23:40,0.000
04/18/06 23:45,0.000
04/18/06 23:50,0.000
04/18/06 23:55,0.000
04/19/06 00:00,0.000
04/19/06 00:05,0.000
04/19/06 00:10,0.000
04/19/06 00:15,0.000
04/19/06 00:20,0.000
04/19/06 00:25,0.000
04/19/06 00:30,0.000
04/19/06 00:35,0.000
04/19/06 00:40,0.000
04/19/06 00:45,0.000
04/19/06 00:50,0.000
04/19/06 00:55,0.000
04/19/06 01:00,0.000
04/19/06 01:05,0.000
04/19/06 01:10,0.000
04/19/06 01:15,0.000
04/19/06 01:20,0.000
04/19/06 01:25,0.000
04/19/06 01:30,0.000
04/19/06 01:35,0.000
04/19/06 01:40,0.000
04/19/06 01:45,0.000
04/19/06 01:50,0.000
04/19/06 01:55,0.000
04/19/06 02:00,0.000
04/19/06 02:05,0.000
04/19/06 02:10,0.000
04/19/06 02:15,0.000
04/19/06 02:20,0.000
04/19/06 02:25,0.000
04/19/06 02:30,0.000
04/19/06 02:35,0.000
04/19/06 02:40,0.000
04/19/06 02:45,0.000
04/19/06 02:50,0.000
04/19/06 02:55,0.000
04/19/06 03:00,0.000
04/19/06 03:05,0.000
04/19/06 03:10,0.000
04/19/06 03:15,0.000
04/19/06 03:20,0.000
04/19/06 03:25,0.000
04/19/06 03:30,0.000
04/19/06 03:35,0.000
04/19/06 03:40,0.000
04/19/06 03:45,0.000
04/19/06 03:50,0.000
04/19/06 03:55,0.000
04/19/06 04:00,0.000
04/19/06 04:05,0.000
04/19/06 04:10,0.000
04/19/06 04:15,0.000
04/19/06 04:20,0.000
04/19/06 04:25,0.000
04/19/06 04:30,0.000
04/19/06 04:35,0.000
04/19/06 04:40,0.000
04/19/06 04:45,0.000
04/19/06 04:50,0.000
04/19/06 04:55,0.000
04/19/06 05:00,0.000
04/19/06 05:05,0.000
04/19/06 05:10,0.000
04/19/06 05:15,0.000
04/19/06 05:20,0.000
04/19/06 05:25,0.000
04/19/06 05:30,0.000
04/19/06 05:35,0.000
04/19/06 05:40,0.001
04/19/06 05:45,0.002
04/19/06 05:50,0.005
04/19/06 05:55,0.010
04/19/06 06:00,0.015
04/19/06 06:05,0.022
04/19/06 06:10,0.034
04/19/06 06:15,0.063
04/19/06 06:20,0.090
04/19/06 06:25,0.101
04/19/06 06:30,0.105
04/19/06 06:35,0.108
04/19/06 06:40,0.107
04/19/06 06:45,0.107
04/19/06 06:50,0.098
04/19/06 06:55,0.094
04/19/06 07:00,0.119
04/19/06 07:05,0.153
04/19/06 07:10,0.175
04/19/06 07:15,0.201
04/19/06 07:20,0.220
04/19/06 07:25,0.243
04/19/06 07:30,0.263
04/19/06 07:35,0.264
04/19/06 07:40,0.266
04/19/06 07:45,0.285
04/19/06 07:50,0.308
04/19/06 07:55,0.321
04/19/06 08:00,0.318
04/19/06 08:05,0.318
04/19/06 08:10,0.326
04/19/06 08:15,0.335
04/19/06 08:20,0.339
04/19/06 08:25,0.345
04/19/06 08:30,0.346
04/19/06 08:35,0.344
04/19/06 08:40,0.343
04/19/06 08:45,0.348
04/19/06 08:50,0.359
04/19/06 08:55,0.374
04/19/06 09:00,0.398
04/19/06 09:05,0.419
04/19/06 09:10,0.437
04/19/06 09:15,0.451
04/19/06 09:20,0.462
04/19/06 09:25,0.473
04/19/06 09:30,0.481
04/19/06 09:35,0.493
04/19/06 09:40,0.504
04/19/06 09:45,0.514
04/19/06 09:50,0.525
04/19/06 09:55,0.534
04/19/06 10:00,0.542
04/19/06 10:05,0.547
04/19/06 10:10,0.552
04/19/06 10:15,0.556
04/19/06 10:20,0.560
04/19/06 10:25,0.564
04/19/06 10:30,0.567
04/19/06 10:35,0.571
04/19/06 10:40,0.575
04/19/06 10:45,0.583
04/19/06 10:50,0.585
04/19/06 10:55,0.588
04/19/06 11:00,0.595
04/19/06 11:05,0.603
04/19/06 11:10,0.608
04/19/06 11:15,0.615
04/19/06 11:20,0.619
04/19/06 11:25,0.622
04/19/06 11:30,0.624
04/19/06 11:35,0.627
04/19/06 11:40,0.629
04/19/06 11:45,0.630
04/19/06 11:50,0.627
04/19/06 11:55,0.624
04/19/06 12:00,0.618
04/19/06 12:05,0.613
04/19/06 12:10,0.607
04/19/06 12:15,0.601
04/19/06 12:20,0.591
04/19/06 12:25,0.584
04/19/06 12:30,0.575
04/19/06 12:35,0.567
04/19/06 12:40,0.559
04/19/06 12:45,0.551
04/19/06 12:50,0.542
04/19/06 12:55,0.533
04/19/06 13:00,0.527
04/19/06 13:05,0.528
04/19/06 13:10,0.531
04/19/06 13:15,0.536
04/19/06 13:20,0.534
04/19/06 13:25,0.531
04/19/06 13:30,0.529
04/19/06 13:35,0.528
04/19/06 13:40,0.527
04/19/06 13:45,0.524
04/19/06 13:50,0.522
04/19/06 13:55,0.519
04/19/06 14:00,0.516
04/19/06 14:05,0.512
04/19/06 14:10,0.508
04/19/06 14:15,0.502
04/19/06 14:20,0.497
04/19/06 14:25,0.491
04/19/06 14:30,0.484
04/19/06 14:35,0.477
04/19/06 14:40,0.469
04/19/06 14:45,0.461
04/19/06 14:50,0.453
04/19/06 14:55,0.445
04/19/06 15:00,0.435
04/19/06 15:05,0.424
04/19/06 15:10,0.411
04/19/06 15:15,0.398
04/19/06 15:20,0.386
04/19/06 15:25,0.374
04/19/06 15:30,0.362
04/19/06 15:35,0.349
04/19/06 15:40,0.335
04/19/06 15:45,0.322
04/19/06 15:50,0.308
04/19/06 15:55,0.294
04/19/06 16:00,0.282
04/19/06 16:05,0.269
04/19/06 16:10,0.255
04/19/06 16:15,0.240
04/19/06 16:20,0.226
04/19/06 16:25,0.212
04/19/06 16:30,0.198
04/19/06 16:35,0.184
04/19/06 16:40,0.170
04/19/06 16:45,0.156
04/19/06 16:50,0.142
04/19/06 16:55,0.129
04/19/06 17:00,0.117
04/19/06 17:05,0.105
04/19/06 17:10,0.093
04/19/06 17:15,0.082
04/19/06 17:20,0.060
04/19/06 17:25,0.034
04/19/06 17:30,0.018
04/19/06 17:35,0.010
04/19/06 17:40,0.005
04/19/06 17:45,0.002
04/19/06 17:50,0.001
04/19/06 17:55,0.001
04/19/06 18:00,0.000
04/19/06 18:05,0.000
04/19/06 18:10,0.000
04/19/06 18:15,0.000
04/19/06 18:20,0.000
04/19/06 18:25,0.000
04/19/06 18:30,0.000
04/19/06 18:35,0.000
04/19/06 18:40,0.000
04/19/06 18:45,0.000
04/19/06 18:50,0.000
04/19/06 18:55,0.000
04/19/06 19:00,0.000
04/19/06 19:05,0.000
04/19/06 19:10,0.000
04/19/06 19:15,0.000
04/19/06 19:20,0.000
04/19/06 19:25,0.000
04/19/06 19:30,0.000
04/19/06 19:35,0.000
04/19/06 19:40,0.000
04/19/06 19:45,0.000
04/19/06 19:50,0.000
04/19/06 19:55,0.000
04/19/06 20:00,0.000
04/19/06 20:05,0.000
04/19/06 20:10,0.000
04/19/06 20:15,0.000
04/19/06 20:20,0.000
04/19/06 20:25,0.000
04/19/06 20:30,0.000
04/19/06 20:35,0.000
04/19/06 20:40,0.000
04/19/06 20:45,0.000
04/19/06 20:50,0.000
04/19/06 20:55,0.000
04/19/06 21:00,0.000
04/19/06 21:05,0.000
04/19/06 21:10,0.000
04/19/06 21:15,0.000
04/19/06 21:20,0.000
04/19/06 21:25,0.000
04/19/06 21:30,0.000
04/19/06 21:35,0.000
04/19/06 21:40,0.000
04/19/06 21:45,0.000
04/19/06 21:50,0.000
04/19/06 21:55,0.000
04/19/06 22:00,0.000
04/19/06 22:05,0.000
04/19/06 22:10,0.000
04/19/06 22:15,0.000
04/19/06 22:20,0.000
04/19/06 22:25,0.000
04/19/06 22:30,0.000
04/19/06 22:35,0.000
04/19/06 22:40,0.000
04/19/06 22:45,0.000
04/19/06 22:50,0.000
04/19/06 22:55,0.000
04/19/06 23:00,0.000
04/19/06 23:05,0.000
04/19/06 23:10,0.000
04/19/06 23:15,0.000
04/19/06 23:20,0.000
04/19/06 23:25,0.000
04/19/06 23:30,0.000
04/19/06 23:35,0.000
04/19/06 23:40,0.000
04/19/06 23:45,0.000
04/19/06 23:50,0.000
04/19/06 23:55,0.000
04/20/06 00:00,0.000
04/20/06 00:05,0.000
04/20/06 00:10,0.000
04/20/06 00:15,0.000
04/20/06 00:20,0.000
04/20/06 00:25,0.000
04/20/06 00:30,0.000
04/20/06 00:35,0.000
04/20/06 00:40,0.000
04/20/06 00:45,0.000
04/20/06 00:50,0.000
04/20/06 00:55,0.000
04/20/06 01:00,0.000
04/20/06 01:05,0.000
04/20/06 01:10,0.000
04/20/06 01:15,0.000
04/20/06 01:20,0.000
04/20/06 01:25,0.000
04/20/06 01:30,0.000
04/20/06 01:35,0.000
04/20/06 01:40,0.000
04/20/06 01:45,0.000
04/20/06 01:50,0.000
04/20/06 01:55,0.000
04/20/06 02:00,0.000
04/20/06 02:05,0.000
04/20/06 02:10,0.000
04/20/06 02:15,0.000
04/20/06 02:20,0.000
04/20/06 02:25,0.000
04/20/06 02:30,0.000
04/20/06 02:35,0.000
04/20/06 02:40,0.000
04/20/06 02:45,0.000
04/20/06 02:50,0.000
04/20/06 02:55,0.000
04/20/06 03:00,0.000
04/20/06 03:05,0.000
04/20/06 03:10,0.000
04/20/06 03:15,0.000
04/20/06 03:20,0.000
04/20/06 03:25,0.000
04/20/06 03:30,0.000
04/20/06 03:35,0.000
04/20/06 03:40,0.000
04/20/06 03:45,0.000
04/20/06 03:50,0.000
04/20/06 03:55,0.000
04/20/06 04:00,0.000
04/20/06 04:05,0.000
04/20/06 04:10,0.000
04/20/06 04:15,0.000
04/20/06 04:20,0.000
04/20/06 04:25,0.000
04/20/06 04:30,0.000
04/20/06 04:35,0.000
04/20/06 04:40,0.000
04/20/06 04:45,0.000
04/20/06 04:50,0.000
04/20/06 04:55,0.000
04/20/06 05:00,0.000
04/20/06 05:05,0.000
04/20/06 05:10,0.000
04/20/06 05:15,0.000
04/20/06 05:20,0.000
04/20/06 05:25,0.000
04/20/06 05:30,0.000
04/20/06 05:35,0.000
04/20/06 05:40,0.001
04/20/06 05:45,0.002
04/20/06 05:50,0.005
04/20/06 05:55,0.012
04/20/06 06:00,0.026
04/20/06 06:05,0.050
04/20/06 06:10,0.080
04/20/06 06:15,0.092
04/20/06 06:20,0.105
04/20/06 06:25,0.119
04/20/06 06:30,0.133
04/20/06 06:35,0.148
04/20/06 06:40,0.163
04/20/06 06:45,0.176
04/20/06 06:50,0.190
04/20/06 06:55,0.204
04/20/06 07:00,0.217
04/20/06 07:05,0.231
04/20/06 07:10,0.244
04/20/06 07:15,0.256
04/20/06 07:20,0.269
04/20/06 07:25,0.281
04/20/06 07:30,0.292
04/20/06 07:35,0.302
04/20/06 07:40,0.313
04/20/06 07:45,0.324
04/20/06 07:50,0.335
04/20/06 07:55,0.345
04/20/06 08:00,0.356
04/20/06 08:05,0.367
04/20/06 08:10,0.377
04/20/06 08:15,0.387
04/20/06 08:20,0.396
04/20/06 08:25,0.408
04/20/06 08:30,0.420
04/20/06 08:35,0.432
04/20/06 08:40,0.445
04/20/06 08:45,0.457
04/20/06 08:50,0.468
04/20/06 08:55,0.478
04/20/06 09:00,0.491
04/20/06 09:05,0.501
04/20/06 09:10,0.507
04/20/06 09:15,0.512
04/20/06 09:20,0.515
04/20/06 09:25,0.519
04/20/06 09:30,0.523
04/20/06 09:35,0.526
04/20/06 09:40,0.529
04/20/06 09:45,0.531
04/20/06 09:50,0.532
04/20/06 09:55,0.534
04/20/06 10:00,0.539
04/20/06 10:05,0.543
04/20/06 10:10,0.550
04/20/06 10:15,0.558
04/20/06 10:20,0.565
04/20/06 10:25,0.572
04/20/06 10:30,0.578
04/20/06 10:35,0.585
04/20/06 10:40,0.598
04/20/06 10:45,0.605
04/20/06 10:50,0.611
04/20/06 10:55,0.617
04/20/06 11:00,0.621
04/20/06 11:05,0.623
04/20/06 11:10,0.624
04/20/06 11:15,0.625
04/20/06 11:20,0.626
04/20/06 11:25,0.626
04/20/06 11:30,0.625
04/20/06 11:35,0.625
04/20/06 11:40,0.623
04/20/06 11:45,0.622
04/20/06 11:50,0.621
04/20/06 11:55,0.618
04/20/06 12:00,0.616
04/20/06 12:05,0.614
04/20/06 12:10,0.615
04/20/06 12:15,0.613
04/20/06 12:20,0.611
04/20/06 12:25,0.608
04/20/06 12:30,0.605
04/20/06 12:35,0.601
04/20/06 12:40,0.596
04/20/06 12:45,0.592
04/20/06 12:50,0.588
04/20/06 12:55,0.583
04/20/06 13:00,0.573
04/20/06 13:05,0.568
04/20/06 13:10,0.551
04/20/06 13:15,0.532
04/20/06 13:20,0.508
04/20/06 13:25,0.489
04/20/06 13:30,0.470
04/20/06 13:35,0.445
04/20/06 13:40,0.423
04/20/06 13:45,0.405
04/20/06 13:50,0.387
04/20/06 13:55,0.373
04/20/06 14:00,0.399
04/20/06 14:05,0.419
04/20/06 14:10,0.429
04/20/06 14:15,0.429
04/20/06 14:20,0.423
04/20/06 14:25,0.424
04/20/06 14:30,0.430
04/20/06 14:35,0.435
04/20/06 14:40,0.442
04/20/06 14:45,0.444
04/20/06 14:50,0.449
04/20/06 14:55,0.451
04/20/06 15:00,0.422
04/20/06 15:05,0.382
04/20/06 15:10,0.340
04/20/06 15:15,0.319
04/20/06 15:20,0.315
04/20/06 15:25,0.313
04/20/06 15:30,0.297
04/20/06 15:35,0.270
04/20/06 15:40,0.259
04/20/06 15:45,0.264
04/20/06 15:50,0.263
04/20/06 15:55,0.254
04/20/06 16:00,0.240
04/20/06 16:05,0.224
04/20/06 16:10,0.203
04/20/06 16:15,0.187
04/20/06 16:20,0.174
04/20/06 16:25,0.165
04/20/06 16:30,0.159
04/20/06 16:35,0.152
04/20/06 16:40,0.146
04/20/06 16:45,0.140
04/20/06 16:50,0.131
04/20/06 16:55,0.122
04/20/06 17:00,0.114
04/20/06 17:05,0.105
04/20/06 17:10,0.095
04/20/06 17:15,0.085
04/20/06 17:20,0.074
04/20/06 17:25,0.045
04/20/06 17:30,0.025
04/20/06 17:35,0.013
04/20/06 17:40,0.007
04/20/06 17:45,0.003
04/20/06 17:50,0.002
04/20/06 17:55,0.001
04/20/06 18:00,0.000
04/20/06 18:05,0.000
04/20/06 18:10,0.000
04/20/06 18:15,0.000
04/20/06 18:20,0.000
04/20/06 18:25,0.000
04/20/06 18:30,0.000
04/20/06 18:35,0.000
04/20/06 18:40,0.000
04/20/06 18:45,0.000
04/20/06 18:50,0.000
04/20/06 18:55,0.000
04/20/06 19:00,0.000
04/20/06 19:05,0.000
04/20/06 19:10,0.000
04/20/06 19:15,0.000
04/20/06 19:20,0.000
04/20/06 19:25,0.000
04/20/06 19:30,0.000
04/20/06 19:35,0.000
04/20/06 19:40,0.000
04/20/06 19:45,0.000
04/20/06 19:50,0.000
04/20/06 19:55,0.000
04/20/06 20:00,0.000
04/20/06 20:05,0.000
04/20/06 20:10,0.000
04/20/06 20:15,0.000
04/20/06 20:20,0.000
04/20/06 20:25,0.000
04/20/06 20:30,0.000
04/20/06 20:35,0.000
04/20/06 20:40,0.000
04/20/06 20:45,0.000
04/20/06 20:50,0.000
04/20/06 20:55,0.000
04/20/06 21:00,0.000
04/20/06 21:05,0.000
04/20/06 21:10,0.000
04/20/06 21:15,0.000
04/20/06 21:20,0.000
04/20/06 21:25,0.000
04/20/06 21:30,0.000
04/20/06 21:35,0.000
04/20/06 21:40,0.000
04/20/06 21:45,0.000
04/20/06 21:50,0.000
04/20/06 21:55,0.000
04/20/06 22:00,0.000
04/20/06 22:05,0.000
04/20/06 22:10,0.000
04/20/06 22:15,0.000
04/20/06 22:20,0.000
04/20/06 22:25,0.000
04/20/06 22:30,0.000
04/20/06 22:35,0.000
04/20/06 22:40,0.000
04/20/06 22:45,0.000
04/20/06 22:50,0.000
04/20/06 22:55,0.000
04/20/06 23:00,0.000
04/20/06 23:05,0.000
04/20/06 23:10,0.000
04/20/06 23:15,0.000
04/20/06 23:20,0.000
04/20/06 23:25,0.000
04/20/06 23:30,0.000
04/20/06 23:35,0.000
04/20/06 23:40,0.000
04/20/06 23:45,0.000
04/20/06 23:50,0.000
04/20/06 23:55,0.000
04/21/06 00:00,0.000
04/21/06 00:05,0.000
04/21/06 00:10,0.000
04/21/06 00:15,0.000
04/21/06 00:20,0.000
04/21/06 00:25,0.000
04/21/06 00:30,0.000
04/21/06 00:35,0.000
04/21/06 00:40,0.000
04/21/06 00:45,0.000
04/21/06 00:50,0.000
04/21/06 00:55,0.000
04/21/06 01:00,0.000
04/21/06 01:05,0.000
04/21/06 01:10,0.000
04/21/06 01:15,0.000
04/21/06 01:20,0.000
04/21/06 01:25,0.000
04/21/06 01:30,0.000
04/21/06 01:35,0.000
04/21/06 01:40,0.000
04/21/06 01:45,0.000
04/21/06 01:50,0.000
04/21/06 01:55,0.000
04/21/06 02:00,0.000
04/21/06 02:05,0.000
04/21/06 02:10,0.000
04/21/06 02:15,0.000
04/21/06 02:20,0.000
04/21/06 02:25,0.000
04/21/06 02:30,0.000
04/21/06 02:35,0.000
04/21/06 02:40,0.000
04/21/06 02:45,0.000
04/21/06 02:50,0.000
04/21/06 02:55,0.000
04/21/06 03:00,0.000
04/21/06 03:05,0.000
04/21/06 03:10,0.000
04/21/06 03:15,0.000
04/21/06 03:20,0.000
04/21/06 03:25,0.000
04/21/06 03:30,0.000
04/21/06 03:35,0.000
04/21/06 03:40,0.000
04/21/06 03:45,0.000
04/21/06 03:50,0.000
04/21/06 03:55,0.000
04/21/06 04:00,0.000
04/21/06 04:05,0.000
04/21/06 04:10,0.000
04/21/06 04:15,0.000
04/21/06 04:20,0.000
04/21/06 04:25,0.000
04/21/06 04:30,0.000
04/21/06 04:35,0.000
04/21/06 04:40,0.000
04/21/06 04:45,0.000
04/21/06 04:50,0.000
04/21/06 04:55,0.000
04/21/06 05:00,0.000
04/21/06 05:05,0.000
04/21/06 05:10,0.000
04/21/06 05:15,0.000
04/21/06 05:20,0.000
04/21/06 05:25,0.000
04/21/06 05:30,0.001
04/21/06 05:35,0.002
04/21/06 05:40,0.004
04/21/06 05:45,0.010
04/21/06 05:50,0.020
04/21/06 05:55,0.037
04/21/06 06:00,0.036
04/21/06 06:05,0.026
04/21/06 06:10,0.021
04/21/06 06:15,0.013
04/21/06 06:20,0.010
04/21/06 06:25,0.011
04/21/06 06:30,0.017
04/21/06 06:35,0.034
04/21/06 06:40,0.043
04/21/06 06:45,0.037
04/21/06 06:50,0.032
04/21/06 06:55,0.033
04/21/06 07:00,0.078
04/21/06 07:05,0.097
04/21/06 07:10,0.112
04/21/06 07:15,0.121
04/21/06 07:20,0.115
04/21/06 07:25,0.111
04/21/06 07:30,0.111
04/21/06 07:35,0.123
04/21/06 07:40,0.132
04/21/06 07:45,0.149
04/21/06 07:50,0.160
04/21/06 07:55,0.171
04/21/06 08:00,0.176
04/21/06 08:05,0.193
04/21/06 08:10,0.248
04/21/06 08:15,0.303
04/21/06 08:20,0.366
04/21/06 08:25,0.413
04/21/06 08:30,0.450
04/21/06 08:35,0.470
04/21/06 08:40,0.435
04/21/06 08:45,0.368
04/21/06 08:50,0.298
04/21/06 08:55,0.284
04/21/06 09:00,0.306
04/21/06 09:05,0.297
04/21/06 09:10,0.319
04/21/06 09:15,0.297
04/21/06 09:20,0.271
04/21/06 09:25,0.297
04/21/06 09:30,0.376
04/21/06 09:35,0.386
04/21/06 09:40,0.375
04/21/06 09:45,0.346
04/21/06 09:50,0.354
04/21/06 09:55,0.380
04/21/06 10:00,0.415
04/21/06 10:05,0.440
04/21/06 10:10,0.455
04/21/06 10:15,0.464
04/21/06 10:20,0.472
04/21/06 10:25,0.475
04/21/06 10:30,0.478
04/21/06 10:35,0.478
04/21/06 10:40,0.476
04/21/06 10:45,0.476
04/21/06 10:50,0.481
04/21/06 10:55,0.489
04/21/06 11:00,0.464
04/21/06 11:05,0.446
04/21/06 11:10,0.397
04/21/06 11:15,0.337
04/21/06 11:20,0.324
04/21/06 11:25,0.345
04/21/06 11:30,0.423
04/21/06 11:35,0.490
04/21/06 11:40,0.500
04/21/06 11:45,0.477
04/21/06 11:50,0.445
04/21/06 11:55,0.437
04/21/06 12:00,0.473
04/21/06 12:05,0.489
04/21/06 12:10,0.488
04/21/06 12:15,0.475
04/21/06 12:20,0.453
04/21/06 12:25,0.426
04/21/06 12:30,0.398
04/21/06 12:35,0.366
04/21/06 12:40,0.329
04/21/06 12:45,0.295
04/21/06 12:50,0.262
04/21/06 12:55,0.224
04/21/06 13:00,0.185
04/21/06 13:05,0.152
04/21/06 13:10,0.126
04/21/06 13:15,0.110
04/21/06 13:20,0.090
04/21/06 13:25,0.077
04/21/06 13:30,0.048
04/21/06 13:35,0.031
04/21/06 13:40,0.021
04/21/06 13:45,0.017
04/21/06 13:50,0.012
04/21/06 13:55,0.008
04/21/06 14:00,0.016
04/21/06 14:05,0.029
04/21/06 14:10,0.040
04/21/06 14:15,0.051
04/21/06 14:20,0.064
04/21/06 14:25,0.073
04/21/06 14:30,0.078
04/21/06 14:35,0.083
04/21/06 14:40,0.091
04/21/06 14:45,0.098
04/21/06 14:50,0.099
04/21/06 14:55,0.100
04/21/06 15:00,0.103
04/21/06 15:05,0.098
04/21/06 15:10,0.095
04/21/06 15:15,0.092
04/21/06 15:20,0.089
04/21/06 15:25,0.088
04/21/06 15:30,0.087
04/21/06 15:35,0.086
04/21/06 15:40,0.085
04/21/06 15:45,0.085
04/21/06 15:50,0.083
04/21/06 15:55,0.077
04/21/06 16:00,0.046
04/21/06 16:05,0.027
04/21/06 16:10,0.017
04/21/06 16:15,0.012
04/21/06 16:20,0.011
04/21/06 16:25,0.011
04/21/06 16:30,0.011
04/21/06 16:35,0.010
04/21/06 16:40,0.009
04/21/06 16:45,0.009
04/21/06 16:50,0.008
04/21/06 16:55,0.007
04/21/06 17:00,0.005
04/21/06 17:05,0.003
04/21/06 17:10,0.002
04/21/06 17:15,0.001
04/21/06 17:20,0.001
04/21/06 17:25,0.001
04/21/06 17:30,0.000
04/21/06 17:35,0.000
04/21/06 17:40,0.000
04/21/06 17:45,0.000
04/21/06 17:50,0.000
04/21/06 17:55,0.000
04/21/06 18:00,0.000
04/21/06 18:05,0.000
04/21/06 18:10,0.000
04/21/06 18:15,0.000
04/21/06 18:20,0.000
04/21/06 18:25,0.000
04/21/06 18:30,0.000
04/21/06 18:35,0.000
04/21/06 18:40,0.000
04/21/06 18:45,0.000
04/21/06 18:50,0.000
04/21/06 18:55,0.000
04/21/06 19:00,0.000
04/21/06 19:05,0.000
04/21/06 19:10,0.000
04/21/06 19:15,0.000
04/21/06 19:20,0.000
04/21/06 19:25,0.000
04/21/06 19:30,0.000
04/21/06 19:35,0.000
04/21/06 19:40,0.000
04/21/06 19:45,0.000
04/21/06 19:50,0.000
04/21/06 19:55,0.000
04/21/06 20:00,0.000
04/21/06 20:05,0.000
04/21/06 20:10,0.000
04/21/06 20:15,0.000
04/21/06 20:20,0.000
04/21/06 20:25,0.000
04/21/06 20:30,0.000
04/21/06 20:35,0.000
04/21/06 20:40,0.000
04/21/06 20:45,0.000
04/21/06 20:50,0.000
04/21/06 20:55,0.000
04/21/06 21:00,0.000
04/21/06 21:05,0.000
04/21/06 21:10,0.000
04/21/06 21:15,0.000
04/21/06 21:20,0.000
04/21/06 21:25,0.000
04/21/06 21:30,0.000
04/21/06 21:35,0.000
04/21/06 21:40,0.000
04/21/06 21:45,0.000
04/21/06 21:50,0.000
04/21/06 21:55,0.000
04/21/06 22:00,0.000
04/21/06 22:05,0.000
04/21/06 22:10,0.000
04/21/06 22:15,0.000
04/21/06 22:20,0.000
04/21/06 22:25,0.000
04/21/06 22:30,0.000
04/21/06 22:35,0.000
04/21/06 22:40,0.000
04/21/06 22:45,0.000
04/21/06 22:50,0.000
04/21/06 22:55,0.000
04/21/06 23:00,0.000
04/21/06 23:05,0.000
04/21/06 23:10,0.000
04/21/06 23:15,0.000
04/21/06 23:20,0.000
04/21/06 23:25,0.000
04/21/06 23:30,0.000
04/21/06 23:35,0.000
04/21/06 23:40,0.000
04/21/06 23:45,0.000
04/21/06 23:50,0.000
04/21/06 23:55,0.000
04/22/06 00:00,0.000
04/22/06 00:05,0.000
04/22/06 00:10,0.000
04/22/06 00:15,0.000
04/22/06 00:20,0.000
04/22/06 00:25,0.000
04/22/06 00:30,0.000
04/22/06 00:35,0.000
04/22/06 00:40,0.000
04/22/06 00:45,0.000
04/22/06 00:50,0.000
04/22/06 00:55,0.000
04/22/06 01:00,0.000
04/22/06 01:05,0.000
04/22/06 01:10,0.000
04/22/06 01:15,0.000
04/22/06 01:20,0.000
04/22/06 01:25,0.000
04/22/06 01:30,0.000
04/22/06 01:35,0.000
04/22/06 01:40,0.000
04/22/06 01:45,0.000
04/22/06 01:50,0.000
04/22/06 01:55,0.000
04/22/06 02:00,0.000
04/22/06 02:05,0.000
04/22/06 02:10,0.000
04/22/06 02:15,0.000
04/22/06 02:20,0.000
04/22/06 02:25,0.000
04/22/06 02:30,0.000
04/22/06 02:35,0.000
04/22/06 02:40,0.000
04/22/06 02:45,0.000
04/22/06 02:50,0.000
04/22/06 02:55,0.000
04/22/06 03:00,0.000
04/22/06 03:05,0.000
04/22/06 03:10,0.000
04/22/06 03:15,0.000
04/22/06 03:20,0.000
04/22/06 03:25,0.000
04/22/06 03:30,0.000
04/22/06 03:35,0.000
04/22/06 03:40,0.000
04/22/06 03:45,0.000
04/22/06 03:50,0.000
04/22/06 03:55,0.000
04/22/06 04:00,0.000
04/22/06 04:05,0.000
04/22/06 04:10,0.000
04/22/06 04:15,0.000
04/22/06 04:20,0.000
04/22/06 04:25,0.000
04/22/06 04:30,0.000
04/22/06 04:35,0.000
04/22/06 04:40,0.000
04/22/06 04:45,0.000
04/22/06 04:50,0.000
04/22/06 04:55,0.000
04/22/06 05:00,0.000
04/22/06 05:05,0.000
04/22/06 05:10,0.000
04/22/06 05:15,0.000
04/22/06 05:20,0.000
04/22/06 05:25,0.001
04/22/06 05:30,0.001
04/22/06 05:35,0.002
04/22/06 05:40,0.005
04/22/06 05:45,0.009
04/22/06 05:50,0.016
04/22/06 05:55,0.027
04/22/06 06:00,0.046
04/22/06 06:05,0.072
04/22/06 06:10,0.084
04/22/06 06:15,0.093
04/22/06 06:20,0.103
04/22/06 06:25,0.112
04/22/06 06:30,0.122
04/22/06 06:35,0.131
04/22/06 06:40,0.141
04/22/06 06:45,0.151
04/22/06 06:50,0.160
04/22/06 06:55,0.169
04/22/06 07:00,0.178
04/22/06 07:05,0.189
04/22/06 07:10,0.203
04/22/06 07:15,0.217
04/22/06 07:20,0.240
04/22/06 07:25,0.263
04/22/06 07:30,0.282
04/22/06 07:35,0.293
04/22/06 07:40,0.309
04/22/06 07:45,0.344
04/22/06 07:50,0.376
04/22/06 07:55,0.394
04/22/06 08:00,0.404
04/22/06 08:05,0.418
04/22/06 08:10,0.430
04/22/06 08:15,0.442
04/22/06 08:20,0.456
04/22/06 08:25,0.466
04/22/06 08:30,0.476
04/22/06 08:35,0.486
04/22/06 08:40,0.496
04/22/06 08:45,0.506
04/22/06 08:50,0.515
04/22/06 08:55,0.524
04/22/06 09:00,0.531
04/22/06 09:05,0.538
04/22/06 09:10,0.546
04/22/06 09:15,0.553
04/22/06 09:20,0.559
04/22/06 09:25,0.564
04/22/06 09:30,0.569
04/22/06 09:35,0.572
04/22/06 09:40,0.574
04/22/06 09:45,0.575
04/22/06 09:50,0.574
04/22/06 09:55,0.575
04/22/06 10:00,0.579
04/22/06 10:05,0.584
04/22/06 10:10,0.591
04/22/06 10:15,0.598
04/22/06 10:20,0.604
04/22/06 10:25,0.610
04/22/06 10:30,0.615
04/22/06 10:35,0.618
04/22/06 10:40,0.619
04/22/06 10:45,0.621
04/22/06 10:50,0.623
04/22/06 10:55,0.626
04/22/06 11:00,0.634
04/22/06 11:05,0.641
04/22/06 11:10,0.648
04/22/06 11:15,0.653
04/22/06 11:20,0.657
04/22/06 11:25,0.660
04/22/06 11:30,0.662
04/22/06 11:35,0.664
04/22/06 11:40,0.667
04/22/06 11:45,0.671
04/22/06 11:50,0.676
04/22/06 11:55,0.683
04/22/06 12:00,0.686
04/22/06 12:05,0.685
04/22/06 12:10,0.682
04/22/06 12:15,0.677
04/22/06 12:20,0.672
04/22/06 12:25,0.667
04/22/06 12:30,0.664
04/22/06 12:35,0.660
04/22/06 12:40,0.658
04/22/06 12:45,0.654
04/22/06 12:50,0.651
04/22/06 12:55,0.645
04/22/06 13:00,0.642
04/22/06 13:05,0.640
04/22/06 13:10,0.638
04/22/06 13:15,0.635
04/22/06 13:20,0.632
04/22/06 13:25,0.628
04/22/06 13:30,0.623
04/22/06 13:35,0.617
04/22/06 13:40,0.611
04/22/06 13:45,0.604
04/22/06 13:50,0.597
04/22/06 13:55,0.591
04/22/06 14:00,0.585
04/22/06 14:05,0.578
04/22/06 14:10,0.570
04/22/06 14:15,0.563
04/22/06 14:20,0.556
04/22/06 14:25,0.548
04/22/06 14:30,0.539
04/22/06 14:35,0.528
04/22/06 14:40,0.518
04/22/06 14:45,0.508
04/22/06 14:50,0.498
04/22/06 14:55,0.488
04/22/06 15:00,0.478
04/22/06 15:05,0.467
04/22/06 15:10,0.452
04/22/06 15:15,0.440
04/22/06 15:20,0.427
04/22/06 15:25,0.415
04/22/06 15:30,0.404
04/22/06 15:35,0.392
04/22/06 15:40,0.378
04/22/06 15:45,0.365
04/22/06 15:50,0.351
04/22/06 15:55,0.337
04/22/06 16:00,0.322
04/22/06 16:05,0.307
04/22/06 16:10,0.291
04/22/06 16:15,0.276
04/22/06 16:20,0.261
04/22/06 16:25,0.246
04/22/06 16:30,0.231
04/22/06 16:35,0.216
04/22/06 16:40,0.200
04/22/06 16:45,0.185
04/22/06 16:50,0.169
04/22/06 16:55,0.153
04/22/06 17:00,0.138
04/22/06 17:05,0.123
04/22/06 17:10,0.109
04/22/06 17:15,0.096
04/22/06 17:20,0.083
04/22/06 17:25,0.062
04/22/06 17:30,0.035
04/22/06 17:35,0.019
04/22/06 17:40,0.010
04/22/06 17:45,0.005
04/22/06 17:50,0.002
04/22/06 17:55,0.001
04/22/06 18:00,0.001
04/22/06 18:05,0.000
04/22/06 18:10,0.000
04/22/06 18:15,0.000
04/22/06 18:20,0.000
04/22/06 18:25,0.000
04/22/06 18:30,0.000
04/22/06 18:35,0.000
04/22/06 18:40,0.000
04/22/06 18:45,0.000
04/22/06 18:50,0.000
04/22/06 18:55,0.000
04/22/06 19:00,0.000
04/22/06 19:05,0.000
04/22/06 19:10,0.000
04/22/06 19:15,0.000
04/22/06 19:20,0.000
04/22/06 19:25,0.000
04/22/06 19:30,0.000
04/22/06 19:35,0.000
04/22/06 19:40,0.000
04/22/06 19:45,0.000
04/22/06 19:50,0.000
04/22/06 19:55,0.000
04/22/06 20:00,0.000
04/22/06 20:05,0.000
04/22/06 20:10,0.000
04/22/06 20:15,0.000
04/22/06 20:20,0.000
04/22/06 20:25,0.000
04/22/06 20:30,0.000
04/22/06 20:35,0.000
04/22/06 20:40,0.000
04/22/06 20:45,0.000
04/22/06 20:50,0.000
04/22/06 20:55,0.000
04/22/06 21:00,0.000
04/22/06 21:05,0.000
04/22/06 21:10,0.000
04/22/06 21:15,0.000
04/22/06 21:20,0.000
04/22/06 21:25,0.000
04/22/06 21:30,0.000
04/22/06 21:35,0.000
04/22/06 21:40,0.000
04/22/06 21:45,0.000
04/22/06 21:50,0.000
04/22/06 21:55,0.000
04/22/06 22:00,0.000
04/22/06 22:05,0.000
04/22/06 22:10,0.000
04/22/06 22:15,0.000
04/22/06 22:20,0.000
04/22/06 22:25,0.000
04/22/06 22:30,0.000
04/22/06 22:35,0.000
04/22/06 22:40,0.000
04/22/06 22:45,0.000
04/22/06 22:50,0.000
04/22/06 22:55,0.000
04/22/06 23:00,0.000
04/22/06 23:05,0.000
04/22/06 23:10,0.000
04/22/06 23:15,0.000
04/22/06 23:20,0.000
04/22/06 23:25,0.000
04/22/06 23:30,0.000
04/22/06 23:35,0.000
04/22/06 23:40,0.000
04/22/06 23:45,0.000
04/22/06 23:50,0.000
04/22/06 23:55,0.000
04/23/06 00:00,0.000
04/23/06 00:05,0.000
04/23/06 00:10,0.000
04/23/06 00:15,0.000
04/23/06 00:20,0.000
04/23/06 00:25,0.000
04/23/06 00:30,0.000
04/23/06 00:35,0.000
04/23/06 00:40,0.000
04/23/06 00:45,0.000
04/23/06 00:50,0.000
04/23/06 00:55,0.000
04/23/06 01:00,0.000
04/23/06 01:05,0.000
04/23/06 01:10,0.000
04/23/06 01:15,0.000
04/23/06 01:20,0.000
04/23/06 01:25,0.000
04/23/06 01:30,0.000
04/23/06 01:35,0.000
04/23/06 01:40,0.000
04/23/06 01:45,0.000
04/23/06 01:50,0.000
04/23/06 01:55,0.000
04/23/06 02:00,0.000
04/23/06 02:05,0.000
04/23/06 02:10,0.000
04/23/06 02:15,0.000
04/23/06 02:20,0.000
04/23/06 02:25,0.000
04/23/06 02:30,0.000
04/23/06 02:35,0.000
04/23/06 02:40,0.000
04/23/06 02:45,0.000
04/23/06 02:50,0.000
04/23/06 02:55,0.000
04/23/06 03:00,0.000
04/23/06 03:05,0.000
04/23/06 03:10,0.000
04/23/06 03:15,0.000
04/23/06 03:20,0.000
04/23/06 03:25,0.000
04/23/06 03:30,0.000
04/23/06 03:35,0.000
04/23/06 03:40,0.000
04/23/06 03:45,0.000
04/23/06 03:50,0.000
04/23/06 03:55,0.000
04/23/06 04:00,0.000
04/23/06 04:05,0.000
04/23/06 04:10,0.000
04/23/06 04:15,0.000
04/23/06 04:20,0.000
04/23/06 04:25,0.000
04/23/06 04:30,0.000
04/23/06 04:35,0.000
04/23/06 04:40,0.000
04/23/06 04:45,0.000
04/23/06 04:50,0.000
04/23/06 04:55,0.000
04/23/06 05:00,0.000
04/23/06 05:05,0.000
04/23/06 05:10,0.000
04/23/06 05:15,0.000
04/23/06 05:20,0.000
04/23/06 05:25,0.000
04/23/06 05:30,0.001
04/23/06 05:35,0.002
04/23/06 05:40,0.004
04/23/06 05:45,0.009
04/23/06 05:50,0.017
04/23/06 05:55,0.033
04/23/06 06:00,0.057
04/23/06 06:05,0.081
04/23/06 06:10,0.091
04/23/06 06:15,0.102
04/23/06 06:20,0.112
04/23/06 06:25,0.124
04/23/06 06:30,0.135
04/23/06 06:35,0.146
04/23/06 06:40,0.158
04/23/06 06:45,0.169
04/23/06 06:50,0.181
04/23/06 06:55,0.193
04/23/06 07:00,0.208
04/23/06 07:05,0.224
04/23/06 07:10,0.240
04/23/06 07:15,0.256
04/23/06 07:20,0.272
04/23/06 07:25,0.287
04/23/06 07:30,0.301
04/23/06 07:35,0.317
04/23/06 07:40,0.334
04/23/06 07:45,0.352
04/23/06 07:50,0.369
04/23/06 07:55,0.385
04/23/06 08:00,0.399
04/23/06 08:05,0.412
04/23/06 08:10,0.425
04/23/06 08:15,0.435
04/23/06 08:20,0.450
04/23/06 08:25,0.459
04/23/06 08:30,0.467
04/23/06 08:35,0.477
04/23/06 08:40,0.486
04/23/06 08:45,0.494
04/23/06 08:50,0.502
04/23/06 08:55,0.510
04/23/06 09:00,0.517
04/23/06 09:05,0.524
04/23/06 09:10,0.531
04/23/06 09:15,0.537
04/23/06 09:20,0.543
04/23/06 09:25,0.550
04/23/06 09:30,0.556
04/23/06 09:35,0.562
04/23/06 09:40,0.569
04/23/06 09:45,0.578
04/23/06 09:50,0.587
04/23/06 09:55,0.594
04/23/06 10:00,0.600
04/23/06 10:05,0.605
04/23/06 10:10,0.609
04/23/06 10:15,0.609
04/23/06 10:20,0.608
04/23/06 10:25,0.607
04/23/06 10:30,0.607
04/23/06 10:35,0.609
04/23/06 10:40,0.611
04/23/06 10:45,0.613
04/23/06 10:50,0.615
04/23/06 10:55,0.620
04/23/06 11:00,0.624
04/23/06 11:05,0.627
04/23/06 11:10,0.631
04/23/06 11:15,0.633
04/23/06 11:20,0.634
04/23/06 11:25,0.636
04/23/06 11:30,0.638
04/23/06 11:35,0.643
04/23/06 11:40,0.651
04/23/06 11:45,0.656
04/23/06 11:50,0.661
04/23/06 11:55,0.666
04/23/06 12:00,0.668
04/23/06 12:05,0.668
04/23/06 12:10,0.668
04/23/06 12:15,0.666
04/23/06 12:20,0.664
04/23/06 12:25,0.661
04/23/06 12:30,0.664
04/23/06 12:35,0.662
04/23/06 12:40,0.659
04/23/06 12:45,0.654
04/23/06 12:50,0.645
04/23/06 12:55,0.639
04/23/06 13:00,0.635
04/23/06 13:05,0.630
04/23/06 13:10,0.624
04/23/06 13:15,0.618
04/23/06 13:20,0.613
04/23/06 13:25,0.607
04/23/06 13:30,0.602
04/23/06 13:35,0.596
04/23/06 13:40,0.590
04/23/06 13:45,0.584
04/23/06 13:50,0.577
04/23/06 13:55,0.569
04/23/06 14:00,0.561
04/23/06 14:05,0.552
04/23/06 14:10,0.543
04/23/06 14:15,0.529
04/23/06 14:20,0.515
04/23/06 14:25,0.502
04/23/06 14:30,0.493
04/23/06 14:35,0.484
04/23/06 14:40,0.476
04/23/06 14:45,0.467
04/23/06 14:50,0.453
04/23/06 14:55,0.440
04/23/06 15:00,0.427
04/23/06 15:05,0.412
04/23/06 15:10,0.395
04/23/06 15:15,0.382
04/23/06 15:20,0.370
04/23/06 15:25,0.357
04/23/06 15:30,0.343
04/23/06 15:35,0.330
04/23/06 15:40,0.317
04/23/06 15:45,0.304
04/23/06 15:50,0.291
04/23/06 15:55,0.278
04/23/06 16:00,0.263
04/23/06 16:05,0.246
04/23/06 16:10,0.230
04/23/06 16:15,0.216
04/23/06 16:20,0.203
04/23/06 16:25,0.191
04/23/06 16:30,0.179
04/23/06 16:35,0.167
04/23/06 16:40,0.156
04/23/06 16:45,0.144
04/23/06 16:50,0.132
04/23/06 16:55,0.120
04/23/06 17:00,0.108
04/23/06 17:05,0.097
04/23/06 17:10,0.087
04/23/06 17:15,0.077
04/23/06 17:20,0.050
04/23/06 17:25,0.029
04/23/06 17:30,0.016
04/23/06 17:35,0.009
04/23/06 17:40,0.005
04/23/06 17:45,0.003
04/23/06 17:50,0.001
04/23/06 17:55,0.001
04/23/06 18:00,0.001
04/23/06 18:05,0.000
04/23/06 18:10,0.000
04/23/06 18:15,0.000
04/23/06 18:20,0.000
04/23/06 18:25,0.000
04/23/06 18:30,0.000
04/23/06 18:35,0.000
04/23/06 18:40,0.000
04/23/06 18:45,0.000
04/23/06 18:50,0.000
04/23/06 18:55,0.000
04/23/06 19:00,0.000
04/23/06 19:05,0.000
04/23/06 19:10,0.000
04/23/06 19:15,0.000
04/23/06 19:20,0.000
04/23/06 19:25,0.000
04/23/06 19:30,0.000
04/23/06 19:35,0.000
04/23/06 19:40,0.000
04/23/06 19:45,0.000
04/23/06 19:50,0.000
04/23/06 19:55,0.000
04/23/06 20:00,0.000
04/23/06 20:05,0.000
04/23/06 20:10,0.000
04/23/06 20:15,0.000
04/23/06 20:20,0.000
04/23/06 20:25,0.000
04/23/06 20:30,0.000
04/23/06 20:35,0.000
04/23/06 20:40,0.000
04/23/06 20:45,0.000
04/23/06 20:50,0.000
04/23/06 20:55,0.000
04/23/06 21:00,0.000
04/23/06 21:05,0.000
04/23/06 21:10,0.000
04/23/06 21:15,0.000
04/23/06 21:20,0.000
04/23/06 21:25,0.000
04/23/06 21:30,0.000
04/23/06 21:35,0.000
04/23/06 21:40,0.000
04/23/06 21:45,0.000
04/23/06 21:50,0.000
04/23/06 21:55,0.000
04/23/06 22:00,0.000
04/23/06 22:05,0.000
04/23/06 22:10,0.000
04/23/06 22:15,0.000
04/23/06 22:20,0.000
04/23/06 22:25,0.000
04/23/06 22:30,0.000
04/23/06 22:35,0.000
04/23/06 22:40,0.000
04/23/06 22:45,0.000
04/23/06 22:50,0.000
04/23/06 22:55,0.000
04/23/06 23:00,0.000
04/23/06 23:05,0.000
04/23/06 23:10,0.000
04/23/06 23:15,0.000
04/23/06 23:20,0.000
04/23/06 23:25,0.000
04/23/06 23:30,0.000
04/23/06 23:35,0.000
04/23/06 23:40,0.000
04/23/06 23:45,0.000
04/23/06 23:50,0.000
04/23/06 23:55,0.000
04/24/06 00:00,0.000
04/24/06 00:05,0.000
04/24/06 00:10,0.000
04/24/06 00:15,0.000
04/24/06 00:20,0.000
04/24/06 00:25,0.000
04/24/06 00:30,0.000
04/24/06 00:35,0.000
04/24/06 00:40,0.000
04/24/06 00:45,0.000
04/24/06 00:50,0.000
04/24/06 00:55,0.000
04/24/06 01:00,0.000
04/24/06 01:05,0.000
04/24/06 01:10,0.000
04/24/06 01:15,0.000
04/24/06 01:20,0.000
04/24/06 01:25,0.000
04/24/06 01:30,0.000
04/24/06 01:35,0.000
04/24/06 01:40,0.000
04/24/06 01:45,0.000
04/24/06 01:50,0.000
04/24/06 01:55,0.000
04/24/06 02:00,0.000
04/24/06 02:05,0.000
04/24/06 02:10,0.000
04/24/06 02:15,0.000
04/24/06 02:20,0.000
04/24/06 02:25,0.000
04/24/06 02:30,0.000
04/24/06 02:35,0.000
04/24/06 02:40,0.000
04/24/06 02:45,0.000
04/24/06 02:50,0.000
04/24/06 02:55,0.000
04/24/06 03:00,0.000
04/24/06 03:05,0.000
04/24/06 03:10,0.000
04/24/06 03:15,0.000
04/24/06 03:20,0.000
04/24/06 03:25,0.000
04/24/06 03:30,0.000
04/24/06 03:35,0.000
04/24/06 03:40,0.000
04/24/06 03:45,0.000
04/24/06 03:50,0.000
04/24/06 03:55,0.000
04/24/06 04:00,0.000
04/24/06 04:05,0.000
04/24/06 04:10,0.000
04/24/06 04:15,0.000
04/24/06 04:20,0.000
04/24/06 04:25,0.000
04/24/06 04:30,0.000
04/24/06 04:35,0.000
04/24/06 04:40,0.000
04/24/06 04:45,0.000
04/24/06 04:50,0.000
04/24/06 04:55,0.000
04/24/06 05:00,0.000
04/24/06 05:05,0.000
04/24/06 05:10,0.000
04/24/06 05:15,0.000
04/24/06 05:20,0.000
04/24/06 05:25,0.000
04/24/06 05:30,0.001
04/24/06 05:35,0.001
04/24/06 05:40,0.003
04/24/06 05:45,0.006
04/24/06 05:50,0.013
04/24/06 05:55,0.025
04/24/06 06:00,0.043
04/24/06 06:05,0.073
04/24/06 06:10,0.086
04/24/06 06:15,0.097
04/24/06 06:20,0.109
04/24/06 06:25,0.121
04/24/06 06:30,0.133
04/24/06 06:35,0.146
04/24/06 06:40,0.159
04/24/06 06:45,0.172
04/24/06 06:50,0.185
04/24/06 06:55,0.198
04/24/06 07:00,0.211
04/24/06 07:05,0.224
04/24/06 07:10,0.237
04/24/06 07:15,0.251
04/24/06 07:20,0.264
04/24/06 07:25,0.277
04/24/06 07:30,0.290
04/24/06 07:35,0.302
04/24/06 07:40,0.315
04/24/06 07:45,0.327
04/24/06 07:50,0.338
04/24/06 07:55,0.349
04/24/06 08:00,0.357
04/24/06 08:05,0.365
04/24/06 08:10,0.374
04/24/06 08:15,0.383
04/24/06 08:20,0.396
04/24/06 08:25,0.406
04/24/06 08:30,0.414
04/24/06 08:35,0.423
04/24/06 08:40,0.432
04/24/06 08:45,0.439
04/24/06 08:50,0.448
04/24/06 08:55,0.456
04/24/06 09:00,0.463
04/24/06 09:05,0.473
04/24/06 09:10,0.481
04/24/06 09:15,0.488
04/24/06 09:20,0.496
04/24/06 09:25,0.502
04/24/06 09:30,0.507
04/24/06 09:35,0.513
04/24/06 09:40,0.516
04/24/06 09:45,0.519
04/24/06 09:50,0.522
04/24/06 09:55,0.522
04/24/06 10:00,0.524
04/24/06 10:05,0.526
04/24/06 10:10,0.528
04/24/06 10:15,0.532
04/24/06 10:20,0.535
04/24/06 10:25,0.537
04/24/06 10:30,0.538
04/24/06 10:35,0.540
04/24/06 10:40,0.541
04/24/06 10:45,0.542
04/24/06 10:50,0.542
04/24/06 10:55,0.547
04/24/06 11:00,0.573
04/24/06 11:05,0.594
04/24/06 11:10,0.604
04/24/06 11:15,0.606
04/24/06 11:20,0.608
04/24/06 11:25,0.613
04/24/06 11:30,0.616
04/24/06 11:35,0.617
04/24/06 11:40,0.615
04/24/06 11:45,0.615
04/24/06 11:50,0.615
04/24/06 11:55,0.615
04/24/06 12:00,0.606
04/24/06 12:05,0.600
04/24/06 12:10,0.565
04/24/06 12:15,0.551
04/24/06 12:20,0.476
04/24/06 12:25,0.438
04/24/06 12:30,0.455
04/24/06 12:35,0.507
04/24/06 12:40,0.565
04/24/06 12:45,0.601
04/24/06 12:50,0.592
04/24/06 12:55,0.545
04/24/06 13:00,0.552
04/24/06 13:05,0.554
04/24/06 13:10,0.554
04/24/06 13:15,0.551
04/24/06 13:20,0.545
04/24/06 13:25,0.538
04/24/06 13:30,0.526
04/24/06 13:35,0.513
04/24/06 13:40,0.506
04/24/06 13:45,0.501
04/24/06 13:50,0.495
04/24/06 13:55,0.488
04/24/06 14:00,0.486
04/24/06 14:05,0.483
04/24/06 14:10,0.479
04/24/06 14:15,0.468
04/24/06 14:20,0.459
04/24/06 14:25,0.454
04/24/06 14:30,0.452
04/24/06 14:35,0.445
04/24/06 14:40,0.437
04/24/06 14:45,0.430
04/24/06 14:50,0.423
04/24/06 14:55,0.418
04/24/06 15:00,0.393
04/24/06 15:05,0.381
04/24/06 15:10,0.360
04/24/06 15:15,0.351
04/24/06 15:20,0.330
04/24/06 15:25,0.309
04/24/06 15:30,0.313
04/24/06 15:35,0.301
04/24/06 15:40,0.256
04/24/06 15:45,0.210
04/24/06 15:50,0.190
04/24/06 15:55,0.191
04/24/06 16:00,0.165
04/24/06 16:05,0.147
04/24/06 16:10,0.136
04/24/06 16:15,0.127
04/24/06 16:20,0.119
04/24/06 16:25,0.116
04/24/06 16:30,0.113
04/24/06 16:35,0.110
04/24/06 16:40,0.105
04/24/06 16:45,0.101
04/24/06 16:50,0.098
04/24/06 16:55,0.096
04/24/06 17:00,0.083
04/24/06 17:05,0.059
04/24/06 17:10,0.028
04/24/06 17:15,0.024
04/24/06 17:20,0.018
04/24/06 17:25,0.013
04/24/06 17:30,0.009
04/24/06 17:35,0.004
04/24/06 17:40,0.002
04/24/06 17:45,0.001
04/24/06 17:50,0.000
04/24/06 17:55,0.000
04/24/06 18:00,0.000
04/24/06 18:05,0.000
04/24/06 18:10,0.000
04/24/06 18:15,0.000
04/24/06 18:20,0.000
04/24/06 18:25,0.000
04/24/06 18:30,0.000
04/24/06 18:35,0.000
04/24/06 18:40,0.000
04/24/06 18:45,0.000
04/24/06 18:50,0.000
04/24/06 18:55,0.000
04/24/06 19:00,0.000
04/24/06 19:05,0.000
04/24/06 19:10,0.000
04/24/06 19:15,0.000
04/24/06 19:20,0.000
04/24/06 19:25,0.000
04/24/06 19:30,0.000
04/24/06 19:35,0.000
04/24/06 19:40,0.000
04/24/06 19:45,0.000
04/24/06 19:50,0.000
04/24/06 19:55,0.000
04/24/06 20:00,0.000
04/24/06 20:05,0.000
04/24/06 20:10,0.000
04/24/06 20:15,0.000
04/24/06 20:20,0.000
04/24/06 20:25,0.000
04/24/06 20:30,0.000
04/24/06 20:35,0.000
04/24/06 20:40,0.000
04/24/06 20:45,0.000
04/24/06 20:50,0.000
04/24/06 20:55,0.000
04/24/06 21:00,0.000
04/24/06 21:05,0.000
04/24/06 21:10,0.000
04/24/06 21:15,0.000
04/24/06 21:20,0.000
04/24/06 21:25,0.000
04/24/06 21:30,0.000
04/24/06 21:35,0.000
04/24/06 21:40,0.000
04/24/06 21:45,0.000
04/24/06 21:50,0.000
04/24/06 21:55,0.000
04/24/06 22:00,0.000
04/24/06 22:05,0.000
04/24/06 22:10,0.000
04/24/06 22:15,0.000
04/24/06 22:20,0.000
04/24/06 22:25,0.000
04/24/06 22:30,0.000
04/24/06 22:35,0.000
04/24/06 22:40,0.000
04/24/06 22:45,0.000
04/24/06 22:50,0.000
04/24/06 22:55,0.000
04/24/06 23:00,0.000
04/24/06 23:05,0.000
04/24/06 23:10,0.000
04/24/06 23:15,0.000
04/24/06 23:20,0.000
04/24/06 23:25,0.000
04/24/06 23:30,0.000
04/24/06 23:35,0.000
04/24/06 23:40,0.000
04/24/06 23:45,0.000
04/24/06 23:50,0.000
04/24/06 23:55,0.000
04/25/06 00:00,0.000
04/25/06 00:05,0.000
04/25/06 00:10,0.000
04/25/06 00:15,0.000
04/25/06 00:20,0.000
04/25/06 00:25,0.000
04/25/06 00:30,0.000
04/25/06 00:35,0.000
04/25/06 00:40,0.000
04/25/06 00:45,0.000
04/25/06 00:50,0.000
04/25/06 00:55,0.000
04/25/06 01:00,0.000
04/25/06 01:05,0.000
04/25/06 01:10,0.000
04/25/06 01:15,0.000
04/25/06 01:20,0.000
04/25/06 01:25,0.000
04/25/06 01:30,0.000
04/25/06 01:35,0.000
04/25/06 01:40,0.000
04/25/06 01:45,0.000
04/25/06 01:50,0.000
04/25/06 01:55,0.000
04/25/06 02:00,0.000
04/25/06 02:05,0.000
04/25/06 02:10,0.000
04/25/06 02:15,0.000
04/25/06 02:20,0.000
04/25/06 02:25,0.000
04/25/06 02:30,0.000
04/25/06 02:35,0.000
04/25/06 02:40,0.000
04/25/06 02:45,0.000
04/25/06 02:50,0.000
04/25/06 02:55,0.000
04/25/06 03:00,0.000
04/25/06 03:05,0.000
04/25/06 03:10,0.000
04/25/06 03:15,0.000
04/25/06 03:20,0.000
04/25/06 03:25,0.000
04/25/06 03:30,0.000
04/25/06 03:35,0.000
04/25/06 03:40,0.000
04/25/06 03:45,0.000
04/25/06 03:50,0.000
04/25/06 03:55,0.000
04/25/06 04:00,0.000
04/25/06 04:05,0.000
04/25/06 04:10,0.000
04/25/06 04:15,0.000
04/25/06 04:20,0.000
04/25/06 04:25,0.000
04/25/06 04:30,0.000
04/25/06 04:35,0.000
04/25/06 04:40,0.000
04/25/06 04:45,0.000
04/25/06 04:50,0.000
04/25/06 04:55,0.000
04/25/06 05:00,0.000
04/25/06 05:05,0.000
04/25/06 05:10,0.000
04/25/06 05:15,0.000
04/25/06 05:20,0.000
04/25/06 05:25,0.000
04/25/06 05:30,0.000
04/25/06 05:35,0.000
04/25/06 05:40,0.000
04/25/06 05:45,0.000
04/25/06 05:50,0.000
04/25/06 05:55,0.001
04/25/06 06:00,0.002
04/25/06 06:05,0.004
04/25/06 06:10,0.005
04/25/06 06:15,0.006
04/25/06 06:20,0.006
04/25/06 06:25,0.006
04/25/06 06:30,0.006
04/25/06 06:35,0.005
04/25/06 06:40,0.005
04/25/06 06:45,0.005
04/25/06 06:50,0.005
04/25/06 06:55,0.006
04/25/06 07:00,0.030
04/25/06 07:05,0.081
04/25/06 07:10,0.116
04/25/06 07:15,0.139
04/25/06 07:20,0.151
04/25/06 07:25,0.128
04/25/06 07:30,0.128
04/25/06 07:35,0.154
04/25/06 07:40,0.169
04/25/06 07:45,0.213
04/25/06 07:50,0.251
04/25/06 07:55,0.277
04/25/06 08:00,0.299
04/25/06 08:05,0.319
04/25/06 08:10,0.328
04/25/06 08:15,0.331
04/25/06 08:20,0.345
04/25/06 08:25,0.363
04/25/06 08:30,0.374
04/25/06 08:35,0.372
04/25/06 08:40,0.367
04/25/06 08:45,0.363
04/25/06 08:50,0.354
04/25/06 08:55,0.346
04/25/06 09:00,0.338
04/25/06 09:05,0.332
04/25/06 09:10,0.321
04/25/06 09:15,0.317
04/25/06 09:20,0.326
04/25/06 09:25,0.327
04/25/06 09:30,0.322
04/25/06 09:35,0.327
04/25/06 09:40,0.334
04/25/06 09:45,0.332
04/25/06 09:50,0.329
04/25/06 09:55,0.328
04/25/06 10:00,0.343
04/25/06 10:05,0.347
04/25/06 10:10,0.348
04/25/06 10:15,0.369
04/25/06 10:20,0.362
04/25/06 10:25,0.379
04/25/06 10:30,0.428
04/25/06 10:35,0.451
04/25/06 10:40,0.465
04/25/06 10:45,0.437
04/25/06 10:50,0.441
04/25/06 10:55,0.385
04/25/06 11:00,0.353
04/25/06 11:05,0.338
04/25/06 11:10,0.327
04/25/06 11:15,0.323
04/25/06 11:20,0.324
04/25/06 11:25,0.321
04/25/06 11:30,0.324
04/25/06 11:35,0.322
04/25/06 11:40,0.317
04/25/06 11:45,0.315
04/25/06 11:50,0.320
04/25/06 11:55,0.320
04/25/06 12:00,0.319
04/25/06 12:05,0.319
04/25/06 12:10,0.350
04/25/06 12:15,0.370
04/25/06 12:20,0.380
04/25/06 12:25,0.389
04/25/06 12:30,0.391
04/25/06 12:35,0.362
04/25/06 12:40,0.338
04/25/06 12:45,0.286
04/25/06 12:50,0.251
04/25/06 12:55,0.248
04/25/06 13:00,0.283
04/25/06 13:05,0.312
04/25/06 13:10,0.382
04/25/06 13:15,0.430
04/25/06 13:20,0.458
04/25/06 13:25,0.443
04/25/06 13:30,0.394
04/25/06 13:35,0.384
04/25/06 13:40,0.363
04/25/06 13:45,0.312
04/25/06 13:50,0.292
04/25/06 13:55,0.285
04/25/06 14:00,0.350
04/25/06 14:05,0.392
04/25/06 14:10,0.373
04/25/06 14:15,0.365
04/25/06 14:20,0.323
04/25/06 14:25,0.285
04/25/06 14:30,0.262
04/25/06 14:35,0.254
04/25/06 14:40,0.203
04/25/06 14:45,0.216
04/25/06 14:50,0.245
04/25/06 14:55,0.271
04/25/06 15:00,0.258
04/25/06 15:05,0.245
04/25/06 15:10,0.210
04/25/06 15:15,0.176
04/25/06 15:20,0.168
04/25/06 15:25,0.138
04/25/06 15:30,0.118
04/25/06 15:35,0.094
04/25/06 15:40,0.072
04/25/06 15:45,0.034
04/25/06 15:50,0.027
04/25/06 15:55,0.071
04/25/06 16:00,0.089
04/25/06 16:05,0.102
04/25/06 16:10,0.116
04/25/06 16:15,0.110
04/25/06 16:20,0.103
04/25/06 16:25,0.100
04/25/06 16:30,0.101
04/25/06 16:35,0.084
04/25/06 16:40,0.091
04/25/06 16:45,0.105
04/25/06 16:50,0.122
04/25/06 16:55,0.122
04/25/06 17:00,0.097
04/25/06 17:05,0.086
04/25/06 17:10,0.080
04/25/06 17:15,0.057
04/25/06 17:20,0.037
04/25/06 17:25,0.031
04/25/06 17:30,0.022
04/25/06 17:35,0.012
04/25/06 17:40,0.008
04/25/06 17:45,0.006
04/25/06 17:50,0.003
04/25/06 17:55,0.002
04/25/06 18:00,0.001
04/25/06 18:05,0.001
04/25/06 18:10,0.000
04/25/06 18:15,0.000
04/25/06 18:20,0.000
04/25/06 18:25,0.000
04/25/06 18:30,0.000
04/25/06 18:35,0.000
04/25/06 18:40,0.000
04/25/06 18:45,0.000
04/25/06 18:50,0.000
04/25/06 18:55,0.000
04/25/06 19:00,0.000
04/25/06 19:05,0.000
04/25/06 19:10,0.000
04/25/06 19:15,0.000
04/25/06 19:20,0.000
04/25/06 19:25,0.000
04/25/06 19:30,0.000
04/25/06 19:35,0.000
04/25/06 19:40,0.000
04/25/06 19:45,0.000
04/25/06 19:50,0.000
04/25/06 19:55,0.000
04/25/06 20:00,0.000
04/25/06 20:05,0.000
04/25/06 20:10,0.000
04/25/06 20:15,0.000
04/25/06 20:20,0.000
04/25/06 20:25,0.000
04/25/06 20:30,0.000
04/25/06 20:35,0.000
04/25/06 20:40,0.000
04/25/06 20:45,0.000
04/25/06 20:50,0.000
04/25/06 20:55,0.000
04/25/06 21:00,0.000
04/25/06 21:05,0.000
04/25/06 21:10,0.000
04/25/06 21:15,0.000
04/25/06 21:20,0.000
04/25/06 21:25,0.000
04/25/06 21:30,0.000
04/25/06 21:35,0.000
04/25/06 21:40,0.000
04/25/06 21:45,0.000
04/25/06 21:50,0.000
04/25/06 21:55,0.000
04/25/06 22:00,0.000
04/25/06 22:05,0.000
04/25/06 22:10,0.000
04/25/06 22:15,0.000
04/25/06 22:20,0.000
04/25/06 22:25,0.000
04/25/06 22:30,0.000
04/25/06 22:35,0.000
04/25/06 22:40,0.000
04/25/06 22:45,0.000
04/25/06 22:50,0.000
04/25/06 22:55,0.000
04/25/06 23:00,0.000
04/25/06 23:05,0.000
04/25/06 23:10,0.000
04/25/06 23:15,0.000
04/25/06 23:20,0.000
04/25/06 23:25,0.000
04/25/06 23:30,0.000
04/25/06 23:35,0.000
04/25/06 23:40,0.000
04/25/06 23:45,0.000
04/25/06 23:50,0.000
04/25/06 23:55,0.000
04/26/06 00:00,0.000
04/26/06 00:05,0.000
04/26/06 00:10,0.000
04/26/06 00:15,0.000
04/26/06 00:20,0.000
04/26/06 00:25,0.000
04/26/06 00:30,0.000
04/26/06 00:35,0.000
04/26/06 00:40,0.000
04/26/06 00:45,0.000
04/26/06 00:50,0.000
04/26/06 00:55,0.000
04/26/06 01:00,0.000
04/26/06 01:05,0.000
04/26/06 01:10,0.000
04/26/06 01:15,0.000
04/26/06 01:20,0.000
04/26/06 01:25,0.000
04/26/06 01:30,0.000
04/26/06 01:35,0.000
04/26/06 01:40,0.000
04/26/06 01:45,0.000
04/26/06 01:50,0.000
04/26/06 01:55,0.000
04/26/06 02:00,0.000
04/26/06 02:05,0.000
04/26/06 02:10,0.000
04/26/06 02:15,0.000
04/26/06 02:20,0.000
04/26/06 02:25,0.000
04/26/06 02:30,0.000
04/26/06 02:35,0.000
04/26/06 02:40,0.000
04/26/06 02:45,0.000
04/26/06 02:50,0.000
04/26/06 02:55,0.000
04/26/06 03:00,0.000
04/26/06 03:05,0.000
04/26/06 03:10,0.000
04/26/06 03:15,0.000
04/26/06 03:20,0.000
04/26/06 03:25,0.000
04/26/06 03:30,0.000
04/26/06 03:35,0.000
04/26/06 03:40,0.000
04/26/06 03:45,0.000
04/26/06 03:50,0.000
04/26/06 03:55,0.000
04/26/06 04:00,0.000
04/26/06 04:05,0.000
04/26/06 04:10,0.000
04/26/06 04:15,0.000
04/26/06 04:20,0.000
04/26/06 04:25,0.000
04/26/06 04:30,0.000
04/26/06 04:35,0.000
04/26/06 04:40,0.000
04/26/06 04:45,0.000
04/26/06 04:50,0.000
04/26/06 04:55,0.000
04/26/06 05:00,0.000
04/26/06 05:05,0.000
04/26/06 05:10,0.000
04/26/06 05:15,0.000
04/26/06 05:20,0.001
04/26/06 05:25,0.001
04/26/06 05:30,0.003
04/26/06 05:35,0.005
04/26/06 05:40,0.010
04/26/06 05:45,0.018
04/26/06 05:50,0.030
04/26/06 05:55,0.051
04/26/06 06:00,0.076
04/26/06 06:05,0.083
04/26/06 06:10,0.080
04/26/06 06:15,0.085
04/26/06 06:20,0.092
04/26/06 06:25,0.100
04/26/06 06:30,0.114
04/26/06 06:35,0.130
04/26/06 06:40,0.137
04/26/06 06:45,0.139
04/26/06 06:50,0.148
04/26/06 06:55,0.153
04/26/06 07:00,0.150
04/26/06 07:05,0.168
04/26/06 07:10,0.192
04/26/06 07:15,0.215
04/26/06 07:20,0.212
04/26/06 07:25,0.215
04/26/06 07:30,0.233
04/26/06 07:35,0.246
04/26/06 07:40,0.268
04/26/06 07:45,0.294
04/26/06 07:50,0.276
04/26/06 07:55,0.268
04/26/06 08:00,0.306
04/26/06 08:05,0.305
04/26/06 08:10,0.274
04/26/06 08:15,0.235
04/26/06 08:20,0.189
04/26/06 08:25,0.220
04/26/06 08:30,0.307
04/26/06 08:35,0.334
04/26/06 08:40,0.351
04/26/06 08:45,0.377
04/26/06 08:50,0.397
04/26/06 08:55,0.394
04/26/06 09:00,0.431
04/26/06 09:05,0.460
04/26/06 09:10,0.483
04/26/06 09:15,0.500
04/26/06 09:20,0.515
04/26/06 09:25,0.527
04/26/06 09:30,0.540
04/26/06 09:35,0.556
04/26/06 09:40,0.568
04/26/06 09:45,0.577
04/26/06 09:50,0.587
04/26/06 09:55,0.596
04/26/06 10:00,0.603
04/26/06 10:05,0.610
04/26/06 10:10,0.614
04/26/06 10:15,0.619
04/26/06 10:20,0.622
04/26/06 10:25,0.623
04/26/06 10:30,0.624
04/26/06 10:35,0.623
04/26/06 10:40,0.623
04/26/06 10:45,0.622
04/26/06 10:50,0.622
04/26/06 10:55,0.621
04/26/06 11:00,0.620
04/26/06 11:05,0.613
04/26/06 11:10,0.585
04/26/06 11:15,0.589
04/26/06 11:20,0.589
04/26/06 11:25,0.582
04/26/06 11:30,0.578
04/26/06 11:35,0.562
04/26/06 11:40,0.566
04/26/06 11:45,0.580
04/26/06 11:50,0.583
04/26/06 11:55,0.590
04/26/06 12:00,0.594
04/26/06 12:05,0.600
04/26/06 12:10,0.599
04/26/06 12:15,0.590
04/26/06 12:20,0.582
04/26/06 12:25,0.576
04/26/06 12:30,0.578
04/26/06 12:35,0.579
04/26/06 12:40,0.577
04/26/06 12:45,0.564
04/26/06 12:50,0.550
04/26/06 12:55,0.535
04/26/06 13:00,0.500
04/26/06 13:05,0.468
04/26/06 13:10,0.431
04/26/06 13:15,0.408
04/26/06 13:20,0.384
04/26/06 13:25,0.337
04/26/06 13:30,0.300
04/26/06 13:35,0.259
04/26/06 13:40,0.229
04/26/06 13:45,0.222
04/26/06 13:50,0.226
04/26/06 13:55,0.224
04/26/06 14:00,0.281
04/26/06 14:05,0.313
04/26/06 14:10,0.294
04/26/06 14:15,0.291
04/26/06 14:20,0.290
04/26/06 14:25,0.303
04/26/06 14:30,0.323
04/26/06 14:35,0.375
04/26/06 14:40,0.432
04/26/06 14:45,0.432
04/26/06 14:50,0.403
04/26/06 14:55,0.343
04/26/06 15:00,0.297
04/26/06 15:05,0.245
04/26/06 15:10,0.196
04/26/06 15:15,0.166
04/26/06 15:20,0.161
04/26/06 15:25,0.142
04/26/06 15:30,0.146
04/26/06 15:35,0.150
04/26/06 15:40,0.147
04/26/06 15:45,0.152
04/26/06 15:50,0.153
04/26/06 15:55,0.145
04/26/06 16:00,0.142
04/26/06 16:05,0.130
04/26/06 16:10,0.117
04/26/06 16:15,0.110
04/26/06 16:20,0.110
04/26/06 16:25,0.127
04/26/06 16:30,0.118
04/26/06 16:35,0.118
04/26/06 16:40,0.100
04/26/06 16:45,0.087
04/26/06 16:50,0.079
04/26/06 16:55,0.063
04/26/06 17:00,0.079
04/26/06 17:05,0.088
04/26/06 17:10,0.090
04/26/06 17:15,0.089
04/26/06 17:20,0.084
04/26/06 17:25,0.076
04/26/06 17:30,0.052
04/26/06 17:35,0.032
04/26/06 17:40,0.018
04/26/06 17:45,0.010
04/26/06 17:50,0.005
04/26/06 17:55,0.002
04/26/06 18:00,0.001
04/26/06 18:05,0.001
04/26/06 18:10,0.000
04/26/06 18:15,0.000
04/26/06 18:20,0.000
04/26/06 18:25,0.000
04/26/06 18:30,0.000
04/26/06 18:35,0.000
04/26/06 18:40,0.000
04/26/06 18:45,0.000
04/26/06 18:50,0.000
04/26/06 18:55,0.000
04/26/06 19:00,0.000
04/26/06 19:05,0.000
04/26/06 19:10,0.000
04/26/06 19:15,0.000
04/26/06 19:20,0.000
04/26/06 19:25,0.000
04/26/06 19:30,0.000
04/26/06 19:35,0.000
04/26/06 19:40,0.000
04/26/06 19:45,0.000
04/26/06 19:50,0.000
04/26/06 19:55,0.000
04/26/06 20:00,0.000
04/26/06 20:05,0.000
04/26/06 20:10,0.000
04/26/06 20:15,0.000
04/26/06 20:20,0.000
04/26/06 20:25,0.000
04/26/06 20:30,0.000
04/26/06 20:35,0.000
04/26/06 20:40,0.000
04/26/06 20:45,0.000
04/26/06 20:50,0.000
04/26/06 20:55,0.000
04/26/06 21:00,0.000
04/26/06 21:05,0.000
04/26/06 21:10,0.000
04/26/06 21:15,0.000
04/26/06 21:20,0.000
04/26/06 21:25,0.000
04/26/06 21:30,0.000
04/26/06 21:35,0.000
04/26/06 21:40,0.000
04/26/06 21:45,0.000
04/26/06 21:50,0.000
04/26/06 21:55,0.000
04/26/06 22:00,0.000
04/26/06 22:05,0.000
04/26/06 22:10,0.000
04/26/06 22:15,0.000
04/26/06 22:20,0.000
04/26/06 22:25,0.000
04/26/06 22:30,0.000
04/26/06 22:35,0.000
04/26/06 22:40,0.000
04/26/06 22:45,0.000
04/26/06 22:50,0.000
04/26/06 22:55,0.000
04/26/06 23:00,0.000
04/26/06 23:05,0.000
04/26/06 23:10,0.000
04/26/06 23:15,0.000
04/26/06 23:20,0.000
04/26/06 23:25,0.000
04/26/06 23:30,0.000
04/26/06 23:35,0.000
04/26/06 23:40,0.000
04/26/06 23:45,0.000
04/26/06 23:50,0.000
04/26/06 23:55,0.000
04/27/06 00:00,0.000
04/27/06 00:05,0.000
04/27/06 00:10,0.000
04/27/06 00:15,0.000
04/27/06 00:20,0.000
04/27/06 00:25,0.000
04/27/06 00:30,0.000
04/27/06 00:35,0.000
04/27/06 00:40,0.000
04/27/06 00:45,0.000
04/27/06 00:50,0.000
04/27/06 00:55,0.000
04/27/06 01:00,0.000
04/27/06 01:05,0.000
04/27/06 01:10,0.000
04/27/06 01:15,0.000
04/27/06 01:20,0.000
04/27/06 01:25,0.000
04/27/06 01:30,0.000
04/27/06 01:35,0.000
04/27/06 01:40,0.000
04/27/06 01:45,0.000
04/27/06 01:50,0.000
04/27/06 01:55,0.000
04/27/06 02:00,0.000
04/27/06 02:05,0.000
04/27/06 02:10,0.000
04/27/06 02:15,0.000
04/27/06 02:20,0.000
04/27/06 02:25,0.000
04/27/06 02:30,0.000
04/27/06 02:35,0.000
04/27/06 02:40,0.000
04/27/06 02:45,0.000
04/27/06 02:50,0.000
04/27/06 02:55,0.000
04/27/06 03:00,0.000
04/27/06 03:05,0.000
04/27/06 03:10,0.000
04/27/06 03:15,0.000
04/27/06 03:20,0.000
04/27/06 03:25,0.000
04/27/06 03:30,0.000
04/27/06 03:35,0.000
04/27/06 03:40,0.000
04/27/06 03:45,0.000
04/27/06 03:50,0.000
04/27/06 03:55,0.000
04/27/06 04:00,0.000
04/27/06 04:05,0.000
04/27/06 04:10,0.000
04/27/06 04:15,0.000
04/27/06 04:20,0.000
04/27/06 04:25,0.000
04/27/06 04:30,0.000
04/27/06 04:35,0.000
04/27/06 04:40,0.000
04/27/06 04:45,0.000
04/27/06 04:50,0.000
04/27/06 04:55,0.000
04/27/06 05:00,0.000
04/27/06 05:05,0.000
04/27/06 05:10,0.000
04/27/06 05:15,0.000
04/27/06 05:20,0.001
04/27/06 05:25,0.001
04/27/06 05:30,0.003
04/27/06 05:35,0.005
04/27/06 05:40,0.009
04/27/06 05:45,0.017
04/27/06 05:50,0.031
04/27/06 05:55,0.053
04/27/06 06:00,0.079
04/27/06 06:05,0.089
04/27/06 06:10,0.100
04/27/06 06:15,0.112
04/27/06 06:20,0.124
04/27/06 06:25,0.137
04/27/06 06:30,0.152
04/27/06 06:35,0.166
04/27/06 06:40,0.181
04/27/06 06:45,0.196
04/27/06 06:50,0.211
04/27/06 06:55,0.227
04/27/06 07:00,0.242
04/27/06 07:05,0.257
04/27/06 07:10,0.271
04/27/06 07:15,0.285
04/27/06 07:20,0.300
04/27/06 07:25,0.314
04/27/06 07:30,0.328
04/27/06 07:35,0.343
04/27/06 07:40,0.356
04/27/06 07:45,0.369
04/27/06 07:50,0.380
04/27/06 07:55,0.391
04/27/06 08:00,0.407
04/27/06 08:05,0.422
04/27/06 08:10,0.436
04/27/06 08:15,0.449
04/27/06 08:20,0.463
04/27/06 08:25,0.474
04/27/06 08:30,0.483
04/27/06 08:35,0.492
04/27/06 08:40,0.500
04/27/06 08:45,0.508
04/27/06 08:50,0.516
04/27/06 08:55,0.522
04/27/06 09:00,0.527
04/27/06 09:05,0.532
04/27/06 09:10,0.537
04/27/06 09:15,0.541
04/27/06 09:20,0.546
04/27/06 09:25,0.550
04/27/06 09:30,0.553
04/27/06 09:35,0.555
04/27/06 09:40,0.556
04/27/06 09:45,0.554
04/27/06 09:50,0.548
04/27/06 09:55,0.547
04/27/06 10:00,0.553
04/27/06 10:05,0.564
04/27/06 10:10,0.574
04/27/06 10:15,0.585
04/27/06 10:20,0.593
04/27/06 10:25,0.600
04/27/06 10:30,0.606
04/27/06 10:35,0.610
04/27/06 10:40,0.613
04/27/06 10:45,0.615
04/27/06 10:50,0.618
04/27/06 10:55,0.620
04/27/06 11:00,0.622
04/27/06 11:05,0.624
04/27/06 11:10,0.626
04/27/06 11:15,0.627
04/27/06 11:20,0.626
04/27/06 11:25,0.624
04/27/06 11:30,0.622
04/27/06 11:35,0.621
04/27/06 11:40,0.618
04/27/06 11:45,0.615
04/27/06 11:50,0.614
04/27/06 11:55,0.613
04/27/06 12:00,0.612
04/27/06 12:05,0.611
04/27/06 12:10,0.609
04/27/06 12:15,0.607
04/27/06 12:20,0.604
04/27/06 12:25,0.601
04/27/06 12:30,0.599
04/27/06 12:35,0.594
04/27/06 12:40,0.587
04/27/06 12:45,0.585
04/27/06 12:50,0.580
04/27/06 12:55,0.576
04/27/06 13:00,0.574
04/27/06 13:05,0.578
04/27/06 13:10,0.580
04/27/06 13:15,0.580
04/27/06 13:20,0.583
04/27/06 13:25,0.587
04/27/06 13:30,0.586
04/27/06 13:35,0.582
04/27/06 13:40,0.577
04/27/06 13:45,0.572
04/27/06 13:50,0.566
04/27/06 13:55,0.559
04/27/06 14:00,0.546
04/27/06 14:05,0.532
04/27/06 14:10,0.523
04/27/06 14:15,0.515
04/27/06 14:20,0.505
04/27/06 14:25,0.489
04/27/06 14:30,0.472
04/27/06 14:35,0.452
04/27/06 14:40,0.433
04/27/06 14:45,0.420
04/27/06 14:50,0.409
04/27/06 14:55,0.404
04/27/06 15:00,0.403
04/27/06 15:05,0.400
04/27/06 15:10,0.394
04/27/06 15:15,0.384
04/27/06 15:20,0.376
04/27/06 15:25,0.368
04/27/06 15:30,0.359
04/27/06 15:35,0.349
04/27/06 15:40,0.339
04/27/06 15:45,0.329
04/27/06 15:50,0.317
04/27/06 15:55,0.304
04/27/06 16:00,0.293
04/27/06 16:05,0.281
04/27/06 16:10,0.269
04/27/06 16:15,0.257
04/27/06 16:20,0.244
04/27/06 16:25,0.229
04/27/06 16:30,0.214
04/27/06 16:35,0.200
04/27/06 16:40,0.187
04/27/06 16:45,0.175
04/27/06 16:50,0.162
04/27/06 16:55,0.150
04/27/06 17:00,0.136
04/27/06 17:05,0.122
04/27/06 17:10,0.108
04/27/06 17:15,0.095
04/27/06 17:20,0.082
04/27/06 17:25,0.059
04/27/06 17:30,0.033
04/27/06 17:35,0.019
04/27/06 17:40,0.011
04/27/06 17:45,0.006
04/27/06 17:50,0.003
04/27/06 17:55,0.002
04/27/06 18:00,0.001
04/27/06 18:05,0.000
04/27/06 18:10,0.000
04/27/06 18:15,0.000
04/27/06 18:20,0.000
04/27/06 18:25,0.000
04/27/06 18:30,0.000
04/27/06 18:35,0.000
04/27/06 18:40,0.000
04/27/06 18:45,0.000
04/27/06 18:50,0.000
04/27/06 18:55,0.000
04/27/06 19:00,0.000
04/27/06 19:05,0.000
04/27/06 19:10,0.000
04/27/06 19:15,0.000
04/27/06 19:20,0.000
04/27/06 19:25,0.000
04/27/06 19:30,0.000
04/27/06 19:35,0.000
04/27/06 19:40,0.000
04/27/06 19:45,0.000
04/27/06 19:50,0.000
04/27/06 19:55,0.000
04/27/06 20:00,0.000
04/27/06 20:05,0.000
04/27/06 20:10,0.000
04/27/06 20:15,0.000
04/27/06 20:20,0.000
04/27/06 20:25,0.000
04/27/06 20:30,0.000
04/27/06 20:35,0.000
04/27/06 20:40,0.000
04/27/06 20:45,0.000
04/27/06 20:50,0.000
04/27/06 20:55,0.000
04/27/06 21:00,0.000
04/27/06 21:05,0.000
04/27/06 21:10,0.000
04/27/06 21:15,0.000
04/27/06 21:20,0.000
04/27/06 21:25,0.000
04/27/06 21:30,0.000
04/27/06 21:35,0.000
04/27/06 21:40,0.000
04/27/06 21:45,0.000
04/27/06 21:50,0.000
04/27/06 21:55,0.000
04/27/06 22:00,0.000
04/27/06 22:05,0.000
04/27/06 22:10,0.000
04/27/06 22:15,0.000
04/27/06 22:20,0.000
04/27/06 22:25,0.000
04/27/06 22:30,0.000
04/27/06 22:35,0.000
04/27/06 22:40,0.000
04/27/06 22:45,0.000
04/27/06 22:50,0.000
04/27/06 22:55,0.000
04/27/06 23:00,0.000
04/27/06 23:05,0.000
04/27/06 23:10,0.000
04/27/06 23:15,0.000
04/27/06 23:20,0.000
04/27/06 23:25,0.000
04/27/06 23:30,0.000
04/27/06 23:35,0.000
04/27/06 23:40,0.000
04/27/06 23:45,0.000
04/27/06 23:50,0.000
04/27/06 23:55,0.000
04/28/06 00:00,0.000
04/28/06 00:05,0.000
04/28/06 00:10,0.000
04/28/06 00:15,0.000
04/28/06 00:20,0.000
04/28/06 00:25,0.000
04/28/06 00:30,0.000
04/28/06 00:35,0.000
04/28/06 00:40,0.000
04/28/06 00:45,0.000
04/28/06 00:50,0.000
04/28/06 00:55,0.000
04/28/06 01:00,0.000
04/28/06 01:05,0.000
04/28/06 01:10,0.000
04/28/06 01:15,0.000
04/28/06 01:20,0.000
04/28/06 01:25,0.000
04/28/06 01:30,0.000
04/28/06 01:35,0.000
04/28/06 01:40,0.000
04/28/06 01:45,0.000
04/28/06 01:50,0.000
04/28/06 01:55,0.000
04/28/06 02:00,0.000
04/28/06 02:05,0.000
04/28/06 02:10,0.000
04/28/06 02:15,0.000
04/28/06 02:20,0.000
04/28/06 02:25,0.000
04/28/06 02:30,0.000
04/28/06 02:35,0.000
04/28/06 02:40,0.000
04/28/06 02:45,0.000
04/28/06 02:50,0.000
04/28/06 02:55,0.000
04/28/06 03:00,0.000
04/28/06 03:05,0.000
04/28/06 03:10,0.000
04/28/06 03:15,0.000
04/28/06 03:20,0.000
04/28/06 03:25,0.000
04/28/06 03:30,0.000
04/28/06 03:35,0.000
04/28/06 03:40,0.000
04/28/06 03:45,0.000
04/28/06 03:50,0.000
04/28/06 03:55,0.000
04/28/06 04:00,0.000
04/28/06 04:05,0.000
04/28/06 04:10,0.000
04/28/06 04:15,0.000
04/28/06 04:20,0.000
04/28/06 04:25,0.000
04/28/06 04:30,0.000
04/28/06 04:35,0.000
04/28/06 04:40,0.000
04/28/06 04:45,0.000
04/28/06 04:50,0.000
04/28/06 04:55,0.000
04/28/06 05:00,0.000
04/28/06 05:05,0.000
04/28/06 05:10,0.000
04/28/06 05:15,0.000
04/28/06 05:20,0.000
04/28/06 05:25,0.001
04/28/06 05:30,0.002
04/28/06 05:35,0.004
04/28/06 05:40,0.008
04/28/06 05:45,0.017
04/28/06 05:50,0.033
04/28/06 05:55,0.059
04/28/06 06:00,0.081
04/28/06 06:05,0.092
04/28/06 06:10,0.104
04/28/06 06:15,0.116
04/28/06 06:20,0.129
04/28/06 06:25,0.143
04/28/06 06:30,0.157
04/28/06 06:35,0.171
04/28/06 06:40,0.185
04/28/06 06:45,0.198
04/28/06 06:50,0.213
04/28/06 06:55,0.227
04/28/06 07:00,0.241
04/28/06 07:05,0.254
04/28/06 07:10,0.268
04/28/06 07:15,0.282
04/28/06 07:20,0.295
04/28/06 07:25,0.308
04/28/06 07:30,0.320
04/28/06 07:35,0.332
04/28/06 07:40,0.344
04/28/06 07:45,0.355
04/28/06 07:50,0.366
04/28/06 07:55,0.377
04/28/06 08:00,0.387
04/28/06 08:05,0.397
04/28/06 08:10,0.407
04/28/06 08:15,0.416
04/28/06 08:20,0.428
04/28/06 08:25,0.440
04/28/06 08:30,0.451
04/28/06 08:35,0.460
04/28/06 08:40,0.467
04/28/06 08:45,0.473
04/28/06 08:50,0.478
04/28/06 08:55,0.482
04/28/06 09:00,0.489
04/28/06 09:05,0.497
04/28/06 09:10,0.503
04/28/06 09:15,0.509
04/28/06 09:20,0.515
04/28/06 09:25,0.520
04/28/06 09:30,0.527
04/28/06 09:35,0.535
04/28/06 09:40,0.542
04/28/06 09:45,0.547
04/28/06 09:50,0.551
04/28/06 09:55,0.552
04/28/06 10:00,0.560
04/28/06 10:05,0.572
04/28/06 10:10,0.584
04/28/06 10:15,0.594
04/28/06 10:20,0.603
04/28/06 10:25,0.611
04/28/06 10:30,0.618
04/28/06 10:35,0.623
04/28/06 10:40,0.627
04/28/06 10:45,0.631
04/28/06 10:50,0.634
04/28/06 10:55,0.638
04/28/06 11:00,0.640
04/28/06 11:05,0.641
04/28/06 11:10,0.642
04/28/06 11:15,0.646
04/28/06 11:20,0.648
04/28/06 11:25,0.651
04/28/06 11:30,0.654
04/28/06 11:35,0.661
04/28/06 11:40,0.663
04/28/06 11:45,0.662
04/28/06 11:50,0.661
04/28/06 11:55,0.658
04/28/06 12:00,0.656
04/28/06 12:05,0.653
04/28/06 12:10,0.653
04/28/06 12:15,0.654
04/28/06 12:20,0.653
04/28/06 12:25,0.650
04/28/06 12:30,0.648
04/28/06 12:35,0.648
04/28/06 12:40,0.647
04/28/06 12:45,0.644
04/28/06 12:50,0.641
04/28/06 12:55,0.634
04/28/06 13:00,0.612
04/28/06 13:05,0.593
04/28/06 13:10,0.571
04/28/06 13:15,0.554
04/28/06 13:20,0.542
04/28/06 13:25,0.532
04/28/06 13:30,0.522
04/28/06 13:35,0.510
04/28/06 13:40,0.498
04/28/06 13:45,0.488
04/28/06 13:50,0.477
04/28/06 13:55,0.467
04/28/06 14:00,0.465
04/28/06 14:05,0.467
04/28/06 14:10,0.467
04/28/06 14:15,0.469
04/28/06 14:20,0.471
04/28/06 14:25,0.472
04/28/06 14:30,0.474
04/28/06 14:35,0.472
04/28/06 14:40,0.468
04/28/06 14:45,0.465
04/28/06 14:50,0.461
04/28/06 14:55,0.457
04/28/06 15:00,0.442
04/28/06 15:05,0.427
04/28/06 15:10,0.413
04/28/06 15:15,0.400
04/28/06 15:20,0.388
04/28/06 15:25,0.376
04/28/06 15:30,0.364
04/28/06 15:35,0.351
04/28/06 15:40,0.338
04/28/06 15:45,0.325
04/28/06 15:50,0.313
04/28/06 15:55,0.301
04/28/06 16:00,0.290
04/28/06 16:05,0.279
04/28/06 16:10,0.267
04/28/06 16:15,0.255
04/28/06 16:20,0.242
04/28/06 16:25,0.230
04/28/06 16:30,0.218
04/28/06 16:35,0.206
04/28/06 16:40,0.191
04/28/06 16:45,0.178
04/28/06 16:50,0.164
04/28/06 16:55,0.151
04/28/06 17:00,0.137
04/28/06 17:05,0.123
04/28/06 17:10,0.110
04/28/06 17:15,0.097
04/28/06 17:20,0.085
04/28/06 17:25,0.074
04/28/06 17:30,0.044
04/28/06 17:35,0.026
04/28/06 17:40,0.014
04/28/06 17:45,0.008
04/28/06 17:50,0.004
04/28/06 17:55,0.003
04/28/06 18:00,0.001
04/28/06 18:05,0.001
04/28/06 18:10,0.000
04/28/06 18:15,0.000
04/28/06 18:20,0.000
04/28/06 18:25,0.000
04/28/06 18:30,0.000
04/28/06 18:35,0.000
04/28/06 18:40,0.000
04/28/06 18:45,0.000
04/28/06 18:50,0.000
04/28/06 18:55,0.000
04/28/06 19:00,0.000
04/28/06 19:05,0.000
04/28/06 19:10,0.000
04/28/06 19:15,0.000
04/28/06 19:20,0.000
04/28/06 19:25,0.000
04/28/06 19:30,0.000
04/28/06 19:35,0.000
04/28/06 19:40,0.000
04/28/06 19:45,0.000
04/28/06 19:50,0.000
04/28/06 19:55,0.000
04/28/06 20:00,0.000
04/28/06 20:05,0.000
04/28/06 20:10,0.000
04/28/06 20:15,0.000
04/28/06 20:20,0.000
04/28/06 20:25,0.000
04/28/06 20:30,0.000
04/28/06 20:35,0.000
04/28/06 20:40,0.000
04/28/06 20:45,0.000
04/28/06 20:50,0.000
04/28/06 20:55,0.000
04/28/06 21:00,0.000
04/28/06 21:05,0.000
04/28/06 21:10,0.000
04/28/06 21:15,0.000
04/28/06 21:20,0.000
04/28/06 21:25,0.000
04/28/06 21:30,0.000
04/28/06 21:35,0.000
04/28/06 21:40,0.000
04/28/06 21:45,0.000
04/28/06 21:50,0.000
04/28/06 21:55,0.000
04/28/06 22:00,0.000
04/28/06 22:05,0.000
04/28/06 22:10,0.000
04/28/06 22:15,0.000
04/28/06 22:20,0.000
04/28/06 22:25,0.000
04/28/06 22:30,0.000
04/28/06 22:35,0.000
04/28/06 22:40,0.000
04/28/06 22:45,0.000
04/28/06 22:50,0.000
04/28/06 22:55,0.000
04/28/06 23:00,0.000
04/28/06 23:05,0.000
04/28/06 23:10,0.000
04/28/06 23:15,0.000
04/28/06 23:20,0.000
04/28/06 23:25,0.000
04/28/06 23:30,0.000
04/28/06 23:35,0.000
04/28/06 23:40,0.000
04/28/06 23:45,0.000
04/28/06 23:50,0.000
04/28/06 23:55,0.000
04/29/06 00:00,0.000
04/29/06 00:05,0.000
04/29/06 00:10,0.000
04/29/06 00:15,0.000
04/29/06 00:20,0.000
04/29/06 00:25,0.000
04/29/06 00:30,0.000
04/29/06 00:35,0.000
04/29/06 00:40,0.000
04/29/06 00:45,0.000
04/29/06 00:50,0.000
04/29/06 00:55,0.000
04/29/06 01:00,0.000
04/29/06 01:05,0.000
04/29/06 01:10,0.000
04/29/06 01:15,0.000
04/29/06 01:20,0.000
04/29/06 01:25,0.000
04/29/06 01:30,0.000
04/29/06 01:35,0.000
04/29/06 01:40,0.000
04/29/06 01:45,0.000
04/29/06 01:50,0.000
04/29/06 01:55,0.000
04/29/06 02:00,0.000
04/29/06 02:05,0.000
04/29/06 02:10,0.000
04/29/06 02:15,0.000
04/29/06 02:20,0.000
04/29/06 02:25,0.000
04/29/06 02:30,0.000
04/29/06 02:35,0.000
04/29/06 02:40,0.000
04/29/06 02:45,0.000
04/29/06 02:50,0.000
04/29/06 02:55,0.000
04/29/06 03:00,0.000
04/29/06 03:05,0.000
04/29/06 03:10,0.000
04/29/06 03:15,0.000
04/29/06 03:20,0.000
04/29/06 03:25,0.000
04/29/06 03:30,0.000
04/29/06 03:35,0.000
04/29/06 03:40,0.000
04/29/06 03:45,0.000
04/29/06 03:50,0.000
04/29/06 03:55,0.000
04/29/06 04:00,0.000
04/29/06 04:05,0.000
04/29/06 04:10,0.000
04/29/06 04:15,0.000
04/29/06 04:20,0.000
04/29/06 04:25,0.000
04/29/06 04:30,0.000
04/29/06 04:35,0.000
04/29/06 04:40,0.000
04/29/06 04:45,0.000
04/29/06 04:50,0.000
04/29/06 04:55,0.000
04/29/06 05:00,0.000
04/29/06 05:05,0.000
04/29/06 05:10,0.000
04/29/06 05:15,0.000
04/29/06 05:20,0.001
04/29/06 05:25,0.002
04/29/06 05:30,0.004
04/29/06 05:35,0.008
04/29/06 05:40,0.016
04/29/06 05:45,0.030
04/29/06 05:50,0.053
04/29/06 05:55,0.077
04/29/06 06:00,0.082
04/29/06 06:05,0.085
04/29/06 06:10,0.092
04/29/06 06:15,0.099
04/29/06 06:20,0.107
04/29/06 06:25,0.112
04/29/06 06:30,0.122
04/29/06 06:35,0.134
04/29/06 06:40,0.144
04/29/06 06:45,0.143
04/29/06 06:50,0.148
04/29/06 06:55,0.163
04/29/06 07:00,0.185
04/29/06 07:05,0.203
04/29/06 07:10,0.223
04/29/06 07:15,0.241
04/29/06 07:20,0.258
04/29/06 07:25,0.274
04/29/06 07:30,0.289
04/29/06 07:35,0.305
04/29/06 07:40,0.322
04/29/06 07:45,0.337
04/29/06 07:50,0.352
04/29/06 07:55,0.367
04/29/06 08:00,0.379
04/29/06 08:05,0.393
04/29/06 08:10,0.404
04/29/06 08:15,0.414
04/29/06 08:20,0.421
04/29/06 08:25,0.428
04/29/06 08:30,0.435
04/29/06 08:35,0.443
04/29/06 08:40,0.455
04/29/06 08:45,0.464
04/29/06 08:50,0.472
04/29/06 08:55,0.478
04/29/06 09:00,0.486
04/29/06 09:05,0.491
04/29/06 09:10,0.495
04/29/06 09:15,0.499
04/29/06 09:20,0.503
04/29/06 09:25,0.504
04/29/06 09:30,0.507
04/29/06 09:35,0.510
04/29/06 09:40,0.516
04/29/06 09:45,0.521
04/29/06 09:50,0.526
04/29/06 09:55,0.533
04/29/06 10:00,0.541
04/29/06 10:05,0.549
04/29/06 10:10,0.556
04/29/06 10:15,0.561
04/29/06 10:20,0.565
04/29/06 10:25,0.568
04/29/06 10:30,0.570
04/29/06 10:35,0.572
04/29/06 10:40,0.575
04/29/06 10:45,0.577
04/29/06 10:50,0.580
04/29/06 10:55,0.582
04/29/06 11:00,0.574
04/29/06 11:05,0.575
04/29/06 11:10,0.567
04/29/06 11:15,0.575
04/29/06 11:20,0.569
04/29/06 11:25,0.548
04/29/06 11:30,0.544
04/29/06 11:35,0.524
04/29/06 11:40,0.488
04/29/06 11:45,0.434
04/29/06 11:50,0.409
04/29/06 11:55,0.434
04/29/06 12:00,0.445
04/29/06 12:05,0.450
04/29/06 12:10,0.446
04/29/06 12:15,0.437
04/29/06 12:20,0.418
04/29/06 12:25,0.402
04/29/06 12:30,0.395
04/29/06 12:35,0.388
04/29/06 12:40,0.383
04/29/06 12:45,0.390
04/29/06 12:50,0.399
04/29/06 12:55,0.398
04/29/06 13:00,0.409
04/29/06 13:05,0.426
04/29/06 13:10,0.438
04/29/06 13:15,0.447
04/29/06 13:20,0.448
04/29/06 13:25,0.438
04/29/06 13:30,0.424
04/29/06 13:35,0.412
04/29/06 13:40,0.399
04/29/06 13:45,0.379
04/29/06 13:50,0.361
04/29/06 13:55,0.352
04/29/06 14:00,0.354
04/29/06 14:05,0.360
04/29/06 14:10,0.362
04/29/06 14:15,0.361
04/29/06 14:20,0.351
04/29/06 14:25,0.340
04/29/06 14:30,0.326
04/29/06 14:35,0.319
04/29/06 14:40,0.312
04/29/06 14:45,0.300
04/29/06 14:50,0.290
04/29/06 14:55,0.283
04/29/06 15:00,0.257
04/29/06 15:05,0.265
04/29/06 15:10,0.249
04/29/06 15:15,0.242
04/29/06 15:20,0.228
04/29/06 15:25,0.195
04/29/06 15:30,0.169
04/29/06 15:35,0.189
04/29/06 15:40,0.208
04/29/06 15:45,0.231
04/29/06 15:50,0.235
04/29/06 15:55,0.233
04/29/06 16:00,0.220
04/29/06 16:05,0.173
04/29/06 16:10,0.191
04/29/06 16:15,0.182
04/29/06 16:20,0.173
04/29/06 16:25,0.167
04/29/06 16:30,0.170
04/29/06 16:35,0.149
04/29/06 16:40,0.108
04/29/06 16:45,0.079
04/29/06 16:50,0.086
04/29/06 16:55,0.089
04/29/06 17:00,0.094
04/29/06 17:05,0.092
04/29/06 17:10,0.084
04/29/06 17:15,0.075
04/29/06 17:20,0.049
04/29/06 17:25,0.028
04/29/06 17:30,0.018
04/29/06 17:35,0.012
04/29/06 17:40,0.008
04/29/06 17:45,0.003
04/29/06 17:50,0.001
04/29/06 17:55,0.000
04/29/06 18:00,0.000
04/29/06 18:05,0.000
04/29/06 18:10,0.000
04/29/06 18:15,0.000
04/29/06 18:20,0.000
04/29/06 18:25,0.000
04/29/06 18:30,0.000
04/29/06 18:35,0.000
04/29/06 18:40,0.000
04/29/06 18:45,0.000
04/29/06 18:50,0.000
04/29/06 18:55,0.000
04/29/06 19:00,0.000
04/29/06 19:05,0.000
04/29/06 19:10,0.000
04/29/06 19:15,0.000
04/29/06 19:20,0.000
04/29/06 19:25,0.000
04/29/06 19:30,0.000
04/29/06 19:35,0.000
04/29/06 19:40,0.000
04/29/06 19:45,0.000
04/29/06 19:50,0.000
04/29/06 19:55,0.000
04/29/06 20:00,0.000
04/29/06 20:05,0.000
04/29/06 20:10,0.000
04/29/06 20:15,0.000
04/29/06 20:20,0.000
04/29/06 20:25,0.000
04/29/06 20:30,0.000
04/29/06 20:35,0.000
04/29/06 20:40,0.000
04/29/06 20:45,0.000
04/29/06 20:50,0.000
04/29/06 20:55,0.000
04/29/06 21:00,0.000
04/29/06 21:05,0.000
04/29/06 21:10,0.000
04/29/06 21:15,0.000
04/29/06 21:20,0.000
04/29/06 21:25,0.000
04/29/06 21:30,0.000
04/29/06 21:35,0.000
04/29/06 21:40,0.000
04/29/06 21:45,0.000
04/29/06 21:50,0.000
04/29/06 21:55,0.000
04/29/06 22:00,0.000
04/29/06 22:05,0.000
04/29/06 22:10,0.000
04/29/06 22:15,0.000
04/29/06 22:20,0.000
04/29/06 22:25,0.000
04/29/06 22:30,0.000
04/29/06 22:35,0.000
04/29/06 22:40,0.000
04/29/06 22:45,0.000
04/29/06 22:50,0.000
04/29/06 22:55,0.000
04/29/06 23:00,0.000
04/29/06 23:05,0.000
04/29/06 23:10,0.000
04/29/06 23:15,0.000
04/29/06 23:20,0.000
04/29/06 23:25,0.000
04/29/06 23:30,0.000
04/29/06 23:35,0.000
04/29/06 23:40,0.000
04/29/06 23:45,0.000
04/29/06 23:50,0.000
04/29/06 23:55,0.000
04/30/06 00:00,0.000
04/30/06 00:05,0.000
04/30/06 00:10,0.000
04/30/06 00:15,0.000
04/30/06 00:20,0.000
04/30/06 00:25,0.000
04/30/06 00:30,0.000
04/30/06 00:35,0.000
04/30/06 00:40,0.000
04/30/06 00:45,0.000
04/30/06 00:50,0.000
04/30/06 00:55,0.000
04/30/06 01:00,0.000
04/30/06 01:05,0.000
04/30/06 01:10,0.000
04/30/06 01:15,0.000
04/30/06 01:20,0.000
04/30/06 01:25,0.000
04/30/06 01:30,0.000
04/30/06 01:35,0.000
04/30/06 01:40,0.000
04/30/06 01:45,0.000
04/30/06 01:50,0.000
04/30/06 01:55,0.000
04/30/06 02:00,0.000
04/30/06 02:05,0.000
04/30/06 02:10,0.000
04/30/06 02:15,0.000
04/30/06 02:20,0.000
04/30/06 02:25,0.000
04/30/06 02:30,0.000
04/30/06 02:35,0.000
04/30/06 02:40,0.000
04/30/06 02:45,0.000
04/30/06 02:50,0.000
04/30/06 02:55,0.000
04/30/06 03:00,0.000
04/30/06 03:05,0.000
04/30/06 03:10,0.000
04/30/06 03:15,0.000
04/30/06 03:20,0.000
04/30/06 03:25,0.000
04/30/06 03:30,0.000
04/30/06 03:35,0.000
04/30/06 03:40,0.000
04/30/06 03:45,0.000
04/30/06 03:50,0.000
04/30/06 03:55,0.000
04/30/06 04:00,0.000
04/30/06 04:05,0.000
04/30/06 04:10,0.000
04/30/06 04:15,0.000
04/30/06 04:20,0.000
04/30/06 04:25,0.000
04/30/06 04:30,0.000
04/30/06 04:35,0.000
04/30/06 04:40,0.000
04/30/06 04:45,0.000
04/30/06 04:50,0.000
04/30/06 04:55,0.000
04/30/06 05:00,0.000
04/30/06 05:05,0.000
04/30/06 05:10,0.000
04/30/06 05:15,0.000
04/30/06 05:20,0.000
04/30/06 05:25,0.000
04/30/06 05:30,0.000
04/30/06 05:35,0.000
04/30/06 05:40,0.000
04/30/06 05:45,0.000
04/30/06 05:50,0.001
04/30/06 05:55,0.001
04/30/06 06:00,0.001
04/30/06 06:05,0.002
04/30/06 06:10,0.002
04/30/06 06:15,0.003
04/30/06 06:20,0.004
04/30/06 06:25,0.006
04/30/06 06:30,0.008
04/30/06 06:35,0.012
04/30/06 06:40,0.016
04/30/06 06:45,0.018
04/30/06 06:50,0.017
04/30/06 06:55,0.017
04/30/06 07:00,0.016
04/30/06 07:05,0.082
04/30/06 07:10,0.104
04/30/06 07:15,0.099
04/30/06 07:20,0.094
04/30/06 07:25,0.088
04/30/06 07:30,0.107
04/30/06 07:35,0.115
04/30/06 07:40,0.113
04/30/06 07:45,0.115
04/30/06 07:50,0.108
04/30/06 07:55,0.111
04/30/06 08:00,0.128
04/30/06 08:05,0.200
04/30/06 08:10,0.201
04/30/06 08:15,0.236
04/30/06 08:20,0.279
04/30/06 08:25,0.325
04/30/06 08:30,0.357
04/30/06 08:35,0.380
04/30/06 08:40,0.395
04/30/06 08:45,0.402
04/30/06 08:50,0.367
04/30/06 08:55,0.379
04/30/06 09:00,0.393
04/30/06 09:05,0.393
04/30/06 09:10,0.398
04/30/06 09:15,0.397
04/30/06 09:20,0.402
04/30/06 09:25,0.400
04/30/06 09:30,0.343
04/30/06 09:35,0.341
04/30/06 09:40,0.355
04/30/06 09:45,0.349
04/30/06 09:50,0.383
04/30/06 09:55,0.416
04/30/06 10:00,0.386
04/30/06 10:05,0.396
04/30/06 10:10,0.420
04/30/06 10:15,0.398
04/30/06 10:20,0.449
04/30/06 10:25,0.471
04/30/06 10:30,0.404
04/30/06 10:35,0.419
04/30/06 10:40,0.387
04/30/06 10:45,0.442
04/30/06 10:50,0.449
04/30/06 10:55,0.436
04/30/06 11:00,0.438
04/30/06 11:05,0.438
04/30/06 11:10,0.414
04/30/06 11:15,0.439
04/30/06 11:20,0.446
04/30/06 11:25,0.432
04/30/06 11:30,0.404
04/30/06 11:35,0.431
04/30/06 11:40,0.438
04/30/06 11:45,0.407
04/30/06 11:50,0.339
04/30/06 11:55,0.284
04/30/06 12:00,0.280
04/30/06 12:05,0.285
04/30/06 12:10,0.297
04/30/06 12:15,0.308
04/30/06 12:20,0.310
04/30/06 12:25,0.316
04/30/06 12:30,0.309
04/30/06 12:35,0.302
04/30/06 12:40,0.306
04/30/06 12:45,0.311
04/30/06 12:50,0.319
04/30/06 12:55,0.327
04/30/06 13:00,0.340
04/30/06 13:05,0.335
04/30/06 13:10,0.362
04/30/06 13:15,0.345
04/30/06 13:20,0.384
04/30/06 13:25,0.358
04/30/06 13:30,0.329
04/30/06 13:35,0.365
04/30/06 13:40,0.356
04/30/06 13:45,0.301
04/30/06 13:50,0.327
04/30/06 13:55,0.335
04/30/06 14:00,0.269
04/30/06 14:05,0.212
04/30/06 14:10,0.174
04/30/06 14:15,0.159
04/30/06 14:20,0.146
04/30/06 14:25,0.134
04/30/06 14:30,0.128
04/30/06 14:35,0.127
04/30/06 14:40,0.128
04/30/06 14:45,0.129
04/30/06 14:50,0.135
04/30/06 14:55,0.140
04/30/06 15:00,0.144
04/30/06 15:05,0.151
04/30/06 15:10,0.158
04/30/06 15:15,0.168
04/30/06 15:20,0.174
04/30/06 15:25,0.179
04/30/06 15:30,0.189
04/30/06 15:35,0.196
04/30/06 15:40,0.202
04/30/06 15:45,0.211
04/30/06 15:50,0.214
04/30/06 15:55,0.214
04/30/06 16:00,0.205
04/30/06 16:05,0.167
04/30/06 16:10,0.119
04/30/06 16:15,0.089
04/30/06 16:20,0.106
04/30/06 16:25,0.145
04/30/06 16:30,0.150
04/30/06 16:35,0.134
04/30/06 16:40,0.130
04/30/06 16:45,0.124
04/30/06 16:50,0.125
04/30/06 16:55,0.118
04/30/06 17:00,0.118
04/30/06 17:05,0.116
04/30/06 17:10,0.103
04/30/06 17:15,0.091
04/30/06 17:20,0.083
04/30/06 17:25,0.066
04/30/06 17:30,0.044
04/30/06 17:35,0.024
04/30/06 17:40,0.015
04/30/06 17:45,0.008
04/30/06 17:50,0.004
04/30/06 17:55,0.002
04/30/06 18:00,0.001
04/30/06 18:05,0.001
04/30/06 18:10,0.000
04/30/06 18:15,0.000
04/30/06 18:20,0.000
04/30/06 18:25,0.000
04/30/06 18:30,0.000
04/30/06 18:35,0.000
04/30/06 18:40,0.000
04/30/06 18:45,0.000
04/30/06 18:50,0.000
04/30/06 18:55,0.000
04/30/06 19:00,0.000
04/30/06 19:05,0.000
04/30/06 19:10,0.000
04/30/06 19:15,0.000
04/30/06 19:20,0.000
04/30/06 19:25,0.000
04/30/06 19:30,0.000
04/30/06 19:35,0.000
04/30/06 19:40,0.000
04/30/06 19:45,0.000
04/30/06 19:50,0.000
04/30/06 19:55,0.000
04/30/06 20:00,0.000
04/30/06 20:05,0.000
04/30/06 20:10,0.000
04/30/06 20:15,0.000
04/30/06 20:20,0.000
04/30/06 20:25,0.000
04/30/06 20:30,0.000
04/30/06 20:35,0.000
04/30/06 20:40,0.000
04/30/06 20:45,0.000
04/30/06 20:50,0.000
04/30/06 20:55,0.000
04/30/06 21:00,0.000
04/30/06 21:05,0.000
04/30/06 21:10,0.000
04/30/06 21:15,0.000
04/30/06 21:20,0.000
04/30/06 21:25,0.000
04/30/06 21:30,0.000
04/30/06 21:35,0.000
04/30/06 21:40,0.000
04/30/06 21:45,0.000
04/30/06 21:50,0.000
04/30/06 21:55,0.000
04/30/06 22:00,0.000
04/30/06 22:05,0.000
04/30/06 22:10,0.000
04/30/06 22:15,0.000
04/30/06 22:20,0.000
04/30/06 22:25,0.000
04/30/06 22:30,0.000
04/30/06 22:35,0.000
04/30/06 22:40,0.000
04/30/06 22:45,0.000
04/30/06 22:50,0.000
04/30/06 22:55,0.000
04/30/06 23:00,0.000
04/30/06 23:05,0.000
04/30/06 23:10,0.000
04/30/06 23:15,0.000
04/30/06 23:20,0.000
04/30/06 23:25,0.000
04/30/06 23:30,0.000
04/30/06 23:35,0.000
04/30/06 23:40,0.000
04/30/06 23:45,0.000
04/30/06 23:50,0.000
04/30/06 23:55,0.000
05/01/06 00:00,0.000
05/01/06 00:05,0.000
05/01/06 00:10,0.000
05/01/06 00:15,0.000
05/01/06 00:20,0.000
05/01/06 00:25,0.000
05/01/06 00:30,0.000
05/01/06 00:35,0.000
05/01/06 00:40,0.000
05/01/06 00:45,0.000
05/01/06 00:50,0.000
05/01/06 00:55,0.000
05/01/06 01:00,0.000
05/01/06 01:05,0.000
05/01/06 01:10,0.000
05/01/06 01:15,0.000
05/01/06 01:20,0.000
05/01/06 01:25,0.000
05/01/06 01:30,0.000
05/01/06 01:35,0.000
05/01/06 01:40,0.000
05/01/06 01:45,0.000
05/01/06 01:50,0.000
05/01/06 01:55,0.000
05/01/06 02:00,0.000
05/01/06 02:05,0.000
05/01/06 02:10,0.000
05/01/06 02:15,0.000
05/01/06 02:20,0.000
05/01/06 02:25,0.000
05/01/06 02:30,0.000
05/01/06 02:35,0.000
05/01/06 02:40,0.000
05/01/06 02:45,0.000
05/01/06 02:50,0.000
05/01/06 02:55,0.000
05/01/06 03:00,0.000
05/01/06 03:05,0.000
05/01/06 03:10,0.000
05/01/06 03:15,0.000
05/01/06 03:20,0.000
05/01/06 03:25,0.000
05/01/06 03:30,0.000
05/01/06 03:35,0.000
05/01/06 03:40,0.000
05/01/06 03:45,0.000
05/01/06 03:50,0.000
05/01/06 03:55,0.000
05/01/06 04:00,0.000
05/01/06 04:05,0.000
05/01/06 04:10,0.000
05/01/06 04:15,0.000
05/01/06 04:20,0.000
05/01/06 04:25,0.000
05/01/06 04:30,0.000
05/01/06 04:35,0.000
05/01/06 04:40,0.000
05/01/06 04:45,0.000
05/01/06 04:50,0.000
05/01/06 04:55,0.000
05/01/06 05:00,0.000
05/01/06 05:05,0.000
05/01/06 05:10,0.000
05/01/06 05:15,0.000
05/01/06 05:20,0.000
05/01/06 05:25,0.001
05/01/06 05:30,0.001
05/01/06 05:35,0.002
05/01/06 05:40,0.005
05/01/06 05:45,0.008
05/01/06 05:50,0.013
05/01/06 05:55,0.030
05/01/06 06:00,0.030
05/01/06 06:05,0.034
05/01/06 06:10,0.035
05/01/06 06:15,0.038
05/01/06 06:20,0.074
05/01/06 06:25,0.084
05/01/06 06:30,0.075
05/01/06 06:35,0.073
05/01/06 06:40,0.071
05/01/06 06:45,0.102
05/01/06 06:50,0.106
05/01/06 06:55,0.107
05/01/06 07:00,0.103
05/01/06 07:05,0.101
05/01/06 07:10,0.101
05/01/06 07:15,0.102
05/01/06 07:20,0.106
05/01/06 07:25,0.113
05/01/06 07:30,0.124
05/01/06 07:35,0.134
05/01/06 07:40,0.150
05/01/06 07:45,0.162
05/01/06 07:50,0.173
05/01/06 07:55,0.181
05/01/06 08:00,0.194
05/01/06 08:05,0.228
05/01/06 08:10,0.269
05/01/06 08:15,0.279
05/01/06 08:20,0.273
05/01/06 08:25,0.287
05/01/06 08:30,0.241
05/01/06 08:35,0.249
05/01/06 08:40,0.264
05/01/06 08:45,0.264
05/01/06 08:50,0.324
05/01/06 08:55,0.378
05/01/06 09:00,0.422
05/01/06 09:05,0.450
05/01/06 09:10,0.471
05/01/06 09:15,0.488
05/01/06 09:20,0.500
05/01/06 09:25,0.501
05/01/06 09:30,0.499
05/01/06 09:35,0.496
05/01/06 09:40,0.486
05/01/06 09:45,0.485
05/01/06 09:50,0.484
05/01/06 09:55,0.491
05/01/06 10:00,0.490
05/01/06 10:05,0.500
05/01/06 10:10,0.516
05/01/06 10:15,0.491
05/01/06 10:20,0.508
05/01/06 10:25,0.518
05/01/06 10:30,0.541
05/01/06 10:35,0.557
05/01/06 10:40,0.532
05/01/06 10:45,0.502
05/01/06 10:50,0.527
05/01/06 10:55,0.543
05/01/06 11:00,0.528
05/01/06 11:05,0.514
05/01/06 11:10,0.511
05/01/06 11:15,0.506
05/01/06 11:20,0.493
05/01/06 11:25,0.440
05/01/06 11:30,0.399
05/01/06 11:35,0.396
05/01/06 11:40,0.456
05/01/06 11:45,0.457
05/01/06 11:50,0.433
05/01/06 11:55,0.396
05/01/06 12:00,0.452
05/01/06 12:05,0.430
05/01/06 12:10,0.432
05/01/06 12:15,0.449
05/01/06 12:20,0.469
05/01/06 12:25,0.513
05/01/06 12:30,0.535
05/01/06 12:35,0.540
05/01/06 12:40,0.548
05/01/06 12:45,0.556
05/01/06 12:50,0.563
05/01/06 12:55,0.564
05/01/06 13:00,0.540
05/01/06 13:05,0.513
05/01/06 13:10,0.494
05/01/06 13:15,0.479
05/01/06 13:20,0.464
05/01/06 13:25,0.457
05/01/06 13:30,0.448
05/01/06 13:35,0.438
05/01/06 13:40,0.424
05/01/06 13:45,0.422
05/01/06 13:50,0.425
05/01/06 13:55,0.419
05/01/06 14:00,0.417
05/01/06 14:05,0.412
05/01/06 14:10,0.403
05/01/06 14:15,0.389
05/01/06 14:20,0.376
05/01/06 14:25,0.366
05/01/06 14:30,0.357
05/01/06 14:35,0.347
05/01/06 14:40,0.336
05/01/06 14:45,0.323
05/01/06 14:50,0.307
05/01/06 14:55,0.292
05/01/06 15:00,0.291
05/01/06 15:05,0.296
05/01/06 15:10,0.295
05/01/06 15:15,0.291
05/01/06 15:20,0.300
05/01/06 15:25,0.305
05/01/06 15:30,0.305
05/01/06 15:35,0.302
05/01/06 15:40,0.299
05/01/06 15:45,0.298
05/01/06 15:50,0.294
05/01/06 15:55,0.288
05/01/06 16:00,0.265
05/01/06 16:05,0.228
05/01/06 16:10,0.209
05/01/06 16:15,0.192
05/01/06 16:20,0.178
05/01/06 16:25,0.170
05/01/06 16:30,0.141
05/01/06 16:35,0.126
05/01/06 16:40,0.123
05/01/06 16:45,0.106
05/01/06 16:50,0.078
05/01/06 16:55,0.044
05/01/06 17:00,0.043
05/01/06 17:05,0.039
05/01/06 17:10,0.031
05/01/06 17:15,0.023
05/01/06 17:20,0.017
05/01/06 17:25,0.011
05/01/06 17:30,0.007
05/01/06 17:35,0.004
05/01/06 17:40,0.002
05/01/06 17:45,0.001
05/01/06 17:50,0.000
05/01/06 17:55,0.000
05/01/06 18:00,0.000
05/01/06 18:05,0.000
05/01/06 18:10,0.000
05/01/06 18:15,0.000
05/01/06 18:20,0.000
05/01/06 18:25,0.000
05/01/06 18:30,0.000
05/01/06 18:35,0.000
05/01/06 18:40,0.000
05/01/06 18:45,0.000
05/01/06 18:50,0.000
05/01/06 18:55,0.000
05/01/06 19:00,0.000
05/01/06 19:05,0.000
05/01/06 19:10,0.000
05/01/06 19:15,0.000
05/01/06 19:20,0.000
05/01/06 19:25,0.000
05/01/06 19:30,0.000
05/01/06 19:35,0.000
05/01/06 19:40,0.000
05/01/06 19:45,0.000
05/01/06 19:50,0.000
05/01/06 19:55,0.000
05/01/06 20:00,0.000
05/01/06 20:05,0.000
05/01/06 20:10,0.000
05/01/06 20:15,0.000
05/01/06 20:20,0.000
05/01/06 20:25,0.000
05/01/06 20:30,0.000
05/01/06 20:35,0.000
05/01/06 20:40,0.000
05/01/06 20:45,0.000
05/01/06 20:50,0.000
05/01/06 20:55,0.000
05/01/06 21:00,0.000
05/01/06 21:05,0.000
05/01/06 21:10,0.000
05/01/06 21:15,0.000
05/01/06 21:20,0.000
05/01/06 21:25,0.000
05/01/06 21:30,0.000
05/01/06 21:35,0.000
05/01/06 21:40,0.000
05/01/06 21:45,0.000
05/01/06 21:50,0.000
05/01/06 21:55,0.000
05/01/06 22:00,0.000
05/01/06 22:05,0.000
05/01/06 22:10,0.000
05/01/06 22:15,0.000
05/01/06 22:20,0.000
05/01/06 22:25,0.000
05/01/06 22:30,0.000
05/01/06 22:35,0.000
05/01/06 22:40,0.000
05/01/06 22:45,0.000
05/01/06 22:50,0.000
05/01/06 22:55,0.000
05/01/06 23:00,0.000
05/01/06 23:05,0.000
05/01/06 23:10,0.000
05/01/06 23:15,0.000
05/01/06 23:20,0.000
05/01/06 23:25,0.000
05/01/06 23:30,0.000
05/01/06 23:35,0.000
05/01/06 23:40,0.000
05/01/06 23:45,0.000
05/01/06 23:50,0.000
05/01/06 23:55,0.000
05/02/06 00:00,0.000
05/02/06 00:05,0.000
05/02/06 00:10,0.000
05/02/06 00:15,0.000
05/02/06 00:20,0.000
05/02/06 00:25,0.000
05/02/06 00:30,0.000
05/02/06 00:35,0.000
05/02/06 00:40,0.000
05/02/06 00:45,0.000
05/02/06 00:50,0.000
05/02/06 00:55,0.000
05/02/06 01:00,0.000
05/02/06 01:05,0.000
05/02/06 01:10,0.000
05/02/06 01:15,0.000
05/02/06 01:20,0.000
05/02/06 01:25,0.000
05/02/06 01:30,0.000
05/02/06 01:35,0.000
05/02/06 01:40,0.000
05/02/06 01:45,0.000
05/02/06 01:50,0.000
05/02/06 01:55,0.000
05/02/06 02:00,0.000
05/02/06 02:05,0.000
05/02/06 02:10,0.000
05/02/06 02:15,0.000
05/02/06 02:20,0.000
05/02/06 02:25,0.000
05/02/06 02:30,0.000
05/02/06 02:35,0.000
05/02/06 02:40,0.000
05/02/06 02:45,0.000
05/02/06 02:50,0.000
05/02/06 02:55,0.000
05/02/06 03:00,0.000
05/02/06 03:05,0.000
05/02/06 03:10,0.000
05/02/06 03:15,0.000
05/02/06 03:20,0.000
05/02/06 03:25,0.000
05/02/06 03:30,0.000
05/02/06 03:35,0.000
05/02/06 03:40,0.000
05/02/06 03:45,0.000
05/02/06 03:50,0.000
05/02/06 03:55,0.000
05/02/06 04:00,0.000
05/02/06 04:05,0.000
05/02/06 04:10,0.000
05/02/06 04:15,0.000
05/02/06 04:20,0.000
05/02/06 04:25,0.000
05/02/06 04:30,0.000
05/02/06 04:35,0.000
05/02/06 04:40,0.000
05/02/06 04:45,0.000
05/02/06 04:50,0.000
05/02/06 04:55,0.000
05/02/06 05:00,0.000
05/02/06 05:05,0.000
05/02/06 05:10,0.000
05/02/06 05:15,0.000
05/02/06 05:20,0.001
05/02/06 05:25,0.002
05/02/06 05:30,0.003
05/02/06 05:35,0.006
05/02/06 05:40,0.012
05/02/06 05:45,0.021
05/02/06 05:50,0.036
05/02/06 05:55,0.060
05/02/06 06:00,0.081
05/02/06 06:05,0.091
05/02/06 06:10,0.101
05/02/06 06:15,0.111
05/02/06 06:20,0.122
05/02/06 06:25,0.134
05/02/06 06:30,0.146
05/02/06 06:35,0.157
05/02/06 06:40,0.169
05/02/06 06:45,0.180
05/02/06 06:50,0.191
05/02/06 06:55,0.203
05/02/06 07:00,0.215
05/02/06 07:05,0.226
05/02/06 07:10,0.238
05/02/06 07:15,0.247
05/02/06 07:20,0.256
05/02/06 07:25,0.266
05/02/06 07:30,0.277
05/02/06 07:35,0.287
05/02/06 07:40,0.298
05/02/06 07:45,0.308
05/02/06 07:50,0.318
05/02/06 07:55,0.329
05/02/06 08:00,0.340
05/02/06 08:05,0.351
05/02/06 08:10,0.362
05/02/06 08:15,0.374
05/02/06 08:20,0.383
05/02/06 08:25,0.393
05/02/06 08:30,0.406
05/02/06 08:35,0.417
05/02/06 08:40,0.428
05/02/06 08:45,0.439
05/02/06 08:50,0.450
05/02/06 08:55,0.461
05/02/06 09:00,0.483
05/02/06 09:05,0.500
05/02/06 09:10,0.511
05/02/06 09:15,0.516
05/02/06 09:20,0.521
05/02/06 09:25,0.522
05/02/06 09:30,0.523
05/02/06 09:35,0.520
05/02/06 09:40,0.519
05/02/06 09:45,0.521
05/02/06 09:50,0.522
05/02/06 09:55,0.518
05/02/06 10:00,0.528
05/02/06 10:05,0.542
05/02/06 10:10,0.559
05/02/06 10:15,0.577
05/02/06 10:20,0.589
05/02/06 10:25,0.595
05/02/06 10:30,0.598
05/02/06 10:35,0.605
05/02/06 10:40,0.608
05/02/06 10:45,0.611
05/02/06 10:50,0.611
05/02/06 10:55,0.608
05/02/06 11:00,0.585
05/02/06 11:05,0.540
05/02/06 11:10,0.481
05/02/06 11:15,0.436
05/02/06 11:20,0.411
05/02/06 11:25,0.398
05/02/06 11:30,0.394
05/02/06 11:35,0.422
05/02/06 11:40,0.465
05/02/06 11:45,0.485
05/02/06 11:50,0.474
05/02/06 11:55,0.475
05/02/06 12:00,0.485
05/02/06 12:05,0.462
05/02/06 12:10,0.454
05/02/06 12:15,0.390
05/02/06 12:20,0.424
05/02/06 12:25,0.403
05/02/06 12:30,0.334
05/02/06 12:35,0.288
05/02/06 12:40,0.307
05/02/06 12:45,0.327
05/02/06 12:50,0.350
05/02/06 12:55,0.369
05/02/06 13:00,0.350
05/02/06 13:05,0.332
05/02/06 13:10,0.318
05/02/06 13:15,0.306
05/02/06 13:20,0.294
05/02/06 13:25,0.300
05/02/06 13:30,0.299
05/02/06 13:35,0.296
05/02/06 13:40,0.290
05/02/06 13:45,0.278
05/02/06 13:50,0.274
05/02/06 13:55,0.281
05/02/06 14:00,0.285
05/02/06 14:05,0.288
05/02/06 14:10,0.296
05/02/06 14:15,0.307
05/02/06 14:20,0.322
05/02/06 14:25,0.330
05/02/06 14:30,0.339
05/02/06 14:35,0.345
05/02/06 14:40,0.346
05/02/06 14:45,0.351
05/02/06 14:50,0.352
05/02/06 14:55,0.352
05/02/06 15:00,0.357
05/02/06 15:05,0.365
05/02/06 15:10,0.367
05/02/06 15:15,0.360
05/02/06 15:20,0.356
05/02/06 15:25,0.352
05/02/06 15:30,0.349
05/02/06 15:35,0.345
05/02/06 15:40,0.340
05/02/06 15:45,0.332
05/02/06 15:50,0.325
05/02/06 15:55,0.314
05/02/06 16:00,0.299
05/02/06 16:05,0.286
05/02/06 16:10,0.273
05/02/06 16:15,0.258
05/02/06 16:20,0.240
05/02/06 16:25,0.223
05/02/06 16:30,0.208
05/02/06 16:35,0.194
05/02/06 16:40,0.180
05/02/06 16:45,0.165
05/02/06 16:50,0.152
05/02/06 16:55,0.140
05/02/06 17:00,0.123
05/02/06 17:05,0.110
05/02/06 17:10,0.098
05/02/06 17:15,0.088
05/02/06 17:20,0.080
05/02/06 17:25,0.061
05/02/06 17:30,0.041
05/02/06 17:35,0.027
05/02/06 17:40,0.017
05/02/06 17:45,0.011
05/02/06 17:50,0.006
05/02/06 17:55,0.004
05/02/06 18:00,0.002
05/02/06 18:05,0.001
05/02/06 18:10,0.001
05/02/06 18:15,0.000
05/02/06 18:20,0.000
05/02/06 18:25,0.000
05/02/06 18:30,0.000
05/02/06 18:35,0.000
05/02/06 18:40,0.000
05/02/06 18:45,0.000
05/02/06 18:50,0.000
05/02/06 18:55,0.000
05/02/06 19:00,0.000
05/02/06 19:05,0.000
05/02/06 19:10,0.000
05/02/06 19:15,0.000
05/02/06 19:20,0.000
05/02/06 19:25,0.000
05/02/06 19:30,0.000
05/02/06 19:35,0.000
05/02/06 19:40,0.000
05/02/06 19:45,0.000
05/02/06 19:50,0.000
05/02/06 19:55,0.000
05/02/06 20:00,0.000
05/02/06 20:05,0.000
05/02/06 20:10,0.000
05/02/06 20:15,0.000
05/02/06 20:20,0.000
05/02/06 20:25,0.000
05/02/06 20:30,0.000
05/02/06 20:35,0.000
05/02/06 20:40,0.000
05/02/06 20:45,0.000
05/02/06 20:50,0.000
05/02/06 20:55,0.000
05/02/06 21:00,0.000
05/02/06 21:05,0.000
05/02/06 21:10,0.000
05/02/06 21:15,0.000
05/02/06 21:20,0.000
05/02/06 21:25,0.000
05/02/06 21:30,0.000
05/02/06 21:35,0.000
05/02/06 21:40,0.000
05/02/06 21:45,0.000
05/02/06 21:50,0.000
05/02/06 21:55,0.000
05/02/06 22:00,0.000
05/02/06 22:05,0.000
05/02/06 22:10,0.000
05/02/06 22:15,0.000
05/02/06 22:20,0.000
05/02/06 22:25,0.000
05/02/06 22:30,0.000
05/02/06 22:35,0.000
05/02/06 22:40,0.000
05/02/06 22:45,0.000
05/02/06 22:50,0.000
05/02/06 22:55,0.000
05/02/06 23:00,0.000
05/02/06 23:05,0.000
05/02/06 23:10,0.000
05/02/06 23:15,0.000
05/02/06 23:20,0.000
05/02/06 23:25,0.000
05/02/06 23:30,0.000
05/02/06 23:35,0.000
05/02/06 23:40,0.000
05/02/06 23:45,0.000
05/02/06 23:50,0.000
05/02/06 23:55,0.000
05/03/06 00:00,0.000
05/03/06 00:05,0.000
05/03/06 00:10,0.000
05/03/06 00:15,0.000
05/03/06 00:20,0.000
05/03/06 00:25,0.000
05/03/06 00:30,0.000
05/03/06 00:35,0.000
05/03/06 00:40,0.000
05/03/06 00:45,0.000
05/03/06 00:50,0.000
05/03/06 00:55,0.000
05/03/06 01:00,0.000
05/03/06 01:05,0.000
05/03/06 01:10,0.000
05/03/06 01:15,0.000
05/03/06 01:20,0.000
05/03/06 01:25,0.000
05/03/06 01:30,0.000
05/03/06 01:35,0.000
05/03/06 01:40,0.000
05/03/06 01:45,0.000
05/03/06 01:50,0.000
05/03/06 01:55,0.000
05/03/06 02:00,0.000
05/03/06 02:05,0.000
05/03/06 02:10,0.000
05/03/06 02:15,0.000
05/03/06 02:20,0.000
05/03/06 02:25,0.000
05/03/06 02:30,0.000
05/03/06 02:35,0.000
05/03/06 02:40,0.000
05/03/06 02:45,0.000
05/03/06 02:50,0.000
05/03/06 02:55,0.000
05/03/06 03:00,0.000
05/03/06 03:05,0.000
05/03/06 03:10,0.000
05/03/06 03:15,0.000
05/03/06 03:20,0.000
05/03/06 03:25,0.000
05/03/06 03:30,0.000
05/03/06 03:35,0.000
05/03/06 03:40,0.000
05/03/06 03:45,0.000
05/03/06 03:50,0.000
05/03/06 03:55,0.000
05/03/06 04:00,0.000
05/03/06 04:05,0.000
05/03/06 04:10,0.000
05/03/06 04:15,0.000
05/03/06 04:20,0.000
05/03/06 04:25,0.000
05/03/06 04:30,0.000
05/03/06 04:35,0.000
05/03/06 04:40,0.000
05/03/06 04:45,0.000
05/03/06 04:50,0.000
05/03/06 04:55,0.000
05/03/06 05:00,0.000
05/03/06 05:05,0.000
05/03/06 05:10,0.000
05/03/06 05:15,0.000
05/03/06 05:20,0.001
05/03/06 05:25,0.002
05/03/06 05:30,0.004
05/03/06 05:35,0.007
05/03/06 05:40,0.014
05/03/06 05:45,0.026
05/03/06 05:50,0.046
05/03/06 05:55,0.075
05/03/06 06:00,0.088
05/03/06 06:05,0.098
05/03/06 06:10,0.110
05/03/06 06:15,0.123
05/03/06 06:20,0.136
05/03/06 06:25,0.150
05/03/06 06:30,0.164
05/03/06 06:35,0.179
05/03/06 06:40,0.194
05/03/06 06:45,0.210
05/03/06 06:50,0.226
05/03/06 06:55,0.241
05/03/06 07:00,0.256
05/03/06 07:05,0.270
05/03/06 07:10,0.284
05/03/06 07:15,0.298
05/03/06 07:20,0.311
05/03/06 07:25,0.324
05/03/06 07:30,0.336
05/03/06 07:35,0.348
05/03/06 07:40,0.360
05/03/06 07:45,0.371
05/03/06 07:50,0.382
05/03/06 07:55,0.393
05/03/06 08:00,0.403
05/03/06 08:05,0.415
05/03/06 08:10,0.428
05/03/06 08:15,0.443
05/03/06 08:20,0.452
05/03/06 08:25,0.459
05/03/06 08:30,0.468
05/03/06 08:35,0.477
05/03/06 08:40,0.484
05/03/06 08:45,0.490
05/03/06 08:50,0.495
05/03/06 08:55,0.500
05/03/06 09:00,0.507
05/03/06 09:05,0.515
05/03/06 09:10,0.522
05/03/06 09:15,0.528
05/03/06 09:20,0.533
05/03/06 09:25,0.540
05/03/06 09:30,0.546
05/03/06 09:35,0.553
05/03/06 09:40,0.562
05/03/06 09:45,0.569
05/03/06 09:50,0.575
05/03/06 09:55,0.579
05/03/06 10:00,0.582
05/03/06 10:05,0.581
05/03/06 10:10,0.584
05/03/06 10:15,0.589
05/03/06 10:20,0.596
05/03/06 10:25,0.602
05/03/06 10:30,0.610
05/03/06 10:35,0.616
05/03/06 10:40,0.621
05/03/06 10:45,0.628
05/03/06 10:50,0.631
05/03/06 10:55,0.632
05/03/06 11:00,0.624
05/03/06 11:05,0.628
05/03/06 11:10,0.631
05/03/06 11:15,0.637
05/03/06 11:20,0.641
05/03/06 11:25,0.645
05/03/06 11:30,0.646
05/03/06 11:35,0.643
05/03/06 11:40,0.637
05/03/06 11:45,0.633
05/03/06 11:50,0.632
05/03/06 11:55,0.633
05/03/06 12:00,0.628
05/03/06 12:05,0.629
05/03/06 12:10,0.612
05/03/06 12:15,0.596
05/03/06 12:20,0.604
05/03/06 12:25,0.566
05/03/06 12:30,0.538
05/03/06 12:35,0.556
05/03/06 12:40,0.564
05/03/06 12:45,0.571
05/03/06 12:50,0.577
05/03/06 12:55,0.580
05/03/06 13:00,0.566
05/03/06 13:05,0.550
05/03/06 13:10,0.550
05/03/06 13:15,0.552
05/03/06 13:20,0.553
05/03/06 13:25,0.555
05/03/06 13:30,0.559
05/03/06 13:35,0.553
05/03/06 13:40,0.547
05/03/06 13:45,0.537
05/03/06 13:50,0.536
05/03/06 13:55,0.530
05/03/06 14:00,0.529
05/03/06 14:05,0.526
05/03/06 14:10,0.523
05/03/06 14:15,0.519
05/03/06 14:20,0.515
05/03/06 14:25,0.512
05/03/06 14:30,0.505
05/03/06 14:35,0.495
05/03/06 14:40,0.484
05/03/06 14:45,0.473
05/03/06 14:50,0.461
05/03/06 14:55,0.449
05/03/06 15:00,0.454
05/03/06 15:05,0.461
05/03/06 15:10,0.463
05/03/06 15:15,0.459
05/03/06 15:20,0.454
05/03/06 15:25,0.444
05/03/06 15:30,0.430
05/03/06 15:35,0.412
05/03/06 15:40,0.393
05/03/06 15:45,0.376
05/03/06 15:50,0.358
05/03/06 15:55,0.342
05/03/06 16:00,0.325
05/03/06 16:05,0.308
05/03/06 16:10,0.293
05/03/06 16:15,0.275
05/03/06 16:20,0.257
05/03/06 16:25,0.237
05/03/06 16:30,0.218
05/03/06 16:35,0.197
05/03/06 16:40,0.173
05/03/06 16:45,0.153
05/03/06 16:50,0.139
05/03/06 16:55,0.125
05/03/06 17:00,0.122
05/03/06 17:05,0.117
05/03/06 17:10,0.109
05/03/06 17:15,0.100
05/03/06 17:20,0.090
05/03/06 17:25,0.080
05/03/06 17:30,0.059
05/03/06 17:35,0.035
05/03/06 17:40,0.020
05/03/06 17:45,0.012
05/03/06 17:50,0.006
05/03/06 17:55,0.004
05/03/06 18:00,0.002
05/03/06 18:05,0.001
05/03/06 18:10,0.000
05/03/06 18:15,0.000
05/03/06 18:20,0.000
05/03/06 18:25,0.000
05/03/06 18:30,0.000
05/03/06 18:35,0.000
05/03/06 18:40,0.000
05/03/06 18:45,0.000
05/03/06 18:50,0.000
05/03/06 18:55,0.000
05/03/06 19:00,0.000
05/03/06 19:05,0.000
05/03/06 19:10,0.000
05/03/06 19:15,0.000
05/03/06 19:20,0.000
05/03/06 19:25,0.000
05/03/06 19:30,0.000
05/03/06 19:35,0.000
05/03/06 19:40,0.000
05/03/06 19:45,0.000
05/03/06 19:50,0.000
05/03/06 19:55,0.000
05/03/06 20:00,0.000
05/03/06 20:05,0.000
05/03/06 20:10,0.000
05/03/06 20:15,0.000
05/03/06 20:20,0.000
05/03/06 20:25,0.000
05/03/06 20:30,0.000
05/03/06 20:35,0.000
05/03/06 20:40,0.000
05/03/06 20:45,0.000
05/03/06 20:50,0.000
05/03/06 20:55,0.000
05/03/06 21:00,0.000
05/03/06 21:05,0.000
05/03/06 21:10,0.000
05/03/06 21:15,0.000
05/03/06 21:20,0.000
05/03/06 21:25,0.000
05/03/06 21:30,0.000
05/03/06 21:35,0.000
05/03/06 21:40,0.000
05/03/06 21:45,0.000
05/03/06 21:50,0.000
05/03/06 21:55,0.000
05/03/06 22:00,0.000
05/03/06 22:05,0.000
05/03/06 22:10,0.000
05/03/06 22:15,0.000
05/03/06 22:20,0.000
05/03/06 22:25,0.000
05/03/06 22:30,0.000
05/03/06 22:35,0.000
05/03/06 22:40,0.000
05/03/06 22:45,0.000
05/03/06 22:50,0.000
05/03/06 22:55,0.000
05/03/06 23:00,0.000
05/03/06 23:05,0.000
05/03/06 23:10,0.000
05/03/06 23:15,0.000
05/03/06 23:20,0.000
05/03/06 23:25,0.000
05/03/06 23:30,0.000
05/03/06 23:35,0.000
05/03/06 23:40,0.000
05/03/06 23:45,0.000
05/03/06 23:50,0.000
05/03/06 23:55,0.000
05/04/06 00:00,0.000
05/04/06 00:05,0.000
05/04/06 00:10,0.000
05/04/06 00:15,0.000
05/04/06 00:20,0.000
05/04/06 00:25,0.000
05/04/06 00:30,0.000
05/04/06 00:35,0.000
05/04/06 00:40,0.000
05/04/06 00:45,0.000
05/04/06 00:50,0.000
05/04/06 00:55,0.000
05/04/06 01:00,0.000
05/04/06 01:05,0.000
05/04/06 01:10,0.000
05/04/06 01:15,0.000
05/04/06 01:20,0.000
05/04/06 01:25,0.000
05/04/06 01:30,0.000
05/04/06 01:35,0.000
05/04/06 01:40,0.000
05/04/06 01:45,0.000
05/04/06 01:50,0.000
05/04/06 01:55,0.000
05/04/06 02:00,0.000
05/04/06 02:05,0.000
05/04/06 02:10,0.000
05/04/06 02:15,0.000
05/04/06 02:20,0.000
05/04/06 02:25,0.000
05/04/06 02:30,0.000
05/04/06 02:35,0.000
05/04/06 02:40,0.000
05/04/06 02:45,0.000
05/04/06 02:50,0.000
05/04/06 02:55,0.000
05/04/06 03:00,0.000
05/04/06 03:05,0.000
05/04/06 03:10,0.000
05/04/06 03:15,0.000
05/04/06 03:20,0.000
05/04/06 03:25,0.000
05/04/06 03:30,0.000
05/04/06 03:35,0.000
05/04/06 03:40,0.000
05/04/06 03:45,0.000
05/04/06 03:50,0.000
05/04/06 03:55,0.000
05/04/06 04:00,0.000
05/04/06 04:05,0.000
05/04/06 04:10,0.000
05/04/06 04:15,0.000
05/04/06 04:20,0.000
05/04/06 04:25,0.000
05/04/06 04:30,0.000
05/04/06 04:35,0.000
05/04/06 04:40,0.000
05/04/06 04:45,0.000
05/04/06 04:50,0.000
05/04/06 04:55,0.000
05/04/06 05:00,0.000
05/04/06 05:05,0.000
05/04/06 05:10,0.000
05/04/06 05:15,0.001
05/04/06 05:20,0.001
05/04/06 05:25,0.002
05/04/06 05:30,0.004
05/04/06 05:35,0.008
05/04/06 05:40,0.016
05/04/06 05:45,0.029
05/04/06 05:50,0.051
05/04/06 05:55,0.079
05/04/06 06:00,0.090
05/04/06 06:05,0.101
05/04/06 06:10,0.112
05/04/06 06:15,0.124
05/04/06 06:20,0.136
05/04/06 06:25,0.149
05/04/06 06:30,0.162
05/04/06 06:35,0.175
05/04/06 06:40,0.189
05/04/06 06:45,0.202
05/04/06 06:50,0.217
05/04/06 06:55,0.231
05/04/06 07:00,0.245
05/04/06 07:05,0.259
05/04/06 07:10,0.274
05/04/06 07:15,0.287
05/04/06 07:20,0.300
05/04/06 07:25,0.312
05/04/06 07:30,0.324
05/04/06 07:35,0.335
05/04/06 07:40,0.347
05/04/06 07:45,0.360
05/04/06 07:50,0.373
05/04/06 07:55,0.386
05/04/06 08:00,0.400
05/04/06 08:05,0.412
05/04/06 08:10,0.422
05/04/06 08:15,0.435
05/04/06 08:20,0.445
05/04/06 08:25,0.455
05/04/06 08:30,0.464
05/04/06 08:35,0.474
05/04/06 08:40,0.486
05/04/06 08:45,0.496
05/04/06 08:50,0.505
05/04/06 08:55,0.511
05/04/06 09:00,0.519
05/04/06 09:05,0.526
05/04/06 09:10,0.534
05/04/06 09:15,0.542
05/04/06 09:20,0.551
05/04/06 09:25,0.559
05/04/06 09:30,0.566
05/04/06 09:35,0.573
05/04/06 09:40,0.579
05/04/06 09:45,0.584
05/04/06 09:50,0.588
05/04/06 09:55,0.592
05/04/06 10:00,0.596
05/04/06 10:05,0.599
05/04/06 10:10,0.602
05/04/06 10:15,0.605
05/04/06 10:20,0.608
05/04/06 10:25,0.611
05/04/06 10:30,0.615
05/04/06 10:35,0.619
05/04/06 10:40,0.621
05/04/06 10:45,0.623
05/04/06 10:50,0.624
05/04/06 10:55,0.626
05/04/06 11:00,0.627
05/04/06 11:05,0.627
05/04/06 11:10,0.628
05/04/06 11:15,0.628
05/04/06 11:20,0.627
05/04/06 11:25,0.626
05/04/06 11:30,0.626
05/04/06 11:35,0.627
05/04/06 11:40,0.627
05/04/06 11:45,0.624
05/04/06 11:50,0.620
05/04/06 11:55,0.614
05/04/06 12:00,0.607
05/04/06 12:05,0.602
05/04/06 12:10,0.598
05/04/06 12:15,0.594
05/04/06 12:20,0.592
05/04/06 12:25,0.590
05/04/06 12:30,0.588
05/04/06 12:35,0.585
05/04/06 12:40,0.583
05/04/06 12:45,0.582
05/04/06 12:50,0.583
05/04/06 12:55,0.584
05/04/06 13:00,0.582
05/04/06 13:05,0.580
05/04/06 13:10,0.577
05/04/06 13:15,0.574
05/04/06 13:20,0.572
05/04/06 13:25,0.572
05/04/06 13:30,0.572
05/04/06 13:35,0.572
05/04/06 13:40,0.571
05/04/06 13:45,0.567
05/04/06 13:50,0.561
05/04/06 13:55,0.554
05/04/06 14:00,0.548
05/04/06 14:05,0.545
05/04/06 14:10,0.541
05/04/06 14:15,0.536
05/04/06 14:20,0.528
05/04/06 14:25,0.520
05/04/06 14:30,0.512
05/04/06 14:35,0.504
05/04/06 14:40,0.495
05/04/06 14:45,0.486
05/04/06 14:50,0.476
05/04/06 14:55,0.467
05/04/06 15:00,0.459
05/04/06 15:05,0.450
05/04/06 15:10,0.441
05/04/06 15:15,0.429
05/04/06 15:20,0.418
05/04/06 15:25,0.406
05/04/06 15:30,0.392
05/04/06 15:35,0.378
05/04/06 15:40,0.367
05/04/06 15:45,0.355
05/04/06 15:50,0.342
05/04/06 15:55,0.329
05/04/06 16:00,0.315
05/04/06 16:05,0.302
05/04/06 16:10,0.288
05/04/06 16:15,0.274
05/04/06 16:20,0.260
05/04/06 16:25,0.246
05/04/06 16:30,0.232
05/04/06 16:35,0.218
05/04/06 16:40,0.205
05/04/06 16:45,0.191
05/04/06 16:50,0.177
05/04/06 16:55,0.163
05/04/06 17:00,0.149
05/04/06 17:05,0.135
05/04/06 17:10,0.122
05/04/06 17:15,0.110
05/04/06 17:20,0.097
05/04/06 17:25,0.084
05/04/06 17:30,0.069
05/04/06 17:35,0.040
05/04/06 17:40,0.023
05/04/06 17:45,0.013
05/04/06 17:50,0.007
05/04/06 17:55,0.004
05/04/06 18:00,0.002
05/04/06 18:05,0.001
05/04/06 18:10,0.000
05/04/06 18:15,0.000
05/04/06 18:20,0.000
05/04/06 18:25,0.000
05/04/06 18:30,0.000
05/04/06 18:35,0.000
05/04/06 18:40,0.000
05/04/06 18:45,0.000
05/04/06 18:50,0.000
05/04/06 18:55,0.000
05/04/06 19:00,0.000
05/04/06 19:05,0.000
05/04/06 19:10,0.000
05/04/06 19:15,0.000
05/04/06 19:20,0.000
05/04/06 19:25,0.000
05/04/06 19:30,0.000
05/04/06 19:35,0.000
05/04/06 19:40,0.000
05/04/06 19:45,0.000
05/04/06 19:50,0.000
05/04/06 19:55,0.000
05/04/06 20:00,0.000
05/04/06 20:05,0.000
05/04/06 20:10,0.000
05/04/06 20:15,0.000
05/04/06 20:20,0.000
05/04/06 20:25,0.000
05/04/06 20:30,0.000
05/04/06 20:35,0.000
05/04/06 20:40,0.000
05/04/06 20:45,0.000
05/04/06 20:50,0.000
05/04/06 20:55,0.000
05/04/06 21:00,0.000
05/04/06 21:05,0.000
05/04/06 21:10,0.000
05/04/06 21:15,0.000
05/04/06 21:20,0.000
05/04/06 21:25,0.000
05/04/06 21:30,0.000
05/04/06 21:35,0.000
05/04/06 21:40,0.000
05/04/06 21:45,0.000
05/04/06 21:50,0.000
05/04/06 21:55,0.000
05/04/06 22:00,0.000
05/04/06 22:05,0.000
05/04/06 22:10,0.000
05/04/06 22:15,0.000
05/04/06 22:20,0.000
05/04/06 22:25,0.000
05/04/06 22:30,0.000
05/04/06 22:35,0.000
05/04/06 22:40,0.000
05/04/06 22:45,0.000
05/04/06 22:50,0.000
05/04/06 22:55,0.000
05/04/06 23:00,0.000
05/04/06 23:05,0.000
05/04/06 23:10,0.000
05/04/06 23:15,0.000
05/04/06 23:20,0.000
05/04/06 23:25,0.000
05/04/06 23:30,0.000
05/04/06 23:35,0.000
05/04/06 23:40,0.000
05/04/06 23:45,0.000
05/04/06 23:50,0.000
05/04/06 23:55,0.000
05/05/06 00:00,0.000
05/05/06 00:05,0.000
05/05/06 00:10,0.000
05/05/06 00:15,0.000
05/05/06 00:20,0.000
05/05/06 00:25,0.000
05/05/06 00:30,0.000
05/05/06 00:35,0.000
05/05/06 00:40,0.000
05/05/06 00:45,0.000
05/05/06 00:50,0.000
05/05/06 00:55,0.000
05/05/06 01:00,0.000
05/05/06 01:05,0.000
05/05/06 01:10,0.000
05/05/06 01:15,0.000
05/05/06 01:20,0.000
05/05/06 01:25,0.000
05/05/06 01:30,0.000
05/05/06 01:35,0.000
05/05/06 01:40,0.000
05/05/06 01:45,0.000
05/05/06 01:50,0.000
05/05/06 01:55,0.000
05/05/06 02:00,0.000
05/05/06 02:05,0.000
05/05/06 02:10,0.000
05/05/06 02:15,0.000
05/05/06 02:20,0.000
05/05/06 02:25,0.000
05/05/06 02:30,0.000
05/05/06 02:35,0.000
05/05/06 02:40,0.000
05/05/06 02:45,0.000
05/05/06 02:50,0.000
05/05/06 02:55,0.000
05/05/06 03:00,0.000
05/05/06 03:05,0.000
05/05/06 03:10,0.000
05/05/06 03:15,0.000
05/05/06 03:20,0.000
05/05/06 03:25,0.000
05/05/06 03:30,0.000
05/05/06 03:35,0.000
05/05/06 03:40,0.000
05/05/06 03:45,0.000
05/05/06 03:50,0.000
05/05/06 03:55,0.000
05/05/06 04:00,0.000
05/05/06 04:05,0.000
05/05/06 04:10,0.000
05/05/06 04:15,0.000
05/05/06 04:20,0.000
05/05/06 04:25,0.000
05/05/06 04:30,0.000
05/05/06 04:35,0.000
05/05/06 04:40,0.000
05/05/06 04:45,0.000
05/05/06 04:50,0.000
05/05/06 04:55,0.000
05/05/06 05:00,0.000
05/05/06 05:05,0.000
05/05/06 05:10,0.000
05/05/06 05:15,0.001
05/05/06 05:20,0.001
05/05/06 05:25,0.002
05/05/06 05:30,0.005
05/05/06 05:35,0.010
05/05/06 05:40,0.019
05/05/06 05:45,0.033
05/05/06 05:50,0.054
05/05/06 05:55,0.078
05/05/06 06:00,0.088
05/05/06 06:05,0.098
05/05/06 06:10,0.109
05/05/06 06:15,0.121
05/05/06 06:20,0.133
05/05/06 06:25,0.145
05/05/06 06:30,0.157
05/05/06 06:35,0.169
05/05/06 06:40,0.182
05/05/06 06:45,0.194
05/05/06 06:50,0.207
05/05/06 06:55,0.220
05/05/06 07:00,0.233
05/05/06 07:05,0.245
05/05/06 07:10,0.258
05/05/06 07:15,0.270
05/05/06 07:20,0.281
05/05/06 07:25,0.293
05/05/06 07:30,0.304
05/05/06 07:35,0.313
05/05/06 07:40,0.322
05/05/06 07:45,0.331
05/05/06 07:50,0.340
05/05/06 07:55,0.349
05/05/06 08:00,0.359
05/05/06 08:05,0.369
05/05/06 08:10,0.379
05/05/06 08:15,0.389
05/05/06 08:20,0.397
05/05/06 08:25,0.403
05/05/06 08:30,0.410
05/05/06 08:35,0.416
05/05/06 08:40,0.421
05/05/06 08:45,0.426
05/05/06 08:50,0.431
05/05/06 08:55,0.437
05/05/06 09:00,0.444
05/05/06 09:05,0.451
05/05/06 09:10,0.460
05/05/06 09:15,0.468
05/05/06 09:20,0.476
05/05/06 09:25,0.484
05/05/06 09:30,0.492
05/05/06 09:35,0.499
05/05/06 09:40,0.505
05/05/06 09:45,0.510
05/05/06 09:50,0.518
05/05/06 09:55,0.525
05/05/06 10:00,0.530
05/05/06 10:05,0.535
05/05/06 10:10,0.538
05/05/06 10:15,0.540
05/05/06 10:20,0.542
05/05/06 10:25,0.544
05/05/06 10:30,0.549
05/05/06 10:35,0.553
05/05/06 10:40,0.554
05/05/06 10:45,0.552
05/05/06 10:50,0.552
05/05/06 10:55,0.552
05/05/06 11:00,0.551
05/05/06 11:05,0.547
05/05/06 11:10,0.543
05/05/06 11:15,0.541
05/05/06 11:20,0.541
05/05/06 11:25,0.542
05/05/06 11:30,0.545
05/05/06 11:35,0.549
05/05/06 11:40,0.551
05/05/06 11:45,0.550
05/05/06 11:50,0.546
05/05/06 11:55,0.544
05/05/06 12:00,0.545
05/05/06 12:05,0.548
05/05/06 12:10,0.549
05/05/06 12:15,0.549
05/05/06 12:20,0.549
05/05/06 12:25,0.548
05/05/06 12:30,0.543
05/05/06 12:35,0.538
05/05/06 12:40,0.534
05/05/06 12:45,0.532
05/05/06 12:50,0.530
05/05/06 12:55,0.525
05/05/06 13:00,0.519
05/05/06 13:05,0.516
05/05/06 13:10,0.515
05/05/06 13:15,0.512
05/05/06 13:20,0.510
05/05/06 13:25,0.512
05/05/06 13:30,0.512
05/05/06 13:35,0.507
05/05/06 13:40,0.506
05/05/06 13:45,0.507
05/05/06 13:50,0.509
05/05/06 13:55,0.512
05/05/06 14:00,0.510
05/05/06 14:05,0.505
05/05/06 14:10,0.500
05/05/06 14:15,0.495
05/05/06 14:20,0.491
05/05/06 14:25,0.487
05/05/06 14:30,0.481
05/05/06 14:35,0.474
05/05/06 14:40,0.465
05/05/06 14:45,0.455
05/05/06 14:50,0.442
05/05/06 14:55,0.427
05/05/06 15:00,0.416
05/05/06 15:05,0.405
05/05/06 15:10,0.396
05/05/06 15:15,0.384
05/05/06 15:20,0.373
05/05/06 15:25,0.361
05/05/06 15:30,0.350
05/05/06 15:35,0.340
05/05/06 15:40,0.331
05/05/06 15:45,0.323
05/05/06 15:50,0.313
05/05/06 15:55,0.301
05/05/06 16:00,0.289
05/05/06 16:05,0.277
05/05/06 16:10,0.264
05/05/06 16:15,0.251
05/05/06 16:20,0.238
05/05/06 16:25,0.225
05/05/06 16:30,0.212
05/05/06 16:35,0.201
05/05/06 16:40,0.191
05/05/06 16:45,0.180
05/05/06 16:50,0.168
05/05/06 16:55,0.157
05/05/06 17:00,0.141
05/05/06 17:05,0.127
05/05/06 17:10,0.117
05/05/06 17:15,0.108
05/05/06 17:20,0.097
05/05/06 17:25,0.087
05/05/06 17:30,0.076
05/05/06 17:35,0.048
05/05/06 17:40,0.028
05/05/06 17:45,0.015
05/05/06 17:50,0.008
05/05/06 17:55,0.005
05/05/06 18:00,0.003
05/05/06 18:05,0.002
05/05/06 18:10,0.001
05/05/06 18:15,0.001
05/05/06 18:20,0.000
05/05/06 18:25,0.000
05/05/06 18:30,0.000
05/05/06 18:35,0.000
05/05/06 18:40,0.000
05/05/06 18:45,0.000
05/05/06 18:50,0.000
05/05/06 18:55,0.000
05/05/06 19:00,0.000
05/05/06 19:05,0.000
05/05/06 19:10,0.000
05/05/06 19:15,0.000
05/05/06 19:20,0.000
05/05/06 19:25,0.000
05/05/06 19:30,0.000
05/05/06 19:35,0.000
05/05/06 19:40,0.000
05/05/06 19:45,0.000
05/05/06 19:50,0.000
05/05/06 19:55,0.000
05/05/06 20:00,0.000
05/05/06 20:05,0.000
05/05/06 20:10,0.000
05/05/06 20:15,0.000
05/05/06 20:20,0.000
05/05/06 20:25,0.000
05/05/06 20:30,0.000
05/05/06 20:35,0.000
05/05/06 20:40,0.000
05/05/06 20:45,0.000
05/05/06 20:50,0.000
05/05/06 20:55,0.000
05/05/06 21:00,0.000
05/05/06 21:05,0.000
05/05/06 21:10,0.000
05/05/06 21:15,0.000
05/05/06 21:20,0.000
05/05/06 21:25,0.000
05/05/06 21:30,0.000
05/05/06 21:35,0.000
05/05/06 21:40,0.000
05/05/06 21:45,0.000
05/05/06 21:50,0.000
05/05/06 21:55,0.000
05/05/06 22:00,0.000
05/05/06 22:05,0.000
05/05/06 22:10,0.000
05/05/06 22:15,0.000
05/05/06 22:20,0.000
05/05/06 22:25,0.000
05/05/06 22:30,0.000
05/05/06 22:35,0.000
05/05/06 22:40,0.000
05/05/06 22:45,0.000
05/05/06 22:50,0.000
05/05/06 22:55,0.000
05/05/06 23:00,0.000
05/05/06 23:05,0.000
05/05/06 23:10,0.000
05/05/06 23:15,0.000
05/05/06 23:20,0.000
05/05/06 23:25,0.000
05/05/06 23:30,0.000
05/05/06 23:35,0.000
05/05/06 23:40,0.000
05/05/06 23:45,0.000
05/05/06 23:50,0.000
05/05/06 23:55,0.000
05/06/06 00:00,0.000
05/06/06 00:05,0.000
05/06/06 00:10,0.000
05/06/06 00:15,0.000
05/06/06 00:20,0.000
05/06/06 00:25,0.000
05/06/06 00:30,0.000
05/06/06 00:35,0.000
05/06/06 00:40,0.000
05/06/06 00:45,0.000
05/06/06 00:50,0.000
05/06/06 00:55,0.000
05/06/06 01:00,0.000
05/06/06 01:05,0.000
05/06/06 01:10,0.000
05/06/06 01:15,0.000
05/06/06 01:20,0.000
05/06/06 01:25,0.000
05/06/06 01:30,0.000
05/06/06 01:35,0.000
05/06/06 01:40,0.000
05/06/06 01:45,0.000
05/06/06 01:50,0.000
05/06/06 01:55,0.000
05/06/06 02:00,0.000
05/06/06 02:05,0.000
05/06/06 02:10,0.000
05/06/06 02:15,0.000
05/06/06 02:20,0.000
05/06/06 02:25,0.000
05/06/06 02:30,0.000
05/06/06 02:35,0.000
05/06/06 02:40,0.000
05/06/06 02:45,0.000
05/06/06 02:50,0.000
05/06/06 02:55,0.000
05/06/06 03:00,0.000
05/06/06 03:05,0.000
05/06/06 03:10,0.000
05/06/06 03:15,0.000
05/06/06 03:20,0.000
05/06/06 03:25,0.000
05/06/06 03:30,0.000
05/06/06 03:35,0.000
05/06/06 03:40,0.000
05/06/06 03:45,0.000
05/06/06 03:50,0.000
05/06/06 03:55,0.000
05/06/06 04:00,0.000
05/06/06 04:05,0.000
05/06/06 04:10,0.000
05/06/06 04:15,0.000
05/06/06 04:20,0.000
05/06/06 04:25,0.000
05/06/06 04:30,0.000
05/06/06 04:35,0.000
05/06/06 04:40,0.000
05/06/06 04:45,0.000
05/06/06 04:50,0.000
05/06/06 04:55,0.000
05/06/06 05:00,0.000
05/06/06 05:05,0.000
05/06/06 05:10,0.001
05/06/06 05:15,0.001
05/06/06 05:20,0.002
05/06/06 05:25,0.003
05/06/06 05:30,0.005
05/06/06 05:35,0.009
05/06/06 05:40,0.013
05/06/06 05:45,0.027
05/06/06 05:50,0.040
05/06/06 05:55,0.062
05/06/06 06:00,0.077
05/06/06 06:05,0.083
05/06/06 06:10,0.089
05/06/06 06:15,0.096
05/06/06 06:20,0.102
05/06/06 06:25,0.108
05/06/06 06:30,0.113
05/06/06 06:35,0.118
05/06/06 06:40,0.123
05/06/06 06:45,0.126
05/06/06 06:50,0.131
05/06/06 06:55,0.137
05/06/06 07:00,0.139
05/06/06 07:05,0.143
05/06/06 07:10,0.145
05/06/06 07:15,0.148
05/06/06 07:20,0.143
05/06/06 07:25,0.139
05/06/06 07:30,0.140
05/06/06 07:35,0.145
05/06/06 07:40,0.154
05/06/06 07:45,0.158
05/06/06 07:50,0.163
05/06/06 07:55,0.196
05/06/06 08:00,0.266
05/06/06 08:05,0.317
05/06/06 08:10,0.357
05/06/06 08:15,0.390
05/06/06 08:20,0.414
05/06/06 08:25,0.436
05/06/06 08:30,0.455
05/06/06 08:35,0.471
05/06/06 08:40,0.483
05/06/06 08:45,0.494
05/06/06 08:50,0.504
05/06/06 08:55,0.518
05/06/06 09:00,0.524
05/06/06 09:05,0.530
05/06/06 09:10,0.535
05/06/06 09:15,0.540
05/06/06 09:20,0.546
05/06/06 09:25,0.551
05/06/06 09:30,0.556
05/06/06 09:35,0.562
05/06/06 09:40,0.567
05/06/06 09:45,0.572
05/06/06 09:50,0.579
05/06/06 09:55,0.586
05/06/06 10:00,0.592
05/06/06 10:05,0.599
05/06/06 10:10,0.604
05/06/06 10:15,0.610
05/06/06 10:20,0.613
05/06/06 10:25,0.620
05/06/06 10:30,0.626
05/06/06 10:35,0.632
05/06/06 10:40,0.637
05/06/06 10:45,0.640
05/06/06 10:50,0.643
05/06/06 10:55,0.644
05/06/06 11:00,0.637
05/06/06 11:05,0.628
05/06/06 11:10,0.618
05/06/06 11:15,0.597
05/06/06 11:20,0.586
05/06/06 11:25,0.589
05/06/06 11:30,0.579
05/06/06 11:35,0.584
05/06/06 11:40,0.591
05/06/06 11:45,0.575
05/06/06 11:50,0.577
05/06/06 11:55,0.581
05/06/06 12:00,0.577
05/06/06 12:05,0.571
05/06/06 12:10,0.564
05/06/06 12:15,0.566
05/06/06 12:20,0.540
05/06/06 12:25,0.519
05/06/06 12:30,0.529
05/06/06 12:35,0.526
05/06/06 12:40,0.541
05/06/06 12:45,0.546
05/06/06 12:50,0.539
05/06/06 12:55,0.523
05/06/06 13:00,0.505
05/06/06 13:05,0.493
05/06/06 13:10,0.485
05/06/06 13:15,0.483
05/06/06 13:20,0.470
05/06/06 13:25,0.453
05/06/06 13:30,0.437
05/06/06 13:35,0.417
05/06/06 13:40,0.381
05/06/06 13:45,0.332
05/06/06 13:50,0.287
05/06/06 13:55,0.246
05/06/06 14:00,0.291
05/06/06 14:05,0.321
05/06/06 14:10,0.327
05/06/06 14:15,0.328
05/06/06 14:20,0.325
05/06/06 14:25,0.333
05/06/06 14:30,0.332
05/06/06 14:35,0.323
05/06/06 14:40,0.348
05/06/06 14:45,0.370
05/06/06 14:50,0.376
05/06/06 14:55,0.377
05/06/06 15:00,0.383
05/06/06 15:05,0.375
05/06/06 15:10,0.353
05/06/06 15:15,0.327
05/06/06 15:20,0.297
05/06/06 15:25,0.259
05/06/06 15:30,0.226
05/06/06 15:35,0.194
05/06/06 15:40,0.167
05/06/06 15:45,0.139
05/06/06 15:50,0.114
05/06/06 15:55,0.094
05/06/06 16:00,0.085
05/06/06 16:05,0.087
05/06/06 16:10,0.093
05/06/06 16:15,0.098
05/06/06 16:20,0.100
05/06/06 16:25,0.098
05/06/06 16:30,0.091
05/06/06 16:35,0.084
05/06/06 16:40,0.078
05/06/06 16:45,0.066
05/06/06 16:50,0.061
05/06/06 16:55,0.070
05/06/06 17:00,0.081
05/06/06 17:05,0.083
05/06/06 17:10,0.083
05/06/06 17:15,0.084
05/06/06 17:20,0.083
05/06/06 17:25,0.079
05/06/06 17:30,0.071
05/06/06 17:35,0.054
05/06/06 17:40,0.039
05/06/06 17:45,0.028
05/06/06 17:50,0.020
05/06/06 17:55,0.014
05/06/06 18:00,0.008
05/06/06 18:05,0.003
05/06/06 18:10,0.001
05/06/06 18:15,0.000
05/06/06 18:20,0.000
05/06/06 18:25,0.000
05/06/06 18:30,0.000
05/06/06 18:35,0.000
05/06/06 18:40,0.000
05/06/06 18:45,0.000
05/06/06 18:50,0.000
05/06/06 18:55,0.000
05/06/06 19:00,0.000
05/06/06 19:05,0.000
05/06/06 19:10,0.000
05/06/06 19:15,0.000
05/06/06 19:20,0.000
05/06/06 19:25,0.000
05/06/06 19:30,0.000
05/06/06 19:35,0.000
05/06/06 19:40,0.000
05/06/06 19:45,0.000
05/06/06 19:50,0.000
05/06/06 19:55,0.000
05/06/06 20:00,0.000
05/06/06 20:05,0.000
05/06/06 20:10,0.000
05/06/06 20:15,0.000
05/06/06 20:20,0.000
05/06/06 20:25,0.000
05/06/06 20:30,0.000
05/06/06 20:35,0.000
05/06/06 20:40,0.000
05/06/06 20:45,0.000
05/06/06 20:50,0.000
05/06/06 20:55,0.000
05/06/06 21:00,0.000
05/06/06 21:05,0.000
05/06/06 21:10,0.000
05/06/06 21:15,0.000
05/06/06 21:20,0.000
05/06/06 21:25,0.000
05/06/06 21:30,0.000
05/06/06 21:35,0.000
05/06/06 21:40,0.000
05/06/06 21:45,0.000
05/06/06 21:50,0.000
05/06/06 21:55,0.000
05/06/06 22:00,0.000
05/06/06 22:05,0.000
05/06/06 22:10,0.000
05/06/06 22:15,0.000
05/06/06 22:20,0.000
05/06/06 22:25,0.000
05/06/06 22:30,0.000
05/06/06 22:35,0.000
05/06/06 22:40,0.000
05/06/06 22:45,0.000
05/06/06 22:50,0.000
05/06/06 22:55,0.000
05/06/06 23:00,0.000
05/06/06 23:05,0.000
05/06/06 23:10,0.000
05/06/06 23:15,0.000
05/06/06 23:20,0.000
05/06/06 23:25,0.000
05/06/06 23:30,0.000
05/06/06 23:35,0.000
05/06/06 23:40,0.000
05/06/06 23:45,0.000
05/06/06 23:50,0.000
05/06/06 23:55,0.000
05/07/06 00:00,0.000
05/07/06 00:05,0.000
05/07/06 00:10,0.000
05/07/06 00:15,0.000
05/07/06 00:20,0.000
05/07/06 00:25,0.000
05/07/06 00:30,0.000
05/07/06 00:35,0.000
05/07/06 00:40,0.000
05/07/06 00:45,0.000
05/07/06 00:50,0.000
05/07/06 00:55,0.000
05/07/06 01:00,0.000
05/07/06 01:05,0.000
05/07/06 01:10,0.000
05/07/06 01:15,0.000
05/07/06 01:20,0.000
05/07/06 01:25,0.000
05/07/06 01:30,0.000
05/07/06 01:35,0.000
05/07/06 01:40,0.000
05/07/06 01:45,0.000
05/07/06 01:50,0.000
05/07/06 01:55,0.000
05/07/06 02:00,0.000
05/07/06 02:05,0.000
05/07/06 02:10,0.000
05/07/06 02:15,0.000
05/07/06 02:20,0.000
05/07/06 02:25,0.000
05/07/06 02:30,0.000
05/07/06 02:35,0.000
05/07/06 02:40,0.000
05/07/06 02:45,0.000
05/07/06 02:50,0.000
05/07/06 02:55,0.000
05/07/06 03:00,0.000
05/07/06 03:05,0.000
05/07/06 03:10,0.000
05/07/06 03:15,0.000
05/07/06 03:20,0.000
05/07/06 03:25,0.000
05/07/06 03:30,0.000
05/07/06 03:35,0.000
05/07/06 03:40,0.000
05/07/06 03:45,0.000
05/07/06 03:50,0.000
05/07/06 03:55,0.000
05/07/06 04:00,0.000
05/07/06 04:05,0.000
05/07/06 04:10,0.000
05/07/06 04:15,0.000
05/07/06 04:20,0.000
05/07/06 04:25,0.000
05/07/06 04:30,0.000
05/07/06 04:35,0.000
05/07/06 04:40,0.000
05/07/06 04:45,0.000
05/07/06 04:50,0.000
05/07/06 04:55,0.000
05/07/06 05:00,0.000
05/07/06 05:05,0.000
05/07/06 05:10,0.000
05/07/06 05:15,0.000
05/07/06 05:20,0.000
05/07/06 05:25,0.000
05/07/06 05:30,0.000
05/07/06 05:35,0.000
05/07/06 05:40,0.000
05/07/06 05:45,0.000
05/07/06 05:50,0.001
05/07/06 05:55,0.001
05/07/06 06:00,0.001
05/07/06 06:05,0.002
05/07/06 06:10,0.002
05/07/06 06:15,0.003
05/07/06 06:20,0.003
05/07/06 06:25,0.003
05/07/06 06:30,0.003
05/07/06 06:35,0.003
05/07/06 06:40,0.003
05/07/06 06:45,0.004
05/07/06 06:50,0.004
05/07/06 06:55,0.005
05/07/06 07:00,0.006
05/07/06 07:05,0.007
05/07/06 07:10,0.009
05/07/06 07:15,0.012
05/07/06 07:20,0.013
05/07/06 07:25,0.013
05/07/06 07:30,0.012
05/07/06 07:35,0.012
05/07/06 07:40,0.012
05/07/06 07:45,0.011
05/07/06 07:50,0.010
05/07/06 07:55,0.010
05/07/06 08:00,0.011
05/07/06 08:05,0.012
05/07/06 08:10,0.017
05/07/06 08:15,0.030
05/07/06 08:20,0.063
05/07/06 08:25,0.084
05/07/06 08:30,0.091
05/07/06 08:35,0.098
05/07/06 08:40,0.102
05/07/06 08:45,0.108
05/07/06 08:50,0.116
05/07/06 08:55,0.124
05/07/06 09:00,0.113
05/07/06 09:05,0.098
05/07/06 09:10,0.089
05/07/06 09:15,0.085
05/07/06 09:20,0.083
05/07/06 09:25,0.082
05/07/06 09:30,0.084
05/07/06 09:35,0.087
05/07/06 09:40,0.094
05/07/06 09:45,0.102
05/07/06 09:50,0.110
05/07/06 09:55,0.117
05/07/06 10:00,0.111
05/07/06 10:05,0.105
05/07/06 10:10,0.102
05/07/06 10:15,0.103
05/07/06 10:20,0.106
05/07/06 10:25,0.108
05/07/06 10:30,0.107
05/07/06 10:35,0.106
05/07/06 10:40,0.109
05/07/06 10:45,0.111
05/07/06 10:50,0.112
05/07/06 10:55,0.115
05/07/06 11:00,0.115
05/07/06 11:05,0.109
05/07/06 11:10,0.102
05/07/06 11:15,0.095
05/07/06 11:20,0.096
05/07/06 11:25,0.098
05/07/06 11:30,0.099
05/07/06 11:35,0.100
05/07/06 11:40,0.105
05/07/06 11:45,0.110
05/07/06 11:50,0.105
05/07/06 11:55,0.102
05/07/06 12:00,0.111
05/07/06 12:05,0.124
05/07/06 12:10,0.128
05/07/06 12:15,0.133
05/07/06 12:20,0.143
05/07/06 12:25,0.147
05/07/06 12:30,0.150
05/07/06 12:35,0.153
05/07/06 12:40,0.158
05/07/06 12:45,0.160
05/07/06 12:50,0.163
05/07/06 12:55,0.171
05/07/06 13:00,0.151
05/07/06 13:05,0.133
05/07/06 13:10,0.122
05/07/06 13:15,0.108
05/07/06 13:20,0.098
05/07/06 13:25,0.091
05/07/06 13:30,0.085
05/07/06 13:35,0.081
05/07/06 13:40,0.077
05/07/06 13:45,0.072
05/07/06 13:50,0.064
05/07/06 13:55,0.067
05/07/06 14:00,0.079
05/07/06 14:05,0.084
05/07/06 14:10,0.088
05/07/06 14:15,0.091
05/07/06 14:20,0.093
05/07/06 14:25,0.095
05/07/06 14:30,0.097
05/07/06 14:35,0.102
05/07/06 14:40,0.107
05/07/06 14:45,0.116
05/07/06 14:50,0.122
05/07/06 14:55,0.128
05/07/06 15:00,0.123
05/07/06 15:05,0.116
05/07/06 15:10,0.107
05/07/06 15:15,0.098
05/07/06 15:20,0.092
05/07/06 15:25,0.090
05/07/06 15:30,0.083
05/07/06 15:35,0.056
05/07/06 15:40,0.032
05/07/06 15:45,0.019
05/07/06 15:50,0.012
05/07/06 15:55,0.007
05/07/06 16:00,0.006
05/07/06 16:05,0.004
05/07/06 16:10,0.003
05/07/06 16:15,0.003
05/07/06 16:20,0.003
05/07/06 16:25,0.005
05/07/06 16:30,0.007
05/07/06 16:35,0.010
05/07/06 16:40,0.013
05/07/06 16:45,0.015
05/07/06 16:50,0.015
05/07/06 16:55,0.013
05/07/06 17:00,0.006
05/07/06 17:05,0.003
05/07/06 17:10,0.002
05/07/06 17:15,0.001
05/07/06 17:20,0.001
05/07/06 17:25,0.000
05/07/06 17:30,0.000
05/07/06 17:35,0.000
05/07/06 17:40,0.000
05/07/06 17:45,0.000
05/07/06 17:50,0.000
05/07/06 17:55,0.000
05/07/06 18:00,0.000
05/07/06 18:05,0.001
05/07/06 18:10,0.000
05/07/06 18:15,0.000
05/07/06 18:20,0.000
05/07/06 18:25,0.000
05/07/06 18:30,0.000
05/07/06 18:35,0.000
05/07/06 18:40,0.000
05/07/06 18:45,0.000
05/07/06 18:50,0.000
05/07/06 18:55,0.000
05/07/06 19:00,0.000
05/07/06 19:05,0.000
05/07/06 19:10,0.000
05/07/06 19:15,0.000
05/07/06 19:20,0.000
05/07/06 19:25,0.000
05/07/06 19:30,0.000
05/07/06 19:35,0.000
05/07/06 19:40,0.000
05/07/06 19:45,0.000
05/07/06 19:50,0.000
05/07/06 19:55,0.000
05/07/06 20:00,0.000
05/07/06 20:05,0.000
05/07/06 20:10,0.000
05/07/06 20:15,0.000
05/07/06 20:20,0.000
05/07/06 20:25,0.000
05/07/06 20:30,0.000
05/07/06 20:35,0.000
05/07/06 20:40,0.000
05/07/06 20:45,0.000
05/07/06 20:50,0.000
05/07/06 20:55,0.000
05/07/06 21:00,0.000
05/07/06 21:05,0.000
05/07/06 21:10,0.000
05/07/06 21:15,0.000
05/07/06 21:20,0.000
05/07/06 21:25,0.000
05/07/06 21:30,0.000
05/07/06 21:35,0.000
05/07/06 21:40,0.000
05/07/06 21:45,0.000
05/07/06 21:50,0.000
05/07/06 21:55,0.000
05/07/06 22:00,0.000
05/07/06 22:05,0.000
05/07/06 22:10,0.000
05/07/06 22:15,0.000
05/07/06 22:20,0.000
05/07/06 22:25,0.000
05/07/06 22:30,0.000
05/07/06 22:35,0.000
05/07/06 22:40,0.000
05/07/06 22:45,0.000
05/07/06 22:50,0.000
05/07/06 22:55,0.000
05/07/06 23:00,0.000
05/07/06 23:05,0.000
05/07/06 23:10,0.000
05/07/06 23:15,0.000
05/07/06 23:20,0.000
05/07/06 23:25,0.000
05/07/06 23:30,0.000
05/07/06 23:35,0.000
05/07/06 23:40,0.000
05/07/06 23:45,0.000
05/07/06 23:50,0.000
05/07/06 23:55,0.000
05/08/06 00:00,0.000
05/08/06 00:05,0.000
05/08/06 00:10,0.000
05/08/06 00:15,0.000
05/08/06 00:20,0.000
05/08/06 00:25,0.000
05/08/06 00:30,0.000
05/08/06 00:35,0.000
05/08/06 00:40,0.000
05/08/06 00:45,0.000
05/08/06 00:50,0.000
05/08/06 00:55,0.000
05/08/06 01:00,0.000
05/08/06 01:05,0.000
05/08/06 01:10,0.000
05/08/06 01:15,0.000
05/08/06 01:20,0.000
05/08/06 01:25,0.000
05/08/06 01:30,0.000
05/08/06 01:35,0.000
05/08/06 01:40,0.000
05/08/06 01:45,0.000
05/08/06 01:50,0.000
05/08/06 01:55,0.000
05/08/06 02:00,0.000
05/08/06 02:05,0.000
05/08/06 02:10,0.000
05/08/06 02:15,0.000
05/08/06 02:20,0.000
05/08/06 02:25,0.000
05/08/06 02:30,0.000
05/08/06 02:35,0.000
05/08/06 02:40,0.000
05/08/06 02:45,0.000
05/08/06 02:50,0.000
05/08/06 02:55,0.000
05/08/06 03:00,0.000
05/08/06 03:05,0.000
05/08/06 03:10,0.000
05/08/06 03:15,0.000
05/08/06 03:20,0.000
05/08/06 03:25,0.000
05/08/06 03:30,0.000
05/08/06 03:35,0.000
05/08/06 03:40,0.000
05/08/06 03:45,0.000
05/08/06 03:50,0.000
05/08/06 03:55,0.000
05/08/06 04:00,0.000
05/08/06 04:05,0.000
05/08/06 04:10,0.000
05/08/06 04:15,0.000
05/08/06 04:20,0.000
05/08/06 04:25,0.000
05/08/06 04:30,0.000
05/08/06 04:35,0.000
05/08/06 04:40,0.000
05/08/06 04:45,0.000
05/08/06 04:50,0.000
05/08/06 04:55,0.000
05/08/06 05:00,0.000
05/08/06 05:05,0.000
05/08/06 05:10,0.000
05/08/06 05:15,0.000
05/08/06 05:20,0.000
05/08/06 05:25,0.000
05/08/06 05:30,0.000
05/08/06 05:35,0.001
05/08/06 05:40,0.001
05/08/06 05:45,0.001
05/08/06 05:50,0.002
05/08/06 05:55,0.003
05/08/06 06:00,0.005
05/08/06 06:05,0.008
05/08/06 06:10,0.011
05/08/06 06:15,0.020
05/08/06 06:20,0.051
05/08/06 06:25,0.084
05/08/06 06:30,0.094
05/08/06 06:35,0.103
05/08/06 06:40,0.113
05/08/06 06:45,0.119
05/08/06 06:50,0.127
05/08/06 06:55,0.137
05/08/06 07:00,0.150
05/08/06 07:05,0.173
05/08/06 07:10,0.188
05/08/06 07:15,0.220
05/08/06 07:20,0.244
05/08/06 07:25,0.235
05/08/06 07:30,0.262
05/08/06 07:35,0.288
05/08/06 07:40,0.297
05/08/06 07:45,0.297
05/08/06 07:50,0.316
05/08/06 07:55,0.340
05/08/06 08:00,0.337
05/08/06 08:05,0.340
05/08/06 08:10,0.349
05/08/06 08:15,0.361
05/08/06 08:20,0.374
05/08/06 08:25,0.387
05/08/06 08:30,0.400
05/08/06 08:35,0.413
05/08/06 08:40,0.426
05/08/06 08:45,0.440
05/08/06 08:50,0.455
05/08/06 08:55,0.469
05/08/06 09:00,0.444
05/08/06 09:05,0.416
05/08/06 09:10,0.424
05/08/06 09:15,0.446
05/08/06 09:20,0.462
05/08/06 09:25,0.488
05/08/06 09:30,0.509
05/08/06 09:35,0.522
05/08/06 09:40,0.530
05/08/06 09:45,0.537
05/08/06 09:50,0.547
05/08/06 09:55,0.531
05/08/06 10:00,0.489
05/08/06 10:05,0.450
05/08/06 10:10,0.415
05/08/06 10:15,0.389
05/08/06 10:20,0.362
05/08/06 10:25,0.328
05/08/06 10:30,0.301
05/08/06 10:35,0.268
05/08/06 10:40,0.235
05/08/06 10:45,0.201
05/08/06 10:50,0.177
05/08/06 10:55,0.155
05/08/06 11:00,0.141
05/08/06 11:05,0.141
05/08/06 11:10,0.152
05/08/06 11:15,0.161
05/08/06 11:20,0.170
05/08/06 11:25,0.179
05/08/06 11:30,0.189
05/08/06 11:35,0.208
05/08/06 11:40,0.223
05/08/06 11:45,0.248
05/08/06 11:50,0.266
05/08/06 11:55,0.282
05/08/06 12:00,0.295
05/08/06 12:05,0.349
05/08/06 12:10,0.459
05/08/06 12:15,0.542
05/08/06 12:20,0.556
05/08/06 12:25,0.483
05/08/06 12:30,0.407
05/08/06 12:35,0.334
05/08/06 12:40,0.241
05/08/06 12:45,0.234
05/08/06 12:50,0.304
05/08/06 12:55,0.362
05/08/06 13:00,0.447
05/08/06 13:05,0.501
05/08/06 13:10,0.537
05/08/06 13:15,0.560
05/08/06 13:20,0.577
05/08/06 13:25,0.589
05/08/06 13:30,0.596
05/08/06 13:35,0.597
05/08/06 13:40,0.595
05/08/06 13:45,0.591
05/08/06 13:50,0.583
05/08/06 13:55,0.571
05/08/06 14:00,0.544
05/08/06 14:05,0.475
05/08/06 14:10,0.417
05/08/06 14:15,0.384
05/08/06 14:20,0.367
05/08/06 14:25,0.349
05/08/06 14:30,0.340
05/08/06 14:35,0.339
05/08/06 14:40,0.335
05/08/06 14:45,0.344
05/08/06 14:50,0.314
05/08/06 14:55,0.321
05/08/06 15:00,0.337
05/08/06 15:05,0.296
05/08/06 15:10,0.234
05/08/06 15:15,0.185
05/08/06 15:20,0.211
05/08/06 15:25,0.237
05/08/06 15:30,0.210
05/08/06 15:35,0.178
05/08/06 15:40,0.160
05/08/06 15:45,0.147
05/08/06 15:50,0.140
05/08/06 15:55,0.127
05/08/06 16:00,0.124
05/08/06 16:05,0.116
05/08/06 16:10,0.125
05/08/06 16:15,0.136
05/08/06 16:20,0.118
05/08/06 16:25,0.104
05/08/06 16:30,0.095
05/08/06 16:35,0.091
05/08/06 16:40,0.085
05/08/06 16:45,0.082
05/08/06 16:50,0.079
05/08/06 16:55,0.063
05/08/06 17:00,0.050
05/08/06 17:05,0.040
05/08/06 17:10,0.031
05/08/06 17:15,0.024
05/08/06 17:20,0.018
05/08/06 17:25,0.014
05/08/06 17:30,0.011
05/08/06 17:35,0.009
05/08/06 17:40,0.005
05/08/06 17:45,0.003
05/08/06 17:50,0.002
05/08/06 17:55,0.001
05/08/06 18:00,0.000
05/08/06 18:05,0.000
05/08/06 18:10,0.000
05/08/06 18:15,0.000
05/08/06 18:20,0.000
05/08/06 18:25,0.000
05/08/06 18:30,0.000
05/08/06 18:35,0.000
05/08/06 18:40,0.000
05/08/06 18:45,0.000
05/08/06 18:50,0.000
05/08/06 18:55,0.000
05/08/06 19:00,0.000
05/08/06 19:05,0.000
05/08/06 19:10,0.000
05/08/06 19:15,0.000
05/08/06 19:20,0.000
05/08/06 19:25,0.000
05/08/06 19:30,0.000
05/08/06 19:35,0.000
05/08/06 19:40,0.000
05/08/06 19:45,0.000
05/08/06 19:50,0.000
05/08/06 19:55,0.000
05/08/06 20:00,0.000
05/08/06 20:05,0.000
05/08/06 20:10,0.000
05/08/06 20:15,0.000
05/08/06 20:20,0.000
05/08/06 20:25,0.000
05/08/06 20:30,0.000
05/08/06 20:35,0.000
05/08/06 20:40,0.000
05/08/06 20:45,0.000
05/08/06 20:50,0.000
05/08/06 20:55,0.000
05/08/06 21:00,0.000
05/08/06 21:05,0.000
05/08/06 21:10,0.000
05/08/06 21:15,0.000
05/08/06 21:20,0.000
05/08/06 21:25,0.000
05/08/06 21:30,0.000
05/08/06 21:35,0.000
05/08/06 21:40,0.000
05/08/06 21:45,0.000
05/08/06 21:50,0.000
05/08/06 21:55,0.000
05/08/06 22:00,0.000
05/08/06 22:05,0.000
05/08/06 22:10,0.000
05/08/06 22:15,0.000
05/08/06 22:20,0.000
05/08/06 22:25,0.000
05/08/06 22:30,0.000
05/08/06 22:35,0.000
05/08/06 22:40,0.000
05/08/06 22:45,0.000
05/08/06 22:50,0.000
05/08/06 22:55,0.000
05/08/06 23:00,0.000
05/08/06 23:05,0.000
05/08/06 23:10,0.000
05/08/06 23:15,0.000
05/08/06 23:20,0.000
05/08/06 23:25,0.000
05/08/06 23:30,0.000
05/08/06 23:35,0.000
05/08/06 23:40,0.000
05/08/06 23:45,0.000
05/08/06 23:50,0.000
05/08/06 23:55,0.000
05/09/06 00:00,0.000
05/09/06 00:05,0.000
05/09/06 00:10,0.000
05/09/06 00:15,0.000
05/09/06 00:20,0.000
05/09/06 00:25,0.000
05/09/06 00:30,0.000
05/09/06 00:35,0.000
05/09/06 00:40,0.000
05/09/06 00:45,0.000
05/09/06 00:50,0.000
05/09/06 00:55,0.000
05/09/06 01:00,0.000
05/09/06 01:05,0.000
05/09/06 01:10,0.000
05/09/06 01:15,0.000
05/09/06 01:20,0.000
05/09/06 01:25,0.000
05/09/06 01:30,0.000
05/09/06 01:35,0.000
05/09/06 01:40,0.000
05/09/06 01:45,0.000
05/09/06 01:50,0.000
05/09/06 01:55,0.000
05/09/06 02:00,0.000
05/09/06 02:05,0.000
05/09/06 02:10,0.000
05/09/06 02:15,0.000
05/09/06 02:20,0.000
05/09/06 02:25,0.000
05/09/06 02:30,0.000
05/09/06 02:35,0.000
05/09/06 02:40,0.000
05/09/06 02:45,0.000
05/09/06 02:50,0.000
05/09/06 02:55,0.000
05/09/06 03:00,0.000
05/09/06 03:05,0.000
05/09/06 03:10,0.000
05/09/06 03:15,0.000
05/09/06 03:20,0.000
05/09/06 03:25,0.000
05/09/06 03:30,0.000
05/09/06 03:35,0.000
05/09/06 03:40,0.000
05/09/06 03:45,0.000
05/09/06 03:50,0.000
05/09/06 03:55,0.000
05/09/06 04:00,0.000
05/09/06 04:05,0.000
05/09/06 04:10,0.000
05/09/06 04:15,0.000
05/09/06 04:20,0.000
05/09/06 04:25,0.000
05/09/06 04:30,0.000
05/09/06 04:35,0.000
05/09/06 04:40,0.000
05/09/06 04:45,0.000
05/09/06 04:50,0.000
05/09/06 04:55,0.000
05/09/06 05:00,0.000
05/09/06 05:05,0.000
05/09/06 05:10,0.001
05/09/06 05:15,0.001
05/09/06 05:20,0.002
05/09/06 05:25,0.004
05/09/06 05:30,0.008
05/09/06 05:35,0.015
05/09/06 05:40,0.029
05/09/06 05:45,0.050
05/09/06 05:50,0.079
05/09/06 05:55,0.090
05/09/06 06:00,0.101
05/09/06 06:05,0.112
05/09/06 06:10,0.124
05/09/06 06:15,0.136
05/09/06 06:20,0.148
05/09/06 06:25,0.161
05/09/06 06:30,0.174
05/09/06 06:35,0.187
05/09/06 06:40,0.200
05/09/06 06:45,0.213
05/09/06 06:50,0.226
05/09/06 06:55,0.240
05/09/06 07:00,0.254
05/09/06 07:05,0.268
05/09/06 07:10,0.282
05/09/06 07:15,0.295
05/09/06 07:20,0.308
05/09/06 07:25,0.321
05/09/06 07:30,0.333
05/09/06 07:35,0.345
05/09/06 07:40,0.358
05/09/06 07:45,0.371
05/09/06 07:50,0.384
05/09/06 07:55,0.396
05/09/06 08:00,0.409
05/09/06 08:05,0.421
05/09/06 08:10,0.434
05/09/06 08:15,0.445
05/09/06 08:20,0.456
05/09/06 08:25,0.467
05/09/06 08:30,0.476
05/09/06 08:35,0.484
05/09/06 08:40,0.494
05/09/06 08:45,0.504
05/09/06 08:50,0.513
05/09/06 08:55,0.521
05/09/06 09:00,0.528
05/09/06 09:05,0.533
05/09/06 09:10,0.537
05/09/06 09:15,0.542
05/09/06 09:20,0.548
05/09/06 09:25,0.561
05/09/06 09:30,0.568
05/09/06 09:35,0.572
05/09/06 09:40,0.576
05/09/06 09:45,0.582
05/09/06 09:50,0.588
05/09/06 09:55,0.594
05/09/06 10:00,0.598
05/09/06 10:05,0.601
05/09/06 10:10,0.604
05/09/06 10:15,0.609
05/09/06 10:20,0.616
05/09/06 10:25,0.621
05/09/06 10:30,0.626
05/09/06 10:35,0.630
05/09/06 10:40,0.634
05/09/06 10:45,0.638
05/09/06 10:50,0.642
05/09/06 10:55,0.645
05/09/06 11:00,0.650
05/09/06 11:05,0.653
05/09/06 11:10,0.657
05/09/06 11:15,0.659
05/09/06 11:20,0.658
05/09/06 11:25,0.653
05/09/06 11:30,0.650
05/09/06 11:35,0.647
05/09/06 11:40,0.645
05/09/06 11:45,0.642
05/09/06 11:50,0.640
05/09/06 11:55,0.638
05/09/06 12:00,0.636
05/09/06 12:05,0.634
05/09/06 12:10,0.632
05/09/06 12:15,0.631
05/09/06 12:20,0.629
05/09/06 12:25,0.627
05/09/06 12:30,0.627
05/09/06 12:35,0.627
05/09/06 12:40,0.629
05/09/06 12:45,0.631
05/09/06 12:50,0.631
05/09/06 12:55,0.628
05/09/06 13:00,0.572
05/09/06 13:05,0.493
05/09/06 13:10,0.492
05/09/06 13:15,0.523
05/09/06 13:20,0.508
05/09/06 13:25,0.512
05/09/06 13:30,0.507
05/09/06 13:35,0.533
05/09/06 13:40,0.520
05/09/06 13:45,0.498
05/09/06 13:50,0.483
05/09/06 13:55,0.446
05/09/06 14:00,0.447
05/09/06 14:05,0.454
05/09/06 14:10,0.454
05/09/06 14:15,0.438
05/09/06 14:20,0.431
05/09/06 14:25,0.430
05/09/06 14:30,0.430
05/09/06 14:35,0.435
05/09/06 14:40,0.435
05/09/06 14:45,0.435
05/09/06 14:50,0.434
05/09/06 14:55,0.437
05/09/06 15:00,0.432
05/09/06 15:05,0.416
05/09/06 15:10,0.388
05/09/06 15:15,0.412
05/09/06 15:20,0.418
05/09/06 15:25,0.393
05/09/06 15:30,0.344
05/09/06 15:35,0.327
05/09/06 15:40,0.332
05/09/06 15:45,0.319
05/09/06 15:50,0.266
05/09/06 15:55,0.260
05/09/06 16:00,0.256
05/09/06 16:05,0.246
05/09/06 16:10,0.238
05/09/06 16:15,0.236
05/09/06 16:20,0.234
05/09/06 16:25,0.230
05/09/06 16:30,0.222
05/09/06 16:35,0.210
05/09/06 16:40,0.198
05/09/06 16:45,0.185
05/09/06 16:50,0.174
05/09/06 16:55,0.164
05/09/06 17:00,0.151
05/09/06 17:05,0.138
05/09/06 17:10,0.126
05/09/06 17:15,0.115
05/09/06 17:20,0.104
05/09/06 17:25,0.093
05/09/06 17:30,0.083
05/09/06 17:35,0.065
05/09/06 17:40,0.039
05/09/06 17:45,0.023
05/09/06 17:50,0.013
05/09/06 17:55,0.007
05/09/06 18:00,0.004
05/09/06 18:05,0.002
05/09/06 18:10,0.001
05/09/06 18:15,0.000
05/09/06 18:20,0.000
05/09/06 18:25,0.000
05/09/06 18:30,0.000
05/09/06 18:35,0.000
05/09/06 18:40,0.000
05/09/06 18:45,0.000
05/09/06 18:50,0.000
05/09/06 18:55,0.000
05/09/06 19:00,0.000
05/09/06 19:05,0.000
05/09/06 19:10,0.000
05/09/06 19:15,0.000
05/09/06 19:20,0.000
05/09/06 19:25,0.000
05/09/06 19:30,0.000
05/09/06 19:35,0.000
05/09/06 19:40,0.000
05/09/06 19:45,0.000
05/09/06 19:50,0.000
05/09/06 19:55,0.000
05/09/06 20:00,0.000
05/09/06 20:05,0.000
05/09/06 20:10,0.000
05/09/06 20:15,0.000
05/09/06 20:20,0.000
05/09/06 20:25,0.000
05/09/06 20:30,0.000
05/09/06 20:35,0.000
05/09/06 20:40,0.000
05/09/06 20:45,0.000
05/09/06 20:50,0.000
05/09/06 20:55,0.000
05/09/06 21:00,0.000
05/09/06 21:05,0.000
05/09/06 21:10,0.000
05/09/06 21:15,0.000
05/09/06 21:20,0.000
05/09/06 21:25,0.000
05/09/06 21:30,0.000
05/09/06 21:35,0.000
05/09/06 21:40,0.000
05/09/06 21:45,0.000
05/09/06 21:50,0.000
05/09/06 21:55,0.000
05/09/06 22:00,0.000
05/09/06 22:05,0.000
05/09/06 22:10,0.000
05/09/06 22:15,0.000
05/09/06 22:20,0.000
05/09/06 22:25,0.000
05/09/06 22:30,0.000
05/09/06 22:35,0.000
05/09/06 22:40,0.000
05/09/06 22:45,0.000
05/09/06 22:50,0.000
05/09/06 22:55,0.000
05/09/06 23:00,0.000
05/09/06 23:05,0.000
05/09/06 23:10,0.000
05/09/06 23:15,0.000
05/09/06 23:20,0.000
05/09/06 23:25,0.000
05/09/06 23:30,0.000
05/09/06 23:35,0.000
05/09/06 23:40,0.000
05/09/06 23:45,0.000
05/09/06 23:50,0.000
05/09/06 23:55,0.000
05/10/06 00:00,0.000
05/10/06 00:05,0.000
05/10/06 00:10,0.000
05/10/06 00:15,0.000
05/10/06 00:20,0.000
05/10/06 00:25,0.000
05/10/06 00:30,0.000
05/10/06 00:35,0.000
05/10/06 00:40,0.000
05/10/06 00:45,0.000
05/10/06 00:50,0.000
05/10/06 00:55,0.000
05/10/06 01:00,0.000
05/10/06 01:05,0.000
05/10/06 01:10,0.000
05/10/06 01:15,0.000
05/10/06 01:20,0.000
05/10/06 01:25,0.000
05/10/06 01:30,0.000
05/10/06 01:35,0.000
05/10/06 01:40,0.000
05/10/06 01:45,0.000
05/10/06 01:50,0.000
05/10/06 01:55,0.000
05/10/06 02:00,0.000
05/10/06 02:05,0.000
05/10/06 02:10,0.000
05/10/06 02:15,0.000
05/10/06 02:20,0.000
05/10/06 02:25,0.000
05/10/06 02:30,0.000
05/10/06 02:35,0.000
05/10/06 02:40,0.000
05/10/06 02:45,0.000
05/10/06 02:50,0.000
05/10/06 02:55,0.000
05/10/06 03:00,0.000
05/10/06 03:05,0.000
05/10/06 03:10,0.000
05/10/06 03:15,0.000
05/10/06 03:20,0.000
05/10/06 03:25,0.000
05/10/06 03:30,0.000
05/10/06 03:35,0.000
05/10/06 03:40,0.000
05/10/06 03:45,0.000
05/10/06 03:50,0.000
05/10/06 03:55,0.000
05/10/06 04:00,0.000
05/10/06 04:05,0.000
05/10/06 04:10,0.000
05/10/06 04:15,0.000
05/10/06 04:20,0.000
05/10/06 04:25,0.000
05/10/06 04:30,0.000
05/10/06 04:35,0.000
05/10/06 04:40,0.000
05/10/06 04:45,0.000
05/10/06 04:50,0.000
05/10/06 04:55,0.000
05/10/06 05:00,0.000
05/10/06 05:05,0.001
05/10/06 05:10,0.001
05/10/06 05:15,0.001
05/10/06 05:20,0.003
05/10/06 05:25,0.005
05/10/06 05:30,0.008
05/10/06 05:35,0.014
05/10/06 05:40,0.025
05/10/06 05:45,0.041
05/10/06 05:50,0.066
05/10/06 05:55,0.083
05/10/06 06:00,0.093
05/10/06 06:05,0.103
05/10/06 06:10,0.115
05/10/06 06:15,0.126
05/10/06 06:20,0.137
05/10/06 06:25,0.150
05/10/06 06:30,0.162
05/10/06 06:35,0.174
05/10/06 06:40,0.187
05/10/06 06:45,0.200
05/10/06 06:50,0.213
05/10/06 06:55,0.226
05/10/06 07:00,0.239
05/10/06 07:05,0.252
05/10/06 07:10,0.265
05/10/06 07:15,0.278
05/10/06 07:20,0.290
05/10/06 07:25,0.302
05/10/06 07:30,0.314
05/10/06 07:35,0.326
05/10/06 07:40,0.338
05/10/06 07:45,0.350
05/10/06 07:50,0.363
05/10/06 07:55,0.375
05/10/06 08:00,0.387
05/10/06 08:05,0.399
05/10/06 08:10,0.413
05/10/06 08:15,0.423
05/10/06 08:20,0.433
05/10/06 08:25,0.443
05/10/06 08:30,0.452
05/10/06 08:35,0.460
05/10/06 08:40,0.466
05/10/06 08:45,0.473
05/10/06 08:50,0.481
05/10/06 08:55,0.491
05/10/06 09:00,0.499
05/10/06 09:05,0.508
05/10/06 09:10,0.516
05/10/06 09:15,0.524
05/10/06 09:20,0.531
05/10/06 09:25,0.536
05/10/06 09:30,0.542
05/10/06 09:35,0.547
05/10/06 09:40,0.553
05/10/06 09:45,0.560
05/10/06 09:50,0.566
05/10/06 09:55,0.571
05/10/06 10:00,0.574
05/10/06 10:05,0.577
05/10/06 10:10,0.577
05/10/06 10:15,0.574
05/10/06 10:20,0.578
05/10/06 10:25,0.581
05/10/06 10:30,0.584
05/10/06 10:35,0.586
05/10/06 10:40,0.583
05/10/06 10:45,0.580
05/10/06 10:50,0.577
05/10/06 10:55,0.576
05/10/06 11:00,0.574
05/10/06 11:05,0.573
05/10/06 11:10,0.572
05/10/06 11:15,0.573
05/10/06 11:20,0.573
05/10/06 11:25,0.573
05/10/06 11:30,0.571
05/10/06 11:35,0.568
05/10/06 11:40,0.566
05/10/06 11:45,0.564
05/10/06 11:50,0.561
05/10/06 11:55,0.562
05/10/06 12:00,0.566
05/10/06 12:05,0.570
05/10/06 12:10,0.573
05/10/06 12:15,0.574
05/10/06 12:20,0.574
05/10/06 12:25,0.575
05/10/06 12:30,0.575
05/10/06 12:35,0.574
05/10/06 12:40,0.574
05/10/06 12:45,0.574
05/10/06 12:50,0.574
05/10/06 12:55,0.573
05/10/06 13:00,0.569
05/10/06 13:05,0.564
05/10/06 13:10,0.558
05/10/06 13:15,0.552
05/10/06 13:20,0.545
05/10/06 13:25,0.536
05/10/06 13:30,0.526
05/10/06 13:35,0.517
05/10/06 13:40,0.508
05/10/06 13:45,0.498
05/10/06 13:50,0.490
05/10/06 13:55,0.483
05/10/06 14:00,0.483
05/10/06 14:05,0.488
05/10/06 14:10,0.490
05/10/06 14:15,0.490
05/10/06 14:20,0.492
05/10/06 14:25,0.491
05/10/06 14:30,0.488
05/10/06 14:35,0.484
05/10/06 14:40,0.480
05/10/06 14:45,0.475
05/10/06 14:50,0.471
05/10/06 14:55,0.464
05/10/06 15:00,0.453
05/10/06 15:05,0.438
05/10/06 15:10,0.425
05/10/06 15:15,0.410
05/10/06 15:20,0.392
05/10/06 15:25,0.378
05/10/06 15:30,0.364
05/10/06 15:35,0.348
05/10/06 15:40,0.334
05/10/06 15:45,0.321
05/10/06 15:50,0.308
05/10/06 15:55,0.295
05/10/06 16:00,0.283
05/10/06 16:05,0.277
05/10/06 16:10,0.262
05/10/06 16:15,0.247
05/10/06 16:20,0.235
05/10/06 16:25,0.218
05/10/06 16:30,0.201
05/10/06 16:35,0.189
05/10/06 16:40,0.177
05/10/06 16:45,0.167
05/10/06 16:50,0.156
05/10/06 16:55,0.147
05/10/06 17:00,0.136
05/10/06 17:05,0.125
05/10/06 17:10,0.114
05/10/06 17:15,0.103
05/10/06 17:20,0.092
05/10/06 17:25,0.083
05/10/06 17:30,0.073
05/10/06 17:35,0.048
05/10/06 17:40,0.031
05/10/06 17:45,0.020
05/10/06 17:50,0.013
05/10/06 17:55,0.008
05/10/06 18:00,0.005
05/10/06 18:05,0.003
05/10/06 18:10,0.002
05/10/06 18:15,0.001
05/10/06 18:20,0.001
05/10/06 18:25,0.000
05/10/06 18:30,0.000
05/10/06 18:35,0.000
05/10/06 18:40,0.000
05/10/06 18:45,0.000
05/10/06 18:50,0.000
05/10/06 18:55,0.000
05/10/06 19:00,0.000
05/10/06 19:05,0.000
05/10/06 19:10,0.000
05/10/06 19:15,0.000
05/10/06 19:20,0.000
05/10/06 19:25,0.000
05/10/06 19:30,0.000
05/10/06 19:35,0.000
05/10/06 19:40,0.000
05/10/06 19:45,0.000
05/10/06 19:50,0.000
05/10/06 19:55,0.000
05/10/06 20:00,0.000
05/10/06 20:05,0.000
05/10/06 20:10,0.000
05/10/06 20:15,0.000
05/10/06 20:20,0.000
05/10/06 20:25,0.000
05/10/06 20:30,0.000
05/10/06 20:35,0.000
05/10/06 20:40,0.000
05/10/06 20:45,0.000
05/10/06 20:50,0.000
05/10/06 20:55,0.000
05/10/06 21:00,0.000
05/10/06 21:05,0.000
05/10/06 21:10,0.000
05/10/06 21:15,0.000
05/10/06 21:20,0.000
05/10/06 21:25,0.000
05/10/06 21:30,0.000
05/10/06 21:35,0.000
05/10/06 21:40,0.000
05/10/06 21:45,0.000
05/10/06 21:50,0.000
05/10/06 21:55,0.000
05/10/06 22:00,0.000
05/10/06 22:05,0.000
05/10/06 22:10,0.000
05/10/06 22:15,0.000
05/10/06 22:20,0.000
05/10/06 22:25,0.000
05/10/06 22:30,0.000
05/10/06 22:35,0.000
05/10/06 22:40,0.000
05/10/06 22:45,0.000
05/10/06 22:50,0.000
05/10/06 22:55,0.000
05/10/06 23:00,0.000
05/10/06 23:05,0.000
05/10/06 23:10,0.000
05/10/06 23:15,0.000
05/10/06 23:20,0.000
05/10/06 23:25,0.000
05/10/06 23:30,0.000
05/10/06 23:35,0.000
05/10/06 23:40,0.000
05/10/06 23:45,0.000
05/10/06 23:50,0.000
05/10/06 23:55,0.000
05/11/06 00:00,0.000
05/11/06 00:05,0.000
05/11/06 00:10,0.000
05/11/06 00:15,0.000
05/11/06 00:20,0.000
05/11/06 00:25,0.000
05/11/06 00:30,0.000
05/11/06 00:35,0.000
05/11/06 00:40,0.000
05/11/06 00:45,0.000
05/11/06 00:50,0.000
05/11/06 00:55,0.000
05/11/06 01:00,0.000
05/11/06 01:05,0.000
05/11/06 01:10,0.000
05/11/06 01:15,0.000
05/11/06 01:20,0.000
05/11/06 01:25,0.000
05/11/06 01:30,0.000
05/11/06 01:35,0.000
05/11/06 01:40,0.000
05/11/06 01:45,0.000
05/11/06 01:50,0.000
05/11/06 01:55,0.000
05/11/06 02:00,0.000
05/11/06 02:05,0.000
05/11/06 02:10,0.000
05/11/06 02:15,0.000
05/11/06 02:20,0.000
05/11/06 02:25,0.000
05/11/06 02:30,0.000
05/11/06 02:35,0.000
05/11/06 02:40,0.000
05/11/06 02:45,0.000
05/11/06 02:50,0.000
05/11/06 02:55,0.000
05/11/06 03:00,0.000
05/11/06 03:05,0.000
05/11/06 03:10,0.000
05/11/06 03:15,0.000
05/11/06 03:20,0.000
05/11/06 03:25,0.000
05/11/06 03:30,0.000
05/11/06 03:35,0.000
05/11/06 03:40,0.000
05/11/06 03:45,0.000
05/11/06 03:50,0.000
05/11/06 03:55,0.000
05/11/06 04:00,0.000
05/11/06 04:05,0.000
05/11/06 04:10,0.000
05/11/06 04:15,0.000
05/11/06 04:20,0.000
05/11/06 04:25,0.000
05/11/06 04:30,0.000
05/11/06 04:35,0.000
05/11/06 04:40,0.000
05/11/06 04:45,0.000
05/11/06 04:50,0.000
05/11/06 04:55,0.000
05/11/06 05:00,0.000
05/11/06 05:05,0.000
05/11/06 05:10,0.000
05/11/06 05:15,0.000
05/11/06 05:20,0.000
05/11/06 05:25,0.000
05/11/06 05:30,0.000
05/11/06 05:35,0.000
05/11/06 05:40,0.000
05/11/06 05:45,0.000
05/11/06 05:50,0.000
05/11/06 05:55,0.000
05/11/06 06:00,0.001
05/11/06 06:05,0.001
05/11/06 06:10,0.002
05/11/06 06:15,0.003
05/11/06 06:20,0.004
05/11/06 06:25,0.006
05/11/06 06:30,0.009
05/11/06 06:35,0.013
05/11/06 06:40,0.021
05/11/06 06:45,0.031
05/11/06 06:50,0.043
05/11/06 06:55,0.054
05/11/06 07:00,0.043
05/11/06 07:05,0.033
05/11/06 07:10,0.031
05/11/06 07:15,0.033
05/11/06 07:20,0.041
05/11/06 07:25,0.045
05/11/06 07:30,0.049
05/11/06 07:35,0.067
05/11/06 07:40,0.067
05/11/06 07:45,0.084
05/11/06 07:50,0.079
05/11/06 07:55,0.077
05/11/06 08:00,0.064
05/11/06 08:05,0.073
05/11/06 08:10,0.083
05/11/06 08:15,0.088
05/11/06 08:20,0.096
05/11/06 08:25,0.104
05/11/06 08:30,0.109
05/11/06 08:35,0.111
05/11/06 08:40,0.117
05/11/06 08:45,0.123
05/11/06 08:50,0.125
05/11/06 08:55,0.126
05/11/06 09:00,0.115
05/11/06 09:05,0.106
05/11/06 09:10,0.103
05/11/06 09:15,0.104
05/11/06 09:20,0.106
05/11/06 09:25,0.109
05/11/06 09:30,0.115
05/11/06 09:35,0.123
05/11/06 09:40,0.133
05/11/06 09:45,0.146
05/11/06 09:50,0.157
05/11/06 09:55,0.168
05/11/06 10:00,0.181
05/11/06 10:05,0.185
05/11/06 10:10,0.189
05/11/06 10:15,0.199
05/11/06 10:20,0.203
05/11/06 10:25,0.203
05/11/06 10:30,0.201
05/11/06 10:35,0.201
05/11/06 10:40,0.205
05/11/06 10:45,0.205
05/11/06 10:50,0.204
05/11/06 10:55,0.201
05/11/06 11:00,0.195
05/11/06 11:05,0.185
05/11/06 11:10,0.168
05/11/06 11:15,0.154
05/11/06 11:20,0.131
05/11/06 11:25,0.111
05/11/06 11:30,0.096
05/11/06 11:35,0.094
05/11/06 11:40,0.097
05/11/06 11:45,0.094
05/11/06 11:50,0.092
05/11/06 11:55,0.093
05/11/06 12:00,0.110
05/11/06 12:05,0.132
05/11/06 12:10,0.161
05/11/06 12:15,0.181
05/11/06 12:20,0.199
05/11/06 12:25,0.240
05/11/06 12:30,0.286
05/11/06 12:35,0.334
05/11/06 12:40,0.375
05/11/06 12:45,0.410
05/11/06 12:50,0.437
05/11/06 12:55,0.444
05/11/06 13:00,0.376
05/11/06 13:05,0.311
05/11/06 13:10,0.268
05/11/06 13:15,0.232
05/11/06 13:20,0.209
05/11/06 13:25,0.197
05/11/06 13:30,0.187
05/11/06 13:35,0.177
05/11/06 13:40,0.176
05/11/06 13:45,0.171
05/11/06 13:50,0.169
05/11/06 13:55,0.161
05/11/06 14:00,0.134
05/11/06 14:05,0.113
05/11/06 14:10,0.103
05/11/06 14:15,0.096
05/11/06 14:20,0.094
05/11/06 14:25,0.094
05/11/06 14:30,0.093
05/11/06 14:35,0.094
05/11/06 14:40,0.096
05/11/06 14:45,0.105
05/11/06 14:50,0.117
05/11/06 14:55,0.120
05/11/06 15:00,0.111
05/11/06 15:05,0.104
05/11/06 15:10,0.096
05/11/06 15:15,0.092
05/11/06 15:20,0.088
05/11/06 15:25,0.083
05/11/06 15:30,0.078
05/11/06 15:35,0.072
05/11/06 15:40,0.060
05/11/06 15:45,0.050
05/11/06 15:50,0.038
05/11/06 15:55,0.028
05/11/06 16:00,0.029
05/11/06 16:05,0.044
05/11/06 16:10,0.076
05/11/06 16:15,0.090
05/11/06 16:20,0.111
05/11/06 16:25,0.105
05/11/06 16:30,0.107
05/11/06 16:35,0.112
05/11/06 16:40,0.105
05/11/06 16:45,0.096
05/11/06 16:50,0.087
05/11/06 16:55,0.080
05/11/06 17:00,0.078
05/11/06 17:05,0.068
05/11/06 17:10,0.052
05/11/06 17:15,0.036
05/11/06 17:20,0.024
05/11/06 17:25,0.015
05/11/06 17:30,0.009
05/11/06 17:35,0.006
05/11/06 17:40,0.003
05/11/06 17:45,0.002
05/11/06 17:50,0.001
05/11/06 17:55,0.000
05/11/06 18:00,0.000
05/11/06 18:05,0.000
05/11/06 18:10,0.000
05/11/06 18:15,0.000
05/11/06 18:20,0.000
05/11/06 18:25,0.000
05/11/06 18:30,0.000
05/11/06 18:35,0.000
05/11/06 18:40,0.000
05/11/06 18:45,0.000
05/11/06 18:50,0.000
05/11/06 18:55,0.000
05/11/06 19:00,0.000
05/11/06 19:05,0.000
05/11/06 19:10,0.000
05/11/06 19:15,0.000
05/11/06 19:20,0.000
05/11/06 19:25,0.000
05/11/06 19:30,0.000
05/11/06 19:35,0.000
05/11/06 19:40,0.000
05/11/06 19:45,0.000
05/11/06 19:50,0.000
05/11/06 19:55,0.000
05/11/06 20:00,0.000
05/11/06 20:05,0.000
05/11/06 20:10,0.000
05/11/06 20:15,0.000
05/11/06 20:20,0.000
05/11/06 20:25,0.000
05/11/06 20:30,0.000
05/11/06 20:35,0.000
05/11/06 20:40,0.000
05/11/06 20:45,0.000
05/11/06 20:50,0.000
05/11/06 20:55,0.000
05/11/06 21:00,0.000
05/11/06 21:05,0.000
05/11/06 21:10,0.000
05/11/06 21:15,0.000
05/11/06 21:20,0.000
05/11/06 21:25,0.000
05/11/06 21:30,0.000
05/11/06 21:35,0.000
05/11/06 21:40,0.000
05/11/06 21:45,0.000
05/11/06 21:50,0.000
05/11/06 21:55,0.000
05/11/06 22:00,0.000
05/11/06 22:05,0.000
05/11/06 22:10,0.000
05/11/06 22:15,0.000
05/11/06 22:20,0.000
05/11/06 22:25,0.000
05/11/06 22:30,0.000
05/11/06 22:35,0.000
05/11/06 22:40,0.000
05/11/06 22:45,0.000
05/11/06 22:50,0.000
05/11/06 22:55,0.000
05/11/06 23:00,0.000
05/11/06 23:05,0.000
05/11/06 23:10,0.000
05/11/06 23:15,0.000
05/11/06 23:20,0.000
05/11/06 23:25,0.000
05/11/06 23:30,0.000
05/11/06 23:35,0.000
05/11/06 23:40,0.000
05/11/06 23:45,0.000
05/11/06 23:50,0.000
05/11/06 23:55,0.000
05/12/06 00:00,0.000
05/12/06 00:05,0.000
05/12/06 00:10,0.000
05/12/06 00:15,0.000
05/12/06 00:20,0.000
05/12/06 00:25,0.000
05/12/06 00:30,0.000
05/12/06 00:35,0.000
05/12/06 00:40,0.000
05/12/06 00:45,0.000
05/12/06 00:50,0.000
05/12/06 00:55,0.000
05/12/06 01:00,0.000
05/12/06 01:05,0.000
05/12/06 01:10,0.000
05/12/06 01:15,0.000
05/12/06 01:20,0.000
05/12/06 01:25,0.000
05/12/06 01:30,0.000
05/12/06 01:35,0.000
05/12/06 01:40,0.000
05/12/06 01:45,0.000
05/12/06 01:50,0.000
05/12/06 01:55,0.000
05/12/06 02:00,0.000
05/12/06 02:05,0.000
05/12/06 02:10,0.000
05/12/06 02:15,0.000
05/12/06 02:20,0.000
05/12/06 02:25,0.000
05/12/06 02:30,0.000
05/12/06 02:35,0.000
05/12/06 02:40,0.000
05/12/06 02:45,0.000
05/12/06 02:50,0.000
05/12/06 02:55,0.000
05/12/06 03:00,0.000
05/12/06 03:05,0.000
05/12/06 03:10,0.000
05/12/06 03:15,0.000
05/12/06 03:20,0.000
05/12/06 03:25,0.000
05/12/06 03:30,0.000
05/12/06 03:35,0.000
05/12/06 03:40,0.000
05/12/06 03:45,0.000
05/12/06 03:50,0.000
05/12/06 03:55,0.000
05/12/06 04:00,0.000
05/12/06 04:05,0.000
05/12/06 04:10,0.000
05/12/06 04:15,0.000
05/12/06 04:20,0.000
05/12/06 04:25,0.000
05/12/06 04:30,0.000
05/12/06 04:35,0.000
05/12/06 04:40,0.000
05/12/06 04:45,0.000
05/12/06 04:50,0.000
05/12/06 04:55,0.000
05/12/06 05:00,0.000
05/12/06 05:05,0.001
05/12/06 05:10,0.001
05/12/06 05:15,0.002
05/12/06 05:20,0.003
05/12/06 05:25,0.004
05/12/06 05:30,0.005
05/12/06 05:35,0.006
05/12/06 05:40,0.014
05/12/06 05:45,0.032
05/12/06 05:50,0.047
05/12/06 05:55,0.068
05/12/06 06:00,0.086
05/12/06 06:05,0.096
05/12/06 06:10,0.102
05/12/06 06:15,0.104
05/12/06 06:20,0.104
05/12/06 06:25,0.116
05/12/06 06:30,0.127
05/12/06 06:35,0.141
05/12/06 06:40,0.169
05/12/06 06:45,0.196
05/12/06 06:50,0.210
05/12/06 06:55,0.199
05/12/06 07:00,0.216
05/12/06 07:05,0.234
05/12/06 07:10,0.252
05/12/06 07:15,0.269
05/12/06 07:20,0.286
05/12/06 07:25,0.302
05/12/06 07:30,0.317
05/12/06 07:35,0.331
05/12/06 07:40,0.343
05/12/06 07:45,0.352
05/12/06 07:50,0.363
05/12/06 07:55,0.374
05/12/06 08:00,0.384
05/12/06 08:05,0.390
05/12/06 08:10,0.396
05/12/06 08:15,0.399
05/12/06 08:20,0.404
05/12/06 08:25,0.405
05/12/06 08:30,0.401
05/12/06 08:35,0.401
05/12/06 08:40,0.406
05/12/06 08:45,0.415
05/12/06 08:50,0.419
05/12/06 08:55,0.421
05/12/06 09:00,0.448
05/12/06 09:05,0.465
05/12/06 09:10,0.430
05/12/06 09:15,0.407
05/12/06 09:20,0.428
05/12/06 09:25,0.456
05/12/06 09:30,0.477
05/12/06 09:35,0.485
05/12/06 09:40,0.454
05/12/06 09:45,0.434
05/12/06 09:50,0.380
05/12/06 09:55,0.328
05/12/06 10:00,0.408
05/12/06 10:05,0.443
05/12/06 10:10,0.467
05/12/06 10:15,0.486
05/12/06 10:20,0.451
05/12/06 10:25,0.445
05/12/06 10:30,0.402
05/12/06 10:35,0.323
05/12/06 10:40,0.359
05/12/06 10:45,0.425
05/12/06 10:50,0.405
05/12/06 10:55,0.410
05/12/06 11:00,0.467
05/12/06 11:05,0.478
05/12/06 11:10,0.487
05/12/06 11:15,0.490
05/12/06 11:20,0.509
05/12/06 11:25,0.538
05/12/06 11:30,0.555
05/12/06 11:35,0.563
05/12/06 11:40,0.567
05/12/06 11:45,0.557
05/12/06 11:50,0.520
05/12/06 11:55,0.502
05/12/06 12:00,0.541
05/12/06 12:05,0.573
05/12/06 12:10,0.596
05/12/06 12:15,0.600
05/12/06 12:20,0.598
05/12/06 12:25,0.595
05/12/06 12:30,0.596
05/12/06 12:35,0.601
05/12/06 12:40,0.602
05/12/06 12:45,0.600
05/12/06 12:50,0.604
05/12/06 12:55,0.604
05/12/06 13:00,0.600
05/12/06 13:05,0.610
05/12/06 13:10,0.633
05/12/06 13:15,0.645
05/12/06 13:20,0.628
05/12/06 13:25,0.602
05/12/06 13:30,0.568
05/12/06 13:35,0.597
05/12/06 13:40,0.598
05/12/06 13:45,0.590
05/12/06 13:50,0.570
05/12/06 13:55,0.549
05/12/06 14:00,0.538
05/12/06 14:05,0.521
05/12/06 14:10,0.497
05/12/06 14:15,0.468
05/12/06 14:20,0.440
05/12/06 14:25,0.407
05/12/06 14:30,0.366
05/12/06 14:35,0.316
05/12/06 14:40,0.270
05/12/06 14:45,0.218
05/12/06 14:50,0.165
05/12/06 14:55,0.125
05/12/06 15:00,0.111
05/12/06 15:05,0.130
05/12/06 15:10,0.171
05/12/06 15:15,0.218
05/12/06 15:20,0.244
05/12/06 15:25,0.261
05/12/06 15:30,0.271
05/12/06 15:35,0.269
05/12/06 15:40,0.256
05/12/06 15:45,0.221
05/12/06 15:50,0.197
05/12/06 15:55,0.183
05/12/06 16:00,0.182
05/12/06 16:05,0.184
05/12/06 16:10,0.184
05/12/06 16:15,0.184
05/12/06 16:20,0.186
05/12/06 16:25,0.185
05/12/06 16:30,0.183
05/12/06 16:35,0.180
05/12/06 16:40,0.176
05/12/06 16:45,0.171
05/12/06 16:50,0.166
05/12/06 16:55,0.158
05/12/06 17:00,0.149
05/12/06 17:05,0.140
05/12/06 17:10,0.130
05/12/06 17:15,0.118
05/12/06 17:20,0.106
05/12/06 17:25,0.095
05/12/06 17:30,0.085
05/12/06 17:35,0.074
05/12/06 17:40,0.048
05/12/06 17:45,0.029
05/12/06 17:50,0.018
05/12/06 17:55,0.010
05/12/06 18:00,0.005
05/12/06 18:05,0.002
05/12/06 18:10,0.001
05/12/06 18:15,0.001
05/12/06 18:20,0.000
05/12/06 18:25,0.000
05/12/06 18:30,0.000
05/12/06 18:35,0.000
05/12/06 18:40,0.000
05/12/06 18:45,0.000
05/12/06 18:50,0.000
05/12/06 18:55,0.000
05/12/06 19:00,0.000
05/12/06 19:05,0.000
05/12/06 19:10,0.000
05/12/06 19:15,0.000
05/12/06 19:20,0.000
05/12/06 19:25,0.000
05/12/06 19:30,0.000
05/12/06 19:35,0.000
05/12/06 19:40,0.000
05/12/06 19:45,0.000
05/12/06 19:50,0.000
05/12/06 19:55,0.000
05/12/06 20:00,0.000
05/12/06 20:05,0.000
05/12/06 20:10,0.000
05/12/06 20:15,0.000
05/12/06 20:20,0.000
05/12/06 20:25,0.000
05/12/06 20:30,0.000
05/12/06 20:35,0.000
05/12/06 20:40,0.000
05/12/06 20:45,0.000
05/12/06 20:50,0.000
05/12/06 20:55,0.000
05/12/06 21:00,0.000
05/12/06 21:05,0.000
05/12/06 21:10,0.000
05/12/06 21:15,0.000
05/12/06 21:20,0.000
05/12/06 21:25,0.000
05/12/06 21:30,0.000
05/12/06 21:35,0.000
05/12/06 21:40,0.000
05/12/06 21:45,0.000
05/12/06 21:50,0.000
05/12/06 21:55,0.000
05/12/06 22:00,0.000
05/12/06 22:05,0.000
05/12/06 22:10,0.000
05/12/06 22:15,0.000
05/12/06 22:20,0.000
05/12/06 22:25,0.000
05/12/06 22:30,0.000
05/12/06 22:35,0.000
05/12/06 22:40,0.000
05/12/06 22:45,0.000
05/12/06 22:50,0.000
05/12/06 22:55,0.000
05/12/06 23:00,0.000
05/12/06 23:05,0.000
05/12/06 23:10,0.000
05/12/06 23:15,0.000
05/12/06 23:20,0.000
05/12/06 23:25,0.000
05/12/06 23:30,0.000
05/12/06 23:35,0.000
05/12/06 23:40,0.000
05/12/06 23:45,0.000
05/12/06 23:50,0.000
05/12/06 23:55,0.000
05/13/06 00:00,0.000
05/13/06 00:05,0.000
05/13/06 00:10,0.000
05/13/06 00:15,0.000
05/13/06 00:20,0.000
05/13/06 00:25,0.000
05/13/06 00:30,0.000
05/13/06 00:35,0.000
05/13/06 00:40,0.000
05/13/06 00:45,0.000
05/13/06 00:50,0.000
05/13/06 00:55,0.000
05/13/06 01:00,0.000
05/13/06 01:05,0.000
05/13/06 01:10,0.000
05/13/06 01:15,0.000
05/13/06 01:20,0.000
05/13/06 01:25,0.000
05/13/06 01:30,0.000
05/13/06 01:35,0.000
05/13/06 01:40,0.000
05/13/06 01:45,0.000
05/13/06 01:50,0.000
05/13/06 01:55,0.000
05/13/06 02:00,0.000
05/13/06 02:05,0.000
05/13/06 02:10,0.000
05/13/06 02:15,0.000
05/13/06 02:20,0.000
05/13/06 02:25,0.000
05/13/06 02:30,0.000
05/13/06 02:35,0.000
05/13/06 02:40,0.000
05/13/06 02:45,0.000
05/13/06 02:50,0.000
05/13/06 02:55,0.000
05/13/06 03:00,0.000
05/13/06 03:05,0.000
05/13/06 03:10,0.000
05/13/06 03:15,0.000
05/13/06 03:20,0.000
05/13/06 03:25,0.000
05/13/06 03:30,0.000
05/13/06 03:35,0.000
05/13/06 03:40,0.000
05/13/06 03:45,0.000
05/13/06 03:50,0.000
05/13/06 03:55,0.000
05/13/06 04:00,0.000
05/13/06 04:05,0.000
05/13/06 04:10,0.000
05/13/06 04:15,0.000
05/13/06 04:20,0.000
05/13/06 04:25,0.000
05/13/06 04:30,0.000
05/13/06 04:35,0.000
05/13/06 04:40,0.000
05/13/06 04:45,0.000
05/13/06 04:50,0.000
05/13/06 04:55,0.000
05/13/06 05:00,0.000
05/13/06 05:05,0.000
05/13/06 05:10,0.001
05/13/06 05:15,0.002
05/13/06 05:20,0.003
05/13/06 05:25,0.006
05/13/06 05:30,0.010
05/13/06 05:35,0.019
05/13/06 05:40,0.035
05/13/06 05:45,0.060
05/13/06 05:50,0.081
05/13/06 05:55,0.091
05/13/06 06:00,0.102
05/13/06 06:05,0.113
05/13/06 06:10,0.124
05/13/06 06:15,0.135
05/13/06 06:20,0.146
05/13/06 06:25,0.156
05/13/06 06:30,0.167
05/13/06 06:35,0.178
05/13/06 06:40,0.190
05/13/06 06:45,0.202
05/13/06 06:50,0.214
05/13/06 06:55,0.227
05/13/06 07:00,0.240
05/13/06 07:05,0.253
05/13/06 07:10,0.264
05/13/06 07:15,0.275
05/13/06 07:20,0.286
05/13/06 07:25,0.296
05/13/06 07:30,0.306
05/13/06 07:35,0.316
05/13/06 07:40,0.325
05/13/06 07:45,0.333
05/13/06 07:50,0.340
05/13/06 07:55,0.347
05/13/06 08:00,0.355
05/13/06 08:05,0.364
05/13/06 08:10,0.377
05/13/06 08:15,0.388
05/13/06 08:20,0.398
05/13/06 08:25,0.409
05/13/06 08:30,0.417
05/13/06 08:35,0.424
05/13/06 08:40,0.429
05/13/06 08:45,0.437
05/13/06 08:50,0.447
05/13/06 08:55,0.455
05/13/06 09:00,0.461
05/13/06 09:05,0.467
05/13/06 09:10,0.477
05/13/06 09:15,0.483
05/13/06 09:20,0.489
05/13/06 09:25,0.494
05/13/06 09:30,0.499
05/13/06 09:35,0.504
05/13/06 09:40,0.510
05/13/06 09:45,0.518
05/13/06 09:50,0.525
05/13/06 09:55,0.534
05/13/06 10:00,0.544
05/13/06 10:05,0.552
05/13/06 10:10,0.558
05/13/06 10:15,0.562
05/13/06 10:20,0.566
05/13/06 10:25,0.569
05/13/06 10:30,0.571
05/13/06 10:35,0.573
05/13/06 10:40,0.576
05/13/06 10:45,0.579
05/13/06 10:50,0.582
05/13/06 10:55,0.585
05/13/06 11:00,0.587
05/13/06 11:05,0.588
05/13/06 11:10,0.588
05/13/06 11:15,0.585
05/13/06 11:20,0.582
05/13/06 11:25,0.579
05/13/06 11:30,0.574
05/13/06 11:35,0.568
05/13/06 11:40,0.562
05/13/06 11:45,0.557
05/13/06 11:50,0.552
05/13/06 11:55,0.548
05/13/06 12:00,0.547
05/13/06 12:05,0.546
05/13/06 12:10,0.544
05/13/06 12:15,0.542
05/13/06 12:20,0.540
05/13/06 12:25,0.537
05/13/06 12:30,0.534
05/13/06 12:35,0.532
05/13/06 12:40,0.532
05/13/06 12:45,0.532
05/13/06 12:50,0.530
05/13/06 12:55,0.530
05/13/06 13:00,0.530
05/13/06 13:05,0.530
05/13/06 13:10,0.528
05/13/06 13:15,0.526
05/13/06 13:20,0.523
05/13/06 13:25,0.517
05/13/06 13:30,0.512
05/13/06 13:35,0.507
05/13/06 13:40,0.502
05/13/06 13:45,0.498
05/13/06 13:50,0.494
05/13/06 13:55,0.492
05/13/06 14:00,0.496
05/13/06 14:05,0.497
05/13/06 14:10,0.496
05/13/06 14:15,0.493
05/13/06 14:20,0.491
05/13/06 14:25,0.488
05/13/06 14:30,0.484
05/13/06 14:35,0.479
05/13/06 14:40,0.474
05/13/06 14:45,0.469
05/13/06 14:50,0.463
05/13/06 14:55,0.458
05/13/06 15:00,0.449
05/13/06 15:05,0.439
05/13/06 15:10,0.429
05/13/06 15:15,0.418
05/13/06 15:20,0.404
05/13/06 15:25,0.393
05/13/06 15:30,0.384
05/13/06 15:35,0.375
05/13/06 15:40,0.364
05/13/06 15:45,0.350
05/13/06 15:50,0.335
05/13/06 15:55,0.318
05/13/06 16:00,0.307
05/13/06 16:05,0.297
05/13/06 16:10,0.286
05/13/06 16:15,0.274
05/13/06 16:20,0.263
05/13/06 16:25,0.253
05/13/06 16:30,0.242
05/13/06 16:35,0.230
05/13/06 16:40,0.218
05/13/06 16:45,0.206
05/13/06 16:50,0.193
05/13/06 16:55,0.180
05/13/06 17:00,0.167
05/13/06 17:05,0.154
05/13/06 17:10,0.142
05/13/06 17:15,0.129
05/13/06 17:20,0.117
05/13/06 17:25,0.105
05/13/06 17:30,0.093
05/13/06 17:35,0.083
05/13/06 17:40,0.066
05/13/06 17:45,0.039
05/13/06 17:50,0.023
05/13/06 17:55,0.012
05/13/06 18:00,0.007
05/13/06 18:05,0.003
05/13/06 18:10,0.002
05/13/06 18:15,0.001
05/13/06 18:20,0.000
05/13/06 18:25,0.000
05/13/06 18:30,0.000
05/13/06 18:35,0.000
05/13/06 18:40,0.000
05/13/06 18:45,0.000
05/13/06 18:50,0.000
05/13/06 18:55,0.000
05/13/06 19:00,0.000
05/13/06 19:05,0.000
05/13/06 19:10,0.000
05/13/06 19:15,0.000
05/13/06 19:20,0.000
05/13/06 19:25,0.000
05/13/06 19:30,0.000
05/13/06 19:35,0.000
05/13/06 19:40,0.000
05/13/06 19:45,0.000
05/13/06 19:50,0.000
05/13/06 19:55,0.000
05/13/06 20:00,0.000
05/13/06 20:05,0.000
05/13/06 20:10,0.000
05/13/06 20:15,0.000
05/13/06 20:20,0.000
05/13/06 20:25,0.000
05/13/06 20:30,0.000
05/13/06 20:35,0.000
05/13/06 20:40,0.000
05/13/06 20:45,0.000
05/13/06 20:50,0.000
05/13/06 20:55,0.000
05/13/06 21:00,0.000
05/13/06 21:05,0.000
05/13/06 21:10,0.000
05/13/06 21:15,0.000
05/13/06 21:20,0.000
05/13/06 21:25,0.000
05/13/06 21:30,0.000
05/13/06 21:35,0.000
05/13/06 21:40,0.000
05/13/06 21:45,0.000
05/13/06 21:50,0.000
05/13/06 21:55,0.000
05/13/06 22:00,0.000
05/13/06 22:05,0.000
05/13/06 22:10,0.000
05/13/06 22:15,0.000
05/13/06 22:20,0.000
05/13/06 22:25,0.000
05/13/06 22:30,0.000
05/13/06 22:35,0.000
05/13/06 22:40,0.000
05/13/06 22:45,0.000
05/13/06 22:50,0.000
05/13/06 22:55,0.000
05/13/06 23:00,0.000
05/13/06 23:05,0.000
05/13/06 23:10,0.000
05/13/06 23:15,0.000
05/13/06 23:20,0.000
05/13/06 23:25,0.000
05/13/06 23:30,0.000
05/13/06 23:35,0.000
05/13/06 23:40,0.000
05/13/06 23:45,0.000
05/13/06 23:50,0.000
05/13/06 23:55,0.000
05/14/06 00:00,0.000
05/14/06 00:05,0.000
05/14/06 00:10,0.000
05/14/06 00:15,0.000
05/14/06 00:20,0.000
05/14/06 00:25,0.000
05/14/06 00:30,0.000
05/14/06 00:35,0.000
05/14/06 00:40,0.000
05/14/06 00:45,0.000
05/14/06 00:50,0.000
05/14/06 00:55,0.000
05/14/06 01:00,0.000
05/14/06 01:05,0.000
05/14/06 01:10,0.000
05/14/06 01:15,0.000
05/14/06 01:20,0.000
05/14/06 01:25,0.000
05/14/06 01:30,0.000
05/14/06 01:35,0.000
05/14/06 01:40,0.000
05/14/06 01:45,0.000
05/14/06 01:50,0.000
05/14/06 01:55,0.000
05/14/06 02:00,0.000
05/14/06 02:05,0.000
05/14/06 02:10,0.000
05/14/06 02:15,0.000
05/14/06 02:20,0.000
05/14/06 02:25,0.000
05/14/06 02:30,0.000
05/14/06 02:35,0.000
05/14/06 02:40,0.000
05/14/06 02:45,0.000
05/14/06 02:50,0.000
05/14/06 02:55,0.000
05/14/06 03:00,0.000
05/14/06 03:05,0.000
05/14/06 03:10,0.000
05/14/06 03:15,0.000
05/14/06 03:20,0.000
05/14/06 03:25,0.000
05/14/06 03:30,0.000
05/14/06 03:35,0.000
05/14/06 03:40,0.000
05/14/06 03:45,0.000
05/14/06 03:50,0.000
05/14/06 03:55,0.000
05/14/06 04:00,0.000
05/14/06 04:05,0.000
05/14/06 04:10,0.000
05/14/06 04:15,0.000
05/14/06 04:20,0.000
05/14/06 04:25,0.000
05/14/06 04:30,0.000
05/14/06 04:35,0.000
05/14/06 04:40,0.000
05/14/06 04:45,0.000
05/14/06 04:50,0.000
05/14/06 04:55,0.000
05/14/06 05:00,0.000
05/14/06 05:05,0.000
05/14/06 05:10,0.001
05/14/06 05:15,0.001
05/14/06 05:20,0.003
05/14/06 05:25,0.005
05/14/06 05:30,0.009
05/14/06 05:35,0.015
05/14/06 05:40,0.027
05/14/06 05:45,0.046
05/14/06 05:50,0.075
05/14/06 05:55,0.087
05/14/06 06:00,0.097
05/14/06 06:05,0.108
05/14/06 06:10,0.119
05/14/06 06:15,0.131
05/14/06 06:20,0.143
05/14/06 06:25,0.156
05/14/06 06:30,0.169
05/14/06 06:35,0.182
05/14/06 06:40,0.195
05/14/06 06:45,0.209
05/14/06 06:50,0.223
05/14/06 06:55,0.235
05/14/06 07:00,0.248
05/14/06 07:05,0.261
05/14/06 07:10,0.274
05/14/06 07:15,0.285
05/14/06 07:20,0.296
05/14/06 07:25,0.308
05/14/06 07:30,0.319
05/14/06 07:35,0.331
05/14/06 07:40,0.342
05/14/06 07:45,0.352
05/14/06 07:50,0.362
05/14/06 07:55,0.371
05/14/06 08:00,0.380
05/14/06 08:05,0.389
05/14/06 08:10,0.400
05/14/06 08:15,0.408
05/14/06 08:20,0.417
05/14/06 08:25,0.427
05/14/06 08:30,0.434
05/14/06 08:35,0.443
05/14/06 08:40,0.449
05/14/06 08:45,0.456
05/14/06 08:50,0.463
05/14/06 08:55,0.472
05/14/06 09:00,0.481
05/14/06 09:05,0.487
05/14/06 09:10,0.492
05/14/06 09:15,0.497
05/14/06 09:20,0.501
05/14/06 09:25,0.505
05/14/06 09:30,0.509
05/14/06 09:35,0.513
05/14/06 09:40,0.519
05/14/06 09:45,0.525
05/14/06 09:50,0.530
05/14/06 09:55,0.535
05/14/06 10:00,0.539
05/14/06 10:05,0.542
05/14/06 10:10,0.543
05/14/06 10:15,0.544
05/14/06 10:20,0.545
05/14/06 10:25,0.545
05/14/06 10:30,0.544
05/14/06 10:35,0.542
05/14/06 10:40,0.540
05/14/06 10:45,0.537
05/14/06 10:50,0.532
05/14/06 10:55,0.529
05/14/06 11:00,0.530
05/14/06 11:05,0.531
05/14/06 11:10,0.532
05/14/06 11:15,0.532
05/14/06 11:20,0.533
05/14/06 11:25,0.532
05/14/06 11:30,0.531
05/14/06 11:35,0.531
05/14/06 11:40,0.530
05/14/06 11:45,0.529
05/14/06 11:50,0.528
05/14/06 11:55,0.527
05/14/06 12:00,0.529
05/14/06 12:05,0.532
05/14/06 12:10,0.535
05/14/06 12:15,0.537
05/14/06 12:20,0.538
05/14/06 12:25,0.538
05/14/06 12:30,0.537
05/14/06 12:35,0.537
05/14/06 12:40,0.537
05/14/06 12:45,0.536
05/14/06 12:50,0.536
05/14/06 12:55,0.533
05/14/06 13:00,0.527
05/14/06 13:05,0.521
05/14/06 13:10,0.514
05/14/06 13:15,0.507
05/14/06 13:20,0.499
05/14/06 13:25,0.488
05/14/06 13:30,0.475
05/14/06 13:35,0.459
05/14/06 13:40,0.444
05/14/06 13:45,0.431
05/14/06 13:50,0.420
05/14/06 13:55,0.411
05/14/06 14:00,0.407
05/14/06 14:05,0.401
05/14/06 14:10,0.395
05/14/06 14:15,0.390
05/14/06 14:20,0.384
05/14/06 14:25,0.378
05/14/06 14:30,0.373
05/14/06 14:35,0.368
05/14/06 14:40,0.363
05/14/06 14:45,0.358
05/14/06 14:50,0.352
05/14/06 14:55,0.346
05/14/06 15:00,0.339
05/14/06 15:05,0.333
05/14/06 15:10,0.327
05/14/06 15:15,0.320
05/14/06 15:20,0.308
05/14/06 15:25,0.297
05/14/06 15:30,0.286
05/14/06 15:35,0.276
05/14/06 15:40,0.266
05/14/06 15:45,0.257
05/14/06 15:50,0.248
05/14/06 15:55,0.238
05/14/06 16:00,0.229
05/14/06 16:05,0.220
05/14/06 16:10,0.211
05/14/06 16:15,0.204
05/14/06 16:20,0.195
05/14/06 16:25,0.186
05/14/06 16:30,0.177
05/14/06 16:35,0.168
05/14/06 16:40,0.159
05/14/06 16:45,0.150
05/14/06 16:50,0.140
05/14/06 16:55,0.132
05/14/06 17:00,0.123
05/14/06 17:05,0.114
05/14/06 17:10,0.105
05/14/06 17:15,0.097
05/14/06 17:20,0.088
05/14/06 17:25,0.080
05/14/06 17:30,0.070
05/14/06 17:35,0.048
05/14/06 17:40,0.033
05/14/06 17:45,0.023
05/14/06 17:50,0.016
05/14/06 17:55,0.012
05/14/06 18:00,0.008
05/14/06 18:05,0.005
05/14/06 18:10,0.003
05/14/06 18:15,0.002
05/14/06 18:20,0.001
05/14/06 18:25,0.001
05/14/06 18:30,0.000
05/14/06 18:35,0.000
05/14/06 18:40,0.000
05/14/06 18:45,0.000
05/14/06 18:50,0.000
05/14/06 18:55,0.000
05/14/06 19:00,0.000
05/14/06 19:05,0.000
05/14/06 19:10,0.000
05/14/06 19:15,0.000
05/14/06 19:20,0.000
05/14/06 19:25,0.000
05/14/06 19:30,0.000
05/14/06 19:35,0.000
05/14/06 19:40,0.000
05/14/06 19:45,0.000
05/14/06 19:50,0.000
05/14/06 19:55,0.000
05/14/06 20:00,0.000
05/14/06 20:05,0.000
05/14/06 20:10,0.000
05/14/06 20:15,0.000
05/14/06 20:20,0.000
05/14/06 20:25,0.000
05/14/06 20:30,0.000
05/14/06 20:35,0.000
05/14/06 20:40,0.000
05/14/06 20:45,0.000
05/14/06 20:50,0.000
05/14/06 20:55,0.000
05/14/06 21:00,0.000
05/14/06 21:05,0.000
05/14/06 21:10,0.000
05/14/06 21:15,0.000
05/14/06 21:20,0.000
05/14/06 21:25,0.000
05/14/06 21:30,0.000
05/14/06 21:35,0.000
05/14/06 21:40,0.000
05/14/06 21:45,0.000
05/14/06 21:50,0.000
05/14/06 21:55,0.000
05/14/06 22:00,0.000
05/14/06 22:05,0.000
05/14/06 22:10,0.000
05/14/06 22:15,0.000
05/14/06 22:20,0.000
05/14/06 22:25,0.000
05/14/06 22:30,0.000
05/14/06 22:35,0.000
05/14/06 22:40,0.000
05/14/06 22:45,0.000
05/14/06 22:50,0.000
05/14/06 22:55,0.000
05/14/06 23:00,0.000
05/14/06 23:05,0.000
05/14/06 23:10,0.000
05/14/06 23:15,0.000
05/14/06 23:20,0.000
05/14/06 23:25,0.000
05/14/06 23:30,0.000
05/14/06 23:35,0.000
05/14/06 23:40,0.000
05/14/06 23:45,0.000
05/14/06 23:50,0.000
05/14/06 23:55,0.000
05/15/06 00:00,0.000
05/15/06 00:05,0.000
05/15/06 00:10,0.000
05/15/06 00:15,0.000
05/15/06 00:20,0.000
05/15/06 00:25,0.000
05/15/06 00:30,0.000
05/15/06 00:35,0.000
05/15/06 00:40,0.000
05/15/06 00:45,0.000
05/15/06 00:50,0.000
05/15/06 00:55,0.000
05/15/06 01:00,0.000
05/15/06 01:05,0.000
05/15/06 01:10,0.000
05/15/06 01:15,0.000
05/15/06 01:20,0.000
05/15/06 01:25,0.000
05/15/06 01:30,0.000
05/15/06 01:35,0.000
05/15/06 01:40,0.000
05/15/06 01:45,0.000
05/15/06 01:50,0.000
05/15/06 01:55,0.000
05/15/06 02:00,0.000
05/15/06 02:05,0.000
05/15/06 02:10,0.000
05/15/06 02:15,0.000
05/15/06 02:20,0.000
05/15/06 02:25,0.000
05/15/06 02:30,0.000
05/15/06 02:35,0.000
05/15/06 02:40,0.000
05/15/06 02:45,0.000
05/15/06 02:50,0.000
05/15/06 02:55,0.000
05/15/06 03:00,0.000
05/15/06 03:05,0.000
05/15/06 03:10,0.000
05/15/06 03:15,0.000
05/15/06 03:20,0.000
05/15/06 03:25,0.000
05/15/06 03:30,0.000
05/15/06 03:35,0.000
05/15/06 03:40,0.000
05/15/06 03:45,0.000
05/15/06 03:50,0.000
05/15/06 03:55,0.000
05/15/06 04:00,0.000
05/15/06 04:05,0.000
05/15/06 04:10,0.000
05/15/06 04:15,0.000
05/15/06 04:20,0.000
05/15/06 04:25,0.000
05/15/06 04:30,0.000
05/15/06 04:35,0.000
05/15/06 04:40,0.000
05/15/06 04:45,0.000
05/15/06 04:50,0.000
05/15/06 04:55,0.000
05/15/06 05:00,0.000
05/15/06 05:05,0.001
05/15/06 05:10,0.001
05/15/06 05:15,0.002
05/15/06 05:20,0.003
05/15/06 05:25,0.005
05/15/06 05:30,0.008
05/15/06 05:35,0.014
05/15/06 05:40,0.024
05/15/06 05:45,0.038
05/15/06 05:50,0.061
05/15/06 05:55,0.080
05/15/06 06:00,0.089
05/15/06 06:05,0.099
05/15/06 06:10,0.109
05/15/06 06:15,0.119
05/15/06 06:20,0.130
05/15/06 06:25,0.141
05/15/06 06:30,0.153
05/15/06 06:35,0.164
05/15/06 06:40,0.176
05/15/06 06:45,0.188
05/15/06 06:50,0.200
05/15/06 06:55,0.213
05/15/06 07:00,0.225
05/15/06 07:05,0.237
05/15/06 07:10,0.249
05/15/06 07:15,0.260
05/15/06 07:20,0.271
05/15/06 07:25,0.281
05/15/06 07:30,0.292
05/15/06 07:35,0.304
05/15/06 07:40,0.315
05/15/06 07:45,0.327
05/15/06 07:50,0.337
05/15/06 07:55,0.348
05/15/06 08:00,0.367
05/15/06 08:05,0.383
05/15/06 08:10,0.397
05/15/06 08:15,0.405
05/15/06 08:20,0.412
05/15/06 08:25,0.421
05/15/06 08:30,0.430
05/15/06 08:35,0.438
05/15/06 08:40,0.447
05/15/06 08:45,0.455
05/15/06 08:50,0.462
05/15/06 08:55,0.468
05/15/06 09:00,0.473
05/15/06 09:05,0.476
05/15/06 09:10,0.478
05/15/06 09:15,0.476
05/15/06 09:20,0.473
05/15/06 09:25,0.471
05/15/06 09:30,0.467
05/15/06 09:35,0.463
05/15/06 09:40,0.461
05/15/06 09:45,0.462
05/15/06 09:50,0.462
05/15/06 09:55,0.462
05/15/06 10:00,0.468
05/15/06 10:05,0.468
05/15/06 10:10,0.471
05/15/06 10:15,0.473
05/15/06 10:20,0.476
05/15/06 10:25,0.483
05/15/06 10:30,0.492
05/15/06 10:35,0.509
05/15/06 10:40,0.527
05/15/06 10:45,0.537
05/15/06 10:50,0.547
05/15/06 10:55,0.558
05/15/06 11:00,0.567
05/15/06 11:05,0.572
05/15/06 11:10,0.575
05/15/06 11:15,0.577
05/15/06 11:20,0.580
05/15/06 11:25,0.584
05/15/06 11:30,0.583
05/15/06 11:35,0.585
05/15/06 11:40,0.584
05/15/06 11:45,0.581
05/15/06 11:50,0.581
05/15/06 11:55,0.583
05/15/06 12:00,0.585
05/15/06 12:05,0.586
05/15/06 12:10,0.583
05/15/06 12:15,0.579
05/15/06 12:20,0.575
05/15/06 12:25,0.571
05/15/06 12:30,0.569
05/15/06 12:35,0.566
05/15/06 12:40,0.562
05/15/06 12:45,0.558
05/15/06 12:50,0.553
05/15/06 12:55,0.549
05/15/06 13:00,0.545
05/15/06 13:05,0.543
05/15/06 13:10,0.541
05/15/06 13:15,0.539
05/15/06 13:20,0.535
05/15/06 13:25,0.530
05/15/06 13:30,0.525
05/15/06 13:35,0.520
05/15/06 13:40,0.516
05/15/06 13:45,0.513
05/15/06 13:50,0.508
05/15/06 13:55,0.503
05/15/06 14:00,0.498
05/15/06 14:05,0.492
05/15/06 14:10,0.486
05/15/06 14:15,0.479
05/15/06 14:20,0.472
05/15/06 14:25,0.464
05/15/06 14:30,0.456
05/15/06 14:35,0.452
05/15/06 14:40,0.447
05/15/06 14:45,0.439
05/15/06 14:50,0.431
05/15/06 14:55,0.421
05/15/06 15:00,0.418
05/15/06 15:05,0.418
05/15/06 15:10,0.416
05/15/06 15:15,0.411
05/15/06 15:20,0.402
05/15/06 15:25,0.394
05/15/06 15:30,0.385
05/15/06 15:35,0.375
05/15/06 15:40,0.365
05/15/06 15:45,0.353
05/15/06 15:50,0.341
05/15/06 15:55,0.327
05/15/06 16:00,0.313
05/15/06 16:05,0.300
05/15/06 16:10,0.286
05/15/06 16:15,0.273
05/15/06 16:20,0.260
05/15/06 16:25,0.246
05/15/06 16:30,0.232
05/15/06 16:35,0.218
05/15/06 16:40,0.204
05/15/06 16:45,0.190
05/15/06 16:50,0.177
05/15/06 16:55,0.164
05/15/06 17:00,0.152
05/15/06 17:05,0.139
05/15/06 17:10,0.127
05/15/06 17:15,0.116
05/15/06 17:20,0.105
05/15/06 17:25,0.095
05/15/06 17:30,0.085
05/15/06 17:35,0.076
05/15/06 17:40,0.053
05/15/06 17:45,0.034
05/15/06 17:50,0.021
05/15/06 17:55,0.013
05/15/06 18:00,0.007
05/15/06 18:05,0.004
05/15/06 18:10,0.002
05/15/06 18:15,0.001
05/15/06 18:20,0.000
05/15/06 18:25,0.000
05/15/06 18:30,0.000
05/15/06 18:35,0.000
05/15/06 18:40,0.000
05/15/06 18:45,0.000
05/15/06 18:50,0.000
05/15/06 18:55,0.000
05/15/06 19:00,0.000
05/15/06 19:05,0.000
05/15/06 19:10,0.000
05/15/06 19:15,0.000
05/15/06 19:20,0.000
05/15/06 19:25,0.000
05/15/06 19:30,0.000
05/15/06 19:35,0.000
05/15/06 19:40,0.000
05/15/06 19:45,0.000
05/15/06 19:50,0.000
05/15/06 19:55,0.000
05/15/06 20:00,0.000
05/15/06 20:05,0.000
05/15/06 20:10,0.000
05/15/06 20:15,0.000
05/15/06 20:20,0.000
05/15/06 20:25,0.000
05/15/06 20:30,0.000
05/15/06 20:35,0.000
05/15/06 20:40,0.000
05/15/06 20:45,0.000
05/15/06 20:50,0.000
05/15/06 20:55,0.000
05/15/06 21:00,0.000
05/15/06 21:05,0.000
05/15/06 21:10,0.000
05/15/06 21:15,0.000
05/15/06 21:20,0.000
05/15/06 21:25,0.000
05/15/06 21:30,0.000
05/15/06 21:35,0.000
05/15/06 21:40,0.000
05/15/06 21:45,0.000
05/15/06 21:50,0.000
05/15/06 21:55,0.000
05/15/06 22:00,0.000
05/15/06 22:05,0.000
05/15/06 22:10,0.000
05/15/06 22:15,0.000
05/15/06 22:20,0.000
05/15/06 22:25,0.000
05/15/06 22:30,0.000
05/15/06 22:35,0.000
05/15/06 22:40,0.000
05/15/06 22:45,0.000
05/15/06 22:50,0.000
05/15/06 22:55,0.000
05/15/06 23:00,0.000
05/15/06 23:05,0.000
05/15/06 23:10,0.000
05/15/06 23:15,0.000
05/15/06 23:20,0.000
05/15/06 23:25,0.000
05/15/06 23:30,0.000
05/15/06 23:35,0.000
05/15/06 23:40,0.000
05/15/06 23:45,0.000
05/15/06 23:50,0.000
05/15/06 23:55,0.000
05/16/06 00:00,0.000
05/16/06 00:05,0.000
05/16/06 00:10,0.000
05/16/06 00:15,0.000
05/16/06 00:20,0.000
05/16/06 00:25,0.000
05/16/06 00:30,0.000
05/16/06 00:35,0.000
05/16/06 00:40,0.000
05/16/06 00:45,0.000
05/16/06 00:50,0.000
05/16/06 00:55,0.000
05/16/06 01:00,0.000
05/16/06 01:05,0.000
05/16/06 01:10,0.000
05/16/06 01:15,0.000
05/16/06 01:20,0.000
05/16/06 01:25,0.000
05/16/06 01:30,0.000
05/16/06 01:35,0.000
05/16/06 01:40,0.000
05/16/06 01:45,0.000
05/16/06 01:50,0.000
05/16/06 01:55,0.000
05/16/06 02:00,0.000
05/16/06 02:05,0.000
05/16/06 02:10,0.000
05/16/06 02:15,0.000
05/16/06 02:20,0.000
05/16/06 02:25,0.000
05/16/06 02:30,0.000
05/16/06 02:35,0.000
05/16/06 02:40,0.000
05/16/06 02:45,0.000
05/16/06 02:50,0.000
05/16/06 02:55,0.000
05/16/06 03:00,0.000
05/16/06 03:05,0.000
05/16/06 03:10,0.000
05/16/06 03:15,0.000
05/16/06 03:20,0.000
05/16/06 03:25,0.000
05/16/06 03:30,0.000
05/16/06 03:35,0.000
05/16/06 03:40,0.000
05/16/06 03:45,0.000
05/16/06 03:50,0.000
05/16/06 03:55,0.000
05/16/06 04:00,0.000
05/16/06 04:05,0.000
05/16/06 04:10,0.000
05/16/06 04:15,0.000
05/16/06 04:20,0.000
05/16/06 04:25,0.000
05/16/06 04:30,0.000
05/16/06 04:35,0.000
05/16/06 04:40,0.000
05/16/06 04:45,0.000
05/16/06 04:50,0.000
05/16/06 04:55,0.000
05/16/06 05:00,0.000
05/16/06 05:05,0.001
05/16/06 05:10,0.001
05/16/06 05:15,0.002
05/16/06 05:20,0.003
05/16/06 05:25,0.006
05/16/06 05:30,0.011
05/16/06 05:35,0.021
05/16/06 05:40,0.037
05/16/06 05:45,0.062
05/16/06 05:50,0.080
05/16/06 05:55,0.090
05/16/06 06:00,0.101
05/16/06 06:05,0.111
05/16/06 06:10,0.122
05/16/06 06:15,0.132
05/16/06 06:20,0.144
05/16/06 06:25,0.156
05/16/06 06:30,0.167
05/16/06 06:35,0.178
05/16/06 06:40,0.191
05/16/06 06:45,0.202
05/16/06 06:50,0.215
05/16/06 06:55,0.228
05/16/06 07:00,0.242
05/16/06 07:05,0.257
05/16/06 07:10,0.264
05/16/06 07:15,0.272
05/16/06 07:20,0.284
05/16/06 07:25,0.305
05/16/06 07:30,0.330
05/16/06 07:35,0.355
05/16/06 07:40,0.367
05/16/06 07:45,0.365
05/16/06 07:50,0.348
05/16/06 07:55,0.332
05/16/06 08:00,0.346
05/16/06 08:05,0.342
05/16/06 08:10,0.341
05/16/06 08:15,0.319
05/16/06 08:20,0.341
05/16/06 08:25,0.378
05/16/06 08:30,0.401
05/16/06 08:35,0.418
05/16/06 08:40,0.425
05/16/06 08:45,0.418
05/16/06 08:50,0.426
05/16/06 08:55,0.426
05/16/06 09:00,0.423
05/16/06 09:05,0.436
05/16/06 09:10,0.432
05/16/06 09:15,0.419
05/16/06 09:20,0.408
05/16/06 09:25,0.366
05/16/06 09:30,0.330
05/16/06 09:35,0.339
05/16/06 09:40,0.377
05/16/06 09:45,0.411
05/16/06 09:50,0.419
05/16/06 09:55,0.424
05/16/06 10:00,0.447
05/16/06 10:05,0.414
05/16/06 10:10,0.388
05/16/06 10:15,0.324
05/16/06 10:20,0.280
05/16/06 10:25,0.256
05/16/06 10:30,0.269
05/16/06 10:35,0.312
05/16/06 10:40,0.351
05/16/06 10:45,0.337
05/16/06 10:50,0.265
05/16/06 10:55,0.255
05/16/06 11:00,0.301
05/16/06 11:05,0.331
05/16/06 11:10,0.371
05/16/06 11:15,0.407
05/16/06 11:20,0.412
05/16/06 11:25,0.391
05/16/06 11:30,0.396
05/16/06 11:35,0.415
05/16/06 11:40,0.451
05/16/06 11:45,0.415
05/16/06 11:50,0.391
05/16/06 11:55,0.349
05/16/06 12:00,0.376
05/16/06 12:05,0.389
05/16/06 12:10,0.334
05/16/06 12:15,0.285
05/16/06 12:20,0.249
05/16/06 12:25,0.218
05/16/06 12:30,0.196
05/16/06 12:35,0.186
05/16/06 12:40,0.184
05/16/06 12:45,0.185
05/16/06 12:50,0.206
05/16/06 12:55,0.216
05/16/06 13:00,0.220
05/16/06 13:05,0.298
05/16/06 13:10,0.372
05/16/06 13:15,0.418
05/16/06 13:20,0.443
05/16/06 13:25,0.457
05/16/06 13:30,0.464
05/16/06 13:35,0.443
05/16/06 13:40,0.434
05/16/06 13:45,0.425
05/16/06 13:50,0.414
05/16/06 13:55,0.396
05/16/06 14:00,0.354
05/16/06 14:05,0.307
05/16/06 14:10,0.255
05/16/06 14:15,0.208
05/16/06 14:20,0.202
05/16/06 14:25,0.215
05/16/06 14:30,0.283
05/16/06 14:35,0.326
05/16/06 14:40,0.347
05/16/06 14:45,0.357
05/16/06 14:50,0.370
05/16/06 14:55,0.377
05/16/06 15:00,0.385
05/16/06 15:05,0.388
05/16/06 15:10,0.385
05/16/06 15:15,0.380
05/16/06 15:20,0.370
05/16/06 15:25,0.362
05/16/06 15:30,0.350
05/16/06 15:35,0.339
05/16/06 15:40,0.327
05/16/06 15:45,0.315
05/16/06 15:50,0.302
05/16/06 15:55,0.290
05/16/06 16:00,0.279
05/16/06 16:05,0.269
05/16/06 16:10,0.258
05/16/06 16:15,0.247
05/16/06 16:20,0.235
05/16/06 16:25,0.224
05/16/06 16:30,0.213
05/16/06 16:35,0.202
05/16/06 16:40,0.191
05/16/06 16:45,0.179
05/16/06 16:50,0.167
05/16/06 16:55,0.156
05/16/06 17:00,0.144
05/16/06 17:05,0.132
05/16/06 17:10,0.120
05/16/06 17:15,0.109
05/16/06 17:20,0.099
05/16/06 17:25,0.089
05/16/06 17:30,0.080
05/16/06 17:35,0.068
05/16/06 17:40,0.041
05/16/06 17:45,0.024
05/16/06 17:50,0.014
05/16/06 17:55,0.008
05/16/06 18:00,0.005
05/16/06 18:05,0.002
05/16/06 18:10,0.001
05/16/06 18:15,0.001
05/16/06 18:20,0.000
05/16/06 18:25,0.000
05/16/06 18:30,0.000
05/16/06 18:35,0.000
05/16/06 18:40,0.000
05/16/06 18:45,0.000
05/16/06 18:50,0.000
05/16/06 18:55,0.000
05/16/06 19:00,0.000
05/16/06 19:05,0.000
05/16/06 19:10,0.000
05/16/06 19:15,0.000
05/16/06 19:20,0.000
05/16/06 19:25,0.000
05/16/06 19:30,0.000
05/16/06 19:35,0.000
05/16/06 19:40,0.000
05/16/06 19:45,0.000
05/16/06 19:50,0.000
05/16/06 19:55,0.000
05/16/06 20:00,0.000
05/16/06 20:05,0.000
05/16/06 20:10,0.000
05/16/06 20:15,0.000
05/16/06 20:20,0.000
05/16/06 20:25,0.000
05/16/06 20:30,0.000
05/16/06 20:35,0.000
05/16/06 20:40,0.000
05/16/06 20:45,0.000
05/16/06 20:50,0.000
05/16/06 20:55,0.000
05/16/06 21:00,0.000
05/16/06 21:05,0.000
05/16/06 21:10,0.000
05/16/06 21:15,0.000
05/16/06 21:20,0.000
05/16/06 21:25,0.000
05/16/06 21:30,0.000
05/16/06 21:35,0.000
05/16/06 21:40,0.000
05/16/06 21:45,0.000
05/16/06 21:50,0.000
05/16/06 21:55,0.000
05/16/06 22:00,0.000
05/16/06 22:05,0.000
05/16/06 22:10,0.000
05/16/06 22:15,0.000
05/16/06 22:20,0.000
05/16/06 22:25,0.000
05/16/06 22:30,0.000
05/16/06 22:35,0.000
05/16/06 22:40,0.000
05/16/06 22:45,0.000
05/16/06 22:50,0.000
05/16/06 22:55,0.000
05/16/06 23:00,0.000
05/16/06 23:05,0.000
05/16/06 23:10,0.000
05/16/06 23:15,0.000
05/16/06 23:20,0.000
05/16/06 23:25,0.000
05/16/06 23:30,0.000
05/16/06 23:35,0.000
05/16/06 23:40,0.000
05/16/06 23:45,0.000
05/16/06 23:50,0.000
05/16/06 23:55,0.000
05/17/06 00:00,0.000
05/17/06 00:05,0.000
05/17/06 00:10,0.000
05/17/06 00:15,0.000
05/17/06 00:20,0.000
05/17/06 00:25,0.000
05/17/06 00:30,0.000
05/17/06 00:35,0.000
05/17/06 00:40,0.000
05/17/06 00:45,0.000
05/17/06 00:50,0.000
05/17/06 00:55,0.000
05/17/06 01:00,0.000
05/17/06 01:05,0.000
05/17/06 01:10,0.000
05/17/06 01:15,0.000
05/17/06 01:20,0.000
05/17/06 01:25,0.000
05/17/06 01:30,0.000
05/17/06 01:35,0.000
05/17/06 01:40,0.000
05/17/06 01:45,0.000
05/17/06 01:50,0.000
05/17/06 01:55,0.000
05/17/06 02:00,0.000
05/17/06 02:05,0.000
05/17/06 02:10,0.000
05/17/06 02:15,0.000
05/17/06 02:20,0.000
05/17/06 02:25,0.000
05/17/06 02:30,0.000
05/17/06 02:35,0.000
05/17/06 02:40,0.000
05/17/06 02:45,0.000
05/17/06 02:50,0.000
05/17/06 02:55,0.000
05/17/06 03:00,0.000
05/17/06 03:05,0.000
05/17/06 03:10,0.000
05/17/06 03:15,0.000
05/17/06 03:20,0.000
05/17/06 03:25,0.000
05/17/06 03:30,0.000
05/17/06 03:35,0.000
05/17/06 03:40,0.000
05/17/06 03:45,0.000
05/17/06 03:50,0.000
05/17/06 03:55,0.000
05/17/06 04:00,0.000
05/17/06 04:05,0.000
05/17/06 04:10,0.000
05/17/06 04:15,0.000
05/17/06 04:20,0.000
05/17/06 04:25,0.000
05/17/06 04:30,0.000
05/17/06 04:35,0.000
05/17/06 04:40,0.000
05/17/06 04:45,0.000
05/17/06 04:50,0.000
05/17/06 04:55,0.000
05/17/06 05:00,0.001
05/17/06 05:05,0.001
05/17/06 05:10,0.001
05/17/06 05:15,0.002
05/17/06 05:20,0.004
05/17/06 05:25,0.007
05/17/06 05:30,0.012
05/17/06 05:35,0.021
05/17/06 05:40,0.036
05/17/06 05:45,0.060
05/17/06 05:50,0.080
05/17/06 05:55,0.090
05/17/06 06:00,0.101
05/17/06 06:05,0.112
05/17/06 06:10,0.124
05/17/06 06:15,0.136
05/17/06 06:20,0.148
05/17/06 06:25,0.160
05/17/06 06:30,0.173
05/17/06 06:35,0.186
05/17/06 06:40,0.199
05/17/06 06:45,0.212
05/17/06 06:50,0.225
05/17/06 06:55,0.239
05/17/06 07:00,0.251
05/17/06 07:05,0.264
05/17/06 07:10,0.276
05/17/06 07:15,0.289
05/17/06 07:20,0.303
05/17/06 07:25,0.316
05/17/06 07:30,0.329
05/17/06 07:35,0.343
05/17/06 07:40,0.355
05/17/06 07:45,0.366
05/17/06 07:50,0.377
05/17/06 07:55,0.388
05/17/06 08:00,0.399
05/17/06 08:05,0.410
05/17/06 08:10,0.424
05/17/06 08:15,0.433
05/17/06 08:20,0.443
05/17/06 08:25,0.452
05/17/06 08:30,0.462
05/17/06 08:35,0.470
05/17/06 08:40,0.479
05/17/06 08:45,0.487
05/17/06 08:50,0.494
05/17/06 08:55,0.501
05/17/06 09:00,0.506
05/17/06 09:05,0.511
05/17/06 09:10,0.516
05/17/06 09:15,0.520
05/17/06 09:20,0.523
05/17/06 09:25,0.527
05/17/06 09:30,0.530
05/17/06 09:35,0.533
05/17/06 09:40,0.536
05/17/06 09:45,0.537
05/17/06 09:50,0.539
05/17/06 09:55,0.543
05/17/06 10:00,0.544
05/17/06 10:05,0.546
05/17/06 10:10,0.548
05/17/06 10:15,0.549
05/17/06 10:20,0.551
05/17/06 10:25,0.553
05/17/06 10:30,0.554
05/17/06 10:35,0.555
05/17/06 10:40,0.555
05/17/06 10:45,0.555
05/17/06 10:50,0.555
05/17/06 10:55,0.555
05/17/06 11:00,0.555
05/17/06 11:05,0.556
05/17/06 11:10,0.559
05/17/06 11:15,0.563
05/17/06 11:20,0.568
05/17/06 11:25,0.571
05/17/06 11:30,0.572
05/17/06 11:35,0.572
05/17/06 11:40,0.572
05/17/06 11:45,0.573
05/17/06 11:50,0.575
05/17/06 11:55,0.577
05/17/06 12:00,0.576
05/17/06 12:05,0.573
05/17/06 12:10,0.571
05/17/06 12:15,0.569
05/17/06 12:20,0.567
05/17/06 12:25,0.564
05/17/06 12:30,0.561
05/17/06 12:35,0.557
05/17/06 12:40,0.554
05/17/06 12:45,0.550
05/17/06 12:50,0.544
05/17/06 12:55,0.540
05/17/06 13:00,0.537
05/17/06 13:05,0.536
05/17/06 13:10,0.534
05/17/06 13:15,0.534
05/17/06 13:20,0.533
05/17/06 13:25,0.533
05/17/06 13:30,0.531
05/17/06 13:35,0.529
05/17/06 13:40,0.528
05/17/06 13:45,0.526
05/17/06 13:50,0.522
05/17/06 13:55,0.518
05/17/06 14:00,0.513
05/17/06 14:05,0.503
05/17/06 14:10,0.495
05/17/06 14:15,0.488
05/17/06 14:20,0.482
05/17/06 14:25,0.476
05/17/06 14:30,0.470
05/17/06 14:35,0.466
05/17/06 14:40,0.460
05/17/06 14:45,0.453
05/17/06 14:50,0.445
05/17/06 14:55,0.437
05/17/06 15:00,0.430
05/17/06 15:05,0.421
05/17/06 15:10,0.410
05/17/06 15:15,0.399
05/17/06 15:20,0.386
05/17/06 15:25,0.375
05/17/06 15:30,0.364
05/17/06 15:35,0.352
05/17/06 15:40,0.342
05/17/06 15:45,0.330
05/17/06 15:50,0.320
05/17/06 15:55,0.309
05/17/06 16:00,0.299
05/17/06 16:05,0.287
05/17/06 16:10,0.276
05/17/06 16:15,0.264
05/17/06 16:20,0.251
05/17/06 16:25,0.239
05/17/06 16:30,0.227
05/17/06 16:35,0.214
05/17/06 16:40,0.202
05/17/06 16:45,0.190
05/17/06 16:50,0.178
05/17/06 16:55,0.166
05/17/06 17:00,0.154
05/17/06 17:05,0.140
05/17/06 17:10,0.127
05/17/06 17:15,0.115
05/17/06 17:20,0.103
05/17/06 17:25,0.092
05/17/06 17:30,0.082
05/17/06 17:35,0.073
05/17/06 17:40,0.047
05/17/06 17:45,0.029
05/17/06 17:50,0.017
05/17/06 17:55,0.010
05/17/06 18:00,0.005
05/17/06 18:05,0.003
05/17/06 18:10,0.001
05/17/06 18:15,0.001
05/17/06 18:20,0.000
05/17/06 18:25,0.000
05/17/06 18:30,0.000
05/17/06 18:35,0.000
05/17/06 18:40,0.000
05/17/06 18:45,0.000
05/17/06 18:50,0.000
05/17/06 18:55,0.000
05/17/06 19:00,0.000
05/17/06 19:05,0.000
05/17/06 19:10,0.000
05/17/06 19:15,0.000
05/17/06 19:20,0.000
05/17/06 19:25,0.000
05/17/06 19:30,0.000
05/17/06 19:35,0.000
05/17/06 19:40,0.000
05/17/06 19:45,0.000
05/17/06 19:50,0.000
05/17/06 19:55,0.000
05/17/06 20:00,0.000
05/17/06 20:05,0.000
05/17/06 20:10,0.000
05/17/06 20:15,0.000
05/17/06 20:20,0.000
05/17/06 20:25,0.000
05/17/06 20:30,0.000
05/17/06 20:35,0.000
05/17/06 20:40,0.000
05/17/06 20:45,0.000
05/17/06 20:50,0.000
05/17/06 20:55,0.000
05/17/06 21:00,0.000
05/17/06 21:05,0.000
05/17/06 21:10,0.000
05/17/06 21:15,0.000
05/17/06 21:20,0.000
05/17/06 21:25,0.000
05/17/06 21:30,0.000
05/17/06 21:35,0.000
05/17/06 21:40,0.000
05/17/06 21:45,0.000
05/17/06 21:50,0.000
05/17/06 21:55,0.000
05/17/06 22:00,0.000
05/17/06 22:05,0.000
05/17/06 22:10,0.000
05/17/06 22:15,0.000
05/17/06 22:20,0.000
05/17/06 22:25,0.000
05/17/06 22:30,0.000
05/17/06 22:35,0.000
05/17/06 22:40,0.000
05/17/06 22:45,0.000
05/17/06 22:50,0.000
05/17/06 22:55,0.000
05/17/06 23:00,0.000
05/17/06 23:05,0.000
05/17/06 23:10,0.000
05/17/06 23:15,0.000
05/17/06 23:20,0.000
05/17/06 23:25,0.000
05/17/06 23:30,0.000
05/17/06 23:35,0.000
05/17/06 23:40,0.000
05/17/06 23:45,0.000
05/17/06 23:50,0.000
05/17/06 23:55,0.000
05/18/06 00:00,0.000
05/18/06 00:05,0.000
05/18/06 00:10,0.000
05/18/06 00:15,0.000
05/18/06 00:20,0.000
05/18/06 00:25,0.000
05/18/06 00:30,0.000
05/18/06 00:35,0.000
05/18/06 00:40,0.000
05/18/06 00:45,0.000
05/18/06 00:50,0.000
05/18/06 00:55,0.000
05/18/06 01:00,0.000
05/18/06 01:05,0.000
05/18/06 01:10,0.000
05/18/06 01:15,0.000
05/18/06 01:20,0.000
05/18/06 01:25,0.000
05/18/06 01:30,0.000
05/18/06 01:35,0.000
05/18/06 01:40,0.000
05/18/06 01:45,0.000
05/18/06 01:50,0.000
05/18/06 01:55,0.000
05/18/06 02:00,0.000
05/18/06 02:05,0.000
05/18/06 02:10,0.000
05/18/06 02:15,0.000
05/18/06 02:20,0.000
05/18/06 02:25,0.000
05/18/06 02:30,0.000
05/18/06 02:35,0.000
05/18/06 02:40,0.000
05/18/06 02:45,0.000
05/18/06 02:50,0.000
05/18/06 02:55,0.000
05/18/06 03:00,0.000
05/18/06 03:05,0.000
05/18/06 03:10,0.000
05/18/06 03:15,0.000
05/18/06 03:20,0.000
05/18/06 03:25,0.000
05/18/06 03:30,0.000
05/18/06 03:35,0.000
05/18/06 03:40,0.000
05/18/06 03:45,0.000
05/18/06 03:50,0.000
05/18/06 03:55,0.000
05/18/06 04:00,0.000
05/18/06 04:05,0.000
05/18/06 04:10,0.000
05/18/06 04:15,0.000
05/18/06 04:20,0.000
05/18/06 04:25,0.000
05/18/06 04:30,0.000
05/18/06 04:35,0.000
05/18/06 04:40,0.000
05/18/06 04:45,0.000
05/18/06 04:50,0.000
05/18/06 04:55,0.000
05/18/06 05:00,0.000
05/18/06 05:05,0.001
05/18/06 05:10,0.001
05/18/06 05:15,0.002
05/18/06 05:20,0.004
05/18/06 05:25,0.007
05/18/06 05:30,0.011
05/18/06 05:35,0.020
05/18/06 05:40,0.034
05/18/06 05:45,0.056
05/18/06 05:50,0.077
05/18/06 05:55,0.087
05/18/06 06:00,0.098
05/18/06 06:05,0.110
05/18/06 06:10,0.121
05/18/06 06:15,0.133
05/18/06 06:20,0.146
05/18/06 06:25,0.158
05/18/06 06:30,0.171
05/18/06 06:35,0.185
05/18/06 06:40,0.198
05/18/06 06:45,0.211
05/18/06 06:50,0.224
05/18/06 06:55,0.235
05/18/06 07:00,0.242
05/18/06 07:05,0.237
05/18/06 07:10,0.238
05/18/06 07:15,0.256
05/18/06 07:20,0.273
05/18/06 07:25,0.285
05/18/06 07:30,0.294
05/18/06 07:35,0.303
05/18/06 07:40,0.312
05/18/06 07:45,0.320
05/18/06 07:50,0.335
05/18/06 07:55,0.345
05/18/06 08:00,0.352
05/18/06 08:05,0.351
05/18/06 08:10,0.333
05/18/06 08:15,0.304
05/18/06 08:20,0.317
05/18/06 08:25,0.328
05/18/06 08:30,0.330
05/18/06 08:35,0.301
05/18/06 08:40,0.325
05/18/06 08:45,0.338
05/18/06 08:50,0.350
05/18/06 08:55,0.351
05/18/06 09:00,0.355
05/18/06 09:05,0.366
05/18/06 09:10,0.394
05/18/06 09:15,0.412
05/18/06 09:20,0.419
05/18/06 09:25,0.427
05/18/06 09:30,0.429
05/18/06 09:35,0.439
05/18/06 09:40,0.394
05/18/06 09:45,0.368
05/18/06 09:50,0.356
05/18/06 09:55,0.353
05/18/06 10:00,0.386
05/18/06 10:05,0.434
05/18/06 10:10,0.448
05/18/06 10:15,0.454
05/18/06 10:20,0.443
05/18/06 10:25,0.461
05/18/06 10:30,0.479
05/18/06 10:35,0.435
05/18/06 10:40,0.411
05/18/06 10:45,0.438
05/18/06 10:50,0.447
05/18/06 10:55,0.458
05/18/06 11:00,0.477
05/18/06 11:05,0.481
05/18/06 11:10,0.449
05/18/06 11:15,0.388
05/18/06 11:20,0.307
05/18/06 11:25,0.323
05/18/06 11:30,0.388
05/18/06 11:35,0.420
05/18/06 11:40,0.422
05/18/06 11:45,0.431
05/18/06 11:50,0.434
05/18/06 11:55,0.443
05/18/06 12:00,0.467
05/18/06 12:05,0.479
05/18/06 12:10,0.493
05/18/06 12:15,0.510
05/18/06 12:20,0.516
05/18/06 12:25,0.514
05/18/06 12:30,0.478
05/18/06 12:35,0.482
05/18/06 12:40,0.493
05/18/06 12:45,0.494
05/18/06 12:50,0.497
05/18/06 12:55,0.507
05/18/06 13:00,0.502
05/18/06 13:05,0.502
05/18/06 13:10,0.506
05/18/06 13:15,0.506
05/18/06 13:20,0.508
05/18/06 13:25,0.505
05/18/06 13:30,0.506
05/18/06 13:35,0.503
05/18/06 13:40,0.505
05/18/06 13:45,0.508
05/18/06 13:50,0.513
05/18/06 13:55,0.512
05/18/06 14:00,0.502
05/18/06 14:05,0.493
05/18/06 14:10,0.483
05/18/06 14:15,0.472
05/18/06 14:20,0.463
05/18/06 14:25,0.457
05/18/06 14:30,0.449
05/18/06 14:35,0.442
05/18/06 14:40,0.435
05/18/06 14:45,0.430
05/18/06 14:50,0.424
05/18/06 14:55,0.417
05/18/06 15:00,0.409
05/18/06 15:05,0.401
05/18/06 15:10,0.393
05/18/06 15:15,0.384
05/18/06 15:20,0.372
05/18/06 15:25,0.363
05/18/06 15:30,0.352
05/18/06 15:35,0.341
05/18/06 15:40,0.330
05/18/06 15:45,0.318
05/18/06 15:50,0.303
05/18/06 15:55,0.288
05/18/06 16:00,0.278
05/18/06 16:05,0.269
05/18/06 16:10,0.259
05/18/06 16:15,0.250
05/18/06 16:20,0.243
05/18/06 16:25,0.235
05/18/06 16:30,0.226
05/18/06 16:35,0.217
05/18/06 16:40,0.209
05/18/06 16:45,0.200
05/18/06 16:50,0.190
05/18/06 16:55,0.179
05/18/06 17:00,0.155
05/18/06 17:05,0.123
05/18/06 17:10,0.106
05/18/06 17:15,0.093
05/18/06 17:20,0.084
05/18/06 17:25,0.075
05/18/06 17:30,0.056
05/18/06 17:35,0.039
05/18/06 17:40,0.024
05/18/06 17:45,0.013
05/18/06 17:50,0.008
05/18/06 17:55,0.004
05/18/06 18:00,0.003
05/18/06 18:05,0.001
05/18/06 18:10,0.001
05/18/06 18:15,0.001
05/18/06 18:20,0.000
05/18/06 18:25,0.000
05/18/06 18:30,0.000
05/18/06 18:35,0.000
05/18/06 18:40,0.000
05/18/06 18:45,0.000
05/18/06 18:50,0.000
05/18/06 18:55,0.000
05/18/06 19:00,0.000
05/18/06 19:05,0.000
05/18/06 19:10,0.000
05/18/06 19:15,0.000
05/18/06 19:20,0.000
05/18/06 19:25,0.000
05/18/06 19:30,0.000
05/18/06 19:35,0.000
05/18/06 19:40,0.000
05/18/06 19:45,0.000
05/18/06 19:50,0.000
05/18/06 19:55,0.000
05/18/06 20:00,0.000
05/18/06 20:05,0.000
05/18/06 20:10,0.000
05/18/06 20:15,0.000
05/18/06 20:20,0.000
05/18/06 20:25,0.000
05/18/06 20:30,0.000
05/18/06 20:35,0.000
05/18/06 20:40,0.000
05/18/06 20:45,0.000
05/18/06 20:50,0.000
05/18/06 20:55,0.000
05/18/06 21:00,0.000
05/18/06 21:05,0.000
05/18/06 21:10,0.000
05/18/06 21:15,0.000
05/18/06 21:20,0.000
05/18/06 21:25,0.000
05/18/06 21:30,0.000
05/18/06 21:35,0.000
05/18/06 21:40,0.000
05/18/06 21:45,0.000
05/18/06 21:50,0.000
05/18/06 21:55,0.000
05/18/06 22:00,0.000
05/18/06 22:05,0.000
05/18/06 22:10,0.000
05/18/06 22:15,0.000
05/18/06 22:20,0.000
05/18/06 22:25,0.000
05/18/06 22:30,0.000
05/18/06 22:35,0.000
05/18/06 22:40,0.000
05/18/06 22:45,0.000
05/18/06 22:50,0.000
05/18/06 22:55,0.000
05/18/06 23:00,0.000
05/18/06 23:05,0.000
05/18/06 23:10,0.000
05/18/06 23:15,0.000
05/18/06 23:20,0.000
05/18/06 23:25,0.000
05/18/06 23:30,0.000
05/18/06 23:35,0.000
05/18/06 23:40,0.000
05/18/06 23:45,0.000
05/18/06 23:50,0.000
05/18/06 23:55,0.000
05/19/06 00:00,0.000
05/19/06 00:05,0.000
05/19/06 00:10,0.000
05/19/06 00:15,0.000
05/19/06 00:20,0.000
05/19/06 00:25,0.000
05/19/06 00:30,0.000
05/19/06 00:35,0.000
05/19/06 00:40,0.000
05/19/06 00:45,0.000
05/19/06 00:50,0.000
05/19/06 00:55,0.000
05/19/06 01:00,0.000
05/19/06 01:05,0.000
05/19/06 01:10,0.000
05/19/06 01:15,0.000
05/19/06 01:20,0.000
05/19/06 01:25,0.000
05/19/06 01:30,0.000
05/19/06 01:35,0.000
05/19/06 01:40,0.000
05/19/06 01:45,0.000
05/19/06 01:50,0.000
05/19/06 01:55,0.000
05/19/06 02:00,0.000
05/19/06 02:05,0.000
05/19/06 02:10,0.000
05/19/06 02:15,0.000
05/19/06 02:20,0.000
05/19/06 02:25,0.000
05/19/06 02:30,0.000
05/19/06 02:35,0.000
05/19/06 02:40,0.000
05/19/06 02:45,0.000
05/19/06 02:50,0.000
05/19/06 02:55,0.000
05/19/06 03:00,0.000
05/19/06 03:05,0.000
05/19/06 03:10,0.000
05/19/06 03:15,0.000
05/19/06 03:20,0.000
05/19/06 03:25,0.000
05/19/06 03:30,0.000
05/19/06 03:35,0.000
05/19/06 03:40,0.000
05/19/06 03:45,0.000
05/19/06 03:50,0.000
05/19/06 03:55,0.000
05/19/06 04:00,0.000
05/19/06 04:05,0.000
05/19/06 04:10,0.000
05/19/06 04:15,0.000
05/19/06 04:20,0.000
05/19/06 04:25,0.000
05/19/06 04:30,0.000
05/19/06 04:35,0.000
05/19/06 04:40,0.000
05/19/06 04:45,0.000
05/19/06 04:50,0.000
05/19/06 04:55,0.000
05/19/06 05:00,0.001
05/19/06 05:05,0.001
05/19/06 05:10,0.001
05/19/06 05:15,0.002
05/19/06 05:20,0.004
05/19/06 05:25,0.008
05/19/06 05:30,0.014
05/19/06 05:35,0.024
05/19/06 05:40,0.041
05/19/06 05:45,0.068
05/19/06 05:50,0.080
05/19/06 05:55,0.090
05/19/06 06:00,0.101
05/19/06 06:05,0.113
05/19/06 06:10,0.126
05/19/06 06:15,0.140
05/19/06 06:20,0.155
05/19/06 06:25,0.169
05/19/06 06:30,0.184
05/19/06 06:35,0.199
05/19/06 06:40,0.214
05/19/06 06:45,0.228
05/19/06 06:50,0.242
05/19/06 06:55,0.256
05/19/06 07:00,0.269
05/19/06 07:05,0.283
05/19/06 07:10,0.297
05/19/06 07:15,0.309
05/19/06 07:20,0.319
05/19/06 07:25,0.329
05/19/06 07:30,0.340
05/19/06 07:35,0.351
05/19/06 07:40,0.361
05/19/06 07:45,0.371
05/19/06 07:50,0.381
05/19/06 07:55,0.390
05/19/06 08:00,0.395
05/19/06 08:05,0.401
05/19/06 08:10,0.404
05/19/06 08:15,0.408
05/19/06 08:20,0.412
05/19/06 08:25,0.418
05/19/06 08:30,0.423
05/19/06 08:35,0.430
05/19/06 08:40,0.437
05/19/06 08:45,0.444
05/19/06 08:50,0.452
05/19/06 08:55,0.459
05/19/06 09:00,0.470
05/19/06 09:05,0.477
05/19/06 09:10,0.483
05/19/06 09:15,0.486
05/19/06 09:20,0.490
05/19/06 09:25,0.494
05/19/06 09:30,0.498
05/19/06 09:35,0.498
05/19/06 09:40,0.499
05/19/06 09:45,0.499
05/19/06 09:50,0.499
05/19/06 09:55,0.500
05/19/06 10:00,0.500
05/19/06 10:05,0.499
05/19/06 10:10,0.501
05/19/06 10:15,0.498
05/19/06 10:20,0.497
05/19/06 10:25,0.500
05/19/06 10:30,0.504
05/19/06 10:35,0.505
05/19/06 10:40,0.505
05/19/06 10:45,0.505
05/19/06 10:50,0.504
05/19/06 10:55,0.505
05/19/06 11:00,0.515
05/19/06 11:05,0.523
05/19/06 11:10,0.532
05/19/06 11:15,0.539
05/19/06 11:20,0.543
05/19/06 11:25,0.547
05/19/06 11:30,0.551
05/19/06 11:35,0.557
05/19/06 11:40,0.561
05/19/06 11:45,0.564
05/19/06 11:50,0.565
05/19/06 11:55,0.566
05/19/06 12:00,0.562
05/19/06 12:05,0.558
05/19/06 12:10,0.556
05/19/06 12:15,0.554
05/19/06 12:20,0.549
05/19/06 12:25,0.543
05/19/06 12:30,0.537
05/19/06 12:35,0.530
05/19/06 12:40,0.525
05/19/06 12:45,0.522
05/19/06 12:50,0.517
05/19/06 12:55,0.510
05/19/06 13:00,0.505
05/19/06 13:05,0.505
05/19/06 13:10,0.505
05/19/06 13:15,0.505
05/19/06 13:20,0.506
05/19/06 13:25,0.501
05/19/06 13:30,0.494
05/19/06 13:35,0.494
05/19/06 13:40,0.492
05/19/06 13:45,0.493
05/19/06 13:50,0.492
05/19/06 13:55,0.491
05/19/06 14:00,0.488
05/19/06 14:05,0.481
05/19/06 14:10,0.469
05/19/06 14:15,0.457
05/19/06 14:20,0.443
05/19/06 14:25,0.425
05/19/06 14:30,0.401
05/19/06 14:35,0.374
05/19/06 14:40,0.346
05/19/06 14:45,0.319
05/19/06 14:50,0.292
05/19/06 14:55,0.262
05/19/06 15:00,0.230
05/19/06 15:05,0.208
05/19/06 15:10,0.191
05/19/06 15:15,0.176
05/19/06 15:20,0.160
05/19/06 15:25,0.147
05/19/06 15:30,0.141
05/19/06 15:35,0.137
05/19/06 15:40,0.133
05/19/06 15:45,0.126
05/19/06 15:50,0.121
05/19/06 15:55,0.112
05/19/06 16:00,0.098
05/19/06 16:05,0.121
05/19/06 16:10,0.123
05/19/06 16:15,0.123
05/19/06 16:20,0.140
05/19/06 16:25,0.131
05/19/06 16:30,0.135
05/19/06 16:35,0.139
05/19/06 16:40,0.150
05/19/06 16:45,0.137
05/19/06 16:50,0.136
05/19/06 16:55,0.145
05/19/06 17:00,0.146
05/19/06 17:05,0.140
05/19/06 17:10,0.125
05/19/06 17:15,0.113
05/19/06 17:20,0.107
05/19/06 17:25,0.098
05/19/06 17:30,0.087
05/19/06 17:35,0.071
05/19/06 17:40,0.046
05/19/06 17:45,0.035
05/19/06 17:50,0.024
05/19/06 17:55,0.013
05/19/06 18:00,0.008
05/19/06 18:05,0.004
05/19/06 18:10,0.002
05/19/06 18:15,0.001
05/19/06 18:20,0.001
05/19/06 18:25,0.000
05/19/06 18:30,0.000
05/19/06 18:35,0.000
05/19/06 18:40,0.000
05/19/06 18:45,0.000
05/19/06 18:50,0.000
05/19/06 18:55,0.000
05/19/06 19:00,0.000
05/19/06 19:05,0.000
05/19/06 19:10,0.000
05/19/06 19:15,0.000
05/19/06 19:20,0.000
05/19/06 19:25,0.000
05/19/06 19:30,0.000
05/19/06 19:35,0.000
05/19/06 19:40,0.000
05/19/06 19:45,0.000
05/19/06 19:50,0.000
05/19/06 19:55,0.000
05/19/06 20:00,0.000
05/19/06 20:05,0.000
05/19/06 20:10,0.000
05/19/06 20:15,0.000
05/19/06 20:20,0.000
05/19/06 20:25,0.000
05/19/06 20:30,0.000
05/19/06 20:35,0.000
05/19/06 20:40,0.000
05/19/06 20:45,0.000
05/19/06 20:50,0.000
05/19/06 20:55,0.000
05/19/06 21:00,0.000
05/19/06 21:05,0.000
05/19/06 21:10,0.000
05/19/06 21:15,0.000
05/19/06 21:20,0.000
05/19/06 21:25,0.000
05/19/06 21:30,0.000
05/19/06 21:35,0.000
05/19/06 21:40,0.000
05/19/06 21:45,0.000
05/19/06 21:50,0.000
05/19/06 21:55,0.000
05/19/06 22:00,0.000
05/19/06 22:05,0.000
05/19/06 22:10,0.000
05/19/06 22:15,0.000
05/19/06 22:20,0.000
05/19/06 22:25,0.000
05/19/06 22:30,0.000
05/19/06 22:35,0.000
05/19/06 22:40,0.000
05/19/06 22:45,0.000
05/19/06 22:50,0.000
05/19/06 22:55,0.000
05/19/06 23:00,0.000
05/19/06 23:05,0.000
05/19/06 23:10,0.000
05/19/06 23:15,0.000
05/19/06 23:20,0.000
05/19/06 23:25,0.000
05/19/06 23:30,0.000
05/19/06 23:35,0.000
05/19/06 23:40,0.000
05/19/06 23:45,0.000
05/19/06 23:50,0.000
05/19/06 23:55,0.000
05/20/06 00:00,0.000
05/20/06 00:05,0.000
05/20/06 00:10,0.000
05/20/06 00:15,0.000
05/20/06 00:20,0.000
05/20/06 00:25,0.000
05/20/06 00:30,0.000
05/20/06 00:35,0.000
05/20/06 00:40,0.000
05/20/06 00:45,0.000
05/20/06 00:50,0.000
05/20/06 00:55,0.000
05/20/06 01:00,0.000
05/20/06 01:05,0.000
05/20/06 01:10,0.000
05/20/06 01:15,0.000
05/20/06 01:20,0.000
05/20/06 01:25,0.000
05/20/06 01:30,0.000
05/20/06 01:35,0.000
05/20/06 01:40,0.000
05/20/06 01:45,0.000
05/20/06 01:50,0.000
05/20/06 01:55,0.000
05/20/06 02:00,0.000
05/20/06 02:05,0.000
05/20/06 02:10,0.000
05/20/06 02:15,0.000
05/20/06 02:20,0.000
05/20/06 02:25,0.000
05/20/06 02:30,0.000
05/20/06 02:35,0.000
05/20/06 02:40,0.000
05/20/06 02:45,0.000
05/20/06 02:50,0.000
05/20/06 02:55,0.000
05/20/06 03:00,0.000
05/20/06 03:05,0.000
05/20/06 03:10,0.000
05/20/06 03:15,0.000
05/20/06 03:20,0.000
05/20/06 03:25,0.000
05/20/06 03:30,0.000
05/20/06 03:35,0.000
05/20/06 03:40,0.000
05/20/06 03:45,0.000
05/20/06 03:50,0.000
05/20/06 03:55,0.000
05/20/06 04:00,0.000
05/20/06 04:05,0.000
05/20/06 04:10,0.000
05/20/06 04:15,0.000
05/20/06 04:20,0.000
05/20/06 04:25,0.000
05/20/06 04:30,0.000
05/20/06 04:35,0.000
05/20/06 04:40,0.000
05/20/06 04:45,0.000
05/20/06 04:50,0.000
05/20/06 04:55,0.000
05/20/06 05:00,0.000
05/20/06 05:05,0.000
05/20/06 05:10,0.000
05/20/06 05:15,0.000
05/20/06 05:20,0.000
05/20/06 05:25,0.000
05/20/06 05:30,0.000
05/20/06 05:35,0.000
05/20/06 05:40,0.000
05/20/06 05:45,0.001
05/20/06 05:50,0.001
05/20/06 05:55,0.001
05/20/06 06:00,0.001
05/20/06 06:05,0.002
05/20/06 06:10,0.002
05/20/06 06:15,0.002
05/20/06 06:20,0.003
05/20/06 06:25,0.003
05/20/06 06:30,0.004
05/20/06 06:35,0.005
05/20/06 06:40,0.005
05/20/06 06:45,0.005
05/20/06 06:50,0.004
05/20/06 06:55,0.004
05/20/06 07:00,0.006
05/20/06 07:05,0.009
05/20/06 07:10,0.011
05/20/06 07:15,0.014
05/20/06 07:20,0.016
05/20/06 07:25,0.018
05/20/06 07:30,0.021
05/20/06 07:35,0.027
05/20/06 07:40,0.033
05/20/06 07:45,0.039
05/20/06 07:50,0.040
05/20/06 07:55,0.039
05/20/06 08:00,0.048
05/20/06 08:05,0.066
05/20/06 08:10,0.077
05/20/06 08:15,0.077
05/20/06 08:20,0.076
05/20/06 08:25,0.077
05/20/06 08:30,0.084
05/20/06 08:35,0.096
05/20/06 08:40,0.102
05/20/06 08:45,0.103
05/20/06 08:50,0.092
05/20/06 08:55,0.081
05/20/06 09:00,0.082
05/20/06 09:05,0.080
05/20/06 09:10,0.077
05/20/06 09:15,0.074
05/20/06 09:20,0.071
05/20/06 09:25,0.070
05/20/06 09:30,0.069
05/20/06 09:35,0.071
05/20/06 09:40,0.074
05/20/06 09:45,0.075
05/20/06 09:50,0.072
05/20/06 09:55,0.067
05/20/06 10:00,0.071
05/20/06 10:05,0.066
05/20/06 10:10,0.058
05/20/06 10:15,0.041
05/20/06 10:20,0.031
05/20/06 10:25,0.031
05/20/06 10:30,0.034
05/20/06 10:35,0.026
05/20/06 10:40,0.013
05/20/06 10:45,0.006
05/20/06 10:50,0.003
05/20/06 10:55,0.001
05/20/06 11:00,0.017
05/20/06 11:05,0.088
05/20/06 11:10,0.118
05/20/06 11:15,0.142
05/20/06 11:20,0.152
05/20/06 11:25,0.157
05/20/06 11:30,0.158
05/20/06 11:35,0.154
05/20/06 11:40,0.151
05/20/06 11:45,0.149
05/20/06 11:50,0.143
05/20/06 11:55,0.143
05/20/06 12:00,0.167
05/20/06 12:05,0.178
05/20/06 12:10,0.178
05/20/06 12:15,0.169
05/20/06 12:20,0.161
05/20/06 12:25,0.158
05/20/06 12:30,0.160
05/20/06 12:35,0.160
05/20/06 12:40,0.156
05/20/06 12:45,0.142
05/20/06 12:50,0.132
05/20/06 12:55,0.129
05/20/06 13:00,0.132
05/20/06 13:05,0.139
05/20/06 13:10,0.147
05/20/06 13:15,0.156
05/20/06 13:20,0.166
05/20/06 13:25,0.176
05/20/06 13:30,0.186
05/20/06 13:35,0.198
05/20/06 13:40,0.213
05/20/06 13:45,0.230
05/20/06 13:50,0.241
05/20/06 13:55,0.258
05/20/06 14:00,0.269
05/20/06 14:05,0.278
05/20/06 14:10,0.286
05/20/06 14:15,0.301
05/20/06 14:20,0.313
05/20/06 14:25,0.329
05/20/06 14:30,0.345
05/20/06 14:35,0.365
05/20/06 14:40,0.380
05/20/06 14:45,0.391
05/20/06 14:50,0.397
05/20/06 14:55,0.395
05/20/06 15:00,0.381
05/20/06 15:05,0.370
05/20/06 15:10,0.363
05/20/06 15:15,0.353
05/20/06 15:20,0.345
05/20/06 15:25,0.340
05/20/06 15:30,0.336
05/20/06 15:35,0.325
05/20/06 15:40,0.316
05/20/06 15:45,0.304
05/20/06 15:50,0.294
05/20/06 15:55,0.294
05/20/06 16:00,0.259
05/20/06 16:05,0.228
05/20/06 16:10,0.226
05/20/06 16:15,0.222
05/20/06 16:20,0.219
05/20/06 16:25,0.198
05/20/06 16:30,0.182
05/20/06 16:35,0.162
05/20/06 16:40,0.154
05/20/06 16:45,0.137
05/20/06 16:50,0.113
05/20/06 16:55,0.115
05/20/06 17:00,0.101
05/20/06 17:05,0.102
05/20/06 17:10,0.102
05/20/06 17:15,0.097
05/20/06 17:20,0.084
05/20/06 17:25,0.076
05/20/06 17:30,0.053
05/20/06 17:35,0.044
05/20/06 17:40,0.034
05/20/06 17:45,0.028
05/20/06 17:50,0.020
05/20/06 17:55,0.012
05/20/06 18:00,0.006
05/20/06 18:05,0.003
05/20/06 18:10,0.002
05/20/06 18:15,0.001
05/20/06 18:20,0.001
05/20/06 18:25,0.001
05/20/06 18:30,0.000
05/20/06 18:35,0.000
05/20/06 18:40,0.000
05/20/06 18:45,0.000
05/20/06 18:50,0.000
05/20/06 18:55,0.000
05/20/06 19:00,0.000
05/20/06 19:05,0.000
05/20/06 19:10,0.000
05/20/06 19:15,0.000
05/20/06 19:20,0.000
05/20/06 19:25,0.000
05/20/06 19:30,0.000
05/20/06 19:35,0.000
05/20/06 19:40,0.000
05/20/06 19:45,0.000
05/20/06 19:50,0.000
05/20/06 19:55,0.000
05/20/06 20:00,0.000
05/20/06 20:05,0.000
05/20/06 20:10,0.000
05/20/06 20:15,0.000
05/20/06 20:20,0.000
05/20/06 20:25,0.000
05/20/06 20:30,0.000
05/20/06 20:35,0.000
05/20/06 20:40,0.000
05/20/06 20:45,0.000
05/20/06 20:50,0.000
05/20/06 20:55,0.000
05/20/06 21:00,0.000
05/20/06 21:05,0.000
05/20/06 21:10,0.000
05/20/06 21:15,0.000
05/20/06 21:20,0.000
05/20/06 21:25,0.000
05/20/06 21:30,0.000
05/20/06 21:35,0.000
05/20/06 21:40,0.000
05/20/06 21:45,0.000
05/20/06 21:50,0.000
05/20/06 21:55,0.000
05/20/06 22:00,0.000
05/20/06 22:05,0.000
05/20/06 22:10,0.000
05/20/06 22:15,0.000
05/20/06 22:20,0.000
05/20/06 22:25,0.000
05/20/06 22:30,0.000
05/20/06 22:35,0.000
05/20/06 22:40,0.000
05/20/06 22:45,0.000
05/20/06 22:50,0.000
05/20/06 22:55,0.000
05/20/06 23:00,0.000
05/20/06 23:05,0.000
05/20/06 23:10,0.000
05/20/06 23:15,0.000
05/20/06 23:20,0.000
05/20/06 23:25,0.000
05/20/06 23:30,0.000
05/20/06 23:35,0.000
05/20/06 23:40,0.000
05/20/06 23:45,0.000
05/20/06 23:50,0.000
05/20/06 23:55,0.000
05/21/06 00:00,0.000
05/21/06 00:05,0.000
05/21/06 00:10,0.000
05/21/06 00:15,0.000
05/21/06 00:20,0.000
05/21/06 00:25,0.000
05/21/06 00:30,0.000
05/21/06 00:35,0.000
05/21/06 00:40,0.000
05/21/06 00:45,0.000
05/21/06 00:50,0.000
05/21/06 00:55,0.000
05/21/06 01:00,0.000
05/21/06 01:05,0.000
05/21/06 01:10,0.000
05/21/06 01:15,0.000
05/21/06 01:20,0.000
05/21/06 01:25,0.000
05/21/06 01:30,0.000
05/21/06 01:35,0.000
05/21/06 01:40,0.000
05/21/06 01:45,0.000
05/21/06 01:50,0.000
05/21/06 01:55,0.000
05/21/06 02:00,0.000
05/21/06 02:05,0.000
05/21/06 02:10,0.000
05/21/06 02:15,0.000
05/21/06 02:20,0.000
05/21/06 02:25,0.000
05/21/06 02:30,0.000
05/21/06 02:35,0.000
05/21/06 02:40,0.000
05/21/06 02:45,0.000
05/21/06 02:50,0.000
05/21/06 02:55,0.000
05/21/06 03:00,0.000
05/21/06 03:05,0.000
05/21/06 03:10,0.000
05/21/06 03:15,0.000
05/21/06 03:20,0.000
05/21/06 03:25,0.000
05/21/06 03:30,0.000
05/21/06 03:35,0.000
05/21/06 03:40,0.000
05/21/06 03:45,0.000
05/21/06 03:50,0.000
05/21/06 03:55,0.000
05/21/06 04:00,0.000
05/21/06 04:05,0.000
05/21/06 04:10,0.000
05/21/06 04:15,0.000
05/21/06 04:20,0.000
05/21/06 04:25,0.000
05/21/06 04:30,0.000
05/21/06 04:35,0.000
05/21/06 04:40,0.000
05/21/06 04:45,0.000
05/21/06 04:50,0.000
05/21/06 04:55,0.000
05/21/06 05:00,0.000
05/21/06 05:05,0.001
05/21/06 05:10,0.001
05/21/06 05:15,0.001
05/21/06 05:20,0.003
05/21/06 05:25,0.005
05/21/06 05:30,0.006
05/21/06 05:35,0.006
05/21/06 05:40,0.007
05/21/06 05:45,0.011
05/21/06 05:50,0.020
05/21/06 05:55,0.028
05/21/06 06:00,0.039
05/21/06 06:05,0.047
05/21/06 06:10,0.054
05/21/06 06:15,0.067
05/21/06 06:20,0.076
05/21/06 06:25,0.078
05/21/06 06:30,0.078
05/21/06 06:35,0.080
05/21/06 06:40,0.083
05/21/06 06:45,0.082
05/21/06 06:50,0.081
05/21/06 06:55,0.081
05/21/06 07:00,0.102
05/21/06 07:05,0.133
05/21/06 07:10,0.156
05/21/06 07:15,0.194
05/21/06 07:20,0.237
05/21/06 07:25,0.263
05/21/06 07:30,0.282
05/21/06 07:35,0.302
05/21/06 07:40,0.321
05/21/06 07:45,0.337
05/21/06 07:50,0.351
05/21/06 07:55,0.363
05/21/06 08:00,0.356
05/21/06 08:05,0.346
05/21/06 08:10,0.331
05/21/06 08:15,0.351
05/21/06 08:20,0.378
05/21/06 08:25,0.405
05/21/06 08:30,0.404
05/21/06 08:35,0.356
05/21/06 08:40,0.351
05/21/06 08:45,0.315
05/21/06 08:50,0.314
05/21/06 08:55,0.362
05/21/06 09:00,0.394
05/21/06 09:05,0.418
05/21/06 09:10,0.440
05/21/06 09:15,0.458
05/21/06 09:20,0.472
05/21/06 09:25,0.484
05/21/06 09:30,0.492
05/21/06 09:35,0.499
05/21/06 09:40,0.507
05/21/06 09:45,0.516
05/21/06 09:50,0.527
05/21/06 09:55,0.540
05/21/06 10:00,0.548
05/21/06 10:05,0.532
05/21/06 10:10,0.537
05/21/06 10:15,0.550
05/21/06 10:20,0.556
05/21/06 10:25,0.557
05/21/06 10:30,0.556
05/21/06 10:35,0.556
05/21/06 10:40,0.559
05/21/06 10:45,0.557
05/21/06 10:50,0.550
05/21/06 10:55,0.548
05/21/06 11:00,0.562
05/21/06 11:05,0.565
05/21/06 11:10,0.565
05/21/06 11:15,0.560
05/21/06 11:20,0.552
05/21/06 11:25,0.540
05/21/06 11:30,0.523
05/21/06 11:35,0.501
05/21/06 11:40,0.479
05/21/06 11:45,0.458
05/21/06 11:50,0.435
05/21/06 11:55,0.415
05/21/06 12:00,0.388
05/21/06 12:05,0.374
05/21/06 12:10,0.363
05/21/06 12:15,0.346
05/21/06 12:20,0.320
05/21/06 12:25,0.299
05/21/06 12:30,0.274
05/21/06 12:35,0.246
05/21/06 12:40,0.221
05/21/06 12:45,0.204
05/21/06 12:50,0.187
05/21/06 12:55,0.185
05/21/06 13:00,0.167
05/21/06 13:05,0.151
05/21/06 13:10,0.142
05/21/06 13:15,0.139
05/21/06 13:20,0.141
05/21/06 13:25,0.147
05/21/06 13:30,0.156
05/21/06 13:35,0.166
05/21/06 13:40,0.175
05/21/06 13:45,0.186
05/21/06 13:50,0.204
05/21/06 13:55,0.210
05/21/06 14:00,0.215
05/21/06 14:05,0.229
05/21/06 14:10,0.272
05/21/06 14:15,0.283
05/21/06 14:20,0.267
05/21/06 14:25,0.218
05/21/06 14:30,0.218
05/21/06 14:35,0.198
05/21/06 14:40,0.237
05/21/06 14:45,0.254
05/21/06 14:50,0.247
05/21/06 14:55,0.260
05/21/06 15:00,0.295
05/21/06 15:05,0.318
05/21/06 15:10,0.293
05/21/06 15:15,0.251
05/21/06 15:20,0.203
05/21/06 15:25,0.184
05/21/06 15:30,0.209
05/21/06 15:35,0.195
05/21/06 15:40,0.167
05/21/06 15:45,0.182
05/21/06 15:50,0.241
05/21/06 15:55,0.267
05/21/06 16:00,0.248
05/21/06 16:05,0.227
05/21/06 16:10,0.217
05/21/06 16:15,0.209
05/21/06 16:20,0.176
05/21/06 16:25,0.170
05/21/06 16:30,0.180
05/21/06 16:35,0.188
05/21/06 16:40,0.153
05/21/06 16:45,0.137
05/21/06 16:50,0.140
05/21/06 16:55,0.140
05/21/06 17:00,0.133
05/21/06 17:05,0.125
05/21/06 17:10,0.116
05/21/06 17:15,0.108
05/21/06 17:20,0.100
05/21/06 17:25,0.092
05/21/06 17:30,0.084
05/21/06 17:35,0.074
05/21/06 17:40,0.050
05/21/06 17:45,0.033
05/21/06 17:50,0.021
05/21/06 17:55,0.014
05/21/06 18:00,0.008
05/21/06 18:05,0.005
05/21/06 18:10,0.003
05/21/06 18:15,0.002
05/21/06 18:20,0.001
05/21/06 18:25,0.000
05/21/06 18:30,0.000
05/21/06 18:35,0.000
05/21/06 18:40,0.000
05/21/06 18:45,0.000
05/21/06 18:50,0.000
05/21/06 18:55,0.000
05/21/06 19:00,0.000
05/21/06 19:05,0.000
05/21/06 19:10,0.000
05/21/06 19:15,0.000
05/21/06 19:20,0.000
05/21/06 19:25,0.000
05/21/06 19:30,0.000
05/21/06 19:35,0.000
05/21/06 19:40,0.000
05/21/06 19:45,0.000
05/21/06 19:50,0.000
05/21/06 19:55,0.000
05/21/06 20:00,0.000
05/21/06 20:05,0.000
05/21/06 20:10,0.000
05/21/06 20:15,0.000
05/21/06 20:20,0.000
05/21/06 20:25,0.000
05/21/06 20:30,0.000
05/21/06 20:35,0.000
05/21/06 20:40,0.000
05/21/06 20:45,0.000
05/21/06 20:50,0.000
05/21/06 20:55,0.000
05/21/06 21:00,0.000
05/21/06 21:05,0.000
05/21/06 21:10,0.000
05/21/06 21:15,0.000
05/21/06 21:20,0.000
05/21/06 21:25,0.000
05/21/06 21:30,0.000
05/21/06 21:35,0.000
05/21/06 21:40,0.000
05/21/06 21:45,0.000
05/21/06 21:50,0.000
05/21/06 21:55,0.000
05/21/06 22:00,0.000
05/21/06 22:05,0.000
05/21/06 22:10,0.000
05/21/06 22:15,0.000
05/21/06 22:20,0.000
05/21/06 22:25,0.000
05/21/06 22:30,0.000
05/21/06 22:35,0.000
05/21/06 22:40,0.000
05/21/06 22:45,0.000
05/21/06 22:50,0.000
05/21/06 22:55,0.000
05/21/06 23:00,0.000
05/21/06 23:05,0.000
05/21/06 23:10,0.000
05/21/06 23:15,0.000
05/21/06 23:20,0.000
05/21/06 23:25,0.000
05/21/06 23:30,0.000
05/21/06 23:35,0.000
05/21/06 23:40,0.000
05/21/06 23:45,0.000
05/21/06 23:50,0.000
05/21/06 23:55,0.000
05/22/06 00:00,0.000
05/22/06 00:05,0.000
05/22/06 00:10,0.000
05/22/06 00:15,0.000
05/22/06 00:20,0.000
05/22/06 00:25,0.000
05/22/06 00:30,0.000
05/22/06 00:35,0.000
05/22/06 00:40,0.000
05/22/06 00:45,0.000
05/22/06 00:50,0.000
05/22/06 00:55,0.000
05/22/06 01:00,0.000
05/22/06 01:05,0.000
05/22/06 01:10,0.000
05/22/06 01:15,0.000
05/22/06 01:20,0.000
05/22/06 01:25,0.000
05/22/06 01:30,0.000
05/22/06 01:35,0.000
05/22/06 01:40,0.000
05/22/06 01:45,0.000
05/22/06 01:50,0.000
05/22/06 01:55,0.000
05/22/06 02:00,0.000
05/22/06 02:05,0.000
05/22/06 02:10,0.000
05/22/06 02:15,0.000
05/22/06 02:20,0.000
05/22/06 02:25,0.000
05/22/06 02:30,0.000
05/22/06 02:35,0.000
05/22/06 02:40,0.000
05/22/06 02:45,0.000
05/22/06 02:50,0.000
05/22/06 02:55,0.000
05/22/06 03:00,0.000
05/22/06 03:05,0.000
05/22/06 03:10,0.000
05/22/06 03:15,0.000
05/22/06 03:20,0.000
05/22/06 03:25,0.000
05/22/06 03:30,0.000
05/22/06 03:35,0.000
05/22/06 03:40,0.000
05/22/06 03:45,0.000
05/22/06 03:50,0.000
05/22/06 03:55,0.000
05/22/06 04:00,0.000
05/22/06 04:05,0.000
05/22/06 04:10,0.000
05/22/06 04:15,0.000
05/22/06 04:20,0.000
05/22/06 04:25,0.000
05/22/06 04:30,0.000
05/22/06 04:35,0.000
05/22/06 04:40,0.000
05/22/06 04:45,0.000
05/22/06 04:50,0.000
05/22/06 04:55,0.000
05/22/06 05:00,0.000
05/22/06 05:05,0.000
05/22/06 05:10,0.000
05/22/06 05:15,0.001
05/22/06 05:20,0.001
05/22/06 05:25,0.001
05/22/06 05:30,0.002
05/22/06 05:35,0.003
05/22/06 05:40,0.004
05/22/06 05:45,0.005
05/22/06 05:50,0.006
05/22/06 05:55,0.008
05/22/06 06:00,0.009
05/22/06 06:05,0.011
05/22/06 06:10,0.013
05/22/06 06:15,0.014
05/22/06 06:20,0.014
05/22/06 06:25,0.013
05/22/06 06:30,0.013
05/22/06 06:35,0.013
05/22/06 06:40,0.012
05/22/06 06:45,0.010
05/22/06 06:50,0.009
05/22/06 06:55,0.009
05/22/06 07:00,0.019
05/22/06 07:05,0.034
05/22/06 07:10,0.048
05/22/06 07:15,0.055
05/22/06 07:20,0.070
05/22/06 07:25,0.079
05/22/06 07:30,0.089
05/22/06 07:35,0.098
05/22/06 07:40,0.103
05/22/06 07:45,0.107
05/22/06 07:50,0.112
05/22/06 07:55,0.117
05/22/06 08:00,0.105
05/22/06 08:05,0.095
05/22/06 08:10,0.091
05/22/06 08:15,0.101
05/22/06 08:20,0.113
05/22/06 08:25,0.124
05/22/06 08:30,0.130
05/22/06 08:35,0.122
05/22/06 08:40,0.115
05/22/06 08:45,0.106
05/22/06 08:50,0.105
05/22/06 08:55,0.099
05/22/06 09:00,0.091
05/22/06 09:05,0.086
05/22/06 09:10,0.084
05/22/06 09:15,0.081
05/22/06 09:20,0.080
05/22/06 09:25,0.081
05/22/06 09:30,0.083
05/22/06 09:35,0.080
05/22/06 09:40,0.075
05/22/06 09:45,0.068
05/22/06 09:50,0.070
05/22/06 09:55,0.068
05/22/06 10:00,0.084
05/22/06 10:05,0.096
05/22/06 10:10,0.114
05/22/06 10:15,0.165
05/22/06 10:20,0.211
05/22/06 10:25,0.249
05/22/06 10:30,0.238
05/22/06 10:35,0.222
05/22/06 10:40,0.210
05/22/06 10:45,0.203
05/22/06 10:50,0.187
05/22/06 10:55,0.202
05/22/06 11:00,0.273
05/22/06 11:05,0.328
05/22/06 11:10,0.364
05/22/06 11:15,0.381
05/22/06 11:20,0.392
05/22/06 11:25,0.399
05/22/06 11:30,0.400
05/22/06 11:35,0.383
05/22/06 11:40,0.343
05/22/06 11:45,0.290
05/22/06 11:50,0.237
05/22/06 11:55,0.202
05/22/06 12:00,0.228
05/22/06 12:05,0.256
05/22/06 12:10,0.372
05/22/06 12:15,0.491
05/22/06 12:20,0.525
05/22/06 12:25,0.525
05/22/06 12:30,0.512
05/22/06 12:35,0.443
05/22/06 12:40,0.420
05/22/06 12:45,0.399
05/22/06 12:50,0.386
05/22/06 12:55,0.340
05/22/06 13:00,0.358
05/22/06 13:05,0.365
05/22/06 13:10,0.355
05/22/06 13:15,0.342
05/22/06 13:20,0.324
05/22/06 13:25,0.301
05/22/06 13:30,0.268
05/22/06 13:35,0.234
05/22/06 13:40,0.199
05/22/06 13:45,0.165
05/22/06 13:50,0.140
05/22/06 13:55,0.119
05/22/06 14:00,0.103
05/22/06 14:05,0.096
05/22/06 14:10,0.105
05/22/06 14:15,0.117
05/22/06 14:20,0.125
05/22/06 14:25,0.133
05/22/06 14:30,0.148
05/22/06 14:35,0.168
05/22/06 14:40,0.181
05/22/06 14:45,0.183
05/22/06 14:50,0.192
05/22/06 14:55,0.218
05/22/06 15:00,0.268
05/22/06 15:05,0.276
05/22/06 15:10,0.253
05/22/06 15:15,0.271
05/22/06 15:20,0.293
05/22/06 15:25,0.270
05/22/06 15:30,0.253
05/22/06 15:35,0.244
05/22/06 15:40,0.240
05/22/06 15:45,0.249
05/22/06 15:50,0.253
05/22/06 15:55,0.246
05/22/06 16:00,0.220
05/22/06 16:05,0.179
05/22/06 16:10,0.149
05/22/06 16:15,0.136
05/22/06 16:20,0.162
05/22/06 16:25,0.147
05/22/06 16:30,0.111
05/22/06 16:35,0.117
05/22/06 16:40,0.124
05/22/06 16:45,0.120
05/22/06 16:50,0.111
05/22/06 16:55,0.107
05/22/06 17:00,0.107
05/22/06 17:05,0.097
05/22/06 17:10,0.096
05/22/06 17:15,0.091
05/22/06 17:20,0.086
05/22/06 17:25,0.083
05/22/06 17:30,0.080
05/22/06 17:35,0.064
05/22/06 17:40,0.032
05/22/06 17:45,0.015
05/22/06 17:50,0.019
05/22/06 17:55,0.016
05/22/06 18:00,0.009
05/22/06 18:05,0.005
05/22/06 18:10,0.004
05/22/06 18:15,0.004
05/22/06 18:20,0.003
05/22/06 18:25,0.002
05/22/06 18:30,0.001
05/22/06 18:35,0.000
05/22/06 18:40,0.000
05/22/06 18:45,0.000
05/22/06 18:50,0.000
05/22/06 18:55,0.000
05/22/06 19:00,0.000
05/22/06 19:05,0.000
05/22/06 19:10,0.000
05/22/06 19:15,0.000
05/22/06 19:20,0.000
05/22/06 19:25,0.000
05/22/06 19:30,0.000
05/22/06 19:35,0.000
05/22/06 19:40,0.000
05/22/06 19:45,0.000
05/22/06 19:50,0.000
05/22/06 19:55,0.000
05/22/06 20:00,0.000
05/22/06 20:05,0.000
05/22/06 20:10,0.000
05/22/06 20:15,0.000
05/22/06 20:20,0.000
05/22/06 20:25,0.000
05/22/06 20:30,0.000
05/22/06 20:35,0.000
05/22/06 20:40,0.000
05/22/06 20:45,0.000
05/22/06 20:50,0.000
05/22/06 20:55,0.000
05/22/06 21:00,0.000
05/22/06 21:05,0.000
05/22/06 21:10,0.000
05/22/06 21:15,0.000
05/22/06 21:20,0.000
05/22/06 21:25,0.000
05/22/06 21:30,0.000
05/22/06 21:35,0.000
05/22/06 21:40,0.000
05/22/06 21:45,0.000
05/22/06 21:50,0.000
05/22/06 21:55,0.000
05/22/06 22:00,0.000
05/22/06 22:05,0.000
05/22/06 22:10,0.000
05/22/06 22:15,0.000
05/22/06 22:20,0.000
05/22/06 22:25,0.000
05/22/06 22:30,0.000
05/22/06 22:35,0.000
05/22/06 22:40,0.000
05/22/06 22:45,0.000
05/22/06 22:50,0.000
05/22/06 22:55,0.000
05/22/06 23:00,0.000
05/22/06 23:05,0.000
05/22/06 23:10,0.000
05/22/06 23:15,0.000
05/22/06 23:20,0.000
05/22/06 23:25,0.000
05/22/06 23:30,0.000
05/22/06 23:35,0.000
05/22/06 23:40,0.000
05/22/06 23:45,0.000
05/22/06 23:50,0.000
05/22/06 23:55,0.000
05/23/06 00:00,0.000
05/23/06 00:05,0.000
05/23/06 00:10,0.000
05/23/06 00:15,0.000
05/23/06 00:20,0.000
05/23/06 00:25,0.000
05/23/06 00:30,0.000
05/23/06 00:35,0.000
05/23/06 00:40,0.000
05/23/06 00:45,0.000
05/23/06 00:50,0.000
05/23/06 00:55,0.000
05/23/06 01:00,0.000
05/23/06 01:05,0.000
05/23/06 01:10,0.000
05/23/06 01:15,0.000
05/23/06 01:20,0.000
05/23/06 01:25,0.000
05/23/06 01:30,0.000
05/23/06 01:35,0.000
05/23/06 01:40,0.000
05/23/06 01:45,0.000
05/23/06 01:50,0.000
05/23/06 01:55,0.000
05/23/06 02:00,0.000
05/23/06 02:05,0.000
05/23/06 02:10,0.000
05/23/06 02:15,0.000
05/23/06 02:20,0.000
05/23/06 02:25,0.000
05/23/06 02:30,0.000
05/23/06 02:35,0.000
05/23/06 02:40,0.000
05/23/06 02:45,0.000
05/23/06 02:50,0.000
05/23/06 02:55,0.000
05/23/06 03:00,0.000
05/23/06 03:05,0.000
05/23/06 03:10,0.000
05/23/06 03:15,0.000
05/23/06 03:20,0.000
05/23/06 03:25,0.000
05/23/06 03:30,0.000
05/23/06 03:35,0.000
05/23/06 03:40,0.000
05/23/06 03:45,0.000
05/23/06 03:50,0.000
05/23/06 03:55,0.000
05/23/06 04:00,0.000
05/23/06 04:05,0.000
05/23/06 04:10,0.000
05/23/06 04:15,0.000
05/23/06 04:20,0.000
05/23/06 04:25,0.000
05/23/06 04:30,0.000
05/23/06 04:35,0.000
05/23/06 04:40,0.000
05/23/06 04:45,0.000
05/23/06 04:50,0.001
05/23/06 04:55,0.001
05/23/06 05:00,0.001
05/23/06 05:05,0.002
05/23/06 05:10,0.003
05/23/06 05:15,0.006
05/23/06 05:20,0.011
05/23/06 05:25,0.020
05/23/06 05:30,0.035
05/23/06 05:35,0.059
05/23/06 05:40,0.080
05/23/06 05:45,0.090
05/23/06 05:50,0.100
05/23/06 05:55,0.110
05/23/06 06:00,0.120
05/23/06 06:05,0.131
05/23/06 06:10,0.142
05/23/06 06:15,0.153
05/23/06 06:20,0.165
05/23/06 06:25,0.178
05/23/06 06:30,0.193
05/23/06 06:35,0.207
05/23/06 06:40,0.219
05/23/06 06:45,0.231
05/23/06 06:50,0.242
05/23/06 06:55,0.254
05/23/06 07:00,0.264
05/23/06 07:05,0.272
05/23/06 07:10,0.277
05/23/06 07:15,0.283
05/23/06 07:20,0.295
05/23/06 07:25,0.311
05/23/06 07:30,0.325
05/23/06 07:35,0.338
05/23/06 07:40,0.354
05/23/06 07:45,0.365
05/23/06 07:50,0.370
05/23/06 07:55,0.370
05/23/06 08:00,0.355
05/23/06 08:05,0.368
05/23/06 08:10,0.386
05/23/06 08:15,0.402
05/23/06 08:20,0.415
05/23/06 08:25,0.429
05/23/06 08:30,0.440
05/23/06 08:35,0.448
05/23/06 08:40,0.451
05/23/06 08:45,0.447
05/23/06 08:50,0.440
05/23/06 08:55,0.438
05/23/06 09:00,0.419
05/23/06 09:05,0.409
05/23/06 09:10,0.392
05/23/06 09:15,0.343
05/23/06 09:20,0.316
05/23/06 09:25,0.344
05/23/06 09:30,0.360
05/23/06 09:35,0.365
05/23/06 09:40,0.374
05/23/06 09:45,0.363
05/23/06 09:50,0.394
05/23/06 09:55,0.431
05/23/06 10:00,0.429
05/23/06 10:05,0.413
05/23/06 10:10,0.400
05/23/06 10:15,0.364
05/23/06 10:20,0.333
05/23/06 10:25,0.303
05/23/06 10:30,0.320
05/23/06 10:35,0.367
05/23/06 10:40,0.397
05/23/06 10:45,0.435
05/23/06 10:50,0.482
05/23/06 10:55,0.486
05/23/06 11:00,0.412
05/23/06 11:05,0.388
05/23/06 11:10,0.432
05/23/06 11:15,0.421
05/23/06 11:20,0.367
05/23/06 11:25,0.326
05/23/06 11:30,0.355
05/23/06 11:35,0.415
05/23/06 11:40,0.454
05/23/06 11:45,0.469
05/23/06 11:50,0.497
05/23/06 11:55,0.508
05/23/06 12:00,0.468
05/23/06 12:05,0.427
05/23/06 12:10,0.400
05/23/06 12:15,0.381
05/23/06 12:20,0.367
05/23/06 12:25,0.359
05/23/06 12:30,0.362
05/23/06 12:35,0.367
05/23/06 12:40,0.381
05/23/06 12:45,0.395
05/23/06 12:50,0.411
05/23/06 12:55,0.439
05/23/06 13:00,0.476
05/23/06 13:05,0.483
05/23/06 13:10,0.466
05/23/06 13:15,0.452
05/23/06 13:20,0.438
05/23/06 13:25,0.421
05/23/06 13:30,0.401
05/23/06 13:35,0.380
05/23/06 13:40,0.370
05/23/06 13:45,0.347
05/23/06 13:50,0.330
05/23/06 13:55,0.331
05/23/06 14:00,0.336
05/23/06 14:05,0.331
05/23/06 14:10,0.272
05/23/06 14:15,0.244
05/23/06 14:20,0.180
05/23/06 14:25,0.201
05/23/06 14:30,0.239
05/23/06 14:35,0.261
05/23/06 14:40,0.244
05/23/06 14:45,0.205
05/23/06 14:50,0.158
05/23/06 14:55,0.180
05/23/06 15:00,0.187
05/23/06 15:05,0.189
05/23/06 15:10,0.185
05/23/06 15:15,0.182
05/23/06 15:20,0.178
05/23/06 15:25,0.171
05/23/06 15:30,0.169
05/23/06 15:35,0.170
05/23/06 15:40,0.173
05/23/06 15:45,0.179
05/23/06 15:50,0.187
05/23/06 15:55,0.193
05/23/06 16:00,0.211
05/23/06 16:05,0.226
05/23/06 16:10,0.234
05/23/06 16:15,0.239
05/23/06 16:20,0.239
05/23/06 16:25,0.235
05/23/06 16:30,0.228
05/23/06 16:35,0.220
05/23/06 16:40,0.211
05/23/06 16:45,0.201
05/23/06 16:50,0.192
05/23/06 16:55,0.183
05/23/06 17:00,0.166
05/23/06 17:05,0.149
05/23/06 17:10,0.133
05/23/06 17:15,0.120
05/23/06 17:20,0.108
05/23/06 17:25,0.098
05/23/06 17:30,0.087
05/23/06 17:35,0.077
05/23/06 17:40,0.054
05/23/06 17:45,0.033
05/23/06 17:50,0.021
05/23/06 17:55,0.013
05/23/06 18:00,0.007
05/23/06 18:05,0.004
05/23/06 18:10,0.003
05/23/06 18:15,0.002
05/23/06 18:20,0.001
05/23/06 18:25,0.001
05/23/06 18:30,0.000
05/23/06 18:35,0.000
05/23/06 18:40,0.000
05/23/06 18:45,0.000
05/23/06 18:50,0.000
05/23/06 18:55,0.000
05/23/06 19:00,0.000
05/23/06 19:05,0.000
05/23/06 19:10,0.000
05/23/06 19:15,0.000
05/23/06 19:20,0.000
05/23/06 19:25,0.000
05/23/06 19:30,0.000
05/23/06 19:35,0.000
05/23/06 19:40,0.000
05/23/06 19:45,0.000
05/23/06 19:50,0.000
05/23/06 19:55,0.000
05/23/06 20:00,0.000
05/23/06 20:05,0.000
05/23/06 20:10,0.000
05/23/06 20:15,0.000
05/23/06 20:20,0.000
05/23/06 20:25,0.000
05/23/06 20:30,0.000
05/23/06 20:35,0.000
05/23/06 20:40,0.000
05/23/06 20:45,0.000
05/23/06 20:50,0.000
05/23/06 20:55,0.000
05/23/06 21:00,0.000
05/23/06 21:05,0.000
05/23/06 21:10,0.000
05/23/06 21:15,0.000
05/23/06 21:20,0.000
05/23/06 21:25,0.000
05/23/06 21:30,0.000
05/23/06 21:35,0.000
05/23/06 21:40,0.000
05/23/06 21:45,0.000
05/23/06 21:50,0.000
05/23/06 21:55,0.000
05/23/06 22:00,0.000
05/23/06 22:05,0.000
05/23/06 22:10,0.000
05/23/06 22:15,0.000
05/23/06 22:20,0.000
05/23/06 22:25,0.000
05/23/06 22:30,0.000
05/23/06 22:35,0.000
05/23/06 22:40,0.000
05/23/06 22:45,0.000
05/23/06 22:50,0.000
05/23/06 22:55,0.000
05/23/06 23:00,0.000
05/23/06 23:05,0.000
05/23/06 23:10,0.000
05/23/06 23:15,0.000
05/23/06 23:20,0.000
05/23/06 23:25,0.000
05/23/06 23:30,0.000
05/23/06 23:35,0.000
05/23/06 23:40,0.000
05/23/06 23:45,0.000
05/23/06 23:50,0.000
05/23/06 23:55,0.000
05/24/06 00:00,0.000
05/24/06 00:05,0.000
05/24/06 00:10,0.000
05/24/06 00:15,0.000
05/24/06 00:20,0.000
05/24/06 00:25,0.000
05/24/06 00:30,0.000
05/24/06 00:35,0.000
05/24/06 00:40,0.000
05/24/06 00:45,0.000
05/24/06 00:50,0.000
05/24/06 00:55,0.000
05/24/06 01:00,0.000
05/24/06 01:05,0.000
05/24/06 01:10,0.000
05/24/06 01:15,0.000
05/24/06 01:20,0.000
05/24/06 01:25,0.000
05/24/06 01:30,0.000
05/24/06 01:35,0.000
05/24/06 01:40,0.000
05/24/06 01:45,0.000
05/24/06 01:50,0.000
05/24/06 01:55,0.000
05/24/06 02:00,0.000
05/24/06 02:05,0.000
05/24/06 02:10,0.000
05/24/06 02:15,0.000
05/24/06 02:20,0.000
05/24/06 02:25,0.000
05/24/06 02:30,0.000
05/24/06 02:35,0.000
05/24/06 02:40,0.000
05/24/06 02:45,0.000
05/24/06 02:50,0.000
05/24/06 02:55,0.000
05/24/06 03:00,0.000
05/24/06 03:05,0.000
05/24/06 03:10,0.000
05/24/06 03:15,0.000
05/24/06 03:20,0.000
05/24/06 03:25,0.000
05/24/06 03:30,0.000
05/24/06 03:35,0.000
05/24/06 03:40,0.000
05/24/06 03:45,0.000
05/24/06 03:50,0.000
05/24/06 03:55,0.000
05/24/06 04:00,0.000
05/24/06 04:05,0.000
05/24/06 04:10,0.000
05/24/06 04:15,0.000
05/24/06 04:20,0.000
05/24/06 04:25,0.000
05/24/06 04:30,0.000
05/24/06 04:35,0.000
05/24/06 04:40,0.000
05/24/06 04:45,0.000
05/24/06 04:50,0.001
05/24/06 04:55,0.001
05/24/06 05:00,0.001
05/24/06 05:05,0.001
05/24/06 05:10,0.002
05/24/06 05:15,0.003
05/24/06 05:20,0.005
05/24/06 05:25,0.011
05/24/06 05:30,0.020
05/24/06 05:35,0.035
05/24/06 05:40,0.061
05/24/06 05:45,0.081
05/24/06 05:50,0.091
05/24/06 05:55,0.102
05/24/06 06:00,0.113
05/24/06 06:05,0.124
05/24/06 06:10,0.136
05/24/06 06:15,0.148
05/24/06 06:20,0.160
05/24/06 06:25,0.173
05/24/06 06:30,0.185
05/24/06 06:35,0.197
05/24/06 06:40,0.207
05/24/06 06:45,0.217
05/24/06 06:50,0.225
05/24/06 06:55,0.235
05/24/06 07:00,0.245
05/24/06 07:05,0.257
05/24/06 07:10,0.269
05/24/06 07:15,0.282
05/24/06 07:20,0.296
05/24/06 07:25,0.308
05/24/06 07:30,0.320
05/24/06 07:35,0.332
05/24/06 07:40,0.344
05/24/06 07:45,0.356
05/24/06 07:50,0.368
05/24/06 07:55,0.381
05/24/06 08:00,0.395
05/24/06 08:05,0.415
05/24/06 08:10,0.428
05/24/06 08:15,0.437
05/24/06 08:20,0.445
05/24/06 08:25,0.454
05/24/06 08:30,0.463
05/24/06 08:35,0.469
05/24/06 08:40,0.472
05/24/06 08:45,0.472
05/24/06 08:50,0.475
05/24/06 08:55,0.486
05/24/06 09:00,0.500
05/24/06 09:05,0.508
05/24/06 09:10,0.510
05/24/06 09:15,0.508
05/24/06 09:20,0.500
05/24/06 09:25,0.495
05/24/06 09:30,0.496
05/24/06 09:35,0.502
05/24/06 09:40,0.504
05/24/06 09:45,0.494
05/24/06 09:50,0.478
05/24/06 09:55,0.468
05/24/06 10:00,0.461
05/24/06 10:05,0.436
05/24/06 10:10,0.425
05/24/06 10:15,0.442
05/24/06 10:20,0.427
05/24/06 10:25,0.418
05/24/06 10:30,0.408
05/24/06 10:35,0.424
05/24/06 10:40,0.453
05/24/06 10:45,0.480
05/24/06 10:50,0.479
05/24/06 10:55,0.475
05/24/06 11:00,0.487
05/24/06 11:05,0.475
05/24/06 11:10,0.406
05/24/06 11:15,0.391
05/24/06 11:20,0.408
05/24/06 11:25,0.427
05/24/06 11:30,0.444
05/24/06 11:35,0.439
05/24/06 11:40,0.460
05/24/06 11:45,0.445
05/24/06 11:50,0.452
05/24/06 11:55,0.462
05/24/06 12:00,0.478
05/24/06 12:05,0.488
05/24/06 12:10,0.491
05/24/06 12:15,0.492
05/24/06 12:20,0.497
05/24/06 12:25,0.495
05/24/06 12:30,0.490
05/24/06 12:35,0.488
05/24/06 12:40,0.491
05/24/06 12:45,0.490
05/24/06 12:50,0.489
05/24/06 12:55,0.486
05/24/06 13:00,0.482
05/24/06 13:05,0.473
05/24/06 13:10,0.462
05/24/06 13:15,0.450
05/24/06 13:20,0.435
05/24/06 13:25,0.418
05/24/06 13:30,0.394
05/24/06 13:35,0.377
05/24/06 13:40,0.356
05/24/06 13:45,0.335
05/24/06 13:50,0.314
05/24/06 13:55,0.286
05/24/06 14:00,0.251
05/24/06 14:05,0.225
05/24/06 14:10,0.213
05/24/06 14:15,0.198
05/24/06 14:20,0.187
05/24/06 14:25,0.174
05/24/06 14:30,0.164
05/24/06 14:35,0.154
05/24/06 14:40,0.146
05/24/06 14:45,0.138
05/24/06 14:50,0.132
05/24/06 14:55,0.128
05/24/06 15:00,0.134
05/24/06 15:05,0.140
05/24/06 15:10,0.145
05/24/06 15:15,0.149
05/24/06 15:20,0.151
05/24/06 15:25,0.151
05/24/06 15:30,0.151
05/24/06 15:35,0.150
05/24/06 15:40,0.149
05/24/06 15:45,0.148
05/24/06 15:50,0.150
05/24/06 15:55,0.152
05/24/06 16:00,0.153
05/24/06 16:05,0.151
05/24/06 16:10,0.136
05/24/06 16:15,0.121
05/24/06 16:20,0.110
05/24/06 16:25,0.093
05/24/06 16:30,0.084
05/24/06 16:35,0.065
05/24/06 16:40,0.056
05/24/06 16:45,0.071
05/24/06 16:50,0.054
05/24/06 16:55,0.036
05/24/06 17:00,0.038
05/24/06 17:05,0.040
05/24/06 17:10,0.039
05/24/06 17:15,0.032
05/24/06 17:20,0.024
05/24/06 17:25,0.018
05/24/06 17:30,0.013
05/24/06 17:35,0.010
05/24/06 17:40,0.007
05/24/06 17:45,0.005
05/24/06 17:50,0.003
05/24/06 17:55,0.002
05/24/06 18:00,0.002
05/24/06 18:05,0.001
05/24/06 18:10,0.000
05/24/06 18:15,0.000
05/24/06 18:20,0.000
05/24/06 18:25,0.000
05/24/06 18:30,0.000
05/24/06 18:35,0.000
05/24/06 18:40,0.000
05/24/06 18:45,0.000
05/24/06 18:50,0.000
05/24/06 18:55,0.000
05/24/06 19:00,0.000
05/24/06 19:05,0.000
05/24/06 19:10,0.000
05/24/06 19:15,0.000
05/24/06 19:20,0.000
05/24/06 19:25,0.000
05/24/06 19:30,0.000
05/24/06 19:35,0.000
05/24/06 19:40,0.000
05/24/06 19:45,0.000
05/24/06 19:50,0.000
05/24/06 19:55,0.000
05/24/06 20:00,0.000
05/24/06 20:05,0.000
05/24/06 20:10,0.000
05/24/06 20:15,0.000
05/24/06 20:20,0.000
05/24/06 20:25,0.000
05/24/06 20:30,0.000
05/24/06 20:35,0.000
05/24/06 20:40,0.000
05/24/06 20:45,0.000
05/24/06 20:50,0.000
05/24/06 20:55,0.000
05/24/06 21:00,0.000
05/24/06 21:05,0.000
05/24/06 21:10,0.000
05/24/06 21:15,0.000
05/24/06 21:20,0.000
05/24/06 21:25,0.000
05/24/06 21:30,0.000
05/24/06 21:35,0.000
05/24/06 21:40,0.000
05/24/06 21:45,0.000
05/24/06 21:50,0.000
05/24/06 21:55,0.000
05/24/06 22:00,0.000
05/24/06 22:05,0.000
05/24/06 22:10,0.000
05/24/06 22:15,0.000
05/24/06 22:20,0.000
05/24/06 22:25,0.000
05/24/06 22:30,0.000
05/24/06 22:35,0.000
05/24/06 22:40,0.000
05/24/06 22:45,0.000
05/24/06 22:50,0.000
05/24/06 22:55,0.000
05/24/06 23:00,0.000
05/24/06 23:05,0.000
05/24/06 23:10,0.000
05/24/06 23:15,0.000
05/24/06 23:20,0.000
05/24/06 23:25,0.000
05/24/06 23:30,0.000
05/24/06 23:35,0.000
05/24/06 23:40,0.000
05/24/06 23:45,0.000
05/24/06 23:50,0.000
05/24/06 23:55,0.000
05/25/06 00:00,0.000
05/25/06 00:05,0.000
05/25/06 00:10,0.000
05/25/06 00:15,0.000
05/25/06 00:20,0.000
05/25/06 00:25,0.000
05/25/06 00:30,0.000
05/25/06 00:35,0.000
05/25/06 00:40,0.000
05/25/06 00:45,0.000
05/25/06 00:50,0.000
05/25/06 00:55,0.000
05/25/06 01:00,0.000
05/25/06 01:05,0.000
05/25/06 01:10,0.000
05/25/06 01:15,0.000
05/25/06 01:20,0.000
05/25/06 01:25,0.000
05/25/06 01:30,0.000
05/25/06 01:35,0.000
05/25/06 01:40,0.000
05/25/06 01:45,0.000
05/25/06 01:50,0.000
05/25/06 01:55,0.000
05/25/06 02:00,0.000
05/25/06 02:05,0.000
05/25/06 02:10,0.000
05/25/06 02:15,0.000
05/25/06 02:20,0.000
05/25/06 02:25,0.000
05/25/06 02:30,0.000
05/25/06 02:35,0.000
05/25/06 02:40,0.000
05/25/06 02:45,0.000
05/25/06 02:50,0.000
05/25/06 02:55,0.000
05/25/06 03:00,0.000
05/25/06 03:05,0.000
05/25/06 03:10,0.000
05/25/06 03:15,0.000
05/25/06 03:20,0.000
05/25/06 03:25,0.000
05/25/06 03:30,0.000
05/25/06 03:35,0.000
05/25/06 03:40,0.000
05/25/06 03:45,0.000
05/25/06 03:50,0.000
05/25/06 03:55,0.000
05/25/06 04:00,0.000
05/25/06 04:05,0.000
05/25/06 04:10,0.000
05/25/06 04:15,0.000
05/25/06 04:20,0.000
05/25/06 04:25,0.000
05/25/06 04:30,0.000
05/25/06 04:35,0.000
05/25/06 04:40,0.000
05/25/06 04:45,0.000
05/25/06 04:50,0.000
05/25/06 04:55,0.000
05/25/06 05:00,0.001
05/25/06 05:05,0.002
05/25/06 05:10,0.004
05/25/06 05:15,0.006
05/25/06 05:20,0.008
05/25/06 05:25,0.011
05/25/06 05:30,0.015
05/25/06 05:35,0.020
05/25/06 05:40,0.029
05/25/06 05:45,0.041
05/25/06 05:50,0.052
05/25/06 05:55,0.064
05/25/06 06:00,0.079
05/25/06 06:05,0.084
05/25/06 06:10,0.090
05/25/06 06:15,0.097
05/25/06 06:20,0.104
05/25/06 06:25,0.110
05/25/06 06:30,0.115
05/25/06 06:35,0.120
05/25/06 06:40,0.126
05/25/06 06:45,0.129
05/25/06 06:50,0.131
05/25/06 06:55,0.135
05/25/06 07:00,0.141
05/25/06 07:05,0.142
05/25/06 07:10,0.146
05/25/06 07:15,0.156
05/25/06 07:20,0.168
05/25/06 07:25,0.183
05/25/06 07:30,0.199
05/25/06 07:35,0.214
05/25/06 07:40,0.233
05/25/06 07:45,0.256
05/25/06 07:50,0.281
05/25/06 07:55,0.299
05/25/06 08:00,0.304
05/25/06 08:05,0.326
05/25/06 08:10,0.335
05/25/06 08:15,0.309
05/25/06 08:20,0.289
05/25/06 08:25,0.273
05/25/06 08:30,0.268
05/25/06 08:35,0.269
05/25/06 08:40,0.240
05/25/06 08:45,0.220
05/25/06 08:50,0.271
05/25/06 08:55,0.321
05/25/06 09:00,0.333
05/25/06 09:05,0.344
05/25/06 09:10,0.353
05/25/06 09:15,0.370
05/25/06 09:20,0.381
05/25/06 09:25,0.393
05/25/06 09:30,0.405
05/25/06 09:35,0.411
05/25/06 09:40,0.418
05/25/06 09:45,0.425
05/25/06 09:50,0.435
05/25/06 09:55,0.447
05/25/06 10:00,0.468
05/25/06 10:05,0.473
05/25/06 10:10,0.443
05/25/06 10:15,0.430
05/25/06 10:20,0.410
05/25/06 10:25,0.408
05/25/06 10:30,0.400
05/25/06 10:35,0.408
05/25/06 10:40,0.397
05/25/06 10:45,0.412
05/25/06 10:50,0.432
05/25/06 10:55,0.445
05/25/06 11:00,0.462
05/25/06 11:05,0.467
05/25/06 11:10,0.458
05/25/06 11:15,0.447
05/25/06 11:20,0.440
05/25/06 11:25,0.432
05/25/06 11:30,0.408
05/25/06 11:35,0.386
05/25/06 11:40,0.359
05/25/06 11:45,0.353
05/25/06 11:50,0.343
05/25/06 11:55,0.326
05/25/06 12:00,0.347
05/25/06 12:05,0.360
05/25/06 12:10,0.369
05/25/06 12:15,0.373
05/25/06 12:20,0.383
05/25/06 12:25,0.414
05/25/06 12:30,0.442
05/25/06 12:35,0.449
05/25/06 12:40,0.438
05/25/06 12:45,0.429
05/25/06 12:50,0.410
05/25/06 12:55,0.385
05/25/06 13:00,0.339
05/25/06 13:05,0.330
05/25/06 13:10,0.345
05/25/06 13:15,0.366
05/25/06 13:20,0.369
05/25/06 13:25,0.332
05/25/06 13:30,0.305
05/25/06 13:35,0.295
05/25/06 13:40,0.302
05/25/06 13:45,0.285
05/25/06 13:50,0.278
05/25/06 13:55,0.256
05/25/06 14:00,0.243
05/25/06 14:05,0.236
05/25/06 14:10,0.230
05/25/06 14:15,0.229
05/25/06 14:20,0.237
05/25/06 14:25,0.242
05/25/06 14:30,0.247
05/25/06 14:35,0.255
05/25/06 14:40,0.260
05/25/06 14:45,0.262
05/25/06 14:50,0.267
05/25/06 14:55,0.265
05/25/06 15:00,0.251
05/25/06 15:05,0.234
05/25/06 15:10,0.220
05/25/06 15:15,0.208
05/25/06 15:20,0.191
05/25/06 15:25,0.176
05/25/06 15:30,0.162
05/25/06 15:35,0.148
05/25/06 15:40,0.134
05/25/06 15:45,0.122
05/25/06 15:50,0.112
05/25/06 15:55,0.102
05/25/06 16:00,0.092
05/25/06 16:05,0.088
05/25/06 16:10,0.083
05/25/06 16:15,0.079
05/25/06 16:20,0.073
05/25/06 16:25,0.061
05/25/06 16:30,0.050
05/25/06 16:35,0.039
05/25/06 16:40,0.027
05/25/06 16:45,0.018
05/25/06 16:50,0.013
05/25/06 16:55,0.010
05/25/06 17:00,0.014
05/25/06 17:05,0.017
05/25/06 17:10,0.017
05/25/06 17:15,0.015
05/25/06 17:20,0.013
05/25/06 17:25,0.011
05/25/06 17:30,0.010
05/25/06 17:35,0.011
05/25/06 17:40,0.010
05/25/06 17:45,0.007
05/25/06 17:50,0.006
05/25/06 17:55,0.005
05/25/06 18:00,0.004
05/25/06 18:05,0.003
05/25/06 18:10,0.002
05/25/06 18:15,0.001
05/25/06 18:20,0.001
05/25/06 18:25,0.001
05/25/06 18:30,0.000
05/25/06 18:35,0.000
05/25/06 18:40,0.000
05/25/06 18:45,0.000
05/25/06 18:50,0.000
05/25/06 18:55,0.000
05/25/06 19:00,0.000
05/25/06 19:05,0.000
05/25/06 19:10,0.000
05/25/06 19:15,0.000
05/25/06 19:20,0.000
05/25/06 19:25,0.000
05/25/06 19:30,0.000
05/25/06 19:35,0.000
05/25/06 19:40,0.000
05/25/06 19:45,0.000
05/25/06 19:50,0.000
05/25/06 19:55,0.000
05/25/06 20:00,0.000
05/25/06 20:05,0.000
05/25/06 20:10,0.000
05/25/06 20:15,0.000
05/25/06 20:20,0.000
05/25/06 20:25,0.000
05/25/06 20:30,0.000
05/25/06 20:35,0.000
05/25/06 20:40,0.000
05/25/06 20:45,0.000
05/25/06 20:50,0.000
05/25/06 20:55,0.000
05/25/06 21:00,0.000
05/25/06 21:05,0.000
05/25/06 21:10,0.000
05/25/06 21:15,0.000
05/25/06 21:20,0.000
05/25/06 21:25,0.000
05/25/06 21:30,0.000
05/25/06 21:35,0.000
05/25/06 21:40,0.000
05/25/06 21:45,0.000
05/25/06 21:50,0.000
05/25/06 21:55,0.000
05/25/06 22:00,0.000
05/25/06 22:05,0.000
05/25/06 22:10,0.000
05/25/06 22:15,0.000
05/25/06 22:20,0.000
05/25/06 22:25,0.000
05/25/06 22:30,0.000
05/25/06 22:35,0.000
05/25/06 22:40,0.000
05/25/06 22:45,0.000
05/25/06 22:50,0.000
05/25/06 22:55,0.000
05/25/06 23:00,0.000
05/25/06 23:05,0.000
05/25/06 23:10,0.000
05/25/06 23:15,0.000
05/25/06 23:20,0.000
05/25/06 23:25,0.000
05/25/06 23:30,0.000
05/25/06 23:35,0.000
05/25/06 23:40,0.000
05/25/06 23:45,0.000
05/25/06 23:50,0.000
05/25/06 23:55,0.000
05/26/06 00:00,0.000
05/26/06 00:05,0.000
05/26/06 00:10,0.000
05/26/06 00:15,0.000
05/26/06 00:20,0.000
05/26/06 00:25,0.000
05/26/06 00:30,0.000
05/26/06 00:35,0.000
05/26/06 00:40,0.000
05/26/06 00:45,0.000
05/26/06 00:50,0.000
05/26/06 00:55,0.000
05/26/06 01:00,0.000
05/26/06 01:05,0.000
05/26/06 01:10,0.000
05/26/06 01:15,0.000
05/26/06 01:20,0.000
05/26/06 01:25,0.000
05/26/06 01:30,0.000
05/26/06 01:35,0.000
05/26/06 01:40,0.000
05/26/06 01:45,0.000
05/26/06 01:50,0.000
05/26/06 01:55,0.000
05/26/06 02:00,0.000
05/26/06 02:05,0.000
05/26/06 02:10,0.000
05/26/06 02:15,0.000
05/26/06 02:20,0.000
05/26/06 02:25,0.000
05/26/06 02:30,0.000
05/26/06 02:35,0.000
05/26/06 02:40,0.000
05/26/06 02:45,0.000
05/26/06 02:50,0.000
05/26/06 02:55,0.000
05/26/06 03:00,0.000
05/26/06 03:05,0.000
05/26/06 03:10,0.000
05/26/06 03:15,0.000
05/26/06 03:20,0.000
05/26/06 03:25,0.000
05/26/06 03:30,0.000
05/26/06 03:35,0.000
05/26/06 03:40,0.000
05/26/06 03:45,0.000
05/26/06 03:50,0.000
05/26/06 03:55,0.000
05/26/06 04:00,0.000
05/26/06 04:05,0.000
05/26/06 04:10,0.000
05/26/06 04:15,0.000
05/26/06 04:20,0.000
05/26/06 04:25,0.000
05/26/06 04:30,0.000
05/26/06 04:35,0.000
05/26/06 04:40,0.000
05/26/06 04:45,0.000
05/26/06 04:50,0.000
05/26/06 04:55,0.001
05/26/06 05:00,0.002
05/26/06 05:05,0.004
05/26/06 05:10,0.006
05/26/06 05:15,0.008
05/26/06 05:20,0.012
05/26/06 05:25,0.018
05/26/06 05:30,0.026
05/26/06 05:35,0.037
05/26/06 05:40,0.053
05/26/06 05:45,0.073
05/26/06 05:50,0.082
05/26/06 05:55,0.089
05/26/06 06:00,0.097
05/26/06 06:05,0.098
05/26/06 06:10,0.086
05/26/06 06:15,0.074
05/26/06 06:20,0.055
05/26/06 06:25,0.065
05/26/06 06:30,0.082
05/26/06 06:35,0.091
05/26/06 06:40,0.103
05/26/06 06:45,0.092
05/26/06 06:50,0.080
05/26/06 06:55,0.081
05/26/06 07:00,0.115
05/26/06 07:05,0.142
05/26/06 07:10,0.158
05/26/06 07:15,0.169
05/26/06 07:20,0.177
05/26/06 07:25,0.179
05/26/06 07:30,0.169
05/26/06 07:35,0.161
05/26/06 07:40,0.156
05/26/06 07:45,0.147
05/26/06 07:50,0.132
05/26/06 07:55,0.116
05/26/06 08:00,0.104
05/26/06 08:05,0.095
05/26/06 08:10,0.089
05/26/06 08:15,0.086
05/26/06 08:20,0.082
05/26/06 08:25,0.081
05/26/06 08:30,0.082
05/26/06 08:35,0.086
05/26/06 08:40,0.092
05/26/06 08:45,0.098
05/26/06 08:50,0.104
05/26/06 08:55,0.107
05/26/06 09:00,0.118
05/26/06 09:05,0.132
05/26/06 09:10,0.185
05/26/06 09:15,0.228
05/26/06 09:20,0.256
05/26/06 09:25,0.278
05/26/06 09:30,0.287
05/26/06 09:35,0.287
05/26/06 09:40,0.297
05/26/06 09:45,0.295
05/26/06 09:50,0.266
05/26/06 09:55,0.232
05/26/06 10:00,0.192
05/26/06 10:05,0.173
05/26/06 10:10,0.164
05/26/06 10:15,0.161
05/26/06 10:20,0.159
05/26/06 10:25,0.161
05/26/06 10:30,0.164
05/26/06 10:35,0.167
05/26/06 10:40,0.169
05/26/06 10:45,0.169
05/26/06 10:50,0.171
05/26/06 10:55,0.175
05/26/06 11:00,0.182
05/26/06 11:05,0.210
05/26/06 11:10,0.238
05/26/06 11:15,0.293
05/26/06 11:20,0.328
05/26/06 11:25,0.329
05/26/06 11:30,0.332
05/26/06 11:35,0.337
05/26/06 11:40,0.336
05/26/06 11:45,0.289
05/26/06 11:50,0.360
05/26/06 11:55,0.443
05/26/06 12:00,0.457
05/26/06 12:05,0.489
05/26/06 12:10,0.489
05/26/06 12:15,0.448
05/26/06 12:20,0.346
05/26/06 12:25,0.256
05/26/06 12:30,0.284
05/26/06 12:35,0.329
05/26/06 12:40,0.324
05/26/06 12:45,0.292
05/26/06 12:50,0.257
05/26/06 12:55,0.244
05/26/06 13:00,0.299
05/26/06 13:05,0.338
05/26/06 13:10,0.348
05/26/06 13:15,0.345
05/26/06 13:20,0.336
05/26/06 13:25,0.326
05/26/06 13:30,0.309
05/26/06 13:35,0.282
05/26/06 13:40,0.260
05/26/06 13:45,0.239
05/26/06 13:50,0.216
05/26/06 13:55,0.200
05/26/06 14:00,0.275
05/26/06 14:05,0.343
05/26/06 14:10,0.309
05/26/06 14:15,0.240
05/26/06 14:20,0.207
05/26/06 14:25,0.186
05/26/06 14:30,0.175
05/26/06 14:35,0.164
05/26/06 14:40,0.157
05/26/06 14:45,0.149
05/26/06 14:50,0.142
05/26/06 14:55,0.135
05/26/06 15:00,0.115
05/26/06 15:05,0.103
05/26/06 15:10,0.095
05/26/06 15:15,0.089
05/26/06 15:20,0.081
05/26/06 15:25,0.084
05/26/06 15:30,0.090
05/26/06 15:35,0.101
05/26/06 15:40,0.114
05/26/06 15:45,0.126
05/26/06 15:50,0.132
05/26/06 15:55,0.132
05/26/06 16:00,0.133
05/26/06 16:05,0.136
05/26/06 16:10,0.171
05/26/06 16:15,0.185
05/26/06 16:20,0.200
05/26/06 16:25,0.199
05/26/06 16:30,0.193
05/26/06 16:35,0.192
05/26/06 16:40,0.208
05/26/06 16:45,0.213
05/26/06 16:50,0.209
05/26/06 16:55,0.200
05/26/06 17:00,0.180
05/26/06 17:05,0.177
05/26/06 17:10,0.169
05/26/06 17:15,0.150
05/26/06 17:20,0.130
05/26/06 17:25,0.097
05/26/06 17:30,0.078
05/26/06 17:35,0.066
05/26/06 17:40,0.038
05/26/06 17:45,0.032
05/26/06 17:50,0.025
05/26/06 17:55,0.019
05/26/06 18:00,0.014
05/26/06 18:05,0.009
05/26/06 18:10,0.005
05/26/06 18:15,0.003
05/26/06 18:20,0.001
05/26/06 18:25,0.001
05/26/06 18:30,0.000
05/26/06 18:35,0.000
05/26/06 18:40,0.000
05/26/06 18:45,0.000
05/26/06 18:50,0.000
05/26/06 18:55,0.000
05/26/06 19:00,0.000
05/26/06 19:05,0.000
05/26/06 19:10,0.000
05/26/06 19:15,0.000
05/26/06 19:20,0.000
05/26/06 19:25,0.000
05/26/06 19:30,0.000
05/26/06 19:35,0.000
05/26/06 19:40,0.000
05/26/06 19:45,0.000
05/26/06 19:50,0.000
05/26/06 19:55,0.000
05/26/06 20:00,0.000
05/26/06 20:05,0.000
05/26/06 20:10,0.000
05/26/06 20:15,0.000
05/26/06 20:20,0.000
05/26/06 20:25,0.000
05/26/06 20:30,0.000
05/26/06 20:35,0.000
05/26/06 20:40,0.000
05/26/06 20:45,0.000
05/26/06 20:50,0.000
05/26/06 20:55,0.000
05/26/06 21:00,0.000
05/26/06 21:05,0.000
05/26/06 21:10,0.000
05/26/06 21:15,0.000
05/26/06 21:20,0.000
05/26/06 21:25,0.000
05/26/06 21:30,0.000
05/26/06 21:35,0.000
05/26/06 21:40,0.000
05/26/06 21:45,0.000
05/26/06 21:50,0.000
05/26/06 21:55,0.000
05/26/06 22:00,0.000
05/26/06 22:05,0.000
05/26/06 22:10,0.000
05/26/06 22:15,0.000
05/26/06 22:20,0.000
05/26/06 22:25,0.000
05/26/06 22:30,0.000
05/26/06 22:35,0.000
05/26/06 22:40,0.000
05/26/06 22:45,0.000
05/26/06 22:50,0.000
05/26/06 22:55,0.000
05/26/06 23:00,0.000
05/26/06 23:05,0.000
05/26/06 23:10,0.000
05/26/06 23:15,0.000
05/26/06 23:20,0.000
05/26/06 23:25,0.000
05/26/06 23:30,0.000
05/26/06 23:35,0.000
05/26/06 23:40,0.000
05/26/06 23:45,0.000
05/26/06 23:50,0.000
05/26/06 23:55,0.000
05/27/06 00:00,0.000
05/27/06 00:05,0.000
05/27/06 00:10,0.000
05/27/06 00:15,0.000
05/27/06 00:20,0.000
05/27/06 00:25,0.000
05/27/06 00:30,0.000
05/27/06 00:35,0.000
05/27/06 00:40,0.000
05/27/06 00:45,0.000
05/27/06 00:50,0.000
05/27/06 00:55,0.000
05/27/06 01:00,0.000
05/27/06 01:05,0.000
05/27/06 01:10,0.000
05/27/06 01:15,0.000
05/27/06 01:20,0.000
05/27/06 01:25,0.000
05/27/06 01:30,0.000
05/27/06 01:35,0.000
05/27/06 01:40,0.000
05/27/06 01:45,0.000
05/27/06 01:50,0.000
05/27/06 01:55,0.000
05/27/06 02:00,0.000
05/27/06 02:05,0.000
05/27/06 02:10,0.000
05/27/06 02:15,0.000
05/27/06 02:20,0.000
05/27/06 02:25,0.000
05/27/06 02:30,0.000
05/27/06 02:35,0.000
05/27/06 02:40,0.000
05/27/06 02:45,0.000
05/27/06 02:50,0.000
05/27/06 02:55,0.000
05/27/06 03:00,0.000
05/27/06 03:05,0.000
05/27/06 03:10,0.000
05/27/06 03:15,0.000
05/27/06 03:20,0.000
05/27/06 03:25,0.000
05/27/06 03:30,0.000
05/27/06 03:35,0.000
05/27/06 03:40,0.000
05/27/06 03:45,0.000
05/27/06 03:50,0.000
05/27/06 03:55,0.000
05/27/06 04:00,0.000
05/27/06 04:05,0.000
05/27/06 04:10,0.000
05/27/06 04:15,0.000
05/27/06 04:20,0.000
05/27/06 04:25,0.000
05/27/06 04:30,0.000
05/27/06 04:35,0.000
05/27/06 04:40,0.000
05/27/06 04:45,0.000
05/27/06 04:50,0.001
05/27/06 04:55,0.001
05/27/06 05:00,0.001
05/27/06 05:05,0.002
05/27/06 05:10,0.004
05/27/06 05:15,0.006
05/27/06 05:20,0.009
05/27/06 05:25,0.013
05/27/06 05:30,0.016
05/27/06 05:35,0.024
05/27/06 05:40,0.033
05/27/06 05:45,0.043
05/27/06 05:50,0.061
05/27/06 05:55,0.076
05/27/06 06:00,0.082
05/27/06 06:05,0.086
05/27/06 06:10,0.091
05/27/06 06:15,0.097
05/27/06 06:20,0.102
05/27/06 06:25,0.108
05/27/06 06:30,0.114
05/27/06 06:35,0.120
05/27/06 06:40,0.124
05/27/06 06:45,0.127
05/27/06 06:50,0.126
05/27/06 06:55,0.122
05/27/06 07:00,0.127
05/27/06 07:05,0.135
05/27/06 07:10,0.142
05/27/06 07:15,0.151
05/27/06 07:20,0.164
05/27/06 07:25,0.178
05/27/06 07:30,0.194
05/27/06 07:35,0.205
05/27/06 07:40,0.217
05/27/06 07:45,0.224
05/27/06 07:50,0.227
05/27/06 07:55,0.229
05/27/06 08:00,0.221
05/27/06 08:05,0.237
05/27/06 08:10,0.271
05/27/06 08:15,0.288
05/27/06 08:20,0.307
05/27/06 08:25,0.296
05/27/06 08:30,0.349
05/27/06 08:35,0.404
05/27/06 08:40,0.416
05/27/06 08:45,0.348
05/27/06 08:50,0.281
05/27/06 08:55,0.245
05/27/06 09:00,0.321
05/27/06 09:05,0.380
05/27/06 09:10,0.414
05/27/06 09:15,0.431
05/27/06 09:20,0.439
05/27/06 09:25,0.435
05/27/06 09:30,0.442
05/27/06 09:35,0.450
05/27/06 09:40,0.453
05/27/06 09:45,0.466
05/27/06 09:50,0.482
05/27/06 09:55,0.505
05/27/06 10:00,0.488
05/27/06 10:05,0.491
05/27/06 10:10,0.503
05/27/06 10:15,0.510
05/27/06 10:20,0.526
05/27/06 10:25,0.529
05/27/06 10:30,0.507
05/27/06 10:35,0.440
05/27/06 10:40,0.423
05/27/06 10:45,0.425
05/27/06 10:50,0.466
05/27/06 10:55,0.488
05/27/06 11:00,0.442
05/27/06 11:05,0.400
05/27/06 11:10,0.420
05/27/06 11:15,0.414
05/27/06 11:20,0.418
05/27/06 11:25,0.476
05/27/06 11:30,0.512
05/27/06 11:35,0.515
05/27/06 11:40,0.507
05/27/06 11:45,0.520
05/27/06 11:50,0.538
05/27/06 11:55,0.509
05/27/06 12:00,0.465
05/27/06 12:05,0.427
05/27/06 12:10,0.398
05/27/06 12:15,0.373
05/27/06 12:20,0.353
05/27/06 12:25,0.334
05/27/06 12:30,0.310
05/27/06 12:35,0.294
05/27/06 12:40,0.283
05/27/06 12:45,0.279
05/27/06 12:50,0.278
05/27/06 12:55,0.272
05/27/06 13:00,0.260
05/27/06 13:05,0.248
05/27/06 13:10,0.246
05/27/06 13:15,0.238
05/27/06 13:20,0.233
05/27/06 13:25,0.229
05/27/06 13:30,0.225
05/27/06 13:35,0.238
05/27/06 13:40,0.220
05/27/06 13:45,0.210
05/27/06 13:50,0.211
05/27/06 13:55,0.216
05/27/06 14:00,0.201
05/27/06 14:05,0.192
05/27/06 14:10,0.191
05/27/06 14:15,0.192
05/27/06 14:20,0.193
05/27/06 14:25,0.199
05/27/06 14:30,0.211
05/27/06 14:35,0.219
05/27/06 14:40,0.225
05/27/06 14:45,0.228
05/27/06 14:50,0.228
05/27/06 14:55,0.222
05/27/06 15:00,0.207
05/27/06 15:05,0.196
05/27/06 15:10,0.180
05/27/06 15:15,0.164
05/27/06 15:20,0.154
05/27/06 15:25,0.156
05/27/06 15:30,0.175
05/27/06 15:35,0.194
05/27/06 15:40,0.213
05/27/06 15:45,0.220
05/27/06 15:50,0.213
05/27/06 15:55,0.210
05/27/06 16:00,0.186
05/27/06 16:05,0.160
05/27/06 16:10,0.142
05/27/06 16:15,0.130
05/27/06 16:20,0.104
05/27/06 16:25,0.094
05/27/06 16:30,0.090
05/27/06 16:35,0.088
05/27/06 16:40,0.084
05/27/06 16:45,0.073
05/27/06 16:50,0.051
05/27/06 16:55,0.045
05/27/06 17:00,0.042
05/27/06 17:05,0.040
05/27/06 17:10,0.030
05/27/06 17:15,0.025
05/27/06 17:20,0.026
05/27/06 17:25,0.038
05/27/06 17:30,0.060
05/27/06 17:35,0.073
05/27/06 17:40,0.066
05/27/06 17:45,0.059
05/27/06 17:50,0.052
05/27/06 17:55,0.041
05/27/06 18:00,0.026
05/27/06 18:05,0.017
05/27/06 18:10,0.011
05/27/06 18:15,0.008
05/27/06 18:20,0.005
05/27/06 18:25,0.003
05/27/06 18:30,0.002
05/27/06 18:35,0.001
05/27/06 18:40,0.001
05/27/06 18:45,0.000
05/27/06 18:50,0.000
05/27/06 18:55,0.000
05/27/06 19:00,0.000
05/27/06 19:05,0.000
05/27/06 19:10,0.000
05/27/06 19:15,0.000
05/27/06 19:20,0.000
05/27/06 19:25,0.000
05/27/06 19:30,0.000
05/27/06 19:35,0.000
05/27/06 19:40,0.000
05/27/06 19:45,0.000
05/27/06 19:50,0.000
05/27/06 19:55,0.000
05/27/06 20:00,0.000
05/27/06 20:05,0.000
05/27/06 20:10,0.000
05/27/06 20:15,0.000
05/27/06 20:20,0.000
05/27/06 20:25,0.000
05/27/06 20:30,0.000
05/27/06 20:35,0.000
05/27/06 20:40,0.000
05/27/06 20:45,0.000
05/27/06 20:50,0.000
05/27/06 20:55,0.000
05/27/06 21:00,0.000
05/27/06 21:05,0.000
05/27/06 21:10,0.000
05/27/06 21:15,0.000
05/27/06 21:20,0.000
05/27/06 21:25,0.000
05/27/06 21:30,0.000
05/27/06 21:35,0.000
05/27/06 21:40,0.000
05/27/06 21:45,0.000
05/27/06 21:50,0.000
05/27/06 21:55,0.000
05/27/06 22:00,0.000
05/27/06 22:05,0.000
05/27/06 22:10,0.000
05/27/06 22:15,0.000
05/27/06 22:20,0.000
05/27/06 22:25,0.000
05/27/06 22:30,0.000
05/27/06 22:35,0.000
05/27/06 22:40,0.000
05/27/06 22:45,0.000
05/27/06 22:50,0.000
05/27/06 22:55,0.000
05/27/06 23:00,0.000
05/27/06 23:05,0.000
05/27/06 23:10,0.000
05/27/06 23:15,0.000
05/27/06 23:20,0.000
05/27/06 23:25,0.000
05/27/06 23:30,0.000
05/27/06 23:35,0.000
05/27/06 23:40,0.000
05/27/06 23:45,0.000
05/27/06 23:50,0.000
05/27/06 23:55,0.000
05/28/06 00:00,0.000
05/28/06 00:05,0.000
05/28/06 00:10,0.000
05/28/06 00:15,0.000
05/28/06 00:20,0.000
05/28/06 00:25,0.000
05/28/06 00:30,0.000
05/28/06 00:35,0.000
05/28/06 00:40,0.000
05/28/06 00:45,0.000
05/28/06 00:50,0.000
05/28/06 00:55,0.000
05/28/06 01:00,0.000
05/28/06 01:05,0.000
05/28/06 01:10,0.000
05/28/06 01:15,0.000
05/28/06 01:20,0.000
05/28/06 01:25,0.000
05/28/06 01:30,0.000
05/28/06 01:35,0.000
05/28/06 01:40,0.000
05/28/06 01:45,0.000
05/28/06 01:50,0.000
05/28/06 01:55,0.000
05/28/06 02:00,0.000
05/28/06 02:05,0.000
05/28/06 02:10,0.000
05/28/06 02:15,0.000
05/28/06 02:20,0.000
05/28/06 02:25,0.000
05/28/06 02:30,0.000
05/28/06 02:35,0.000
05/28/06 02:40,0.000
05/28/06 02:45,0.000
05/28/06 02:50,0.000
05/28/06 02:55,0.000
05/28/06 03:00,0.000
05/28/06 03:05,0.000
05/28/06 03:10,0.000
05/28/06 03:15,0.000
05/28/06 03:20,0.000
05/28/06 03:25,0.000
05/28/06 03:30,0.000
05/28/06 03:35,0.000
05/28/06 03:40,0.000
05/28/06 03:45,0.000
05/28/06 03:50,0.000
05/28/06 03:55,0.000
05/28/06 04:00,0.000
05/28/06 04:05,0.000
05/28/06 04:10,0.000
05/28/06 04:15,0.000
05/28/06 04:20,0.000
05/28/06 04:25,0.000
05/28/06 04:30,0.000
05/28/06 04:35,0.000
05/28/06 04:40,0.000
05/28/06 04:45,0.000
05/28/06 04:50,0.000
05/28/06 04:55,0.000
05/28/06 05:00,0.000
05/28/06 05:05,0.000
05/28/06 05:10,0.000
05/28/06 05:15,0.000
05/28/06 05:20,0.000
05/28/06 05:25,0.000
05/28/06 05:30,0.000
05/28/06 05:35,0.001
05/28/06 05:40,0.001
05/28/06 05:45,0.001
05/28/06 05:50,0.002
05/28/06 05:55,0.002
05/28/06 06:00,0.003
05/28/06 06:05,0.004
05/28/06 06:10,0.005
05/28/06 06:15,0.007
05/28/06 06:20,0.008
05/28/06 06:25,0.010
05/28/06 06:30,0.012
05/28/06 06:35,0.014
05/28/06 06:40,0.018
05/28/06 06:45,0.022
05/28/06 06:50,0.027
05/28/06 06:55,0.033
05/28/06 07:00,0.031
05/28/06 07:05,0.029
05/28/06 07:10,0.030
05/28/06 07:15,0.034
05/28/06 07:20,0.036
05/28/06 07:25,0.037
05/28/06 07:30,0.041
05/28/06 07:35,0.046
05/28/06 07:40,0.050
05/28/06 07:45,0.052
05/28/06 07:50,0.060
05/28/06 07:55,0.075
05/28/06 08:00,0.081
05/28/06 08:05,0.086
05/28/06 08:10,0.089
05/28/06 08:15,0.092
05/28/06 08:20,0.094
05/28/06 08:25,0.099
05/28/06 08:30,0.105
05/28/06 08:35,0.113
05/28/06 08:40,0.120
05/28/06 08:45,0.126
05/28/06 08:50,0.130
05/28/06 08:55,0.136
05/28/06 09:00,0.143
05/28/06 09:05,0.155
05/28/06 09:10,0.166
05/28/06 09:15,0.167
05/28/06 09:20,0.161
05/28/06 09:25,0.158
05/28/06 09:30,0.159
05/28/06 09:35,0.169
05/28/06 09:40,0.172
05/28/06 09:45,0.174
05/28/06 09:50,0.159
05/28/06 09:55,0.148
05/28/06 10:00,0.166
05/28/06 10:05,0.176
05/28/06 10:10,0.187
05/28/06 10:15,0.193
05/28/06 10:20,0.190
05/28/06 10:25,0.189
05/28/06 10:30,0.191
05/28/06 10:35,0.197
05/28/06 10:40,0.207
05/28/06 10:45,0.215
05/28/06 10:50,0.225
05/28/06 10:55,0.234
05/28/06 11:00,0.234
05/28/06 11:05,0.228
05/28/06 11:10,0.218
05/28/06 11:15,0.210
05/28/06 11:20,0.199
05/28/06 11:25,0.186
05/28/06 11:30,0.177
05/28/06 11:35,0.172
05/28/06 11:40,0.171
05/28/06 11:45,0.172
05/28/06 11:50,0.167
05/28/06 11:55,0.170
05/28/06 12:00,0.204
05/28/06 12:05,0.225
05/28/06 12:10,0.252
05/28/06 12:15,0.254
05/28/06 12:20,0.247
05/28/06 12:25,0.244
05/28/06 12:30,0.227
05/28/06 12:35,0.203
05/28/06 12:40,0.175
05/28/06 12:45,0.158
05/28/06 12:50,0.149
05/28/06 12:55,0.149
05/28/06 13:00,0.158
05/28/06 13:05,0.164
05/28/06 13:10,0.165
05/28/06 13:15,0.170
05/28/06 13:20,0.167
05/28/06 13:25,0.164
05/28/06 13:30,0.158
05/28/06 13:35,0.152
05/28/06 13:40,0.152
05/28/06 13:45,0.148
05/28/06 13:50,0.144
05/28/06 13:55,0.141
05/28/06 14:00,0.148
05/28/06 14:05,0.149
05/28/06 14:10,0.145
05/28/06 14:15,0.146
05/28/06 14:20,0.140
05/28/06 14:25,0.131
05/28/06 14:30,0.121
05/28/06 14:35,0.113
05/28/06 14:40,0.106
05/28/06 14:45,0.096
05/28/06 14:50,0.089
05/28/06 14:55,0.082
05/28/06 15:00,0.079
05/28/06 15:05,0.081
05/28/06 15:10,0.087
05/28/06 15:15,0.095
05/28/06 15:20,0.104
05/28/06 15:25,0.113
05/28/06 15:30,0.121
05/28/06 15:35,0.128
05/28/06 15:40,0.137
05/28/06 15:45,0.145
05/28/06 15:50,0.153
05/28/06 15:55,0.161
05/28/06 16:00,0.173
05/28/06 16:05,0.177
05/28/06 16:10,0.178
05/28/06 16:15,0.176
05/28/06 16:20,0.171
05/28/06 16:25,0.163
05/28/06 16:30,0.153
05/28/06 16:35,0.142
05/28/06 16:40,0.129
05/28/06 16:45,0.116
05/28/06 16:50,0.103
05/28/06 16:55,0.092
05/28/06 17:00,0.091
05/28/06 17:05,0.089
05/28/06 17:10,0.085
05/28/06 17:15,0.079
05/28/06 17:20,0.067
05/28/06 17:25,0.050
05/28/06 17:30,0.035
05/28/06 17:35,0.022
05/28/06 17:40,0.014
05/28/06 17:45,0.009
05/28/06 17:50,0.006
05/28/06 17:55,0.004
05/28/06 18:00,0.003
05/28/06 18:05,0.002
05/28/06 18:10,0.002
05/28/06 18:15,0.001
05/28/06 18:20,0.001
05/28/06 18:25,0.001
05/28/06 18:30,0.001
05/28/06 18:35,0.000
05/28/06 18:40,0.000
05/28/06 18:45,0.000
05/28/06 18:50,0.000
05/28/06 18:55,0.000
05/28/06 19:00,0.000
05/28/06 19:05,0.000
05/28/06 19:10,0.000
05/28/06 19:15,0.000
05/28/06 19:20,0.000
05/28/06 19:25,0.000
05/28/06 19:30,0.000
05/28/06 19:35,0.000
05/28/06 19:40,0.000
05/28/06 19:45,0.000
05/28/06 19:50,0.000
05/28/06 19:55,0.000
05/28/06 20:00,0.000
05/28/06 20:05,0.000
05/28/06 20:10,0.000
05/28/06 20:15,0.000
05/28/06 20:20,0.000
05/28/06 20:25,0.000
05/28/06 20:30,0.000
05/28/06 20:35,0.000
05/28/06 20:40,0.000
05/28/06 20:45,0.000
05/28/06 20:50,0.000
05/28/06 20:55,0.000
05/28/06 21:00,0.000
05/28/06 21:05,0.000
05/28/06 21:10,0.000
05/28/06 21:15,0.000
05/28/06 21:20,0.000
05/28/06 21:25,0.000
05/28/06 21:30,0.000
05/28/06 21:35,0.000
05/28/06 21:40,0.000
05/28/06 21:45,0.000
05/28/06 21:50,0.000
05/28/06 21:55,0.000
05/28/06 22:00,0.000
05/28/06 22:05,0.000
05/28/06 22:10,0.000
05/28/06 22:15,0.000
05/28/06 22:20,0.000
05/28/06 22:25,0.000
05/28/06 22:30,0.000
05/28/06 22:35,0.000
05/28/06 22:40,0.000
05/28/06 22:45,0.000
05/28/06 22:50,0.000
05/28/06 22:55,0.000
05/28/06 23:00,0.000
05/28/06 23:05,0.000
05/28/06 23:10,0.000
05/28/06 23:15,0.000
05/28/06 23:20,0.000
05/28/06 23:25,0.000
05/28/06 23:30,0.000
05/28/06 23:35,0.000
05/28/06 23:40,0.000
05/28/06 23:45,0.000
05/28/06 23:50,0.000
05/28/06 23:55,0.000
05/29/06 00:00,0.000
05/29/06 00:05,0.000
05/29/06 00:10,0.000
05/29/06 00:15,0.000
05/29/06 00:20,0.000
05/29/06 00:25,0.000
05/29/06 00:30,0.000
05/29/06 00:35,0.000
05/29/06 00:40,0.000
05/29/06 00:45,0.000
05/29/06 00:50,0.000
05/29/06 00:55,0.000
05/29/06 01:00,0.000
05/29/06 01:05,0.000
05/29/06 01:10,0.000
05/29/06 01:15,0.000
05/29/06 01:20,0.000
05/29/06 01:25,0.000
05/29/06 01:30,0.000
05/29/06 01:35,0.000
05/29/06 01:40,0.000
05/29/06 01:45,0.000
05/29/06 01:50,0.000
05/29/06 01:55,0.000
05/29/06 02:00,0.000
05/29/06 02:05,0.000
05/29/06 02:10,0.000
05/29/06 02:15,0.000
05/29/06 02:20,0.000
05/29/06 02:25,0.000
05/29/06 02:30,0.000
05/29/06 02:35,0.000
05/29/06 02:40,0.000
05/29/06 02:45,0.000
05/29/06 02:50,0.000
05/29/06 02:55,0.000
05/29/06 03:00,0.000
05/29/06 03:05,0.000
05/29/06 03:10,0.000
05/29/06 03:15,0.000
05/29/06 03:20,0.000
05/29/06 03:25,0.000
05/29/06 03:30,0.000
05/29/06 03:35,0.000
05/29/06 03:40,0.000
05/29/06 03:45,0.000
05/29/06 03:50,0.000
05/29/06 03:55,0.000
05/29/06 04:00,0.000
05/29/06 04:05,0.000
05/29/06 04:10,0.000
05/29/06 04:15,0.000
05/29/06 04:20,0.000
05/29/06 04:25,0.000
05/29/06 04:30,0.000
05/29/06 04:35,0.000
05/29/06 04:40,0.000
05/29/06 04:45,0.000
05/29/06 04:50,0.000
05/29/06 04:55,0.000
05/29/06 05:00,0.000
05/29/06 05:05,0.000
05/29/06 05:10,0.000
05/29/06 05:15,0.000
05/29/06 05:20,0.000
05/29/06 05:25,0.000
05/29/06 05:30,0.000
05/29/06 05:35,0.001
05/29/06 05:40,0.001
05/29/06 05:45,0.002
05/29/06 05:50,0.003
05/29/06 05:55,0.005
05/29/06 06:00,0.006
05/29/06 06:05,0.007
05/29/06 06:10,0.008
05/29/06 06:15,0.008
05/29/06 06:20,0.009
05/29/06 06:25,0.011
05/29/06 06:30,0.013
05/29/06 06:35,0.015
05/29/06 06:40,0.017
05/29/06 06:45,0.017
05/29/06 06:50,0.016
05/29/06 06:55,0.017
05/29/06 07:00,0.017
05/29/06 07:05,0.019
05/29/06 07:10,0.026
05/29/06 07:15,0.037
05/29/06 07:20,0.055
05/29/06 07:25,0.078
05/29/06 07:30,0.089
05/29/06 07:35,0.099
05/29/06 07:40,0.110
05/29/06 07:45,0.120
05/29/06 07:50,0.130
05/29/06 07:55,0.140
05/29/06 08:00,0.144
05/29/06 08:05,0.154
05/29/06 08:10,0.163
05/29/06 08:15,0.172
05/29/06 08:20,0.179
05/29/06 08:25,0.187
05/29/06 08:30,0.193
05/29/06 08:35,0.198
05/29/06 08:40,0.209
05/29/06 08:45,0.221
05/29/06 08:50,0.231
05/29/06 08:55,0.237
05/29/06 09:00,0.229
05/29/06 09:05,0.214
05/29/06 09:10,0.204
05/29/06 09:15,0.197
05/29/06 09:20,0.186
05/29/06 09:25,0.179
05/29/06 09:30,0.170
05/29/06 09:35,0.163
05/29/06 09:40,0.157
05/29/06 09:45,0.154
05/29/06 09:50,0.152
05/29/06 09:55,0.145
05/29/06 10:00,0.148
05/29/06 10:05,0.150
05/29/06 10:10,0.154
05/29/06 10:15,0.166
05/29/06 10:20,0.187
05/29/06 10:25,0.201
05/29/06 10:30,0.198
05/29/06 10:35,0.193
05/29/06 10:40,0.195
05/29/06 10:45,0.210
05/29/06 10:50,0.217
05/29/06 10:55,0.218
05/29/06 11:00,0.213
05/29/06 11:05,0.214
05/29/06 11:10,0.208
05/29/06 11:15,0.194
05/29/06 11:20,0.194
05/29/06 11:25,0.233
05/29/06 11:30,0.240
05/29/06 11:35,0.228
05/29/06 11:40,0.188
05/29/06 11:45,0.207
05/29/06 11:50,0.206
05/29/06 11:55,0.170
05/29/06 12:00,0.153
05/29/06 12:05,0.148
05/29/06 12:10,0.150
05/29/06 12:15,0.154
05/29/06 12:20,0.156
05/29/06 12:25,0.159
05/29/06 12:30,0.164
05/29/06 12:35,0.175
05/29/06 12:40,0.188
05/29/06 12:45,0.199
05/29/06 12:50,0.204
05/29/06 12:55,0.204
05/29/06 13:00,0.198
05/29/06 13:05,0.198
05/29/06 13:10,0.205
05/29/06 13:15,0.219
05/29/06 13:20,0.237
05/29/06 13:25,0.262
05/29/06 13:30,0.283
05/29/06 13:35,0.311
05/29/06 13:40,0.330
05/29/06 13:45,0.345
05/29/06 13:50,0.366
05/29/06 13:55,0.383
05/29/06 14:00,0.392
05/29/06 14:05,0.308
05/29/06 14:10,0.226
05/29/06 14:15,0.177
05/29/06 14:20,0.136
05/29/06 14:25,0.110
05/29/06 14:30,0.096
05/29/06 14:35,0.098
05/29/06 14:40,0.103
05/29/06 14:45,0.107
05/29/06 14:50,0.111
05/29/06 14:55,0.132
05/29/06 15:00,0.175
05/29/06 15:05,0.220
05/29/06 15:10,0.253
05/29/06 15:15,0.274
05/29/06 15:20,0.285
05/29/06 15:25,0.285
05/29/06 15:30,0.290
05/29/06 15:35,0.293
05/29/06 15:40,0.291
05/29/06 15:45,0.289
05/29/06 15:50,0.286
05/29/06 15:55,0.278
05/29/06 16:00,0.279
05/29/06 16:05,0.280
05/29/06 16:10,0.274
05/29/06 16:15,0.268
05/29/06 16:20,0.258
05/29/06 16:25,0.247
05/29/06 16:30,0.234
05/29/06 16:35,0.221
05/29/06 16:40,0.209
05/29/06 16:45,0.195
05/29/06 16:50,0.181
05/29/06 16:55,0.166
05/29/06 17:00,0.151
05/29/06 17:05,0.151
05/29/06 17:10,0.139
05/29/06 17:15,0.109
05/29/06 17:20,0.092
05/29/06 17:25,0.088
05/29/06 17:30,0.060
05/29/06 17:35,0.026
05/29/06 17:40,0.015
05/29/06 17:45,0.016
05/29/06 17:50,0.012
05/29/06 17:55,0.009
05/29/06 18:00,0.007
05/29/06 18:05,0.004
05/29/06 18:10,0.003
05/29/06 18:15,0.002
05/29/06 18:20,0.001
05/29/06 18:25,0.001
05/29/06 18:30,0.001
05/29/06 18:35,0.000
05/29/06 18:40,0.000
05/29/06 18:45,0.000
05/29/06 18:50,0.000
05/29/06 18:55,0.000
05/29/06 19:00,0.000
05/29/06 19:05,0.000
05/29/06 19:10,0.000
05/29/06 19:15,0.000
05/29/06 19:20,0.000
05/29/06 19:25,0.000
05/29/06 19:30,0.000
05/29/06 19:35,0.000
05/29/06 19:40,0.000
05/29/06 19:45,0.000
05/29/06 19:50,0.000
05/29/06 19:55,0.000
05/29/06 20:00,0.000
05/29/06 20:05,0.000
05/29/06 20:10,0.000
05/29/06 20:15,0.000
05/29/06 20:20,0.000
05/29/06 20:25,0.000
05/29/06 20:30,0.000
05/29/06 20:35,0.000
05/29/06 20:40,0.000
05/29/06 20:45,0.000
05/29/06 20:50,0.000
05/29/06 20:55,0.000
05/29/06 21:00,0.000
05/29/06 21:05,0.000
05/29/06 21:10,0.000
05/29/06 21:15,0.000
05/29/06 21:20,0.000
05/29/06 21:25,0.000
05/29/06 21:30,0.000
05/29/06 21:35,0.000
05/29/06 21:40,0.000
05/29/06 21:45,0.000
05/29/06 21:50,0.000
05/29/06 21:55,0.000
05/29/06 22:00,0.000
05/29/06 22:05,0.000
05/29/06 22:10,0.000
05/29/06 22:15,0.000
05/29/06 22:20,0.000
05/29/06 22:25,0.000
05/29/06 22:30,0.000
05/29/06 22:35,0.000
05/29/06 22:40,0.000
05/29/06 22:45,0.000
05/29/06 22:50,0.000
05/29/06 22:55,0.000
05/29/06 23:00,0.000
05/29/06 23:05,0.000
05/29/06 23:10,0.000
05/29/06 23:15,0.000
05/29/06 23:20,0.000
05/29/06 23:25,0.000
05/29/06 23:30,0.000
05/29/06 23:35,0.000
05/29/06 23:40,0.000
05/29/06 23:45,0.000
05/29/06 23:50,0.000
05/29/06 23:55,0.000
05/30/06 00:00,0.000
05/30/06 00:05,0.000
05/30/06 00:10,0.000
05/30/06 00:15,0.000
05/30/06 00:20,0.000
05/30/06 00:25,0.000
05/30/06 00:30,0.000
05/30/06 00:35,0.000
05/30/06 00:40,0.000
05/30/06 00:45,0.000
05/30/06 00:50,0.000
05/30/06 00:55,0.000
05/30/06 01:00,0.000
05/30/06 01:05,0.000
05/30/06 01:10,0.000
05/30/06 01:15,0.000
05/30/06 01:20,0.000
05/30/06 01:25,0.000
05/30/06 01:30,0.000
05/30/06 01:35,0.000
05/30/06 01:40,0.000
05/30/06 01:45,0.000
05/30/06 01:50,0.000
05/30/06 01:55,0.000
05/30/06 02:00,0.000
05/30/06 02:05,0.000
05/30/06 02:10,0.000
05/30/06 02:15,0.000
05/30/06 02:20,0.000
05/30/06 02:25,0.000
05/30/06 02:30,0.000
05/30/06 02:35,0.000
05/30/06 02:40,0.000
05/30/06 02:45,0.000
05/30/06 02:50,0.000
05/30/06 02:55,0.000
05/30/06 03:00,0.000
05/30/06 03:05,0.000
05/30/06 03:10,0.000
05/30/06 03:15,0.000
05/30/06 03:20,0.000
05/30/06 03:25,0.000
05/30/06 03:30,0.000
05/30/06 03:35,0.000
05/30/06 03:40,0.000
05/30/06 03:45,0.000
05/30/06 03:50,0.000
05/30/06 03:55,0.000
05/30/06 04:00,0.000
05/30/06 04:05,0.000
05/30/06 04:10,0.000
05/30/06 04:15,0.000
05/30/06 04:20,0.000
05/30/06 04:25,0.000
05/30/06 04:30,0.000
05/30/06 04:35,0.000
05/30/06 04:40,0.000
05/30/06 04:45,0.001
05/30/06 04:50,0.001
05/30/06 04:55,0.001
05/30/06 05:00,0.001
05/30/06 05:05,0.002
05/30/06 05:10,0.002
05/30/06 05:15,0.004
05/30/06 05:20,0.007
05/30/06 05:25,0.015
05/30/06 05:30,0.029
05/30/06 05:35,0.051
05/30/06 05:40,0.075
05/30/06 05:45,0.081
05/30/06 05:50,0.082
05/30/06 05:55,0.087
05/30/06 06:00,0.100
05/30/06 06:05,0.114
05/30/06 06:10,0.128
05/30/06 06:15,0.142
05/30/06 06:20,0.156
05/30/06 06:25,0.170
05/30/06 06:30,0.185
05/30/06 06:35,0.201
05/30/06 06:40,0.217
05/30/06 06:45,0.232
05/30/06 06:50,0.247
05/30/06 06:55,0.262
05/30/06 07:00,0.277
05/30/06 07:05,0.291
05/30/06 07:10,0.304
05/30/06 07:15,0.317
05/30/06 07:20,0.327
05/30/06 07:25,0.336
05/30/06 07:30,0.346
05/30/06 07:35,0.357
05/30/06 07:40,0.367
05/30/06 07:45,0.376
05/30/06 07:50,0.385
05/30/06 07:55,0.394
05/30/06 08:00,0.403
05/30/06 08:05,0.413
05/30/06 08:10,0.421
05/30/06 08:15,0.430
05/30/06 08:20,0.442
05/30/06 08:25,0.453
05/30/06 08:30,0.463
05/30/06 08:35,0.469
05/30/06 08:40,0.476
05/30/06 08:45,0.483
05/30/06 08:50,0.490
05/30/06 08:55,0.496
05/30/06 09:00,0.500
05/30/06 09:05,0.504
05/30/06 09:10,0.509
05/30/06 09:15,0.513
05/30/06 09:20,0.517
05/30/06 09:25,0.521
05/30/06 09:30,0.524
05/30/06 09:35,0.526
05/30/06 09:40,0.528
05/30/06 09:45,0.532
05/30/06 09:50,0.537
05/30/06 09:55,0.544
05/30/06 10:00,0.552
05/30/06 10:05,0.562
05/30/06 10:10,0.572
05/30/06 10:15,0.583
05/30/06 10:20,0.593
05/30/06 10:25,0.602
05/30/06 10:30,0.610
05/30/06 10:35,0.618
05/30/06 10:40,0.624
05/30/06 10:45,0.629
05/30/06 10:50,0.635
05/30/06 10:55,0.641
05/30/06 11:00,0.645
05/30/06 11:05,0.648
05/30/06 11:10,0.650
05/30/06 11:15,0.651
05/30/06 11:20,0.652
05/30/06 11:25,0.652
05/30/06 11:30,0.659
05/30/06 11:35,0.661
05/30/06 11:40,0.662
05/30/06 11:45,0.662
05/30/06 11:50,0.662
05/30/06 11:55,0.660
05/30/06 12:00,0.665
05/30/06 12:05,0.672
05/30/06 12:10,0.672
05/30/06 12:15,0.668
05/30/06 12:20,0.662
05/30/06 12:25,0.656
05/30/06 12:30,0.655
05/30/06 12:35,0.651
05/30/06 12:40,0.646
05/30/06 12:45,0.641
05/30/06 12:50,0.637
05/30/06 12:55,0.628
05/30/06 13:00,0.606
05/30/06 13:05,0.587
05/30/06 13:10,0.573
05/30/06 13:15,0.562
05/30/06 13:20,0.550
05/30/06 13:25,0.539
05/30/06 13:30,0.531
05/30/06 13:35,0.522
05/30/06 13:40,0.516
05/30/06 13:45,0.510
05/30/06 13:50,0.503
05/30/06 13:55,0.495
05/30/06 14:00,0.486
05/30/06 14:05,0.481
05/30/06 14:10,0.477
05/30/06 14:15,0.476
05/30/06 14:20,0.475
05/30/06 14:25,0.473
05/30/06 14:30,0.468
05/30/06 14:35,0.465
05/30/06 14:40,0.463
05/30/06 14:45,0.458
05/30/06 14:50,0.452
05/30/06 14:55,0.446
05/30/06 15:00,0.431
05/30/06 15:05,0.415
05/30/06 15:10,0.405
05/30/06 15:15,0.401
05/30/06 15:20,0.389
05/30/06 15:25,0.370
05/30/06 15:30,0.354
05/30/06 15:35,0.330
05/30/06 15:40,0.306
05/30/06 15:45,0.284
05/30/06 15:50,0.262
05/30/06 15:55,0.250
05/30/06 16:00,0.261
05/30/06 16:05,0.267
05/30/06 16:10,0.268
05/30/06 16:15,0.265
05/30/06 16:20,0.258
05/30/06 16:25,0.249
05/30/06 16:30,0.239
05/30/06 16:35,0.228
05/30/06 16:40,0.217
05/30/06 16:45,0.205
05/30/06 16:50,0.194
05/30/06 16:55,0.181
05/30/06 17:00,0.168
05/30/06 17:05,0.155
05/30/06 17:10,0.143
05/30/06 17:15,0.131
05/30/06 17:20,0.120
05/30/06 17:25,0.109
05/30/06 17:30,0.099
05/30/06 17:35,0.088
05/30/06 17:40,0.078
05/30/06 17:45,0.056
05/30/06 17:50,0.034
05/30/06 17:55,0.021
05/30/06 18:00,0.012
05/30/06 18:05,0.007
05/30/06 18:10,0.004
05/30/06 18:15,0.002
05/30/06 18:20,0.001
05/30/06 18:25,0.001
05/30/06 18:30,0.000
05/30/06 18:35,0.000
05/30/06 18:40,0.000
05/30/06 18:45,0.000
05/30/06 18:50,0.000
05/30/06 18:55,0.000
05/30/06 19:00,0.000
05/30/06 19:05,0.000
05/30/06 19:10,0.000
05/30/06 19:15,0.000
05/30/06 19:20,0.000
05/30/06 19:25,0.000
05/30/06 19:30,0.000
05/30/06 19:35,0.000
05/30/06 19:40,0.000
05/30/06 19:45,0.000
05/30/06 19:50,0.000
05/30/06 19:55,0.000
05/30/06 20:00,0.000
05/30/06 20:05,0.000
05/30/06 20:10,0.000
05/30/06 20:15,0.000
05/30/06 20:20,0.000
05/30/06 20:25,0.000
05/30/06 20:30,0.000
05/30/06 20:35,0.000
05/30/06 20:40,0.000
05/30/06 20:45,0.000
05/30/06 20:50,0.000
05/30/06 20:55,0.000
05/30/06 21:00,0.000
05/30/06 21:05,0.000
05/30/06 21:10,0.000
05/30/06 21:15,0.000
05/30/06 21:20,0.000
05/30/06 21:25,0.000
05/30/06 21:30,0.000
05/30/06 21:35,0.000
05/30/06 21:40,0.000
05/30/06 21:45,0.000
05/30/06 21:50,0.000
05/30/06 21:55,0.000
05/30/06 22:00,0.000
05/30/06 22:05,0.000
05/30/06 22:10,0.000
05/30/06 22:15,0.000
05/30/06 22:20,0.000
05/30/06 22:25,0.000
05/30/06 22:30,0.000
05/30/06 22:35,0.000
05/30/06 22:40,0.000
05/30/06 22:45,0.000
05/30/06 22:50,0.000
05/30/06 22:55,0.000
05/30/06 23:00,0.000
05/30/06 23:05,0.000
05/30/06 23:10,0.000
05/30/06 23:15,0.000
05/30/06 23:20,0.000
05/30/06 23:25,0.000
05/30/06 23:30,0.000
05/30/06 23:35,0.000
05/30/06 23:40,0.000
05/30/06 23:45,0.000
05/30/06 23:50,0.000
05/30/06 23:55,0.000
05/31/06 00:00,0.000
05/31/06 00:05,0.000
05/31/06 00:10,0.000
05/31/06 00:15,0.000
05/31/06 00:20,0.000
05/31/06 00:25,0.000
05/31/06 00:30,0.000
05/31/06 00:35,0.000
05/31/06 00:40,0.000
05/31/06 00:45,0.000
05/31/06 00:50,0.000
05/31/06 00:55,0.000
05/31/06 01:00,0.000
05/31/06 01:05,0.000
05/31/06 01:10,0.000
05/31/06 01:15,0.000
05/31/06 01:20,0.000
05/31/06 01:25,0.000
05/31/06 01:30,0.000
05/31/06 01:35,0.000
05/31/06 01:40,0.000
05/31/06 01:45,0.000
05/31/06 01:50,0.000
05/31/06 01:55,0.000
05/31/06 02:00,0.000
05/31/06 02:05,0.000
05/31/06 02:10,0.000
05/31/06 02:15,0.000
05/31/06 02:20,0.000
05/31/06 02:25,0.000
05/31/06 02:30,0.000
05/31/06 02:35,0.000
05/31/06 02:40,0.000
05/31/06 02:45,0.000
05/31/06 02:50,0.000
05/31/06 02:55,0.000
05/31/06 03:00,0.000
05/31/06 03:05,0.000
05/31/06 03:10,0.000
05/31/06 03:15,0.000
05/31/06 03:20,0.000
05/31/06 03:25,0.000
05/31/06 03:30,0.000
05/31/06 03:35,0.000
05/31/06 03:40,0.000
05/31/06 03:45,0.000
05/31/06 03:50,0.000
05/31/06 03:55,0.000
05/31/06 04:00,0.000
05/31/06 04:05,0.000
05/31/06 04:10,0.000
05/31/06 04:15,0.000
05/31/06 04:20,0.000
05/31/06 04:25,0.000
05/31/06 04:30,0.000
05/31/06 04:35,0.000
05/31/06 04:40,0.000
05/31/06 04:45,0.000
05/31/06 04:50,0.001
05/31/06 04:55,0.001
05/31/06 05:00,0.001
05/31/06 05:05,0.002
05/31/06 05:10,0.003
05/31/06 05:15,0.005
05/31/06 05:20,0.009
05/31/06 05:25,0.015
05/31/06 05:30,0.027
05/31/06 05:35,0.047
05/31/06 05:40,0.075
05/31/06 05:45,0.085
05/31/06 05:50,0.093
05/31/06 05:55,0.103
05/31/06 06:00,0.113
05/31/06 06:05,0.124
05/31/06 06:10,0.135
05/31/06 06:15,0.146
05/31/06 06:20,0.157
05/31/06 06:25,0.168
05/31/06 06:30,0.179
05/31/06 06:35,0.190
05/31/06 06:40,0.202
05/31/06 06:45,0.214
05/31/06 06:50,0.225
05/31/06 06:55,0.237
05/31/06 07:00,0.249
05/31/06 07:05,0.260
05/31/06 07:10,0.271
05/31/06 07:15,0.281
05/31/06 07:20,0.291
05/31/06 07:25,0.301
05/31/06 07:30,0.309
05/31/06 07:35,0.317
05/31/06 07:40,0.326
05/31/06 07:45,0.335
05/31/06 07:50,0.343
05/31/06 07:55,0.351
05/31/06 08:00,0.359
05/31/06 08:05,0.369
05/31/06 08:10,0.379
05/31/06 08:15,0.387
05/31/06 08:20,0.396
05/31/06 08:25,0.404
05/31/06 08:30,0.411
05/31/06 08:35,0.418
05/31/06 08:40,0.425
05/31/06 08:45,0.432
05/31/06 08:50,0.439
05/31/06 08:55,0.446
05/31/06 09:00,0.454
05/31/06 09:05,0.462
05/31/06 09:10,0.470
05/31/06 09:15,0.477
05/31/06 09:20,0.485
05/31/06 09:25,0.491
05/31/06 09:30,0.498
05/31/06 09:35,0.503
05/31/06 09:40,0.509
05/31/06 09:45,0.515
05/31/06 09:50,0.520
05/31/06 09:55,0.525
05/31/06 10:00,0.530
05/31/06 10:05,0.535
05/31/06 10:10,0.539
05/31/06 10:15,0.542
05/31/06 10:20,0.548
05/31/06 10:25,0.555
05/31/06 10:30,0.560
05/31/06 10:35,0.564
05/31/06 10:40,0.567
05/31/06 10:45,0.570
05/31/06 10:50,0.572
05/31/06 10:55,0.574
05/31/06 11:00,0.574
05/31/06 11:05,0.572
05/31/06 11:10,0.571
05/31/06 11:15,0.570
05/31/06 11:20,0.570
05/31/06 11:25,0.570
05/31/06 11:30,0.569
05/31/06 11:35,0.567
05/31/06 11:40,0.564
05/31/06 11:45,0.561
05/31/06 11:50,0.561
05/31/06 11:55,0.559
05/31/06 12:00,0.559
05/31/06 12:05,0.560
05/31/06 12:10,0.560
05/31/06 12:15,0.560
05/31/06 12:20,0.559
05/31/06 12:25,0.559
05/31/06 12:30,0.559
05/31/06 12:35,0.559
05/31/06 12:40,0.558
05/31/06 12:45,0.556
05/31/06 12:50,0.554
05/31/06 12:55,0.552
05/31/06 13:00,0.548
05/31/06 13:05,0.544
05/31/06 13:10,0.540
05/31/06 13:15,0.535
05/31/06 13:20,0.528
05/31/06 13:25,0.522
05/31/06 13:30,0.516
05/31/06 13:35,0.510
05/31/06 13:40,0.506
05/31/06 13:45,0.506
05/31/06 13:50,0.503
05/31/06 13:55,0.499
05/31/06 14:00,0.489
05/31/06 14:05,0.479
05/31/06 14:10,0.469
05/31/06 14:15,0.459
05/31/06 14:20,0.449
05/31/06 14:25,0.439
05/31/06 14:30,0.427
05/31/06 14:35,0.415
05/31/06 14:40,0.405
05/31/06 14:45,0.398
05/31/06 14:50,0.391
05/31/06 14:55,0.383
05/31/06 15:00,0.383
05/31/06 15:05,0.382
05/31/06 15:10,0.381
05/31/06 15:15,0.378
05/31/06 15:20,0.374
05/31/06 15:25,0.365
05/31/06 15:30,0.356
05/31/06 15:35,0.348
05/31/06 15:40,0.338
05/31/06 15:45,0.328
05/31/06 15:50,0.317
05/31/06 15:55,0.307
05/31/06 16:00,0.300
05/31/06 16:05,0.284
05/31/06 16:10,0.269
05/31/06 16:15,0.271
05/31/06 16:20,0.274
05/31/06 16:25,0.273
05/31/06 16:30,0.259
05/31/06 16:35,0.239
05/31/06 16:40,0.219
05/31/06 16:45,0.191
05/31/06 16:50,0.183
05/31/06 16:55,0.174
05/31/06 17:00,0.164
05/31/06 17:05,0.156
05/31/06 17:10,0.146
05/31/06 17:15,0.139
05/31/06 17:20,0.134
05/31/06 17:25,0.124
05/31/06 17:30,0.112
05/31/06 17:35,0.102
05/31/06 17:40,0.091
05/31/06 17:45,0.082
05/31/06 17:50,0.073
05/31/06 17:55,0.049
05/31/06 18:00,0.035
05/31/06 18:05,0.023
05/31/06 18:10,0.015
05/31/06 18:15,0.008
05/31/06 18:20,0.005
05/31/06 18:25,0.003
05/31/06 18:30,0.002
05/31/06 18:35,0.001
05/31/06 18:40,0.001
05/31/06 18:45,0.000
05/31/06 18:50,0.000
05/31/06 18:55,0.000
05/31/06 19:00,0.000
05/31/06 19:05,0.000
05/31/06 19:10,0.000
05/31/06 19:15,0.000
05/31/06 19:20,0.000
05/31/06 19:25,0.000
05/31/06 19:30,0.000
05/31/06 19:35,0.000
05/31/06 19:40,0.000
05/31/06 19:45,0.000
05/31/06 19:50,0.000
05/31/06 19:55,0.000
05/31/06 20:00,0.000
05/31/06 20:05,0.000
05/31/06 20:10,0.000
05/31/06 20:15,0.000
05/31/06 20:20,0.000
05/31/06 20:25,0.000
05/31/06 20:30,0.000
05/31/06 20:35,0.000
05/31/06 20:40,0.000
05/31/06 20:45,0.000
05/31/06 20:50,0.000
05/31/06 20:55,0.000
05/31/06 21:00,0.000
05/31/06 21:05,0.000
05/31/06 21:10,0.000
05/31/06 21:15,0.000
05/31/06 21:20,0.000
05/31/06 21:25,0.000
05/31/06 21:30,0.000
05/31/06 21:35,0.000
05/31/06 21:40,0.000
05/31/06 21:45,0.000
05/31/06 21:50,0.000
05/31/06 21:55,0.000
05/31/06 22:00,0.000
05/31/06 22:05,0.000
05/31/06 22:10,0.000
05/31/06 22:15,0.000
05/31/06 22:20,0.000
05/31/06 22:25,0.000
05/31/06 22:30,0.000
05/31/06 22:35,0.000
05/31/06 22:40,0.000
05/31/06 22:45,0.000
05/31/06 22:50,0.000
05/31/06 22:55,0.000
05/31/06 23:00,0.000
05/31/06 23:05,0.000
05/31/06 23:10,0.000
05/31/06 23:15,0.000
05/31/06 23:20,0.000
05/31/06 23:25,0.000
05/31/06 23:30,0.000
05/31/06 23:35,0.000
05/31/06 23:40,0.000
05/31/06 23:45,0.000
05/31/06 23:50,0.000
05/31/06 23:55,0.000
06/01/06 00:00,0.000
06/01/06 00:05,0.000
06/01/06 00:10,0.000
06/01/06 00:15,0.000
06/01/06 00:20,0.000
06/01/06 00:25,0.000
06/01/06 00:30,0.000
06/01/06 00:35,0.000
06/01/06 00:40,0.000
06/01/06 00:45,0.000
06/01/06 00:50,0.000
06/01/06 00:55,0.000
06/01/06 01:00,0.000
06/01/06 01:05,0.000
06/01/06 01:10,0.000
06/01/06 01:15,0.000
06/01/06 01:20,0.000
06/01/06 01:25,0.000
06/01/06 01:30,0.000
06/01/06 01:35,0.000
06/01/06 01:40,0.000
06/01/06 01:45,0.000
06/01/06 01:50,0.000
06/01/06 01:55,0.000
06/01/06 02:00,0.000
06/01/06 02:05,0.000
06/01/06 02:10,0.000
06/01/06 02:15,0.000
06/01/06 02:20,0.000
06/01/06 02:25,0.000
06/01/06 02:30,0.000
06/01/06 02:35,0.000
06/01/06 02:40,0.000
06/01/06 02:45,0.000
06/01/06 02:50,0.000
06/01/06 02:55,0.000
06/01/06 03:00,0.000
06/01/06 03:05,0.000
06/01/06 03:10,0.000
06/01/06 03:15,0.000
06/01/06 03:20,0.000
06/01/06 03:25,0.000
06/01/06 03:30,0.000
06/01/06 03:35,0.000
06/01/06 03:40,0.000
06/01/06 03:45,0.000
06/01/06 03:50,0.000
06/01/06 03:55,0.000
06/01/06 04:00,0.000
06/01/06 04:05,0.000
06/01/06 04:10,0.000
06/01/06 04:15,0.000
06/01/06 04:20,0.000
06/01/06 04:25,0.000
06/01/06 04:30,0.000
06/01/06 04:35,0.000
06/01/06 04:40,0.000
06/01/06 04:45,0.000
06/01/06 04:50,0.001
06/01/06 04:55,0.001
06/01/06 05:00,0.001
06/01/06 05:05,0.002
06/01/06 05:10,0.003
06/01/06 05:15,0.006
06/01/06 05:20,0.010
06/01/06 05:25,0.017
06/01/06 05:30,0.028
06/01/06 05:35,0.045
06/01/06 05:40,0.071
06/01/06 05:45,0.082
06/01/06 05:50,0.091
06/01/06 05:55,0.100
06/01/06 06:00,0.111
06/01/06 06:05,0.123
06/01/06 06:10,0.135
06/01/06 06:15,0.147
06/01/06 06:20,0.159
06/01/06 06:25,0.171
06/01/06 06:30,0.183
06/01/06 06:35,0.195
06/01/06 06:40,0.207
06/01/06 06:45,0.218
06/01/06 06:50,0.229
06/01/06 06:55,0.241
06/01/06 07:00,0.250
06/01/06 07:05,0.250
06/01/06 07:10,0.266
06/01/06 07:15,0.281
06/01/06 07:20,0.295
06/01/06 07:25,0.308
06/01/06 07:30,0.305
06/01/06 07:35,0.299
06/01/06 07:40,0.285
06/01/06 07:45,0.259
06/01/06 07:50,0.207
06/01/06 07:55,0.197
06/01/06 08:00,0.254
06/01/06 08:05,0.296
06/01/06 08:10,0.322
06/01/06 08:15,0.341
06/01/06 08:20,0.352
06/01/06 08:25,0.359
06/01/06 08:30,0.364
06/01/06 08:35,0.366
06/01/06 08:40,0.367
06/01/06 08:45,0.364
06/01/06 08:50,0.359
06/01/06 08:55,0.352
06/01/06 09:00,0.348
06/01/06 09:05,0.349
06/01/06 09:10,0.355
06/01/06 09:15,0.367
06/01/06 09:20,0.381
06/01/06 09:25,0.398
06/01/06 09:30,0.416
06/01/06 09:35,0.433
06/01/06 09:40,0.448
06/01/06 09:45,0.464
06/01/06 09:50,0.480
06/01/06 09:55,0.495
06/01/06 10:00,0.484
06/01/06 10:05,0.483
06/01/06 10:10,0.472
06/01/06 10:15,0.484
06/01/06 10:20,0.499
06/01/06 10:25,0.483
06/01/06 10:30,0.497
06/01/06 10:35,0.497
06/01/06 10:40,0.490
06/01/06 10:45,0.427
06/01/06 10:50,0.435
06/01/06 10:55,0.455
06/01/06 11:00,0.450
06/01/06 11:05,0.411
06/01/06 11:10,0.415
06/01/06 11:15,0.407
06/01/06 11:20,0.408
06/01/06 11:25,0.420
06/01/06 11:30,0.408
06/01/06 11:35,0.408
06/01/06 11:40,0.412
06/01/06 11:45,0.404
06/01/06 11:50,0.397
06/01/06 11:55,0.397
06/01/06 12:00,0.353
06/01/06 12:05,0.288
06/01/06 12:10,0.242
06/01/06 12:15,0.189
06/01/06 12:20,0.161
06/01/06 12:25,0.181
06/01/06 12:30,0.263
06/01/06 12:35,0.337
06/01/06 12:40,0.376
06/01/06 12:45,0.397
06/01/06 12:50,0.443
06/01/06 12:55,0.479
06/01/06 13:00,0.450
06/01/06 13:05,0.471
06/01/06 13:10,0.481
06/01/06 13:15,0.488
06/01/06 13:20,0.495
06/01/06 13:25,0.455
06/01/06 13:30,0.414
06/01/06 13:35,0.397
06/01/06 13:40,0.348
06/01/06 13:45,0.360
06/01/06 13:50,0.380
06/01/06 13:55,0.395
06/01/06 14:00,0.388
06/01/06 14:05,0.376
06/01/06 14:10,0.366
06/01/06 14:15,0.357
06/01/06 14:20,0.348
06/01/06 14:25,0.343
06/01/06 14:30,0.336
06/01/06 14:35,0.325
06/01/06 14:40,0.315
06/01/06 14:45,0.307
06/01/06 14:50,0.295
06/01/06 14:55,0.287
06/01/06 15:00,0.271
06/01/06 15:05,0.250
06/01/06 15:10,0.233
06/01/06 15:15,0.197
06/01/06 15:20,0.162
06/01/06 15:25,0.154
06/01/06 15:30,0.180
06/01/06 15:35,0.194
06/01/06 15:40,0.205
06/01/06 15:45,0.206
06/01/06 15:50,0.193
06/01/06 15:55,0.177
06/01/06 16:00,0.177
06/01/06 16:05,0.173
06/01/06 16:10,0.169
06/01/06 16:15,0.167
06/01/06 16:20,0.162
06/01/06 16:25,0.154
06/01/06 16:30,0.143
06/01/06 16:35,0.134
06/01/06 16:40,0.125
06/01/06 16:45,0.117
06/01/06 16:50,0.108
06/01/06 16:55,0.102
06/01/06 17:00,0.094
06/01/06 17:05,0.094
06/01/06 17:10,0.092
06/01/06 17:15,0.085
06/01/06 17:20,0.076
06/01/06 17:25,0.079
06/01/06 17:30,0.083
06/01/06 17:35,0.078
06/01/06 17:40,0.050
06/01/06 17:45,0.037
06/01/06 17:50,0.029
06/01/06 17:55,0.018
06/01/06 18:00,0.010
06/01/06 18:05,0.004
06/01/06 18:10,0.002
06/01/06 18:15,0.001
06/01/06 18:20,0.000
06/01/06 18:25,0.000
06/01/06 18:30,0.000
06/01/06 18:35,0.000
06/01/06 18:40,0.000
06/01/06 18:45,0.000
06/01/06 18:50,0.000
06/01/06 18:55,0.000
06/01/06 19:00,0.000
06/01/06 19:05,0.000
06/01/06 19:10,0.000
06/01/06 19:15,0.000
06/01/06 19:20,0.000
06/01/06 19:25,0.000
06/01/06 19:30,0.000
06/01/06 19:35,0.000
06/01/06 19:40,0.000
06/01/06 19:45,0.000
06/01/06 19:50,0.000
06/01/06 19:55,0.000
06/01/06 20:00,0.000
06/01/06 20:05,0.000
06/01/06 20:10,0.000
06/01/06 20:15,0.000
06/01/06 20:20,0.000
06/01/06 20:25,0.000
06/01/06 20:30,0.000
06/01/06 20:35,0.000
06/01/06 20:40,0.000
06/01/06 20:45,0.000
06/01/06 20:50,0.000
06/01/06 20:55,0.000
06/01/06 21:00,0.000
06/01/06 21:05,0.000
06/01/06 21:10,0.000
06/01/06 21:15,0.000
06/01/06 21:20,0.000
06/01/06 21:25,0.000
06/01/06 21:30,0.000
06/01/06 21:35,0.000
06/01/06 21:40,0.000
06/01/06 21:45,0.000
06/01/06 21:50,0.000
06/01/06 21:55,0.000
06/01/06 22:00,0.000
06/01/06 22:05,0.000
06/01/06 22:10,0.000
06/01/06 22:15,0.000
06/01/06 22:20,0.000
06/01/06 22:25,0.000
06/01/06 22:30,0.000
06/01/06 22:35,0.000
06/01/06 22:40,0.000
06/01/06 22:45,0.000
06/01/06 22:50,0.000
06/01/06 22:55,0.000
06/01/06 23:00,0.000
06/01/06 23:05,0.000
06/01/06 23:10,0.000
06/01/06 23:15,0.000
06/01/06 23:20,0.000
06/01/06 23:25,0.000
06/01/06 23:30,0.000
06/01/06 23:35,0.000
06/01/06 23:40,0.000
06/01/06 23:45,0.000
06/01/06 23:50,0.000
06/01/06 23:55,0.000
06/02/06 00:00,0.000
06/02/06 00:05,0.000
06/02/06 00:10,0.000
06/02/06 00:15,0.000
06/02/06 00:20,0.000
06/02/06 00:25,0.000
06/02/06 00:30,0.000
06/02/06 00:35,0.000
06/02/06 00:40,0.000
06/02/06 00:45,0.000
06/02/06 00:50,0.000
06/02/06 00:55,0.000
06/02/06 01:00,0.000
06/02/06 01:05,0.000
06/02/06 01:10,0.000
06/02/06 01:15,0.000
06/02/06 01:20,0.000
06/02/06 01:25,0.000
06/02/06 01:30,0.000
06/02/06 01:35,0.000
06/02/06 01:40,0.000
06/02/06 01:45,0.000
06/02/06 01:50,0.000
06/02/06 01:55,0.000
06/02/06 02:00,0.000
06/02/06 02:05,0.000
06/02/06 02:10,0.000
06/02/06 02:15,0.000
06/02/06 02:20,0.000
06/02/06 02:25,0.000
06/02/06 02:30,0.000
06/02/06 02:35,0.000
06/02/06 02:40,0.000
06/02/06 02:45,0.000
06/02/06 02:50,0.000
06/02/06 02:55,0.000
06/02/06 03:00,0.000
06/02/06 03:05,0.000
06/02/06 03:10,0.000
06/02/06 03:15,0.000
06/02/06 03:20,0.000
06/02/06 03:25,0.000
06/02/06 03:30,0.000
06/02/06 03:35,0.000
06/02/06 03:40,0.000
06/02/06 03:45,0.000
06/02/06 03:50,0.000
06/02/06 03:55,0.000
06/02/06 04:00,0.000
06/02/06 04:05,0.000
06/02/06 04:10,0.000
06/02/06 04:15,0.000
06/02/06 04:20,0.000
06/02/06 04:25,0.000
06/02/06 04:30,0.000
06/02/06 04:35,0.000
06/02/06 04:40,0.000
06/02/06 04:45,0.000
06/02/06 04:50,0.001
06/02/06 04:55,0.001
06/02/06 05:00,0.001
06/02/06 05:05,0.001
06/02/06 05:10,0.003
06/02/06 05:15,0.004
06/02/06 05:20,0.008
06/02/06 05:25,0.013
06/02/06 05:30,0.022
06/02/06 05:35,0.036
06/02/06 05:40,0.058
06/02/06 05:45,0.077
06/02/06 05:50,0.086
06/02/06 05:55,0.095
06/02/06 06:00,0.105
06/02/06 06:05,0.116
06/02/06 06:10,0.124
06/02/06 06:15,0.132
06/02/06 06:20,0.140
06/02/06 06:25,0.151
06/02/06 06:30,0.159
06/02/06 06:35,0.167
06/02/06 06:40,0.179
06/02/06 06:45,0.195
06/02/06 06:50,0.208
06/02/06 06:55,0.225
06/02/06 07:00,0.243
06/02/06 07:05,0.260
06/02/06 07:10,0.275
06/02/06 07:15,0.288
06/02/06 07:20,0.298
06/02/06 07:25,0.309
06/02/06 07:30,0.323
06/02/06 07:35,0.339
06/02/06 07:40,0.353
06/02/06 07:45,0.367
06/02/06 07:50,0.379
06/02/06 07:55,0.390
06/02/06 08:00,0.396
06/02/06 08:05,0.405
06/02/06 08:10,0.411
06/02/06 08:15,0.417
06/02/06 08:20,0.423
06/02/06 08:25,0.429
06/02/06 08:30,0.435
06/02/06 08:35,0.442
06/02/06 08:40,0.449
06/02/06 08:45,0.455
06/02/06 08:50,0.462
06/02/06 08:55,0.467
06/02/06 09:00,0.477
06/02/06 09:05,0.484
06/02/06 09:10,0.491
06/02/06 09:15,0.501
06/02/06 09:20,0.508
06/02/06 09:25,0.508
06/02/06 09:30,0.510
06/02/06 09:35,0.518
06/02/06 09:40,0.522
06/02/06 09:45,0.527
06/02/06 09:50,0.533
06/02/06 09:55,0.540
06/02/06 10:00,0.551
06/02/06 10:05,0.559
06/02/06 10:10,0.528
06/02/06 10:15,0.519
06/02/06 10:20,0.510
06/02/06 10:25,0.503
06/02/06 10:30,0.510
06/02/06 10:35,0.527
06/02/06 10:40,0.537
06/02/06 10:45,0.595
06/02/06 10:50,0.644
06/02/06 10:55,0.657
06/02/06 11:00,0.616
06/02/06 11:05,0.572
06/02/06 11:10,0.539
06/02/06 11:15,0.480
06/02/06 11:20,0.438
06/02/06 11:25,0.406
06/02/06 11:30,0.307
06/02/06 11:35,0.238
06/02/06 11:40,0.298
06/02/06 11:45,0.266
06/02/06 11:50,0.333
06/02/06 11:55,0.388
06/02/06 12:00,0.370
06/02/06 12:05,0.323
06/02/06 12:10,0.290
06/02/06 12:15,0.259
06/02/06 12:20,0.222
06/02/06 12:25,0.190
06/02/06 12:30,0.178
06/02/06 12:35,0.172
06/02/06 12:40,0.167
06/02/06 12:45,0.169
06/02/06 12:50,0.169
06/02/06 12:55,0.166
06/02/06 13:00,0.156
06/02/06 13:05,0.150
06/02/06 13:10,0.143
06/02/06 13:15,0.141
06/02/06 13:20,0.132
06/02/06 13:25,0.129
06/02/06 13:30,0.129
06/02/06 13:35,0.128
06/02/06 13:40,0.125
06/02/06 13:45,0.120
06/02/06 13:50,0.118
06/02/06 13:55,0.115
06/02/06 14:00,0.118
06/02/06 14:05,0.121
06/02/06 14:10,0.123
06/02/06 14:15,0.127
06/02/06 14:20,0.133
06/02/06 14:25,0.137
06/02/06 14:30,0.142
06/02/06 14:35,0.143
06/02/06 14:40,0.144
06/02/06 14:45,0.143
06/02/06 14:50,0.141
06/02/06 14:55,0.139
06/02/06 15:00,0.128
06/02/06 15:05,0.124
06/02/06 15:10,0.124
06/02/06 15:15,0.124
06/02/06 15:20,0.128
06/02/06 15:25,0.131
06/02/06 15:30,0.132
06/02/06 15:35,0.130
06/02/06 15:40,0.127
06/02/06 15:45,0.129
06/02/06 15:50,0.125
06/02/06 15:55,0.119
06/02/06 16:00,0.110
06/02/06 16:05,0.099
06/02/06 16:10,0.091
06/02/06 16:15,0.083
06/02/06 16:20,0.076
06/02/06 16:25,0.062
06/02/06 16:30,0.048
06/02/06 16:35,0.038
06/02/06 16:40,0.028
06/02/06 16:45,0.022
06/02/06 16:50,0.016
06/02/06 16:55,0.013
06/02/06 17:00,0.010
06/02/06 17:05,0.005
06/02/06 17:10,0.002
06/02/06 17:15,0.001
06/02/06 17:20,0.000
06/02/06 17:25,0.001
06/02/06 17:30,0.001
06/02/06 17:35,0.002
06/02/06 17:40,0.003
06/02/06 17:45,0.007
06/02/06 17:50,0.010
06/02/06 17:55,0.010
06/02/06 18:00,0.006
06/02/06 18:05,0.011
06/02/06 18:10,0.009
06/02/06 18:15,0.005
06/02/06 18:20,0.001
06/02/06 18:25,0.001
06/02/06 18:30,0.000
06/02/06 18:35,0.000
06/02/06 18:40,0.000
06/02/06 18:45,0.000
06/02/06 18:50,0.000
06/02/06 18:55,0.000
06/02/06 19:00,0.000
06/02/06 19:05,0.000
06/02/06 19:10,0.000
06/02/06 19:15,0.000
06/02/06 19:20,0.000
06/02/06 19:25,0.000
06/02/06 19:30,0.000
06/02/06 19:35,0.000
06/02/06 19:40,0.000
06/02/06 19:45,0.000
06/02/06 19:50,0.000
06/02/06 19:55,0.000
06/02/06 20:00,0.000
06/02/06 20:05,0.000
06/02/06 20:10,0.000
06/02/06 20:15,0.000
06/02/06 20:20,0.000
06/02/06 20:25,0.000
06/02/06 20:30,0.000
06/02/06 20:35,0.000
06/02/06 20:40,0.000
06/02/06 20:45,0.000
06/02/06 20:50,0.000
06/02/06 20:55,0.000
06/02/06 21:00,0.000
06/02/06 21:05,0.000
06/02/06 21:10,0.000
06/02/06 21:15,0.000
06/02/06 21:20,0.000
06/02/06 21:25,0.000
06/02/06 21:30,0.000
06/02/06 21:35,0.000
06/02/06 21:40,0.000
06/02/06 21:45,0.000
06/02/06 21:50,0.000
06/02/06 21:55,0.000
06/02/06 22:00,0.000
06/02/06 22:05,0.000
06/02/06 22:10,0.000
06/02/06 22:15,0.000
06/02/06 22:20,0.000
06/02/06 22:25,0.000
06/02/06 22:30,0.000
06/02/06 22:35,0.000
06/02/06 22:40,0.000
06/02/06 22:45,0.000
06/02/06 22:50,0.000
06/02/06 22:55,0.000
06/02/06 23:00,0.000
06/02/06 23:05,0.000
06/02/06 23:10,0.000
06/02/06 23:15,0.000
06/02/06 23:20,0.000
06/02/06 23:25,0.000
06/02/06 23:30,0.000
06/02/06 23:35,0.000
06/02/06 23:40,0.000
06/02/06 23:45,0.000
06/02/06 23:50,0.000
06/02/06 23:55,0.000
06/03/06 00:00,0.000
06/03/06 00:05,0.000
06/03/06 00:10,0.000
06/03/06 00:15,0.000
06/03/06 00:20,0.000
06/03/06 00:25,0.000
06/03/06 00:30,0.000
06/03/06 00:35,0.000
06/03/06 00:40,0.000
06/03/06 00:45,0.000
06/03/06 00:50,0.000
06/03/06 00:55,0.000
06/03/06 01:00,0.000
06/03/06 01:05,0.000
06/03/06 01:10,0.000
06/03/06 01:15,0.000
06/03/06 01:20,0.000
06/03/06 01:25,0.000
06/03/06 01:30,0.000
06/03/06 01:35,0.000
06/03/06 01:40,0.000
06/03/06 01:45,0.000
06/03/06 01:50,0.000
06/03/06 01:55,0.000
06/03/06 02:00,0.000
06/03/06 02:05,0.000
06/03/06 02:10,0.000
06/03/06 02:15,0.000
06/03/06 02:20,0.000
06/03/06 02:25,0.000
06/03/06 02:30,0.000
06/03/06 02:35,0.000
06/03/06 02:40,0.000
06/03/06 02:45,0.000
06/03/06 02:50,0.000
06/03/06 02:55,0.000
06/03/06 03:00,0.000
06/03/06 03:05,0.000
06/03/06 03:10,0.000
06/03/06 03:15,0.000
06/03/06 03:20,0.000
06/03/06 03:25,0.000
06/03/06 03:30,0.000
06/03/06 03:35,0.000
06/03/06 03:40,0.000
06/03/06 03:45,0.000
06/03/06 03:50,0.000
06/03/06 03:55,0.000
06/03/06 04:00,0.000
06/03/06 04:05,0.000
06/03/06 04:10,0.000
06/03/06 04:15,0.000
06/03/06 04:20,0.000
06/03/06 04:25,0.000
06/03/06 04:30,0.000
06/03/06 04:35,0.000
06/03/06 04:40,0.000
06/03/06 04:45,0.000
06/03/06 04:50,0.000
06/03/06 04:55,0.000
06/03/06 05:00,0.001
06/03/06 05:05,0.002
06/03/06 05:10,0.004
06/03/06 05:15,0.007
06/03/06 05:20,0.013
06/03/06 05:25,0.021
06/03/06 05:30,0.026
06/03/06 05:35,0.032
06/03/06 05:40,0.043
06/03/06 05:45,0.060
06/03/06 05:50,0.069
06/03/06 05:55,0.057
06/03/06 06:00,0.065
06/03/06 06:05,0.077
06/03/06 06:10,0.084
06/03/06 06:15,0.089
06/03/06 06:20,0.094
06/03/06 06:25,0.100
06/03/06 06:30,0.107
06/03/06 06:35,0.112
06/03/06 06:40,0.120
06/03/06 06:45,0.128
06/03/06 06:50,0.133
06/03/06 06:55,0.135
06/03/06 07:00,0.136
06/03/06 07:05,0.142
06/03/06 07:10,0.152
06/03/06 07:15,0.166
06/03/06 07:20,0.185
06/03/06 07:25,0.202
06/03/06 07:30,0.223
06/03/06 07:35,0.248
06/03/06 07:40,0.273
06/03/06 07:45,0.299
06/03/06 07:50,0.328
06/03/06 07:55,0.357
06/03/06 08:00,0.378
06/03/06 08:05,0.387
06/03/06 08:10,0.397
06/03/06 08:15,0.390
06/03/06 08:20,0.364
06/03/06 08:25,0.344
06/03/06 08:30,0.332
06/03/06 08:35,0.367
06/03/06 08:40,0.406
06/03/06 08:45,0.421
06/03/06 08:50,0.441
06/03/06 08:55,0.460
06/03/06 09:00,0.454
06/03/06 09:05,0.453
06/03/06 09:10,0.457
06/03/06 09:15,0.464
06/03/06 09:20,0.477
06/03/06 09:25,0.491
06/03/06 09:30,0.505
06/03/06 09:35,0.518
06/03/06 09:40,0.529
06/03/06 09:45,0.541
06/03/06 09:50,0.554
06/03/06 09:55,0.565
06/03/06 10:00,0.536
06/03/06 10:05,0.536
06/03/06 10:10,0.573
06/03/06 10:15,0.600
06/03/06 10:20,0.593
06/03/06 10:25,0.561
06/03/06 10:30,0.547
06/03/06 10:35,0.508
06/03/06 10:40,0.426
06/03/06 10:45,0.368
06/03/06 10:50,0.371
06/03/06 10:55,0.395
06/03/06 11:00,0.433
06/03/06 11:05,0.452
06/03/06 11:10,0.452
06/03/06 11:15,0.458
06/03/06 11:20,0.472
06/03/06 11:25,0.495
06/03/06 11:30,0.508
06/03/06 11:35,0.506
06/03/06 11:40,0.503
06/03/06 11:45,0.509
06/03/06 11:50,0.506
06/03/06 11:55,0.498
06/03/06 12:00,0.487
06/03/06 12:05,0.434
06/03/06 12:10,0.379
06/03/06 12:15,0.415
06/03/06 12:20,0.409
06/03/06 12:25,0.404
06/03/06 12:30,0.438
06/03/06 12:35,0.392
06/03/06 12:40,0.356
06/03/06 12:45,0.429
06/03/06 12:50,0.470
06/03/06 12:55,0.506
06/03/06 13:00,0.534
06/03/06 13:05,0.552
06/03/06 13:10,0.561
06/03/06 13:15,0.551
06/03/06 13:20,0.544
06/03/06 13:25,0.537
06/03/06 13:30,0.536
06/03/06 13:35,0.537
06/03/06 13:40,0.533
06/03/06 13:45,0.529
06/03/06 13:50,0.512
06/03/06 13:55,0.508
06/03/06 14:00,0.495
06/03/06 14:05,0.485
06/03/06 14:10,0.447
06/03/06 14:15,0.430
06/03/06 14:20,0.447
06/03/06 14:25,0.453
06/03/06 14:30,0.445
06/03/06 14:35,0.440
06/03/06 14:40,0.440
06/03/06 14:45,0.421
06/03/06 14:50,0.414
06/03/06 14:55,0.398
06/03/06 15:00,0.409
06/03/06 15:05,0.414
06/03/06 15:10,0.413
06/03/06 15:15,0.411
06/03/06 15:20,0.406
06/03/06 15:25,0.400
06/03/06 15:30,0.388
06/03/06 15:35,0.379
06/03/06 15:40,0.370
06/03/06 15:45,0.361
06/03/06 15:50,0.350
06/03/06 15:55,0.340
06/03/06 16:00,0.305
06/03/06 16:05,0.254
06/03/06 16:10,0.243
06/03/06 16:15,0.211
06/03/06 16:20,0.212
06/03/06 16:25,0.207
06/03/06 16:30,0.178
06/03/06 16:35,0.135
06/03/06 16:40,0.104
06/03/06 16:45,0.088
06/03/06 16:50,0.094
06/03/06 16:55,0.107
06/03/06 17:00,0.104
06/03/06 17:05,0.099
06/03/06 17:10,0.098
06/03/06 17:15,0.098
06/03/06 17:20,0.094
06/03/06 17:25,0.090
06/03/06 17:30,0.083
06/03/06 17:35,0.076
06/03/06 17:40,0.058
06/03/06 17:45,0.041
06/03/06 17:50,0.028
06/03/06 17:55,0.020
06/03/06 18:00,0.016
06/03/06 18:05,0.012
06/03/06 18:10,0.009
06/03/06 18:15,0.006
06/03/06 18:20,0.004
06/03/06 18:25,0.003
06/03/06 18:30,0.002
06/03/06 18:35,0.001
06/03/06 18:40,0.001
06/03/06 18:45,0.000
06/03/06 18:50,0.000
06/03/06 18:55,0.000
06/03/06 19:00,0.000
06/03/06 19:05,0.000
06/03/06 19:10,0.000
06/03/06 19:15,0.000
06/03/06 19:20,0.000
06/03/06 19:25,0.000
06/03/06 19:30,0.000
06/03/06 19:35,0.000
06/03/06 19:40,0.000
06/03/06 19:45,0.000
06/03/06 19:50,0.000
06/03/06 19:55,0.000
06/03/06 20:00,0.000
06/03/06 20:05,0.000
06/03/06 20:10,0.000
06/03/06 20:15,0.000
06/03/06 20:20,0.000
06/03/06 20:25,0.000
06/03/06 20:30,0.000
06/03/06 20:35,0.000
06/03/06 20:40,0.000
06/03/06 20:45,0.000
06/03/06 20:50,0.000
06/03/06 20:55,0.000
06/03/06 21:00,0.000
06/03/06 21:05,0.000
06/03/06 21:10,0.000
06/03/06 21:15,0.000
06/03/06 21:20,0.000
06/03/06 21:25,0.000
06/03/06 21:30,0.000
06/03/06 21:35,0.000
06/03/06 21:40,0.000
06/03/06 21:45,0.000
06/03/06 21:50,0.000
06/03/06 21:55,0.000
06/03/06 22:00,0.000
06/03/06 22:05,0.000
06/03/06 22:10,0.000
06/03/06 22:15,0.000
06/03/06 22:20,0.000
06/03/06 22:25,0.000
06/03/06 22:30,0.000
06/03/06 22:35,0.000
06/03/06 22:40,0.000
06/03/06 22:45,0.000
06/03/06 22:50,0.000
06/03/06 22:55,0.000
06/03/06 23:00,0.000
06/03/06 23:05,0.000
06/03/06 23:10,0.000
06/03/06 23:15,0.000
06/03/06 23:20,0.000
06/03/06 23:25,0.000
06/03/06 23:30,0.000
06/03/06 23:35,0.000
06/03/06 23:40,0.000
06/03/06 23:45,0.000
06/03/06 23:50,0.000
06/03/06 23:55,0.000
06/04/06 00:00,0.000
06/04/06 00:05,0.000
06/04/06 00:10,0.000
06/04/06 00:15,0.000
06/04/06 00:20,0.000
06/04/06 00:25,0.000
06/04/06 00:30,0.000
06/04/06 00:35,0.000
06/04/06 00:40,0.000
06/04/06 00:45,0.000
06/04/06 00:50,0.000
06/04/06 00:55,0.000
06/04/06 01:00,0.000
06/04/06 01:05,0.000
06/04/06 01:10,0.000
06/04/06 01:15,0.000
06/04/06 01:20,0.000
06/04/06 01:25,0.000
06/04/06 01:30,0.000
06/04/06 01:35,0.000
06/04/06 01:40,0.000
06/04/06 01:45,0.000
06/04/06 01:50,0.000
06/04/06 01:55,0.000
06/04/06 02:00,0.000
06/04/06 02:05,0.000
06/04/06 02:10,0.000
06/04/06 02:15,0.000
06/04/06 02:20,0.000
06/04/06 02:25,0.000
06/04/06 02:30,0.000
06/04/06 02:35,0.000
06/04/06 02:40,0.000
06/04/06 02:45,0.000
06/04/06 02:50,0.000
06/04/06 02:55,0.000
06/04/06 03:00,0.000
06/04/06 03:05,0.000
06/04/06 03:10,0.000
06/04/06 03:15,0.000
06/04/06 03:20,0.000
06/04/06 03:25,0.000
06/04/06 03:30,0.000
06/04/06 03:35,0.000
06/04/06 03:40,0.000
06/04/06 03:45,0.000
06/04/06 03:50,0.000
06/04/06 03:55,0.000
06/04/06 04:00,0.000
06/04/06 04:05,0.000
06/04/06 04:10,0.000
06/04/06 04:15,0.000
06/04/06 04:20,0.000
06/04/06 04:25,0.000
06/04/06 04:30,0.000
06/04/06 04:35,0.000
06/04/06 04:40,0.000
06/04/06 04:45,0.000
06/04/06 04:50,0.000
06/04/06 04:55,0.000
06/04/06 05:00,0.000
06/04/06 05:05,0.000
06/04/06 05:10,0.000
06/04/06 05:15,0.000
06/04/06 05:20,0.000
06/04/06 05:25,0.000
06/04/06 05:30,0.001
06/04/06 05:35,0.001
06/04/06 05:40,0.002
06/04/06 05:45,0.003
06/04/06 05:50,0.005
06/04/06 05:55,0.010
06/04/06 06:00,0.012
06/04/06 06:05,0.012
06/04/06 06:10,0.012
06/04/06 06:15,0.012
06/04/06 06:20,0.019
06/04/06 06:25,0.029
06/04/06 06:30,0.039
06/04/06 06:35,0.060
06/04/06 06:40,0.079
06/04/06 06:45,0.087
06/04/06 06:50,0.093
06/04/06 06:55,0.097
06/04/06 07:00,0.090
06/04/06 07:05,0.085
06/04/06 07:10,0.083
06/04/06 07:15,0.083
06/04/06 07:20,0.086
06/04/06 07:25,0.093
06/04/06 07:30,0.101
06/04/06 07:35,0.109
06/04/06 07:40,0.116
06/04/06 07:45,0.126
06/04/06 07:50,0.136
06/04/06 07:55,0.148
06/04/06 08:00,0.159
06/04/06 08:05,0.167
06/04/06 08:10,0.147
06/04/06 08:15,0.123
06/04/06 08:20,0.104
06/04/06 08:25,0.096
06/04/06 08:30,0.092
06/04/06 08:35,0.082
06/04/06 08:40,0.074
06/04/06 08:45,0.075
06/04/06 08:50,0.078
06/04/06 08:55,0.082
06/04/06 09:00,0.094
06/04/06 09:05,0.099
06/04/06 09:10,0.095
06/04/06 09:15,0.086
06/04/06 09:20,0.081
06/04/06 09:25,0.075
06/04/06 09:30,0.068
06/04/06 09:35,0.069
06/04/06 09:40,0.075
06/04/06 09:45,0.078
06/04/06 09:50,0.083
06/04/06 09:55,0.092
06/04/06 10:00,0.093
06/04/06 10:05,0.093
06/04/06 10:10,0.095
06/04/06 10:15,0.097
06/04/06 10:20,0.101
06/04/06 10:25,0.106
06/04/06 10:30,0.110
06/04/06 10:35,0.114
06/04/06 10:40,0.118
06/04/06 10:45,0.122
06/04/06 10:50,0.130
06/04/06 10:55,0.138
06/04/06 11:00,0.135
06/04/06 11:05,0.128
06/04/06 11:10,0.125
06/04/06 11:15,0.128
06/04/06 11:20,0.136
06/04/06 11:25,0.152
06/04/06 11:30,0.161
06/04/06 11:35,0.170
06/04/06 11:40,0.175
06/04/06 11:45,0.176
06/04/06 11:50,0.174
06/04/06 11:55,0.169
06/04/06 12:00,0.181
06/04/06 12:05,0.189
06/04/06 12:10,0.175
06/04/06 12:15,0.156
06/04/06 12:20,0.147
06/04/06 12:25,0.132
06/04/06 12:30,0.128
06/04/06 12:35,0.130
06/04/06 12:40,0.135
06/04/06 12:45,0.141
06/04/06 12:50,0.147
06/04/06 12:55,0.150
06/04/06 13:00,0.140
06/04/06 13:05,0.135
06/04/06 13:10,0.137
06/04/06 13:15,0.144
06/04/06 13:20,0.155
06/04/06 13:25,0.165
06/04/06 13:30,0.174
06/04/06 13:35,0.181
06/04/06 13:40,0.190
06/04/06 13:45,0.200
06/04/06 13:50,0.212
06/04/06 13:55,0.224
06/04/06 14:00,0.241
06/04/06 14:05,0.250
06/04/06 14:10,0.262
06/04/06 14:15,0.266
06/04/06 14:20,0.271
06/04/06 14:25,0.280
06/04/06 14:30,0.289
06/04/06 14:35,0.300
06/04/06 14:40,0.304
06/04/06 14:45,0.305
06/04/06 14:50,0.305
06/04/06 14:55,0.305
06/04/06 15:00,0.296
06/04/06 15:05,0.282
06/04/06 15:10,0.264
06/04/06 15:15,0.240
06/04/06 15:20,0.223
06/04/06 15:25,0.206
06/04/06 15:30,0.187
06/04/06 15:35,0.166
06/04/06 15:40,0.146
06/04/06 15:45,0.127
06/04/06 15:50,0.107
06/04/06 15:55,0.088
06/04/06 16:00,0.084
06/04/06 16:05,0.090
06/04/06 16:10,0.096
06/04/06 16:15,0.099
06/04/06 16:20,0.102
06/04/06 16:25,0.103
06/04/06 16:30,0.095
06/04/06 16:35,0.044
06/04/06 16:40,0.051
06/04/06 16:45,0.040
06/04/06 16:50,0.087
06/04/06 16:55,0.101
06/04/06 17:00,0.091
06/04/06 17:05,0.070
06/04/06 17:10,0.030
06/04/06 17:15,0.017
06/04/06 17:20,0.010
06/04/06 17:25,0.006
06/04/06 17:30,0.005
06/04/06 17:35,0.014
06/04/06 17:40,0.020
06/04/06 17:45,0.016
06/04/06 17:50,0.014
06/04/06 17:55,0.014
06/04/06 18:00,0.012
06/04/06 18:05,0.011
06/04/06 18:10,0.007
06/04/06 18:15,0.004
06/04/06 18:20,0.004
06/04/06 18:25,0.004
06/04/06 18:30,0.002
06/04/06 18:35,0.001
06/04/06 18:40,0.001
06/04/06 18:45,0.001
06/04/06 18:50,0.000
06/04/06 18:55,0.000
06/04/06 19:00,0.000
06/04/06 19:05,0.000
06/04/06 19:10,0.000
06/04/06 19:15,0.000
06/04/06 19:20,0.000
06/04/06 19:25,0.000
06/04/06 19:30,0.000
06/04/06 19:35,0.000
06/04/06 19:40,0.000
06/04/06 19:45,0.000
06/04/06 19:50,0.000
06/04/06 19:55,0.000
06/04/06 20:00,0.000
06/04/06 20:05,0.000
06/04/06 20:10,0.000
06/04/06 20:15,0.000
06/04/06 20:20,0.000
06/04/06 20:25,0.000
06/04/06 20:30,0.000
06/04/06 20:35,0.000
06/04/06 20:40,0.000
06/04/06 20:45,0.000
06/04/06 20:50,0.000
06/04/06 20:55,0.000
06/04/06 21:00,0.000
06/04/06 21:05,0.000
06/04/06 21:10,0.000
06/04/06 21:15,0.000
06/04/06 21:20,0.000
06/04/06 21:25,0.000
06/04/06 21:30,0.000
06/04/06 21:35,0.000
06/04/06 21:40,0.000
06/04/06 21:45,0.000
06/04/06 21:50,0.000
06/04/06 21:55,0.000
06/04/06 22:00,0.000
06/04/06 22:05,0.000
06/04/06 22:10,0.000
06/04/06 22:15,0.000
06/04/06 22:20,0.000
06/04/06 22:25,0.000
06/04/06 22:30,0.000
06/04/06 22:35,0.000
06/04/06 22:40,0.000
06/04/06 22:45,0.000
06/04/06 22:50,0.000
06/04/06 22:55,0.000
06/04/06 23:00,0.000
06/04/06 23:05,0.000
06/04/06 23:10,0.000
06/04/06 23:15,0.000
06/04/06 23:20,0.000
06/04/06 23:25,0.000
06/04/06 23:30,0.000
06/04/06 23:35,0.000
06/04/06 23:40,0.000
06/04/06 23:45,0.000
06/04/06 23:50,0.000
06/04/06 23:55,0.000
06/05/06 00:00,0.000
06/05/06 00:05,0.000
06/05/06 00:10,0.000
06/05/06 00:15,0.000
06/05/06 00:20,0.000
06/05/06 00:25,0.000
06/05/06 00:30,0.000
06/05/06 00:35,0.000
06/05/06 00:40,0.000
06/05/06 00:45,0.000
06/05/06 00:50,0.000
06/05/06 00:55,0.000
06/05/06 01:00,0.000
06/05/06 01:05,0.000
06/05/06 01:10,0.000
06/05/06 01:15,0.000
06/05/06 01:20,0.000
06/05/06 01:25,0.000
06/05/06 01:30,0.000
06/05/06 01:35,0.000
06/05/06 01:40,0.000
06/05/06 01:45,0.000
06/05/06 01:50,0.000
06/05/06 01:55,0.000
06/05/06 02:00,0.000
06/05/06 02:05,0.000
06/05/06 02:10,0.000
06/05/06 02:15,0.000
06/05/06 02:20,0.000
06/05/06 02:25,0.000
06/05/06 02:30,0.000
06/05/06 02:35,0.000
06/05/06 02:40,0.000
06/05/06 02:45,0.000
06/05/06 02:50,0.000
06/05/06 02:55,0.000
06/05/06 03:00,0.000
06/05/06 03:05,0.000
06/05/06 03:10,0.000
06/05/06 03:15,0.000
06/05/06 03:20,0.000
06/05/06 03:25,0.000
06/05/06 03:30,0.000
06/05/06 03:35,0.000
06/05/06 03:40,0.000
06/05/06 03:45,0.000
06/05/06 03:50,0.000
06/05/06 03:55,0.000
06/05/06 04:00,0.000
06/05/06 04:05,0.000
06/05/06 04:10,0.000
06/05/06 04:15,0.000
06/05/06 04:20,0.000
06/05/06 04:25,0.000
06/05/06 04:30,0.000
06/05/06 04:35,0.000
06/05/06 04:40,0.000
06/05/06 04:45,0.001
06/05/06 04:50,0.002
06/05/06 04:55,0.002
06/05/06 05:00,0.004
06/05/06 05:05,0.006
06/05/06 05:10,0.009
06/05/06 05:15,0.013
06/05/06 05:20,0.019
06/05/06 05:25,0.025
06/05/06 05:30,0.032
06/05/06 05:35,0.055
06/05/06 05:40,0.083
06/05/06 05:45,0.097
06/05/06 05:50,0.109
06/05/06 05:55,0.115
06/05/06 06:00,0.115
06/05/06 06:05,0.116
06/05/06 06:10,0.122
06/05/06 06:15,0.127
06/05/06 06:20,0.136
06/05/06 06:25,0.152
06/05/06 06:30,0.175
06/05/06 06:35,0.206
06/05/06 06:40,0.232
06/05/06 06:45,0.254
06/05/06 06:50,0.270
06/05/06 06:55,0.272
06/05/06 07:00,0.254
06/05/06 07:05,0.240
06/05/06 07:10,0.234
06/05/06 07:15,0.230
06/05/06 07:20,0.230
06/05/06 07:25,0.232
06/05/06 07:30,0.231
06/05/06 07:35,0.231
06/05/06 07:40,0.233
06/05/06 07:45,0.237
06/05/06 07:50,0.243
06/05/06 07:55,0.248
06/05/06 08:00,0.248
06/05/06 08:05,0.264
06/05/06 08:10,0.272
06/05/06 08:15,0.285
06/05/06 08:20,0.312
06/05/06 08:25,0.353
06/05/06 08:30,0.378
06/05/06 08:35,0.396
06/05/06 08:40,0.396
06/05/06 08:45,0.364
06/05/06 08:50,0.330
06/05/06 08:55,0.319
06/05/06 09:00,0.361
06/05/06 09:05,0.397
06/05/06 09:10,0.404
06/05/06 09:15,0.416
06/05/06 09:20,0.440
06/05/06 09:25,0.456
06/05/06 09:30,0.472
06/05/06 09:35,0.485
06/05/06 09:40,0.479
06/05/06 09:45,0.454
06/05/06 09:50,0.451
06/05/06 09:55,0.445
06/05/06 10:00,0.441
06/05/06 10:05,0.363
06/05/06 10:10,0.332
06/05/06 10:15,0.340
06/05/06 10:20,0.393
06/05/06 10:25,0.429
06/05/06 10:30,0.450
06/05/06 10:35,0.448
06/05/06 10:40,0.483
06/05/06 10:45,0.521
06/05/06 10:50,0.501
06/05/06 10:55,0.487
06/05/06 11:00,0.485
06/05/06 11:05,0.444
06/05/06 11:10,0.436
06/05/06 11:15,0.452
06/05/06 11:20,0.501
06/05/06 11:25,0.521
06/05/06 11:30,0.472
06/05/06 11:35,0.393
06/05/06 11:40,0.348
06/05/06 11:45,0.365
06/05/06 11:50,0.395
06/05/06 11:55,0.374
06/05/06 12:00,0.311
06/05/06 12:05,0.262
06/05/06 12:10,0.227
06/05/06 12:15,0.199
06/05/06 12:20,0.184
06/05/06 12:25,0.173
06/05/06 12:30,0.170
06/05/06 12:35,0.172
06/05/06 12:40,0.171
06/05/06 12:45,0.173
06/05/06 12:50,0.175
06/05/06 12:55,0.178
06/05/06 13:00,0.199
06/05/06 13:05,0.275
06/05/06 13:10,0.341
06/05/06 13:15,0.342
06/05/06 13:20,0.341
06/05/06 13:25,0.345
06/05/06 13:30,0.339
06/05/06 13:35,0.316
06/05/06 13:40,0.316
06/05/06 13:45,0.310
06/05/06 13:50,0.305
06/05/06 13:55,0.301
06/05/06 14:00,0.284
06/05/06 14:05,0.294
06/05/06 14:10,0.320
06/05/06 14:15,0.333
06/05/06 14:20,0.325
06/05/06 14:25,0.290
06/05/06 14:30,0.255
06/05/06 14:35,0.232
06/05/06 14:40,0.237
06/05/06 14:45,0.248
06/05/06 14:50,0.257
06/05/06 14:55,0.263
06/05/06 15:00,0.271
06/05/06 15:05,0.273
06/05/06 15:10,0.266
06/05/06 15:15,0.259
06/05/06 15:20,0.290
06/05/06 15:25,0.310
06/05/06 15:30,0.316
06/05/06 15:35,0.311
06/05/06 15:40,0.314
06/05/06 15:45,0.310
06/05/06 15:50,0.306
06/05/06 15:55,0.296
06/05/06 16:00,0.273
06/05/06 16:05,0.256
06/05/06 16:10,0.245
06/05/06 16:15,0.236
06/05/06 16:20,0.229
06/05/06 16:25,0.223
06/05/06 16:30,0.218
06/05/06 16:35,0.214
06/05/06 16:40,0.209
06/05/06 16:45,0.203
06/05/06 16:50,0.197
06/05/06 16:55,0.190
06/05/06 17:00,0.176
06/05/06 17:05,0.163
06/05/06 17:10,0.155
06/05/06 17:15,0.145
06/05/06 17:20,0.132
06/05/06 17:25,0.114
06/05/06 17:30,0.103
06/05/06 17:35,0.093
06/05/06 17:40,0.080
06/05/06 17:45,0.060
06/05/06 17:50,0.047
06/05/06 17:55,0.032
06/05/06 18:00,0.024
06/05/06 18:05,0.019
06/05/06 18:10,0.014
06/05/06 18:15,0.009
06/05/06 18:20,0.006
06/05/06 18:25,0.004
06/05/06 18:30,0.002
06/05/06 18:35,0.002
06/05/06 18:40,0.001
06/05/06 18:45,0.001
06/05/06 18:50,0.000
06/05/06 18:55,0.000
06/05/06 19:00,0.000
06/05/06 19:05,0.000
06/05/06 19:10,0.000
06/05/06 19:15,0.000
06/05/06 19:20,0.000
06/05/06 19:25,0.000
06/05/06 19:30,0.000
06/05/06 19:35,0.000
06/05/06 19:40,0.000
06/05/06 19:45,0.000
06/05/06 19:50,0.000
06/05/06 19:55,0.000
06/05/06 20:00,0.000
06/05/06 20:05,0.000
06/05/06 20:10,0.000
06/05/06 20:15,0.000
06/05/06 20:20,0.000
06/05/06 20:25,0.000
06/05/06 20:30,0.000
06/05/06 20:35,0.000
06/05/06 20:40,0.000
06/05/06 20:45,0.000
06/05/06 20:50,0.000
06/05/06 20:55,0.000
06/05/06 21:00,0.000
06/05/06 21:05,0.000
06/05/06 21:10,0.000
06/05/06 21:15,0.000
06/05/06 21:20,0.000
06/05/06 21:25,0.000
06/05/06 21:30,0.000
06/05/06 21:35,0.000
06/05/06 21:40,0.000
06/05/06 21:45,0.000
06/05/06 21:50,0.000
06/05/06 21:55,0.000
06/05/06 22:00,0.000
06/05/06 22:05,0.000
06/05/06 22:10,0.000
06/05/06 22:15,0.000
06/05/06 22:20,0.000
06/05/06 22:25,0.000
06/05/06 22:30,0.000
06/05/06 22:35,0.000
06/05/06 22:40,0.000
06/05/06 22:45,0.000
06/05/06 22:50,0.000
06/05/06 22:55,0.000
06/05/06 23:00,0.000
06/05/06 23:05,0.000
06/05/06 23:10,0.000
06/05/06 23:15,0.000
06/05/06 23:20,0.000
06/05/06 23:25,0.000
06/05/06 23:30,0.000
06/05/06 23:35,0.000
06/05/06 23:40,0.000
06/05/06 23:45,0.000
06/05/06 23:50,0.000
06/05/06 23:55,0.000
06/06/06 00:00,0.000
06/06/06 00:05,0.000
06/06/06 00:10,0.000
06/06/06 00:15,0.000
06/06/06 00:20,0.000
06/06/06 00:25,0.000
06/06/06 00:30,0.000
06/06/06 00:35,0.000
06/06/06 00:40,0.000
06/06/06 00:45,0.000
06/06/06 00:50,0.000
06/06/06 00:55,0.000
06/06/06 01:00,0.000
06/06/06 01:05,0.000
06/06/06 01:10,0.000
06/06/06 01:15,0.000
06/06/06 01:20,0.000
06/06/06 01:25,0.000
06/06/06 01:30,0.000
06/06/06 01:35,0.000
06/06/06 01:40,0.000
06/06/06 01:45,0.000
06/06/06 01:50,0.000
06/06/06 01:55,0.000
06/06/06 02:00,0.000
06/06/06 02:05,0.000
06/06/06 02:10,0.000
06/06/06 02:15,0.000
06/06/06 02:20,0.000
06/06/06 02:25,0.000
06/06/06 02:30,0.000
06/06/06 02:35,0.000
06/06/06 02:40,0.000
06/06/06 02:45,0.000
06/06/06 02:50,0.000
06/06/06 02:55,0.000
06/06/06 03:00,0.000
06/06/06 03:05,0.000
06/06/06 03:10,0.000
06/06/06 03:15,0.000
06/06/06 03:20,0.000
06/06/06 03:25,0.000
06/06/06 03:30,0.000
06/06/06 03:35,0.000
06/06/06 03:40,0.000
06/06/06 03:45,0.000
06/06/06 03:50,0.000
06/06/06 03:55,0.000
06/06/06 04:00,0.000
06/06/06 04:05,0.000
06/06/06 04:10,0.000
06/06/06 04:15,0.000
06/06/06 04:20,0.000
06/06/06 04:25,0.000
06/06/06 04:30,0.000
06/06/06 04:35,0.000
06/06/06 04:40,0.000
06/06/06 04:45,0.001
06/06/06 04:50,0.001
06/06/06 04:55,0.001
06/06/06 05:00,0.001
06/06/06 05:05,0.002
06/06/06 05:10,0.004
06/06/06 05:15,0.008
06/06/06 05:20,0.014
06/06/06 05:25,0.027
06/06/06 05:30,0.047
06/06/06 05:35,0.075
06/06/06 05:40,0.085
06/06/06 05:45,0.095
06/06/06 05:50,0.106
06/06/06 05:55,0.118
06/06/06 06:00,0.129
06/06/06 06:05,0.140
06/06/06 06:10,0.152
06/06/06 06:15,0.164
06/06/06 06:20,0.176
06/06/06 06:25,0.188
06/06/06 06:30,0.200
06/06/06 06:35,0.212
06/06/06 06:40,0.226
06/06/06 06:45,0.238
06/06/06 06:50,0.251
06/06/06 06:55,0.263
06/06/06 07:00,0.254
06/06/06 07:05,0.240
06/06/06 07:10,0.257
06/06/06 07:15,0.265
06/06/06 07:20,0.283
06/06/06 07:25,0.299
06/06/06 07:30,0.302
06/06/06 07:35,0.307
06/06/06 07:40,0.313
06/06/06 07:45,0.343
06/06/06 07:50,0.382
06/06/06 07:55,0.404
06/06/06 08:00,0.384
06/06/06 08:05,0.373
06/06/06 08:10,0.369
06/06/06 08:15,0.371
06/06/06 08:20,0.378
06/06/06 08:25,0.390
06/06/06 08:30,0.403
06/06/06 08:35,0.417
06/06/06 08:40,0.430
06/06/06 08:45,0.444
06/06/06 08:50,0.457
06/06/06 08:55,0.469
06/06/06 09:00,0.479
06/06/06 09:05,0.487
06/06/06 09:10,0.494
06/06/06 09:15,0.498
06/06/06 09:20,0.507
06/06/06 09:25,0.516
06/06/06 09:30,0.525
06/06/06 09:35,0.536
06/06/06 09:40,0.550
06/06/06 09:45,0.564
06/06/06 09:50,0.582
06/06/06 09:55,0.593
06/06/06 10:00,0.573
06/06/06 10:05,0.546
06/06/06 10:10,0.540
06/06/06 10:15,0.536
06/06/06 10:20,0.536
06/06/06 10:25,0.532
06/06/06 10:30,0.522
06/06/06 10:35,0.476
06/06/06 10:40,0.490
06/06/06 10:45,0.515
06/06/06 10:50,0.525
06/06/06 10:55,0.532
06/06/06 11:00,0.527
06/06/06 11:05,0.537
06/06/06 11:10,0.540
06/06/06 11:15,0.550
06/06/06 11:20,0.555
06/06/06 11:25,0.546
06/06/06 11:30,0.541
06/06/06 11:35,0.524
06/06/06 11:40,0.532
06/06/06 11:45,0.566
06/06/06 11:50,0.580
06/06/06 11:55,0.566
06/06/06 12:00,0.554
06/06/06 12:05,0.545
06/06/06 12:10,0.545
06/06/06 12:15,0.546
06/06/06 12:20,0.547
06/06/06 12:25,0.548
06/06/06 12:30,0.549
06/06/06 12:35,0.551
06/06/06 12:40,0.556
06/06/06 12:45,0.561
06/06/06 12:50,0.564
06/06/06 12:55,0.565
06/06/06 13:00,0.559
06/06/06 13:05,0.551
06/06/06 13:10,0.544
06/06/06 13:15,0.537
06/06/06 13:20,0.530
06/06/06 13:25,0.522
06/06/06 13:30,0.512
06/06/06 13:35,0.503
06/06/06 13:40,0.494
06/06/06 13:45,0.488
06/06/06 13:50,0.479
06/06/06 13:55,0.470
06/06/06 14:00,0.464
06/06/06 14:05,0.459
06/06/06 14:10,0.454
06/06/06 14:15,0.448
06/06/06 14:20,0.442
06/06/06 14:25,0.436
06/06/06 14:30,0.430
06/06/06 14:35,0.426
06/06/06 14:40,0.422
06/06/06 14:45,0.417
06/06/06 14:50,0.412
06/06/06 14:55,0.408
06/06/06 15:00,0.404
06/06/06 15:05,0.398
06/06/06 15:10,0.391
06/06/06 15:15,0.383
06/06/06 15:20,0.375
06/06/06 15:25,0.368
06/06/06 15:30,0.357
06/06/06 15:35,0.347
06/06/06 15:40,0.337
06/06/06 15:45,0.327
06/06/06 15:50,0.317
06/06/06 15:55,0.306
06/06/06 16:00,0.298
06/06/06 16:05,0.293
06/06/06 16:10,0.289
06/06/06 16:15,0.280
06/06/06 16:20,0.272
06/06/06 16:25,0.261
06/06/06 16:30,0.233
06/06/06 16:35,0.211
06/06/06 16:40,0.200
06/06/06 16:45,0.200
06/06/06 16:50,0.189
06/06/06 16:55,0.178
06/06/06 17:00,0.166
06/06/06 17:05,0.153
06/06/06 17:10,0.142
06/06/06 17:15,0.129
06/06/06 17:20,0.121
06/06/06 17:25,0.109
06/06/06 17:30,0.096
06/06/06 17:35,0.090
06/06/06 17:40,0.085
06/06/06 17:45,0.076
06/06/06 17:50,0.067
06/06/06 17:55,0.054
06/06/06 18:00,0.036
06/06/06 18:05,0.024
06/06/06 18:10,0.015
06/06/06 18:15,0.010
06/06/06 18:20,0.006
06/06/06 18:25,0.004
06/06/06 18:30,0.002
06/06/06 18:35,0.001
06/06/06 18:40,0.001
06/06/06 18:45,0.000
06/06/06 18:50,0.000
06/06/06 18:55,0.000
06/06/06 19:00,0.000
06/06/06 19:05,0.000
06/06/06 19:10,0.000
06/06/06 19:15,0.000
06/06/06 19:20,0.000
06/06/06 19:25,0.000
06/06/06 19:30,0.000
06/06/06 19:35,0.000
06/06/06 19:40,0.000
06/06/06 19:45,0.000
06/06/06 19:50,0.000
06/06/06 19:55,0.000
06/06/06 20:00,0.000
06/06/06 20:05,0.000
06/06/06 20:10,0.000
06/06/06 20:15,0.000
06/06/06 20:20,0.000
06/06/06 20:25,0.000
06/06/06 20:30,0.000
06/06/06 20:35,0.000
06/06/06 20:40,0.000
06/06/06 20:45,0.000
06/06/06 20:50,0.000
06/06/06 20:55,0.000
06/06/06 21:00,0.000
06/06/06 21:05,0.000
06/06/06 21:10,0.000
06/06/06 21:15,0.000
06/06/06 21:20,0.000
06/06/06 21:25,0.000
06/06/06 21:30,0.000
06/06/06 21:35,0.000
06/06/06 21:40,0.000
06/06/06 21:45,0.000
06/06/06 21:50,0.000
06/06/06 21:55,0.000
06/06/06 22:00,0.000
06/06/06 22:05,0.000
06/06/06 22:10,0.000
06/06/06 22:15,0.000
06/06/06 22:20,0.000
06/06/06 22:25,0.000
06/06/06 22:30,0.000
06/06/06 22:35,0.000
06/06/06 22:40,0.000
06/06/06 22:45,0.000
06/06/06 22:50,0.000
06/06/06 22:55,0.000
06/06/06 23:00,0.000
06/06/06 23:05,0.000
06/06/06 23:10,0.000
06/06/06 23:15,0.000
06/06/06 23:20,0.000
06/06/06 23:25,0.000
06/06/06 23:30,0.000
06/06/06 23:35,0.000
06/06/06 23:40,0.000
06/06/06 23:45,0.000
06/06/06 23:50,0.000
06/06/06 23:55,0.000
06/07/06 00:00,0.000
06/07/06 00:05,0.000
06/07/06 00:10,0.000
06/07/06 00:15,0.000
06/07/06 00:20,0.000
06/07/06 00:25,0.000
06/07/06 00:30,0.000
06/07/06 00:35,0.000
06/07/06 00:40,0.000
06/07/06 00:45,0.000
06/07/06 00:50,0.000
06/07/06 00:55,0.000
06/07/06 01:00,0.000
06/07/06 01:05,0.000
06/07/06 01:10,0.000
06/07/06 01:15,0.000
06/07/06 01:20,0.000
06/07/06 01:25,0.000
06/07/06 01:30,0.000
06/07/06 01:35,0.000
06/07/06 01:40,0.000
06/07/06 01:45,0.000
06/07/06 01:50,0.000
06/07/06 01:55,0.000
06/07/06 02:00,0.000
06/07/06 02:05,0.000
06/07/06 02:10,0.000
06/07/06 02:15,0.000
06/07/06 02:20,0.000
06/07/06 02:25,0.000
06/07/06 02:30,0.000
06/07/06 02:35,0.000
06/07/06 02:40,0.000
06/07/06 02:45,0.000
06/07/06 02:50,0.000
06/07/06 02:55,0.000
06/07/06 03:00,0.000
06/07/06 03:05,0.000
06/07/06 03:10,0.000
06/07/06 03:15,0.000
06/07/06 03:20,0.000
06/07/06 03:25,0.000
06/07/06 03:30,0.000
06/07/06 03:35,0.000
06/07/06 03:40,0.000
06/07/06 03:45,0.000
06/07/06 03:50,0.000
06/07/06 03:55,0.000
06/07/06 04:00,0.000
06/07/06 04:05,0.000
06/07/06 04:10,0.000
06/07/06 04:15,0.000
06/07/06 04:20,0.000
06/07/06 04:25,0.000
06/07/06 04:30,0.000
06/07/06 04:35,0.000
06/07/06 04:40,0.000
06/07/06 04:45,0.001
06/07/06 04:50,0.001
06/07/06 04:55,0.001
06/07/06 05:00,0.001
06/07/06 05:05,0.002
06/07/06 05:10,0.003
06/07/06 05:15,0.005
06/07/06 05:20,0.010
06/07/06 05:25,0.017
06/07/06 05:30,0.029
06/07/06 05:35,0.048
06/07/06 05:40,0.075
06/07/06 05:45,0.085
06/07/06 05:50,0.095
06/07/06 05:55,0.106
06/07/06 06:00,0.118
06/07/06 06:05,0.129
06/07/06 06:10,0.141
06/07/06 06:15,0.154
06/07/06 06:20,0.166
06/07/06 06:25,0.179
06/07/06 06:30,0.191
06/07/06 06:35,0.204
06/07/06 06:40,0.216
06/07/06 06:45,0.228
06/07/06 06:50,0.240
06/07/06 06:55,0.254
06/07/06 07:00,0.260
06/07/06 07:05,0.256
06/07/06 07:10,0.269
06/07/06 07:15,0.280
06/07/06 07:20,0.294
06/07/06 07:25,0.305
06/07/06 07:30,0.298
06/07/06 07:35,0.288
06/07/06 07:40,0.307
06/07/06 07:45,0.334
06/07/06 07:50,0.363
06/07/06 07:55,0.381
06/07/06 08:00,0.382
06/07/06 08:05,0.385
06/07/06 08:10,0.391
06/07/06 08:15,0.398
06/07/06 08:20,0.396
06/07/06 08:25,0.403
06/07/06 08:30,0.412
06/07/06 08:35,0.424
06/07/06 08:40,0.425
06/07/06 08:45,0.415
06/07/06 08:50,0.404
06/07/06 08:55,0.395
06/07/06 09:00,0.422
06/07/06 09:05,0.454
06/07/06 09:10,0.466
06/07/06 09:15,0.474
06/07/06 09:20,0.487
06/07/06 09:25,0.509
06/07/06 09:30,0.536
06/07/06 09:35,0.547
06/07/06 09:40,0.543
06/07/06 09:45,0.535
06/07/06 09:50,0.528
06/07/06 09:55,0.523
06/07/06 10:00,0.491
06/07/06 10:05,0.467
06/07/06 10:10,0.456
06/07/06 10:15,0.453
06/07/06 10:20,0.458
06/07/06 10:25,0.467
06/07/06 10:30,0.478
06/07/06 10:35,0.489
06/07/06 10:40,0.505
06/07/06 10:45,0.523
06/07/06 10:50,0.540
06/07/06 10:55,0.557
06/07/06 11:00,0.569
06/07/06 11:05,0.574
06/07/06 11:10,0.575
06/07/06 11:15,0.575
06/07/06 11:20,0.575
06/07/06 11:25,0.573
06/07/06 11:30,0.570
06/07/06 11:35,0.567
06/07/06 11:40,0.566
06/07/06 11:45,0.566
06/07/06 11:50,0.566
06/07/06 11:55,0.566
06/07/06 12:00,0.569
06/07/06 12:05,0.574
06/07/06 12:10,0.573
06/07/06 12:15,0.565
06/07/06 12:20,0.550
06/07/06 12:25,0.536
06/07/06 12:30,0.527
06/07/06 12:35,0.512
06/07/06 12:40,0.485
06/07/06 12:45,0.462
06/07/06 12:50,0.445
06/07/06 12:55,0.421
06/07/06 13:00,0.421
06/07/06 13:05,0.402
06/07/06 13:10,0.312
06/07/06 13:15,0.271
06/07/06 13:20,0.252
06/07/06 13:25,0.189
06/07/06 13:30,0.155
06/07/06 13:35,0.133
06/07/06 13:40,0.129
06/07/06 13:45,0.145
06/07/06 13:50,0.148
06/07/06 13:55,0.151
06/07/06 14:00,0.159
06/07/06 14:05,0.167
06/07/06 14:10,0.199
06/07/06 14:15,0.156
06/07/06 14:20,0.153
06/07/06 14:25,0.138
06/07/06 14:30,0.108
06/07/06 14:35,0.091
06/07/06 14:40,0.080
06/07/06 14:45,0.072
06/07/06 14:50,0.063
06/07/06 14:55,0.076
06/07/06 15:00,0.094
06/07/06 15:05,0.110
06/07/06 15:10,0.119
06/07/06 15:15,0.127
06/07/06 15:20,0.132
06/07/06 15:25,0.138
06/07/06 15:30,0.143
06/07/06 15:35,0.148
06/07/06 15:40,0.153
06/07/06 15:45,0.153
06/07/06 15:50,0.151
06/07/06 15:55,0.151
06/07/06 16:00,0.148
06/07/06 16:05,0.145
06/07/06 16:10,0.140
06/07/06 16:15,0.134
06/07/06 16:20,0.129
06/07/06 16:25,0.123
06/07/06 16:30,0.117
06/07/06 16:35,0.112
06/07/06 16:40,0.106
06/07/06 16:45,0.100
06/07/06 16:50,0.094
06/07/06 16:55,0.088
06/07/06 17:00,0.082
06/07/06 17:05,0.076
06/07/06 17:10,0.059
06/07/06 17:15,0.042
06/07/06 17:20,0.030
06/07/06 17:25,0.021
06/07/06 17:30,0.015
06/07/06 17:35,0.010
06/07/06 17:40,0.007
06/07/06 17:45,0.004
06/07/06 17:50,0.002
06/07/06 17:55,0.001
06/07/06 18:00,0.001
06/07/06 18:05,0.001
06/07/06 18:10,0.000
06/07/06 18:15,0.000
06/07/06 18:20,0.000
06/07/06 18:25,0.000
06/07/06 18:30,0.000
06/07/06 18:35,0.000
06/07/06 18:40,0.000
06/07/06 18:45,0.000
06/07/06 18:50,0.000
06/07/06 18:55,0.000
06/07/06 19:00,0.000
06/07/06 19:05,0.000
06/07/06 19:10,0.000
06/07/06 19:15,0.000
06/07/06 19:20,0.000
06/07/06 19:25,0.000
06/07/06 19:30,0.000
06/07/06 19:35,0.000
06/07/06 19:40,0.000
06/07/06 19:45,0.000
06/07/06 19:50,0.000
06/07/06 19:55,0.000
06/07/06 20:00,0.000
06/07/06 20:05,0.000
06/07/06 20:10,0.000
06/07/06 20:15,0.000
06/07/06 20:20,0.000
06/07/06 20:25,0.000
06/07/06 20:30,0.000
06/07/06 20:35,0.000
06/07/06 20:40,0.000
06/07/06 20:45,0.000
06/07/06 20:50,0.000
06/07/06 20:55,0.000
06/07/06 21:00,0.000
06/07/06 21:05,0.000
06/07/06 21:10,0.000
06/07/06 21:15,0.000
06/07/06 21:20,0.000
06/07/06 21:25,0.000
06/07/06 21:30,0.000
06/07/06 21:35,0.000
06/07/06 21:40,0.000
06/07/06 21:45,0.000
06/07/06 21:50,0.000
06/07/06 21:55,0.000
06/07/06 22:00,0.000
06/07/06 22:05,0.000
06/07/06 22:10,0.000
06/07/06 22:15,0.000
06/07/06 22:20,0.000
06/07/06 22:25,0.000
06/07/06 22:30,0.000
06/07/06 22:35,0.000
06/07/06 22:40,0.000
06/07/06 22:45,0.000
06/07/06 22:50,0.000
06/07/06 22:55,0.000
06/07/06 23:00,0.000
06/07/06 23:05,0.000
06/07/06 23:10,0.000
06/07/06 23:15,0.000
06/07/06 23:20,0.000
06/07/06 23:25,0.000
06/07/06 23:30,0.000
06/07/06 23:35,0.000
06/07/06 23:40,0.000
06/07/06 23:45,0.000
06/07/06 23:50,0.000
06/07/06 23:55,0.000
06/08/06 00:00,0.000
06/08/06 00:05,0.000
06/08/06 00:10,0.000
06/08/06 00:15,0.000
06/08/06 00:20,0.000
06/08/06 00:25,0.000
06/08/06 00:30,0.000
06/08/06 00:35,0.000
06/08/06 00:40,0.000
06/08/06 00:45,0.000
06/08/06 00:50,0.000
06/08/06 00:55,0.000
06/08/06 01:00,0.000
06/08/06 01:05,0.000
06/08/06 01:10,0.000
06/08/06 01:15,0.000
06/08/06 01:20,0.000
06/08/06 01:25,0.000
06/08/06 01:30,0.000
06/08/06 01:35,0.000
06/08/06 01:40,0.000
06/08/06 01:45,0.000
06/08/06 01:50,0.000
06/08/06 01:55,0.000
06/08/06 02:00,0.000
06/08/06 02:05,0.000
06/08/06 02:10,0.000
06/08/06 02:15,0.000
06/08/06 02:20,0.000
06/08/06 02:25,0.000
06/08/06 02:30,0.000
06/08/06 02:35,0.000
06/08/06 02:40,0.000
06/08/06 02:45,0.000
06/08/06 02:50,0.000
06/08/06 02:55,0.000
06/08/06 03:00,0.000
06/08/06 03:05,0.000
06/08/06 03:10,0.000
06/08/06 03:15,0.000
06/08/06 03:20,0.000
06/08/06 03:25,0.000
06/08/06 03:30,0.000
06/08/06 03:35,0.000
06/08/06 03:40,0.000
06/08/06 03:45,0.000
06/08/06 03:50,0.000
06/08/06 03:55,0.000
06/08/06 04:00,0.000
06/08/06 04:05,0.000
06/08/06 04:10,0.000
06/08/06 04:15,0.000
06/08/06 04:20,0.000
06/08/06 04:25,0.000
06/08/06 04:30,0.000
06/08/06 04:35,0.000
06/08/06 04:40,0.000
06/08/06 04:45,0.000
06/08/06 04:50,0.000
06/08/06 04:55,0.000
06/08/06 05:00,0.000
06/08/06 05:05,0.001
06/08/06 05:10,0.001
06/08/06 05:15,0.002
06/08/06 05:20,0.005
06/08/06 05:25,0.008
06/08/06 05:30,0.012
06/08/06 05:35,0.018
06/08/06 05:40,0.024
06/08/06 05:45,0.030
06/08/06 05:50,0.038
06/08/06 05:55,0.042
06/08/06 06:00,0.041
06/08/06 06:05,0.039
06/08/06 06:10,0.036
06/08/06 06:15,0.032
06/08/06 06:20,0.028
06/08/06 06:25,0.026
06/08/06 06:30,0.031
06/08/06 06:35,0.041
06/08/06 06:40,0.051
06/08/06 06:45,0.060
06/08/06 06:50,0.068
06/08/06 06:55,0.074
06/08/06 07:00,0.079
06/08/06 07:05,0.080
06/08/06 07:10,0.079
06/08/06 07:15,0.075
06/08/06 07:20,0.057
06/08/06 07:25,0.035
06/08/06 07:30,0.030
06/08/06 07:35,0.036
06/08/06 07:40,0.049
06/08/06 07:45,0.057
06/08/06 07:50,0.060
06/08/06 07:55,0.057
06/08/06 08:00,0.075
06/08/06 08:05,0.080
06/08/06 08:10,0.092
06/08/06 08:15,0.117
06/08/06 08:20,0.147
06/08/06 08:25,0.168
06/08/06 08:30,0.186
06/08/06 08:35,0.197
06/08/06 08:40,0.211
06/08/06 08:45,0.212
06/08/06 08:50,0.213
06/08/06 08:55,0.215
06/08/06 09:00,0.208
06/08/06 09:05,0.193
06/08/06 09:10,0.253
06/08/06 09:15,0.310
06/08/06 09:20,0.331
06/08/06 09:25,0.315
06/08/06 09:30,0.292
06/08/06 09:35,0.285
06/08/06 09:40,0.216
06/08/06 09:45,0.206
06/08/06 09:50,0.201
06/08/06 09:55,0.201
06/08/06 10:00,0.211
06/08/06 10:05,0.223
06/08/06 10:10,0.245
06/08/06 10:15,0.272
06/08/06 10:20,0.300
06/08/06 10:25,0.337
06/08/06 10:30,0.371
06/08/06 10:35,0.407
06/08/06 10:40,0.440
06/08/06 10:45,0.468
06/08/06 10:50,0.494
06/08/06 10:55,0.511
06/08/06 11:00,0.493
06/08/06 11:05,0.469
06/08/06 11:10,0.412
06/08/06 11:15,0.369
06/08/06 11:20,0.376
06/08/06 11:25,0.369
06/08/06 11:30,0.322
06/08/06 11:35,0.287
06/08/06 11:40,0.256
06/08/06 11:45,0.229
06/08/06 11:50,0.221
06/08/06 11:55,0.270
06/08/06 12:00,0.272
06/08/06 12:05,0.265
06/08/06 12:10,0.262
06/08/06 12:15,0.271
06/08/06 12:20,0.277
06/08/06 12:25,0.281
06/08/06 12:30,0.281
06/08/06 12:35,0.300
06/08/06 12:40,0.329
06/08/06 12:45,0.303
06/08/06 12:50,0.291
06/08/06 12:55,0.304
06/08/06 13:00,0.297
06/08/06 13:05,0.293
06/08/06 13:10,0.288
06/08/06 13:15,0.283
06/08/06 13:20,0.274
06/08/06 13:25,0.266
06/08/06 13:30,0.260
06/08/06 13:35,0.259
06/08/06 13:40,0.257
06/08/06 13:45,0.250
06/08/06 13:50,0.242
06/08/06 13:55,0.238
06/08/06 14:00,0.284
06/08/06 14:05,0.343
06/08/06 14:10,0.382
06/08/06 14:15,0.407
06/08/06 14:20,0.424
06/08/06 14:25,0.435
06/08/06 14:30,0.440
06/08/06 14:35,0.393
06/08/06 14:40,0.381
06/08/06 14:45,0.382
06/08/06 14:50,0.377
06/08/06 14:55,0.350
06/08/06 15:00,0.359
06/08/06 15:05,0.368
06/08/06 15:10,0.373
06/08/06 15:15,0.373
06/08/06 15:20,0.366
06/08/06 15:25,0.363
06/08/06 15:30,0.363
06/08/06 15:35,0.357
06/08/06 15:40,0.344
06/08/06 15:45,0.327
06/08/06 15:50,0.322
06/08/06 15:55,0.316
06/08/06 16:00,0.301
06/08/06 16:05,0.286
06/08/06 16:10,0.265
06/08/06 16:15,0.254
06/08/06 16:20,0.249
06/08/06 16:25,0.253
06/08/06 16:30,0.239
06/08/06 16:35,0.214
06/08/06 16:40,0.202
06/08/06 16:45,0.178
06/08/06 16:50,0.148
06/08/06 16:55,0.122
06/08/06 17:00,0.134
06/08/06 17:05,0.131
06/08/06 17:10,0.126
06/08/06 17:15,0.123
06/08/06 17:20,0.120
06/08/06 17:25,0.114
06/08/06 17:30,0.106
06/08/06 17:35,0.093
06/08/06 17:40,0.084
06/08/06 17:45,0.075
06/08/06 17:50,0.048
06/08/06 17:55,0.039
06/08/06 18:00,0.029
06/08/06 18:05,0.019
06/08/06 18:10,0.012
06/08/06 18:15,0.007
06/08/06 18:20,0.004
06/08/06 18:25,0.003
06/08/06 18:30,0.002
06/08/06 18:35,0.001
06/08/06 18:40,0.001
06/08/06 18:45,0.000
06/08/06 18:50,0.000
06/08/06 18:55,0.000
06/08/06 19:00,0.000
06/08/06 19:05,0.000
06/08/06 19:10,0.000
06/08/06 19:15,0.000
06/08/06 19:20,0.000
06/08/06 19:25,0.000
06/08/06 19:30,0.000
06/08/06 19:35,0.000
06/08/06 19:40,0.000
06/08/06 19:45,0.000
06/08/06 19:50,0.000
06/08/06 19:55,0.000
06/08/06 20:00,0.000
06/08/06 20:05,0.000
06/08/06 20:10,0.000
06/08/06 20:15,0.000
06/08/06 20:20,0.000
06/08/06 20:25,0.000
06/08/06 20:30,0.000
06/08/06 20:35,0.000
06/08/06 20:40,0.000
06/08/06 20:45,0.000
06/08/06 20:50,0.000
06/08/06 20:55,0.000
06/08/06 21:00,0.000
06/08/06 21:05,0.000
06/08/06 21:10,0.000
06/08/06 21:15,0.000
06/08/06 21:20,0.000
06/08/06 21:25,0.000
06/08/06 21:30,0.000
06/08/06 21:35,0.000
06/08/06 21:40,0.000
06/08/06 21:45,0.000
06/08/06 21:50,0.000
06/08/06 21:55,0.000
06/08/06 22:00,0.000
06/08/06 22:05,0.000
06/08/06 22:10,0.000
06/08/06 22:15,0.000
06/08/06 22:20,0.000
06/08/06 22:25,0.000
06/08/06 22:30,0.000
06/08/06 22:35,0.000
06/08/06 22:40,0.000
06/08/06 22:45,0.000
06/08/06 22:50,0.000
06/08/06 22:55,0.000
06/08/06 23:00,0.000
06/08/06 23:05,0.000
06/08/06 23:10,0.000
06/08/06 23:15,0.000
06/08/06 23:20,0.000
06/08/06 23:25,0.000
06/08/06 23:30,0.000
06/08/06 23:35,0.000
06/08/06 23:40,0.000
06/08/06 23:45,0.000
06/08/06 23:50,0.000
06/08/06 23:55,0.000
06/09/06 00:00,0.000
06/09/06 00:05,0.000
06/09/06 00:10,0.000
06/09/06 00:15,0.000
06/09/06 00:20,0.000
06/09/06 00:25,0.000
06/09/06 00:30,0.000
06/09/06 00:35,0.000
06/09/06 00:40,0.000
06/09/06 00:45,0.000
06/09/06 00:50,0.000
06/09/06 00:55,0.000
06/09/06 01:00,0.000
06/09/06 01:05,0.000
06/09/06 01:10,0.000
06/09/06 01:15,0.000
06/09/06 01:20,0.000
06/09/06 01:25,0.000
06/09/06 01:30,0.000
06/09/06 01:35,0.000
06/09/06 01:40,0.000
06/09/06 01:45,0.000
06/09/06 01:50,0.000
06/09/06 01:55,0.000
06/09/06 02:00,0.000
06/09/06 02:05,0.000
06/09/06 02:10,0.000
06/09/06 02:15,0.000
06/09/06 02:20,0.000
06/09/06 02:25,0.000
06/09/06 02:30,0.000
06/09/06 02:35,0.000
06/09/06 02:40,0.000
06/09/06 02:45,0.000
06/09/06 02:50,0.000
06/09/06 02:55,0.000
06/09/06 03:00,0.000
06/09/06 03:05,0.000
06/09/06 03:10,0.000
06/09/06 03:15,0.000
06/09/06 03:20,0.000
06/09/06 03:25,0.000
06/09/06 03:30,0.000
06/09/06 03:35,0.000
06/09/06 03:40,0.000
06/09/06 03:45,0.000
06/09/06 03:50,0.000
06/09/06 03:55,0.000
06/09/06 04:00,0.000
06/09/06 04:05,0.000
06/09/06 04:10,0.000
06/09/06 04:15,0.000
06/09/06 04:20,0.000
06/09/06 04:25,0.000
06/09/06 04:30,0.000
06/09/06 04:35,0.000
06/09/06 04:40,0.000
06/09/06 04:45,0.001
06/09/06 04:50,0.001
06/09/06 04:55,0.001
06/09/06 05:00,0.001
06/09/06 05:05,0.002
06/09/06 05:10,0.003
06/09/06 05:15,0.006
06/09/06 05:20,0.010
06/09/06 05:25,0.017
06/09/06 05:30,0.028
06/09/06 05:35,0.046
06/09/06 05:40,0.073
06/09/06 05:45,0.084
06/09/06 05:50,0.094
06/09/06 05:55,0.105
06/09/06 06:00,0.116
06/09/06 06:05,0.126
06/09/06 06:10,0.137
06/09/06 06:15,0.147
06/09/06 06:20,0.158
06/09/06 06:25,0.169
06/09/06 06:30,0.181
06/09/06 06:35,0.192
06/09/06 06:40,0.203
06/09/06 06:45,0.215
06/09/06 06:50,0.228
06/09/06 06:55,0.239
06/09/06 07:00,0.250
06/09/06 07:05,0.260
06/09/06 07:10,0.268
06/09/06 07:15,0.278
06/09/06 07:20,0.289
06/09/06 07:25,0.299
06/09/06 07:30,0.308
06/09/06 07:35,0.318
06/09/06 07:40,0.328
06/09/06 07:45,0.340
06/09/06 07:50,0.351
06/09/06 07:55,0.360
06/09/06 08:00,0.368
06/09/06 08:05,0.380
06/09/06 08:10,0.389
06/09/06 08:15,0.397
06/09/06 08:20,0.407
06/09/06 08:25,0.419
06/09/06 08:30,0.430
06/09/06 08:35,0.441
06/09/06 08:40,0.451
06/09/06 08:45,0.461
06/09/06 08:50,0.471
06/09/06 08:55,0.480
06/09/06 09:00,0.492
06/09/06 09:05,0.502
06/09/06 09:10,0.511
06/09/06 09:15,0.521
06/09/06 09:20,0.530
06/09/06 09:25,0.538
06/09/06 09:30,0.547
06/09/06 09:35,0.555
06/09/06 09:40,0.567
06/09/06 09:45,0.577
06/09/06 09:50,0.586
06/09/06 09:55,0.593
06/09/06 10:00,0.588
06/09/06 10:05,0.582
06/09/06 10:10,0.573
06/09/06 10:15,0.562
06/09/06 10:20,0.556
06/09/06 10:25,0.546
06/09/06 10:30,0.537
06/09/06 10:35,0.538
06/09/06 10:40,0.545
06/09/06 10:45,0.548
06/09/06 10:50,0.572
06/09/06 10:55,0.582
06/09/06 11:00,0.580
06/09/06 11:05,0.584
06/09/06 11:10,0.588
06/09/06 11:15,0.588
06/09/06 11:20,0.590
06/09/06 11:25,0.593
06/09/06 11:30,0.599
06/09/06 11:35,0.608
06/09/06 11:40,0.619
06/09/06 11:45,0.627
06/09/06 11:50,0.628
06/09/06 11:55,0.630
06/09/06 12:00,0.560
06/09/06 12:05,0.500
06/09/06 12:10,0.456
06/09/06 12:15,0.334
06/09/06 12:20,0.246
06/09/06 12:25,0.219
06/09/06 12:30,0.244
06/09/06 12:35,0.259
06/09/06 12:40,0.315
06/09/06 12:45,0.310
06/09/06 12:50,0.333
06/09/06 12:55,0.359
06/09/06 13:00,0.348
06/09/06 13:05,0.326
06/09/06 13:10,0.306
06/09/06 13:15,0.278
06/09/06 13:20,0.256
06/09/06 13:25,0.234
06/09/06 13:30,0.217
06/09/06 13:35,0.196
06/09/06 13:40,0.178
06/09/06 13:45,0.164
06/09/06 13:50,0.148
06/09/06 13:55,0.131
06/09/06 14:00,0.115
06/09/06 14:05,0.104
06/09/06 14:10,0.083
06/09/06 14:15,0.069
06/09/06 14:20,0.077
06/09/06 14:25,0.087
06/09/06 14:30,0.093
06/09/06 14:35,0.105
06/09/06 14:40,0.115
06/09/06 14:45,0.118
06/09/06 14:50,0.115
06/09/06 14:55,0.109
06/09/06 15:00,0.125
06/09/06 15:05,0.139
06/09/06 15:10,0.148
06/09/06 15:15,0.151
06/09/06 15:20,0.151
06/09/06 15:25,0.154
06/09/06 15:30,0.155
06/09/06 15:35,0.158
06/09/06 15:40,0.162
06/09/06 15:45,0.164
06/09/06 15:50,0.164
06/09/06 15:55,0.160
06/09/06 16:00,0.164
06/09/06 16:05,0.165
06/09/06 16:10,0.165
06/09/06 16:15,0.162
06/09/06 16:20,0.156
06/09/06 16:25,0.151
06/09/06 16:30,0.145
06/09/06 16:35,0.137
06/09/06 16:40,0.128
06/09/06 16:45,0.119
06/09/06 16:50,0.110
06/09/06 16:55,0.102
06/09/06 17:00,0.094
06/09/06 17:05,0.088
06/09/06 17:10,0.085
06/09/06 17:15,0.080
06/09/06 17:20,0.076
06/09/06 17:25,0.071
06/09/06 17:30,0.066
06/09/06 17:35,0.062
06/09/06 17:40,0.054
06/09/06 17:45,0.045
06/09/06 17:50,0.037
06/09/06 17:55,0.029
06/09/06 18:00,0.020
06/09/06 18:05,0.014
06/09/06 18:10,0.011
06/09/06 18:15,0.008
06/09/06 18:20,0.005
06/09/06 18:25,0.002
06/09/06 18:30,0.001
06/09/06 18:35,0.000
06/09/06 18:40,0.000
06/09/06 18:45,0.000
06/09/06 18:50,0.000
06/09/06 18:55,0.000
06/09/06 19:00,0.000
06/09/06 19:05,0.000
06/09/06 19:10,0.000
06/09/06 19:15,0.000
06/09/06 19:20,0.000
06/09/06 19:25,0.000
06/09/06 19:30,0.000
06/09/06 19:35,0.000
06/09/06 19:40,0.000
06/09/06 19:45,0.000
06/09/06 19:50,0.000
06/09/06 19:55,0.000
06/09/06 20:00,0.000
06/09/06 20:05,0.000
06/09/06 20:10,0.000
06/09/06 20:15,0.000
06/09/06 20:20,0.000
06/09/06 20:25,0.000
06/09/06 20:30,0.000
06/09/06 20:35,0.000
06/09/06 20:40,0.000
06/09/06 20:45,0.000
06/09/06 20:50,0.000
06/09/06 20:55,0.000
06/09/06 21:00,0.000
06/09/06 21:05,0.000
06/09/06 21:10,0.000
06/09/06 21:15,0.000
06/09/06 21:20,0.000
06/09/06 21:25,0.000
06/09/06 21:30,0.000
06/09/06 21:35,0.000
06/09/06 21:40,0.000
06/09/06 21:45,0.000
06/09/06 21:50,0.000
06/09/06 21:55,0.000
06/09/06 22:00,0.000
06/09/06 22:05,0.000
06/09/06 22:10,0.000
06/09/06 22:15,0.000
06/09/06 22:20,0.000
06/09/06 22:25,0.000
06/09/06 22:30,0.000
06/09/06 22:35,0.000
06/09/06 22:40,0.000
06/09/06 22:45,0.000
06/09/06 22:50,0.000
06/09/06 22:55,0.000
06/09/06 23:00,0.000
06/09/06 23:05,0.000
06/09/06 23:10,0.000
06/09/06 23:15,0.000
06/09/06 23:20,0.000
06/09/06 23:25,0.000
06/09/06 23:30,0.000
06/09/06 23:35,0.000
06/09/06 23:40,0.000
06/09/06 23:45,0.000
06/09/06 23:50,0.000
06/09/06 23:55,0.000
06/10/06 00:00,0.000
06/10/06 00:05,0.000
06/10/06 00:10,0.000
06/10/06 00:15,0.000
06/10/06 00:20,0.000
06/10/06 00:25,0.000
06/10/06 00:30,0.000
06/10/06 00:35,0.000
06/10/06 00:40,0.000
06/10/06 00:45,0.000
06/10/06 00:50,0.000
06/10/06 00:55,0.000
06/10/06 01:00,0.000
06/10/06 01:05,0.000
06/10/06 01:10,0.000
06/10/06 01:15,0.000
06/10/06 01:20,0.000
06/10/06 01:25,0.000
06/10/06 01:30,0.000
06/10/06 01:35,0.000
06/10/06 01:40,0.000
06/10/06 01:45,0.000
06/10/06 01:50,0.000
06/10/06 01:55,0.000
06/10/06 02:00,0.000
06/10/06 02:05,0.000
06/10/06 02:10,0.000
06/10/06 02:15,0.000
06/10/06 02:20,0.000
06/10/06 02:25,0.000
06/10/06 02:30,0.000
06/10/06 02:35,0.000
06/10/06 02:40,0.000
06/10/06 02:45,0.000
06/10/06 02:50,0.000
06/10/06 02:55,0.000
06/10/06 03:00,0.000
06/10/06 03:05,0.000
06/10/06 03:10,0.000
06/10/06 03:15,0.000
06/10/06 03:20,0.000
06/10/06 03:25,0.000
06/10/06 03:30,0.000
06/10/06 03:35,0.000
06/10/06 03:40,0.000
06/10/06 03:45,0.000
06/10/06 03:50,0.000
06/10/06 03:55,0.000
06/10/06 04:00,0.000
06/10/06 04:05,0.000
06/10/06 04:10,0.000
06/10/06 04:15,0.000
06/10/06 04:20,0.000
06/10/06 04:25,0.000
06/10/06 04:30,0.000
06/10/06 04:35,0.000
06/10/06 04:40,0.000
06/10/06 04:45,0.000
06/10/06 04:50,0.000
06/10/06 04:55,0.000
06/10/06 05:00,0.000
06/10/06 05:05,0.000
06/10/06 05:10,0.000
06/10/06 05:15,0.001
06/10/06 05:20,0.002
06/10/06 05:25,0.003
06/10/06 05:30,0.004
06/10/06 05:35,0.006
06/10/06 05:40,0.008
06/10/06 05:45,0.009
06/10/06 05:50,0.009
06/10/06 05:55,0.008
06/10/06 06:00,0.007
06/10/06 06:05,0.008
06/10/06 06:10,0.008
06/10/06 06:15,0.008
06/10/06 06:20,0.009
06/10/06 06:25,0.010
06/10/06 06:30,0.011
06/10/06 06:35,0.011
06/10/06 06:40,0.012
06/10/06 06:45,0.012
06/10/06 06:50,0.011
06/10/06 06:55,0.011
06/10/06 07:00,0.014
06/10/06 07:05,0.018
06/10/06 07:10,0.024
06/10/06 07:15,0.029
06/10/06 07:20,0.036
06/10/06 07:25,0.041
06/10/06 07:30,0.047
06/10/06 07:35,0.056
06/10/06 07:40,0.067
06/10/06 07:45,0.071
06/10/06 07:50,0.065
06/10/06 07:55,0.057
06/10/06 08:00,0.051
06/10/06 08:05,0.044
06/10/06 08:10,0.038
06/10/06 08:15,0.041
06/10/06 08:20,0.046
06/10/06 08:25,0.056
06/10/06 08:30,0.072
06/10/06 08:35,0.080
06/10/06 08:40,0.089
06/10/06 08:45,0.098
06/10/06 08:50,0.107
06/10/06 08:55,0.119
06/10/06 09:00,0.135
06/10/06 09:05,0.145
06/10/06 09:10,0.155
06/10/06 09:15,0.158
06/10/06 09:20,0.159
06/10/06 09:25,0.156
06/10/06 09:30,0.143
06/10/06 09:35,0.134
06/10/06 09:40,0.123
06/10/06 09:45,0.118
06/10/06 09:50,0.115
06/10/06 09:55,0.113
06/10/06 10:00,0.122
06/10/06 10:05,0.133
06/10/06 10:10,0.135
06/10/06 10:15,0.128
06/10/06 10:20,0.128
06/10/06 10:25,0.122
06/10/06 10:30,0.114
06/10/06 10:35,0.110
06/10/06 10:40,0.111
06/10/06 10:45,0.118
06/10/06 10:50,0.125
06/10/06 10:55,0.127
06/10/06 11:00,0.129
06/10/06 11:05,0.134
06/10/06 11:10,0.133
06/10/06 11:15,0.139
06/10/06 11:20,0.150
06/10/06 11:25,0.165
06/10/06 11:30,0.173
06/10/06 11:35,0.177
06/10/06 11:40,0.184
06/10/06 11:45,0.201
06/10/06 11:50,0.208
06/10/06 11:55,0.213
06/10/06 12:00,0.195
06/10/06 12:05,0.177
06/10/06 12:10,0.163
06/10/06 12:15,0.147
06/10/06 12:20,0.138
06/10/06 12:25,0.138
06/10/06 12:30,0.140
06/10/06 12:35,0.145
06/10/06 12:40,0.137
06/10/06 12:45,0.129
06/10/06 12:50,0.121
06/10/06 12:55,0.120
06/10/06 13:00,0.129
06/10/06 13:05,0.157
06/10/06 13:10,0.200
06/10/06 13:15,0.246
06/10/06 13:20,0.277
06/10/06 13:25,0.301
06/10/06 13:30,0.319
06/10/06 13:35,0.312
06/10/06 13:40,0.285
06/10/06 13:45,0.242
06/10/06 13:50,0.206
06/10/06 13:55,0.181
06/10/06 14:00,0.174
06/10/06 14:05,0.168
06/10/06 14:10,0.161
06/10/06 14:15,0.159
06/10/06 14:20,0.154
06/10/06 14:25,0.150
06/10/06 14:30,0.150
06/10/06 14:35,0.150
06/10/06 14:40,0.149
06/10/06 14:45,0.147
06/10/06 14:50,0.147
06/10/06 14:55,0.148
06/10/06 15:00,0.202
06/10/06 15:05,0.242
06/10/06 15:10,0.295
06/10/06 15:15,0.325
06/10/06 15:20,0.338
06/10/06 15:25,0.334
06/10/06 15:30,0.319
06/10/06 15:35,0.293
06/10/06 15:40,0.277
06/10/06 15:45,0.249
06/10/06 15:50,0.246
06/10/06 15:55,0.253
06/10/06 16:00,0.215
06/10/06 16:05,0.164
06/10/06 16:10,0.157
06/10/06 16:15,0.200
06/10/06 16:20,0.224
06/10/06 16:25,0.234
06/10/06 16:30,0.237
06/10/06 16:35,0.234
06/10/06 16:40,0.228
06/10/06 16:45,0.218
06/10/06 16:50,0.209
06/10/06 16:55,0.200
06/10/06 17:00,0.189
06/10/06 17:05,0.144
06/10/06 17:10,0.115
06/10/06 17:15,0.101
06/10/06 17:20,0.095
06/10/06 17:25,0.086
06/10/06 17:30,0.091
06/10/06 17:35,0.079
06/10/06 17:40,0.067
06/10/06 17:45,0.049
06/10/06 17:50,0.029
06/10/06 17:55,0.017
06/10/06 18:00,0.013
06/10/06 18:05,0.009
06/10/06 18:10,0.007
06/10/06 18:15,0.005
06/10/06 18:20,0.004
06/10/06 18:25,0.003
06/10/06 18:30,0.002
06/10/06 18:35,0.002
06/10/06 18:40,0.002
06/10/06 18:45,0.001
06/10/06 18:50,0.001
06/10/06 18:55,0.000
06/10/06 19:00,0.000
06/10/06 19:05,0.000
06/10/06 19:10,0.000
06/10/06 19:15,0.000
06/10/06 19:20,0.000
06/10/06 19:25,0.000
06/10/06 19:30,0.000
06/10/06 19:35,0.000
06/10/06 19:40,0.000
06/10/06 19:45,0.000
06/10/06 19:50,0.000
06/10/06 19:55,0.000
06/10/06 20:00,0.000
06/10/06 20:05,0.000
06/10/06 20:10,0.000
06/10/06 20:15,0.000
06/10/06 20:20,0.000
06/10/06 20:25,0.000
06/10/06 20:30,0.000
06/10/06 20:35,0.000
06/10/06 20:40,0.000
06/10/06 20:45,0.000
06/10/06 20:50,0.000
06/10/06 20:55,0.000
06/10/06 21:00,0.000
06/10/06 21:05,0.000
06/10/06 21:10,0.000
06/10/06 21:15,0.000
06/10/06 21:20,0.000
06/10/06 21:25,0.000
06/10/06 21:30,0.000
06/10/06 21:35,0.000
06/10/06 21:40,0.000
06/10/06 21:45,0.000
06/10/06 21:50,0.000
06/10/06 21:55,0.000
06/10/06 22:00,0.000
06/10/06 22:05,0.000
06/10/06 22:10,0.000
06/10/06 22:15,0.000
06/10/06 22:20,0.000
06/10/06 22:25,0.000
06/10/06 22:30,0.000
06/10/06 22:35,0.000
06/10/06 22:40,0.000
06/10/06 22:45,0.000
06/10/06 22:50,0.000
06/10/06 22:55,0.000
06/10/06 23:00,0.000
06/10/06 23:05,0.000
06/10/06 23:10,0.000
06/10/06 23:15,0.000
06/10/06 23:20,0.000
06/10/06 23:25,0.000
06/10/06 23:30,0.000
06/10/06 23:35,0.000
06/10/06 23:40,0.000
06/10/06 23:45,0.000
06/10/06 23:50,0.000
06/10/06 23:55,0.000
06/11/06 00:00,0.000
06/11/06 00:05,0.000
06/11/06 00:10,0.000
06/11/06 00:15,0.000
06/11/06 00:20,0.000
06/11/06 00:25,0.000
06/11/06 00:30,0.000
06/11/06 00:35,0.000
06/11/06 00:40,0.000
06/11/06 00:45,0.000
06/11/06 00:50,0.000
06/11/06 00:55,0.000
06/11/06 01:00,0.000
06/11/06 01:05,0.000
06/11/06 01:10,0.000
06/11/06 01:15,0.000
06/11/06 01:20,0.000
06/11/06 01:25,0.000
06/11/06 01:30,0.000
06/11/06 01:35,0.000
06/11/06 01:40,0.000
06/11/06 01:45,0.000
06/11/06 01:50,0.000
06/11/06 01:55,0.000
06/11/06 02:00,0.000
06/11/06 02:05,0.000
06/11/06 02:10,0.000
06/11/06 02:15,0.000
06/11/06 02:20,0.000
06/11/06 02:25,0.000
06/11/06 02:30,0.000
06/11/06 02:35,0.000
06/11/06 02:40,0.000
06/11/06 02:45,0.000
06/11/06 02:50,0.000
06/11/06 02:55,0.000
06/11/06 03:00,0.000
06/11/06 03:05,0.000
06/11/06 03:10,0.000
06/11/06 03:15,0.000
06/11/06 03:20,0.000
06/11/06 03:25,0.000
06/11/06 03:30,0.000
06/11/06 03:35,0.000
06/11/06 03:40,0.000
06/11/06 03:45,0.000
06/11/06 03:50,0.000
06/11/06 03:55,0.000
06/11/06 04:00,0.000
06/11/06 04:05,0.000
06/11/06 04:10,0.000
06/11/06 04:15,0.000
06/11/06 04:20,0.000
06/11/06 04:25,0.000
06/11/06 04:30,0.000
06/11/06 04:35,0.000
06/11/06 04:40,0.000
06/11/06 04:45,0.001
06/11/06 04:50,0.001
06/11/06 04:55,0.001
06/11/06 05:00,0.001
06/11/06 05:05,0.002
06/11/06 05:10,0.003
06/11/06 05:15,0.003
06/11/06 05:20,0.006
06/11/06 05:25,0.012
06/11/06 05:30,0.023
06/11/06 05:35,0.051
06/11/06 05:40,0.082
06/11/06 05:45,0.093
06/11/06 05:50,0.104
06/11/06 05:55,0.113
06/11/06 06:00,0.119
06/11/06 06:05,0.123
06/11/06 06:10,0.129
06/11/06 06:15,0.124
06/11/06 06:20,0.114
06/11/06 06:25,0.106
06/11/06 06:30,0.105
06/11/06 06:35,0.110
06/11/06 06:40,0.106
06/11/06 06:45,0.127
06/11/06 06:50,0.151
06/11/06 06:55,0.177
06/11/06 07:00,0.206
06/11/06 07:05,0.232
06/11/06 07:10,0.251
06/11/06 07:15,0.269
06/11/06 07:20,0.287
06/11/06 07:25,0.303
06/11/06 07:30,0.317
06/11/06 07:35,0.329
06/11/06 07:40,0.335
06/11/06 07:45,0.339
06/11/06 07:50,0.343
06/11/06 07:55,0.344
06/11/06 08:00,0.356
06/11/06 08:05,0.370
06/11/06 08:10,0.381
06/11/06 08:15,0.392
06/11/06 08:20,0.404
06/11/06 08:25,0.413
06/11/06 08:30,0.421
06/11/06 08:35,0.430
06/11/06 08:40,0.439
06/11/06 08:45,0.449
06/11/06 08:50,0.460
06/11/06 08:55,0.472
06/11/06 09:00,0.475
06/11/06 09:05,0.476
06/11/06 09:10,0.431
06/11/06 09:15,0.419
06/11/06 09:20,0.404
06/11/06 09:25,0.366
06/11/06 09:30,0.362
06/11/06 09:35,0.304
06/11/06 09:40,0.341
06/11/06 09:45,0.410
06/11/06 09:50,0.441
06/11/06 09:55,0.450
06/11/06 10:00,0.454
06/11/06 10:05,0.430
06/11/06 10:10,0.383
06/11/06 10:15,0.380
06/11/06 10:20,0.461
06/11/06 10:25,0.490
06/11/06 10:30,0.475
06/11/06 10:35,0.410
06/11/06 10:40,0.359
06/11/06 10:45,0.332
06/11/06 10:50,0.311
06/11/06 10:55,0.341
06/11/06 11:00,0.390
06/11/06 11:05,0.449
06/11/06 11:10,0.405
06/11/06 11:15,0.434
06/11/06 11:20,0.489
06/11/06 11:25,0.534
06/11/06 11:30,0.560
06/11/06 11:35,0.575
06/11/06 11:40,0.588
06/11/06 11:45,0.600
06/11/06 11:50,0.604
06/11/06 11:55,0.591
06/11/06 12:00,0.520
06/11/06 12:05,0.436
06/11/06 12:10,0.352
06/11/06 12:15,0.285
06/11/06 12:20,0.244
06/11/06 12:25,0.222
06/11/06 12:30,0.271
06/11/06 12:35,0.375
06/11/06 12:40,0.444
06/11/06 12:45,0.486
06/11/06 12:50,0.507
06/11/06 12:55,0.524
06/11/06 13:00,0.541
06/11/06 13:05,0.549
06/11/06 13:10,0.556
06/11/06 13:15,0.559
06/11/06 13:20,0.558
06/11/06 13:25,0.559
06/11/06 13:30,0.552
06/11/06 13:35,0.546
06/11/06 13:40,0.551
06/11/06 13:45,0.552
06/11/06 13:50,0.547
06/11/06 13:55,0.537
06/11/06 14:00,0.516
06/11/06 14:05,0.491
06/11/06 14:10,0.458
06/11/06 14:15,0.428
06/11/06 14:20,0.437
06/11/06 14:25,0.445
06/11/06 14:30,0.451
06/11/06 14:35,0.459
06/11/06 14:40,0.463
06/11/06 14:45,0.467
06/11/06 14:50,0.468
06/11/06 14:55,0.464
06/11/06 15:00,0.453
06/11/06 15:05,0.449
06/11/06 15:10,0.451
06/11/06 15:15,0.444
06/11/06 15:20,0.431
06/11/06 15:25,0.405
06/11/06 15:30,0.375
06/11/06 15:35,0.349
06/11/06 15:40,0.325
06/11/06 15:45,0.305
06/11/06 15:50,0.292
06/11/06 15:55,0.275
06/11/06 16:00,0.250
06/11/06 16:05,0.233
06/11/06 16:10,0.218
06/11/06 16:15,0.209
06/11/06 16:20,0.196
06/11/06 16:25,0.181
06/11/06 16:30,0.172
06/11/06 16:35,0.162
06/11/06 16:40,0.154
06/11/06 16:45,0.148
06/11/06 16:50,0.146
06/11/06 16:55,0.145
06/11/06 17:00,0.150
06/11/06 17:05,0.141
06/11/06 17:10,0.129
06/11/06 17:15,0.118
06/11/06 17:20,0.112
06/11/06 17:25,0.108
06/11/06 17:30,0.106
06/11/06 17:35,0.101
06/11/06 17:40,0.092
06/11/06 17:45,0.084
06/11/06 17:50,0.072
06/11/06 17:55,0.044
06/11/06 18:00,0.031
06/11/06 18:05,0.020
06/11/06 18:10,0.012
06/11/06 18:15,0.008
06/11/06 18:20,0.005
06/11/06 18:25,0.004
06/11/06 18:30,0.002
06/11/06 18:35,0.002
06/11/06 18:40,0.001
06/11/06 18:45,0.001
06/11/06 18:50,0.000
06/11/06 18:55,0.000
06/11/06 19:00,0.000
06/11/06 19:05,0.000
06/11/06 19:10,0.000
06/11/06 19:15,0.000
06/11/06 19:20,0.000
06/11/06 19:25,0.000
06/11/06 19:30,0.000
06/11/06 19:35,0.000
06/11/06 19:40,0.000
06/11/06 19:45,0.000
06/11/06 19:50,0.000
06/11/06 19:55,0.000
06/11/06 20:00,0.000
06/11/06 20:05,0.000
06/11/06 20:10,0.000
06/11/06 20:15,0.000
06/11/06 20:20,0.000
06/11/06 20:25,0.000
06/11/06 20:30,0.000
06/11/06 20:35,0.000
06/11/06 20:40,0.000
06/11/06 20:45,0.000
06/11/06 20:50,0.000
06/11/06 20:55,0.000
06/11/06 21:00,0.000
06/11/06 21:05,0.000
06/11/06 21:10,0.000
06/11/06 21:15,0.000
06/11/06 21:20,0.000
06/11/06 21:25,0.000
06/11/06 21:30,0.000
06/11/06 21:35,0.000
06/11/06 21:40,0.000
06/11/06 21:45,0.000
06/11/06 21:50,0.000
06/11/06 21:55,0.000
06/11/06 22:00,0.000
06/11/06 22:05,0.000
06/11/06 22:10,0.000
06/11/06 22:15,0.000
06/11/06 22:20,0.000
06/11/06 22:25,0.000
06/11/06 22:30,0.000
06/11/06 22:35,0.000
06/11/06 22:40,0.000
06/11/06 22:45,0.000
06/11/06 22:50,0.000
06/11/06 22:55,0.000
06/11/06 23:00,0.000
06/11/06 23:05,0.000
06/11/06 23:10,0.000
06/11/06 23:15,0.000
06/11/06 23:20,0.000
06/11/06 23:25,0.000
06/11/06 23:30,0.000
06/11/06 23:35,0.000
06/11/06 23:40,0.000
06/11/06 23:45,0.000
06/11/06 23:50,0.000
06/11/06 23:55,0.000
06/12/06 00:00,0.000
06/12/06 00:05,0.000
06/12/06 00:10,0.000
06/12/06 00:15,0.000
06/12/06 00:20,0.000
06/12/06 00:25,0.000
06/12/06 00:30,0.000
06/12/06 00:35,0.000
06/12/06 00:40,0.000
06/12/06 00:45,0.000
06/12/06 00:50,0.000
06/12/06 00:55,0.000
06/12/06 01:00,0.000
06/12/06 01:05,0.000
06/12/06 01:10,0.000
06/12/06 01:15,0.000
06/12/06 01:20,0.000
06/12/06 01:25,0.000
06/12/06 01:30,0.000
06/12/06 01:35,0.000
06/12/06 01:40,0.000
06/12/06 01:45,0.000
06/12/06 01:50,0.000
06/12/06 01:55,0.000
06/12/06 02:00,0.000
06/12/06 02:05,0.000
06/12/06 02:10,0.000
06/12/06 02:15,0.000
06/12/06 02:20,0.000
06/12/06 02:25,0.000
06/12/06 02:30,0.000
06/12/06 02:35,0.000
06/12/06 02:40,0.000
06/12/06 02:45,0.000
06/12/06 02:50,0.000
06/12/06 02:55,0.000
06/12/06 03:00,0.000
06/12/06 03:05,0.000
06/12/06 03:10,0.000
06/12/06 03:15,0.000
06/12/06 03:20,0.000
06/12/06 03:25,0.000
06/12/06 03:30,0.000
06/12/06 03:35,0.000
06/12/06 03:40,0.000
06/12/06 03:45,0.000
06/12/06 03:50,0.000
06/12/06 03:55,0.000
06/12/06 04:00,0.000
06/12/06 04:05,0.000
06/12/06 04:10,0.000
06/12/06 04:15,0.000
06/12/06 04:20,0.000
06/12/06 04:25,0.000
06/12/06 04:30,0.000
06/12/06 04:35,0.000
06/12/06 04:40,0.000
06/12/06 04:45,0.000
06/12/06 04:50,0.000
06/12/06 04:55,0.000
06/12/06 05:00,0.000
06/12/06 05:05,0.001
06/12/06 05:10,0.001
06/12/06 05:15,0.002
06/12/06 05:20,0.005
06/12/06 05:25,0.009
06/12/06 05:30,0.013
06/12/06 05:35,0.018
06/12/06 05:40,0.023
06/12/06 05:45,0.037
06/12/06 05:50,0.062
06/12/06 05:55,0.078
06/12/06 06:00,0.075
06/12/06 06:05,0.058
06/12/06 06:10,0.039
06/12/06 06:15,0.020
06/12/06 06:20,0.011
06/12/06 06:25,0.008
06/12/06 06:30,0.013
06/12/06 06:35,0.028
06/12/06 06:40,0.054
06/12/06 06:45,0.075
06/12/06 06:50,0.081
06/12/06 06:55,0.086
06/12/06 07:00,0.091
06/12/06 07:05,0.099
06/12/06 07:10,0.111
06/12/06 07:15,0.128
06/12/06 07:20,0.146
06/12/06 07:25,0.167
06/12/06 07:30,0.188
06/12/06 07:35,0.214
06/12/06 07:40,0.240
06/12/06 07:45,0.269
06/12/06 07:50,0.300
06/12/06 07:55,0.327
06/12/06 08:00,0.358
06/12/06 08:05,0.386
06/12/06 08:10,0.407
06/12/06 08:15,0.423
06/12/06 08:20,0.435
06/12/06 08:25,0.445
06/12/06 08:30,0.453
06/12/06 08:35,0.463
06/12/06 08:40,0.473
06/12/06 08:45,0.482
06/12/06 08:50,0.492
06/12/06 08:55,0.501
06/12/06 09:00,0.510
06/12/06 09:05,0.524
06/12/06 09:10,0.549
06/12/06 09:15,0.566
06/12/06 09:20,0.577
06/12/06 09:25,0.588
06/12/06 09:30,0.599
06/12/06 09:35,0.612
06/12/06 09:40,0.627
06/12/06 09:45,0.633
06/12/06 09:50,0.645
06/12/06 09:55,0.648
06/12/06 10:00,0.620
06/12/06 10:05,0.600
06/12/06 10:10,0.605
06/12/06 10:15,0.598
06/12/06 10:20,0.586
06/12/06 10:25,0.573
06/12/06 10:30,0.568
06/12/06 10:35,0.569
06/12/06 10:40,0.566
06/12/06 10:45,0.556
06/12/06 10:50,0.551
06/12/06 10:55,0.534
06/12/06 11:00,0.481
06/12/06 11:05,0.401
06/12/06 11:10,0.344
06/12/06 11:15,0.304
06/12/06 11:20,0.271
06/12/06 11:25,0.255
06/12/06 11:30,0.244
06/12/06 11:35,0.246
06/12/06 11:40,0.309
06/12/06 11:45,0.287
06/12/06 11:50,0.268
06/12/06 11:55,0.246
06/12/06 12:00,0.247
06/12/06 12:05,0.246
06/12/06 12:10,0.248
06/12/06 12:15,0.246
06/12/06 12:20,0.240
06/12/06 12:25,0.233
06/12/06 12:30,0.226
06/12/06 12:35,0.218
06/12/06 12:40,0.210
06/12/06 12:45,0.201
06/12/06 12:50,0.193
06/12/06 12:55,0.184
06/12/06 13:00,0.167
06/12/06 13:05,0.147
06/12/06 13:10,0.131
06/12/06 13:15,0.123
06/12/06 13:20,0.118
06/12/06 13:25,0.119
06/12/06 13:30,0.121
06/12/06 13:35,0.118
06/12/06 13:40,0.117
06/12/06 13:45,0.120
06/12/06 13:50,0.121
06/12/06 13:55,0.119
06/12/06 14:00,0.111
06/12/06 14:05,0.108
06/12/06 14:10,0.106
06/12/06 14:15,0.106
06/12/06 14:20,0.111
06/12/06 14:25,0.121
06/12/06 14:30,0.138
06/12/06 14:35,0.157
06/12/06 14:40,0.176
06/12/06 14:45,0.197
06/12/06 14:50,0.211
06/12/06 14:55,0.223
06/12/06 15:00,0.264
06/12/06 15:05,0.307
06/12/06 15:10,0.324
06/12/06 15:15,0.345
06/12/06 15:20,0.352
06/12/06 15:25,0.342
06/12/06 15:30,0.323
06/12/06 15:35,0.293
06/12/06 15:40,0.270
06/12/06 15:45,0.222
06/12/06 15:50,0.173
06/12/06 15:55,0.156
06/12/06 16:00,0.200
06/12/06 16:05,0.227
06/12/06 16:10,0.237
06/12/06 16:15,0.236
06/12/06 16:20,0.227
06/12/06 16:25,0.214
06/12/06 16:30,0.198
06/12/06 16:35,0.177
06/12/06 16:40,0.155
06/12/06 16:45,0.135
06/12/06 16:50,0.118
06/12/06 16:55,0.104
06/12/06 17:00,0.108
06/12/06 17:05,0.107
06/12/06 17:10,0.105
06/12/06 17:15,0.105
06/12/06 17:20,0.096
06/12/06 17:25,0.091
06/12/06 17:30,0.088
06/12/06 17:35,0.080
06/12/06 17:40,0.073
06/12/06 17:45,0.057
06/12/06 17:50,0.042
06/12/06 17:55,0.031
06/12/06 18:00,0.024
06/12/06 18:05,0.017
06/12/06 18:10,0.011
06/12/06 18:15,0.007
06/12/06 18:20,0.004
06/12/06 18:25,0.002
06/12/06 18:30,0.001
06/12/06 18:35,0.000
06/12/06 18:40,0.000
06/12/06 18:45,0.000
06/12/06 18:50,0.000
06/12/06 18:55,0.000
06/12/06 19:00,0.000
06/12/06 19:05,0.000
06/12/06 19:10,0.000
06/12/06 19:15,0.000
06/12/06 19:20,0.000
06/12/06 19:25,0.000
06/12/06 19:30,0.000
06/12/06 19:35,0.000
06/12/06 19:40,0.000
06/12/06 19:45,0.000
06/12/06 19:50,0.000
06/12/06 19:55,0.000
06/12/06 20:00,0.000
06/12/06 20:05,0.000
06/12/06 20:10,0.000
06/12/06 20:15,0.000
06/12/06 20:20,0.000
06/12/06 20:25,0.000
06/12/06 20:30,0.000
06/12/06 20:35,0.000
06/12/06 20:40,0.000
06/12/06 20:45,0.000
06/12/06 20:50,0.000
06/12/06 20:55,0.000
06/12/06 21:00,0.000
06/12/06 21:05,0.000
06/12/06 21:10,0.000
06/12/06 21:15,0.000
06/12/06 21:20,0.000
06/12/06 21:25,0.000
06/12/06 21:30,0.000
06/12/06 21:35,0.000
06/12/06 21:40,0.000
06/12/06 21:45,0.000
06/12/06 21:50,0.000
06/12/06 21:55,0.000
06/12/06 22:00,0.000
06/12/06 22:05,0.000
06/12/06 22:10,0.000
06/12/06 22:15,0.000
06/12/06 22:20,0.000
06/12/06 22:25,0.000
06/12/06 22:30,0.000
06/12/06 22:35,0.000
06/12/06 22:40,0.000
06/12/06 22:45,0.000
06/12/06 22:50,0.000
06/12/06 22:55,0.000
06/12/06 23:00,0.000
06/12/06 23:05,0.000
06/12/06 23:10,0.000
06/12/06 23:15,0.000
06/12/06 23:20,0.000
06/12/06 23:25,0.000
06/12/06 23:30,0.000
06/12/06 23:35,0.000
06/12/06 23:40,0.000
06/12/06 23:45,0.000
06/12/06 23:50,0.000
06/12/06 23:55,0.000
06/13/06 00:00,0.000
06/13/06 00:05,0.000
06/13/06 00:10,0.000
06/13/06 00:15,0.000
06/13/06 00:20,0.000
06/13/06 00:25,0.000
06/13/06 00:30,0.000
06/13/06 00:35,0.000
06/13/06 00:40,0.000
06/13/06 00:45,0.000
06/13/06 00:50,0.000
06/13/06 00:55,0.000
06/13/06 01:00,0.000
06/13/06 01:05,0.000
06/13/06 01:10,0.000
06/13/06 01:15,0.000
06/13/06 01:20,0.000
06/13/06 01:25,0.000
06/13/06 01:30,0.000
06/13/06 01:35,0.000
06/13/06 01:40,0.000
06/13/06 01:45,0.000
06/13/06 01:50,0.000
06/13/06 01:55,0.000
06/13/06 02:00,0.000
06/13/06 02:05,0.000
06/13/06 02:10,0.000
06/13/06 02:15,0.000
06/13/06 02:20,0.000
06/13/06 02:25,0.000
06/13/06 02:30,0.000
06/13/06 02:35,0.000
06/13/06 02:40,0.000
06/13/06 02:45,0.000
06/13/06 02:50,0.000
06/13/06 02:55,0.000
06/13/06 03:00,0.000
06/13/06 03:05,0.000
06/13/06 03:10,0.000
06/13/06 03:15,0.000
06/13/06 03:20,0.000
06/13/06 03:25,0.000
06/13/06 03:30,0.000
06/13/06 03:35,0.000
06/13/06 03:40,0.000
06/13/06 03:45,0.000
06/13/06 03:50,0.000
06/13/06 03:55,0.000
06/13/06 04:00,0.000
06/13/06 04:05,0.000
06/13/06 04:10,0.000
06/13/06 04:15,0.000
06/13/06 04:20,0.000
06/13/06 04:25,0.000
06/13/06 04:30,0.000
06/13/06 04:35,0.000
06/13/06 04:40,0.000
06/13/06 04:45,0.001
06/13/06 04:50,0.001
06/13/06 04:55,0.002
06/13/06 05:00,0.003
06/13/06 05:05,0.004
06/13/06 05:10,0.007
06/13/06 05:15,0.010
06/13/06 05:20,0.014
06/13/06 05:25,0.019
06/13/06 05:30,0.025
06/13/06 05:35,0.032
06/13/06 05:40,0.041
06/13/06 05:45,0.061
06/13/06 05:50,0.081
06/13/06 05:55,0.088
06/13/06 06:00,0.098
06/13/06 06:05,0.108
06/13/06 06:10,0.117
06/13/06 06:15,0.125
06/13/06 06:20,0.134
06/13/06 06:25,0.143
06/13/06 06:30,0.152
06/13/06 06:35,0.159
06/13/06 06:40,0.168
06/13/06 06:45,0.176
06/13/06 06:50,0.182
06/13/06 06:55,0.189
06/13/06 07:00,0.202
06/13/06 07:05,0.213
06/13/06 07:10,0.217
06/13/06 07:15,0.219
06/13/06 07:20,0.218
06/13/06 07:25,0.213
06/13/06 07:30,0.202
06/13/06 07:35,0.189
06/13/06 07:40,0.172
06/13/06 07:45,0.157
06/13/06 07:50,0.140
06/13/06 07:55,0.121
06/13/06 08:00,0.105
06/13/06 08:05,0.090
06/13/06 08:10,0.078
06/13/06 08:15,0.054
06/13/06 08:20,0.040
06/13/06 08:25,0.035
06/13/06 08:30,0.033
06/13/06 08:35,0.027
06/13/06 08:40,0.023
06/13/06 08:45,0.021
06/13/06 08:50,0.021
06/13/06 08:55,0.023
06/13/06 09:00,0.036
06/13/06 09:05,0.057
06/13/06 09:10,0.072
06/13/06 09:15,0.080
06/13/06 09:20,0.086
06/13/06 09:25,0.091
06/13/06 09:30,0.089
06/13/06 09:35,0.083
06/13/06 09:40,0.078
06/13/06 09:45,0.073
06/13/06 09:50,0.059
06/13/06 09:55,0.053
06/13/06 10:00,0.073
06/13/06 10:05,0.082
06/13/06 10:10,0.089
06/13/06 10:15,0.095
06/13/06 10:20,0.101
06/13/06 10:25,0.107
06/13/06 10:30,0.116
06/13/06 10:35,0.126
06/13/06 10:40,0.129
06/13/06 10:45,0.136
06/13/06 10:50,0.148
06/13/06 10:55,0.157
06/13/06 11:00,0.151
06/13/06 11:05,0.144
06/13/06 11:10,0.131
06/13/06 11:15,0.128
06/13/06 11:20,0.128
06/13/06 11:25,0.129
06/13/06 11:30,0.134
06/13/06 11:35,0.159
06/13/06 11:40,0.171
06/13/06 11:45,0.179
06/13/06 11:50,0.187
06/13/06 11:55,0.188
06/13/06 12:00,0.162
06/13/06 12:05,0.134
06/13/06 12:10,0.122
06/13/06 12:15,0.115
06/13/06 12:20,0.111
06/13/06 12:25,0.109
06/13/06 12:30,0.105
06/13/06 12:35,0.104
06/13/06 12:40,0.103
06/13/06 12:45,0.099
06/13/06 12:50,0.097
06/13/06 12:55,0.097
06/13/06 13:00,0.100
06/13/06 13:05,0.100
06/13/06 13:10,0.100
06/13/06 13:15,0.103
06/13/06 13:20,0.104
06/13/06 13:25,0.108
06/13/06 13:30,0.114
06/13/06 13:35,0.118
06/13/06 13:40,0.117
06/13/06 13:45,0.115
06/13/06 13:50,0.120
06/13/06 13:55,0.124
06/13/06 14:00,0.144
06/13/06 14:05,0.156
06/13/06 14:10,0.163
06/13/06 14:15,0.163
06/13/06 14:20,0.160
06/13/06 14:25,0.152
06/13/06 14:30,0.144
06/13/06 14:35,0.139
06/13/06 14:40,0.136
06/13/06 14:45,0.131
06/13/06 14:50,0.125
06/13/06 14:55,0.120
06/13/06 15:00,0.106
06/13/06 15:05,0.096
06/13/06 15:10,0.091
06/13/06 15:15,0.085
06/13/06 15:20,0.081
06/13/06 15:25,0.078
06/13/06 15:30,0.077
06/13/06 15:35,0.076
06/13/06 15:40,0.076
06/13/06 15:45,0.077
06/13/06 15:50,0.078
06/13/06 15:55,0.077
06/13/06 16:00,0.057
06/13/06 16:05,0.041
06/13/06 16:10,0.034
06/13/06 16:15,0.027
06/13/06 16:20,0.023
06/13/06 16:25,0.020
06/13/06 16:30,0.016
06/13/06 16:35,0.013
06/13/06 16:40,0.012
06/13/06 16:45,0.011
06/13/06 16:50,0.009
06/13/06 16:55,0.007
06/13/06 17:00,0.006
06/13/06 17:05,0.005
06/13/06 17:10,0.004
06/13/06 17:15,0.004
06/13/06 17:20,0.003
06/13/06 17:25,0.002
06/13/06 17:30,0.002
06/13/06 17:35,0.001
06/13/06 17:40,0.001
06/13/06 17:45,0.001
06/13/06 17:50,0.001
06/13/06 17:55,0.001
06/13/06 18:00,0.001
06/13/06 18:05,0.000
06/13/06 18:10,0.000
06/13/06 18:15,0.000
06/13/06 18:20,0.000
06/13/06 18:25,0.000
06/13/06 18:30,0.000
06/13/06 18:35,0.000
06/13/06 18:40,0.000
06/13/06 18:45,0.000
06/13/06 18:50,0.000
06/13/06 18:55,0.000
06/13/06 19:00,0.000
06/13/06 19:05,0.000
06/13/06 19:10,0.000
06/13/06 19:15,0.000
06/13/06 19:20,0.000
06/13/06 19:25,0.000
06/13/06 19:30,0.000
06/13/06 19:35,0.000
06/13/06 19:40,0.000
06/13/06 19:45,0.000
06/13/06 19:50,0.000
06/13/06 19:55,0.000
06/13/06 20:00,0.000
06/13/06 20:05,0.000
06/13/06 20:10,0.000
06/13/06 20:15,0.000
06/13/06 20:20,0.000
06/13/06 20:25,0.000
06/13/06 20:30,0.000
06/13/06 20:35,0.000
06/13/06 20:40,0.000
06/13/06 20:45,0.000
06/13/06 20:50,0.000
06/13/06 20:55,0.000
06/13/06 21:00,0.000
06/13/06 21:05,0.000
06/13/06 21:10,0.000
06/13/06 21:15,0.000
06/13/06 21:20,0.000
06/13/06 21:25,0.000
06/13/06 21:30,0.000
06/13/06 21:35,0.000
06/13/06 21:40,0.000
06/13/06 21:45,0.000
06/13/06 21:50,0.000
06/13/06 21:55,0.000
06/13/06 22:00,0.000
06/13/06 22:05,0.000
06/13/06 22:10,0.000
06/13/06 22:15,0.000
06/13/06 22:20,0.000
06/13/06 22:25,0.000
06/13/06 22:30,0.000
06/13/06 22:35,0.000
06/13/06 22:40,0.000
06/13/06 22:45,0.000
06/13/06 22:50,0.000
06/13/06 22:55,0.000
06/13/06 23:00,0.000
06/13/06 23:05,0.000
06/13/06 23:10,0.000
06/13/06 23:15,0.000
06/13/06 23:20,0.000
06/13/06 23:25,0.000
06/13/06 23:30,0.000
06/13/06 23:35,0.000
06/13/06 23:40,0.000
06/13/06 23:45,0.000
06/13/06 23:50,0.000
06/13/06 23:55,0.000
06/14/06 00:00,0.000
06/14/06 00:05,0.000
06/14/06 00:10,0.000
06/14/06 00:15,0.000
06/14/06 00:20,0.000
06/14/06 00:25,0.000
06/14/06 00:30,0.000
06/14/06 00:35,0.000
06/14/06 00:40,0.000
06/14/06 00:45,0.000
06/14/06 00:50,0.000
06/14/06 00:55,0.000
06/14/06 01:00,0.000
06/14/06 01:05,0.000
06/14/06 01:10,0.000
06/14/06 01:15,0.000
06/14/06 01:20,0.000
06/14/06 01:25,0.000
06/14/06 01:30,0.000
06/14/06 01:35,0.000
06/14/06 01:40,0.000
06/14/06 01:45,0.000
06/14/06 01:50,0.000
06/14/06 01:55,0.000
06/14/06 02:00,0.000
06/14/06 02:05,0.000
06/14/06 02:10,0.000
06/14/06 02:15,0.000
06/14/06 02:20,0.000
06/14/06 02:25,0.000
06/14/06 02:30,0.000
06/14/06 02:35,0.000
06/14/06 02:40,0.000
06/14/06 02:45,0.000
06/14/06 02:50,0.000
06/14/06 02:55,0.000
06/14/06 03:00,0.000
06/14/06 03:05,0.000
06/14/06 03:10,0.000
06/14/06 03:15,0.000
06/14/06 03:20,0.000
06/14/06 03:25,0.000
06/14/06 03:30,0.000
06/14/06 03:35,0.000
06/14/06 03:40,0.000
06/14/06 03:45,0.000
06/14/06 03:50,0.000
06/14/06 03:55,0.000
06/14/06 04:00,0.000
06/14/06 04:05,0.000
06/14/06 04:10,0.000
06/14/06 04:15,0.000
06/14/06 04:20,0.000
06/14/06 04:25,0.000
06/14/06 04:30,0.000
06/14/06 04:35,0.000
06/14/06 04:40,0.000
06/14/06 04:45,0.000
06/14/06 04:50,0.000
06/14/06 04:55,0.000
06/14/06 05:00,0.000
06/14/06 05:05,0.000
06/14/06 05:10,0.000
06/14/06 05:15,0.001
06/14/06 05:20,0.001
06/14/06 05:25,0.002
06/14/06 05:30,0.004
06/14/06 05:35,0.006
06/14/06 05:40,0.008
06/14/06 05:45,0.010
06/14/06 05:50,0.010
06/14/06 05:55,0.010
06/14/06 06:00,0.008
06/14/06 06:05,0.007
06/14/06 06:10,0.007
06/14/06 06:15,0.007
06/14/06 06:20,0.007
06/14/06 06:25,0.007
06/14/06 06:30,0.008
06/14/06 06:35,0.008
06/14/06 06:40,0.009
06/14/06 06:45,0.009
06/14/06 06:50,0.009
06/14/06 06:55,0.010
06/14/06 07:00,0.012
06/14/06 07:05,0.017
06/14/06 07:10,0.022
06/14/06 07:15,0.030
06/14/06 07:20,0.039
06/14/06 07:25,0.050
06/14/06 07:30,0.057
06/14/06 07:35,0.069
06/14/06 07:40,0.078
06/14/06 07:45,0.080
06/14/06 07:50,0.081
06/14/06 07:55,0.082
06/14/06 08:00,0.075
06/14/06 08:05,0.060
06/14/06 08:10,0.041
06/14/06 08:15,0.035
06/14/06 08:20,0.029
06/14/06 08:25,0.026
06/14/06 08:30,0.024
06/14/06 08:35,0.022
06/14/06 08:40,0.018
06/14/06 08:45,0.014
06/14/06 08:50,0.012
06/14/06 08:55,0.014
06/14/06 09:00,0.027
06/14/06 09:05,0.050
06/14/06 09:10,0.077
06/14/06 09:15,0.085
06/14/06 09:20,0.092
06/14/06 09:25,0.090
06/14/06 09:30,0.088
06/14/06 09:35,0.087
06/14/06 09:40,0.089
06/14/06 09:45,0.091
06/14/06 09:50,0.092
06/14/06 09:55,0.093
06/14/06 10:00,0.096
06/14/06 10:05,0.101
06/14/06 10:10,0.109
06/14/06 10:15,0.115
06/14/06 10:20,0.115
06/14/06 10:25,0.114
06/14/06 10:30,0.114
06/14/06 10:35,0.115
06/14/06 10:40,0.123
06/14/06 10:45,0.127
06/14/06 10:50,0.126
06/14/06 10:55,0.125
06/14/06 11:00,0.121
06/14/06 11:05,0.119
06/14/06 11:10,0.119
06/14/06 11:15,0.120
06/14/06 11:20,0.118
06/14/06 11:25,0.110
06/14/06 11:30,0.106
06/14/06 11:35,0.106
06/14/06 11:40,0.104
06/14/06 11:45,0.103
06/14/06 11:50,0.100
06/14/06 11:55,0.098
06/14/06 12:00,0.100
06/14/06 12:05,0.104
06/14/06 12:10,0.108
06/14/06 12:15,0.110
06/14/06 12:20,0.110
06/14/06 12:25,0.111
06/14/06 12:30,0.113
06/14/06 12:35,0.110
06/14/06 12:40,0.104
06/14/06 12:45,0.099
06/14/06 12:50,0.095
06/14/06 12:55,0.091
06/14/06 13:00,0.094
06/14/06 13:05,0.097
06/14/06 13:10,0.101
06/14/06 13:15,0.104
06/14/06 13:20,0.109
06/14/06 13:25,0.117
06/14/06 13:30,0.127
06/14/06 13:35,0.131
06/14/06 13:40,0.131
06/14/06 13:45,0.129
06/14/06 13:50,0.127
06/14/06 13:55,0.126
06/14/06 14:00,0.119
06/14/06 14:05,0.113
06/14/06 14:10,0.110
06/14/06 14:15,0.108
06/14/06 14:20,0.106
06/14/06 14:25,0.105
06/14/06 14:30,0.102
06/14/06 14:35,0.103
06/14/06 14:40,0.106
06/14/06 14:45,0.109
06/14/06 14:50,0.112
06/14/06 14:55,0.114
06/14/06 15:00,0.112
06/14/06 15:05,0.110
06/14/06 15:10,0.109
06/14/06 15:15,0.106
06/14/06 15:20,0.105
06/14/06 15:25,0.103
06/14/06 15:30,0.102
06/14/06 15:35,0.100
06/14/06 15:40,0.098
06/14/06 15:45,0.096
06/14/06 15:50,0.095
06/14/06 15:55,0.095
06/14/06 16:00,0.094
06/14/06 16:05,0.094
06/14/06 16:10,0.093
06/14/06 16:15,0.093
06/14/06 16:20,0.093
06/14/06 16:25,0.093
06/14/06 16:30,0.094
06/14/06 16:35,0.095
06/14/06 16:40,0.096
06/14/06 16:45,0.096
06/14/06 16:50,0.096
06/14/06 16:55,0.095
06/14/06 17:00,0.096
06/14/06 17:05,0.099
06/14/06 17:10,0.082
06/14/06 17:15,0.047
06/14/06 17:20,0.024
06/14/06 17:25,0.014
06/14/06 17:30,0.012
06/14/06 17:35,0.027
06/14/06 17:40,0.041
06/14/06 17:45,0.039
06/14/06 17:50,0.026
06/14/06 17:55,0.014
06/14/06 18:00,0.009
06/14/06 18:05,0.003
06/14/06 18:10,0.003
06/14/06 18:15,0.002
06/14/06 18:20,0.002
06/14/06 18:25,0.001
06/14/06 18:30,0.001
06/14/06 18:35,0.000
06/14/06 18:40,0.000
06/14/06 18:45,0.000
06/14/06 18:50,0.000
06/14/06 18:55,0.000
06/14/06 19:00,0.000
06/14/06 19:05,0.000
06/14/06 19:10,0.000
06/14/06 19:15,0.000
06/14/06 19:20,0.000
06/14/06 19:25,0.000
06/14/06 19:30,0.000
06/14/06 19:35,0.000
06/14/06 19:40,0.000
06/14/06 19:45,0.000
06/14/06 19:50,0.000
06/14/06 19:55,0.000
06/14/06 20:00,0.000
06/14/06 20:05,0.000
06/14/06 20:10,0.000
06/14/06 20:15,0.000
06/14/06 20:20,0.000
06/14/06 20:25,0.000
06/14/06 20:30,0.000
06/14/06 20:35,0.000
06/14/06 20:40,0.000
06/14/06 20:45,0.000
06/14/06 20:50,0.000
06/14/06 20:55,0.000
06/14/06 21:00,0.000
06/14/06 21:05,0.000
06/14/06 21:10,0.000
06/14/06 21:15,0.000
06/14/06 21:20,0.000
06/14/06 21:25,0.000
06/14/06 21:30,0.000
06/14/06 21:35,0.000
06/14/06 21:40,0.000
06/14/06 21:45,0.000
06/14/06 21:50,0.000
06/14/06 21:55,0.000
06/14/06 22:00,0.000
06/14/06 22:05,0.000
06/14/06 22:10,0.000
06/14/06 22:15,0.000
06/14/06 22:20,0.000
06/14/06 22:25,0.000
06/14/06 22:30,0.000
06/14/06 22:35,0.000
06/14/06 22:40,0.000
06/14/06 22:45,0.000
06/14/06 22:50,0.000
06/14/06 22:55,0.000
06/14/06 23:00,0.000
06/14/06 23:05,0.000
06/14/06 23:10,0.000
06/14/06 23:15,0.000
06/14/06 23:20,0.000
06/14/06 23:25,0.000
06/14/06 23:30,0.000
06/14/06 23:35,0.000
06/14/06 23:40,0.000
06/14/06 23:45,0.000
06/14/06 23:50,0.000
06/14/06 23:55,0.000
06/15/06 00:00,0.000
06/15/06 00:05,0.000
06/15/06 00:10,0.000
06/15/06 00:15,0.000
06/15/06 00:20,0.000
06/15/06 00:25,0.000
06/15/06 00:30,0.000
06/15/06 00:35,0.000
06/15/06 00:40,0.000
06/15/06 00:45,0.000
06/15/06 00:50,0.000
06/15/06 00:55,0.000
06/15/06 01:00,0.000
06/15/06 01:05,0.000
06/15/06 01:10,0.000
06/15/06 01:15,0.000
06/15/06 01:20,0.000
06/15/06 01:25,0.000
06/15/06 01:30,0.000
06/15/06 01:35,0.000
06/15/06 01:40,0.000
06/15/06 01:45,0.000
06/15/06 01:50,0.000
06/15/06 01:55,0.000
06/15/06 02:00,0.000
06/15/06 02:05,0.000
06/15/06 02:10,0.000
06/15/06 02:15,0.000
06/15/06 02:20,0.000
06/15/06 02:25,0.000
06/15/06 02:30,0.000
06/15/06 02:35,0.000
06/15/06 02:40,0.000
06/15/06 02:45,0.000
06/15/06 02:50,0.000
06/15/06 02:55,0.000
06/15/06 03:00,0.000
06/15/06 03:05,0.000
06/15/06 03:10,0.000
06/15/06 03:15,0.000
06/15/06 03:20,0.000
06/15/06 03:25,0.000
06/15/06 03:30,0.000
06/15/06 03:35,0.000
06/15/06 03:40,0.000
06/15/06 03:45,0.000
06/15/06 03:50,0.000
06/15/06 03:55,0.000
06/15/06 04:00,0.000
06/15/06 04:05,0.000
06/15/06 04:10,0.000
06/15/06 04:15,0.000
06/15/06 04:20,0.000
06/15/06 04:25,0.000
06/15/06 04:30,0.000
06/15/06 04:35,0.000
06/15/06 04:40,0.000
06/15/06 04:45,0.000
06/15/06 04:50,0.000
06/15/06 04:55,0.000
06/15/06 05:00,0.000
06/15/06 05:05,0.000
06/15/06 05:10,0.001
06/15/06 05:15,0.001
06/15/06 05:20,0.003
06/15/06 05:25,0.005
06/15/06 05:30,0.007
06/15/06 05:35,0.010
06/15/06 05:40,0.014
06/15/06 05:45,0.016
06/15/06 05:50,0.019
06/15/06 05:55,0.020
06/15/06 06:00,0.021
06/15/06 06:05,0.023
06/15/06 06:10,0.027
06/15/06 06:15,0.033
06/15/06 06:20,0.038
06/15/06 06:25,0.046
06/15/06 06:30,0.061
06/15/06 06:35,0.075
06/15/06 06:40,0.080
06/15/06 06:45,0.083
06/15/06 06:50,0.088
06/15/06 06:55,0.093
06/15/06 07:00,0.090
06/15/06 07:05,0.084
06/15/06 07:10,0.087
06/15/06 07:15,0.095
06/15/06 07:20,0.111
06/15/06 07:25,0.131
06/15/06 07:30,0.159
06/15/06 07:35,0.180
06/15/06 07:40,0.192
06/15/06 07:45,0.192
06/15/06 07:50,0.189
06/15/06 07:55,0.189
06/15/06 08:00,0.168
06/15/06 08:05,0.144
06/15/06 08:10,0.127
06/15/06 08:15,0.122
06/15/06 08:20,0.117
06/15/06 08:25,0.118
06/15/06 08:30,0.119
06/15/06 08:35,0.123
06/15/06 08:40,0.135
06/15/06 08:45,0.145
06/15/06 08:50,0.155
06/15/06 08:55,0.168
06/15/06 09:00,0.173
06/15/06 09:05,0.179
06/15/06 09:10,0.187
06/15/06 09:15,0.193
06/15/06 09:20,0.198
06/15/06 09:25,0.205
06/15/06 09:30,0.213
06/15/06 09:35,0.220
06/15/06 09:40,0.230
06/15/06 09:45,0.241
06/15/06 09:50,0.250
06/15/06 09:55,0.257
06/15/06 10:00,0.278
06/15/06 10:05,0.289
06/15/06 10:10,0.296
06/15/06 10:15,0.309
06/15/06 10:20,0.317
06/15/06 10:25,0.326
06/15/06 10:30,0.334
06/15/06 10:35,0.348
06/15/06 10:40,0.353
06/15/06 10:45,0.356
06/15/06 10:50,0.358
06/15/06 10:55,0.362
06/15/06 11:00,0.376
06/15/06 11:05,0.381
06/15/06 11:10,0.387
06/15/06 11:15,0.381
06/15/06 11:20,0.369
06/15/06 11:25,0.358
06/15/06 11:30,0.352
06/15/06 11:35,0.347
06/15/06 11:40,0.337
06/15/06 11:45,0.325
06/15/06 11:50,0.308
06/15/06 11:55,0.291
06/15/06 12:00,0.275
06/15/06 12:05,0.261
06/15/06 12:10,0.248
06/15/06 12:15,0.233
06/15/06 12:20,0.213
06/15/06 12:25,0.200
06/15/06 12:30,0.188
06/15/06 12:35,0.177
06/15/06 12:40,0.164
06/15/06 12:45,0.150
06/15/06 12:50,0.145
06/15/06 12:55,0.140
06/15/06 13:00,0.126
06/15/06 13:05,0.117
06/15/06 13:10,0.105
06/15/06 13:15,0.099
06/15/06 13:20,0.092
06/15/06 13:25,0.086
06/15/06 13:30,0.082
06/15/06 13:35,0.078
06/15/06 13:40,0.068
06/15/06 13:45,0.054
06/15/06 13:50,0.043
06/15/06 13:55,0.039
06/15/06 14:00,0.056
06/15/06 14:05,0.082
06/15/06 14:10,0.095
06/15/06 14:15,0.106
06/15/06 14:20,0.113
06/15/06 14:25,0.119
06/15/06 14:30,0.126
06/15/06 14:35,0.136
06/15/06 14:40,0.141
06/15/06 14:45,0.147
06/15/06 14:50,0.151
06/15/06 14:55,0.158
06/15/06 15:00,0.158
06/15/06 15:05,0.156
06/15/06 15:10,0.149
06/15/06 15:15,0.138
06/15/06 15:20,0.127
06/15/06 15:25,0.113
06/15/06 15:30,0.096
06/15/06 15:35,0.085
06/15/06 15:40,0.077
06/15/06 15:45,0.059
06/15/06 15:50,0.041
06/15/06 15:55,0.025
06/15/06 16:00,0.030
06/15/06 16:05,0.042
06/15/06 16:10,0.047
06/15/06 16:15,0.048
06/15/06 16:20,0.062
06/15/06 16:25,0.067
06/15/06 16:30,0.061
06/15/06 16:35,0.058
06/15/06 16:40,0.052
06/15/06 16:45,0.044
06/15/06 16:50,0.035
06/15/06 16:55,0.027
06/15/06 17:00,0.022
06/15/06 17:05,0.038
06/15/06 17:10,0.076
06/15/06 17:15,0.093
06/15/06 17:20,0.103
06/15/06 17:25,0.106
06/15/06 17:30,0.104
06/15/06 17:35,0.089
06/15/06 17:40,0.067
06/15/06 17:45,0.061
06/15/06 17:50,0.054
06/15/06 17:55,0.038
06/15/06 18:00,0.021
06/15/06 18:05,0.015
06/15/06 18:10,0.010
06/15/06 18:15,0.008
06/15/06 18:20,0.006
06/15/06 18:25,0.004
06/15/06 18:30,0.002
06/15/06 18:35,0.001
06/15/06 18:40,0.001
06/15/06 18:45,0.001
06/15/06 18:50,0.001
06/15/06 18:55,0.000
06/15/06 19:00,0.000
06/15/06 19:05,0.000
06/15/06 19:10,0.000
06/15/06 19:15,0.000
06/15/06 19:20,0.000
06/15/06 19:25,0.000
06/15/06 19:30,0.000
06/15/06 19:35,0.000
06/15/06 19:40,0.000
06/15/06 19:45,0.000
06/15/06 19:50,0.000
06/15/06 19:55,0.000
06/15/06 20:00,0.000
06/15/06 20:05,0.000
06/15/06 20:10,0.000
06/15/06 20:15,0.000
06/15/06 20:20,0.000
06/15/06 20:25,0.000
06/15/06 20:30,0.000
06/15/06 20:35,0.000
06/15/06 20:40,0.000
06/15/06 20:45,0.000
06/15/06 20:50,0.000
06/15/06 20:55,0.000
06/15/06 21:00,0.000
06/15/06 21:05,0.000
06/15/06 21:10,0.000
06/15/06 21:15,0.000
06/15/06 21:20,0.000
06/15/06 21:25,0.000
06/15/06 21:30,0.000
06/15/06 21:35,0.000
06/15/06 21:40,0.000
06/15/06 21:45,0.000
06/15/06 21:50,0.000
06/15/06 21:55,0.000
06/15/06 22:00,0.000
06/15/06 22:05,0.000
06/15/06 22:10,0.000
06/15/06 22:15,0.000
06/15/06 22:20,0.000
06/15/06 22:25,0.000
06/15/06 22:30,0.000
06/15/06 22:35,0.000
06/15/06 22:40,0.000
06/15/06 22:45,0.000
06/15/06 22:50,0.000
06/15/06 22:55,0.000
06/15/06 23:00,0.000
06/15/06 23:05,0.000
06/15/06 23:10,0.000
06/15/06 23:15,0.000
06/15/06 23:20,0.000
06/15/06 23:25,0.000
06/15/06 23:30,0.000
06/15/06 23:35,0.000
06/15/06 23:40,0.000
06/15/06 23:45,0.000
06/15/06 23:50,0.000
06/15/06 23:55,0.000
06/16/06 00:00,0.000
06/16/06 00:05,0.000
06/16/06 00:10,0.000
06/16/06 00:15,0.000
06/16/06 00:20,0.000
06/16/06 00:25,0.000
06/16/06 00:30,0.000
06/16/06 00:35,0.000
06/16/06 00:40,0.000
06/16/06 00:45,0.000
06/16/06 00:50,0.000
06/16/06 00:55,0.000
06/16/06 01:00,0.000
06/16/06 01:05,0.000
06/16/06 01:10,0.000
06/16/06 01:15,0.000
06/16/06 01:20,0.000
06/16/06 01:25,0.000
06/16/06 01:30,0.000
06/16/06 01:35,0.000
06/16/06 01:40,0.000
06/16/06 01:45,0.000
06/16/06 01:50,0.000
06/16/06 01:55,0.000
06/16/06 02:00,0.000
06/16/06 02:05,0.000
06/16/06 02:10,0.000
06/16/06 02:15,0.000
06/16/06 02:20,0.000
06/16/06 02:25,0.000
06/16/06 02:30,0.000
06/16/06 02:35,0.000
06/16/06 02:40,0.000
06/16/06 02:45,0.000
06/16/06 02:50,0.000
06/16/06 02:55,0.000
06/16/06 03:00,0.000
06/16/06 03:05,0.000
06/16/06 03:10,0.000
06/16/06 03:15,0.000
06/16/06 03:20,0.000
06/16/06 03:25,0.000
06/16/06 03:30,0.000
06/16/06 03:35,0.000
06/16/06 03:40,0.000
06/16/06 03:45,0.000
06/16/06 03:50,0.000
06/16/06 03:55,0.000
06/16/06 04:00,0.000
06/16/06 04:05,0.000
06/16/06 04:10,0.000
06/16/06 04:15,0.000
06/16/06 04:20,0.000
06/16/06 04:25,0.000
06/16/06 04:30,0.000
06/16/06 04:35,0.000
06/16/06 04:40,0.000
06/16/06 04:45,0.001
06/16/06 04:50,0.001
06/16/06 04:55,0.001
06/16/06 05:00,0.001
06/16/06 05:05,0.002
06/16/06 05:10,0.003
06/16/06 05:15,0.005
06/16/06 05:20,0.008
06/16/06 05:25,0.015
06/16/06 05:30,0.028
06/16/06 05:35,0.050
06/16/06 05:40,0.078
06/16/06 05:45,0.089
06/16/06 05:50,0.100
06/16/06 05:55,0.110
06/16/06 06:00,0.119
06/16/06 06:05,0.129
06/16/06 06:10,0.140
06/16/06 06:15,0.151
06/16/06 06:20,0.163
06/16/06 06:25,0.176
06/16/06 06:30,0.189
06/16/06 06:35,0.201
06/16/06 06:40,0.213
06/16/06 06:45,0.224
06/16/06 06:50,0.234
06/16/06 06:55,0.244
06/16/06 07:00,0.257
06/16/06 07:05,0.271
06/16/06 07:10,0.285
06/16/06 07:15,0.299
06/16/06 07:20,0.312
06/16/06 07:25,0.325
06/16/06 07:30,0.338
06/16/06 07:35,0.351
06/16/06 07:40,0.363
06/16/06 07:45,0.375
06/16/06 07:50,0.386
06/16/06 07:55,0.398
06/16/06 08:00,0.406
06/16/06 08:05,0.417
06/16/06 08:10,0.425
06/16/06 08:15,0.433
06/16/06 08:20,0.441
06/16/06 08:25,0.447
06/16/06 08:30,0.452
06/16/06 08:35,0.456
06/16/06 08:40,0.462
06/16/06 08:45,0.470
06/16/06 08:50,0.478
06/16/06 08:55,0.484
06/16/06 09:00,0.484
06/16/06 09:05,0.489
06/16/06 09:10,0.497
06/16/06 09:15,0.499
06/16/06 09:20,0.502
06/16/06 09:25,0.510
06/16/06 09:30,0.501
06/16/06 09:35,0.443
06/16/06 09:40,0.360
06/16/06 09:45,0.305
06/16/06 09:50,0.274
06/16/06 09:55,0.339
06/16/06 10:00,0.420
06/16/06 10:05,0.459
06/16/06 10:10,0.478
06/16/06 10:15,0.482
06/16/06 10:20,0.479
06/16/06 10:25,0.478
06/16/06 10:30,0.478
06/16/06 10:35,0.481
06/16/06 10:40,0.477
06/16/06 10:45,0.468
06/16/06 10:50,0.458
06/16/06 10:55,0.443
06/16/06 11:00,0.423
06/16/06 11:05,0.408
06/16/06 11:10,0.402
06/16/06 11:15,0.400
06/16/06 11:20,0.404
06/16/06 11:25,0.407
06/16/06 11:30,0.401
06/16/06 11:35,0.402
06/16/06 11:40,0.388
06/16/06 11:45,0.375
06/16/06 11:50,0.361
06/16/06 11:55,0.358
06/16/06 12:00,0.372
06/16/06 12:05,0.343
06/16/06 12:10,0.337
06/16/06 12:15,0.311
06/16/06 12:20,0.285
06/16/06 12:25,0.315
06/16/06 12:30,0.350
06/16/06 12:35,0.355
06/16/06 12:40,0.312
06/16/06 12:45,0.262
06/16/06 12:50,0.259
06/16/06 12:55,0.298
06/16/06 13:00,0.316
06/16/06 13:05,0.264
06/16/06 13:10,0.200
06/16/06 13:15,0.162
06/16/06 13:20,0.243
06/16/06 13:25,0.291
06/16/06 13:30,0.338
06/16/06 13:35,0.389
06/16/06 13:40,0.470
06/16/06 13:45,0.487
06/16/06 13:50,0.499
06/16/06 13:55,0.502
06/16/06 14:00,0.500
06/16/06 14:05,0.495
06/16/06 14:10,0.484
06/16/06 14:15,0.474
06/16/06 14:20,0.465
06/16/06 14:25,0.457
06/16/06 14:30,0.449
06/16/06 14:35,0.442
06/16/06 14:40,0.435
06/16/06 14:45,0.426
06/16/06 14:50,0.412
06/16/06 14:55,0.399
06/16/06 15:00,0.386
06/16/06 15:05,0.369
06/16/06 15:10,0.349
06/16/06 15:15,0.325
06/16/06 15:20,0.298
06/16/06 15:25,0.275
06/16/06 15:30,0.255
06/16/06 15:35,0.236
06/16/06 15:40,0.213
06/16/06 15:45,0.190
06/16/06 15:50,0.164
06/16/06 15:55,0.139
06/16/06 16:00,0.137
06/16/06 16:05,0.180
06/16/06 16:10,0.205
06/16/06 16:15,0.217
06/16/06 16:20,0.215
06/16/06 16:25,0.191
06/16/06 16:30,0.163
06/16/06 16:35,0.156
06/16/06 16:40,0.155
06/16/06 16:45,0.146
06/16/06 16:50,0.135
06/16/06 16:55,0.111
06/16/06 17:00,0.122
06/16/06 17:05,0.125
06/16/06 17:10,0.121
06/16/06 17:15,0.115
06/16/06 17:20,0.108
06/16/06 17:25,0.100
06/16/06 17:30,0.092
06/16/06 17:35,0.083
06/16/06 17:40,0.076
06/16/06 17:45,0.058
06/16/06 17:50,0.038
06/16/06 17:55,0.018
06/16/06 18:00,0.009
06/16/06 18:05,0.006
06/16/06 18:10,0.005
06/16/06 18:15,0.005
06/16/06 18:20,0.005
06/16/06 18:25,0.005
06/16/06 18:30,0.004
06/16/06 18:35,0.004
06/16/06 18:40,0.003
06/16/06 18:45,0.002
06/16/06 18:50,0.001
06/16/06 18:55,0.001
06/16/06 19:00,0.000
06/16/06 19:05,0.000
06/16/06 19:10,0.000
06/16/06 19:15,0.000
06/16/06 19:20,0.000
06/16/06 19:25,0.000
06/16/06 19:30,0.000
06/16/06 19:35,0.000
06/16/06 19:40,0.000
06/16/06 19:45,0.000
06/16/06 19:50,0.000
06/16/06 19:55,0.000
06/16/06 20:00,0.000
06/16/06 20:05,0.000
06/16/06 20:10,0.000
06/16/06 20:15,0.000
06/16/06 20:20,0.000
06/16/06 20:25,0.000
06/16/06 20:30,0.000
06/16/06 20:35,0.000
06/16/06 20:40,0.000
06/16/06 20:45,0.000
06/16/06 20:50,0.000
06/16/06 20:55,0.000
06/16/06 21:00,0.000
06/16/06 21:05,0.000
06/16/06 21:10,0.000
06/16/06 21:15,0.000
06/16/06 21:20,0.000
06/16/06 21:25,0.000
06/16/06 21:30,0.000
06/16/06 21:35,0.000
06/16/06 21:40,0.000
06/16/06 21:45,0.000
06/16/06 21:50,0.000
06/16/06 21:55,0.000
06/16/06 22:00,0.000
06/16/06 22:05,0.000
06/16/06 22:10,0.000
06/16/06 22:15,0.000
06/16/06 22:20,0.000
06/16/06 22:25,0.000
06/16/06 22:30,0.000
06/16/06 22:35,0.000
06/16/06 22:40,0.000
06/16/06 22:45,0.000
06/16/06 22:50,0.000
06/16/06 22:55,0.000
06/16/06 23:00,0.000
06/16/06 23:05,0.000
06/16/06 23:10,0.000
06/16/06 23:15,0.000
06/16/06 23:20,0.000
06/16/06 23:25,0.000
06/16/06 23:30,0.000
06/16/06 23:35,0.000
06/16/06 23:40,0.000
06/16/06 23:45,0.000
06/16/06 23:50,0.000
06/16/06 23:55,0.000
06/17/06 00:00,0.000
06/17/06 00:05,0.000
06/17/06 00:10,0.000
06/17/06 00:15,0.000
06/17/06 00:20,0.000
06/17/06 00:25,0.000
06/17/06 00:30,0.000
06/17/06 00:35,0.000
06/17/06 00:40,0.000
06/17/06 00:45,0.000
06/17/06 00:50,0.000
06/17/06 00:55,0.000
06/17/06 01:00,0.000
06/17/06 01:05,0.000
06/17/06 01:10,0.000
06/17/06 01:15,0.000
06/17/06 01:20,0.000
06/17/06 01:25,0.000
06/17/06 01:30,0.000
06/17/06 01:35,0.000
06/17/06 01:40,0.000
06/17/06 01:45,0.000
06/17/06 01:50,0.000
06/17/06 01:55,0.000
06/17/06 02:00,0.000
06/17/06 02:05,0.000
06/17/06 02:10,0.000
06/17/06 02:15,0.000
06/17/06 02:20,0.000
06/17/06 02:25,0.000
06/17/06 02:30,0.000
06/17/06 02:35,0.000
06/17/06 02:40,0.000
06/17/06 02:45,0.000
06/17/06 02:50,0.000
06/17/06 02:55,0.000
06/17/06 03:00,0.000
06/17/06 03:05,0.000
06/17/06 03:10,0.000
06/17/06 03:15,0.000
06/17/06 03:20,0.000
06/17/06 03:25,0.000
06/17/06 03:30,0.000
06/17/06 03:35,0.000
06/17/06 03:40,0.000
06/17/06 03:45,0.000
06/17/06 03:50,0.000
06/17/06 03:55,0.000
06/17/06 04:00,0.000
06/17/06 04:05,0.000
06/17/06 04:10,0.000
06/17/06 04:15,0.000
06/17/06 04:20,0.000
06/17/06 04:25,0.000
06/17/06 04:30,0.000
06/17/06 04:35,0.000
06/17/06 04:40,0.000
06/17/06 04:45,0.001
06/17/06 04:50,0.002
06/17/06 04:55,0.002
06/17/06 05:00,0.004
06/17/06 05:05,0.006
06/17/06 05:10,0.008
06/17/06 05:15,0.008
06/17/06 05:20,0.015
06/17/06 05:25,0.022
06/17/06 05:30,0.022
06/17/06 05:35,0.024
06/17/06 05:40,0.026
06/17/06 05:45,0.027
06/17/06 05:50,0.032
06/17/06 05:55,0.053
06/17/06 06:00,0.082
06/17/06 06:05,0.091
06/17/06 06:10,0.100
06/17/06 06:15,0.107
06/17/06 06:20,0.115
06/17/06 06:25,0.123
06/17/06 06:30,0.131
06/17/06 06:35,0.139
06/17/06 06:40,0.146
06/17/06 06:45,0.153
06/17/06 06:50,0.159
06/17/06 06:55,0.167
06/17/06 07:00,0.172
06/17/06 07:05,0.180
06/17/06 07:10,0.187
06/17/06 07:15,0.191
06/17/06 07:20,0.191
06/17/06 07:25,0.193
06/17/06 07:30,0.198
06/17/06 07:35,0.201
06/17/06 07:40,0.200
06/17/06 07:45,0.199
06/17/06 07:50,0.196
06/17/06 07:55,0.191
06/17/06 08:00,0.183
06/17/06 08:05,0.181
06/17/06 08:10,0.215
06/17/06 08:15,0.216
06/17/06 08:20,0.195
06/17/06 08:25,0.189
06/17/06 08:30,0.268
06/17/06 08:35,0.347
06/17/06 08:40,0.405
06/17/06 08:45,0.445
06/17/06 08:50,0.477
06/17/06 08:55,0.489
06/17/06 09:00,0.486
06/17/06 09:05,0.445
06/17/06 09:10,0.407
06/17/06 09:15,0.418
06/17/06 09:20,0.455
06/17/06 09:25,0.482
06/17/06 09:30,0.497
06/17/06 09:35,0.509
06/17/06 09:40,0.524
06/17/06 09:45,0.539
06/17/06 09:50,0.555
06/17/06 09:55,0.567
06/17/06 10:00,0.565
06/17/06 10:05,0.561
06/17/06 10:10,0.553
06/17/06 10:15,0.542
06/17/06 10:20,0.529
06/17/06 10:25,0.519
06/17/06 10:30,0.505
06/17/06 10:35,0.485
06/17/06 10:40,0.463
06/17/06 10:45,0.441
06/17/06 10:50,0.421
06/17/06 10:55,0.403
06/17/06 11:00,0.407
06/17/06 11:05,0.444
06/17/06 11:10,0.483
06/17/06 11:15,0.518
06/17/06 11:20,0.553
06/17/06 11:25,0.580
06/17/06 11:30,0.621
06/17/06 11:35,0.654
06/17/06 11:40,0.663
06/17/06 11:45,0.673
06/17/06 11:50,0.675
06/17/06 11:55,0.673
06/17/06 12:00,0.654
06/17/06 12:05,0.635
06/17/06 12:10,0.616
06/17/06 12:15,0.593
06/17/06 12:20,0.570
06/17/06 12:25,0.551
06/17/06 12:30,0.537
06/17/06 12:35,0.521
06/17/06 12:40,0.513
06/17/06 12:45,0.511
06/17/06 12:50,0.506
06/17/06 12:55,0.503
06/17/06 13:00,0.472
06/17/06 13:05,0.442
06/17/06 13:10,0.433
06/17/06 13:15,0.411
06/17/06 13:20,0.394
06/17/06 13:25,0.394
06/17/06 13:30,0.369
06/17/06 13:35,0.316
06/17/06 13:40,0.310
06/17/06 13:45,0.392
06/17/06 13:50,0.393
06/17/06 13:55,0.378
06/17/06 14:00,0.362
06/17/06 14:05,0.352
06/17/06 14:10,0.357
06/17/06 14:15,0.362
06/17/06 14:20,0.370
06/17/06 14:25,0.384
06/17/06 14:30,0.396
06/17/06 14:35,0.399
06/17/06 14:40,0.403
06/17/06 14:45,0.403
06/17/06 14:50,0.414
06/17/06 14:55,0.432
06/17/06 15:00,0.416
06/17/06 15:05,0.347
06/17/06 15:10,0.320
06/17/06 15:15,0.353
06/17/06 15:20,0.376
06/17/06 15:25,0.362
06/17/06 15:30,0.338
06/17/06 15:35,0.325
06/17/06 15:40,0.306
06/17/06 15:45,0.305
06/17/06 15:50,0.286
06/17/06 15:55,0.273
06/17/06 16:00,0.281
06/17/06 16:05,0.281
06/17/06 16:10,0.279
06/17/06 16:15,0.271
06/17/06 16:20,0.260
06/17/06 16:25,0.250
06/17/06 16:30,0.239
06/17/06 16:35,0.226
06/17/06 16:40,0.212
06/17/06 16:45,0.196
06/17/06 16:50,0.177
06/17/06 16:55,0.161
06/17/06 17:00,0.158
06/17/06 17:05,0.153
06/17/06 17:10,0.145
06/17/06 17:15,0.135
06/17/06 17:20,0.125
06/17/06 17:25,0.115
06/17/06 17:30,0.106
06/17/06 17:35,0.096
06/17/06 17:40,0.088
06/17/06 17:45,0.079
06/17/06 17:50,0.061
06/17/06 17:55,0.039
06/17/06 18:00,0.024
06/17/06 18:05,0.014
06/17/06 18:10,0.009
06/17/06 18:15,0.005
06/17/06 18:20,0.003
06/17/06 18:25,0.002
06/17/06 18:30,0.001
06/17/06 18:35,0.001
06/17/06 18:40,0.001
06/17/06 18:45,0.000
06/17/06 18:50,0.000
06/17/06 18:55,0.000
06/17/06 19:00,0.000
06/17/06 19:05,0.000
06/17/06 19:10,0.000
06/17/06 19:15,0.000
06/17/06 19:20,0.000
06/17/06 19:25,0.000
06/17/06 19:30,0.000
06/17/06 19:35,0.000
06/17/06 19:40,0.000
06/17/06 19:45,0.000
06/17/06 19:50,0.000
06/17/06 19:55,0.000
06/17/06 20:00,0.000
06/17/06 20:05,0.000
06/17/06 20:10,0.000
06/17/06 20:15,0.000
06/17/06 20:20,0.000
06/17/06 20:25,0.000
06/17/06 20:30,0.000
06/17/06 20:35,0.000
06/17/06 20:40,0.000
06/17/06 20:45,0.000
06/17/06 20:50,0.000
06/17/06 20:55,0.000
06/17/06 21:00,0.000
06/17/06 21:05,0.000
06/17/06 21:10,0.000
06/17/06 21:15,0.000
06/17/06 21:20,0.000
06/17/06 21:25,0.000
06/17/06 21:30,0.000
06/17/06 21:35,0.000
06/17/06 21:40,0.000
06/17/06 21:45,0.000
06/17/06 21:50,0.000
06/17/06 21:55,0.000
06/17/06 22:00,0.000
06/17/06 22:05,0.000
06/17/06 22:10,0.000
06/17/06 22:15,0.000
06/17/06 22:20,0.000
06/17/06 22:25,0.000
06/17/06 22:30,0.000
06/17/06 22:35,0.000
06/17/06 22:40,0.000
06/17/06 22:45,0.000
06/17/06 22:50,0.000
06/17/06 22:55,0.000
06/17/06 23:00,0.000
06/17/06 23:05,0.000
06/17/06 23:10,0.000
06/17/06 23:15,0.000
06/17/06 23:20,0.000
06/17/06 23:25,0.000
06/17/06 23:30,0.000
06/17/06 23:35,0.000
06/17/06 23:40,0.000
06/17/06 23:45,0.000
06/17/06 23:50,0.000
06/17/06 23:55,0.000
06/18/06 00:00,0.000
06/18/06 00:05,0.000
06/18/06 00:10,0.000
06/18/06 00:15,0.000
06/18/06 00:20,0.000
06/18/06 00:25,0.000
06/18/06 00:30,0.000
06/18/06 00:35,0.000
06/18/06 00:40,0.000
06/18/06 00:45,0.000
06/18/06 00:50,0.000
06/18/06 00:55,0.000
06/18/06 01:00,0.000
06/18/06 01:05,0.000
06/18/06 01:10,0.000
06/18/06 01:15,0.000
06/18/06 01:20,0.000
06/18/06 01:25,0.000
06/18/06 01:30,0.000
06/18/06 01:35,0.000
06/18/06 01:40,0.000
06/18/06 01:45,0.000
06/18/06 01:50,0.000
06/18/06 01:55,0.000
06/18/06 02:00,0.000
06/18/06 02:05,0.000
06/18/06 02:10,0.000
06/18/06 02:15,0.000
06/18/06 02:20,0.000
06/18/06 02:25,0.000
06/18/06 02:30,0.000
06/18/06 02:35,0.000
06/18/06 02:40,0.000
06/18/06 02:45,0.000
06/18/06 02:50,0.000
06/18/06 02:55,0.000
06/18/06 03:00,0.000
06/18/06 03:05,0.000
06/18/06 03:10,0.000
06/18/06 03:15,0.000
06/18/06 03:20,0.000
06/18/06 03:25,0.000
06/18/06 03:30,0.000
06/18/06 03:35,0.000
06/18/06 03:40,0.000
06/18/06 03:45,0.000
06/18/06 03:50,0.000
06/18/06 03:55,0.000
06/18/06 04:00,0.000
06/18/06 04:05,0.000
06/18/06 04:10,0.000
06/18/06 04:15,0.000
06/18/06 04:20,0.000
06/18/06 04:25,0.000
06/18/06 04:30,0.000
06/18/06 04:35,0.000
06/18/06 04:40,0.000
06/18/06 04:45,0.001
06/18/06 04:50,0.001
06/18/06 04:55,0.001
06/18/06 05:00,0.001
06/18/06 05:05,0.002
06/18/06 05:10,0.003
06/18/06 05:15,0.005
06/18/06 05:20,0.008
06/18/06 05:25,0.015
06/18/06 05:30,0.028
06/18/06 05:35,0.049
06/18/06 05:40,0.077
06/18/06 05:45,0.087
06/18/06 05:50,0.098
06/18/06 05:55,0.109
06/18/06 06:00,0.118
06/18/06 06:05,0.126
06/18/06 06:10,0.136
06/18/06 06:15,0.146
06/18/06 06:20,0.157
06/18/06 06:25,0.168
06/18/06 06:30,0.179
06/18/06 06:35,0.192
06/18/06 06:40,0.203
06/18/06 06:45,0.214
06/18/06 06:50,0.226
06/18/06 06:55,0.239
06/18/06 07:00,0.253
06/18/06 07:05,0.266
06/18/06 07:10,0.278
06/18/06 07:15,0.288
06/18/06 07:20,0.299
06/18/06 07:25,0.308
06/18/06 07:30,0.318
06/18/06 07:35,0.327
06/18/06 07:40,0.336
06/18/06 07:45,0.345
06/18/06 07:50,0.355
06/18/06 07:55,0.365
06/18/06 08:00,0.377
06/18/06 08:05,0.392
06/18/06 08:10,0.404
06/18/06 08:15,0.416
06/18/06 08:20,0.427
06/18/06 08:25,0.435
06/18/06 08:30,0.444
06/18/06 08:35,0.452
06/18/06 08:40,0.460
06/18/06 08:45,0.467
06/18/06 08:50,0.474
06/18/06 08:55,0.482
06/18/06 09:00,0.487
06/18/06 09:05,0.490
06/18/06 09:10,0.493
06/18/06 09:15,0.497
06/18/06 09:20,0.500
06/18/06 09:25,0.502
06/18/06 09:30,0.504
06/18/06 09:35,0.505
06/18/06 09:40,0.506
06/18/06 09:45,0.505
06/18/06 09:50,0.504
06/18/06 09:55,0.504
06/18/06 10:00,0.507
06/18/06 10:05,0.509
06/18/06 10:10,0.512
06/18/06 10:15,0.514
06/18/06 10:20,0.515
06/18/06 10:25,0.518
06/18/06 10:30,0.521
06/18/06 10:35,0.521
06/18/06 10:40,0.518
06/18/06 10:45,0.518
06/18/06 10:50,0.520
06/18/06 10:55,0.521
06/18/06 11:00,0.523
06/18/06 11:05,0.526
06/18/06 11:10,0.531
06/18/06 11:15,0.534
06/18/06 11:20,0.533
06/18/06 11:25,0.532
06/18/06 11:30,0.530
06/18/06 11:35,0.530
06/18/06 11:40,0.531
06/18/06 11:45,0.533
06/18/06 11:50,0.535
06/18/06 11:55,0.536
06/18/06 12:00,0.540
06/18/06 12:05,0.545
06/18/06 12:10,0.547
06/18/06 12:15,0.543
06/18/06 12:20,0.540
06/18/06 12:25,0.538
06/18/06 12:30,0.538
06/18/06 12:35,0.536
06/18/06 12:40,0.534
06/18/06 12:45,0.532
06/18/06 12:50,0.532
06/18/06 12:55,0.531
06/18/06 13:00,0.528
06/18/06 13:05,0.523
06/18/06 13:10,0.518
06/18/06 13:15,0.511
06/18/06 13:20,0.505
06/18/06 13:25,0.500
06/18/06 13:30,0.495
06/18/06 13:35,0.490
06/18/06 13:40,0.485
06/18/06 13:45,0.480
06/18/06 13:50,0.475
06/18/06 13:55,0.470
06/18/06 14:00,0.467
06/18/06 14:05,0.464
06/18/06 14:10,0.461
06/18/06 14:15,0.458
06/18/06 14:20,0.455
06/18/06 14:25,0.452
06/18/06 14:30,0.448
06/18/06 14:35,0.443
06/18/06 14:40,0.439
06/18/06 14:45,0.434
06/18/06 14:50,0.431
06/18/06 14:55,0.424
06/18/06 15:00,0.414
06/18/06 15:05,0.403
06/18/06 15:10,0.389
06/18/06 15:15,0.377
06/18/06 15:20,0.366
06/18/06 15:25,0.354
06/18/06 15:30,0.342
06/18/06 15:35,0.331
06/18/06 15:40,0.320
06/18/06 15:45,0.308
06/18/06 15:50,0.297
06/18/06 15:55,0.286
06/18/06 16:00,0.266
06/18/06 16:05,0.244
06/18/06 16:10,0.226
06/18/06 16:15,0.238
06/18/06 16:20,0.236
06/18/06 16:25,0.233
06/18/06 16:30,0.223
06/18/06 16:35,0.220
06/18/06 16:40,0.216
06/18/06 16:45,0.211
06/18/06 16:50,0.204
06/18/06 16:55,0.180
06/18/06 17:00,0.161
06/18/06 17:05,0.145
06/18/06 17:10,0.133
06/18/06 17:15,0.131
06/18/06 17:20,0.129
06/18/06 17:25,0.125
06/18/06 17:30,0.106
06/18/06 17:35,0.087
06/18/06 17:40,0.070
06/18/06 17:45,0.055
06/18/06 17:50,0.041
06/18/06 17:55,0.028
06/18/06 18:00,0.017
06/18/06 18:05,0.011
06/18/06 18:10,0.008
06/18/06 18:15,0.005
06/18/06 18:20,0.003
06/18/06 18:25,0.002
06/18/06 18:30,0.001
06/18/06 18:35,0.000
06/18/06 18:40,0.000
06/18/06 18:45,0.000
06/18/06 18:50,0.000
06/18/06 18:55,0.000
06/18/06 19:00,0.000
06/18/06 19:05,0.000
06/18/06 19:10,0.000
06/18/06 19:15,0.000
06/18/06 19:20,0.000
06/18/06 19:25,0.000
06/18/06 19:30,0.000
06/18/06 19:35,0.000
06/18/06 19:40,0.000
06/18/06 19:45,0.000
06/18/06 19:50,0.000
06/18/06 19:55,0.000
06/18/06 20:00,0.000
06/18/06 20:05,0.000
06/18/06 20:10,0.000
06/18/06 20:15,0.000
06/18/06 20:20,0.000
06/18/06 20:25,0.000
06/18/06 20:30,0.000
06/18/06 20:35,0.000
06/18/06 20:40,0.000
06/18/06 20:45,0.000
06/18/06 20:50,0.000
06/18/06 20:55,0.000
06/18/06 21:00,0.000
06/18/06 21:05,0.000
06/18/06 21:10,0.000
06/18/06 21:15,0.000
06/18/06 21:20,0.000
06/18/06 21:25,0.000
06/18/06 21:30,0.000
06/18/06 21:35,0.000
06/18/06 21:40,0.000
06/18/06 21:45,0.000
06/18/06 21:50,0.000
06/18/06 21:55,0.000
06/18/06 22:00,0.000
06/18/06 22:05,0.000
06/18/06 22:10,0.000
06/18/06 22:15,0.000
06/18/06 22:20,0.000
06/18/06 22:25,0.000
06/18/06 22:30,0.000
06/18/06 22:35,0.000
06/18/06 22:40,0.000
06/18/06 22:45,0.000
06/18/06 22:50,0.000
06/18/06 22:55,0.000
06/18/06 23:00,0.000
06/18/06 23:05,0.000
06/18/06 23:10,0.000
06/18/06 23:15,0.000
06/18/06 23:20,0.000
06/18/06 23:25,0.000
06/18/06 23:30,0.000
06/18/06 23:35,0.000
06/18/06 23:40,0.000
06/18/06 23:45,0.000
06/18/06 23:50,0.000
06/18/06 23:55,0.000
06/19/06 00:00,0.000
06/19/06 00:05,0.000
06/19/06 00:10,0.000
06/19/06 00:15,0.000
06/19/06 00:20,0.000
06/19/06 00:25,0.000
06/19/06 00:30,0.000
06/19/06 00:35,0.000
06/19/06 00:40,0.000
06/19/06 00:45,0.000
06/19/06 00:50,0.000
06/19/06 00:55,0.000
06/19/06 01:00,0.000
06/19/06 01:05,0.000
06/19/06 01:10,0.000
06/19/06 01:15,0.000
06/19/06 01:20,0.000
06/19/06 01:25,0.000
06/19/06 01:30,0.000
06/19/06 01:35,0.000
06/19/06 01:40,0.000
06/19/06 01:45,0.000
06/19/06 01:50,0.000
06/19/06 01:55,0.000
06/19/06 02:00,0.000
06/19/06 02:05,0.000
06/19/06 02:10,0.000
06/19/06 02:15,0.000
06/19/06 02:20,0.000
06/19/06 02:25,0.000
06/19/06 02:30,0.000
06/19/06 02:35,0.000
06/19/06 02:40,0.000
06/19/06 02:45,0.000
06/19/06 02:50,0.000
06/19/06 02:55,0.000
06/19/06 03:00,0.000
06/19/06 03:05,0.000
06/19/06 03:10,0.000
06/19/06 03:15,0.000
06/19/06 03:20,0.000
06/19/06 03:25,0.000
06/19/06 03:30,0.000
06/19/06 03:35,0.000
06/19/06 03:40,0.000
06/19/06 03:45,0.000
06/19/06 03:50,0.000
06/19/06 03:55,0.000
06/19/06 04:00,0.000
06/19/06 04:05,0.000
06/19/06 04:10,0.000
06/19/06 04:15,0.000
06/19/06 04:20,0.000
06/19/06 04:25,0.000
06/19/06 04:30,0.000
06/19/06 04:35,0.000
06/19/06 04:40,0.000
06/19/06 04:45,0.001
06/19/06 04:50,0.001
06/19/06 04:55,0.001
06/19/06 05:00,0.001
06/19/06 05:05,0.002
06/19/06 05:10,0.003
06/19/06 05:15,0.007
06/19/06 05:20,0.014
06/19/06 05:25,0.030
06/19/06 05:30,0.058
06/19/06 05:35,0.082
06/19/06 05:40,0.094
06/19/06 05:45,0.101
06/19/06 05:50,0.110
06/19/06 05:55,0.117
06/19/06 06:00,0.112
06/19/06 06:05,0.105
06/19/06 06:10,0.101
06/19/06 06:15,0.100
06/19/06 06:20,0.107
06/19/06 06:25,0.105
06/19/06 06:30,0.109
06/19/06 06:35,0.126
06/19/06 06:40,0.142
06/19/06 06:45,0.152
06/19/06 06:50,0.167
06/19/06 06:55,0.189
06/19/06 07:00,0.211
06/19/06 07:05,0.223
06/19/06 07:10,0.241
06/19/06 07:15,0.260
06/19/06 07:20,0.262
06/19/06 07:25,0.263
06/19/06 07:30,0.274
06/19/06 07:35,0.262
06/19/06 07:40,0.288
06/19/06 07:45,0.314
06/19/06 07:50,0.336
06/19/06 07:55,0.362
06/19/06 08:00,0.382
06/19/06 08:05,0.402
06/19/06 08:10,0.416
06/19/06 08:15,0.429
06/19/06 08:20,0.439
06/19/06 08:25,0.450
06/19/06 08:30,0.460
06/19/06 08:35,0.469
06/19/06 08:40,0.478
06/19/06 08:45,0.484
06/19/06 08:50,0.489
06/19/06 08:55,0.493
06/19/06 09:00,0.498
06/19/06 09:05,0.504
06/19/06 09:10,0.511
06/19/06 09:15,0.520
06/19/06 09:20,0.529
06/19/06 09:25,0.539
06/19/06 09:30,0.549
06/19/06 09:35,0.556
06/19/06 09:40,0.556
06/19/06 09:45,0.556
06/19/06 09:50,0.559
06/19/06 09:55,0.563
06/19/06 10:00,0.565
06/19/06 10:05,0.568
06/19/06 10:10,0.571
06/19/06 10:15,0.574
06/19/06 10:20,0.575
06/19/06 10:25,0.576
06/19/06 10:30,0.576
06/19/06 10:35,0.577
06/19/06 10:40,0.578
06/19/06 10:45,0.579
06/19/06 10:50,0.580
06/19/06 10:55,0.582
06/19/06 11:00,0.584
06/19/06 11:05,0.586
06/19/06 11:10,0.586
06/19/06 11:15,0.588
06/19/06 11:20,0.592
06/19/06 11:25,0.594
06/19/06 11:30,0.596
06/19/06 11:35,0.602
06/19/06 11:40,0.603
06/19/06 11:45,0.603
06/19/06 11:50,0.604
06/19/06 11:55,0.605
06/19/06 12:00,0.610
06/19/06 12:05,0.610
06/19/06 12:10,0.617
06/19/06 12:15,0.631
06/19/06 12:20,0.638
06/19/06 12:25,0.629
06/19/06 12:30,0.612
06/19/06 12:35,0.606
06/19/06 12:40,0.610
06/19/06 12:45,0.608
06/19/06 12:50,0.593
06/19/06 12:55,0.582
06/19/06 13:00,0.564
06/19/06 13:05,0.535
06/19/06 13:10,0.491
06/19/06 13:15,0.389
06/19/06 13:20,0.297
06/19/06 13:25,0.252
06/19/06 13:30,0.301
06/19/06 13:35,0.347
06/19/06 13:40,0.370
06/19/06 13:45,0.406
06/19/06 13:50,0.493
06/19/06 13:55,0.521
06/19/06 14:00,0.512
06/19/06 14:05,0.497
06/19/06 14:10,0.477
06/19/06 14:15,0.460
06/19/06 14:20,0.438
06/19/06 14:25,0.426
06/19/06 14:30,0.405
06/19/06 14:35,0.379
06/19/06 14:40,0.348
06/19/06 14:45,0.311
06/19/06 14:50,0.276
06/19/06 14:55,0.234
06/19/06 15:00,0.261
06/19/06 15:05,0.318
06/19/06 15:10,0.350
06/19/06 15:15,0.365
06/19/06 15:20,0.372
06/19/06 15:25,0.375
06/19/06 15:30,0.372
06/19/06 15:35,0.365
06/19/06 15:40,0.360
06/19/06 15:45,0.354
06/19/06 15:50,0.351
06/19/06 15:55,0.336
06/19/06 16:00,0.286
06/19/06 16:05,0.234
06/19/06 16:10,0.208
06/19/06 16:15,0.226
06/19/06 16:20,0.220
06/19/06 16:25,0.216
06/19/06 16:30,0.213
06/19/06 16:35,0.215
06/19/06 16:40,0.215
06/19/06 16:45,0.216
06/19/06 16:50,0.214
06/19/06 16:55,0.206
06/19/06 17:00,0.192
06/19/06 17:05,0.177
06/19/06 17:10,0.163
06/19/06 17:15,0.149
06/19/06 17:20,0.137
06/19/06 17:25,0.125
06/19/06 17:30,0.114
06/19/06 17:35,0.103
06/19/06 17:40,0.092
06/19/06 17:45,0.083
06/19/06 17:50,0.073
06/19/06 17:55,0.047
06/19/06 18:00,0.032
06/19/06 18:05,0.023
06/19/06 18:10,0.016
06/19/06 18:15,0.011
06/19/06 18:20,0.008
06/19/06 18:25,0.005
06/19/06 18:30,0.003
06/19/06 18:35,0.002
06/19/06 18:40,0.001
06/19/06 18:45,0.001
06/19/06 18:50,0.001
06/19/06 18:55,0.000
06/19/06 19:00,0.000
06/19/06 19:05,0.000
06/19/06 19:10,0.000
06/19/06 19:15,0.000
06/19/06 19:20,0.000
06/19/06 19:25,0.000
06/19/06 19:30,0.000
06/19/06 19:35,0.000
06/19/06 19:40,0.000
06/19/06 19:45,0.000
06/19/06 19:50,0.000
06/19/06 19:55,0.000
06/19/06 20:00,0.000
06/19/06 20:05,0.000
06/19/06 20:10,0.000
06/19/06 20:15,0.000
06/19/06 20:20,0.000
06/19/06 20:25,0.000
06/19/06 20:30,0.000
06/19/06 20:35,0.000
06/19/06 20:40,0.000
06/19/06 20:45,0.000
06/19/06 20:50,0.000
06/19/06 20:55,0.000
06/19/06 21:00,0.000
06/19/06 21:05,0.000
06/19/06 21:10,0.000
06/19/06 21:15,0.000
06/19/06 21:20,0.000
06/19/06 21:25,0.000
06/19/06 21:30,0.000
06/19/06 21:35,0.000
06/19/06 21:40,0.000
06/19/06 21:45,0.000
06/19/06 21:50,0.000
06/19/06 21:55,0.000
06/19/06 22:00,0.000
06/19/06 22:05,0.000
06/19/06 22:10,0.000
06/19/06 22:15,0.000
06/19/06 22:20,0.000
06/19/06 22:25,0.000
06/19/06 22:30,0.000
06/19/06 22:35,0.000
06/19/06 22:40,0.000
06/19/06 22:45,0.000
06/19/06 22:50,0.000
06/19/06 22:55,0.000
06/19/06 23:00,0.000
06/19/06 23:05,0.000
06/19/06 23:10,0.000
06/19/06 23:15,0.000
06/19/06 23:20,0.000
06/19/06 23:25,0.000
06/19/06 23:30,0.000
06/19/06 23:35,0.000
06/19/06 23:40,0.000
06/19/06 23:45,0.000
06/19/06 23:50,0.000
06/19/06 23:55,0.000
06/20/06 00:00,0.000
06/20/06 00:05,0.000
06/20/06 00:10,0.000
06/20/06 00:15,0.000
06/20/06 00:20,0.000
06/20/06 00:25,0.000
06/20/06 00:30,0.000
06/20/06 00:35,0.000
06/20/06 00:40,0.000
06/20/06 00:45,0.000
06/20/06 00:50,0.000
06/20/06 00:55,0.000
06/20/06 01:00,0.000
06/20/06 01:05,0.000
06/20/06 01:10,0.000
06/20/06 01:15,0.000
06/20/06 01:20,0.000
06/20/06 01:25,0.000
06/20/06 01:30,0.000
06/20/06 01:35,0.000
06/20/06 01:40,0.000
06/20/06 01:45,0.000
06/20/06 01:50,0.000
06/20/06 01:55,0.000
06/20/06 02:00,0.000
06/20/06 02:05,0.000
06/20/06 02:10,0.000
06/20/06 02:15,0.000
06/20/06 02:20,0.000
06/20/06 02:25,0.000
06/20/06 02:30,0.000
06/20/06 02:35,0.000
06/20/06 02:40,0.000
06/20/06 02:45,0.000
06/20/06 02:50,0.000
06/20/06 02:55,0.000
06/20/06 03:00,0.000
06/20/06 03:05,0.000
06/20/06 03:10,0.000
06/20/06 03:15,0.000
06/20/06 03:20,0.000
06/20/06 03:25,0.000
06/20/06 03:30,0.000
06/20/06 03:35,0.000
06/20/06 03:40,0.000
06/20/06 03:45,0.000
06/20/06 03:50,0.000
06/20/06 03:55,0.000
06/20/06 04:00,0.000
06/20/06 04:05,0.000
06/20/06 04:10,0.000
06/20/06 04:15,0.000
06/20/06 04:20,0.000
06/20/06 04:25,0.000
06/20/06 04:30,0.000
06/20/06 04:35,0.000
06/20/06 04:40,0.000
06/20/06 04:45,0.001
06/20/06 04:50,0.001
06/20/06 04:55,0.001
06/20/06 05:00,0.001
06/20/06 05:05,0.002
06/20/06 05:10,0.003
06/20/06 05:15,0.004
06/20/06 05:20,0.007
06/20/06 05:25,0.012
06/20/06 05:30,0.020
06/20/06 05:35,0.033
06/20/06 05:40,0.054
06/20/06 05:45,0.078
06/20/06 05:50,0.088
06/20/06 05:55,0.098
06/20/06 06:00,0.108
06/20/06 06:05,0.118
06/20/06 06:10,0.129
06/20/06 06:15,0.141
06/20/06 06:20,0.153
06/20/06 06:25,0.166
06/20/06 06:30,0.179
06/20/06 06:35,0.192
06/20/06 06:40,0.205
06/20/06 06:45,0.219
06/20/06 06:50,0.233
06/20/06 06:55,0.246
06/20/06 07:00,0.259
06/20/06 07:05,0.271
06/20/06 07:10,0.284
06/20/06 07:15,0.296
06/20/06 07:20,0.306
06/20/06 07:25,0.316
06/20/06 07:30,0.327
06/20/06 07:35,0.338
06/20/06 07:40,0.348
06/20/06 07:45,0.358
06/20/06 07:50,0.369
06/20/06 07:55,0.379
06/20/06 08:00,0.391
06/20/06 08:05,0.406
06/20/06 08:10,0.418
06/20/06 08:15,0.427
06/20/06 08:20,0.435
06/20/06 08:25,0.443
06/20/06 08:30,0.452
06/20/06 08:35,0.461
06/20/06 08:40,0.469
06/20/06 08:45,0.477
06/20/06 08:50,0.485
06/20/06 08:55,0.491
06/20/06 09:00,0.497
06/20/06 09:05,0.501
06/20/06 09:10,0.505
06/20/06 09:15,0.510
06/20/06 09:20,0.515
06/20/06 09:25,0.521
06/20/06 09:30,0.527
06/20/06 09:35,0.534
06/20/06 09:40,0.540
06/20/06 09:45,0.546
06/20/06 09:50,0.551
06/20/06 09:55,0.556
06/20/06 10:00,0.560
06/20/06 10:05,0.564
06/20/06 10:10,0.567
06/20/06 10:15,0.571
06/20/06 10:20,0.574
06/20/06 10:25,0.575
06/20/06 10:30,0.575
06/20/06 10:35,0.575
06/20/06 10:40,0.576
06/20/06 10:45,0.578
06/20/06 10:50,0.582
06/20/06 10:55,0.586
06/20/06 11:00,0.589
06/20/06 11:05,0.581
06/20/06 11:10,0.575
06/20/06 11:15,0.564
06/20/06 11:20,0.556
06/20/06 11:25,0.538
06/20/06 11:30,0.550
06/20/06 11:35,0.564
06/20/06 11:40,0.527
06/20/06 11:45,0.467
06/20/06 11:50,0.392
06/20/06 11:55,0.352
06/20/06 12:00,0.415
06/20/06 12:05,0.470
06/20/06 12:10,0.476
06/20/06 12:15,0.444
06/20/06 12:20,0.448
06/20/06 12:25,0.494
06/20/06 12:30,0.530
06/20/06 12:35,0.542
06/20/06 12:40,0.555
06/20/06 12:45,0.572
06/20/06 12:50,0.580
06/20/06 12:55,0.551
06/20/06 13:00,0.538
06/20/06 13:05,0.472
06/20/06 13:10,0.428
06/20/06 13:15,0.384
06/20/06 13:20,0.310
06/20/06 13:25,0.275
06/20/06 13:30,0.246
06/20/06 13:35,0.249
06/20/06 13:40,0.304
06/20/06 13:45,0.317
06/20/06 13:50,0.353
06/20/06 13:55,0.370
06/20/06 14:00,0.405
06/20/06 14:05,0.395
06/20/06 14:10,0.432
06/20/06 14:15,0.452
06/20/06 14:20,0.438
06/20/06 14:25,0.448
06/20/06 14:30,0.439
06/20/06 14:35,0.428
06/20/06 14:40,0.410
06/20/06 14:45,0.363
06/20/06 14:50,0.302
06/20/06 14:55,0.331
06/20/06 15:00,0.360
06/20/06 15:05,0.379
06/20/06 15:10,0.373
06/20/06 15:15,0.370
06/20/06 15:20,0.361
06/20/06 15:25,0.347
06/20/06 15:30,0.324
06/20/06 15:35,0.304
06/20/06 15:40,0.288
06/20/06 15:45,0.274
06/20/06 15:50,0.260
06/20/06 15:55,0.258
06/20/06 16:00,0.274
06/20/06 16:05,0.283
06/20/06 16:10,0.286
06/20/06 16:15,0.283
06/20/06 16:20,0.276
06/20/06 16:25,0.267
06/20/06 16:30,0.256
06/20/06 16:35,0.246
06/20/06 16:40,0.235
06/20/06 16:45,0.223
06/20/06 16:50,0.211
06/20/06 16:55,0.199
06/20/06 17:00,0.187
06/20/06 17:05,0.175
06/20/06 17:10,0.163
06/20/06 17:15,0.151
06/20/06 17:20,0.140
06/20/06 17:25,0.129
06/20/06 17:30,0.119
06/20/06 17:35,0.109
06/20/06 17:40,0.100
06/20/06 17:45,0.092
06/20/06 17:50,0.085
06/20/06 17:55,0.078
06/20/06 18:00,0.058
06/20/06 18:05,0.037
06/20/06 18:10,0.023
06/20/06 18:15,0.015
06/20/06 18:20,0.009
06/20/06 18:25,0.005
06/20/06 18:30,0.003
06/20/06 18:35,0.002
06/20/06 18:40,0.002
06/20/06 18:45,0.001
06/20/06 18:50,0.001
06/20/06 18:55,0.001
06/20/06 19:00,0.001
06/20/06 19:05,0.000
06/20/06 19:10,0.000
06/20/06 19:15,0.000
06/20/06 19:20,0.000
06/20/06 19:25,0.000
06/20/06 19:30,0.000
06/20/06 19:35,0.000
06/20/06 19:40,0.000
06/20/06 19:45,0.000
06/20/06 19:50,0.000
06/20/06 19:55,0.000
06/20/06 20:00,0.000
06/20/06 20:05,0.000
06/20/06 20:10,0.000
06/20/06 20:15,0.000
06/20/06 20:20,0.000
06/20/06 20:25,0.000
06/20/06 20:30,0.000
06/20/06 20:35,0.000
06/20/06 20:40,0.000
06/20/06 20:45,0.000
06/20/06 20:50,0.000
06/20/06 20:55,0.000
06/20/06 21:00,0.000
06/20/06 21:05,0.000
06/20/06 21:10,0.000
06/20/06 21:15,0.000
06/20/06 21:20,0.000
06/20/06 21:25,0.000
06/20/06 21:30,0.000
06/20/06 21:35,0.000
06/20/06 21:40,0.000
06/20/06 21:45,0.000
06/20/06 21:50,0.000
06/20/06 21:55,0.000
06/20/06 22:00,0.000
06/20/06 22:05,0.000
06/20/06 22:10,0.000
06/20/06 22:15,0.000
06/20/06 22:20,0.000
06/20/06 22:25,0.000
06/20/06 22:30,0.000
06/20/06 22:35,0.000
06/20/06 22:40,0.000
06/20/06 22:45,0.000
06/20/06 22:50,0.000
06/20/06 22:55,0.000
06/20/06 23:00,0.000
06/20/06 23:05,0.000
06/20/06 23:10,0.000
06/20/06 23:15,0.000
06/20/06 23:20,0.000
06/20/06 23:25,0.000
06/20/06 23:30,0.000
06/20/06 23:35,0.000
06/20/06 23:40,0.000
06/20/06 23:45,0.000
06/20/06 23:50,0.000
06/20/06 23:55,0.000
06/21/06 00:00,0.000
06/21/06 00:05,0.000
06/21/06 00:10,0.000
06/21/06 00:15,0.000
06/21/06 00:20,0.000
06/21/06 00:25,0.000
06/21/06 00:30,0.000
06/21/06 00:35,0.000
06/21/06 00:40,0.000
06/21/06 00:45,0.000
06/21/06 00:50,0.000
06/21/06 00:55,0.000
06/21/06 01:00,0.000
06/21/06 01:05,0.000
06/21/06 01:10,0.000
06/21/06 01:15,0.000
06/21/06 01:20,0.000
06/21/06 01:25,0.000
06/21/06 01:30,0.000
06/21/06 01:35,0.000
06/21/06 01:40,0.000
06/21/06 01:45,0.000
06/21/06 01:50,0.000
06/21/06 01:55,0.000
06/21/06 02:00,0.000
06/21/06 02:05,0.000
06/21/06 02:10,0.000
06/21/06 02:15,0.000
06/21/06 02:20,0.000
06/21/06 02:25,0.000
06/21/06 02:30,0.000
06/21/06 02:35,0.000
06/21/06 02:40,0.000
06/21/06 02:45,0.000
06/21/06 02:50,0.000
06/21/06 02:55,0.000
06/21/06 03:00,0.000
06/21/06 03:05,0.000
06/21/06 03:10,0.000
06/21/06 03:15,0.000
06/21/06 03:20,0.000
06/21/06 03:25,0.000
06/21/06 03:30,0.000
06/21/06 03:35,0.000
06/21/06 03:40,0.000
06/21/06 03:45,0.000
06/21/06 03:50,0.000
06/21/06 03:55,0.000
06/21/06 04:00,0.000
06/21/06 04:05,0.000
06/21/06 04:10,0.000
06/21/06 04:15,0.000
06/21/06 04:20,0.000
06/21/06 04:25,0.000
06/21/06 04:30,0.000
06/21/06 04:35,0.000
06/21/06 04:40,0.000
06/21/06 04:45,0.001
06/21/06 04:50,0.001
06/21/06 04:55,0.001
06/21/06 05:00,0.001
06/21/06 05:05,0.002
06/21/06 05:10,0.002
06/21/06 05:15,0.004
06/21/06 05:20,0.007
06/21/06 05:25,0.011
06/21/06 05:30,0.019
06/21/06 05:35,0.032
06/21/06 05:40,0.051
06/21/06 05:45,0.077
06/21/06 05:50,0.086
06/21/06 05:55,0.097
06/21/06 06:00,0.107
06/21/06 06:05,0.119
06/21/06 06:10,0.131
06/21/06 06:15,0.144
06/21/06 06:20,0.157
06/21/06 06:25,0.169
06/21/06 06:30,0.181
06/21/06 06:35,0.194
06/21/06 06:40,0.205
06/21/06 06:45,0.216
06/21/06 06:50,0.228
06/21/06 06:55,0.239
06/21/06 07:00,0.251
06/21/06 07:05,0.262
06/21/06 07:10,0.274
06/21/06 07:15,0.285
06/21/06 07:20,0.295
06/21/06 07:25,0.306
06/21/06 07:30,0.316
06/21/06 07:35,0.328
06/21/06 07:40,0.340
06/21/06 07:45,0.352
06/21/06 07:50,0.362
06/21/06 07:55,0.372
06/21/06 08:00,0.381
06/21/06 08:05,0.392
06/21/06 08:10,0.400
06/21/06 08:15,0.407
06/21/06 08:20,0.415
06/21/06 08:25,0.423
06/21/06 08:30,0.431
06/21/06 08:35,0.438
06/21/06 08:40,0.446
06/21/06 08:45,0.454
06/21/06 08:50,0.462
06/21/06 08:55,0.471
06/21/06 09:00,0.481
06/21/06 09:05,0.503
06/21/06 09:10,0.524
06/21/06 09:15,0.538
06/21/06 09:20,0.554
06/21/06 09:25,0.569
06/21/06 09:30,0.580
06/21/06 09:35,0.587
06/21/06 09:40,0.588
06/21/06 09:45,0.585
06/21/06 09:50,0.587
06/21/06 09:55,0.584
06/21/06 10:00,0.563
06/21/06 10:05,0.520
06/21/06 10:10,0.497
06/21/06 10:15,0.478
06/21/06 10:20,0.505
06/21/06 10:25,0.527
06/21/06 10:30,0.547
06/21/06 10:35,0.565
06/21/06 10:40,0.562
06/21/06 10:45,0.559
06/21/06 10:50,0.558
06/21/06 10:55,0.558
06/21/06 11:00,0.563
06/21/06 11:05,0.566
06/21/06 11:10,0.568
06/21/06 11:15,0.573
06/21/06 11:20,0.577
06/21/06 11:25,0.582
06/21/06 11:30,0.586
06/21/06 11:35,0.587
06/21/06 11:40,0.587
06/21/06 11:45,0.584
06/21/06 11:50,0.582
06/21/06 11:55,0.579
06/21/06 12:00,0.577
06/21/06 12:05,0.573
06/21/06 12:10,0.570
06/21/06 12:15,0.571
06/21/06 12:20,0.574
06/21/06 12:25,0.576
06/21/06 12:30,0.572
06/21/06 12:35,0.567
06/21/06 12:40,0.563
06/21/06 12:45,0.559
06/21/06 12:50,0.554
06/21/06 12:55,0.551
06/21/06 13:00,0.540
06/21/06 13:05,0.516
06/21/06 13:10,0.506
06/21/06 13:15,0.496
06/21/06 13:20,0.479
06/21/06 13:25,0.494
06/21/06 13:30,0.491
06/21/06 13:35,0.479
06/21/06 13:40,0.495
06/21/06 13:45,0.521
06/21/06 13:50,0.535
06/21/06 13:55,0.531
06/21/06 14:00,0.521
06/21/06 14:05,0.505
06/21/06 14:10,0.490
06/21/06 14:15,0.489
06/21/06 14:20,0.470
06/21/06 14:25,0.449
06/21/06 14:30,0.416
06/21/06 14:35,0.412
06/21/06 14:40,0.421
06/21/06 14:45,0.410
06/21/06 14:50,0.332
06/21/06 14:55,0.292
06/21/06 15:00,0.335
06/21/06 15:05,0.359
06/21/06 15:10,0.373
06/21/06 15:15,0.379
06/21/06 15:20,0.380
06/21/06 15:25,0.378
06/21/06 15:30,0.376
06/21/06 15:35,0.369
06/21/06 15:40,0.362
06/21/06 15:45,0.353
06/21/06 15:50,0.345
06/21/06 15:55,0.337
06/21/06 16:00,0.325
06/21/06 16:05,0.313
06/21/06 16:10,0.302
06/21/06 16:15,0.292
06/21/06 16:20,0.278
06/21/06 16:25,0.263
06/21/06 16:30,0.248
06/21/06 16:35,0.235
06/21/06 16:40,0.223
06/21/06 16:45,0.211
06/21/06 16:50,0.199
06/21/06 16:55,0.187
06/21/06 17:00,0.175
06/21/06 17:05,0.161
06/21/06 17:10,0.149
06/21/06 17:15,0.137
06/21/06 17:20,0.126
06/21/06 17:25,0.115
06/21/06 17:30,0.105
06/21/06 17:35,0.095
06/21/06 17:40,0.086
06/21/06 17:45,0.077
06/21/06 17:50,0.057
06/21/06 17:55,0.036
06/21/06 18:00,0.023
06/21/06 18:05,0.014
06/21/06 18:10,0.008
06/21/06 18:15,0.005
06/21/06 18:20,0.003
06/21/06 18:25,0.002
06/21/06 18:30,0.001
06/21/06 18:35,0.001
06/21/06 18:40,0.000
06/21/06 18:45,0.000
06/21/06 18:50,0.000
06/21/06 18:55,0.000
06/21/06 19:00,0.000
06/21/06 19:05,0.000
06/21/06 19:10,0.000
06/21/06 19:15,0.000
06/21/06 19:20,0.000
06/21/06 19:25,0.000
06/21/06 19:30,0.000
06/21/06 19:35,0.000
06/21/06 19:40,0.000
06/21/06 19:45,0.000
06/21/06 19:50,0.000
06/21/06 19:55,0.000
06/21/06 20:00,0.000
06/21/06 20:05,0.000
06/21/06 20:10,0.000
06/21/06 20:15,0.000
06/21/06 20:20,0.000
06/21/06 20:25,0.000
06/21/06 20:30,0.000
06/21/06 20:35,0.000
06/21/06 20:40,0.000
06/21/06 20:45,0.000
06/21/06 20:50,0.000
06/21/06 20:55,0.000
06/21/06 21:00,0.000
06/21/06 21:05,0.000
06/21/06 21:10,0.000
06/21/06 21:15,0.000
06/21/06 21:20,0.000
06/21/06 21:25,0.000
06/21/06 21:30,0.000
06/21/06 21:35,0.000
06/21/06 21:40,0.000
06/21/06 21:45,0.000
06/21/06 21:50,0.000
06/21/06 21:55,0.000
06/21/06 22:00,0.000
06/21/06 22:05,0.000
06/21/06 22:10,0.000
06/21/06 22:15,0.000
06/21/06 22:20,0.000
06/21/06 22:25,0.000
06/21/06 22:30,0.000
06/21/06 22:35,0.000
06/21/06 22:40,0.000
06/21/06 22:45,0.000
06/21/06 22:50,0.000
06/21/06 22:55,0.000
06/21/06 23:00,0.000
06/21/06 23:05,0.000
06/21/06 23:10,0.000
06/21/06 23:15,0.000
06/21/06 23:20,0.000
06/21/06 23:25,0.000
06/21/06 23:30,0.000
06/21/06 23:35,0.000
06/21/06 23:40,0.000
06/21/06 23:45,0.000
06/21/06 23:50,0.000
06/21/06 23:55,0.000
06/22/06 00:00,0.000
06/22/06 00:05,0.000
06/22/06 00:10,0.000
06/22/06 00:15,0.000
06/22/06 00:20,0.000
06/22/06 00:25,0.000
06/22/06 00:30,0.000
06/22/06 00:35,0.000
06/22/06 00:40,0.000
06/22/06 00:45,0.000
06/22/06 00:50,0.000
06/22/06 00:55,0.000
06/22/06 01:00,0.000
06/22/06 01:05,0.000
06/22/06 01:10,0.000
06/22/06 01:15,0.000
06/22/06 01:20,0.000
06/22/06 01:25,0.000
06/22/06 01:30,0.000
06/22/06 01:35,0.000
06/22/06 01:40,0.000
06/22/06 01:45,0.000
06/22/06 01:50,0.000
06/22/06 01:55,0.000
06/22/06 02:00,0.000
06/22/06 02:05,0.000
06/22/06 02:10,0.000
06/22/06 02:15,0.000
06/22/06 02:20,0.000
06/22/06 02:25,0.000
06/22/06 02:30,0.000
06/22/06 02:35,0.000
06/22/06 02:40,0.000
06/22/06 02:45,0.000
06/22/06 02:50,0.000
06/22/06 02:55,0.000
06/22/06 03:00,0.000
06/22/06 03:05,0.000
06/22/06 03:10,0.000
06/22/06 03:15,0.000
06/22/06 03:20,0.000
06/22/06 03:25,0.000
06/22/06 03:30,0.000
06/22/06 03:35,0.000
06/22/06 03:40,0.000
06/22/06 03:45,0.000
06/22/06 03:50,0.000
06/22/06 03:55,0.000
06/22/06 04:00,0.000
06/22/06 04:05,0.000
06/22/06 04:10,0.000
06/22/06 04:15,0.000
06/22/06 04:20,0.000
06/22/06 04:25,0.000
06/22/06 04:30,0.000
06/22/06 04:35,0.000
06/22/06 04:40,0.000
06/22/06 04:45,0.001
06/22/06 04:50,0.001
06/22/06 04:55,0.001
06/22/06 05:00,0.001
06/22/06 05:05,0.002
06/22/06 05:10,0.003
06/22/06 05:15,0.004
06/22/06 05:20,0.007
06/22/06 05:25,0.012
06/22/06 05:30,0.019
06/22/06 05:35,0.032
06/22/06 05:40,0.054
06/22/06 05:45,0.078
06/22/06 05:50,0.088
06/22/06 05:55,0.099
06/22/06 06:00,0.110
06/22/06 06:05,0.121
06/22/06 06:10,0.133
06/22/06 06:15,0.145
06/22/06 06:20,0.158
06/22/06 06:25,0.170
06/22/06 06:30,0.183
06/22/06 06:35,0.196
06/22/06 06:40,0.208
06/22/06 06:45,0.220
06/22/06 06:50,0.232
06/22/06 06:55,0.245
06/22/06 07:00,0.259
06/22/06 07:05,0.272
06/22/06 07:10,0.286
06/22/06 07:15,0.299
06/22/06 07:20,0.311
06/22/06 07:25,0.324
06/22/06 07:30,0.335
06/22/06 07:35,0.346
06/22/06 07:40,0.356
06/22/06 07:45,0.367
06/22/06 07:50,0.377
06/22/06 07:55,0.386
06/22/06 08:00,0.389
06/22/06 08:05,0.394
06/22/06 08:10,0.396
06/22/06 08:15,0.399
06/22/06 08:20,0.404
06/22/06 08:25,0.411
06/22/06 08:30,0.418
06/22/06 08:35,0.424
06/22/06 08:40,0.430
06/22/06 08:45,0.440
06/22/06 08:50,0.450
06/22/06 08:55,0.459
06/22/06 09:00,0.465
06/22/06 09:05,0.472
06/22/06 09:10,0.480
06/22/06 09:15,0.487
06/22/06 09:20,0.492
06/22/06 09:25,0.497
06/22/06 09:30,0.500
06/22/06 09:35,0.506
06/22/06 09:40,0.512
06/22/06 09:45,0.518
06/22/06 09:50,0.521
06/22/06 09:55,0.522
06/22/06 10:00,0.530
06/22/06 10:05,0.538
06/22/06 10:10,0.544
06/22/06 10:15,0.551
06/22/06 10:20,0.557
06/22/06 10:25,0.562
06/22/06 10:30,0.566
06/22/06 10:35,0.570
06/22/06 10:40,0.572
06/22/06 10:45,0.574
06/22/06 10:50,0.575
06/22/06 10:55,0.577
06/22/06 11:00,0.579
06/22/06 11:05,0.580
06/22/06 11:10,0.581
06/22/06 11:15,0.585
06/22/06 11:20,0.588
06/22/06 11:25,0.590
06/22/06 11:30,0.591
06/22/06 11:35,0.592
06/22/06 11:40,0.593
06/22/06 11:45,0.593
06/22/06 11:50,0.594
06/22/06 11:55,0.594
06/22/06 12:00,0.593
06/22/06 12:05,0.593
06/22/06 12:10,0.593
06/22/06 12:15,0.595
06/22/06 12:20,0.596
06/22/06 12:25,0.596
06/22/06 12:30,0.595
06/22/06 12:35,0.594
06/22/06 12:40,0.593
06/22/06 12:45,0.591
06/22/06 12:50,0.591
06/22/06 12:55,0.589
06/22/06 13:00,0.586
06/22/06 13:05,0.582
06/22/06 13:10,0.577
06/22/06 13:15,0.572
06/22/06 13:20,0.567
06/22/06 13:25,0.562
06/22/06 13:30,0.557
06/22/06 13:35,0.555
06/22/06 13:40,0.551
06/22/06 13:45,0.547
06/22/06 13:50,0.543
06/22/06 13:55,0.537
06/22/06 14:00,0.532
06/22/06 14:05,0.525
06/22/06 14:10,0.517
06/22/06 14:15,0.511
06/22/06 14:20,0.504
06/22/06 14:25,0.497
06/22/06 14:30,0.488
06/22/06 14:35,0.480
06/22/06 14:40,0.472
06/22/06 14:45,0.463
06/22/06 14:50,0.452
06/22/06 14:55,0.441
06/22/06 15:00,0.429
06/22/06 15:05,0.415
06/22/06 15:10,0.402
06/22/06 15:15,0.389
06/22/06 15:20,0.377
06/22/06 15:25,0.365
06/22/06 15:30,0.355
06/22/06 15:35,0.341
06/22/06 15:40,0.331
06/22/06 15:45,0.321
06/22/06 15:50,0.312
06/22/06 15:55,0.302
06/22/06 16:00,0.292
06/22/06 16:05,0.282
06/22/06 16:10,0.271
06/22/06 16:15,0.259
06/22/06 16:20,0.247
06/22/06 16:25,0.236
06/22/06 16:30,0.225
06/22/06 16:35,0.215
06/22/06 16:40,0.206
06/22/06 16:45,0.198
06/22/06 16:50,0.188
06/22/06 16:55,0.178
06/22/06 17:00,0.168
06/22/06 17:05,0.158
06/22/06 17:10,0.148
06/22/06 17:15,0.139
06/22/06 17:20,0.129
06/22/06 17:25,0.120
06/22/06 17:30,0.110
06/22/06 17:35,0.101
06/22/06 17:40,0.093
06/22/06 17:45,0.086
06/22/06 17:50,0.079
06/22/06 17:55,0.069
06/22/06 18:00,0.047
06/22/06 18:05,0.031
06/22/06 18:10,0.020
06/22/06 18:15,0.013
06/22/06 18:20,0.008
06/22/06 18:25,0.005
06/22/06 18:30,0.003
06/22/06 18:35,0.002
06/22/06 18:40,0.001
06/22/06 18:45,0.001
06/22/06 18:50,0.001
06/22/06 18:55,0.000
06/22/06 19:00,0.000
06/22/06 19:05,0.000
06/22/06 19:10,0.000
06/22/06 19:15,0.000
06/22/06 19:20,0.000
06/22/06 19:25,0.000
06/22/06 19:30,0.000
06/22/06 19:35,0.000
06/22/06 19:40,0.000
06/22/06 19:45,0.000
06/22/06 19:50,0.000
06/22/06 19:55,0.000
06/22/06 20:00,0.000
06/22/06 20:05,0.000
06/22/06 20:10,0.000
06/22/06 20:15,0.000
06/22/06 20:20,0.000
06/22/06 20:25,0.000
06/22/06 20:30,0.000
06/22/06 20:35,0.000
06/22/06 20:40,0.000
06/22/06 20:45,0.000
06/22/06 20:50,0.000
06/22/06 20:55,0.000
06/22/06 21:00,0.000
06/22/06 21:05,0.000
06/22/06 21:10,0.000
06/22/06 21:15,0.000
06/22/06 21:20,0.000
06/22/06 21:25,0.000
06/22/06 21:30,0.000
06/22/06 21:35,0.000
06/22/06 21:40,0.000
06/22/06 21:45,0.000
06/22/06 21:50,0.000
06/22/06 21:55,0.000
06/22/06 22:00,0.000
06/22/06 22:05,0.000
06/22/06 22:10,0.000
06/22/06 22:15,0.000
06/22/06 22:20,0.000
06/22/06 22:25,0.000
06/22/06 22:30,0.000
06/22/06 22:35,0.000
06/22/06 22:40,0.000
06/22/06 22:45,0.000
06/22/06 22:50,0.000
06/22/06 22:55,0.000
06/22/06 23:00,0.000
06/22/06 23:05,0.000
06/22/06 23:10,0.000
06/22/06 23:15,0.000
06/22/06 23:20,0.000
06/22/06 23:25,0.000
06/22/06 23:30,0.000
06/22/06 23:35,0.000
06/22/06 23:40,0.000
06/22/06 23:45,0.000
06/22/06 23:50,0.000
06/22/06 23:55,0.000
06/23/06 00:00,0.000
06/23/06 00:05,0.000
06/23/06 00:10,0.000
06/23/06 00:15,0.000
06/23/06 00:20,0.000
06/23/06 00:25,0.000
06/23/06 00:30,0.000
06/23/06 00:35,0.000
06/23/06 00:40,0.000
06/23/06 00:45,0.000
06/23/06 00:50,0.000
06/23/06 00:55,0.000
06/23/06 01:00,0.000
06/23/06 01:05,0.000
06/23/06 01:10,0.000
06/23/06 01:15,0.000
06/23/06 01:20,0.000
06/23/06 01:25,0.000
06/23/06 01:30,0.000
06/23/06 01:35,0.000
06/23/06 01:40,0.000
06/23/06 01:45,0.000
06/23/06 01:50,0.000
06/23/06 01:55,0.000
06/23/06 02:00,0.000
06/23/06 02:05,0.000
06/23/06 02:10,0.000
06/23/06 02:15,0.000
06/23/06 02:20,0.000
06/23/06 02:25,0.000
06/23/06 02:30,0.000
06/23/06 02:35,0.000
06/23/06 02:40,0.000
06/23/06 02:45,0.000
06/23/06 02:50,0.000
06/23/06 02:55,0.000
06/23/06 03:00,0.000
06/23/06 03:05,0.000
06/23/06 03:10,0.000
06/23/06 03:15,0.000
06/23/06 03:20,0.000
06/23/06 03:25,0.000
06/23/06 03:30,0.000
06/23/06 03:35,0.000
06/23/06 03:40,0.000
06/23/06 03:45,0.000
06/23/06 03:50,0.000
06/23/06 03:55,0.000
06/23/06 04:00,0.000
06/23/06 04:05,0.000
06/23/06 04:10,0.000
06/23/06 04:15,0.000
06/23/06 04:20,0.000
06/23/06 04:25,0.000
06/23/06 04:30,0.000
06/23/06 04:35,0.000
06/23/06 04:40,0.000
06/23/06 04:45,0.001
06/23/06 04:50,0.001
06/23/06 04:55,0.001
06/23/06 05:00,0.001
06/23/06 05:05,0.002
06/23/06 05:10,0.003
06/23/06 05:15,0.005
06/23/06 05:20,0.008
06/23/06 05:25,0.013
06/23/06 05:30,0.020
06/23/06 05:35,0.034
06/23/06 05:40,0.055
06/23/06 05:45,0.077
06/23/06 05:50,0.086
06/23/06 05:55,0.096
06/23/06 06:00,0.107
06/23/06 06:05,0.119
06/23/06 06:10,0.131
06/23/06 06:15,0.143
06/23/06 06:20,0.155
06/23/06 06:25,0.166
06/23/06 06:30,0.177
06/23/06 06:35,0.189
06/23/06 06:40,0.201
06/23/06 06:45,0.213
06/23/06 06:50,0.225
06/23/06 06:55,0.237
06/23/06 07:00,0.252
06/23/06 07:05,0.266
06/23/06 07:10,0.279
06/23/06 07:15,0.291
06/23/06 07:20,0.302
06/23/06 07:25,0.313
06/23/06 07:30,0.322
06/23/06 07:35,0.330
06/23/06 07:40,0.338
06/23/06 07:45,0.348
06/23/06 07:50,0.359
06/23/06 07:55,0.368
06/23/06 08:00,0.375
06/23/06 08:05,0.384
06/23/06 08:10,0.398
06/23/06 08:15,0.412
06/23/06 08:20,0.425
06/23/06 08:25,0.436
06/23/06 08:30,0.445
06/23/06 08:35,0.452
06/23/06 08:40,0.455
06/23/06 08:45,0.459
06/23/06 08:50,0.460
06/23/06 08:55,0.461
06/23/06 09:00,0.461
06/23/06 09:05,0.465
06/23/06 09:10,0.471
06/23/06 09:15,0.476
06/23/06 09:20,0.480
06/23/06 09:25,0.482
06/23/06 09:30,0.485
06/23/06 09:35,0.487
06/23/06 09:40,0.487
06/23/06 09:45,0.487
06/23/06 09:50,0.488
06/23/06 09:55,0.490
06/23/06 10:00,0.490
06/23/06 10:05,0.494
06/23/06 10:10,0.502
06/23/06 10:15,0.509
06/23/06 10:20,0.515
06/23/06 10:25,0.520
06/23/06 10:30,0.527
06/23/06 10:35,0.533
06/23/06 10:40,0.540
06/23/06 10:45,0.551
06/23/06 10:50,0.562
06/23/06 10:55,0.577
06/23/06 11:00,0.578
06/23/06 11:05,0.571
06/23/06 11:10,0.569
06/23/06 11:15,0.559
06/23/06 11:20,0.542
06/23/06 11:25,0.525
06/23/06 11:30,0.512
06/23/06 11:35,0.506
06/23/06 11:40,0.502
06/23/06 11:45,0.501
06/23/06 11:50,0.505
06/23/06 11:55,0.515
06/23/06 12:00,0.536
06/23/06 12:05,0.553
06/23/06 12:10,0.561
06/23/06 12:15,0.566
06/23/06 12:20,0.569
06/23/06 12:25,0.568
06/23/06 12:30,0.568
06/23/06 12:35,0.567
06/23/06 12:40,0.566
06/23/06 12:45,0.566
06/23/06 12:50,0.564
06/23/06 12:55,0.562
06/23/06 13:00,0.559
06/23/06 13:05,0.559
06/23/06 13:10,0.558
06/23/06 13:15,0.556
06/23/06 13:20,0.552
06/23/06 13:25,0.548
06/23/06 13:30,0.543
06/23/06 13:35,0.538
06/23/06 13:40,0.532
06/23/06 13:45,0.525
06/23/06 13:50,0.518
06/23/06 13:55,0.511
06/23/06 14:00,0.505
06/23/06 14:05,0.502
06/23/06 14:10,0.499
06/23/06 14:15,0.498
06/23/06 14:20,0.498
06/23/06 14:25,0.497
06/23/06 14:30,0.497
06/23/06 14:35,0.494
06/23/06 14:40,0.490
06/23/06 14:45,0.484
06/23/06 14:50,0.478
06/23/06 14:55,0.471
06/23/06 15:00,0.463
06/23/06 15:05,0.454
06/23/06 15:10,0.442
06/23/06 15:15,0.430
06/23/06 15:20,0.419
06/23/06 15:25,0.408
06/23/06 15:30,0.398
06/23/06 15:35,0.384
06/23/06 15:40,0.371
06/23/06 15:45,0.354
06/23/06 15:50,0.339
06/23/06 15:55,0.325
06/23/06 16:00,0.312
06/23/06 16:05,0.300
06/23/06 16:10,0.289
06/23/06 16:15,0.276
06/23/06 16:20,0.264
06/23/06 16:25,0.252
06/23/06 16:30,0.240
06/23/06 16:35,0.228
06/23/06 16:40,0.216
06/23/06 16:45,0.205
06/23/06 16:50,0.193
06/23/06 16:55,0.182
06/23/06 17:00,0.171
06/23/06 17:05,0.160
06/23/06 17:10,0.150
06/23/06 17:15,0.140
06/23/06 17:20,0.131
06/23/06 17:25,0.122
06/23/06 17:30,0.114
06/23/06 17:35,0.105
06/23/06 17:40,0.096
06/23/06 17:45,0.089
06/23/06 17:50,0.080
06/23/06 17:55,0.073
06/23/06 18:00,0.052
06/23/06 18:05,0.035
06/23/06 18:10,0.024
06/23/06 18:15,0.016
06/23/06 18:20,0.010
06/23/06 18:25,0.005
06/23/06 18:30,0.003
06/23/06 18:35,0.002
06/23/06 18:40,0.001
06/23/06 18:45,0.001
06/23/06 18:50,0.001
06/23/06 18:55,0.001
06/23/06 19:00,0.000
06/23/06 19:05,0.000
06/23/06 19:10,0.000
06/23/06 19:15,0.000
06/23/06 19:20,0.000
06/23/06 19:25,0.000
06/23/06 19:30,0.000
06/23/06 19:35,0.000
06/23/06 19:40,0.000
06/23/06 19:45,0.000
06/23/06 19:50,0.000
06/23/06 19:55,0.000
06/23/06 20:00,0.000
06/23/06 20:05,0.000
06/23/06 20:10,0.000
06/23/06 20:15,0.000
06/23/06 20:20,0.000
06/23/06 20:25,0.000
06/23/06 20:30,0.000
06/23/06 20:35,0.000
06/23/06 20:40,0.000
06/23/06 20:45,0.000
06/23/06 20:50,0.000
06/23/06 20:55,0.000
06/23/06 21:00,0.000
06/23/06 21:05,0.000
06/23/06 21:10,0.000
06/23/06 21:15,0.000
06/23/06 21:20,0.000
06/23/06 21:25,0.000
06/23/06 21:30,0.000
06/23/06 21:35,0.000
06/23/06 21:40,0.000
06/23/06 21:45,0.000
06/23/06 21:50,0.000
06/23/06 21:55,0.000
06/23/06 22:00,0.000
06/23/06 22:05,0.000
06/23/06 22:10,0.000
06/23/06 22:15,0.000
06/23/06 22:20,0.000
06/23/06 22:25,0.000
06/23/06 22:30,0.000
06/23/06 22:35,0.000
06/23/06 22:40,0.000
06/23/06 22:45,0.000
06/23/06 22:50,0.000
06/23/06 22:55,0.000
06/23/06 23:00,0.000
06/23/06 23:05,0.000
06/23/06 23:10,0.000
06/23/06 23:15,0.000
06/23/06 23:20,0.000
06/23/06 23:25,0.000
06/23/06 23:30,0.000
06/23/06 23:35,0.000
06/23/06 23:40,0.000
06/23/06 23:45,0.000
06/23/06 23:50,0.000
06/23/06 23:55,0.000
06/24/06 00:00,0.000
06/24/06 00:05,0.000
06/24/06 00:10,0.000
06/24/06 00:15,0.000
06/24/06 00:20,0.000
06/24/06 00:25,0.000
06/24/06 00:30,0.000
06/24/06 00:35,0.000
06/24/06 00:40,0.000
06/24/06 00:45,0.000
06/24/06 00:50,0.000
06/24/06 00:55,0.000
06/24/06 01:00,0.000
06/24/06 01:05,0.000
06/24/06 01:10,0.000
06/24/06 01:15,0.000
06/24/06 01:20,0.000
06/24/06 01:25,0.000
06/24/06 01:30,0.000
06/24/06 01:35,0.000
06/24/06 01:40,0.000
06/24/06 01:45,0.000
06/24/06 01:50,0.000
06/24/06 01:55,0.000
06/24/06 02:00,0.000
06/24/06 02:05,0.000
06/24/06 02:10,0.000
06/24/06 02:15,0.000
06/24/06 02:20,0.000
06/24/06 02:25,0.000
06/24/06 02:30,0.000
06/24/06 02:35,0.000
06/24/06 02:40,0.000
06/24/06 02:45,0.000
06/24/06 02:50,0.000
06/24/06 02:55,0.000
06/24/06 03:00,0.000
06/24/06 03:05,0.000
06/24/06 03:10,0.000
06/24/06 03:15,0.000
06/24/06 03:20,0.000
06/24/06 03:25,0.000
06/24/06 03:30,0.000
06/24/06 03:35,0.000
06/24/06 03:40,0.000
06/24/06 03:45,0.000
06/24/06 03:50,0.000
06/24/06 03:55,0.000
06/24/06 04:00,0.000
06/24/06 04:05,0.000
06/24/06 04:10,0.000
06/24/06 04:15,0.000
06/24/06 04:20,0.000
06/24/06 04:25,0.000
06/24/06 04:30,0.000
06/24/06 04:35,0.000
06/24/06 04:40,0.000
06/24/06 04:45,0.001
06/24/06 04:50,0.001
06/24/06 04:55,0.001
06/24/06 05:00,0.002
06/24/06 05:05,0.002
06/24/06 05:10,0.003
06/24/06 05:15,0.005
06/24/06 05:20,0.008
06/24/06 05:25,0.013
06/24/06 05:30,0.022
06/24/06 05:35,0.037
06/24/06 05:40,0.060
06/24/06 05:45,0.079
06/24/06 05:50,0.089
06/24/06 05:55,0.098
06/24/06 06:00,0.108
06/24/06 06:05,0.119
06/24/06 06:10,0.131
06/24/06 06:15,0.143
06/24/06 06:20,0.155
06/24/06 06:25,0.168
06/24/06 06:30,0.180
06/24/06 06:35,0.193
06/24/06 06:40,0.205
06/24/06 06:45,0.216
06/24/06 06:50,0.226
06/24/06 06:55,0.235
06/24/06 07:00,0.251
06/24/06 07:05,0.270
06/24/06 07:10,0.283
06/24/06 07:15,0.279
06/24/06 07:20,0.273
06/24/06 07:25,0.266
06/24/06 07:30,0.259
06/24/06 07:35,0.261
06/24/06 07:40,0.268
06/24/06 07:45,0.269
06/24/06 07:50,0.260
06/24/06 07:55,0.255
06/24/06 08:00,0.284
06/24/06 08:05,0.314
06/24/06 08:10,0.339
06/24/06 08:15,0.355
06/24/06 08:20,0.369
06/24/06 08:25,0.378
06/24/06 08:30,0.387
06/24/06 08:35,0.398
06/24/06 08:40,0.409
06/24/06 08:45,0.421
06/24/06 08:50,0.430
06/24/06 08:55,0.439
06/24/06 09:00,0.442
06/24/06 09:05,0.445
06/24/06 09:10,0.448
06/24/06 09:15,0.448
06/24/06 09:20,0.450
06/24/06 09:25,0.454
06/24/06 09:30,0.459
06/24/06 09:35,0.463
06/24/06 09:40,0.468
06/24/06 09:45,0.469
06/24/06 09:50,0.473
06/24/06 09:55,0.478
06/24/06 10:00,0.484
06/24/06 10:05,0.488
06/24/06 10:10,0.493
06/24/06 10:15,0.496
06/24/06 10:20,0.495
06/24/06 10:25,0.494
06/24/06 10:30,0.495
06/24/06 10:35,0.496
06/24/06 10:40,0.500
06/24/06 10:45,0.507
06/24/06 10:50,0.511
06/24/06 10:55,0.514
06/24/06 11:00,0.515
06/24/06 11:05,0.516
06/24/06 11:10,0.516
06/24/06 11:15,0.515
06/24/06 11:20,0.513
06/24/06 11:25,0.511
06/24/06 11:30,0.508
06/24/06 11:35,0.507
06/24/06 11:40,0.505
06/24/06 11:45,0.503
06/24/06 11:50,0.502
06/24/06 11:55,0.505
06/24/06 12:00,0.513
06/24/06 12:05,0.522
06/24/06 12:10,0.531
06/24/06 12:15,0.535
06/24/06 12:20,0.537
06/24/06 12:25,0.540
06/24/06 12:30,0.542
06/24/06 12:35,0.545
06/24/06 12:40,0.547
06/24/06 12:45,0.552
06/24/06 12:50,0.558
06/24/06 12:55,0.561
06/24/06 13:00,0.561
06/24/06 13:05,0.558
06/24/06 13:10,0.554
06/24/06 13:15,0.550
06/24/06 13:20,0.546
06/24/06 13:25,0.540
06/24/06 13:30,0.533
06/24/06 13:35,0.526
06/24/06 13:40,0.519
06/24/06 13:45,0.511
06/24/06 13:50,0.503
06/24/06 13:55,0.496
06/24/06 14:00,0.492
06/24/06 14:05,0.490
06/24/06 14:10,0.487
06/24/06 14:15,0.487
06/24/06 14:20,0.487
06/24/06 14:25,0.486
06/24/06 14:30,0.485
06/24/06 14:35,0.484
06/24/06 14:40,0.482
06/24/06 14:45,0.479
06/24/06 14:50,0.476
06/24/06 14:55,0.474
06/24/06 15:00,0.468
06/24/06 15:05,0.459
06/24/06 15:10,0.447
06/24/06 15:15,0.435
06/24/06 15:20,0.423
06/24/06 15:25,0.412
06/24/06 15:30,0.401
06/24/06 15:35,0.387
06/24/06 15:40,0.375
06/24/06 15:45,0.364
06/24/06 15:50,0.352
06/24/06 15:55,0.340
06/24/06 16:00,0.329
06/24/06 16:05,0.318
06/24/06 16:10,0.307
06/24/06 16:15,0.295
06/24/06 16:20,0.283
06/24/06 16:25,0.272
06/24/06 16:30,0.260
06/24/06 16:35,0.248
06/24/06 16:40,0.237
06/24/06 16:45,0.225
06/24/06 16:50,0.214
06/24/06 16:55,0.203
06/24/06 17:00,0.192
06/24/06 17:05,0.181
06/24/06 17:10,0.169
06/24/06 17:15,0.160
06/24/06 17:20,0.149
06/24/06 17:25,0.139
06/24/06 17:30,0.128
06/24/06 17:35,0.118
06/24/06 17:40,0.108
06/24/06 17:45,0.099
06/24/06 17:50,0.091
06/24/06 17:55,0.083
06/24/06 18:00,0.073
06/24/06 18:05,0.042
06/24/06 18:10,0.024
06/24/06 18:15,0.013
06/24/06 18:20,0.007
06/24/06 18:25,0.004
06/24/06 18:30,0.002
06/24/06 18:35,0.001
06/24/06 18:40,0.001
06/24/06 18:45,0.001
06/24/06 18:50,0.000
06/24/06 18:55,0.000
06/24/06 19:00,0.000
06/24/06 19:05,0.000
06/24/06 19:10,0.000
06/24/06 19:15,0.000
06/24/06 19:20,0.000
06/24/06 19:25,0.000
06/24/06 19:30,0.000
06/24/06 19:35,0.000
06/24/06 19:40,0.000
06/24/06 19:45,0.000
06/24/06 19:50,0.000
06/24/06 19:55,0.000
06/24/06 20:00,0.000
06/24/06 20:05,0.000
06/24/06 20:10,0.000
06/24/06 20:15,0.000
06/24/06 20:20,0.000
06/24/06 20:25,0.000
06/24/06 20:30,0.000
06/24/06 20:35,0.000
06/24/06 20:40,0.000
06/24/06 20:45,0.000
06/24/06 20:50,0.000
06/24/06 20:55,0.000
06/24/06 21:00,0.000
06/24/06 21:05,0.000
06/24/06 21:10,0.000
06/24/06 21:15,0.000
06/24/06 21:20,0.000
06/24/06 21:25,0.000
06/24/06 21:30,0.000
06/24/06 21:35,0.000
06/24/06 21:40,0.000
06/24/06 21:45,0.000
06/24/06 21:50,0.000
06/24/06 21:55,0.000
06/24/06 22:00,0.000
06/24/06 22:05,0.000
06/24/06 22:10,0.000
06/24/06 22:15,0.000
06/24/06 22:20,0.000
06/24/06 22:25,0.000
06/24/06 22:30,0.000
06/24/06 22:35,0.000
06/24/06 22:40,0.000
06/24/06 22:45,0.000
06/24/06 22:50,0.000
06/24/06 22:55,0.000
06/24/06 23:00,0.000
06/24/06 23:05,0.000
06/24/06 23:10,0.000
06/24/06 23:15,0.000
06/24/06 23:20,0.000
06/24/06 23:25,0.000
06/24/06 23:30,0.000
06/24/06 23:35,0.000
06/24/06 23:40,0.000
06/24/06 23:45,0.000
06/24/06 23:50,0.000
06/24/06 23:55,0.000
06/25/06 00:00,0.000
06/25/06 00:05,0.000
06/25/06 00:10,0.000
06/25/06 00:15,0.000
06/25/06 00:20,0.000
06/25/06 00:25,0.000
06/25/06 00:30,0.000
06/25/06 00:35,0.000
06/25/06 00:40,0.000
06/25/06 00:45,0.000
06/25/06 00:50,0.000
06/25/06 00:55,0.000
06/25/06 01:00,0.000
06/25/06 01:05,0.000
06/25/06 01:10,0.000
06/25/06 01:15,0.000
06/25/06 01:20,0.000
06/25/06 01:25,0.000
06/25/06 01:30,0.000
06/25/06 01:35,0.000
06/25/06 01:40,0.000
06/25/06 01:45,0.000
06/25/06 01:50,0.000
06/25/06 01:55,0.000
06/25/06 02:00,0.000
06/25/06 02:05,0.000
06/25/06 02:10,0.000
06/25/06 02:15,0.000
06/25/06 02:20,0.000
06/25/06 02:25,0.000
06/25/06 02:30,0.000
06/25/06 02:35,0.000
06/25/06 02:40,0.000
06/25/06 02:45,0.000
06/25/06 02:50,0.000
06/25/06 02:55,0.000
06/25/06 03:00,0.000
06/25/06 03:05,0.000
06/25/06 03:10,0.000
06/25/06 03:15,0.000
06/25/06 03:20,0.000
06/25/06 03:25,0.000
06/25/06 03:30,0.000
06/25/06 03:35,0.000
06/25/06 03:40,0.000
06/25/06 03:45,0.000
06/25/06 03:50,0.000
06/25/06 03:55,0.000
06/25/06 04:00,0.000
06/25/06 04:05,0.000
06/25/06 04:10,0.000
06/25/06 04:15,0.000
06/25/06 04:20,0.000
06/25/06 04:25,0.000
06/25/06 04:30,0.000
06/25/06 04:35,0.000
06/25/06 04:40,0.000
06/25/06 04:45,0.001
06/25/06 04:50,0.001
06/25/06 04:55,0.001
06/25/06 05:00,0.001
06/25/06 05:05,0.002
06/25/06 05:10,0.003
06/25/06 05:15,0.004
06/25/06 05:20,0.008
06/25/06 05:25,0.013
06/25/06 05:30,0.022
06/25/06 05:35,0.036
06/25/06 05:40,0.058
06/25/06 05:45,0.078
06/25/06 05:50,0.087
06/25/06 05:55,0.097
06/25/06 06:00,0.107
06/25/06 06:05,0.118
06/25/06 06:10,0.129
06/25/06 06:15,0.140
06/25/06 06:20,0.151
06/25/06 06:25,0.163
06/25/06 06:30,0.174
06/25/06 06:35,0.187
06/25/06 06:40,0.201
06/25/06 06:45,0.216
06/25/06 06:50,0.229
06/25/06 06:55,0.243
06/25/06 07:00,0.255
06/25/06 07:05,0.266
06/25/06 07:10,0.277
06/25/06 07:15,0.287
06/25/06 07:20,0.297
06/25/06 07:25,0.306
06/25/06 07:30,0.313
06/25/06 07:35,0.322
06/25/06 07:40,0.332
06/25/06 07:45,0.341
06/25/06 07:50,0.346
06/25/06 07:55,0.353
06/25/06 08:00,0.363
06/25/06 08:05,0.374
06/25/06 08:10,0.387
06/25/06 08:15,0.396
06/25/06 08:20,0.404
06/25/06 08:25,0.411
06/25/06 08:30,0.420
06/25/06 08:35,0.429
06/25/06 08:40,0.438
06/25/06 08:45,0.446
06/25/06 08:50,0.456
06/25/06 08:55,0.465
06/25/06 09:00,0.465
06/25/06 09:05,0.467
06/25/06 09:10,0.470
06/25/06 09:15,0.472
06/25/06 09:20,0.474
06/25/06 09:25,0.479
06/25/06 09:30,0.485
06/25/06 09:35,0.491
06/25/06 09:40,0.496
06/25/06 09:45,0.499
06/25/06 09:50,0.501
06/25/06 09:55,0.507
06/25/06 10:00,0.513
06/25/06 10:05,0.521
06/25/06 10:10,0.527
06/25/06 10:15,0.532
06/25/06 10:20,0.536
06/25/06 10:25,0.539
06/25/06 10:30,0.545
06/25/06 10:35,0.548
06/25/06 10:40,0.550
06/25/06 10:45,0.551
06/25/06 10:50,0.552
06/25/06 10:55,0.554
06/25/06 11:00,0.556
06/25/06 11:05,0.557
06/25/06 11:10,0.558
06/25/06 11:15,0.556
06/25/06 11:20,0.557
06/25/06 11:25,0.558
06/25/06 11:30,0.560
06/25/06 11:35,0.561
06/25/06 11:40,0.562
06/25/06 11:45,0.562
06/25/06 11:50,0.561
06/25/06 11:55,0.560
06/25/06 12:00,0.559
06/25/06 12:05,0.558
06/25/06 12:10,0.556
06/25/06 12:15,0.555
06/25/06 12:20,0.553
06/25/06 12:25,0.548
06/25/06 12:30,0.544
06/25/06 12:35,0.540
06/25/06 12:40,0.537
06/25/06 12:45,0.536
06/25/06 12:50,0.533
06/25/06 12:55,0.531
06/25/06 13:00,0.530
06/25/06 13:05,0.527
06/25/06 13:10,0.523
06/25/06 13:15,0.518
06/25/06 13:20,0.513
06/25/06 13:25,0.507
06/25/06 13:30,0.503
06/25/06 13:35,0.496
06/25/06 13:40,0.488
06/25/06 13:45,0.480
06/25/06 13:50,0.473
06/25/06 13:55,0.469
06/25/06 14:00,0.466
06/25/06 14:05,0.462
06/25/06 14:10,0.458
06/25/06 14:15,0.453
06/25/06 14:20,0.449
06/25/06 14:25,0.445
06/25/06 14:30,0.441
06/25/06 14:35,0.437
06/25/06 14:40,0.432
06/25/06 14:45,0.427
06/25/06 14:50,0.421
06/25/06 14:55,0.416
06/25/06 15:00,0.414
06/25/06 15:05,0.409
06/25/06 15:10,0.403
06/25/06 15:15,0.395
06/25/06 15:20,0.387
06/25/06 15:25,0.381
06/25/06 15:30,0.372
06/25/06 15:35,0.359
06/25/06 15:40,0.348
06/25/06 15:45,0.337
06/25/06 15:50,0.324
06/25/06 15:55,0.312
06/25/06 16:00,0.301
06/25/06 16:05,0.291
06/25/06 16:10,0.281
06/25/06 16:15,0.271
06/25/06 16:20,0.262
06/25/06 16:25,0.252
06/25/06 16:30,0.242
06/25/06 16:35,0.230
06/25/06 16:40,0.219
06/25/06 16:45,0.207
06/25/06 16:50,0.196
06/25/06 16:55,0.184
06/25/06 17:00,0.174
06/25/06 17:05,0.164
06/25/06 17:10,0.154
06/25/06 17:15,0.144
06/25/06 17:20,0.133
06/25/06 17:25,0.123
06/25/06 17:30,0.113
06/25/06 17:35,0.103
06/25/06 17:40,0.094
06/25/06 17:45,0.085
06/25/06 17:50,0.076
06/25/06 17:55,0.059
06/25/06 18:00,0.037
06/25/06 18:05,0.023
06/25/06 18:10,0.013
06/25/06 18:15,0.008
06/25/06 18:20,0.005
06/25/06 18:25,0.003
06/25/06 18:30,0.002
06/25/06 18:35,0.001
06/25/06 18:40,0.001
06/25/06 18:45,0.001
06/25/06 18:50,0.000
06/25/06 18:55,0.000
06/25/06 19:00,0.000
06/25/06 19:05,0.000
06/25/06 19:10,0.000
06/25/06 19:15,0.000
06/25/06 19:20,0.000
06/25/06 19:25,0.000
06/25/06 19:30,0.000
06/25/06 19:35,0.000
06/25/06 19:40,0.000
06/25/06 19:45,0.000
06/25/06 19:50,0.000
06/25/06 19:55,0.000
06/25/06 20:00,0.000
06/25/06 20:05,0.000
06/25/06 20:10,0.000
06/25/06 20:15,0.000
06/25/06 20:20,0.000
06/25/06 20:25,0.000
06/25/06 20:30,0.000
06/25/06 20:35,0.000
06/25/06 20:40,0.000
06/25/06 20:45,0.000
06/25/06 20:50,0.000
06/25/06 20:55,0.000
06/25/06 21:00,0.000
06/25/06 21:05,0.000
06/25/06 21:10,0.000
06/25/06 21:15,0.000
06/25/06 21:20,0.000
06/25/06 21:25,0.000
06/25/06 21:30,0.000
06/25/06 21:35,0.000
06/25/06 21:40,0.000
06/25/06 21:45,0.000
06/25/06 21:50,0.000
06/25/06 21:55,0.000
06/25/06 22:00,0.000
06/25/06 22:05,0.000
06/25/06 22:10,0.000
06/25/06 22:15,0.000
06/25/06 22:20,0.000
06/25/06 22:25,0.000
06/25/06 22:30,0.000
06/25/06 22:35,0.000
06/25/06 22:40,0.000
06/25/06 22:45,0.000
06/25/06 22:50,0.000
06/25/06 22:55,0.000
06/25/06 23:00,0.000
06/25/06 23:05,0.000
06/25/06 23:10,0.000
06/25/06 23:15,0.000
06/25/06 23:20,0.000
06/25/06 23:25,0.000
06/25/06 23:30,0.000
06/25/06 23:35,0.000
06/25/06 23:40,0.000
06/25/06 23:45,0.000
06/25/06 23:50,0.000
06/25/06 23:55,0.000
06/26/06 00:00,0.000
06/26/06 00:05,0.000
06/26/06 00:10,0.000
06/26/06 00:15,0.000
06/26/06 00:20,0.000
06/26/06 00:25,0.000
06/26/06 00:30,0.000
06/26/06 00:35,0.000
06/26/06 00:40,0.000
06/26/06 00:45,0.000
06/26/06 00:50,0.000
06/26/06 00:55,0.000
06/26/06 01:00,0.000
06/26/06 01:05,0.000
06/26/06 01:10,0.000
06/26/06 01:15,0.000
06/26/06 01:20,0.000
06/26/06 01:25,0.000
06/26/06 01:30,0.000
06/26/06 01:35,0.000
06/26/06 01:40,0.000
06/26/06 01:45,0.000
06/26/06 01:50,0.000
06/26/06 01:55,0.000
06/26/06 02:00,0.000
06/26/06 02:05,0.000
06/26/06 02:10,0.000
06/26/06 02:15,0.000
06/26/06 02:20,0.000
06/26/06 02:25,0.000
06/26/06 02:30,0.000
06/26/06 02:35,0.000
06/26/06 02:40,0.000
06/26/06 02:45,0.000
06/26/06 02:50,0.000
06/26/06 02:55,0.000
06/26/06 03:00,0.000
06/26/06 03:05,0.000
06/26/06 03:10,0.000
06/26/06 03:15,0.000
06/26/06 03:20,0.000
06/26/06 03:25,0.000
06/26/06 03:30,0.000
06/26/06 03:35,0.000
06/26/06 03:40,0.000
06/26/06 03:45,0.000
06/26/06 03:50,0.000
06/26/06 03:55,0.000
06/26/06 04:00,0.000
06/26/06 04:05,0.000
06/26/06 04:10,0.000
06/26/06 04:15,0.000
06/26/06 04:20,0.000
06/26/06 04:25,0.000
06/26/06 04:30,0.000
06/26/06 04:35,0.000
06/26/06 04:40,0.000
06/26/06 04:45,0.001
06/26/06 04:50,0.001
06/26/06 04:55,0.001
06/26/06 05:00,0.001
06/26/06 05:05,0.002
06/26/06 05:10,0.002
06/26/06 05:15,0.004
06/26/06 05:20,0.008
06/26/06 05:25,0.014
06/26/06 05:30,0.026
06/26/06 05:35,0.046
06/26/06 05:40,0.074
06/26/06 05:45,0.085
06/26/06 05:50,0.094
06/26/06 05:55,0.104
06/26/06 06:00,0.113
06/26/06 06:05,0.121
06/26/06 06:10,0.131
06/26/06 06:15,0.141
06/26/06 06:20,0.152
06/26/06 06:25,0.165
06/26/06 06:30,0.178
06/26/06 06:35,0.192
06/26/06 06:40,0.204
06/26/06 06:45,0.217
06/26/06 06:50,0.230
06/26/06 06:55,0.245
06/26/06 07:00,0.256
06/26/06 07:05,0.266
06/26/06 07:10,0.277
06/26/06 07:15,0.287
06/26/06 07:20,0.298
06/26/06 07:25,0.310
06/26/06 07:30,0.322
06/26/06 07:35,0.331
06/26/06 07:40,0.339
06/26/06 07:45,0.347
06/26/06 07:50,0.353
06/26/06 07:55,0.360
06/26/06 08:00,0.365
06/26/06 08:05,0.370
06/26/06 08:10,0.377
06/26/06 08:15,0.380
06/26/06 08:20,0.383
06/26/06 08:25,0.388
06/26/06 08:30,0.393
06/26/06 08:35,0.397
06/26/06 08:40,0.403
06/26/06 08:45,0.407
06/26/06 08:50,0.411
06/26/06 08:55,0.417
06/26/06 09:00,0.428
06/26/06 09:05,0.441
06/26/06 09:10,0.452
06/26/06 09:15,0.467
06/26/06 09:20,0.483
06/26/06 09:25,0.502
06/26/06 09:30,0.515
06/26/06 09:35,0.521
06/26/06 09:40,0.522
06/26/06 09:45,0.525
06/26/06 09:50,0.531
06/26/06 09:55,0.537
06/26/06 10:00,0.536
06/26/06 10:05,0.536
06/26/06 10:10,0.536
06/26/06 10:15,0.535
06/26/06 10:20,0.533
06/26/06 10:25,0.531
06/26/06 10:30,0.526
06/26/06 10:35,0.520
06/26/06 10:40,0.516
06/26/06 10:45,0.515
06/26/06 10:50,0.515
06/26/06 10:55,0.519
06/26/06 11:00,0.529
06/26/06 11:05,0.537
06/26/06 11:10,0.542
06/26/06 11:15,0.545
06/26/06 11:20,0.541
06/26/06 11:25,0.541
06/26/06 11:30,0.543
06/26/06 11:35,0.544
06/26/06 11:40,0.545
06/26/06 11:45,0.545
06/26/06 11:50,0.543
06/26/06 11:55,0.541
06/26/06 12:00,0.534
06/26/06 12:05,0.528
06/26/06 12:10,0.524
06/26/06 12:15,0.520
06/26/06 12:20,0.516
06/26/06 12:25,0.512
06/26/06 12:30,0.509
06/26/06 12:35,0.508
06/26/06 12:40,0.510
06/26/06 12:45,0.508
06/26/06 12:50,0.506
06/26/06 12:55,0.503
06/26/06 13:00,0.504
06/26/06 13:05,0.506
06/26/06 13:10,0.506
06/26/06 13:15,0.506
06/26/06 13:20,0.506
06/26/06 13:25,0.506
06/26/06 13:30,0.505
06/26/06 13:35,0.504
06/26/06 13:40,0.502
06/26/06 13:45,0.500
06/26/06 13:50,0.497
06/26/06 13:55,0.492
06/26/06 14:00,0.486
06/26/06 14:05,0.481
06/26/06 14:10,0.477
06/26/06 14:15,0.472
06/26/06 14:20,0.467
06/26/06 14:25,0.463
06/26/06 14:30,0.460
06/26/06 14:35,0.457
06/26/06 14:40,0.453
06/26/06 14:45,0.447
06/26/06 14:50,0.442
06/26/06 14:55,0.436
06/26/06 15:00,0.427
06/26/06 15:05,0.419
06/26/06 15:10,0.409
06/26/06 15:15,0.398
06/26/06 15:20,0.387
06/26/06 15:25,0.376
06/26/06 15:30,0.365
06/26/06 15:35,0.351
06/26/06 15:40,0.343
06/26/06 15:45,0.334
06/26/06 15:50,0.325
06/26/06 15:55,0.314
06/26/06 16:00,0.300
06/26/06 16:05,0.286
06/26/06 16:10,0.274
06/26/06 16:15,0.262
06/26/06 16:20,0.250
06/26/06 16:25,0.236
06/26/06 16:30,0.222
06/26/06 16:35,0.208
06/26/06 16:40,0.196
06/26/06 16:45,0.184
06/26/06 16:50,0.174
06/26/06 16:55,0.176
06/26/06 17:00,0.183
06/26/06 17:05,0.175
06/26/06 17:10,0.165
06/26/06 17:15,0.155
06/26/06 17:20,0.144
06/26/06 17:25,0.133
06/26/06 17:30,0.123
06/26/06 17:35,0.113
06/26/06 17:40,0.104
06/26/06 17:45,0.095
06/26/06 17:50,0.087
06/26/06 17:55,0.077
06/26/06 18:00,0.054
06/26/06 18:05,0.035
06/26/06 18:10,0.023
06/26/06 18:15,0.015
06/26/06 18:20,0.009
06/26/06 18:25,0.006
06/26/06 18:30,0.004
06/26/06 18:35,0.002
06/26/06 18:40,0.002
06/26/06 18:45,0.001
06/26/06 18:50,0.001
06/26/06 18:55,0.000
06/26/06 19:00,0.000
06/26/06 19:05,0.000
06/26/06 19:10,0.000
06/26/06 19:15,0.000
06/26/06 19:20,0.000
06/26/06 19:25,0.000
06/26/06 19:30,0.000
06/26/06 19:35,0.000
06/26/06 19:40,0.000
06/26/06 19:45,0.000
06/26/06 19:50,0.000
06/26/06 19:55,0.000
06/26/06 20:00,0.000
06/26/06 20:05,0.000
06/26/06 20:10,0.000
06/26/06 20:15,0.000
06/26/06 20:20,0.000
06/26/06 20:25,0.000
06/26/06 20:30,0.000
06/26/06 20:35,0.000
06/26/06 20:40,0.000
06/26/06 20:45,0.000
06/26/06 20:50,0.000
06/26/06 20:55,0.000
06/26/06 21:00,0.000
06/26/06 21:05,0.000
06/26/06 21:10,0.000
06/26/06 21:15,0.000
06/26/06 21:20,0.000
06/26/06 21:25,0.000
06/26/06 21:30,0.000
06/26/06 21:35,0.000
06/26/06 21:40,0.000
06/26/06 21:45,0.000
06/26/06 21:50,0.000
06/26/06 21:55,0.000
06/26/06 22:00,0.000
06/26/06 22:05,0.000
06/26/06 22:10,0.000
06/26/06 22:15,0.000
06/26/06 22:20,0.000
06/26/06 22:25,0.000
06/26/06 22:30,0.000
06/26/06 22:35,0.000
06/26/06 22:40,0.000
06/26/06 22:45,0.000
06/26/06 22:50,0.000
06/26/06 22:55,0.000
06/26/06 23:00,0.000
06/26/06 23:05,0.000
06/26/06 23:10,0.000
06/26/06 23:15,0.000
06/26/06 23:20,0.000
06/26/06 23:25,0.000
06/26/06 23:30,0.000
06/26/06 23:35,0.000
06/26/06 23:40,0.000
06/26/06 23:45,0.000
06/26/06 23:50,0.000
06/26/06 23:55,0.000
06/27/06 00:00,0.000
06/27/06 00:05,0.000
06/27/06 00:10,0.000
06/27/06 00:15,0.000
06/27/06 00:20,0.000
06/27/06 00:25,0.000
06/27/06 00:30,0.000
06/27/06 00:35,0.000
06/27/06 00:40,0.000
06/27/06 00:45,0.000
06/27/06 00:50,0.000
06/27/06 00:55,0.000
06/27/06 01:00,0.000
06/27/06 01:05,0.000
06/27/06 01:10,0.000
06/27/06 01:15,0.000
06/27/06 01:20,0.000
06/27/06 01:25,0.000
06/27/06 01:30,0.000
06/27/06 01:35,0.000
06/27/06 01:40,0.000
06/27/06 01:45,0.000
06/27/06 01:50,0.000
06/27/06 01:55,0.000
06/27/06 02:00,0.000
06/27/06 02:05,0.000
06/27/06 02:10,0.000
06/27/06 02:15,0.000
06/27/06 02:20,0.000
06/27/06 02:25,0.000
06/27/06 02:30,0.000
06/27/06 02:35,0.000
06/27/06 02:40,0.000
06/27/06 02:45,0.000
06/27/06 02:50,0.000
06/27/06 02:55,0.000
06/27/06 03:00,0.000
06/27/06 03:05,0.000
06/27/06 03:10,0.000
06/27/06 03:15,0.000
06/27/06 03:20,0.000
06/27/06 03:25,0.000
06/27/06 03:30,0.000
06/27/06 03:35,0.000
06/27/06 03:40,0.000
06/27/06 03:45,0.000
06/27/06 03:50,0.000
06/27/06 03:55,0.000
06/27/06 04:00,0.000
06/27/06 04:05,0.000
06/27/06 04:10,0.000
06/27/06 04:15,0.000
06/27/06 04:20,0.000
06/27/06 04:25,0.000
06/27/06 04:30,0.000
06/27/06 04:35,0.000
06/27/06 04:40,0.000
06/27/06 04:45,0.001
06/27/06 04:50,0.001
06/27/06 04:55,0.001
06/27/06 05:00,0.001
06/27/06 05:05,0.001
06/27/06 05:10,0.002
06/27/06 05:15,0.004
06/27/06 05:20,0.007
06/27/06 05:25,0.011
06/27/06 05:30,0.019
06/27/06 05:35,0.032
06/27/06 05:40,0.051
06/27/06 05:45,0.075
06/27/06 05:50,0.084
06/27/06 05:55,0.093
06/27/06 06:00,0.103
06/27/06 06:05,0.113
06/27/06 06:10,0.123
06/27/06 06:15,0.134
06/27/06 06:20,0.145
06/27/06 06:25,0.158
06/27/06 06:30,0.169
06/27/06 06:35,0.181
06/27/06 06:40,0.195
06/27/06 06:45,0.207
06/27/06 06:50,0.221
06/27/06 06:55,0.235
06/27/06 07:00,0.248
06/27/06 07:05,0.260
06/27/06 07:10,0.272
06/27/06 07:15,0.284
06/27/06 07:20,0.295
06/27/06 07:25,0.305
06/27/06 07:30,0.316
06/27/06 07:35,0.325
06/27/06 07:40,0.334
06/27/06 07:45,0.343
06/27/06 07:50,0.350
06/27/06 07:55,0.357
06/27/06 08:00,0.357
06/27/06 08:05,0.360
06/27/06 08:10,0.368
06/27/06 08:15,0.374
06/27/06 08:20,0.380
06/27/06 08:25,0.387
06/27/06 08:30,0.396
06/27/06 08:35,0.405
06/27/06 08:40,0.413
06/27/06 08:45,0.421
06/27/06 08:50,0.429
06/27/06 08:55,0.436
06/27/06 09:00,0.438
06/27/06 09:05,0.438
06/27/06 09:10,0.440
06/27/06 09:15,0.443
06/27/06 09:20,0.447
06/27/06 09:25,0.451
06/27/06 09:30,0.455
06/27/06 09:35,0.459
06/27/06 09:40,0.463
06/27/06 09:45,0.468
06/27/06 09:50,0.472
06/27/06 09:55,0.478
06/27/06 10:00,0.483
06/27/06 10:05,0.484
06/27/06 10:10,0.488
06/27/06 10:15,0.490
06/27/06 10:20,0.492
06/27/06 10:25,0.494
06/27/06 10:30,0.495
06/27/06 10:35,0.495
06/27/06 10:40,0.492
06/27/06 10:45,0.490
06/27/06 10:50,0.489
06/27/06 10:55,0.491
06/27/06 11:00,0.488
06/27/06 11:05,0.487
06/27/06 11:10,0.488
06/27/06 11:15,0.489
06/27/06 11:20,0.491
06/27/06 11:25,0.492
06/27/06 11:30,0.493
06/27/06 11:35,0.495
06/27/06 11:40,0.495
06/27/06 11:45,0.494
06/27/06 11:50,0.493
06/27/06 11:55,0.491
06/27/06 12:00,0.493
06/27/06 12:05,0.498
06/27/06 12:10,0.502
06/27/06 12:15,0.505
06/27/06 12:20,0.508
06/27/06 12:25,0.510
06/27/06 12:30,0.513
06/27/06 12:35,0.515
06/27/06 12:40,0.515
06/27/06 12:45,0.515
06/27/06 12:50,0.516
06/27/06 12:55,0.518
06/27/06 13:00,0.519
06/27/06 13:05,0.518
06/27/06 13:10,0.516
06/27/06 13:15,0.513
06/27/06 13:20,0.512
06/27/06 13:25,0.509
06/27/06 13:30,0.505
06/27/06 13:35,0.500
06/27/06 13:40,0.492
06/27/06 13:45,0.485
06/27/06 13:50,0.478
06/27/06 13:55,0.470
06/27/06 14:00,0.464
06/27/06 14:05,0.460
06/27/06 14:10,0.458
06/27/06 14:15,0.454
06/27/06 14:20,0.450
06/27/06 14:25,0.446
06/27/06 14:30,0.442
06/27/06 14:35,0.437
06/27/06 14:40,0.431
06/27/06 14:45,0.424
06/27/06 14:50,0.417
06/27/06 14:55,0.413
06/27/06 15:00,0.408
06/27/06 15:05,0.400
06/27/06 15:10,0.395
06/27/06 15:15,0.389
06/27/06 15:20,0.382
06/27/06 15:25,0.374
06/27/06 15:30,0.365
06/27/06 15:35,0.352
06/27/06 15:40,0.340
06/27/06 15:45,0.329
06/27/06 15:50,0.318
06/27/06 15:55,0.307
06/27/06 16:00,0.296
06/27/06 16:05,0.288
06/27/06 16:10,0.280
06/27/06 16:15,0.271
06/27/06 16:20,0.262
06/27/06 16:25,0.252
06/27/06 16:30,0.242
06/27/06 16:35,0.232
06/27/06 16:40,0.221
06/27/06 16:45,0.210
06/27/06 16:50,0.199
06/27/06 16:55,0.188
06/27/06 17:00,0.176
06/27/06 17:05,0.164
06/27/06 17:10,0.152
06/27/06 17:15,0.140
06/27/06 17:20,0.130
06/27/06 17:25,0.120
06/27/06 17:30,0.110
06/27/06 17:35,0.101
06/27/06 17:40,0.092
06/27/06 17:45,0.084
06/27/06 17:50,0.077
06/27/06 17:55,0.066
06/27/06 18:00,0.042
06/27/06 18:05,0.027
06/27/06 18:10,0.017
06/27/06 18:15,0.011
06/27/06 18:20,0.006
06/27/06 18:25,0.004
06/27/06 18:30,0.002
06/27/06 18:35,0.002
06/27/06 18:40,0.001
06/27/06 18:45,0.001
06/27/06 18:50,0.001
06/27/06 18:55,0.000
06/27/06 19:00,0.000
06/27/06 19:05,0.000
06/27/06 19:10,0.000
06/27/06 19:15,0.000
06/27/06 19:20,0.000
06/27/06 19:25,0.000
06/27/06 19:30,0.000
06/27/06 19:35,0.000
06/27/06 19:40,0.000
06/27/06 19:45,0.000
06/27/06 19:50,0.000
06/27/06 19:55,0.000
06/27/06 20:00,0.000
06/27/06 20:05,0.000
06/27/06 20:10,0.000
06/27/06 20:15,0.000
06/27/06 20:20,0.000
06/27/06 20:25,0.000
06/27/06 20:30,0.000
06/27/06 20:35,0.000
06/27/06 20:40,0.000
06/27/06 20:45,0.000
06/27/06 20:50,0.000
06/27/06 20:55,0.000
06/27/06 21:00,0.000
06/27/06 21:05,0.000
06/27/06 21:10,0.000
06/27/06 21:15,0.000
06/27/06 21:20,0.000
06/27/06 21:25,0.000
06/27/06 21:30,0.000
06/27/06 21:35,0.000
06/27/06 21:40,0.000
06/27/06 21:45,0.000
06/27/06 21:50,0.000
06/27/06 21:55,0.000
06/27/06 22:00,0.000
06/27/06 22:05,0.000
06/27/06 22:10,0.000
06/27/06 22:15,0.000
06/27/06 22:20,0.000
06/27/06 22:25,0.000
06/27/06 22:30,0.000
06/27/06 22:35,0.000
06/27/06 22:40,0.000
06/27/06 22:45,0.000
06/27/06 22:50,0.000
06/27/06 22:55,0.000
06/27/06 23:00,0.000
06/27/06 23:05,0.000
06/27/06 23:10,0.000
06/27/06 23:15,0.000
06/27/06 23:20,0.000
06/27/06 23:25,0.000
06/27/06 23:30,0.000
06/27/06 23:35,0.000
06/27/06 23:40,0.000
06/27/06 23:45,0.000
06/27/06 23:50,0.000
06/27/06 23:55,0.000
06/28/06 00:00,0.000
06/28/06 00:05,0.000
06/28/06 00:10,0.000
06/28/06 00:15,0.000
06/28/06 00:20,0.000
06/28/06 00:25,0.000
06/28/06 00:30,0.000
06/28/06 00:35,0.000
06/28/06 00:40,0.000
06/28/06 00:45,0.000
06/28/06 00:50,0.000
06/28/06 00:55,0.000
06/28/06 01:00,0.000
06/28/06 01:05,0.000
06/28/06 01:10,0.000
06/28/06 01:15,0.000
06/28/06 01:20,0.000
06/28/06 01:25,0.000
06/28/06 01:30,0.000
06/28/06 01:35,0.000
06/28/06 01:40,0.000
06/28/06 01:45,0.000
06/28/06 01:50,0.000
06/28/06 01:55,0.000
06/28/06 02:00,0.000
06/28/06 02:05,0.000
06/28/06 02:10,0.000
06/28/06 02:15,0.000
06/28/06 02:20,0.000
06/28/06 02:25,0.000
06/28/06 02:30,0.000
06/28/06 02:35,0.000
06/28/06 02:40,0.000
06/28/06 02:45,0.000
06/28/06 02:50,0.000
06/28/06 02:55,0.000
06/28/06 03:00,0.000
06/28/06 03:05,0.000
06/28/06 03:10,0.000
06/28/06 03:15,0.000
06/28/06 03:20,0.000
06/28/06 03:25,0.000
06/28/06 03:30,0.000
06/28/06 03:35,0.000
06/28/06 03:40,0.000
06/28/06 03:45,0.000
06/28/06 03:50,0.000
06/28/06 03:55,0.000
06/28/06 04:00,0.000
06/28/06 04:05,0.000
06/28/06 04:10,0.000
06/28/06 04:15,0.000
06/28/06 04:20,0.000
06/28/06 04:25,0.000
06/28/06 04:30,0.000
06/28/06 04:35,0.000
06/28/06 04:40,0.000
06/28/06 04:45,0.001
06/28/06 04:50,0.001
06/28/06 04:55,0.001
06/28/06 05:00,0.001
06/28/06 05:05,0.002
06/28/06 05:10,0.003
06/28/06 05:15,0.004
06/28/06 05:20,0.007
06/28/06 05:25,0.011
06/28/06 05:30,0.017
06/28/06 05:35,0.027
06/28/06 05:40,0.039
06/28/06 05:45,0.054
06/28/06 05:50,0.075
06/28/06 05:55,0.083
06/28/06 06:00,0.096
06/28/06 06:05,0.112
06/28/06 06:10,0.126
06/28/06 06:15,0.140
06/28/06 06:20,0.154
06/28/06 06:25,0.168
06/28/06 06:30,0.182
06/28/06 06:35,0.197
06/28/06 06:40,0.211
06/28/06 06:45,0.227
06/28/06 06:50,0.242
06/28/06 06:55,0.257
06/28/06 07:00,0.274
06/28/06 07:05,0.290
06/28/06 07:10,0.304
06/28/06 07:15,0.317
06/28/06 07:20,0.331
06/28/06 07:25,0.344
06/28/06 07:30,0.357
06/28/06 07:35,0.368
06/28/06 07:40,0.379
06/28/06 07:45,0.389
06/28/06 07:50,0.398
06/28/06 07:55,0.401
06/28/06 08:00,0.380
06/28/06 08:05,0.383
06/28/06 08:10,0.389
06/28/06 08:15,0.393
06/28/06 08:20,0.397
06/28/06 08:25,0.400
06/28/06 08:30,0.402
06/28/06 08:35,0.406
06/28/06 08:40,0.411
06/28/06 08:45,0.414
06/28/06 08:50,0.417
06/28/06 08:55,0.420
06/28/06 09:00,0.429
06/28/06 09:05,0.437
06/28/06 09:10,0.444
06/28/06 09:15,0.452
06/28/06 09:20,0.462
06/28/06 09:25,0.470
06/28/06 09:30,0.477
06/28/06 09:35,0.484
06/28/06 09:40,0.492
06/28/06 09:45,0.501
06/28/06 09:50,0.507
06/28/06 09:55,0.514
06/28/06 10:00,0.527
06/28/06 10:05,0.540
06/28/06 10:10,0.550
06/28/06 10:15,0.558
06/28/06 10:20,0.565
06/28/06 10:25,0.570
06/28/06 10:30,0.574
06/28/06 10:35,0.580
06/28/06 10:40,0.585
06/28/06 10:45,0.590
06/28/06 10:50,0.595
06/28/06 10:55,0.599
06/28/06 11:00,0.599
06/28/06 11:05,0.602
06/28/06 11:10,0.601
06/28/06 11:15,0.602
06/28/06 11:20,0.604
06/28/06 11:25,0.604
06/28/06 11:30,0.603
06/28/06 11:35,0.601
06/28/06 11:40,0.599
06/28/06 11:45,0.596
06/28/06 11:50,0.592
06/28/06 11:55,0.586
06/28/06 12:00,0.577
06/28/06 12:05,0.565
06/28/06 12:10,0.553
06/28/06 12:15,0.555
06/28/06 12:20,0.548
06/28/06 12:25,0.545
06/28/06 12:30,0.530
06/28/06 12:35,0.522
06/28/06 12:40,0.507
06/28/06 12:45,0.547
06/28/06 12:50,0.577
06/28/06 12:55,0.550
06/28/06 13:00,0.518
06/28/06 13:05,0.487
06/28/06 13:10,0.463
06/28/06 13:15,0.440
06/28/06 13:20,0.415
06/28/06 13:25,0.394
06/28/06 13:30,0.383
06/28/06 13:35,0.374
06/28/06 13:40,0.374
06/28/06 13:45,0.378
06/28/06 13:50,0.371
06/28/06 13:55,0.364
06/28/06 14:00,0.365
06/28/06 14:05,0.370
06/28/06 14:10,0.370
06/28/06 14:15,0.366
06/28/06 14:20,0.361
06/28/06 14:25,0.356
06/28/06 14:30,0.350
06/28/06 14:35,0.345
06/28/06 14:40,0.338
06/28/06 14:45,0.328
06/28/06 14:50,0.317
06/28/06 14:55,0.307
06/28/06 15:00,0.311
06/28/06 15:05,0.319
06/28/06 15:10,0.328
06/28/06 15:15,0.340
06/28/06 15:20,0.355
06/28/06 15:25,0.365
06/28/06 15:30,0.369
06/28/06 15:35,0.372
06/28/06 15:40,0.377
06/28/06 15:45,0.382
06/28/06 15:50,0.385
06/28/06 15:55,0.382
06/28/06 16:00,0.361
06/28/06 16:05,0.337
06/28/06 16:10,0.316
06/28/06 16:15,0.298
06/28/06 16:20,0.283
06/28/06 16:25,0.269
06/28/06 16:30,0.256
06/28/06 16:35,0.242
06/28/06 16:40,0.230
06/28/06 16:45,0.219
06/28/06 16:50,0.207
06/28/06 16:55,0.195
06/28/06 17:00,0.182
06/28/06 17:05,0.153
06/28/06 17:10,0.133
06/28/06 17:15,0.132
06/28/06 17:20,0.134
06/28/06 17:25,0.130
06/28/06 17:30,0.119
06/28/06 17:35,0.106
06/28/06 17:40,0.094
06/28/06 17:45,0.079
06/28/06 17:50,0.058
06/28/06 17:55,0.040
06/28/06 18:00,0.034
06/28/06 18:05,0.027
06/28/06 18:10,0.021
06/28/06 18:15,0.014
06/28/06 18:20,0.010
06/28/06 18:25,0.006
06/28/06 18:30,0.004
06/28/06 18:35,0.002
06/28/06 18:40,0.002
06/28/06 18:45,0.001
06/28/06 18:50,0.001
06/28/06 18:55,0.000
06/28/06 19:00,0.000
06/28/06 19:05,0.000
06/28/06 19:10,0.000
06/28/06 19:15,0.000
06/28/06 19:20,0.000
06/28/06 19:25,0.000
06/28/06 19:30,0.000
06/28/06 19:35,0.000
06/28/06 19:40,0.000
06/28/06 19:45,0.000
06/28/06 19:50,0.000
06/28/06 19:55,0.000
06/28/06 20:00,0.000
06/28/06 20:05,0.000
06/28/06 20:10,0.000
06/28/06 20:15,0.000
06/28/06 20:20,0.000
06/28/06 20:25,0.000
06/28/06 20:30,0.000
06/28/06 20:35,0.000
06/28/06 20:40,0.000
06/28/06 20:45,0.000
06/28/06 20:50,0.000
06/28/06 20:55,0.000
06/28/06 21:00,0.000
06/28/06 21:05,0.000
06/28/06 21:10,0.000
06/28/06 21:15,0.000
06/28/06 21:20,0.000
06/28/06 21:25,0.000
06/28/06 21:30,0.000
06/28/06 21:35,0.000
06/28/06 21:40,0.000
06/28/06 21:45,0.000
06/28/06 21:50,0.000
06/28/06 21:55,0.000
06/28/06 22:00,0.000
06/28/06 22:05,0.000
06/28/06 22:10,0.000
06/28/06 22:15,0.000
06/28/06 22:20,0.000
06/28/06 22:25,0.000
06/28/06 22:30,0.000
06/28/06 22:35,0.000
06/28/06 22:40,0.000
06/28/06 22:45,0.000
06/28/06 22:50,0.000
06/28/06 22:55,0.000
06/28/06 23:00,0.000
06/28/06 23:05,0.000
06/28/06 23:10,0.000
06/28/06 23:15,0.000
06/28/06 23:20,0.000
06/28/06 23:25,0.000
06/28/06 23:30,0.000
06/28/06 23:35,0.000
06/28/06 23:40,0.000
06/28/06 23:45,0.000
06/28/06 23:50,0.000
06/28/06 23:55,0.000
06/29/06 00:00,0.000
06/29/06 00:05,0.000
06/29/06 00:10,0.000
06/29/06 00:15,0.000
06/29/06 00:20,0.000
06/29/06 00:25,0.000
06/29/06 00:30,0.000
06/29/06 00:35,0.000
06/29/06 00:40,0.000
06/29/06 00:45,0.000
06/29/06 00:50,0.000
06/29/06 00:55,0.000
06/29/06 01:00,0.000
06/29/06 01:05,0.000
06/29/06 01:10,0.000
06/29/06 01:15,0.000
06/29/06 01:20,0.000
06/29/06 01:25,0.000
06/29/06 01:30,0.000
06/29/06 01:35,0.000
06/29/06 01:40,0.000
06/29/06 01:45,0.000
06/29/06 01:50,0.000
06/29/06 01:55,0.000
06/29/06 02:00,0.000
06/29/06 02:05,0.000
06/29/06 02:10,0.000
06/29/06 02:15,0.000
06/29/06 02:20,0.000
06/29/06 02:25,0.000
06/29/06 02:30,0.000
06/29/06 02:35,0.000
06/29/06 02:40,0.000
06/29/06 02:45,0.000
06/29/06 02:50,0.000
06/29/06 02:55,0.000
06/29/06 03:00,0.000
06/29/06 03:05,0.000
06/29/06 03:10,0.000
06/29/06 03:15,0.000
06/29/06 03:20,0.000
06/29/06 03:25,0.000
06/29/06 03:30,0.000
06/29/06 03:35,0.000
06/29/06 03:40,0.000
06/29/06 03:45,0.000
06/29/06 03:50,0.000
06/29/06 03:55,0.000
06/29/06 04:00,0.000
06/29/06 04:05,0.000
06/29/06 04:10,0.000
06/29/06 04:15,0.000
06/29/06 04:20,0.000
06/29/06 04:25,0.000
06/29/06 04:30,0.000
06/29/06 04:35,0.000
06/29/06 04:40,0.000
06/29/06 04:45,0.001
06/29/06 04:50,0.002
06/29/06 04:55,0.002
06/29/06 05:00,0.003
06/29/06 05:05,0.005
06/29/06 05:10,0.007
06/29/06 05:15,0.011
06/29/06 05:20,0.016
06/29/06 05:25,0.020
06/29/06 05:30,0.025
06/29/06 05:35,0.028
06/29/06 05:40,0.034
06/29/06 05:45,0.038
06/29/06 05:50,0.047
06/29/06 05:55,0.067
06/29/06 06:00,0.087
06/29/06 06:05,0.096
06/29/06 06:10,0.106
06/29/06 06:15,0.122
06/29/06 06:20,0.120
06/29/06 06:25,0.111
06/29/06 06:30,0.116
06/29/06 06:35,0.130
06/29/06 06:40,0.131
06/29/06 06:45,0.145
06/29/06 06:50,0.155
06/29/06 06:55,0.161
06/29/06 07:00,0.171
06/29/06 07:05,0.178
06/29/06 07:10,0.187
06/29/06 07:15,0.197
06/29/06 07:20,0.205
06/29/06 07:25,0.212
06/29/06 07:30,0.217
06/29/06 07:35,0.217
06/29/06 07:40,0.213
06/29/06 07:45,0.224
06/29/06 07:50,0.230
06/29/06 07:55,0.226
06/29/06 08:00,0.230
06/29/06 08:05,0.250
06/29/06 08:10,0.252
06/29/06 08:15,0.227
06/29/06 08:20,0.222
06/29/06 08:25,0.238
06/29/06 08:30,0.262
06/29/06 08:35,0.271
06/29/06 08:40,0.268
06/29/06 08:45,0.267
06/29/06 08:50,0.255
06/29/06 08:55,0.269
06/29/06 09:00,0.276
06/29/06 09:05,0.288
06/29/06 09:10,0.287
06/29/06 09:15,0.274
06/29/06 09:20,0.282
06/29/06 09:25,0.305
06/29/06 09:30,0.322
06/29/06 09:35,0.328
06/29/06 09:40,0.326
06/29/06 09:45,0.337
06/29/06 09:50,0.351
06/29/06 09:55,0.376
06/29/06 10:00,0.376
06/29/06 10:05,0.370
06/29/06 10:10,0.364
06/29/06 10:15,0.356
06/29/06 10:20,0.355
06/29/06 10:25,0.357
06/29/06 10:30,0.356
06/29/06 10:35,0.355
06/29/06 10:40,0.360
06/29/06 10:45,0.373
06/29/06 10:50,0.391
06/29/06 10:55,0.403
06/29/06 11:00,0.400
06/29/06 11:05,0.394
06/29/06 11:10,0.388
06/29/06 11:15,0.382
06/29/06 11:20,0.375
06/29/06 11:25,0.368
06/29/06 11:30,0.364
06/29/06 11:35,0.366
06/29/06 11:40,0.370
06/29/06 11:45,0.373
06/29/06 11:50,0.374
06/29/06 11:55,0.372
06/29/06 12:00,0.383
06/29/06 12:05,0.400
06/29/06 12:10,0.411
06/29/06 12:15,0.427
06/29/06 12:20,0.438
06/29/06 12:25,0.439
06/29/06 12:30,0.434
06/29/06 12:35,0.431
06/29/06 12:40,0.426
06/29/06 12:45,0.413
06/29/06 12:50,0.402
06/29/06 12:55,0.397
06/29/06 13:00,0.347
06/29/06 13:05,0.294
06/29/06 13:10,0.228
06/29/06 13:15,0.205
06/29/06 13:20,0.222
06/29/06 13:25,0.240
06/29/06 13:30,0.250
06/29/06 13:35,0.226
06/29/06 13:40,0.213
06/29/06 13:45,0.208
06/29/06 13:50,0.213
06/29/06 13:55,0.200
06/29/06 14:00,0.213
06/29/06 14:05,0.225
06/29/06 14:10,0.230
06/29/06 14:15,0.230
06/29/06 14:20,0.232
06/29/06 14:25,0.235
06/29/06 14:30,0.235
06/29/06 14:35,0.230
06/29/06 14:40,0.224
06/29/06 14:45,0.221
06/29/06 14:50,0.225
06/29/06 14:55,0.226
06/29/06 15:00,0.212
06/29/06 15:05,0.200
06/29/06 15:10,0.195
06/29/06 15:15,0.184
06/29/06 15:20,0.169
06/29/06 15:25,0.161
06/29/06 15:30,0.164
06/29/06 15:35,0.175
06/29/06 15:40,0.195
06/29/06 15:45,0.217
06/29/06 15:50,0.234
06/29/06 15:55,0.252
06/29/06 16:00,0.230
06/29/06 16:05,0.205
06/29/06 16:10,0.185
06/29/06 16:15,0.164
06/29/06 16:20,0.149
06/29/06 16:25,0.137
06/29/06 16:30,0.126
06/29/06 16:35,0.113
06/29/06 16:40,0.102
06/29/06 16:45,0.091
06/29/06 16:50,0.082
06/29/06 16:55,0.075
06/29/06 17:00,0.072
06/29/06 17:05,0.073
06/29/06 17:10,0.075
06/29/06 17:15,0.075
06/29/06 17:20,0.071
06/29/06 17:25,0.059
06/29/06 17:30,0.049
06/29/06 17:35,0.038
06/29/06 17:40,0.029
06/29/06 17:45,0.022
06/29/06 17:50,0.019
06/29/06 17:55,0.017
06/29/06 18:00,0.011
06/29/06 18:05,0.008
06/29/06 18:10,0.007
06/29/06 18:15,0.006
06/29/06 18:20,0.006
06/29/06 18:25,0.005
06/29/06 18:30,0.004
06/29/06 18:35,0.003
06/29/06 18:40,0.002
06/29/06 18:45,0.002
06/29/06 18:50,0.001
06/29/06 18:55,0.001
06/29/06 19:00,0.000
06/29/06 19:05,0.000
06/29/06 19:10,0.000
06/29/06 19:15,0.000
06/29/06 19:20,0.000
06/29/06 19:25,0.000
06/29/06 19:30,0.000
06/29/06 19:35,0.000
06/29/06 19:40,0.000
06/29/06 19:45,0.000
06/29/06 19:50,0.000
06/29/06 19:55,0.000
06/29/06 20:00,0.000
06/29/06 20:05,0.000
06/29/06 20:10,0.000
06/29/06 20:15,0.000
06/29/06 20:20,0.000
06/29/06 20:25,0.000
06/29/06 20:30,0.000
06/29/06 20:35,0.000
06/29/06 20:40,0.000
06/29/06 20:45,0.000
06/29/06 20:50,0.000
06/29/06 20:55,0.000
06/29/06 21:00,0.000
06/29/06 21:05,0.000
06/29/06 21:10,0.000
06/29/06 21:15,0.000
06/29/06 21:20,0.000
06/29/06 21:25,0.000
06/29/06 21:30,0.000
06/29/06 21:35,0.000
06/29/06 21:40,0.000
06/29/06 21:45,0.000
06/29/06 21:50,0.000
06/29/06 21:55,0.000
06/29/06 22:00,0.000
06/29/06 22:05,0.000
06/29/06 22:10,0.000
06/29/06 22:15,0.000
06/29/06 22:20,0.000
06/29/06 22:25,0.000
06/29/06 22:30,0.000
06/29/06 22:35,0.000
06/29/06 22:40,0.000
06/29/06 22:45,0.000
06/29/06 22:50,0.000
06/29/06 22:55,0.000
06/29/06 23:00,0.000
06/29/06 23:05,0.000
06/29/06 23:10,0.000
06/29/06 23:15,0.000
06/29/06 23:20,0.000
06/29/06 23:25,0.000
06/29/06 23:30,0.000
06/29/06 23:35,0.000
06/29/06 23:40,0.000
06/29/06 23:45,0.000
06/29/06 23:50,0.000
06/29/06 23:55,0.000
06/30/06 00:00,0.000
06/30/06 00:05,0.000
06/30/06 00:10,0.000
06/30/06 00:15,0.000
06/30/06 00:20,0.000
06/30/06 00:25,0.000
06/30/06 00:30,0.000
06/30/06 00:35,0.000
06/30/06 00:40,0.000
06/30/06 00:45,0.000
06/30/06 00:50,0.000
06/30/06 00:55,0.000
06/30/06 01:00,0.000
06/30/06 01:05,0.000
06/30/06 01:10,0.000
06/30/06 01:15,0.000
06/30/06 01:20,0.000
06/30/06 01:25,0.000
06/30/06 01:30,0.000
06/30/06 01:35,0.000
06/30/06 01:40,0.000
06/30/06 01:45,0.000
06/30/06 01:50,0.000
06/30/06 01:55,0.000
06/30/06 02:00,0.000
06/30/06 02:05,0.000
06/30/06 02:10,0.000
06/30/06 02:15,0.000
06/30/06 02:20,0.000
06/30/06 02:25,0.000
06/30/06 02:30,0.000
06/30/06 02:35,0.000
06/30/06 02:40,0.000
06/30/06 02:45,0.000
06/30/06 02:50,0.000
06/30/06 02:55,0.000
06/30/06 03:00,0.000
06/30/06 03:05,0.000
06/30/06 03:10,0.000
06/30/06 03:15,0.000
06/30/06 03:20,0.000
06/30/06 03:25,0.000
06/30/06 03:30,0.000
06/30/06 03:35,0.000
06/30/06 03:40,0.000
06/30/06 03:45,0.000
06/30/06 03:50,0.000
06/30/06 03:55,0.000
06/30/06 04:00,0.000
06/30/06 04:05,0.000
06/30/06 04:10,0.000
06/30/06 04:15,0.000
06/30/06 04:20,0.000
06/30/06 04:25,0.000
06/30/06 04:30,0.000
06/30/06 04:35,0.000
06/30/06 04:40,0.000
06/30/06 04:45,0.001
06/30/06 04:50,0.001
06/30/06 04:55,0.001
06/30/06 05:00,0.001
06/30/06 05:05,0.001
06/30/06 05:10,0.002
06/30/06 05:15,0.004
06/30/06 05:20,0.007
06/30/06 05:25,0.012
06/30/06 05:30,0.019
06/30/06 05:35,0.032
06/30/06 05:40,0.053
06/30/06 05:45,0.077
06/30/06 05:50,0.086
06/30/06 05:55,0.095
06/30/06 06:00,0.105
06/30/06 06:05,0.115
06/30/06 06:10,0.126
06/30/06 06:15,0.137
06/30/06 06:20,0.149
06/30/06 06:25,0.163
06/30/06 06:30,0.176
06/30/06 06:35,0.190
06/30/06 06:40,0.203
06/30/06 06:45,0.215
06/30/06 06:50,0.228
06/30/06 06:55,0.241
06/30/06 07:00,0.251
06/30/06 07:05,0.260
06/30/06 07:10,0.268
06/30/06 07:15,0.277
06/30/06 07:20,0.288
06/30/06 07:25,0.297
06/30/06 07:30,0.306
06/30/06 07:35,0.316
06/30/06 07:40,0.326
06/30/06 07:45,0.335
06/30/06 07:50,0.341
06/30/06 07:55,0.344
06/30/06 08:00,0.351
06/30/06 08:05,0.357
06/30/06 08:10,0.359
06/30/06 08:15,0.354
06/30/06 08:20,0.351
06/30/06 08:25,0.348
06/30/06 08:30,0.344
06/30/06 08:35,0.338
06/30/06 08:40,0.330
06/30/06 08:45,0.321
06/30/06 08:50,0.316
06/30/06 08:55,0.320
06/30/06 09:00,0.359
06/30/06 09:05,0.397
06/30/06 09:10,0.424
06/30/06 09:15,0.445
06/30/06 09:20,0.462
06/30/06 09:25,0.477
06/30/06 09:30,0.492
06/30/06 09:35,0.507
06/30/06 09:40,0.521
06/30/06 09:45,0.541
06/30/06 09:50,0.557
06/30/06 09:55,0.567
06/30/06 10:00,0.563
06/30/06 10:05,0.558
06/30/06 10:10,0.553
06/30/06 10:15,0.551
06/30/06 10:20,0.549
06/30/06 10:25,0.550
06/30/06 10:30,0.551
06/30/06 10:35,0.553
06/30/06 10:40,0.551
06/30/06 10:45,0.551
06/30/06 10:50,0.552
06/30/06 10:55,0.552
06/30/06 11:00,0.551
06/30/06 11:05,0.551
06/30/06 11:10,0.551
06/30/06 11:15,0.550
06/30/06 11:20,0.550
06/30/06 11:25,0.549
06/30/06 11:30,0.546
06/30/06 11:35,0.542
06/30/06 11:40,0.538
06/30/06 11:45,0.533
06/30/06 11:50,0.528
06/30/06 11:55,0.525
06/30/06 12:00,0.523
06/30/06 12:05,0.521
06/30/06 12:10,0.519
06/30/06 12:15,0.518
06/30/06 12:20,0.516
06/30/06 12:25,0.514
06/30/06 12:30,0.512
06/30/06 12:35,0.510
06/30/06 12:40,0.507
06/30/06 12:45,0.505
06/30/06 12:50,0.498
06/30/06 12:55,0.492
06/30/06 13:00,0.499
06/30/06 13:05,0.508
06/30/06 13:10,0.514
06/30/06 13:15,0.517
06/30/06 13:20,0.518
06/30/06 13:25,0.524
06/30/06 13:30,0.527
06/30/06 13:35,0.530
06/30/06 13:40,0.533
06/30/06 13:45,0.536
06/30/06 13:50,0.535
06/30/06 13:55,0.532
06/30/06 14:00,0.517
06/30/06 14:05,0.502
06/30/06 14:10,0.491
06/30/06 14:15,0.483
06/30/06 14:20,0.485
06/30/06 14:25,0.481
06/30/06 14:30,0.473
06/30/06 14:35,0.457
06/30/06 14:40,0.454
06/30/06 14:45,0.457
06/30/06 14:50,0.450
06/30/06 14:55,0.402
06/30/06 15:00,0.406
06/30/06 15:05,0.402
06/30/06 15:10,0.400
06/30/06 15:15,0.398
06/30/06 15:20,0.400
06/30/06 15:25,0.401
06/30/06 15:30,0.397
06/30/06 15:35,0.386
06/30/06 15:40,0.377
06/30/06 15:45,0.362
06/30/06 15:50,0.347
06/30/06 15:55,0.333
06/30/06 16:00,0.317
06/30/06 16:05,0.305
06/30/06 16:10,0.294
06/30/06 16:15,0.288
06/30/06 16:20,0.280
06/30/06 16:25,0.268
06/30/06 16:30,0.253
06/30/06 16:35,0.239
06/30/06 16:40,0.224
06/30/06 16:45,0.211
06/30/06 16:50,0.197
06/30/06 16:55,0.185
06/30/06 17:00,0.173
06/30/06 17:05,0.166
06/30/06 17:10,0.153
06/30/06 17:15,0.125
06/30/06 17:20,0.116
06/30/06 17:25,0.115
06/30/06 17:30,0.109
06/30/06 17:35,0.098
06/30/06 17:40,0.087
06/30/06 17:45,0.075
06/30/06 17:50,0.073
06/30/06 17:55,0.060
06/30/06 18:00,0.045
06/30/06 18:05,0.031
06/30/06 18:10,0.020
06/30/06 18:15,0.013
06/30/06 18:20,0.008
06/30/06 18:25,0.005
06/30/06 18:30,0.003
06/30/06 18:35,0.002
06/30/06 18:40,0.001
06/30/06 18:45,0.001
06/30/06 18:50,0.001
06/30/06 18:55,0.000
06/30/06 19:00,0.000
06/30/06 19:05,0.000
06/30/06 19:10,0.000
06/30/06 19:15,0.000
06/30/06 19:20,0.000
06/30/06 19:25,0.000
06/30/06 19:30,0.000
06/30/06 19:35,0.000
06/30/06 19:40,0.000
06/30/06 19:45,0.000
06/30/06 19:50,0.000
06/30/06 19:55,0.000
06/30/06 20:00,0.000
06/30/06 20:05,0.000
06/30/06 20:10,0.000
06/30/06 20:15,0.000
06/30/06 20:20,0.000
06/30/06 20:25,0.000
06/30/06 20:30,0.000
06/30/06 20:35,0.000
06/30/06 20:40,0.000
06/30/06 20:45,0.000
06/30/06 20:50,0.000
06/30/06 20:55,0.000
06/30/06 21:00,0.000
06/30/06 21:05,0.000
06/30/06 21:10,0.000
06/30/06 21:15,0.000
06/30/06 21:20,0.000
06/30/06 21:25,0.000
06/30/06 21:30,0.000
06/30/06 21:35,0.000
06/30/06 21:40,0.000
06/30/06 21:45,0.000
06/30/06 21:50,0.000
06/30/06 21:55,0.000
06/30/06 22:00,0.000
06/30/06 22:05,0.000
06/30/06 22:10,0.000
06/30/06 22:15,0.000
06/30/06 22:20,0.000
06/30/06 22:25,0.000
06/30/06 22:30,0.000
06/30/06 22:35,0.000
06/30/06 22:40,0.000
06/30/06 22:45,0.000
06/30/06 22:50,0.000
06/30/06 22:55,0.000
06/30/06 23:00,0.000
06/30/06 23:05,0.000
06/30/06 23:10,0.000
06/30/06 23:15,0.000
06/30/06 23:20,0.000
06/30/06 23:25,0.000
06/30/06 23:30,0.000
06/30/06 23:35,0.000
06/30/06 23:40,0.000
06/30/06 23:45,0.000
06/30/06 23:50,0.000
06/30/06 23:55,0.000
07/01/06 00:00,0.000
07/01/06 00:05,0.000
07/01/06 00:10,0.000
07/01/06 00:15,0.000
07/01/06 00:20,0.000
07/01/06 00:25,0.000
07/01/06 00:30,0.000
07/01/06 00:35,0.000
07/01/06 00:40,0.000
07/01/06 00:45,0.000
07/01/06 00:50,0.000
07/01/06 00:55,0.000
07/01/06 01:00,0.000
07/01/06 01:05,0.000
07/01/06 01:10,0.000
07/01/06 01:15,0.000
07/01/06 01:20,0.000
07/01/06 01:25,0.000
07/01/06 01:30,0.000
07/01/06 01:35,0.000
07/01/06 01:40,0.000
07/01/06 01:45,0.000
07/01/06 01:50,0.000
07/01/06 01:55,0.000
07/01/06 02:00,0.000
07/01/06 02:05,0.000
07/01/06 02:10,0.000
07/01/06 02:15,0.000
07/01/06 02:20,0.000
07/01/06 02:25,0.000
07/01/06 02:30,0.000
07/01/06 02:35,0.000
07/01/06 02:40,0.000
07/01/06 02:45,0.000
07/01/06 02:50,0.000
07/01/06 02:55,0.000
07/01/06 03:00,0.000
07/01/06 03:05,0.000
07/01/06 03:10,0.000
07/01/06 03:15,0.000
07/01/06 03:20,0.000
07/01/06 03:25,0.000
07/01/06 03:30,0.000
07/01/06 03:35,0.000
07/01/06 03:40,0.000
07/01/06 03:45,0.000
07/01/06 03:50,0.000
07/01/06 03:55,0.000
07/01/06 04:00,0.000
07/01/06 04:05,0.000
07/01/06 04:10,0.000
07/01/06 04:15,0.000
07/01/06 04:20,0.000
07/01/06 04:25,0.000
07/01/06 04:30,0.000
07/01/06 04:35,0.000
07/01/06 04:40,0.000
07/01/06 04:45,0.000
07/01/06 04:50,0.001
07/01/06 04:55,0.001
07/01/06 05:00,0.001
07/01/06 05:05,0.001
07/01/06 05:10,0.002
07/01/06 05:15,0.003
07/01/06 05:20,0.006
07/01/06 05:25,0.010
07/01/06 05:30,0.016
07/01/06 05:35,0.025
07/01/06 05:40,0.039
07/01/06 05:45,0.061
07/01/06 05:50,0.078
07/01/06 05:55,0.087
07/01/06 06:00,0.097
07/01/06 06:05,0.107
07/01/06 06:10,0.118
07/01/06 06:15,0.129
07/01/06 06:20,0.140
07/01/06 06:25,0.152
07/01/06 06:30,0.164
07/01/06 06:35,0.176
07/01/06 06:40,0.188
07/01/06 06:45,0.200
07/01/06 06:50,0.211
07/01/06 06:55,0.223
07/01/06 07:00,0.234
07/01/06 07:05,0.247
07/01/06 07:10,0.260
07/01/06 07:15,0.271
07/01/06 07:20,0.283
07/01/06 07:25,0.295
07/01/06 07:30,0.307
07/01/06 07:35,0.318
07/01/06 07:40,0.330
07/01/06 07:45,0.340
07/01/06 07:50,0.351
07/01/06 07:55,0.377
07/01/06 08:00,0.402
07/01/06 08:05,0.412
07/01/06 08:10,0.426
07/01/06 08:15,0.437
07/01/06 08:20,0.449
07/01/06 08:25,0.460
07/01/06 08:30,0.470
07/01/06 08:35,0.478
07/01/06 08:40,0.488
07/01/06 08:45,0.498
07/01/06 08:50,0.508
07/01/06 08:55,0.516
07/01/06 09:00,0.523
07/01/06 09:05,0.529
07/01/06 09:10,0.535
07/01/06 09:15,0.540
07/01/06 09:20,0.545
07/01/06 09:25,0.550
07/01/06 09:30,0.551
07/01/06 09:35,0.556
07/01/06 09:40,0.560
07/01/06 09:45,0.566
07/01/06 09:50,0.571
07/01/06 09:55,0.576
07/01/06 10:00,0.581
07/01/06 10:05,0.590
07/01/06 10:10,0.596
07/01/06 10:15,0.602
07/01/06 10:20,0.608
07/01/06 10:25,0.612
07/01/06 10:30,0.615
07/01/06 10:35,0.619
07/01/06 10:40,0.624
07/01/06 10:45,0.626
07/01/06 10:50,0.628
07/01/06 10:55,0.632
07/01/06 11:00,0.630
07/01/06 11:05,0.630
07/01/06 11:10,0.632
07/01/06 11:15,0.633
07/01/06 11:20,0.633
07/01/06 11:25,0.633
07/01/06 11:30,0.633
07/01/06 11:35,0.633
07/01/06 11:40,0.634
07/01/06 11:45,0.635
07/01/06 11:50,0.635
07/01/06 11:55,0.630
07/01/06 12:00,0.589
07/01/06 12:05,0.584
07/01/06 12:10,0.584
07/01/06 12:15,0.584
07/01/06 12:20,0.583
07/01/06 12:25,0.584
07/01/06 12:30,0.583
07/01/06 12:35,0.577
07/01/06 12:40,0.576
07/01/06 12:45,0.574
07/01/06 12:50,0.571
07/01/06 12:55,0.567
07/01/06 13:00,0.565
07/01/06 13:05,0.563
07/01/06 13:10,0.561
07/01/06 13:15,0.559
07/01/06 13:20,0.556
07/01/06 13:25,0.554
07/01/06 13:30,0.554
07/01/06 13:35,0.549
07/01/06 13:40,0.544
07/01/06 13:45,0.540
07/01/06 13:50,0.535
07/01/06 13:55,0.529
07/01/06 14:00,0.516
07/01/06 14:05,0.485
07/01/06 14:10,0.436
07/01/06 14:15,0.431
07/01/06 14:20,0.450
07/01/06 14:25,0.427
07/01/06 14:30,0.366
07/01/06 14:35,0.392
07/01/06 14:40,0.409
07/01/06 14:45,0.357
07/01/06 14:50,0.293
07/01/06 14:55,0.301
07/01/06 15:00,0.341
07/01/06 15:05,0.360
07/01/06 15:10,0.365
07/01/06 15:15,0.363
07/01/06 15:20,0.354
07/01/06 15:25,0.343
07/01/06 15:30,0.332
07/01/06 15:35,0.321
07/01/06 15:40,0.313
07/01/06 15:45,0.303
07/01/06 15:50,0.290
07/01/06 15:55,0.277
07/01/06 16:00,0.274
07/01/06 16:05,0.242
07/01/06 16:10,0.248
07/01/06 16:15,0.247
07/01/06 16:20,0.235
07/01/06 16:25,0.233
07/01/06 16:30,0.217
07/01/06 16:35,0.201
07/01/06 16:40,0.173
07/01/06 16:45,0.156
07/01/06 16:50,0.151
07/01/06 16:55,0.148
07/01/06 17:00,0.150
07/01/06 17:05,0.149
07/01/06 17:10,0.144
07/01/06 17:15,0.138
07/01/06 17:20,0.130
07/01/06 17:25,0.122
07/01/06 17:30,0.113
07/01/06 17:35,0.105
07/01/06 17:40,0.097
07/01/06 17:45,0.088
07/01/06 17:50,0.080
07/01/06 17:55,0.073
07/01/06 18:00,0.052
07/01/06 18:05,0.032
07/01/06 18:10,0.020
07/01/06 18:15,0.012
07/01/06 18:20,0.007
07/01/06 18:25,0.004
07/01/06 18:30,0.002
07/01/06 18:35,0.001
07/01/06 18:40,0.001
07/01/06 18:45,0.001
07/01/06 18:50,0.000
07/01/06 18:55,0.000
07/01/06 19:00,0.000
07/01/06 19:05,0.000
07/01/06 19:10,0.000
07/01/06 19:15,0.000
07/01/06 19:20,0.000
07/01/06 19:25,0.000
07/01/06 19:30,0.000
07/01/06 19:35,0.000
07/01/06 19:40,0.000
07/01/06 19:45,0.000
07/01/06 19:50,0.000
07/01/06 19:55,0.000
07/01/06 20:00,0.000
07/01/06 20:05,0.000
07/01/06 20:10,0.000
07/01/06 20:15,0.000
07/01/06 20:20,0.000
07/01/06 20:25,0.000
07/01/06 20:30,0.000
07/01/06 20:35,0.000
07/01/06 20:40,0.000
07/01/06 20:45,0.000
07/01/06 20:50,0.000
07/01/06 20:55,0.000
07/01/06 21:00,0.000
07/01/06 21:05,0.000
07/01/06 21:10,0.000
07/01/06 21:15,0.000
07/01/06 21:20,0.000
07/01/06 21:25,0.000
07/01/06 21:30,0.000
07/01/06 21:35,0.000
07/01/06 21:40,0.000
07/01/06 21:45,0.000
07/01/06 21:50,0.000
07/01/06 21:55,0.000
07/01/06 22:00,0.000
07/01/06 22:05,0.000
07/01/06 22:10,0.000
07/01/06 22:15,0.000
07/01/06 22:20,0.000
07/01/06 22:25,0.000
07/01/06 22:30,0.000
07/01/06 22:35,0.000
07/01/06 22:40,0.000
07/01/06 22:45,0.000
07/01/06 22:50,0.000
07/01/06 22:55,0.000
07/01/06 23:00,0.000
07/01/06 23:05,0.000
07/01/06 23:10,0.000
07/01/06 23:15,0.000
07/01/06 23:20,0.000
07/01/06 23:25,0.000
07/01/06 23:30,0.000
07/01/06 23:35,0.000
07/01/06 23:40,0.000
07/01/06 23:45,0.000
07/01/06 23:50,0.000
07/01/06 23:55,0.000
07/02/06 00:00,0.000
07/02/06 00:05,0.000
07/02/06 00:10,0.000
07/02/06 00:15,0.000
07/02/06 00:20,0.000
07/02/06 00:25,0.000
07/02/06 00:30,0.000
07/02/06 00:35,0.000
07/02/06 00:40,0.000
07/02/06 00:45,0.000
07/02/06 00:50,0.000
07/02/06 00:55,0.000
07/02/06 01:00,0.000
07/02/06 01:05,0.000
07/02/06 01:10,0.000
07/02/06 01:15,0.000
07/02/06 01:20,0.000
07/02/06 01:25,0.000
07/02/06 01:30,0.000
07/02/06 01:35,0.000
07/02/06 01:40,0.000
07/02/06 01:45,0.000
07/02/06 01:50,0.000
07/02/06 01:55,0.000
07/02/06 02:00,0.000
07/02/06 02:05,0.000
07/02/06 02:10,0.000
07/02/06 02:15,0.000
07/02/06 02:20,0.000
07/02/06 02:25,0.000
07/02/06 02:30,0.000
07/02/06 02:35,0.000
07/02/06 02:40,0.000
07/02/06 02:45,0.000
07/02/06 02:50,0.000
07/02/06 02:55,0.000
07/02/06 03:00,0.000
07/02/06 03:05,0.000
07/02/06 03:10,0.000
07/02/06 03:15,0.000
07/02/06 03:20,0.000
07/02/06 03:25,0.000
07/02/06 03:30,0.000
07/02/06 03:35,0.000
07/02/06 03:40,0.000
07/02/06 03:45,0.000
07/02/06 03:50,0.000
07/02/06 03:55,0.000
07/02/06 04:00,0.000
07/02/06 04:05,0.000
07/02/06 04:10,0.000
07/02/06 04:15,0.000
07/02/06 04:20,0.000
07/02/06 04:25,0.000
07/02/06 04:30,0.000
07/02/06 04:35,0.000
07/02/06 04:40,0.000
07/02/06 04:45,0.000
07/02/06 04:50,0.001
07/02/06 04:55,0.001
07/02/06 05:00,0.001
07/02/06 05:05,0.001
07/02/06 05:10,0.002
07/02/06 05:15,0.003
07/02/06 05:20,0.006
07/02/06 05:25,0.010
07/02/06 05:30,0.018
07/02/06 05:35,0.031
07/02/06 05:40,0.055
07/02/06 05:45,0.078
07/02/06 05:50,0.088
07/02/06 05:55,0.098
07/02/06 06:00,0.105
07/02/06 06:05,0.115
07/02/06 06:10,0.126
07/02/06 06:15,0.137
07/02/06 06:20,0.149
07/02/06 06:25,0.159
07/02/06 06:30,0.168
07/02/06 06:35,0.178
07/02/06 06:40,0.187
07/02/06 06:45,0.195
07/02/06 06:50,0.205
07/02/06 06:55,0.215
07/02/06 07:00,0.226
07/02/06 07:05,0.237
07/02/06 07:10,0.248
07/02/06 07:15,0.259
07/02/06 07:20,0.269
07/02/06 07:25,0.279
07/02/06 07:30,0.289
07/02/06 07:35,0.298
07/02/06 07:40,0.307
07/02/06 07:45,0.316
07/02/06 07:50,0.325
07/02/06 07:55,0.334
07/02/06 08:00,0.342
07/02/06 08:05,0.349
07/02/06 08:10,0.359
07/02/06 08:15,0.364
07/02/06 08:20,0.368
07/02/06 08:25,0.371
07/02/06 08:30,0.374
07/02/06 08:35,0.379
07/02/06 08:40,0.383
07/02/06 08:45,0.387
07/02/06 08:50,0.391
07/02/06 08:55,0.396
07/02/06 09:00,0.400
07/02/06 09:05,0.404
07/02/06 09:10,0.406
07/02/06 09:15,0.409
07/02/06 09:20,0.412
07/02/06 09:25,0.414
07/02/06 09:30,0.416
07/02/06 09:35,0.417
07/02/06 09:40,0.419
07/02/06 09:45,0.424
07/02/06 09:50,0.429
07/02/06 09:55,0.432
07/02/06 10:00,0.439
07/02/06 10:05,0.449
07/02/06 10:10,0.458
07/02/06 10:15,0.466
07/02/06 10:20,0.472
07/02/06 10:25,0.477
07/02/06 10:30,0.481
07/02/06 10:35,0.486
07/02/06 10:40,0.492
07/02/06 10:45,0.497
07/02/06 10:50,0.501
07/02/06 10:55,0.505
07/02/06 11:00,0.507
07/02/06 11:05,0.508
07/02/06 11:10,0.511
07/02/06 11:15,0.513
07/02/06 11:20,0.514
07/02/06 11:25,0.515
07/02/06 11:30,0.516
07/02/06 11:35,0.514
07/02/06 11:40,0.511
07/02/06 11:45,0.510
07/02/06 11:50,0.510
07/02/06 11:55,0.509
07/02/06 12:00,0.509
07/02/06 12:05,0.510
07/02/06 12:10,0.508
07/02/06 12:15,0.501
07/02/06 12:20,0.497
07/02/06 12:25,0.494
07/02/06 12:30,0.490
07/02/06 12:35,0.486
07/02/06 12:40,0.482
07/02/06 12:45,0.478
07/02/06 12:50,0.474
07/02/06 12:55,0.469
07/02/06 13:00,0.465
07/02/06 13:05,0.459
07/02/06 13:10,0.452
07/02/06 13:15,0.447
07/02/06 13:20,0.443
07/02/06 13:25,0.438
07/02/06 13:30,0.434
07/02/06 13:35,0.430
07/02/06 13:40,0.427
07/02/06 13:45,0.425
07/02/06 13:50,0.424
07/02/06 13:55,0.421
07/02/06 14:00,0.420
07/02/06 14:05,0.418
07/02/06 14:10,0.414
07/02/06 14:15,0.409
07/02/06 14:20,0.405
07/02/06 14:25,0.400
07/02/06 14:30,0.396
07/02/06 14:35,0.393
07/02/06 14:40,0.387
07/02/06 14:45,0.381
07/02/06 14:50,0.373
07/02/06 14:55,0.366
07/02/06 15:00,0.359
07/02/06 15:05,0.352
07/02/06 15:10,0.345
07/02/06 15:15,0.337
07/02/06 15:20,0.329
07/02/06 15:25,0.320
07/02/06 15:30,0.312
07/02/06 15:35,0.301
07/02/06 15:40,0.289
07/02/06 15:45,0.278
07/02/06 15:50,0.266
07/02/06 15:55,0.253
07/02/06 16:00,0.241
07/02/06 16:05,0.230
07/02/06 16:10,0.220
07/02/06 16:15,0.210
07/02/06 16:20,0.201
07/02/06 16:25,0.192
07/02/06 16:30,0.183
07/02/06 16:35,0.174
07/02/06 16:40,0.165
07/02/06 16:45,0.156
07/02/06 16:50,0.146
07/02/06 16:55,0.137
07/02/06 17:00,0.128
07/02/06 17:05,0.120
07/02/06 17:10,0.111
07/02/06 17:15,0.104
07/02/06 17:20,0.097
07/02/06 17:25,0.091
07/02/06 17:30,0.085
07/02/06 17:35,0.079
07/02/06 17:40,0.074
07/02/06 17:45,0.065
07/02/06 17:50,0.050
07/02/06 17:55,0.042
07/02/06 18:00,0.037
07/02/06 18:05,0.028
07/02/06 18:10,0.019
07/02/06 18:15,0.013
07/02/06 18:20,0.008
07/02/06 18:25,0.005
07/02/06 18:30,0.003
07/02/06 18:35,0.003
07/02/06 18:40,0.002
07/02/06 18:45,0.001
07/02/06 18:50,0.000
07/02/06 18:55,0.000
07/02/06 19:00,0.000
07/02/06 19:05,0.000
07/02/06 19:10,0.000
07/02/06 19:15,0.000
07/02/06 19:20,0.000
07/02/06 19:25,0.000
07/02/06 19:30,0.000
07/02/06 19:35,0.000
07/02/06 19:40,0.000
07/02/06 19:45,0.000
07/02/06 19:50,0.000
07/02/06 19:55,0.000
07/02/06 20:00,0.000
07/02/06 20:05,0.000
07/02/06 20:10,0.000
07/02/06 20:15,0.000
07/02/06 20:20,0.000
07/02/06 20:25,0.000
07/02/06 20:30,0.000
07/02/06 20:35,0.000
07/02/06 20:40,0.000
07/02/06 20:45,0.000
07/02/06 20:50,0.000
07/02/06 20:55,0.000
07/02/06 21:00,0.000
07/02/06 21:05,0.000
07/02/06 21:10,0.000
07/02/06 21:15,0.000
07/02/06 21:20,0.000
07/02/06 21:25,0.000
07/02/06 21:30,0.000
07/02/06 21:35,0.000
07/02/06 21:40,0.000
07/02/06 21:45,0.000
07/02/06 21:50,0.000
07/02/06 21:55,0.000
07/02/06 22:00,0.000
07/02/06 22:05,0.000
07/02/06 22:10,0.000
07/02/06 22:15,0.000
07/02/06 22:20,0.000
07/02/06 22:25,0.000
07/02/06 22:30,0.000
07/02/06 22:35,0.000
07/02/06 22:40,0.000
07/02/06 22:45,0.000
07/02/06 22:50,0.000
07/02/06 22:55,0.000
07/02/06 23:00,0.000
07/02/06 23:05,0.000
07/02/06 23:10,0.000
07/02/06 23:15,0.000
07/02/06 23:20,0.000
07/02/06 23:25,0.000
07/02/06 23:30,0.000
07/02/06 23:35,0.000
07/02/06 23:40,0.000
07/02/06 23:45,0.000
07/02/06 23:50,0.000
07/02/06 23:55,0.000
07/03/06 00:00,0.000
07/03/06 00:05,0.000
07/03/06 00:10,0.000
07/03/06 00:15,0.000
07/03/06 00:20,0.000
07/03/06 00:25,0.000
07/03/06 00:30,0.000
07/03/06 00:35,0.000
07/03/06 00:40,0.000
07/03/06 00:45,0.000
07/03/06 00:50,0.000
07/03/06 00:55,0.000
07/03/06 01:00,0.000
07/03/06 01:05,0.000
07/03/06 01:10,0.000
07/03/06 01:15,0.000
07/03/06 01:20,0.000
07/03/06 01:25,0.000
07/03/06 01:30,0.000
07/03/06 01:35,0.000
07/03/06 01:40,0.000
07/03/06 01:45,0.000
07/03/06 01:50,0.000
07/03/06 01:55,0.000
07/03/06 02:00,0.000
07/03/06 02:05,0.000
07/03/06 02:10,0.000
07/03/06 02:15,0.000
07/03/06 02:20,0.000
07/03/06 02:25,0.000
07/03/06 02:30,0.000
07/03/06 02:35,0.000
07/03/06 02:40,0.000
07/03/06 02:45,0.000
07/03/06 02:50,0.000
07/03/06 02:55,0.000
07/03/06 03:00,0.000
07/03/06 03:05,0.000
07/03/06 03:10,0.000
07/03/06 03:15,0.000
07/03/06 03:20,0.000
07/03/06 03:25,0.000
07/03/06 03:30,0.000
07/03/06 03:35,0.000
07/03/06 03:40,0.000
07/03/06 03:45,0.000
07/03/06 03:50,0.000
07/03/06 03:55,0.000
07/03/06 04:00,0.000
07/03/06 04:05,0.000
07/03/06 04:10,0.000
07/03/06 04:15,0.000
07/03/06 04:20,0.000
07/03/06 04:25,0.000
07/03/06 04:30,0.000
07/03/06 04:35,0.000
07/03/06 04:40,0.000
07/03/06 04:45,0.000
07/03/06 04:50,0.000
07/03/06 04:55,0.001
07/03/06 05:00,0.001
07/03/06 05:05,0.001
07/03/06 05:10,0.002
07/03/06 05:15,0.003
07/03/06 05:20,0.005
07/03/06 05:25,0.009
07/03/06 05:30,0.015
07/03/06 05:35,0.024
07/03/06 05:40,0.038
07/03/06 05:45,0.060
07/03/06 05:50,0.078
07/03/06 05:55,0.087
07/03/06 06:00,0.096
07/03/06 06:05,0.106
07/03/06 06:10,0.117
07/03/06 06:15,0.128
07/03/06 06:20,0.139
07/03/06 06:25,0.150
07/03/06 06:30,0.161
07/03/06 06:35,0.173
07/03/06 06:40,0.185
07/03/06 06:45,0.197
07/03/06 06:50,0.210
07/03/06 06:55,0.222
07/03/06 07:00,0.235
07/03/06 07:05,0.247
07/03/06 07:10,0.258
07/03/06 07:15,0.269
07/03/06 07:20,0.276
07/03/06 07:25,0.284
07/03/06 07:30,0.292
07/03/06 07:35,0.300
07/03/06 07:40,0.309
07/03/06 07:45,0.316
07/03/06 07:50,0.323
07/03/06 07:55,0.330
07/03/06 08:00,0.338
07/03/06 08:05,0.346
07/03/06 08:10,0.356
07/03/06 08:15,0.363
07/03/06 08:20,0.368
07/03/06 08:25,0.373
07/03/06 08:30,0.379
07/03/06 08:35,0.384
07/03/06 08:40,0.390
07/03/06 08:45,0.399
07/03/06 08:50,0.411
07/03/06 08:55,0.421
07/03/06 09:00,0.430
07/03/06 09:05,0.439
07/03/06 09:10,0.449
07/03/06 09:15,0.461
07/03/06 09:20,0.472
07/03/06 09:25,0.482
07/03/06 09:30,0.490
07/03/06 09:35,0.499
07/03/06 09:40,0.508
07/03/06 09:45,0.515
07/03/06 09:50,0.522
07/03/06 09:55,0.529
07/03/06 10:00,0.534
07/03/06 10:05,0.539
07/03/06 10:10,0.544
07/03/06 10:15,0.547
07/03/06 10:20,0.554
07/03/06 10:25,0.561
07/03/06 10:30,0.567
07/03/06 10:35,0.572
07/03/06 10:40,0.575
07/03/06 10:45,0.581
07/03/06 10:50,0.583
07/03/06 10:55,0.585
07/03/06 11:00,0.586
07/03/06 11:05,0.590
07/03/06 11:10,0.593
07/03/06 11:15,0.594
07/03/06 11:20,0.591
07/03/06 11:25,0.588
07/03/06 11:30,0.586
07/03/06 11:35,0.584
07/03/06 11:40,0.581
07/03/06 11:45,0.578
07/03/06 11:50,0.575
07/03/06 11:55,0.571
07/03/06 12:00,0.570
07/03/06 12:05,0.570
07/03/06 12:10,0.570
07/03/06 12:15,0.570
07/03/06 12:20,0.567
07/03/06 12:25,0.559
07/03/06 12:30,0.555
07/03/06 12:35,0.551
07/03/06 12:40,0.548
07/03/06 12:45,0.542
07/03/06 12:50,0.530
07/03/06 12:55,0.519
07/03/06 13:00,0.512
07/03/06 13:05,0.508
07/03/06 13:10,0.505
07/03/06 13:15,0.502
07/03/06 13:20,0.500
07/03/06 13:25,0.498
07/03/06 13:30,0.495
07/03/06 13:35,0.492
07/03/06 13:40,0.489
07/03/06 13:45,0.486
07/03/06 13:50,0.482
07/03/06 13:55,0.479
07/03/06 14:00,0.476
07/03/06 14:05,0.471
07/03/06 14:10,0.465
07/03/06 14:15,0.458
07/03/06 14:20,0.451
07/03/06 14:25,0.444
07/03/06 14:30,0.436
07/03/06 14:35,0.430
07/03/06 14:40,0.424
07/03/06 14:45,0.419
07/03/06 14:50,0.412
07/03/06 14:55,0.405
07/03/06 15:00,0.398
07/03/06 15:05,0.392
07/03/06 15:10,0.386
07/03/06 15:15,0.378
07/03/06 15:20,0.372
07/03/06 15:25,0.366
07/03/06 15:30,0.360
07/03/06 15:35,0.350
07/03/06 15:40,0.343
07/03/06 15:45,0.335
07/03/06 15:50,0.325
07/03/06 15:55,0.316
07/03/06 16:00,0.304
07/03/06 16:05,0.291
07/03/06 16:10,0.279
07/03/06 16:15,0.264
07/03/06 16:20,0.250
07/03/06 16:25,0.237
07/03/06 16:30,0.223
07/03/06 16:35,0.210
07/03/06 16:40,0.198
07/03/06 16:45,0.186
07/03/06 16:50,0.174
07/03/06 16:55,0.162
07/03/06 17:00,0.152
07/03/06 17:05,0.143
07/03/06 17:10,0.133
07/03/06 17:15,0.125
07/03/06 17:20,0.117
07/03/06 17:25,0.109
07/03/06 17:30,0.101
07/03/06 17:35,0.093
07/03/06 17:40,0.087
07/03/06 17:45,0.081
07/03/06 17:50,0.074
07/03/06 17:55,0.060
07/03/06 18:00,0.040
07/03/06 18:05,0.026
07/03/06 18:10,0.017
07/03/06 18:15,0.011
07/03/06 18:20,0.007
07/03/06 18:25,0.005
07/03/06 18:30,0.003
07/03/06 18:35,0.002
07/03/06 18:40,0.001
07/03/06 18:45,0.001
07/03/06 18:50,0.001
07/03/06 18:55,0.000
07/03/06 19:00,0.000
07/03/06 19:05,0.000
07/03/06 19:10,0.000
07/03/06 19:15,0.000
07/03/06 19:20,0.000
07/03/06 19:25,0.000
07/03/06 19:30,0.000
07/03/06 19:35,0.000
07/03/06 19:40,0.000
07/03/06 19:45,0.000
07/03/06 19:50,0.000
07/03/06 19:55,0.000
07/03/06 20:00,0.000
07/03/06 20:05,0.000
07/03/06 20:10,0.000
07/03/06 20:15,0.000
07/03/06 20:20,0.000
07/03/06 20:25,0.000
07/03/06 20:30,0.000
07/03/06 20:35,0.000
07/03/06 20:40,0.000
07/03/06 20:45,0.000
07/03/06 20:50,0.000
07/03/06 20:55,0.000
07/03/06 21:00,0.000
07/03/06 21:05,0.000
07/03/06 21:10,0.000
07/03/06 21:15,0.000
07/03/06 21:20,0.000
07/03/06 21:25,0.000
07/03/06 21:30,0.000
07/03/06 21:35,0.000
07/03/06 21:40,0.000
07/03/06 21:45,0.000
07/03/06 21:50,0.000
07/03/06 21:55,0.000
07/03/06 22:00,0.000
07/03/06 22:05,0.000
07/03/06 22:10,0.000
07/03/06 22:15,0.000
07/03/06 22:20,0.000
07/03/06 22:25,0.000
07/03/06 22:30,0.000
07/03/06 22:35,0.000
07/03/06 22:40,0.000
07/03/06 22:45,0.000
07/03/06 22:50,0.000
07/03/06 22:55,0.000
07/03/06 23:00,0.000
07/03/06 23:05,0.000
07/03/06 23:10,0.000
07/03/06 23:15,0.000
07/03/06 23:20,0.000
07/03/06 23:25,0.000
07/03/06 23:30,0.000
07/03/06 23:35,0.000
07/03/06 23:40,0.000
07/03/06 23:45,0.000
07/03/06 23:50,0.000
07/03/06 23:55,0.000
07/04/06 00:00,0.000
07/04/06 00:05,0.000
07/04/06 00:10,0.000
07/04/06 00:15,0.000
07/04/06 00:20,0.000
07/04/06 00:25,0.000
07/04/06 00:30,0.000
07/04/06 00:35,0.000
07/04/06 00:40,0.000
07/04/06 00:45,0.000
07/04/06 00:50,0.000
07/04/06 00:55,0.000
07/04/06 01:00,0.000
07/04/06 01:05,0.000
07/04/06 01:10,0.000
07/04/06 01:15,0.000
07/04/06 01:20,0.000
07/04/06 01:25,0.000
07/04/06 01:30,0.000
07/04/06 01:35,0.000
07/04/06 01:40,0.000
07/04/06 01:45,0.000
07/04/06 01:50,0.000
07/04/06 01:55,0.000
07/04/06 02:00,0.000
07/04/06 02:05,0.000
07/04/06 02:10,0.000
07/04/06 02:15,0.000
07/04/06 02:20,0.000
07/04/06 02:25,0.000
07/04/06 02:30,0.000
07/04/06 02:35,0.000
07/04/06 02:40,0.000
07/04/06 02:45,0.000
07/04/06 02:50,0.000
07/04/06 02:55,0.000
07/04/06 03:00,0.000
07/04/06 03:05,0.000
07/04/06 03:10,0.000
07/04/06 03:15,0.000
07/04/06 03:20,0.000
07/04/06 03:25,0.000
07/04/06 03:30,0.000
07/04/06 03:35,0.000
07/04/06 03:40,0.000
07/04/06 03:45,0.000
07/04/06 03:50,0.000
07/04/06 03:55,0.000
07/04/06 04:00,0.000
07/04/06 04:05,0.000
07/04/06 04:10,0.000
07/04/06 04:15,0.000
07/04/06 04:20,0.000
07/04/06 04:25,0.000
07/04/06 04:30,0.000
07/04/06 04:35,0.000
07/04/06 04:40,0.000
07/04/06 04:45,0.000
07/04/06 04:50,0.001
07/04/06 04:55,0.001
07/04/06 05:00,0.002
07/04/06 05:05,0.003
07/04/06 05:10,0.005
07/04/06 05:15,0.006
07/04/06 05:20,0.008
07/04/06 05:25,0.015
07/04/06 05:30,0.023
07/04/06 05:35,0.030
07/04/06 05:40,0.043
07/04/06 05:45,0.073
07/04/06 05:50,0.074
07/04/06 05:55,0.079
07/04/06 06:00,0.087
07/04/06 06:05,0.100
07/04/06 06:10,0.117
07/04/06 06:15,0.119
07/04/06 06:20,0.107
07/04/06 06:25,0.107
07/04/06 06:30,0.116
07/04/06 06:35,0.128
07/04/06 06:40,0.137
07/04/06 06:45,0.155
07/04/06 06:50,0.174
07/04/06 06:55,0.175
07/04/06 07:00,0.173
07/04/06 07:05,0.176
07/04/06 07:10,0.162
07/04/06 07:15,0.157
07/04/06 07:20,0.180
07/04/06 07:25,0.165
07/04/06 07:30,0.155
07/04/06 07:35,0.147
07/04/06 07:40,0.140
07/04/06 07:45,0.143
07/04/06 07:50,0.177
07/04/06 07:55,0.213
07/04/06 08:00,0.235
07/04/06 08:05,0.216
07/04/06 08:10,0.245
07/04/06 08:15,0.275
07/04/06 08:20,0.283
07/04/06 08:25,0.304
07/04/06 08:30,0.314
07/04/06 08:35,0.312
07/04/06 08:40,0.325
07/04/06 08:45,0.331
07/04/06 08:50,0.316
07/04/06 08:55,0.275
07/04/06 09:00,0.251
07/04/06 09:05,0.267
07/04/06 09:10,0.316
07/04/06 09:15,0.357
07/04/06 09:20,0.382
07/04/06 09:25,0.395
07/04/06 09:30,0.404
07/04/06 09:35,0.400
07/04/06 09:40,0.376
07/04/06 09:45,0.408
07/04/06 09:50,0.437
07/04/06 09:55,0.440
07/04/06 10:00,0.420
07/04/06 10:05,0.410
07/04/06 10:10,0.411
07/04/06 10:15,0.418
07/04/06 10:20,0.430
07/04/06 10:25,0.446
07/04/06 10:30,0.462
07/04/06 10:35,0.475
07/04/06 10:40,0.488
07/04/06 10:45,0.498
07/04/06 10:50,0.507
07/04/06 10:55,0.516
07/04/06 11:00,0.521
07/04/06 11:05,0.525
07/04/06 11:10,0.528
07/04/06 11:15,0.528
07/04/06 11:20,0.529
07/04/06 11:25,0.529
07/04/06 11:30,0.530
07/04/06 11:35,0.529
07/04/06 11:40,0.528
07/04/06 11:45,0.523
07/04/06 11:50,0.518
07/04/06 11:55,0.512
07/04/06 12:00,0.510
07/04/06 12:05,0.508
07/04/06 12:10,0.508
07/04/06 12:15,0.508
07/04/06 12:20,0.509
07/04/06 12:25,0.508
07/04/06 12:30,0.507
07/04/06 12:35,0.505
07/04/06 12:40,0.502
07/04/06 12:45,0.500
07/04/06 12:50,0.497
07/04/06 12:55,0.495
07/04/06 13:00,0.490
07/04/06 13:05,0.487
07/04/06 13:10,0.484
07/04/06 13:15,0.480
07/04/06 13:20,0.475
07/04/06 13:25,0.467
07/04/06 13:30,0.463
07/04/06 13:35,0.456
07/04/06 13:40,0.448
07/04/06 13:45,0.441
07/04/06 13:50,0.435
07/04/06 13:55,0.428
07/04/06 14:00,0.423
07/04/06 14:05,0.418
07/04/06 14:10,0.412
07/04/06 14:15,0.406
07/04/06 14:20,0.400
07/04/06 14:25,0.395
07/04/06 14:30,0.388
07/04/06 14:35,0.381
07/04/06 14:40,0.375
07/04/06 14:45,0.370
07/04/06 14:50,0.365
07/04/06 14:55,0.361
07/04/06 15:00,0.374
07/04/06 15:05,0.381
07/04/06 15:10,0.382
07/04/06 15:15,0.377
07/04/06 15:20,0.371
07/04/06 15:25,0.364
07/04/06 15:30,0.357
07/04/06 15:35,0.344
07/04/06 15:40,0.336
07/04/06 15:45,0.328
07/04/06 15:50,0.320
07/04/06 15:55,0.311
07/04/06 16:00,0.300
07/04/06 16:05,0.280
07/04/06 16:10,0.256
07/04/06 16:15,0.239
07/04/06 16:20,0.228
07/04/06 16:25,0.214
07/04/06 16:30,0.194
07/04/06 16:35,0.177
07/04/06 16:40,0.162
07/04/06 16:45,0.145
07/04/06 16:50,0.135
07/04/06 16:55,0.127
07/04/06 17:00,0.133
07/04/06 17:05,0.139
07/04/06 17:10,0.138
07/04/06 17:15,0.130
07/04/06 17:20,0.121
07/04/06 17:25,0.112
07/04/06 17:30,0.106
07/04/06 17:35,0.101
07/04/06 17:40,0.096
07/04/06 17:45,0.091
07/04/06 17:50,0.087
07/04/06 17:55,0.080
07/04/06 18:00,0.061
07/04/06 18:05,0.032
07/04/06 18:10,0.018
07/04/06 18:15,0.010
07/04/06 18:20,0.006
07/04/06 18:25,0.004
07/04/06 18:30,0.002
07/04/06 18:35,0.001
07/04/06 18:40,0.001
07/04/06 18:45,0.000
07/04/06 18:50,0.000
07/04/06 18:55,0.000
07/04/06 19:00,0.000
07/04/06 19:05,0.000
07/04/06 19:10,0.000
07/04/06 19:15,0.000
07/04/06 19:20,0.000
07/04/06 19:25,0.000
07/04/06 19:30,0.000
07/04/06 19:35,0.000
07/04/06 19:40,0.000
07/04/06 19:45,0.000
07/04/06 19:50,0.000
07/04/06 19:55,0.000
07/04/06 20:00,0.000
07/04/06 20:05,0.000
07/04/06 20:10,0.000
07/04/06 20:15,0.000
07/04/06 20:20,0.000
07/04/06 20:25,0.000
07/04/06 20:30,0.000
07/04/06 20:35,0.000
07/04/06 20:40,0.000
07/04/06 20:45,0.000
07/04/06 20:50,0.000
07/04/06 20:55,0.000
07/04/06 21:00,0.000
07/04/06 21:05,0.000
07/04/06 21:10,0.000
07/04/06 21:15,0.000
07/04/06 21:20,0.000
07/04/06 21:25,0.000
07/04/06 21:30,0.000
07/04/06 21:35,0.000
07/04/06 21:40,0.000
07/04/06 21:45,0.000
07/04/06 21:50,0.000
07/04/06 21:55,0.000
07/04/06 22:00,0.000
07/04/06 22:05,0.000
07/04/06 22:10,0.000
07/04/06 22:15,0.000
07/04/06 22:20,0.000
07/04/06 22:25,0.000
07/04/06 22:30,0.000
07/04/06 22:35,0.000
07/04/06 22:40,0.000
07/04/06 22:45,0.000
07/04/06 22:50,0.000
07/04/06 22:55,0.000
07/04/06 23:00,0.000
07/04/06 23:05,0.000
07/04/06 23:10,0.000
07/04/06 23:15,0.000
07/04/06 23:20,0.000
07/04/06 23:25,0.000
07/04/06 23:30,0.000
07/04/06 23:35,0.000
07/04/06 23:40,0.000
07/04/06 23:45,0.000
07/04/06 23:50,0.000
07/04/06 23:55,0.000
07/05/06 00:00,0.000
07/05/06 00:05,0.000
07/05/06 00:10,0.000
07/05/06 00:15,0.000
07/05/06 00:20,0.000
07/05/06 00:25,0.000
07/05/06 00:30,0.000
07/05/06 00:35,0.000
07/05/06 00:40,0.000
07/05/06 00:45,0.000
07/05/06 00:50,0.000
07/05/06 00:55,0.000
07/05/06 01:00,0.000
07/05/06 01:05,0.000
07/05/06 01:10,0.000
07/05/06 01:15,0.000
07/05/06 01:20,0.000
07/05/06 01:25,0.000
07/05/06 01:30,0.000
07/05/06 01:35,0.000
07/05/06 01:40,0.000
07/05/06 01:45,0.000
07/05/06 01:50,0.000
07/05/06 01:55,0.000
07/05/06 02:00,0.000
07/05/06 02:05,0.000
07/05/06 02:10,0.000
07/05/06 02:15,0.000
07/05/06 02:20,0.000
07/05/06 02:25,0.000
07/05/06 02:30,0.000
07/05/06 02:35,0.000
07/05/06 02:40,0.000
07/05/06 02:45,0.000
07/05/06 02:50,0.000
07/05/06 02:55,0.000
07/05/06 03:00,0.000
07/05/06 03:05,0.000
07/05/06 03:10,0.000
07/05/06 03:15,0.000
07/05/06 03:20,0.000
07/05/06 03:25,0.000
07/05/06 03:30,0.000
07/05/06 03:35,0.000
07/05/06 03:40,0.000
07/05/06 03:45,0.000
07/05/06 03:50,0.000
07/05/06 03:55,0.000
07/05/06 04:00,0.000
07/05/06 04:05,0.000
07/05/06 04:10,0.000
07/05/06 04:15,0.000
07/05/06 04:20,0.000
07/05/06 04:25,0.000
07/05/06 04:30,0.000
07/05/06 04:35,0.000
07/05/06 04:40,0.000
07/05/06 04:45,0.000
07/05/06 04:50,0.000
07/05/06 04:55,0.001
07/05/06 05:00,0.001
07/05/06 05:05,0.002
07/05/06 05:10,0.004
07/05/06 05:15,0.006
07/05/06 05:20,0.009
07/05/06 05:25,0.015
07/05/06 05:30,0.021
07/05/06 05:35,0.029
07/05/06 05:40,0.036
07/05/06 05:45,0.036
07/05/06 05:50,0.039
07/05/06 05:55,0.065
07/05/06 06:00,0.077
07/05/06 06:05,0.086
07/05/06 06:10,0.098
07/05/06 06:15,0.109
07/05/06 06:20,0.121
07/05/06 06:25,0.132
07/05/06 06:30,0.143
07/05/06 06:35,0.163
07/05/06 06:40,0.190
07/05/06 06:45,0.212
07/05/06 06:50,0.229
07/05/06 06:55,0.238
07/05/06 07:00,0.215
07/05/06 07:05,0.201
07/05/06 07:10,0.200
07/05/06 07:15,0.202
07/05/06 07:20,0.202
07/05/06 07:25,0.205
07/05/06 07:30,0.216
07/05/06 07:35,0.223
07/05/06 07:40,0.230
07/05/06 07:45,0.237
07/05/06 07:50,0.249
07/05/06 07:55,0.260
07/05/06 08:00,0.273
07/05/06 08:05,0.289
07/05/06 08:10,0.297
07/05/06 08:15,0.330
07/05/06 08:20,0.338
07/05/06 08:25,0.351
07/05/06 08:30,0.375
07/05/06 08:35,0.392
07/05/06 08:40,0.384
07/05/06 08:45,0.381
07/05/06 08:50,0.401
07/05/06 08:55,0.416
07/05/06 09:00,0.425
07/05/06 09:05,0.386
07/05/06 09:10,0.364
07/05/06 09:15,0.373
07/05/06 09:20,0.402
07/05/06 09:25,0.430
07/05/06 09:30,0.454
07/05/06 09:35,0.441
07/05/06 09:40,0.452
07/05/06 09:45,0.479
07/05/06 09:50,0.509
07/05/06 09:55,0.509
07/05/06 10:00,0.506
07/05/06 10:05,0.485
07/05/06 10:10,0.445
07/05/06 10:15,0.441
07/05/06 10:20,0.474
07/05/06 10:25,0.494
07/05/06 10:30,0.487
07/05/06 10:35,0.481
07/05/06 10:40,0.484
07/05/06 10:45,0.472
07/05/06 10:50,0.452
07/05/06 10:55,0.442
07/05/06 11:00,0.435
07/05/06 11:05,0.449
07/05/06 11:10,0.457
07/05/06 11:15,0.464
07/05/06 11:20,0.428
07/05/06 11:25,0.426
07/05/06 11:30,0.446
07/05/06 11:35,0.449
07/05/06 11:40,0.468
07/05/06 11:45,0.480
07/05/06 11:50,0.485
07/05/06 11:55,0.493
07/05/06 12:00,0.495
07/05/06 12:05,0.502
07/05/06 12:10,0.503
07/05/06 12:15,0.501
07/05/06 12:20,0.496
07/05/06 12:25,0.479
07/05/06 12:30,0.460
07/05/06 12:35,0.440
07/05/06 12:40,0.424
07/05/06 12:45,0.393
07/05/06 12:50,0.348
07/05/06 12:55,0.303
07/05/06 13:00,0.307
07/05/06 13:05,0.303
07/05/06 13:10,0.300
07/05/06 13:15,0.287
07/05/06 13:20,0.276
07/05/06 13:25,0.264
07/05/06 13:30,0.253
07/05/06 13:35,0.261
07/05/06 13:40,0.260
07/05/06 13:45,0.254
07/05/06 13:50,0.252
07/05/06 13:55,0.216
07/05/06 14:00,0.233
07/05/06 14:05,0.243
07/05/06 14:10,0.248
07/05/06 14:15,0.261
07/05/06 14:20,0.266
07/05/06 14:25,0.268
07/05/06 14:30,0.266
07/05/06 14:35,0.260
07/05/06 14:40,0.248
07/05/06 14:45,0.231
07/05/06 14:50,0.220
07/05/06 14:55,0.212
07/05/06 15:00,0.209
07/05/06 15:05,0.206
07/05/06 15:10,0.201
07/05/06 15:15,0.198
07/05/06 15:20,0.195
07/05/06 15:25,0.192
07/05/06 15:30,0.187
07/05/06 15:35,0.180
07/05/06 15:40,0.175
07/05/06 15:45,0.171
07/05/06 15:50,0.166
07/05/06 15:55,0.164
07/05/06 16:00,0.154
07/05/06 16:05,0.140
07/05/06 16:10,0.130
07/05/06 16:15,0.126
07/05/06 16:20,0.124
07/05/06 16:25,0.122
07/05/06 16:30,0.119
07/05/06 16:35,0.109
07/05/06 16:40,0.102
07/05/06 16:45,0.098
07/05/06 16:50,0.093
07/05/06 16:55,0.091
07/05/06 17:00,0.103
07/05/06 17:05,0.111
07/05/06 17:10,0.110
07/05/06 17:15,0.107
07/05/06 17:20,0.097
07/05/06 17:25,0.086
07/05/06 17:30,0.076
07/05/06 17:35,0.068
07/05/06 17:40,0.067
07/05/06 17:45,0.059
07/05/06 17:50,0.037
07/05/06 17:55,0.022
07/05/06 18:00,0.009
07/05/06 18:05,0.004
07/05/06 18:10,0.002
07/05/06 18:15,0.001
07/05/06 18:20,0.001
07/05/06 18:25,0.001
07/05/06 18:30,0.000
07/05/06 18:35,0.000
07/05/06 18:40,0.000
07/05/06 18:45,0.000
07/05/06 18:50,0.000
07/05/06 18:55,0.000
07/05/06 19:00,0.000
07/05/06 19:05,0.000
07/05/06 19:10,0.000
07/05/06 19:15,0.000
07/05/06 19:20,0.000
07/05/06 19:25,0.000
07/05/06 19:30,0.000
07/05/06 19:35,0.000
07/05/06 19:40,0.000
07/05/06 19:45,0.000
07/05/06 19:50,0.000
07/05/06 19:55,0.000
07/05/06 20:00,0.000
07/05/06 20:05,0.000
07/05/06 20:10,0.000
07/05/06 20:15,0.000
07/05/06 20:20,0.000
07/05/06 20:25,0.000
07/05/06 20:30,0.000
07/05/06 20:35,0.000
07/05/06 20:40,0.000
07/05/06 20:45,0.000
07/05/06 20:50,0.000
07/05/06 20:55,0.000
07/05/06 21:00,0.000
07/05/06 21:05,0.000
07/05/06 21:10,0.000
07/05/06 21:15,0.000
07/05/06 21:20,0.000
07/05/06 21:25,0.000
07/05/06 21:30,0.000
07/05/06 21:35,0.000
07/05/06 21:40,0.000
07/05/06 21:45,0.000
07/05/06 21:50,0.000
07/05/06 21:55,0.000
07/05/06 22:00,0.000
07/05/06 22:05,0.000
07/05/06 22:10,0.000
07/05/06 22:15,0.000
07/05/06 22:20,0.000
07/05/06 22:25,0.000
07/05/06 22:30,0.000
07/05/06 22:35,0.000
07/05/06 22:40,0.000
07/05/06 22:45,0.000
07/05/06 22:50,0.000
07/05/06 22:55,0.000
07/05/06 23:00,0.000
07/05/06 23:05,0.000
07/05/06 23:10,0.000
07/05/06 23:15,0.000
07/05/06 23:20,0.000
07/05/06 23:25,0.000
07/05/06 23:30,0.000
07/05/06 23:35,0.000
07/05/06 23:40,0.000
07/05/06 23:45,0.000
07/05/06 23:50,0.000
07/05/06 23:55,0.000
07/06/06 00:00,0.000
07/06/06 00:05,0.000
07/06/06 00:10,0.000
07/06/06 00:15,0.000
07/06/06 00:20,0.000
07/06/06 00:25,0.000
07/06/06 00:30,0.000
07/06/06 00:35,0.000
07/06/06 00:40,0.000
07/06/06 00:45,0.000
07/06/06 00:50,0.000
07/06/06 00:55,0.000
07/06/06 01:00,0.000
07/06/06 01:05,0.000
07/06/06 01:10,0.000
07/06/06 01:15,0.000
07/06/06 01:20,0.000
07/06/06 01:25,0.000
07/06/06 01:30,0.000
07/06/06 01:35,0.000
07/06/06 01:40,0.000
07/06/06 01:45,0.000
07/06/06 01:50,0.000
07/06/06 01:55,0.000
07/06/06 02:00,0.000
07/06/06 02:05,0.000
07/06/06 02:10,0.000
07/06/06 02:15,0.000
07/06/06 02:20,0.000
07/06/06 02:25,0.000
07/06/06 02:30,0.000
07/06/06 02:35,0.000
07/06/06 02:40,0.000
07/06/06 02:45,0.000
07/06/06 02:50,0.000
07/06/06 02:55,0.000
07/06/06 03:00,0.000
07/06/06 03:05,0.000
07/06/06 03:10,0.000
07/06/06 03:15,0.000
07/06/06 03:20,0.000
07/06/06 03:25,0.000
07/06/06 03:30,0.000
07/06/06 03:35,0.000
07/06/06 03:40,0.000
07/06/06 03:45,0.000
07/06/06 03:50,0.000
07/06/06 03:55,0.000
07/06/06 04:00,0.000
07/06/06 04:05,0.000
07/06/06 04:10,0.000
07/06/06 04:15,0.000
07/06/06 04:20,0.000
07/06/06 04:25,0.000
07/06/06 04:30,0.000
07/06/06 04:35,0.000
07/06/06 04:40,0.000
07/06/06 04:45,0.000
07/06/06 04:50,0.000
07/06/06 04:55,0.000
07/06/06 05:00,0.000
07/06/06 05:05,0.000
07/06/06 05:10,0.000
07/06/06 05:15,0.001
07/06/06 05:20,0.001
07/06/06 05:25,0.001
07/06/06 05:30,0.002
07/06/06 05:35,0.003
07/06/06 05:40,0.003
07/06/06 05:45,0.004
07/06/06 05:50,0.005
07/06/06 05:55,0.007
07/06/06 06:00,0.010
07/06/06 06:05,0.024
07/06/06 06:10,0.069
07/06/06 06:15,0.090
07/06/06 06:20,0.093
07/06/06 06:25,0.107
07/06/06 06:30,0.109
07/06/06 06:35,0.108
07/06/06 06:40,0.098
07/06/06 06:45,0.087
07/06/06 06:50,0.081
07/06/06 06:55,0.079
07/06/06 07:00,0.079
07/06/06 07:05,0.081
07/06/06 07:10,0.086
07/06/06 07:15,0.102
07/06/06 07:20,0.143
07/06/06 07:25,0.178
07/06/06 07:30,0.192
07/06/06 07:35,0.203
07/06/06 07:40,0.223
07/06/06 07:45,0.252
07/06/06 07:50,0.267
07/06/06 07:55,0.287
07/06/06 08:00,0.265
07/06/06 08:05,0.276
07/06/06 08:10,0.260
07/06/06 08:15,0.199
07/06/06 08:20,0.170
07/06/06 08:25,0.145
07/06/06 08:30,0.140
07/06/06 08:35,0.142
07/06/06 08:40,0.121
07/06/06 08:45,0.122
07/06/06 08:50,0.136
07/06/06 08:55,0.157
07/06/06 09:00,0.138
07/06/06 09:05,0.143
07/06/06 09:10,0.174
07/06/06 09:15,0.240
07/06/06 09:20,0.229
07/06/06 09:25,0.225
07/06/06 09:30,0.221
07/06/06 09:35,0.215
07/06/06 09:40,0.212
07/06/06 09:45,0.214
07/06/06 09:50,0.215
07/06/06 09:55,0.235
07/06/06 10:00,0.341
07/06/06 10:05,0.401
07/06/06 10:10,0.427
07/06/06 10:15,0.432
07/06/06 10:20,0.420
07/06/06 10:25,0.397
07/06/06 10:30,0.362
07/06/06 10:35,0.327
07/06/06 10:40,0.282
07/06/06 10:45,0.226
07/06/06 10:50,0.183
07/06/06 10:55,0.142
07/06/06 11:00,0.126
07/06/06 11:05,0.126
07/06/06 11:10,0.132
07/06/06 11:15,0.139
07/06/06 11:20,0.145
07/06/06 11:25,0.153
07/06/06 11:30,0.161
07/06/06 11:35,0.179
07/06/06 11:40,0.202
07/06/06 11:45,0.233
07/06/06 11:50,0.253
07/06/06 11:55,0.278
07/06/06 12:00,0.322
07/06/06 12:05,0.364
07/06/06 12:10,0.338
07/06/06 12:15,0.326
07/06/06 12:20,0.287
07/06/06 12:25,0.256
07/06/06 12:30,0.304
07/06/06 12:35,0.268
07/06/06 12:40,0.222
07/06/06 12:45,0.205
07/06/06 12:50,0.234
07/06/06 12:55,0.280
07/06/06 13:00,0.366
07/06/06 13:05,0.425
07/06/06 13:10,0.371
07/06/06 13:15,0.335
07/06/06 13:20,0.382
07/06/06 13:25,0.386
07/06/06 13:30,0.366
07/06/06 13:35,0.333
07/06/06 13:40,0.377
07/06/06 13:45,0.436
07/06/06 13:50,0.471
07/06/06 13:55,0.492
07/06/06 14:00,0.491
07/06/06 14:05,0.490
07/06/06 14:10,0.491
07/06/06 14:15,0.490
07/06/06 14:20,0.498
07/06/06 14:25,0.501
07/06/06 14:30,0.489
07/06/06 14:35,0.469
07/06/06 14:40,0.461
07/06/06 14:45,0.456
07/06/06 14:50,0.445
07/06/06 14:55,0.431
07/06/06 15:00,0.415
07/06/06 15:05,0.402
07/06/06 15:10,0.389
07/06/06 15:15,0.374
07/06/06 15:20,0.362
07/06/06 15:25,0.347
07/06/06 15:30,0.329
07/06/06 15:35,0.313
07/06/06 15:40,0.301
07/06/06 15:45,0.281
07/06/06 15:50,0.264
07/06/06 15:55,0.251
07/06/06 16:00,0.234
07/06/06 16:05,0.222
07/06/06 16:10,0.212
07/06/06 16:15,0.204
07/06/06 16:20,0.193
07/06/06 16:25,0.184
07/06/06 16:30,0.178
07/06/06 16:35,0.171
07/06/06 16:40,0.163
07/06/06 16:45,0.155
07/06/06 16:50,0.150
07/06/06 16:55,0.146
07/06/06 17:00,0.130
07/06/06 17:05,0.115
07/06/06 17:10,0.104
07/06/06 17:15,0.095
07/06/06 17:20,0.086
07/06/06 17:25,0.079
07/06/06 17:30,0.077
07/06/06 17:35,0.076
07/06/06 17:40,0.068
07/06/06 17:45,0.052
07/06/06 17:50,0.040
07/06/06 17:55,0.029
07/06/06 18:00,0.018
07/06/06 18:05,0.012
07/06/06 18:10,0.009
07/06/06 18:15,0.006
07/06/06 18:20,0.003
07/06/06 18:25,0.002
07/06/06 18:30,0.001
07/06/06 18:35,0.001
07/06/06 18:40,0.000
07/06/06 18:45,0.000
07/06/06 18:50,0.000
07/06/06 18:55,0.000
07/06/06 19:00,0.000
07/06/06 19:05,0.000
07/06/06 19:10,0.000
07/06/06 19:15,0.000
07/06/06 19:20,0.000
07/06/06 19:25,0.000
07/06/06 19:30,0.000
07/06/06 19:35,0.000
07/06/06 19:40,0.000
07/06/06 19:45,0.000
07/06/06 19:50,0.000
07/06/06 19:55,0.000
07/06/06 20:00,0.000
07/06/06 20:05,0.000
07/06/06 20:10,0.000
07/06/06 20:15,0.000
07/06/06 20:20,0.000
07/06/06 20:25,0.000
07/06/06 20:30,0.000
07/06/06 20:35,0.000
07/06/06 20:40,0.000
07/06/06 20:45,0.000
07/06/06 20:50,0.000
07/06/06 20:55,0.000
07/06/06 21:00,0.000
07/06/06 21:05,0.000
07/06/06 21:10,0.000
07/06/06 21:15,0.000
07/06/06 21:20,0.000
07/06/06 21:25,0.000
07/06/06 21:30,0.000
07/06/06 21:35,0.000
07/06/06 21:40,0.000
07/06/06 21:45,0.000
07/06/06 21:50,0.000
07/06/06 21:55,0.000
07/06/06 22:00,0.000
07/06/06 22:05,0.000
07/06/06 22:10,0.000
07/06/06 22:15,0.000
07/06/06 22:20,0.000
07/06/06 22:25,0.000
07/06/06 22:30,0.000
07/06/06 22:35,0.000
07/06/06 22:40,0.000
07/06/06 22:45,0.000
07/06/06 22:50,0.000
07/06/06 22:55,0.000
07/06/06 23:00,0.000
07/06/06 23:05,0.000
07/06/06 23:10,0.000
07/06/06 23:15,0.000
07/06/06 23:20,0.000
07/06/06 23:25,0.000
07/06/06 23:30,0.000
07/06/06 23:35,0.000
07/06/06 23:40,0.000
07/06/06 23:45,0.000
07/06/06 23:50,0.000
07/06/06 23:55,0.000
07/07/06 00:00,0.000
07/07/06 00:05,0.000
07/07/06 00:10,0.000
07/07/06 00:15,0.000
07/07/06 00:20,0.000
07/07/06 00:25,0.000
07/07/06 00:30,0.000
07/07/06 00:35,0.000
07/07/06 00:40,0.000
07/07/06 00:45,0.000
07/07/06 00:50,0.000
07/07/06 00:55,0.000
07/07/06 01:00,0.000
07/07/06 01:05,0.000
07/07/06 01:10,0.000
07/07/06 01:15,0.000
07/07/06 01:20,0.000
07/07/06 01:25,0.000
07/07/06 01:30,0.000
07/07/06 01:35,0.000
07/07/06 01:40,0.000
07/07/06 01:45,0.000
07/07/06 01:50,0.000
07/07/06 01:55,0.000
07/07/06 02:00,0.000
07/07/06 02:05,0.000
07/07/06 02:10,0.000
07/07/06 02:15,0.000
07/07/06 02:20,0.000
07/07/06 02:25,0.000
07/07/06 02:30,0.000
07/07/06 02:35,0.000
07/07/06 02:40,0.000
07/07/06 02:45,0.000
07/07/06 02:50,0.000
07/07/06 02:55,0.000
07/07/06 03:00,0.000
07/07/06 03:05,0.000
07/07/06 03:10,0.000
07/07/06 03:15,0.000
07/07/06 03:20,0.000
07/07/06 03:25,0.000
07/07/06 03:30,0.000
07/07/06 03:35,0.000
07/07/06 03:40,0.000
07/07/06 03:45,0.000
07/07/06 03:50,0.000
07/07/06 03:55,0.000
07/07/06 04:00,0.000
07/07/06 04:05,0.000
07/07/06 04:10,0.000
07/07/06 04:15,0.000
07/07/06 04:20,0.000
07/07/06 04:25,0.000
07/07/06 04:30,0.000
07/07/06 04:35,0.000
07/07/06 04:40,0.000
07/07/06 04:45,0.000
07/07/06 04:50,0.000
07/07/06 04:55,0.001
07/07/06 05:00,0.001
07/07/06 05:05,0.001
07/07/06 05:10,0.002
07/07/06 05:15,0.003
07/07/06 05:20,0.005
07/07/06 05:25,0.008
07/07/06 05:30,0.014
07/07/06 05:35,0.023
07/07/06 05:40,0.041
07/07/06 05:45,0.068
07/07/06 05:50,0.082
07/07/06 05:55,0.092
07/07/06 06:00,0.101
07/07/06 06:05,0.110
07/07/06 06:10,0.120
07/07/06 06:15,0.130
07/07/06 06:20,0.141
07/07/06 06:25,0.152
07/07/06 06:30,0.165
07/07/06 06:35,0.179
07/07/06 06:40,0.193
07/07/06 06:45,0.206
07/07/06 06:50,0.220
07/07/06 06:55,0.233
07/07/06 07:00,0.246
07/07/06 07:05,0.258
07/07/06 07:10,0.270
07/07/06 07:15,0.282
07/07/06 07:20,0.293
07/07/06 07:25,0.304
07/07/06 07:30,0.315
07/07/06 07:35,0.328
07/07/06 07:40,0.340
07/07/06 07:45,0.352
07/07/06 07:50,0.363
07/07/06 07:55,0.373
07/07/06 08:00,0.382
07/07/06 08:05,0.392
07/07/06 08:10,0.406
07/07/06 08:15,0.417
07/07/06 08:20,0.428
07/07/06 08:25,0.440
07/07/06 08:30,0.450
07/07/06 08:35,0.459
07/07/06 08:40,0.467
07/07/06 08:45,0.474
07/07/06 08:50,0.479
07/07/06 08:55,0.483
07/07/06 09:00,0.487
07/07/06 09:05,0.491
07/07/06 09:10,0.496
07/07/06 09:15,0.500
07/07/06 09:20,0.506
07/07/06 09:25,0.513
07/07/06 09:30,0.519
07/07/06 09:35,0.524
07/07/06 09:40,0.527
07/07/06 09:45,0.531
07/07/06 09:50,0.534
07/07/06 09:55,0.537
07/07/06 10:00,0.542
07/07/06 10:05,0.548
07/07/06 10:10,0.555
07/07/06 10:15,0.563
07/07/06 10:20,0.571
07/07/06 10:25,0.578
07/07/06 10:30,0.585
07/07/06 10:35,0.592
07/07/06 10:40,0.600
07/07/06 10:45,0.605
07/07/06 10:50,0.610
07/07/06 10:55,0.617
07/07/06 11:00,0.625
07/07/06 11:05,0.630
07/07/06 11:10,0.635
07/07/06 11:15,0.644
07/07/06 11:20,0.648
07/07/06 11:25,0.651
07/07/06 11:30,0.657
07/07/06 11:35,0.661
07/07/06 11:40,0.663
07/07/06 11:45,0.664
07/07/06 11:50,0.665
07/07/06 11:55,0.664
07/07/06 12:00,0.663
07/07/06 12:05,0.661
07/07/06 12:10,0.658
07/07/06 12:15,0.656
07/07/06 12:20,0.654
07/07/06 12:25,0.652
07/07/06 12:30,0.649
07/07/06 12:35,0.645
07/07/06 12:40,0.641
07/07/06 12:45,0.637
07/07/06 12:50,0.632
07/07/06 12:55,0.626
07/07/06 13:00,0.619
07/07/06 13:05,0.612
07/07/06 13:10,0.605
07/07/06 13:15,0.598
07/07/06 13:20,0.591
07/07/06 13:25,0.585
07/07/06 13:30,0.577
07/07/06 13:35,0.567
07/07/06 13:40,0.555
07/07/06 13:45,0.546
07/07/06 13:50,0.539
07/07/06 13:55,0.533
07/07/06 14:00,0.534
07/07/06 14:05,0.538
07/07/06 14:10,0.539
07/07/06 14:15,0.537
07/07/06 14:20,0.534
07/07/06 14:25,0.530
07/07/06 14:30,0.526
07/07/06 14:35,0.522
07/07/06 14:40,0.517
07/07/06 14:45,0.510
07/07/06 14:50,0.505
07/07/06 14:55,0.498
07/07/06 15:00,0.488
07/07/06 15:05,0.477
07/07/06 15:10,0.469
07/07/06 15:15,0.460
07/07/06 15:20,0.451
07/07/06 15:25,0.442
07/07/06 15:30,0.432
07/07/06 15:35,0.417
07/07/06 15:40,0.406
07/07/06 15:45,0.395
07/07/06 15:50,0.384
07/07/06 15:55,0.372
07/07/06 16:00,0.361
07/07/06 16:05,0.351
07/07/06 16:10,0.342
07/07/06 16:15,0.332
07/07/06 16:20,0.320
07/07/06 16:25,0.308
07/07/06 16:30,0.295
07/07/06 16:35,0.283
07/07/06 16:40,0.270
07/07/06 16:45,0.257
07/07/06 16:50,0.243
07/07/06 16:55,0.230
07/07/06 17:00,0.215
07/07/06 17:05,0.200
07/07/06 17:10,0.186
07/07/06 17:15,0.172
07/07/06 17:20,0.159
07/07/06 17:25,0.147
07/07/06 17:30,0.135
07/07/06 17:35,0.122
07/07/06 17:40,0.111
07/07/06 17:45,0.101
07/07/06 17:50,0.092
07/07/06 17:55,0.083
07/07/06 18:00,0.075
07/07/06 18:05,0.051
07/07/06 18:10,0.032
07/07/06 18:15,0.019
07/07/06 18:20,0.012
07/07/06 18:25,0.007
07/07/06 18:30,0.004
07/07/06 18:35,0.002
07/07/06 18:40,0.002
07/07/06 18:45,0.001
07/07/06 18:50,0.001
07/07/06 18:55,0.001
07/07/06 19:00,0.000
07/07/06 19:05,0.000
07/07/06 19:10,0.000
07/07/06 19:15,0.000
07/07/06 19:20,0.000
07/07/06 19:25,0.000
07/07/06 19:30,0.000
07/07/06 19:35,0.000
07/07/06 19:40,0.000
07/07/06 19:45,0.000
07/07/06 19:50,0.000
07/07/06 19:55,0.000
07/07/06 20:00,0.000
07/07/06 20:05,0.000
07/07/06 20:10,0.000
07/07/06 20:15,0.000
07/07/06 20:20,0.000
07/07/06 20:25,0.000
07/07/06 20:30,0.000
07/07/06 20:35,0.000
07/07/06 20:40,0.000
07/07/06 20:45,0.000
07/07/06 20:50,0.000
07/07/06 20:55,0.000
07/07/06 21:00,0.000
07/07/06 21:05,0.000
07/07/06 21:10,0.000
07/07/06 21:15,0.000
07/07/06 21:20,0.000
07/07/06 21:25,0.000
07/07/06 21:30,0.000
07/07/06 21:35,0.000
07/07/06 21:40,0.000
07/07/06 21:45,0.000
07/07/06 21:50,0.000
07/07/06 21:55,0.000
07/07/06 22:00,0.000
07/07/06 22:05,0.000
07/07/06 22:10,0.000
07/07/06 22:15,0.000
07/07/06 22:20,0.000
07/07/06 22:25,0.000
07/07/06 22:30,0.000
07/07/06 22:35,0.000
07/07/06 22:40,0.000
07/07/06 22:45,0.000
07/07/06 22:50,0.000
07/07/06 22:55,0.000
07/07/06 23:00,0.000
07/07/06 23:05,0.000
07/07/06 23:10,0.000
07/07/06 23:15,0.000
07/07/06 23:20,0.000
07/07/06 23:25,0.000
07/07/06 23:30,0.000
07/07/06 23:35,0.000
07/07/06 23:40,0.000
07/07/06 23:45,0.000
07/07/06 23:50,0.000
07/07/06 23:55,0.000
07/08/06 00:00,0.000
07/08/06 00:05,0.000
07/08/06 00:10,0.000
07/08/06 00:15,0.000
07/08/06 00:20,0.000
07/08/06 00:25,0.000
07/08/06 00:30,0.000
07/08/06 00:35,0.000
07/08/06 00:40,0.000
07/08/06 00:45,0.000
07/08/06 00:50,0.000
07/08/06 00:55,0.000
07/08/06 01:00,0.000
07/08/06 01:05,0.000
07/08/06 01:10,0.000
07/08/06 01:15,0.000
07/08/06 01:20,0.000
07/08/06 01:25,0.000
07/08/06 01:30,0.000
07/08/06 01:35,0.000
07/08/06 01:40,0.000
07/08/06 01:45,0.000
07/08/06 01:50,0.000
07/08/06 01:55,0.000
07/08/06 02:00,0.000
07/08/06 02:05,0.000
07/08/06 02:10,0.000
07/08/06 02:15,0.000
07/08/06 02:20,0.000
07/08/06 02:25,0.000
07/08/06 02:30,0.000
07/08/06 02:35,0.000
07/08/06 02:40,0.000
07/08/06 02:45,0.000
07/08/06 02:50,0.000
07/08/06 02:55,0.000
07/08/06 03:00,0.000
07/08/06 03:05,0.000
07/08/06 03:10,0.000
07/08/06 03:15,0.000
07/08/06 03:20,0.000
07/08/06 03:25,0.000
07/08/06 03:30,0.000
07/08/06 03:35,0.000
07/08/06 03:40,0.000
07/08/06 03:45,0.000
07/08/06 03:50,0.000
07/08/06 03:55,0.000
07/08/06 04:00,0.000
07/08/06 04:05,0.000
07/08/06 04:10,0.000
07/08/06 04:15,0.000
07/08/06 04:20,0.000
07/08/06 04:25,0.000
07/08/06 04:30,0.000
07/08/06 04:35,0.000
07/08/06 04:40,0.000
07/08/06 04:45,0.000
07/08/06 04:50,0.001
07/08/06 04:55,0.001
07/08/06 05:00,0.001
07/08/06 05:05,0.001
07/08/06 05:10,0.002
07/08/06 05:15,0.002
07/08/06 05:20,0.004
07/08/06 05:25,0.007
07/08/06 05:30,0.012
07/08/06 05:35,0.020
07/08/06 05:40,0.035
07/08/06 05:45,0.060
07/08/06 05:50,0.079
07/08/06 05:55,0.089
07/08/06 06:00,0.098
07/08/06 06:05,0.108
07/08/06 06:10,0.119
07/08/06 06:15,0.131
07/08/06 06:20,0.143
07/08/06 06:25,0.155
07/08/06 06:30,0.169
07/08/06 06:35,0.183
07/08/06 06:40,0.197
07/08/06 06:45,0.210
07/08/06 06:50,0.225
07/08/06 06:55,0.239
07/08/06 07:00,0.252
07/08/06 07:05,0.265
07/08/06 07:10,0.278
07/08/06 07:15,0.288
07/08/06 07:20,0.297
07/08/06 07:25,0.306
07/08/06 07:30,0.315
07/08/06 07:35,0.323
07/08/06 07:40,0.330
07/08/06 07:45,0.337
07/08/06 07:50,0.343
07/08/06 07:55,0.348
07/08/06 08:00,0.355
07/08/06 08:05,0.363
07/08/06 08:10,0.374
07/08/06 08:15,0.380
07/08/06 08:20,0.386
07/08/06 08:25,0.392
07/08/06 08:30,0.398
07/08/06 08:35,0.403
07/08/06 08:40,0.409
07/08/06 08:45,0.414
07/08/06 08:50,0.418
07/08/06 08:55,0.421
07/08/06 09:00,0.422
07/08/06 09:05,0.426
07/08/06 09:10,0.431
07/08/06 09:15,0.436
07/08/06 09:20,0.441
07/08/06 09:25,0.446
07/08/06 09:30,0.448
07/08/06 09:35,0.449
07/08/06 09:40,0.452
07/08/06 09:45,0.455
07/08/06 09:50,0.457
07/08/06 09:55,0.458
07/08/06 10:00,0.461
07/08/06 10:05,0.466
07/08/06 10:10,0.472
07/08/06 10:15,0.478
07/08/06 10:20,0.484
07/08/06 10:25,0.489
07/08/06 10:30,0.494
07/08/06 10:35,0.501
07/08/06 10:40,0.508
07/08/06 10:45,0.514
07/08/06 10:50,0.516
07/08/06 10:55,0.517
07/08/06 11:00,0.514
07/08/06 11:05,0.513
07/08/06 11:10,0.515
07/08/06 11:15,0.517
07/08/06 11:20,0.518
07/08/06 11:25,0.518
07/08/06 11:30,0.517
07/08/06 11:35,0.516
07/08/06 11:40,0.512
07/08/06 11:45,0.504
07/08/06 11:50,0.498
07/08/06 11:55,0.494
07/08/06 12:00,0.493
07/08/06 12:05,0.492
07/08/06 12:10,0.491
07/08/06 12:15,0.489
07/08/06 12:20,0.485
07/08/06 12:25,0.483
07/08/06 12:30,0.481
07/08/06 12:35,0.480
07/08/06 12:40,0.478
07/08/06 12:45,0.477
07/08/06 12:50,0.474
07/08/06 12:55,0.471
07/08/06 13:00,0.467
07/08/06 13:05,0.462
07/08/06 13:10,0.457
07/08/06 13:15,0.452
07/08/06 13:20,0.447
07/08/06 13:25,0.442
07/08/06 13:30,0.438
07/08/06 13:35,0.433
07/08/06 13:40,0.427
07/08/06 13:45,0.421
07/08/06 13:50,0.415
07/08/06 13:55,0.414
07/08/06 14:00,0.414
07/08/06 14:05,0.415
07/08/06 14:10,0.416
07/08/06 14:15,0.416
07/08/06 14:20,0.415
07/08/06 14:25,0.413
07/08/06 14:30,0.412
07/08/06 14:35,0.410
07/08/06 14:40,0.408
07/08/06 14:45,0.405
07/08/06 14:50,0.403
07/08/06 14:55,0.404
07/08/06 15:00,0.402
07/08/06 15:05,0.397
07/08/06 15:10,0.391
07/08/06 15:15,0.384
07/08/06 15:20,0.375
07/08/06 15:25,0.364
07/08/06 15:30,0.355
07/08/06 15:35,0.342
07/08/06 15:40,0.332
07/08/06 15:45,0.322
07/08/06 15:50,0.311
07/08/06 15:55,0.300
07/08/06 16:00,0.289
07/08/06 16:05,0.278
07/08/06 16:10,0.267
07/08/06 16:15,0.257
07/08/06 16:20,0.246
07/08/06 16:25,0.235
07/08/06 16:30,0.224
07/08/06 16:35,0.213
07/08/06 16:40,0.201
07/08/06 16:45,0.190
07/08/06 16:50,0.178
07/08/06 16:55,0.167
07/08/06 17:00,0.157
07/08/06 17:05,0.147
07/08/06 17:10,0.137
07/08/06 17:15,0.128
07/08/06 17:20,0.119
07/08/06 17:25,0.111
07/08/06 17:30,0.102
07/08/06 17:35,0.095
07/08/06 17:40,0.087
07/08/06 17:45,0.080
07/08/06 17:50,0.073
07/08/06 17:55,0.053
07/08/06 18:00,0.035
07/08/06 18:05,0.023
07/08/06 18:10,0.015
07/08/06 18:15,0.010
07/08/06 18:20,0.006
07/08/06 18:25,0.004
07/08/06 18:30,0.002
07/08/06 18:35,0.002
07/08/06 18:40,0.001
07/08/06 18:45,0.001
07/08/06 18:50,0.001
07/08/06 18:55,0.000
07/08/06 19:00,0.000
07/08/06 19:05,0.000
07/08/06 19:10,0.000
07/08/06 19:15,0.000
07/08/06 19:20,0.000
07/08/06 19:25,0.000
07/08/06 19:30,0.000
07/08/06 19:35,0.000
07/08/06 19:40,0.000
07/08/06 19:45,0.000
07/08/06 19:50,0.000
07/08/06 19:55,0.000
07/08/06 20:00,0.000
07/08/06 20:05,0.000
07/08/06 20:10,0.000
07/08/06 20:15,0.000
07/08/06 20:20,0.000
07/08/06 20:25,0.000
07/08/06 20:30,0.000
07/08/06 20:35,0.000
07/08/06 20:40,0.000
07/08/06 20:45,0.000
07/08/06 20:50,0.000
07/08/06 20:55,0.000
07/08/06 21:00,0.000
07/08/06 21:05,0.000
07/08/06 21:10,0.000
07/08/06 21:15,0.000
07/08/06 21:20,0.000
07/08/06 21:25,0.000
07/08/06 21:30,0.000
07/08/06 21:35,0.000
07/08/06 21:40,0.000
07/08/06 21:45,0.000
07/08/06 21:50,0.000
07/08/06 21:55,0.000
07/08/06 22:00,0.000
07/08/06 22:05,0.000
07/08/06 22:10,0.000
07/08/06 22:15,0.000
07/08/06 22:20,0.000
07/08/06 22:25,0.000
07/08/06 22:30,0.000
07/08/06 22:35,0.000
07/08/06 22:40,0.000
07/08/06 22:45,0.000
07/08/06 22:50,0.000
07/08/06 22:55,0.000
07/08/06 23:00,0.000
07/08/06 23:05,0.000
07/08/06 23:10,0.000
07/08/06 23:15,0.000
07/08/06 23:20,0.000
07/08/06 23:25,0.000
07/08/06 23:30,0.000
07/08/06 23:35,0.000
07/08/06 23:40,0.000
07/08/06 23:45,0.000
07/08/06 23:50,0.000
07/08/06 23:55,0.000
07/09/06 00:00,0.000
07/09/06 00:05,0.000
07/09/06 00:10,0.000
07/09/06 00:15,0.000
07/09/06 00:20,0.000
07/09/06 00:25,0.000
07/09/06 00:30,0.000
07/09/06 00:35,0.000
07/09/06 00:40,0.000
07/09/06 00:45,0.000
07/09/06 00:50,0.000
07/09/06 00:55,0.000
07/09/06 01:00,0.000
07/09/06 01:05,0.000
07/09/06 01:10,0.000
07/09/06 01:15,0.000
07/09/06 01:20,0.000
07/09/06 01:25,0.000
07/09/06 01:30,0.000
07/09/06 01:35,0.000
07/09/06 01:40,0.000
07/09/06 01:45,0.000
07/09/06 01:50,0.000
07/09/06 01:55,0.000
07/09/06 02:00,0.000
07/09/06 02:05,0.000
07/09/06 02:10,0.000
07/09/06 02:15,0.000
07/09/06 02:20,0.000
07/09/06 02:25,0.000
07/09/06 02:30,0.000
07/09/06 02:35,0.000
07/09/06 02:40,0.000
07/09/06 02:45,0.000
07/09/06 02:50,0.000
07/09/06 02:55,0.000
07/09/06 03:00,0.000
07/09/06 03:05,0.000
07/09/06 03:10,0.000
07/09/06 03:15,0.000
07/09/06 03:20,0.000
07/09/06 03:25,0.000
07/09/06 03:30,0.000
07/09/06 03:35,0.000
07/09/06 03:40,0.000
07/09/06 03:45,0.000
07/09/06 03:50,0.000
07/09/06 03:55,0.000
07/09/06 04:00,0.000
07/09/06 04:05,0.000
07/09/06 04:10,0.000
07/09/06 04:15,0.000
07/09/06 04:20,0.000
07/09/06 04:25,0.000
07/09/06 04:30,0.000
07/09/06 04:35,0.000
07/09/06 04:40,0.000
07/09/06 04:45,0.000
07/09/06 04:50,0.000
07/09/06 04:55,0.001
07/09/06 05:00,0.001
07/09/06 05:05,0.001
07/09/06 05:10,0.001
07/09/06 05:15,0.002
07/09/06 05:20,0.003
07/09/06 05:25,0.005
07/09/06 05:30,0.008
07/09/06 05:35,0.013
07/09/06 05:40,0.022
07/09/06 05:45,0.037
07/09/06 05:50,0.059
07/09/06 05:55,0.077
07/09/06 06:00,0.085
07/09/06 06:05,0.094
07/09/06 06:10,0.105
07/09/06 06:15,0.115
07/09/06 06:20,0.126
07/09/06 06:25,0.136
07/09/06 06:30,0.146
07/09/06 06:35,0.157
07/09/06 06:40,0.168
07/09/06 06:45,0.179
07/09/06 06:50,0.190
07/09/06 06:55,0.202
07/09/06 07:00,0.213
07/09/06 07:05,0.225
07/09/06 07:10,0.236
07/09/06 07:15,0.247
07/09/06 07:20,0.258
07/09/06 07:25,0.269
07/09/06 07:30,0.281
07/09/06 07:35,0.291
07/09/06 07:40,0.302
07/09/06 07:45,0.312
07/09/06 07:50,0.320
07/09/06 07:55,0.327
07/09/06 08:00,0.334
07/09/06 08:05,0.341
07/09/06 08:10,0.351
07/09/06 08:15,0.357
07/09/06 08:20,0.363
07/09/06 08:25,0.369
07/09/06 08:30,0.375
07/09/06 08:35,0.381
07/09/06 08:40,0.386
07/09/06 08:45,0.391
07/09/06 08:50,0.396
07/09/06 08:55,0.399
07/09/06 09:00,0.405
07/09/06 09:05,0.410
07/09/06 09:10,0.415
07/09/06 09:15,0.419
07/09/06 09:20,0.424
07/09/06 09:25,0.429
07/09/06 09:30,0.434
07/09/06 09:35,0.438
07/09/06 09:40,0.442
07/09/06 09:45,0.445
07/09/06 09:50,0.449
07/09/06 09:55,0.453
07/09/06 10:00,0.456
07/09/06 10:05,0.461
07/09/06 10:10,0.463
07/09/06 10:15,0.463
07/09/06 10:20,0.463
07/09/06 10:25,0.463
07/09/06 10:30,0.465
07/09/06 10:35,0.469
07/09/06 10:40,0.474
07/09/06 10:45,0.477
07/09/06 10:50,0.480
07/09/06 10:55,0.484
07/09/06 11:00,0.507
07/09/06 11:05,0.526
07/09/06 11:10,0.530
07/09/06 11:15,0.531
07/09/06 11:20,0.531
07/09/06 11:25,0.539
07/09/06 11:30,0.545
07/09/06 11:35,0.546
07/09/06 11:40,0.545
07/09/06 11:45,0.542
07/09/06 11:50,0.537
07/09/06 11:55,0.535
07/09/06 12:00,0.550
07/09/06 12:05,0.563
07/09/06 12:10,0.572
07/09/06 12:15,0.569
07/09/06 12:20,0.559
07/09/06 12:25,0.551
07/09/06 12:30,0.550
07/09/06 12:35,0.554
07/09/06 12:40,0.551
07/09/06 12:45,0.567
07/09/06 12:50,0.570
07/09/06 12:55,0.557
07/09/06 13:00,0.519
07/09/06 13:05,0.467
07/09/06 13:10,0.439
07/09/06 13:15,0.451
07/09/06 13:20,0.462
07/09/06 13:25,0.494
07/09/06 13:30,0.511
07/09/06 13:35,0.520
07/09/06 13:40,0.480
07/09/06 13:45,0.365
07/09/06 13:50,0.288
07/09/06 13:55,0.225
07/09/06 14:00,0.206
07/09/06 14:05,0.199
07/09/06 14:10,0.201
07/09/06 14:15,0.200
07/09/06 14:20,0.199
07/09/06 14:25,0.198
07/09/06 14:30,0.200
07/09/06 14:35,0.198
07/09/06 14:40,0.196
07/09/06 14:45,0.193
07/09/06 14:50,0.191
07/09/06 14:55,0.188
07/09/06 15:00,0.196
07/09/06 15:05,0.204
07/09/06 15:10,0.212
07/09/06 15:15,0.223
07/09/06 15:20,0.229
07/09/06 15:25,0.235
07/09/06 15:30,0.243
07/09/06 15:35,0.249
07/09/06 15:40,0.254
07/09/06 15:45,0.260
07/09/06 15:50,0.266
07/09/06 15:55,0.272
07/09/06 16:00,0.276
07/09/06 16:05,0.277
07/09/06 16:10,0.274
07/09/06 16:15,0.269
07/09/06 16:20,0.261
07/09/06 16:25,0.253
07/09/06 16:30,0.244
07/09/06 16:35,0.235
07/09/06 16:40,0.225
07/09/06 16:45,0.214
07/09/06 16:50,0.203
07/09/06 16:55,0.191
07/09/06 17:00,0.178
07/09/06 17:05,0.165
07/09/06 17:10,0.152
07/09/06 17:15,0.141
07/09/06 17:20,0.129
07/09/06 17:25,0.119
07/09/06 17:30,0.109
07/09/06 17:35,0.099
07/09/06 17:40,0.090
07/09/06 17:45,0.080
07/09/06 17:50,0.071
07/09/06 17:55,0.047
07/09/06 18:00,0.029
07/09/06 18:05,0.017
07/09/06 18:10,0.010
07/09/06 18:15,0.006
07/09/06 18:20,0.003
07/09/06 18:25,0.002
07/09/06 18:30,0.001
07/09/06 18:35,0.001
07/09/06 18:40,0.000
07/09/06 18:45,0.000
07/09/06 18:50,0.000
07/09/06 18:55,0.000
07/09/06 19:00,0.000
07/09/06 19:05,0.000
07/09/06 19:10,0.000
07/09/06 19:15,0.000
07/09/06 19:20,0.000
07/09/06 19:25,0.000
07/09/06 19:30,0.000
07/09/06 19:35,0.000
07/09/06 19:40,0.000
07/09/06 19:45,0.000
07/09/06 19:50,0.000
07/09/06 19:55,0.000
07/09/06 20:00,0.000
07/09/06 20:05,0.000
07/09/06 20:10,0.000
07/09/06 20:15,0.000
07/09/06 20:20,0.000
07/09/06 20:25,0.000
07/09/06 20:30,0.000
07/09/06 20:35,0.000
07/09/06 20:40,0.000
07/09/06 20:45,0.000
07/09/06 20:50,0.000
07/09/06 20:55,0.000
07/09/06 21:00,0.000
07/09/06 21:05,0.000
07/09/06 21:10,0.000
07/09/06 21:15,0.000
07/09/06 21:20,0.000
07/09/06 21:25,0.000
07/09/06 21:30,0.000
07/09/06 21:35,0.000
07/09/06 21:40,0.000
07/09/06 21:45,0.000
07/09/06 21:50,0.000
07/09/06 21:55,0.000
07/09/06 22:00,0.000
07/09/06 22:05,0.000
07/09/06 22:10,0.000
07/09/06 22:15,0.000
07/09/06 22:20,0.000
07/09/06 22:25,0.000
07/09/06 22:30,0.000
07/09/06 22:35,0.000
07/09/06 22:40,0.000
07/09/06 22:45,0.000
07/09/06 22:50,0.000
07/09/06 22:55,0.000
07/09/06 23:00,0.000
07/09/06 23:05,0.000
07/09/06 23:10,0.000
07/09/06 23:15,0.000
07/09/06 23:20,0.000
07/09/06 23:25,0.000
07/09/06 23:30,0.000
07/09/06 23:35,0.000
07/09/06 23:40,0.000
07/09/06 23:45,0.000
07/09/06 23:50,0.000
07/09/06 23:55,0.000
07/10/06 00:00,0.000
07/10/06 00:05,0.000
07/10/06 00:10,0.000
07/10/06 00:15,0.000
07/10/06 00:20,0.000
07/10/06 00:25,0.000
07/10/06 00:30,0.000
07/10/06 00:35,0.000
07/10/06 00:40,0.000
07/10/06 00:45,0.000
07/10/06 00:50,0.000
07/10/06 00:55,0.000
07/10/06 01:00,0.000
07/10/06 01:05,0.000
07/10/06 01:10,0.000
07/10/06 01:15,0.000
07/10/06 01:20,0.000
07/10/06 01:25,0.000
07/10/06 01:30,0.000
07/10/06 01:35,0.000
07/10/06 01:40,0.000
07/10/06 01:45,0.000
07/10/06 01:50,0.000
07/10/06 01:55,0.000
07/10/06 02:00,0.000
07/10/06 02:05,0.000
07/10/06 02:10,0.000
07/10/06 02:15,0.000
07/10/06 02:20,0.000
07/10/06 02:25,0.000
07/10/06 02:30,0.000
07/10/06 02:35,0.000
07/10/06 02:40,0.000
07/10/06 02:45,0.000
07/10/06 02:50,0.000
07/10/06 02:55,0.000
07/10/06 03:00,0.000
07/10/06 03:05,0.000
07/10/06 03:10,0.000
07/10/06 03:15,0.000
07/10/06 03:20,0.000
07/10/06 03:25,0.000
07/10/06 03:30,0.000
07/10/06 03:35,0.000
07/10/06 03:40,0.000
07/10/06 03:45,0.000
07/10/06 03:50,0.000
07/10/06 03:55,0.000
07/10/06 04:00,0.000
07/10/06 04:05,0.000
07/10/06 04:10,0.000
07/10/06 04:15,0.000
07/10/06 04:20,0.000
07/10/06 04:25,0.000
07/10/06 04:30,0.000
07/10/06 04:35,0.000
07/10/06 04:40,0.000
07/10/06 04:45,0.000
07/10/06 04:50,0.000
07/10/06 04:55,0.001
07/10/06 05:00,0.001
07/10/06 05:05,0.002
07/10/06 05:10,0.003
07/10/06 05:15,0.005
07/10/06 05:20,0.008
07/10/06 05:25,0.013
07/10/06 05:30,0.019
07/10/06 05:35,0.026
07/10/06 05:40,0.038
07/10/06 05:45,0.054
07/10/06 05:50,0.074
07/10/06 05:55,0.080
07/10/06 06:00,0.079
07/10/06 06:05,0.065
07/10/06 06:10,0.036
07/10/06 06:15,0.019
07/10/06 06:20,0.011
07/10/06 06:25,0.008
07/10/06 06:30,0.017
07/10/06 06:35,0.012
07/10/06 06:40,0.011
07/10/06 06:45,0.011
07/10/06 06:50,0.016
07/10/06 06:55,0.075
07/10/06 07:00,0.101
07/10/06 07:05,0.124
07/10/06 07:10,0.163
07/10/06 07:15,0.210
07/10/06 07:20,0.236
07/10/06 07:25,0.216
07/10/06 07:30,0.199
07/10/06 07:35,0.224
07/10/06 07:40,0.239
07/10/06 07:45,0.243
07/10/06 07:50,0.254
07/10/06 07:55,0.239
07/10/06 08:00,0.194
07/10/06 08:05,0.165
07/10/06 08:10,0.160
07/10/06 08:15,0.194
07/10/06 08:20,0.212
07/10/06 08:25,0.238
07/10/06 08:30,0.261
07/10/06 08:35,0.316
07/10/06 08:40,0.338
07/10/06 08:45,0.332
07/10/06 08:50,0.349
07/10/06 08:55,0.368
07/10/06 09:00,0.353
07/10/06 09:05,0.337
07/10/06 09:10,0.314
07/10/06 09:15,0.306
07/10/06 09:20,0.343
07/10/06 09:25,0.374
07/10/06 09:30,0.402
07/10/06 09:35,0.382
07/10/06 09:40,0.356
07/10/06 09:45,0.338
07/10/06 09:50,0.326
07/10/06 09:55,0.325
07/10/06 10:00,0.318
07/10/06 10:05,0.322
07/10/06 10:10,0.334
07/10/06 10:15,0.362
07/10/06 10:20,0.385
07/10/06 10:25,0.401
07/10/06 10:30,0.421
07/10/06 10:35,0.444
07/10/06 10:40,0.465
07/10/06 10:45,0.503
07/10/06 10:50,0.532
07/10/06 10:55,0.545
07/10/06 11:00,0.552
07/10/06 11:05,0.551
07/10/06 11:10,0.546
07/10/06 11:15,0.541
07/10/06 11:20,0.533
07/10/06 11:25,0.526
07/10/06 11:30,0.517
07/10/06 11:35,0.505
07/10/06 11:40,0.490
07/10/06 11:45,0.465
07/10/06 11:50,0.443
07/10/06 11:55,0.420
07/10/06 12:00,0.442
07/10/06 12:05,0.469
07/10/06 12:10,0.530
07/10/06 12:15,0.578
07/10/06 12:20,0.603
07/10/06 12:25,0.624
07/10/06 12:30,0.615
07/10/06 12:35,0.596
07/10/06 12:40,0.588
07/10/06 12:45,0.572
07/10/06 12:50,0.536
07/10/06 12:55,0.493
07/10/06 13:00,0.489
07/10/06 13:05,0.491
07/10/06 13:10,0.496
07/10/06 13:15,0.500
07/10/06 13:20,0.503
07/10/06 13:25,0.508
07/10/06 13:30,0.512
07/10/06 13:35,0.515
07/10/06 13:40,0.515
07/10/06 13:45,0.512
07/10/06 13:50,0.513
07/10/06 13:55,0.513
07/10/06 14:00,0.494
07/10/06 14:05,0.392
07/10/06 14:10,0.364
07/10/06 14:15,0.406
07/10/06 14:20,0.386
07/10/06 14:25,0.391
07/10/06 14:30,0.364
07/10/06 14:35,0.375
07/10/06 14:40,0.379
07/10/06 14:45,0.385
07/10/06 14:50,0.383
07/10/06 14:55,0.368
07/10/06 15:00,0.378
07/10/06 15:05,0.384
07/10/06 15:10,0.386
07/10/06 15:15,0.380
07/10/06 15:20,0.368
07/10/06 15:25,0.357
07/10/06 15:30,0.348
07/10/06 15:35,0.339
07/10/06 15:40,0.332
07/10/06 15:45,0.323
07/10/06 15:50,0.314
07/10/06 15:55,0.304
07/10/06 16:00,0.293
07/10/06 16:05,0.275
07/10/06 16:10,0.262
07/10/06 16:15,0.272
07/10/06 16:20,0.265
07/10/06 16:25,0.218
07/10/06 16:30,0.183
07/10/06 16:35,0.172
07/10/06 16:40,0.169
07/10/06 16:45,0.169
07/10/06 16:50,0.177
07/10/06 16:55,0.177
07/10/06 17:00,0.176
07/10/06 17:05,0.172
07/10/06 17:10,0.165
07/10/06 17:15,0.157
07/10/06 17:20,0.147
07/10/06 17:25,0.137
07/10/06 17:30,0.128
07/10/06 17:35,0.119
07/10/06 17:40,0.110
07/10/06 17:45,0.101
07/10/06 17:50,0.092
07/10/06 17:55,0.084
07/10/06 18:00,0.073
07/10/06 18:05,0.042
07/10/06 18:10,0.024
07/10/06 18:15,0.014
07/10/06 18:20,0.009
07/10/06 18:25,0.005
07/10/06 18:30,0.003
07/10/06 18:35,0.002
07/10/06 18:40,0.001
07/10/06 18:45,0.001
07/10/06 18:50,0.000
07/10/06 18:55,0.000
07/10/06 19:00,0.000
07/10/06 19:05,0.000
07/10/06 19:10,0.000
07/10/06 19:15,0.000
07/10/06 19:20,0.000
07/10/06 19:25,0.000
07/10/06 19:30,0.000
07/10/06 19:35,0.000
07/10/06 19:40,0.000
07/10/06 19:45,0.000
07/10/06 19:50,0.000
07/10/06 19:55,0.000
07/10/06 20:00,0.000
07/10/06 20:05,0.000
07/10/06 20:10,0.000
07/10/06 20:15,0.000
07/10/06 20:20,0.000
07/10/06 20:25,0.000
07/10/06 20:30,0.000
07/10/06 20:35,0.000
07/10/06 20:40,0.000
07/10/06 20:45,0.000
07/10/06 20:50,0.000
07/10/06 20:55,0.000
07/10/06 21:00,0.000
07/10/06 21:05,0.000
07/10/06 21:10,0.000
07/10/06 21:15,0.000
07/10/06 21:20,0.000
07/10/06 21:25,0.000
07/10/06 21:30,0.000
07/10/06 21:35,0.000
07/10/06 21:40,0.000
07/10/06 21:45,0.000
07/10/06 21:50,0.000
07/10/06 21:55,0.000
07/10/06 22:00,0.000
07/10/06 22:05,0.000
07/10/06 22:10,0.000
07/10/06 22:15,0.000
07/10/06 22:20,0.000
07/10/06 22:25,0.000
07/10/06 22:30,0.000
07/10/06 22:35,0.000
07/10/06 22:40,0.000
07/10/06 22:45,0.000
07/10/06 22:50,0.000
07/10/06 22:55,0.000
07/10/06 23:00,0.000
07/10/06 23:05,0.000
07/10/06 23:10,0.000
07/10/06 23:15,0.000
07/10/06 23:20,0.000
07/10/06 23:25,0.000
07/10/06 23:30,0.000
07/10/06 23:35,0.000
07/10/06 23:40,0.000
07/10/06 23:45,0.000
07/10/06 23:50,0.000
07/10/06 23:55,0.000
07/11/06 00:00,0.000
07/11/06 00:05,0.000
07/11/06 00:10,0.000
07/11/06 00:15,0.000
07/11/06 00:20,0.000
07/11/06 00:25,0.000
07/11/06 00:30,0.000
07/11/06 00:35,0.000
07/11/06 00:40,0.000
07/11/06 00:45,0.000
07/11/06 00:50,0.000
07/11/06 00:55,0.000
07/11/06 01:00,0.000
07/11/06 01:05,0.000
07/11/06 01:10,0.000
07/11/06 01:15,0.000
07/11/06 01:20,0.000
07/11/06 01:25,0.000
07/11/06 01:30,0.000
07/11/06 01:35,0.000
07/11/06 01:40,0.000
07/11/06 01:45,0.000
07/11/06 01:50,0.000
07/11/06 01:55,0.000
07/11/06 02:00,0.000
07/11/06 02:05,0.000
07/11/06 02:10,0.000
07/11/06 02:15,0.000
07/11/06 02:20,0.000
07/11/06 02:25,0.000
07/11/06 02:30,0.000
07/11/06 02:35,0.000
07/11/06 02:40,0.000
07/11/06 02:45,0.000
07/11/06 02:50,0.000
07/11/06 02:55,0.000
07/11/06 03:00,0.000
07/11/06 03:05,0.000
07/11/06 03:10,0.000
07/11/06 03:15,0.000
07/11/06 03:20,0.000
07/11/06 03:25,0.000
07/11/06 03:30,0.000
07/11/06 03:35,0.000
07/11/06 03:40,0.000
07/11/06 03:45,0.000
07/11/06 03:50,0.000
07/11/06 03:55,0.000
07/11/06 04:00,0.000
07/11/06 04:05,0.000
07/11/06 04:10,0.000
07/11/06 04:15,0.000
07/11/06 04:20,0.000
07/11/06 04:25,0.000
07/11/06 04:30,0.000
07/11/06 04:35,0.000
07/11/06 04:40,0.000
07/11/06 04:45,0.000
07/11/06 04:50,0.001
07/11/06 04:55,0.001
07/11/06 05:00,0.001
07/11/06 05:05,0.001
07/11/06 05:10,0.001
07/11/06 05:15,0.002
07/11/06 05:20,0.003
07/11/06 05:25,0.005
07/11/06 05:30,0.009
07/11/06 05:35,0.015
07/11/06 05:40,0.026
07/11/06 05:45,0.045
07/11/06 05:50,0.074
07/11/06 05:55,0.084
07/11/06 06:00,0.095
07/11/06 06:05,0.107
07/11/06 06:10,0.119
07/11/06 06:15,0.129
07/11/06 06:20,0.140
07/11/06 06:25,0.152
07/11/06 06:30,0.164
07/11/06 06:35,0.175
07/11/06 06:40,0.187
07/11/06 06:45,0.199
07/11/06 06:50,0.211
07/11/06 06:55,0.224
07/11/06 07:00,0.236
07/11/06 07:05,0.249
07/11/06 07:10,0.261
07/11/06 07:15,0.273
07/11/06 07:20,0.285
07/11/06 07:25,0.297
07/11/06 07:30,0.307
07/11/06 07:35,0.317
07/11/06 07:40,0.327
07/11/06 07:45,0.337
07/11/06 07:50,0.347
07/11/06 07:55,0.355
07/11/06 08:00,0.362
07/11/06 08:05,0.369
07/11/06 08:10,0.377
07/11/06 08:15,0.388
07/11/06 08:20,0.395
07/11/06 08:25,0.402
07/11/06 08:30,0.410
07/11/06 08:35,0.417
07/11/06 08:40,0.423
07/11/06 08:45,0.428
07/11/06 08:50,0.430
07/11/06 08:55,0.432
07/11/06 09:00,0.433
07/11/06 09:05,0.435
07/11/06 09:10,0.439
07/11/06 09:15,0.444
07/11/06 09:20,0.449
07/11/06 09:25,0.455
07/11/06 09:30,0.457
07/11/06 09:35,0.459
07/11/06 09:40,0.463
07/11/06 09:45,0.468
07/11/06 09:50,0.473
07/11/06 09:55,0.478
07/11/06 10:00,0.483
07/11/06 10:05,0.485
07/11/06 10:10,0.487
07/11/06 10:15,0.490
07/11/06 10:20,0.493
07/11/06 10:25,0.495
07/11/06 10:30,0.495
07/11/06 10:35,0.497
07/11/06 10:40,0.499
07/11/06 10:45,0.502
07/11/06 10:50,0.505
07/11/06 10:55,0.508
07/11/06 11:00,0.507
07/11/06 11:05,0.503
07/11/06 11:10,0.500
07/11/06 11:15,0.498
07/11/06 11:20,0.497
07/11/06 11:25,0.495
07/11/06 11:30,0.494
07/11/06 11:35,0.493
07/11/06 11:40,0.492
07/11/06 11:45,0.491
07/11/06 11:50,0.491
07/11/06 11:55,0.490
07/11/06 12:00,0.488
07/11/06 12:05,0.487
07/11/06 12:10,0.485
07/11/06 12:15,0.483
07/11/06 12:20,0.481
07/11/06 12:25,0.478
07/11/06 12:30,0.475
07/11/06 12:35,0.473
07/11/06 12:40,0.471
07/11/06 12:45,0.469
07/11/06 12:50,0.465
07/11/06 12:55,0.462
07/11/06 13:00,0.459
07/11/06 13:05,0.456
07/11/06 13:10,0.452
07/11/06 13:15,0.445
07/11/06 13:20,0.439
07/11/06 13:25,0.433
07/11/06 13:30,0.429
07/11/06 13:35,0.425
07/11/06 13:40,0.419
07/11/06 13:45,0.415
07/11/06 13:50,0.410
07/11/06 13:55,0.405
07/11/06 14:00,0.400
07/11/06 14:05,0.396
07/11/06 14:10,0.393
07/11/06 14:15,0.390
07/11/06 14:20,0.387
07/11/06 14:25,0.382
07/11/06 14:30,0.378
07/11/06 14:35,0.373
07/11/06 14:40,0.368
07/11/06 14:45,0.364
07/11/06 14:50,0.359
07/11/06 14:55,0.370
07/11/06 15:00,0.372
07/11/06 15:05,0.366
07/11/06 15:10,0.361
07/11/06 15:15,0.354
07/11/06 15:20,0.347
07/11/06 15:25,0.337
07/11/06 15:30,0.327
07/11/06 15:35,0.315
07/11/06 15:40,0.304
07/11/06 15:45,0.290
07/11/06 15:50,0.277
07/11/06 15:55,0.265
07/11/06 16:00,0.254
07/11/06 16:05,0.244
07/11/06 16:10,0.234
07/11/06 16:15,0.224
07/11/06 16:20,0.215
07/11/06 16:25,0.207
07/11/06 16:30,0.198
07/11/06 16:35,0.189
07/11/06 16:40,0.180
07/11/06 16:45,0.171
07/11/06 16:50,0.163
07/11/06 16:55,0.148
07/11/06 17:00,0.129
07/11/06 17:05,0.121
07/11/06 17:10,0.112
07/11/06 17:15,0.103
07/11/06 17:20,0.095
07/11/06 17:25,0.088
07/11/06 17:30,0.081
07/11/06 17:35,0.075
07/11/06 17:40,0.064
07/11/06 17:45,0.047
07/11/06 17:50,0.035
07/11/06 17:55,0.025
07/11/06 18:00,0.017
07/11/06 18:05,0.011
07/11/06 18:10,0.007
07/11/06 18:15,0.005
07/11/06 18:20,0.003
07/11/06 18:25,0.002
07/11/06 18:30,0.002
07/11/06 18:35,0.001
07/11/06 18:40,0.001
07/11/06 18:45,0.001
07/11/06 18:50,0.001
07/11/06 18:55,0.000
07/11/06 19:00,0.000
07/11/06 19:05,0.000
07/11/06 19:10,0.000
07/11/06 19:15,0.000
07/11/06 19:20,0.000
07/11/06 19:25,0.000
07/11/06 19:30,0.000
07/11/06 19:35,0.000
07/11/06 19:40,0.000
07/11/06 19:45,0.000
07/11/06 19:50,0.000
07/11/06 19:55,0.000
07/11/06 20:00,0.000
07/11/06 20:05,0.000
07/11/06 20:10,0.000
07/11/06 20:15,0.000
07/11/06 20:20,0.000
07/11/06 20:25,0.000
07/11/06 20:30,0.000
07/11/06 20:35,0.000
07/11/06 20:40,0.000
07/11/06 20:45,0.000
07/11/06 20:50,0.000
07/11/06 20:55,0.000
07/11/06 21:00,0.000
07/11/06 21:05,0.000
07/11/06 21:10,0.000
07/11/06 21:15,0.000
07/11/06 21:20,0.000
07/11/06 21:25,0.000
07/11/06 21:30,0.000
07/11/06 21:35,0.000
07/11/06 21:40,0.000
07/11/06 21:45,0.000
07/11/06 21:50,0.000
07/11/06 21:55,0.000
07/11/06 22:00,0.000
07/11/06 22:05,0.000
07/11/06 22:10,0.000
07/11/06 22:15,0.000
07/11/06 22:20,0.000
07/11/06 22:25,0.000
07/11/06 22:30,0.000
07/11/06 22:35,0.000
07/11/06 22:40,0.000
07/11/06 22:45,0.000
07/11/06 22:50,0.000
07/11/06 22:55,0.000
07/11/06 23:00,0.000
07/11/06 23:05,0.000
07/11/06 23:10,0.000
07/11/06 23:15,0.000
07/11/06 23:20,0.000
07/11/06 23:25,0.000
07/11/06 23:30,0.000
07/11/06 23:35,0.000
07/11/06 23:40,0.000
07/11/06 23:45,0.000
07/11/06 23:50,0.000
07/11/06 23:55,0.000
07/12/06 00:00,0.000
07/12/06 00:05,0.000
07/12/06 00:10,0.000
07/12/06 00:15,0.000
07/12/06 00:20,0.000
07/12/06 00:25,0.000
07/12/06 00:30,0.000
07/12/06 00:35,0.000
07/12/06 00:40,0.000
07/12/06 00:45,0.000
07/12/06 00:50,0.000
07/12/06 00:55,0.000
07/12/06 01:00,0.000
07/12/06 01:05,0.000
07/12/06 01:10,0.000
07/12/06 01:15,0.000
07/12/06 01:20,0.000
07/12/06 01:25,0.000
07/12/06 01:30,0.000
07/12/06 01:35,0.000
07/12/06 01:40,0.000
07/12/06 01:45,0.000
07/12/06 01:50,0.000
07/12/06 01:55,0.000
07/12/06 02:00,0.000
07/12/06 02:05,0.000
07/12/06 02:10,0.000
07/12/06 02:15,0.000
07/12/06 02:20,0.000
07/12/06 02:25,0.000
07/12/06 02:30,0.000
07/12/06 02:35,0.000
07/12/06 02:40,0.000
07/12/06 02:45,0.000
07/12/06 02:50,0.000
07/12/06 02:55,0.000
07/12/06 03:00,0.000
07/12/06 03:05,0.000
07/12/06 03:10,0.000
07/12/06 03:15,0.000
07/12/06 03:20,0.000
07/12/06 03:25,0.000
07/12/06 03:30,0.000
07/12/06 03:35,0.000
07/12/06 03:40,0.000
07/12/06 03:45,0.000
07/12/06 03:50,0.000
07/12/06 03:55,0.000
07/12/06 04:00,0.000
07/12/06 04:05,0.000
07/12/06 04:10,0.000
07/12/06 04:15,0.000
07/12/06 04:20,0.000
07/12/06 04:25,0.000
07/12/06 04:30,0.000
07/12/06 04:35,0.000
07/12/06 04:40,0.000
07/12/06 04:45,0.000
07/12/06 04:50,0.000
07/12/06 04:55,0.000
07/12/06 05:00,0.001
07/12/06 05:05,0.002
07/12/06 05:10,0.003
07/12/06 05:15,0.004
07/12/06 05:20,0.007
07/12/06 05:25,0.010
07/12/06 05:30,0.014
07/12/06 05:35,0.019
07/12/06 05:40,0.026
07/12/06 05:45,0.037
07/12/06 05:50,0.050
07/12/06 05:55,0.068
07/12/06 06:00,0.077
07/12/06 06:05,0.081
07/12/06 06:10,0.086
07/12/06 06:15,0.091
07/12/06 06:20,0.098
07/12/06 06:25,0.104
07/12/06 06:30,0.111
07/12/06 06:35,0.118
07/12/06 06:40,0.126
07/12/06 06:45,0.132
07/12/06 06:50,0.136
07/12/06 06:55,0.141
07/12/06 07:00,0.145
07/12/06 07:05,0.145
07/12/06 07:10,0.146
07/12/06 07:15,0.146
07/12/06 07:20,0.148
07/12/06 07:25,0.148
07/12/06 07:30,0.143
07/12/06 07:35,0.142
07/12/06 07:40,0.139
07/12/06 07:45,0.134
07/12/06 07:50,0.133
07/12/06 07:55,0.134
07/12/06 08:00,0.129
07/12/06 08:05,0.130
07/12/06 08:10,0.136
07/12/06 08:15,0.150
07/12/06 08:20,0.166
07/12/06 08:25,0.187
07/12/06 08:30,0.206
07/12/06 08:35,0.227
07/12/06 08:40,0.251
07/12/06 08:45,0.272
07/12/06 08:50,0.297
07/12/06 08:55,0.328
07/12/06 09:00,0.343
07/12/06 09:05,0.367
07/12/06 09:10,0.343
07/12/06 09:15,0.337
07/12/06 09:20,0.386
07/12/06 09:25,0.430
07/12/06 09:30,0.463
07/12/06 09:35,0.453
07/12/06 09:40,0.443
07/12/06 09:45,0.418
07/12/06 09:50,0.411
07/12/06 09:55,0.420
07/12/06 10:00,0.382
07/12/06 10:05,0.352
07/12/06 10:10,0.328
07/12/06 10:15,0.303
07/12/06 10:20,0.289
07/12/06 10:25,0.278
07/12/06 10:30,0.267
07/12/06 10:35,0.251
07/12/06 10:40,0.240
07/12/06 10:45,0.222
07/12/06 10:50,0.212
07/12/06 10:55,0.202
07/12/06 11:00,0.202
07/12/06 11:05,0.208
07/12/06 11:10,0.207
07/12/06 11:15,0.202
07/12/06 11:20,0.202
07/12/06 11:25,0.212
07/12/06 11:30,0.221
07/12/06 11:35,0.251
07/12/06 11:40,0.254
07/12/06 11:45,0.215
07/12/06 11:50,0.192
07/12/06 11:55,0.188
07/12/06 12:00,0.285
07/12/06 12:05,0.376
07/12/06 12:10,0.429
07/12/06 12:15,0.457
07/12/06 12:20,0.456
07/12/06 12:25,0.478
07/12/06 12:30,0.495
07/12/06 12:35,0.512
07/12/06 12:40,0.571
07/12/06 12:45,0.614
07/12/06 12:50,0.623
07/12/06 12:55,0.572
07/12/06 13:00,0.569
07/12/06 13:05,0.561
07/12/06 13:10,0.542
07/12/06 13:15,0.542
07/12/06 13:20,0.535
07/12/06 13:25,0.527
07/12/06 13:30,0.525
07/12/06 13:35,0.508
07/12/06 13:40,0.451
07/12/06 13:45,0.378
07/12/06 13:50,0.333
07/12/06 13:55,0.333
07/12/06 14:00,0.395
07/12/06 14:05,0.421
07/12/06 14:10,0.426
07/12/06 14:15,0.421
07/12/06 14:20,0.412
07/12/06 14:25,0.403
07/12/06 14:30,0.393
07/12/06 14:35,0.379
07/12/06 14:40,0.364
07/12/06 14:45,0.351
07/12/06 14:50,0.336
07/12/06 14:55,0.316
07/12/06 15:00,0.285
07/12/06 15:05,0.267
07/12/06 15:10,0.246
07/12/06 15:15,0.250
07/12/06 15:20,0.260
07/12/06 15:25,0.248
07/12/06 15:30,0.259
07/12/06 15:35,0.277
07/12/06 15:40,0.240
07/12/06 15:45,0.252
07/12/06 15:50,0.229
07/12/06 15:55,0.201
07/12/06 16:00,0.197
07/12/06 16:05,0.192
07/12/06 16:10,0.183
07/12/06 16:15,0.183
07/12/06 16:20,0.197
07/12/06 16:25,0.195
07/12/06 16:30,0.189
07/12/06 16:35,0.181
07/12/06 16:40,0.176
07/12/06 16:45,0.163
07/12/06 16:50,0.153
07/12/06 16:55,0.151
07/12/06 17:00,0.156
07/12/06 17:05,0.156
07/12/06 17:10,0.149
07/12/06 17:15,0.138
07/12/06 17:20,0.123
07/12/06 17:25,0.107
07/12/06 17:30,0.092
07/12/06 17:35,0.078
07/12/06 17:40,0.052
07/12/06 17:45,0.032
07/12/06 17:50,0.020
07/12/06 17:55,0.009
07/12/06 18:00,0.006
07/12/06 18:05,0.004
07/12/06 18:10,0.003
07/12/06 18:15,0.002
07/12/06 18:20,0.002
07/12/06 18:25,0.001
07/12/06 18:30,0.001
07/12/06 18:35,0.001
07/12/06 18:40,0.000
07/12/06 18:45,0.000
07/12/06 18:50,0.000
07/12/06 18:55,0.000
07/12/06 19:00,0.000
07/12/06 19:05,0.000
07/12/06 19:10,0.000
07/12/06 19:15,0.000
07/12/06 19:20,0.000
07/12/06 19:25,0.000
07/12/06 19:30,0.000
07/12/06 19:35,0.000
07/12/06 19:40,0.000
07/12/06 19:45,0.000
07/12/06 19:50,0.000
07/12/06 19:55,0.000
07/12/06 20:00,0.000
07/12/06 20:05,0.000
07/12/06 20:10,0.000
07/12/06 20:15,0.000
07/12/06 20:20,0.000
07/12/06 20:25,0.000
07/12/06 20:30,0.000
07/12/06 20:35,0.000
07/12/06 20:40,0.000
07/12/06 20:45,0.000
07/12/06 20:50,0.000
07/12/06 20:55,0.000
07/12/06 21:00,0.000
07/12/06 21:05,0.000
07/12/06 21:10,0.000
07/12/06 21:15,0.000
07/12/06 21:20,0.000
07/12/06 21:25,0.000
07/12/06 21:30,0.000
07/12/06 21:35,0.000
07/12/06 21:40,0.000
07/12/06 21:45,0.000
07/12/06 21:50,0.000
07/12/06 21:55,0.000
07/12/06 22:00,0.000
07/12/06 22:05,0.000
07/12/06 22:10,0.000
07/12/06 22:15,0.000
07/12/06 22:20,0.000
07/12/06 22:25,0.000
07/12/06 22:30,0.000
07/12/06 22:35,0.000
07/12/06 22:40,0.000
07/12/06 22:45,0.000
07/12/06 22:50,0.000
07/12/06 22:55,0.000
07/12/06 23:00,0.000
07/12/06 23:05,0.000
07/12/06 23:10,0.000
07/12/06 23:15,0.000
07/12/06 23:20,0.000
07/12/06 23:25,0.000
07/12/06 23:30,0.000
07/12/06 23:35,0.000
07/12/06 23:40,0.000
07/12/06 23:45,0.000
07/12/06 23:50,0.000
07/12/06 23:55,0.000
07/13/06 00:00,0.000
07/13/06 00:05,0.000
07/13/06 00:10,0.000
07/13/06 00:15,0.000
07/13/06 00:20,0.000
07/13/06 00:25,0.000
07/13/06 00:30,0.000
07/13/06 00:35,0.000
07/13/06 00:40,0.000
07/13/06 00:45,0.000
07/13/06 00:50,0.000
07/13/06 00:55,0.000
07/13/06 01:00,0.000
07/13/06 01:05,0.000
07/13/06 01:10,0.000
07/13/06 01:15,0.000
07/13/06 01:20,0.000
07/13/06 01:25,0.000
07/13/06 01:30,0.000
07/13/06 01:35,0.000
07/13/06 01:40,0.000
07/13/06 01:45,0.000
07/13/06 01:50,0.000
07/13/06 01:55,0.000
07/13/06 02:00,0.000
07/13/06 02:05,0.000
07/13/06 02:10,0.000
07/13/06 02:15,0.000
07/13/06 02:20,0.000
07/13/06 02:25,0.000
07/13/06 02:30,0.000
07/13/06 02:35,0.000
07/13/06 02:40,0.000
07/13/06 02:45,0.000
07/13/06 02:50,0.000
07/13/06 02:55,0.000
07/13/06 03:00,0.000
07/13/06 03:05,0.000
07/13/06 03:10,0.000
07/13/06 03:15,0.000
07/13/06 03:20,0.000
07/13/06 03:25,0.000
07/13/06 03:30,0.000
07/13/06 03:35,0.000
07/13/06 03:40,0.000
07/13/06 03:45,0.000
07/13/06 03:50,0.000
07/13/06 03:55,0.000
07/13/06 04:00,0.000
07/13/06 04:05,0.000
07/13/06 04:10,0.000
07/13/06 04:15,0.000
07/13/06 04:20,0.000
07/13/06 04:25,0.000
07/13/06 04:30,0.000
07/13/06 04:35,0.000
07/13/06 04:40,0.000
07/13/06 04:45,0.000
07/13/06 04:50,0.000
07/13/06 04:55,0.001
07/13/06 05:00,0.002
07/13/06 05:05,0.002
07/13/06 05:10,0.003
07/13/06 05:15,0.004
07/13/06 05:20,0.006
07/13/06 05:25,0.009
07/13/06 05:30,0.014
07/13/06 05:35,0.021
07/13/06 05:40,0.030
07/13/06 05:45,0.044
07/13/06 05:50,0.064
07/13/06 05:55,0.078
07/13/06 06:00,0.086
07/13/06 06:05,0.093
07/13/06 06:10,0.104
07/13/06 06:15,0.111
07/13/06 06:20,0.117
07/13/06 06:25,0.131
07/13/06 06:30,0.145
07/13/06 06:35,0.160
07/13/06 06:40,0.181
07/13/06 06:45,0.173
07/13/06 06:50,0.179
07/13/06 06:55,0.183
07/13/06 07:00,0.192
07/13/06 07:05,0.213
07/13/06 07:10,0.203
07/13/06 07:15,0.188
07/13/06 07:20,0.208
07/13/06 07:25,0.223
07/13/06 07:30,0.240
07/13/06 07:35,0.255
07/13/06 07:40,0.276
07/13/06 07:45,0.309
07/13/06 07:50,0.314
07/13/06 07:55,0.302
07/13/06 08:00,0.280
07/13/06 08:05,0.245
07/13/06 08:10,0.287
07/13/06 08:15,0.337
07/13/06 08:20,0.322
07/13/06 08:25,0.297
07/13/06 08:30,0.255
07/13/06 08:35,0.208
07/13/06 08:40,0.190
07/13/06 08:45,0.232
07/13/06 08:50,0.258
07/13/06 08:55,0.280
07/13/06 09:00,0.334
07/13/06 09:05,0.376
07/13/06 09:10,0.407
07/13/06 09:15,0.432
07/13/06 09:20,0.453
07/13/06 09:25,0.472
07/13/06 09:30,0.490
07/13/06 09:35,0.509
07/13/06 09:40,0.525
07/13/06 09:45,0.540
07/13/06 09:50,0.548
07/13/06 09:55,0.557
07/13/06 10:00,0.551
07/13/06 10:05,0.538
07/13/06 10:10,0.521
07/13/06 10:15,0.501
07/13/06 10:20,0.482
07/13/06 10:25,0.462
07/13/06 10:30,0.442
07/13/06 10:35,0.422
07/13/06 10:40,0.396
07/13/06 10:45,0.367
07/13/06 10:50,0.331
07/13/06 10:55,0.293
07/13/06 11:00,0.279
07/13/06 11:05,0.270
07/13/06 11:10,0.264
07/13/06 11:15,0.261
07/13/06 11:20,0.257
07/13/06 11:25,0.257
07/13/06 11:30,0.259
07/13/06 11:35,0.256
07/13/06 11:40,0.252
07/13/06 11:45,0.250
07/13/06 11:50,0.252
07/13/06 11:55,0.252
07/13/06 12:00,0.248
07/13/06 12:05,0.257
07/13/06 12:10,0.283
07/13/06 12:15,0.312
07/13/06 12:20,0.350
07/13/06 12:25,0.382
07/13/06 12:30,0.415
07/13/06 12:35,0.443
07/13/06 12:40,0.470
07/13/06 12:45,0.495
07/13/06 12:50,0.514
07/13/06 12:55,0.534
07/13/06 13:00,0.537
07/13/06 13:05,0.535
07/13/06 13:10,0.533
07/13/06 13:15,0.531
07/13/06 13:20,0.527
07/13/06 13:25,0.528
07/13/06 13:30,0.527
07/13/06 13:35,0.523
07/13/06 13:40,0.520
07/13/06 13:45,0.518
07/13/06 13:50,0.516
07/13/06 13:55,0.514
07/13/06 14:00,0.516
07/13/06 14:05,0.517
07/13/06 14:10,0.516
07/13/06 14:15,0.518
07/13/06 14:20,0.519
07/13/06 14:25,0.518
07/13/06 14:30,0.518
07/13/06 14:35,0.514
07/13/06 14:40,0.507
07/13/06 14:45,0.500
07/13/06 14:50,0.492
07/13/06 14:55,0.484
07/13/06 15:00,0.475
07/13/06 15:05,0.464
07/13/06 15:10,0.453
07/13/06 15:15,0.442
07/13/06 15:20,0.431
07/13/06 15:25,0.419
07/13/06 15:30,0.408
07/13/06 15:35,0.394
07/13/06 15:40,0.383
07/13/06 15:45,0.372
07/13/06 15:50,0.360
07/13/06 15:55,0.348
07/13/06 16:00,0.337
07/13/06 16:05,0.326
07/13/06 16:10,0.314
07/13/06 16:15,0.302
07/13/06 16:20,0.289
07/13/06 16:25,0.274
07/13/06 16:30,0.260
07/13/06 16:35,0.247
07/13/06 16:40,0.234
07/13/06 16:45,0.222
07/13/06 16:50,0.210
07/13/06 16:55,0.197
07/13/06 17:00,0.184
07/13/06 17:05,0.170
07/13/06 17:10,0.158
07/13/06 17:15,0.146
07/13/06 17:20,0.134
07/13/06 17:25,0.122
07/13/06 17:30,0.110
07/13/06 17:35,0.100
07/13/06 17:40,0.089
07/13/06 17:45,0.080
07/13/06 17:50,0.064
07/13/06 17:55,0.040
07/13/06 18:00,0.025
07/13/06 18:05,0.014
07/13/06 18:10,0.008
07/13/06 18:15,0.004
07/13/06 18:20,0.002
07/13/06 18:25,0.001
07/13/06 18:30,0.001
07/13/06 18:35,0.000
07/13/06 18:40,0.000
07/13/06 18:45,0.000
07/13/06 18:50,0.000
07/13/06 18:55,0.000
07/13/06 19:00,0.000
07/13/06 19:05,0.000
07/13/06 19:10,0.000
07/13/06 19:15,0.000
07/13/06 19:20,0.000
07/13/06 19:25,0.000
07/13/06 19:30,0.000
07/13/06 19:35,0.000
07/13/06 19:40,0.000
07/13/06 19:45,0.000
07/13/06 19:50,0.000
07/13/06 19:55,0.000
07/13/06 20:00,0.000
07/13/06 20:05,0.000
07/13/06 20:10,0.000
07/13/06 20:15,0.000
07/13/06 20:20,0.000
07/13/06 20:25,0.000
07/13/06 20:30,0.000
07/13/06 20:35,0.000
07/13/06 20:40,0.000
07/13/06 20:45,0.000
07/13/06 20:50,0.000
07/13/06 20:55,0.000
07/13/06 21:00,0.000
07/13/06 21:05,0.000
07/13/06 21:10,0.000
07/13/06 21:15,0.000
07/13/06 21:20,0.000
07/13/06 21:25,0.000
07/13/06 21:30,0.000
07/13/06 21:35,0.000
07/13/06 21:40,0.000
07/13/06 21:45,0.000
07/13/06 21:50,0.000
07/13/06 21:55,0.000
07/13/06 22:00,0.000
07/13/06 22:05,0.000
07/13/06 22:10,0.000
07/13/06 22:15,0.000
07/13/06 22:20,0.000
07/13/06 22:25,0.000
07/13/06 22:30,0.000
07/13/06 22:35,0.000
07/13/06 22:40,0.000
07/13/06 22:45,0.000
07/13/06 22:50,0.000
07/13/06 22:55,0.000
07/13/06 23:00,0.000
07/13/06 23:05,0.000
07/13/06 23:10,0.000
07/13/06 23:15,0.000
07/13/06 23:20,0.000
07/13/06 23:25,0.000
07/13/06 23:30,0.000
07/13/06 23:35,0.000
07/13/06 23:40,0.000
07/13/06 23:45,0.000
07/13/06 23:50,0.000
07/13/06 23:55,0.000
07/14/06 00:00,0.000
07/14/06 00:05,0.000
07/14/06 00:10,0.000
07/14/06 00:15,0.000
07/14/06 00:20,0.000
07/14/06 00:25,0.000
07/14/06 00:30,0.000
07/14/06 00:35,0.000
07/14/06 00:40,0.000
07/14/06 00:45,0.000
07/14/06 00:50,0.000
07/14/06 00:55,0.000
07/14/06 01:00,0.000
07/14/06 01:05,0.000
07/14/06 01:10,0.000
07/14/06 01:15,0.000
07/14/06 01:20,0.000
07/14/06 01:25,0.000
07/14/06 01:30,0.000
07/14/06 01:35,0.000
07/14/06 01:40,0.000
07/14/06 01:45,0.000
07/14/06 01:50,0.000
07/14/06 01:55,0.000
07/14/06 02:00,0.000
07/14/06 02:05,0.000
07/14/06 02:10,0.000
07/14/06 02:15,0.000
07/14/06 02:20,0.000
07/14/06 02:25,0.000
07/14/06 02:30,0.000
07/14/06 02:35,0.000
07/14/06 02:40,0.000
07/14/06 02:45,0.000
07/14/06 02:50,0.000
07/14/06 02:55,0.000
07/14/06 03:00,0.000
07/14/06 03:05,0.000
07/14/06 03:10,0.000
07/14/06 03:15,0.000
07/14/06 03:20,0.000
07/14/06 03:25,0.000
07/14/06 03:30,0.000
07/14/06 03:35,0.000
07/14/06 03:40,0.000
07/14/06 03:45,0.000
07/14/06 03:50,0.000
07/14/06 03:55,0.000
07/14/06 04:00,0.000
07/14/06 04:05,0.000
07/14/06 04:10,0.000
07/14/06 04:15,0.000
07/14/06 04:20,0.000
07/14/06 04:25,0.000
07/14/06 04:30,0.000
07/14/06 04:35,0.000
07/14/06 04:40,0.000
07/14/06 04:45,0.000
07/14/06 04:50,0.000
07/14/06 04:55,0.001
07/14/06 05:00,0.001
07/14/06 05:05,0.001
07/14/06 05:10,0.001
07/14/06 05:15,0.002
07/14/06 05:20,0.003
07/14/06 05:25,0.005
07/14/06 05:30,0.010
07/14/06 05:35,0.019
07/14/06 05:40,0.033
07/14/06 05:45,0.055
07/14/06 05:50,0.078
07/14/06 05:55,0.088
07/14/06 06:00,0.097
07/14/06 06:05,0.108
07/14/06 06:10,0.119
07/14/06 06:15,0.130
07/14/06 06:20,0.141
07/14/06 06:25,0.153
07/14/06 06:30,0.165
07/14/06 06:35,0.178
07/14/06 06:40,0.193
07/14/06 06:45,0.208
07/14/06 06:50,0.222
07/14/06 06:55,0.235
07/14/06 07:00,0.249
07/14/06 07:05,0.262
07/14/06 07:10,0.276
07/14/06 07:15,0.290
07/14/06 07:20,0.303
07/14/06 07:25,0.315
07/14/06 07:30,0.327
07/14/06 07:35,0.337
07/14/06 07:40,0.348
07/14/06 07:45,0.358
07/14/06 07:50,0.366
07/14/06 07:55,0.373
07/14/06 08:00,0.386
07/14/06 08:05,0.399
07/14/06 08:10,0.413
07/14/06 08:15,0.427
07/14/06 08:20,0.438
07/14/06 08:25,0.449
07/14/06 08:30,0.459
07/14/06 08:35,0.468
07/14/06 08:40,0.476
07/14/06 08:45,0.485
07/14/06 08:50,0.494
07/14/06 08:55,0.501
07/14/06 09:00,0.505
07/14/06 09:05,0.510
07/14/06 09:10,0.513
07/14/06 09:15,0.517
07/14/06 09:20,0.520
07/14/06 09:25,0.522
07/14/06 09:30,0.523
07/14/06 09:35,0.524
07/14/06 09:40,0.524
07/14/06 09:45,0.524
07/14/06 09:50,0.524
07/14/06 09:55,0.527
07/14/06 10:00,0.536
07/14/06 10:05,0.548
07/14/06 10:10,0.559
07/14/06 10:15,0.569
07/14/06 10:20,0.577
07/14/06 10:25,0.585
07/14/06 10:30,0.591
07/14/06 10:35,0.597
07/14/06 10:40,0.602
07/14/06 10:45,0.608
07/14/06 10:50,0.617
07/14/06 10:55,0.624
07/14/06 11:00,0.628
07/14/06 11:05,0.629
07/14/06 11:10,0.629
07/14/06 11:15,0.628
07/14/06 11:20,0.627
07/14/06 11:25,0.627
07/14/06 11:30,0.627
07/14/06 11:35,0.625
07/14/06 11:40,0.619
07/14/06 11:45,0.609
07/14/06 11:50,0.606
07/14/06 11:55,0.605
07/14/06 12:00,0.604
07/14/06 12:05,0.602
07/14/06 12:10,0.600
07/14/06 12:15,0.600
07/14/06 12:20,0.598
07/14/06 12:25,0.596
07/14/06 12:30,0.595
07/14/06 12:35,0.594
07/14/06 12:40,0.592
07/14/06 12:45,0.589
07/14/06 12:50,0.587
07/14/06 12:55,0.585
07/14/06 13:00,0.583
07/14/06 13:05,0.583
07/14/06 13:10,0.582
07/14/06 13:15,0.580
07/14/06 13:20,0.581
07/14/06 13:25,0.578
07/14/06 13:30,0.573
07/14/06 13:35,0.568
07/14/06 13:40,0.563
07/14/06 13:45,0.556
07/14/06 13:50,0.549
07/14/06 13:55,0.543
07/14/06 14:00,0.538
07/14/06 14:05,0.534
07/14/06 14:10,0.530
07/14/06 14:15,0.526
07/14/06 14:20,0.521
07/14/06 14:25,0.515
07/14/06 14:30,0.513
07/14/06 14:35,0.512
07/14/06 14:40,0.509
07/14/06 14:45,0.502
07/14/06 14:50,0.495
07/14/06 14:55,0.487
07/14/06 15:00,0.478
07/14/06 15:05,0.468
07/14/06 15:10,0.459
07/14/06 15:15,0.449
07/14/06 15:20,0.438
07/14/06 15:25,0.426
07/14/06 15:30,0.411
07/14/06 15:35,0.394
07/14/06 15:40,0.381
07/14/06 15:45,0.368
07/14/06 15:50,0.355
07/14/06 15:55,0.343
07/14/06 16:00,0.330
07/14/06 16:05,0.318
07/14/06 16:10,0.306
07/14/06 16:15,0.294
07/14/06 16:20,0.282
07/14/06 16:25,0.270
07/14/06 16:30,0.257
07/14/06 16:35,0.247
07/14/06 16:40,0.237
07/14/06 16:45,0.226
07/14/06 16:50,0.215
07/14/06 16:55,0.204
07/14/06 17:00,0.187
07/14/06 17:05,0.171
07/14/06 17:10,0.157
07/14/06 17:15,0.143
07/14/06 17:20,0.129
07/14/06 17:25,0.117
07/14/06 17:30,0.107
07/14/06 17:35,0.097
07/14/06 17:40,0.087
07/14/06 17:45,0.079
07/14/06 17:50,0.067
07/14/06 17:55,0.044
07/14/06 18:00,0.029
07/14/06 18:05,0.019
07/14/06 18:10,0.012
07/14/06 18:15,0.008
07/14/06 18:20,0.005
07/14/06 18:25,0.003
07/14/06 18:30,0.002
07/14/06 18:35,0.001
07/14/06 18:40,0.001
07/14/06 18:45,0.000
07/14/06 18:50,0.000
07/14/06 18:55,0.000
07/14/06 19:00,0.000
07/14/06 19:05,0.000
07/14/06 19:10,0.000
07/14/06 19:15,0.000
07/14/06 19:20,0.000
07/14/06 19:25,0.000
07/14/06 19:30,0.000
07/14/06 19:35,0.000
07/14/06 19:40,0.000
07/14/06 19:45,0.000
07/14/06 19:50,0.000
07/14/06 19:55,0.000
07/14/06 20:00,0.000
07/14/06 20:05,0.000
07/14/06 20:10,0.000
07/14/06 20:15,0.000
07/14/06 20:20,0.000
07/14/06 20:25,0.000
07/14/06 20:30,0.000
07/14/06 20:35,0.000
07/14/06 20:40,0.000
07/14/06 20:45,0.000
07/14/06 20:50,0.000
07/14/06 20:55,0.000
07/14/06 21:00,0.000
07/14/06 21:05,0.000
07/14/06 21:10,0.000
07/14/06 21:15,0.000
07/14/06 21:20,0.000
07/14/06 21:25,0.000
07/14/06 21:30,0.000
07/14/06 21:35,0.000
07/14/06 21:40,0.000
07/14/06 21:45,0.000
07/14/06 21:50,0.000
07/14/06 21:55,0.000
07/14/06 22:00,0.000
07/14/06 22:05,0.000
07/14/06 22:10,0.000
07/14/06 22:15,0.000
07/14/06 22:20,0.000
07/14/06 22:25,0.000
07/14/06 22:30,0.000
07/14/06 22:35,0.000
07/14/06 22:40,0.000
07/14/06 22:45,0.000
07/14/06 22:50,0.000
07/14/06 22:55,0.000
07/14/06 23:00,0.000
07/14/06 23:05,0.000
07/14/06 23:10,0.000
07/14/06 23:15,0.000
07/14/06 23:20,0.000
07/14/06 23:25,0.000
07/14/06 23:30,0.000
07/14/06 23:35,0.000
07/14/06 23:40,0.000
07/14/06 23:45,0.000
07/14/06 23:50,0.000
07/14/06 23:55,0.000
07/15/06 00:00,0.000
07/15/06 00:05,0.000
07/15/06 00:10,0.000
07/15/06 00:15,0.000
07/15/06 00:20,0.000
07/15/06 00:25,0.000
07/15/06 00:30,0.000
07/15/06 00:35,0.000
07/15/06 00:40,0.000
07/15/06 00:45,0.000
07/15/06 00:50,0.000
07/15/06 00:55,0.000
07/15/06 01:00,0.000
07/15/06 01:05,0.000
07/15/06 01:10,0.000
07/15/06 01:15,0.000
07/15/06 01:20,0.000
07/15/06 01:25,0.000
07/15/06 01:30,0.000
07/15/06 01:35,0.000
07/15/06 01:40,0.000
07/15/06 01:45,0.000
07/15/06 01:50,0.000
07/15/06 01:55,0.000
07/15/06 02:00,0.000
07/15/06 02:05,0.000
07/15/06 02:10,0.000
07/15/06 02:15,0.000
07/15/06 02:20,0.000
07/15/06 02:25,0.000
07/15/06 02:30,0.000
07/15/06 02:35,0.000
07/15/06 02:40,0.000
07/15/06 02:45,0.000
07/15/06 02:50,0.000
07/15/06 02:55,0.000
07/15/06 03:00,0.000
07/15/06 03:05,0.000
07/15/06 03:10,0.000
07/15/06 03:15,0.000
07/15/06 03:20,0.000
07/15/06 03:25,0.000
07/15/06 03:30,0.000
07/15/06 03:35,0.000
07/15/06 03:40,0.000
07/15/06 03:45,0.000
07/15/06 03:50,0.000
07/15/06 03:55,0.000
07/15/06 04:00,0.000
07/15/06 04:05,0.000
07/15/06 04:10,0.000
07/15/06 04:15,0.000
07/15/06 04:20,0.000
07/15/06 04:25,0.000
07/15/06 04:30,0.000
07/15/06 04:35,0.000
07/15/06 04:40,0.000
07/15/06 04:45,0.000
07/15/06 04:50,0.000
07/15/06 04:55,0.000
07/15/06 05:00,0.000
07/15/06 05:05,0.000
07/15/06 05:10,0.001
07/15/06 05:15,0.001
07/15/06 05:20,0.002
07/15/06 05:25,0.004
07/15/06 05:30,0.007
07/15/06 05:35,0.013
07/15/06 05:40,0.022
07/15/06 05:45,0.038
07/15/06 05:50,0.062
07/15/06 05:55,0.079
07/15/06 06:00,0.090
07/15/06 06:05,0.100
07/15/06 06:10,0.112
07/15/06 06:15,0.123
07/15/06 06:20,0.136
07/15/06 06:25,0.149
07/15/06 06:30,0.161
07/15/06 06:35,0.173
07/15/06 06:40,0.185
07/15/06 06:45,0.197
07/15/06 06:50,0.208
07/15/06 06:55,0.219
07/15/06 07:00,0.231
07/15/06 07:05,0.242
07/15/06 07:10,0.253
07/15/06 07:15,0.264
07/15/06 07:20,0.275
07/15/06 07:25,0.285
07/15/06 07:30,0.294
07/15/06 07:35,0.303
07/15/06 07:40,0.314
07/15/06 07:45,0.323
07/15/06 07:50,0.333
07/15/06 07:55,0.342
07/15/06 08:00,0.351
07/15/06 08:05,0.361
07/15/06 08:10,0.371
07/15/06 08:15,0.384
07/15/06 08:20,0.394
07/15/06 08:25,0.404
07/15/06 08:30,0.413
07/15/06 08:35,0.423
07/15/06 08:40,0.433
07/15/06 08:45,0.442
07/15/06 08:50,0.450
07/15/06 08:55,0.458
07/15/06 09:00,0.465
07/15/06 09:05,0.471
07/15/06 09:10,0.476
07/15/06 09:15,0.484
07/15/06 09:20,0.490
07/15/06 09:25,0.495
07/15/06 09:30,0.496
07/15/06 09:35,0.497
07/15/06 09:40,0.498
07/15/06 09:45,0.498
07/15/06 09:50,0.498
07/15/06 09:55,0.499
07/15/06 10:00,0.501
07/15/06 10:05,0.504
07/15/06 10:10,0.507
07/15/06 10:15,0.510
07/15/06 10:20,0.512
07/15/06 10:25,0.515
07/15/06 10:30,0.517
07/15/06 10:35,0.519
07/15/06 10:40,0.518
07/15/06 10:45,0.520
07/15/06 10:50,0.522
07/15/06 10:55,0.525
07/15/06 11:00,0.530
07/15/06 11:05,0.536
07/15/06 11:10,0.542
07/15/06 11:15,0.548
07/15/06 11:20,0.554
07/15/06 11:25,0.559
07/15/06 11:30,0.562
07/15/06 11:35,0.564
07/15/06 11:40,0.566
07/15/06 11:45,0.567
07/15/06 11:50,0.565
07/15/06 11:55,0.564
07/15/06 12:00,0.561
07/15/06 12:05,0.558
07/15/06 12:10,0.555
07/15/06 12:15,0.552
07/15/06 12:20,0.543
07/15/06 12:25,0.534
07/15/06 12:30,0.527
07/15/06 12:35,0.522
07/15/06 12:40,0.517
07/15/06 12:45,0.512
07/15/06 12:50,0.509
07/15/06 12:55,0.506
07/15/06 13:00,0.503
07/15/06 13:05,0.499
07/15/06 13:10,0.495
07/15/06 13:15,0.491
07/15/06 13:20,0.486
07/15/06 13:25,0.482
07/15/06 13:30,0.477
07/15/06 13:35,0.472
07/15/06 13:40,0.467
07/15/06 13:45,0.464
07/15/06 13:50,0.463
07/15/06 13:55,0.460
07/15/06 14:00,0.457
07/15/06 14:05,0.452
07/15/06 14:10,0.447
07/15/06 14:15,0.442
07/15/06 14:20,0.437
07/15/06 14:25,0.432
07/15/06 14:30,0.427
07/15/06 14:35,0.421
07/15/06 14:40,0.414
07/15/06 14:45,0.410
07/15/06 14:50,0.407
07/15/06 14:55,0.403
07/15/06 15:00,0.398
07/15/06 15:05,0.391
07/15/06 15:10,0.385
07/15/06 15:15,0.378
07/15/06 15:20,0.371
07/15/06 15:25,0.363
07/15/06 15:30,0.356
07/15/06 15:35,0.346
07/15/06 15:40,0.336
07/15/06 15:45,0.325
07/15/06 15:50,0.314
07/15/06 15:55,0.300
07/15/06 16:00,0.285
07/15/06 16:05,0.271
07/15/06 16:10,0.259
07/15/06 16:15,0.246
07/15/06 16:20,0.234
07/15/06 16:25,0.223
07/15/06 16:30,0.211
07/15/06 16:35,0.200
07/15/06 16:40,0.189
07/15/06 16:45,0.178
07/15/06 16:50,0.167
07/15/06 16:55,0.157
07/15/06 17:00,0.146
07/15/06 17:05,0.136
07/15/06 17:10,0.127
07/15/06 17:15,0.117
07/15/06 17:20,0.108
07/15/06 17:25,0.100
07/15/06 17:30,0.092
07/15/06 17:35,0.084
07/15/06 17:40,0.077
07/15/06 17:45,0.062
07/15/06 17:50,0.043
07/15/06 17:55,0.029
07/15/06 18:00,0.019
07/15/06 18:05,0.012
07/15/06 18:10,0.007
07/15/06 18:15,0.004
07/15/06 18:20,0.003
07/15/06 18:25,0.002
07/15/06 18:30,0.001
07/15/06 18:35,0.001
07/15/06 18:40,0.000
07/15/06 18:45,0.000
07/15/06 18:50,0.000
07/15/06 18:55,0.000
07/15/06 19:00,0.000
07/15/06 19:05,0.000
07/15/06 19:10,0.000
07/15/06 19:15,0.000
07/15/06 19:20,0.000
07/15/06 19:25,0.000
07/15/06 19:30,0.000
07/15/06 19:35,0.000
07/15/06 19:40,0.000
07/15/06 19:45,0.000
07/15/06 19:50,0.000
07/15/06 19:55,0.000
07/15/06 20:00,0.000
07/15/06 20:05,0.000
07/15/06 20:10,0.000
07/15/06 20:15,0.000
07/15/06 20:20,0.000
07/15/06 20:25,0.000
07/15/06 20:30,0.000
07/15/06 20:35,0.000
07/15/06 20:40,0.000
07/15/06 20:45,0.000
07/15/06 20:50,0.000
07/15/06 20:55,0.000
07/15/06 21:00,0.000
07/15/06 21:05,0.000
07/15/06 21:10,0.000
07/15/06 21:15,0.000
07/15/06 21:20,0.000
07/15/06 21:25,0.000
07/15/06 21:30,0.000
07/15/06 21:35,0.000
07/15/06 21:40,0.000
07/15/06 21:45,0.000
07/15/06 21:50,0.000
07/15/06 21:55,0.000
07/15/06 22:00,0.000
07/15/06 22:05,0.000
07/15/06 22:10,0.000
07/15/06 22:15,0.000
07/15/06 22:20,0.000
07/15/06 22:25,0.000
07/15/06 22:30,0.000
07/15/06 22:35,0.000
07/15/06 22:40,0.000
07/15/06 22:45,0.000
07/15/06 22:50,0.000
07/15/06 22:55,0.000
07/15/06 23:00,0.000
07/15/06 23:05,0.000
07/15/06 23:10,0.000
07/15/06 23:15,0.000
07/15/06 23:20,0.000
07/15/06 23:25,0.000
07/15/06 23:30,0.000
07/15/06 23:35,0.000
07/15/06 23:40,0.000
07/15/06 23:45,0.000
07/15/06 23:50,0.000
07/15/06 23:55,0.000
07/16/06 00:00,0.000
07/16/06 00:05,0.000
07/16/06 00:10,0.000
07/16/06 00:15,0.000
07/16/06 00:20,0.000
07/16/06 00:25,0.000
07/16/06 00:30,0.000
07/16/06 00:35,0.000
07/16/06 00:40,0.000
07/16/06 00:45,0.000
07/16/06 00:50,0.000
07/16/06 00:55,0.000
07/16/06 01:00,0.000
07/16/06 01:05,0.000
07/16/06 01:10,0.000
07/16/06 01:15,0.000
07/16/06 01:20,0.000
07/16/06 01:25,0.000
07/16/06 01:30,0.000
07/16/06 01:35,0.000
07/16/06 01:40,0.000
07/16/06 01:45,0.000
07/16/06 01:50,0.000
07/16/06 01:55,0.000
07/16/06 02:00,0.000
07/16/06 02:05,0.000
07/16/06 02:10,0.000
07/16/06 02:15,0.000
07/16/06 02:20,0.000
07/16/06 02:25,0.000
07/16/06 02:30,0.000
07/16/06 02:35,0.000
07/16/06 02:40,0.000
07/16/06 02:45,0.000
07/16/06 02:50,0.000
07/16/06 02:55,0.000
07/16/06 03:00,0.000
07/16/06 03:05,0.000
07/16/06 03:10,0.000
07/16/06 03:15,0.000
07/16/06 03:20,0.000
07/16/06 03:25,0.000
07/16/06 03:30,0.000
07/16/06 03:35,0.000
07/16/06 03:40,0.000
07/16/06 03:45,0.000
07/16/06 03:50,0.000
07/16/06 03:55,0.000
07/16/06 04:00,0.000
07/16/06 04:05,0.000
07/16/06 04:10,0.000
07/16/06 04:15,0.000
07/16/06 04:20,0.000
07/16/06 04:25,0.000
07/16/06 04:30,0.000
07/16/06 04:35,0.000
07/16/06 04:40,0.000
07/16/06 04:45,0.000
07/16/06 04:50,0.000
07/16/06 04:55,0.000
07/16/06 05:00,0.000
07/16/06 05:05,0.000
07/16/06 05:10,0.001
07/16/06 05:15,0.001
07/16/06 05:20,0.002
07/16/06 05:25,0.004
07/16/06 05:30,0.007
07/16/06 05:35,0.013
07/16/06 05:40,0.022
07/16/06 05:45,0.041
07/16/06 05:50,0.073
07/16/06 05:55,0.084
07/16/06 06:00,0.094
07/16/06 06:05,0.105
07/16/06 06:10,0.116
07/16/06 06:15,0.129
07/16/06 06:20,0.142
07/16/06 06:25,0.155
07/16/06 06:30,0.169
07/16/06 06:35,0.183
07/16/06 06:40,0.196
07/16/06 06:45,0.209
07/16/06 06:50,0.222
07/16/06 06:55,0.235
07/16/06 07:00,0.249
07/16/06 07:05,0.261
07/16/06 07:10,0.274
07/16/06 07:15,0.287
07/16/06 07:20,0.299
07/16/06 07:25,0.311
07/16/06 07:30,0.323
07/16/06 07:35,0.334
07/16/06 07:40,0.345
07/16/06 07:45,0.356
07/16/06 07:50,0.366
07/16/06 07:55,0.376
07/16/06 08:00,0.385
07/16/06 08:05,0.395
07/16/06 08:10,0.406
07/16/06 08:15,0.420
07/16/06 08:20,0.430
07/16/06 08:25,0.440
07/16/06 08:30,0.449
07/16/06 08:35,0.455
07/16/06 08:40,0.460
07/16/06 08:45,0.468
07/16/06 08:50,0.477
07/16/06 08:55,0.485
07/16/06 09:00,0.494
07/16/06 09:05,0.502
07/16/06 09:10,0.508
07/16/06 09:15,0.513
07/16/06 09:20,0.518
07/16/06 09:25,0.526
07/16/06 09:30,0.534
07/16/06 09:35,0.541
07/16/06 09:40,0.548
07/16/06 09:45,0.555
07/16/06 09:50,0.562
07/16/06 09:55,0.569
07/16/06 10:00,0.575
07/16/06 10:05,0.580
07/16/06 10:10,0.586
07/16/06 10:15,0.590
07/16/06 10:20,0.590
07/16/06 10:25,0.592
07/16/06 10:30,0.594
07/16/06 10:35,0.594
07/16/06 10:40,0.595
07/16/06 10:45,0.595
07/16/06 10:50,0.596
07/16/06 10:55,0.597
07/16/06 11:00,0.597
07/16/06 11:05,0.590
07/16/06 11:10,0.587
07/16/06 11:15,0.584
07/16/06 11:20,0.582
07/16/06 11:25,0.582
07/16/06 11:30,0.581
07/16/06 11:35,0.579
07/16/06 11:40,0.579
07/16/06 11:45,0.582
07/16/06 11:50,0.584
07/16/06 11:55,0.584
07/16/06 12:00,0.585
07/16/06 12:05,0.584
07/16/06 12:10,0.581
07/16/06 12:15,0.576
07/16/06 12:20,0.573
07/16/06 12:25,0.570
07/16/06 12:30,0.568
07/16/06 12:35,0.567
07/16/06 12:40,0.566
07/16/06 12:45,0.565
07/16/06 12:50,0.564
07/16/06 12:55,0.564
07/16/06 13:00,0.564
07/16/06 13:05,0.561
07/16/06 13:10,0.557
07/16/06 13:15,0.552
07/16/06 13:20,0.546
07/16/06 13:25,0.542
07/16/06 13:30,0.538
07/16/06 13:35,0.534
07/16/06 13:40,0.531
07/16/06 13:45,0.526
07/16/06 13:50,0.521
07/16/06 13:55,0.516
07/16/06 14:00,0.514
07/16/06 14:05,0.511
07/16/06 14:10,0.508
07/16/06 14:15,0.504
07/16/06 14:20,0.500
07/16/06 14:25,0.498
07/16/06 14:30,0.493
07/16/06 14:35,0.487
07/16/06 14:40,0.481
07/16/06 14:45,0.474
07/16/06 14:50,0.467
07/16/06 14:55,0.460
07/16/06 15:00,0.451
07/16/06 15:05,0.440
07/16/06 15:10,0.429
07/16/06 15:15,0.417
07/16/06 15:20,0.406
07/16/06 15:25,0.395
07/16/06 15:30,0.384
07/16/06 15:35,0.369
07/16/06 15:40,0.357
07/16/06 15:45,0.343
07/16/06 15:50,0.329
07/16/06 15:55,0.314
07/16/06 16:00,0.305
07/16/06 16:05,0.298
07/16/06 16:10,0.290
07/16/06 16:15,0.280
07/16/06 16:20,0.270
07/16/06 16:25,0.258
07/16/06 16:30,0.248
07/16/06 16:35,0.237
07/16/06 16:40,0.227
07/16/06 16:45,0.216
07/16/06 16:50,0.204
07/16/06 16:55,0.194
07/16/06 17:00,0.183
07/16/06 17:05,0.172
07/16/06 17:10,0.160
07/16/06 17:15,0.149
07/16/06 17:20,0.139
07/16/06 17:25,0.129
07/16/06 17:30,0.120
07/16/06 17:35,0.111
07/16/06 17:40,0.102
07/16/06 17:45,0.094
07/16/06 17:50,0.086
07/16/06 17:55,0.079
07/16/06 18:00,0.071
07/16/06 18:05,0.047
07/16/06 18:10,0.032
07/16/06 18:15,0.020
07/16/06 18:20,0.012
07/16/06 18:25,0.007
07/16/06 18:30,0.004
07/16/06 18:35,0.002
07/16/06 18:40,0.001
07/16/06 18:45,0.001
07/16/06 18:50,0.000
07/16/06 18:55,0.000
07/16/06 19:00,0.000
07/16/06 19:05,0.000
07/16/06 19:10,0.000
07/16/06 19:15,0.000
07/16/06 19:20,0.000
07/16/06 19:25,0.000
07/16/06 19:30,0.000
07/16/06 19:35,0.000
07/16/06 19:40,0.000
07/16/06 19:45,0.000
07/16/06 19:50,0.000
07/16/06 19:55,0.000
07/16/06 20:00,0.000
07/16/06 20:05,0.000
07/16/06 20:10,0.000
07/16/06 20:15,0.000
07/16/06 20:20,0.000
07/16/06 20:25,0.000
07/16/06 20:30,0.000
07/16/06 20:35,0.000
07/16/06 20:40,0.000
07/16/06 20:45,0.000
07/16/06 20:50,0.000
07/16/06 20:55,0.000
07/16/06 21:00,0.000
07/16/06 21:05,0.000
07/16/06 21:10,0.000
07/16/06 21:15,0.000
07/16/06 21:20,0.000
07/16/06 21:25,0.000
07/16/06 21:30,0.000
07/16/06 21:35,0.000
07/16/06 21:40,0.000
07/16/06 21:45,0.000
07/16/06 21:50,0.000
07/16/06 21:55,0.000
07/16/06 22:00,0.000
07/16/06 22:05,0.000
07/16/06 22:10,0.000
07/16/06 22:15,0.000
07/16/06 22:20,0.000
07/16/06 22:25,0.000
07/16/06 22:30,0.000
07/16/06 22:35,0.000
07/16/06 22:40,0.000
07/16/06 22:45,0.000
07/16/06 22:50,0.000
07/16/06 22:55,0.000
07/16/06 23:00,0.000
07/16/06 23:05,0.000
07/16/06 23:10,0.000
07/16/06 23:15,0.000
07/16/06 23:20,0.000
07/16/06 23:25,0.000
07/16/06 23:30,0.000
07/16/06 23:35,0.000
07/16/06 23:40,0.000
07/16/06 23:45,0.000
07/16/06 23:50,0.000
07/16/06 23:55,0.000
07/17/06 00:00,0.000
07/17/06 00:05,0.000
07/17/06 00:10,0.000
07/17/06 00:15,0.000
07/17/06 00:20,0.000
07/17/06 00:25,0.000
07/17/06 00:30,0.000
07/17/06 00:35,0.000
07/17/06 00:40,0.000
07/17/06 00:45,0.000
07/17/06 00:50,0.000
07/17/06 00:55,0.000
07/17/06 01:00,0.000
07/17/06 01:05,0.000
07/17/06 01:10,0.000
07/17/06 01:15,0.000
07/17/06 01:20,0.000
07/17/06 01:25,0.000
07/17/06 01:30,0.000
07/17/06 01:35,0.000
07/17/06 01:40,0.000
07/17/06 01:45,0.000
07/17/06 01:50,0.000
07/17/06 01:55,0.000
07/17/06 02:00,0.000
07/17/06 02:05,0.000
07/17/06 02:10,0.000
07/17/06 02:15,0.000
07/17/06 02:20,0.000
07/17/06 02:25,0.000
07/17/06 02:30,0.000
07/17/06 02:35,0.000
07/17/06 02:40,0.000
07/17/06 02:45,0.000
07/17/06 02:50,0.000
07/17/06 02:55,0.000
07/17/06 03:00,0.000
07/17/06 03:05,0.000
07/17/06 03:10,0.000
07/17/06 03:15,0.000
07/17/06 03:20,0.000
07/17/06 03:25,0.000
07/17/06 03:30,0.000
07/17/06 03:35,0.000
07/17/06 03:40,0.000
07/17/06 03:45,0.000
07/17/06 03:50,0.000
07/17/06 03:55,0.000
07/17/06 04:00,0.000
07/17/06 04:05,0.000
07/17/06 04:10,0.000
07/17/06 04:15,0.000
07/17/06 04:20,0.000
07/17/06 04:25,0.000
07/17/06 04:30,0.000
07/17/06 04:35,0.000
07/17/06 04:40,0.000
07/17/06 04:45,0.000
07/17/06 04:50,0.000
07/17/06 04:55,0.000
07/17/06 05:00,0.000
07/17/06 05:05,0.000
07/17/06 05:10,0.001
07/17/06 05:15,0.001
07/17/06 05:20,0.002
07/17/06 05:25,0.004
07/17/06 05:30,0.007
07/17/06 05:35,0.011
07/17/06 05:40,0.020
07/17/06 05:45,0.034
07/17/06 05:50,0.055
07/17/06 05:55,0.077
07/17/06 06:00,0.086
07/17/06 06:05,0.095
07/17/06 06:10,0.104
07/17/06 06:15,0.114
07/17/06 06:20,0.124
07/17/06 06:25,0.135
07/17/06 06:30,0.146
07/17/06 06:35,0.156
07/17/06 06:40,0.165
07/17/06 06:45,0.175
07/17/06 06:50,0.185
07/17/06 06:55,0.194
07/17/06 07:00,0.203
07/17/06 07:05,0.212
07/17/06 07:10,0.220
07/17/06 07:15,0.229
07/17/06 07:20,0.239
07/17/06 07:25,0.246
07/17/06 07:30,0.251
07/17/06 07:35,0.255
07/17/06 07:40,0.262
07/17/06 07:45,0.269
07/17/06 07:50,0.276
07/17/06 07:55,0.284
07/17/06 08:00,0.292
07/17/06 08:05,0.300
07/17/06 08:10,0.308
07/17/06 08:15,0.317
07/17/06 08:20,0.324
07/17/06 08:25,0.330
07/17/06 08:30,0.337
07/17/06 08:35,0.343
07/17/06 08:40,0.349
07/17/06 08:45,0.353
07/17/06 08:50,0.358
07/17/06 08:55,0.365
07/17/06 09:00,0.372
07/17/06 09:05,0.376
07/17/06 09:10,0.378
07/17/06 09:15,0.384
07/17/06 09:20,0.390
07/17/06 09:25,0.395
07/17/06 09:30,0.399
07/17/06 09:35,0.404
07/17/06 09:40,0.411
07/17/06 09:45,0.418
07/17/06 09:50,0.424
07/17/06 09:55,0.428
07/17/06 10:00,0.432
07/17/06 10:05,0.435
07/17/06 10:10,0.440
07/17/06 10:15,0.445
07/17/06 10:20,0.450
07/17/06 10:25,0.454
07/17/06 10:30,0.459
07/17/06 10:35,0.465
07/17/06 10:40,0.469
07/17/06 10:45,0.473
07/17/06 10:50,0.475
07/17/06 10:55,0.480
07/17/06 11:00,0.482
07/17/06 11:05,0.479
07/17/06 11:10,0.478
07/17/06 11:15,0.478
07/17/06 11:20,0.479
07/17/06 11:25,0.480
07/17/06 11:30,0.480
07/17/06 11:35,0.479
07/17/06 11:40,0.479
07/17/06 11:45,0.481
07/17/06 11:50,0.480
07/17/06 11:55,0.480
07/17/06 12:00,0.481
07/17/06 12:05,0.482
07/17/06 12:10,0.482
07/17/06 12:15,0.480
07/17/06 12:20,0.481
07/17/06 12:25,0.481
07/17/06 12:30,0.479
07/17/06 12:35,0.477
07/17/06 12:40,0.475
07/17/06 12:45,0.473
07/17/06 12:50,0.472
07/17/06 12:55,0.470
07/17/06 13:00,0.468
07/17/06 13:05,0.465
07/17/06 13:10,0.463
07/17/06 13:15,0.462
07/17/06 13:20,0.463
07/17/06 13:25,0.466
07/17/06 13:30,0.466
07/17/06 13:35,0.464
07/17/06 13:40,0.460
07/17/06 13:45,0.455
07/17/06 13:50,0.449
07/17/06 13:55,0.441
07/17/06 14:00,0.433
07/17/06 14:05,0.425
07/17/06 14:10,0.420
07/17/06 14:15,0.413
07/17/06 14:20,0.403
07/17/06 14:25,0.392
07/17/06 14:30,0.382
07/17/06 14:35,0.374
07/17/06 14:40,0.367
07/17/06 14:45,0.357
07/17/06 14:50,0.349
07/17/06 14:55,0.344
07/17/06 15:00,0.341
07/17/06 15:05,0.338
07/17/06 15:10,0.333
07/17/06 15:15,0.327
07/17/06 15:20,0.321
07/17/06 15:25,0.316
07/17/06 15:30,0.309
07/17/06 15:35,0.301
07/17/06 15:40,0.294
07/17/06 15:45,0.287
07/17/06 15:50,0.280
07/17/06 15:55,0.272
07/17/06 16:00,0.262
07/17/06 16:05,0.252
07/17/06 16:10,0.243
07/17/06 16:15,0.233
07/17/06 16:20,0.223
07/17/06 16:25,0.213
07/17/06 16:30,0.202
07/17/06 16:35,0.192
07/17/06 16:40,0.182
07/17/06 16:45,0.172
07/17/06 16:50,0.162
07/17/06 16:55,0.152
07/17/06 17:00,0.143
07/17/06 17:05,0.134
07/17/06 17:10,0.124
07/17/06 17:15,0.115
07/17/06 17:20,0.107
07/17/06 17:25,0.100
07/17/06 17:30,0.092
07/17/06 17:35,0.084
07/17/06 17:40,0.077
07/17/06 17:45,0.060
07/17/06 17:50,0.041
07/17/06 17:55,0.028
07/17/06 18:00,0.018
07/17/06 18:05,0.011
07/17/06 18:10,0.007
07/17/06 18:15,0.004
07/17/06 18:20,0.002
07/17/06 18:25,0.001
07/17/06 18:30,0.001
07/17/06 18:35,0.000
07/17/06 18:40,0.000
07/17/06 18:45,0.000
07/17/06 18:50,0.000
07/17/06 18:55,0.000
07/17/06 19:00,0.000
07/17/06 19:05,0.000
07/17/06 19:10,0.000
07/17/06 19:15,0.000
07/17/06 19:20,0.000
07/17/06 19:25,0.000
07/17/06 19:30,0.000
07/17/06 19:35,0.000
07/17/06 19:40,0.000
07/17/06 19:45,0.000
07/17/06 19:50,0.000
07/17/06 19:55,0.000
07/17/06 20:00,0.000
07/17/06 20:05,0.000
07/17/06 20:10,0.000
07/17/06 20:15,0.000
07/17/06 20:20,0.000
07/17/06 20:25,0.000
07/17/06 20:30,0.000
07/17/06 20:35,0.000
07/17/06 20:40,0.000
07/17/06 20:45,0.000
07/17/06 20:50,0.000
07/17/06 20:55,0.000
07/17/06 21:00,0.000
07/17/06 21:05,0.000
07/17/06 21:10,0.000
07/17/06 21:15,0.000
07/17/06 21:20,0.000
07/17/06 21:25,0.000
07/17/06 21:30,0.000
07/17/06 21:35,0.000
07/17/06 21:40,0.000
07/17/06 21:45,0.000
07/17/06 21:50,0.000
07/17/06 21:55,0.000
07/17/06 22:00,0.000
07/17/06 22:05,0.000
07/17/06 22:10,0.000
07/17/06 22:15,0.000
07/17/06 22:20,0.000
07/17/06 22:25,0.000
07/17/06 22:30,0.000
07/17/06 22:35,0.000
07/17/06 22:40,0.000
07/17/06 22:45,0.000
07/17/06 22:50,0.000
07/17/06 22:55,0.000
07/17/06 23:00,0.000
07/17/06 23:05,0.000
07/17/06 23:10,0.000
07/17/06 23:15,0.000
07/17/06 23:20,0.000
07/17/06 23:25,0.000
07/17/06 23:30,0.000
07/17/06 23:35,0.000
07/17/06 23:40,0.000
07/17/06 23:45,0.000
07/17/06 23:50,0.000
07/17/06 23:55,0.000
07/18/06 00:00,0.000
07/18/06 00:05,0.000
07/18/06 00:10,0.000
07/18/06 00:15,0.000
07/18/06 00:20,0.000
07/18/06 00:25,0.000
07/18/06 00:30,0.000
07/18/06 00:35,0.000
07/18/06 00:40,0.000
07/18/06 00:45,0.000
07/18/06 00:50,0.000
07/18/06 00:55,0.000
07/18/06 01:00,0.000
07/18/06 01:05,0.000
07/18/06 01:10,0.000
07/18/06 01:15,0.000
07/18/06 01:20,0.000
07/18/06 01:25,0.000
07/18/06 01:30,0.000
07/18/06 01:35,0.000
07/18/06 01:40,0.000
07/18/06 01:45,0.000
07/18/06 01:50,0.000
07/18/06 01:55,0.000
07/18/06 02:00,0.000
07/18/06 02:05,0.000
07/18/06 02:10,0.000
07/18/06 02:15,0.000
07/18/06 02:20,0.000
07/18/06 02:25,0.000
07/18/06 02:30,0.000
07/18/06 02:35,0.000
07/18/06 02:40,0.000
07/18/06 02:45,0.000
07/18/06 02:50,0.000
07/18/06 02:55,0.000
07/18/06 03:00,0.000
07/18/06 03:05,0.000
07/18/06 03:10,0.000
07/18/06 03:15,0.000
07/18/06 03:20,0.000
07/18/06 03:25,0.000
07/18/06 03:30,0.000
07/18/06 03:35,0.000
07/18/06 03:40,0.000
07/18/06 03:45,0.000
07/18/06 03:50,0.000
07/18/06 03:55,0.000
07/18/06 04:00,0.000
07/18/06 04:05,0.000
07/18/06 04:10,0.000
07/18/06 04:15,0.000
07/18/06 04:20,0.000
07/18/06 04:25,0.000
07/18/06 04:30,0.000
07/18/06 04:35,0.000
07/18/06 04:40,0.000
07/18/06 04:45,0.000
07/18/06 04:50,0.000
07/18/06 04:55,0.000
07/18/06 05:00,0.000
07/18/06 05:05,0.000
07/18/06 05:10,0.001
07/18/06 05:15,0.001
07/18/06 05:20,0.002
07/18/06 05:25,0.004
07/18/06 05:30,0.007
07/18/06 05:35,0.012
07/18/06 05:40,0.020
07/18/06 05:45,0.033
07/18/06 05:50,0.052
07/18/06 05:55,0.076
07/18/06 06:00,0.084
07/18/06 06:05,0.093
07/18/06 06:10,0.102
07/18/06 06:15,0.112
07/18/06 06:20,0.122
07/18/06 06:25,0.132
07/18/06 06:30,0.144
07/18/06 06:35,0.155
07/18/06 06:40,0.167
07/18/06 06:45,0.178
07/18/06 06:50,0.190
07/18/06 06:55,0.202
07/18/06 07:00,0.214
07/18/06 07:05,0.226
07/18/06 07:10,0.238
07/18/06 07:15,0.249
07/18/06 07:20,0.260
07/18/06 07:25,0.271
07/18/06 07:30,0.282
07/18/06 07:35,0.292
07/18/06 07:40,0.303
07/18/06 07:45,0.314
07/18/06 07:50,0.323
07/18/06 07:55,0.329
07/18/06 08:00,0.337
07/18/06 08:05,0.344
07/18/06 08:10,0.351
07/18/06 08:15,0.361
07/18/06 08:20,0.367
07/18/06 08:25,0.375
07/18/06 08:30,0.382
07/18/06 08:35,0.389
07/18/06 08:40,0.395
07/18/06 08:45,0.401
07/18/06 08:50,0.408
07/18/06 08:55,0.414
07/18/06 09:00,0.418
07/18/06 09:05,0.422
07/18/06 09:10,0.426
07/18/06 09:15,0.429
07/18/06 09:20,0.432
07/18/06 09:25,0.435
07/18/06 09:30,0.439
07/18/06 09:35,0.442
07/18/06 09:40,0.445
07/18/06 09:45,0.449
07/18/06 09:50,0.453
07/18/06 09:55,0.458
07/18/06 10:00,0.462
07/18/06 10:05,0.465
07/18/06 10:10,0.467
07/18/06 10:15,0.468
07/18/06 10:20,0.471
07/18/06 10:25,0.474
07/18/06 10:30,0.477
07/18/06 10:35,0.481
07/18/06 10:40,0.481
07/18/06 10:45,0.480
07/18/06 10:50,0.480
07/18/06 10:55,0.480
07/18/06 11:00,0.481
07/18/06 11:05,0.484
07/18/06 11:10,0.487
07/18/06 11:15,0.491
07/18/06 11:20,0.493
07/18/06 11:25,0.491
07/18/06 11:30,0.492
07/18/06 11:35,0.496
07/18/06 11:40,0.504
07/18/06 11:45,0.509
07/18/06 11:50,0.512
07/18/06 11:55,0.514
07/18/06 12:00,0.514
07/18/06 12:05,0.513
07/18/06 12:10,0.509
07/18/06 12:15,0.504
07/18/06 12:20,0.500
07/18/06 12:25,0.495
07/18/06 12:30,0.491
07/18/06 12:35,0.488
07/18/06 12:40,0.485
07/18/06 12:45,0.483
07/18/06 12:50,0.484
07/18/06 12:55,0.485
07/18/06 13:00,0.486
07/18/06 13:05,0.486
07/18/06 13:10,0.486
07/18/06 13:15,0.485
07/18/06 13:20,0.483
07/18/06 13:25,0.480
07/18/06 13:30,0.476
07/18/06 13:35,0.473
07/18/06 13:40,0.469
07/18/06 13:45,0.466
07/18/06 13:50,0.463
07/18/06 13:55,0.459
07/18/06 14:00,0.457
07/18/06 14:05,0.453
07/18/06 14:10,0.448
07/18/06 14:15,0.443
07/18/06 14:20,0.439
07/18/06 14:25,0.435
07/18/06 14:30,0.434
07/18/06 14:35,0.430
07/18/06 14:40,0.425
07/18/06 14:45,0.418
07/18/06 14:50,0.411
07/18/06 14:55,0.403
07/18/06 15:00,0.397
07/18/06 15:05,0.391
07/18/06 15:10,0.385
07/18/06 15:15,0.378
07/18/06 15:20,0.369
07/18/06 15:25,0.359
07/18/06 15:30,0.348
07/18/06 15:35,0.333
07/18/06 15:40,0.322
07/18/06 15:45,0.311
07/18/06 15:50,0.300
07/18/06 15:55,0.286
07/18/06 16:00,0.277
07/18/06 16:05,0.271
07/18/06 16:10,0.265
07/18/06 16:15,0.257
07/18/06 16:20,0.250
07/18/06 16:25,0.241
07/18/06 16:30,0.233
07/18/06 16:35,0.223
07/18/06 16:40,0.211
07/18/06 16:45,0.201
07/18/06 16:50,0.192
07/18/06 16:55,0.182
07/18/06 17:00,0.176
07/18/06 17:05,0.165
07/18/06 17:10,0.153
07/18/06 17:15,0.139
07/18/06 17:20,0.127
07/18/06 17:25,0.116
07/18/06 17:30,0.106
07/18/06 17:35,0.097
07/18/06 17:40,0.088
07/18/06 17:45,0.080
07/18/06 17:50,0.070
07/18/06 17:55,0.043
07/18/06 18:00,0.023
07/18/06 18:05,0.011
07/18/06 18:10,0.005
07/18/06 18:15,0.003
07/18/06 18:20,0.002
07/18/06 18:25,0.002
07/18/06 18:30,0.001
07/18/06 18:35,0.001
07/18/06 18:40,0.000
07/18/06 18:45,0.000
07/18/06 18:50,0.000
07/18/06 18:55,0.000
07/18/06 19:00,0.000
07/18/06 19:05,0.000
07/18/06 19:10,0.000
07/18/06 19:15,0.000
07/18/06 19:20,0.000
07/18/06 19:25,0.000
07/18/06 19:30,0.000
07/18/06 19:35,0.000
07/18/06 19:40,0.000
07/18/06 19:45,0.000
07/18/06 19:50,0.000
07/18/06 19:55,0.000
07/18/06 20:00,0.000
07/18/06 20:05,0.000
07/18/06 20:10,0.000
07/18/06 20:15,0.000
07/18/06 20:20,0.000
07/18/06 20:25,0.000
07/18/06 20:30,0.000
07/18/06 20:35,0.000
07/18/06 20:40,0.000
07/18/06 20:45,0.000
07/18/06 20:50,0.000
07/18/06 20:55,0.000
07/18/06 21:00,0.000
07/18/06 21:05,0.000
07/18/06 21:10,0.000
07/18/06 21:15,0.000
07/18/06 21:20,0.000
07/18/06 21:25,0.000
07/18/06 21:30,0.000
07/18/06 21:35,0.000
07/18/06 21:40,0.000
07/18/06 21:45,0.000
07/18/06 21:50,0.000
07/18/06 21:55,0.000
07/18/06 22:00,0.000
07/18/06 22:05,0.000
07/18/06 22:10,0.000
07/18/06 22:15,0.000
07/18/06 22:20,0.000
07/18/06 22:25,0.000
07/18/06 22:30,0.000
07/18/06 22:35,0.000
07/18/06 22:40,0.000
07/18/06 22:45,0.000
07/18/06 22:50,0.000
07/18/06 22:55,0.000
07/18/06 23:00,0.000
07/18/06 23:05,0.000
07/18/06 23:10,0.000
07/18/06 23:15,0.000
07/18/06 23:20,0.000
07/18/06 23:25,0.000
07/18/06 23:30,0.000
07/18/06 23:35,0.000
07/18/06 23:40,0.000
07/18/06 23:45,0.000
07/18/06 23:50,0.000
07/18/06 23:55,0.000
07/19/06 00:00,0.000
07/19/06 00:05,0.000
07/19/06 00:10,0.000
07/19/06 00:15,0.000
07/19/06 00:20,0.000
07/19/06 00:25,0.000
07/19/06 00:30,0.000
07/19/06 00:35,0.000
07/19/06 00:40,0.000
07/19/06 00:45,0.000
07/19/06 00:50,0.000
07/19/06 00:55,0.000
07/19/06 01:00,0.000
07/19/06 01:05,0.000
07/19/06 01:10,0.000
07/19/06 01:15,0.000
07/19/06 01:20,0.000
07/19/06 01:25,0.000
07/19/06 01:30,0.000
07/19/06 01:35,0.000
07/19/06 01:40,0.000
07/19/06 01:45,0.000
07/19/06 01:50,0.000
07/19/06 01:55,0.000
07/19/06 02:00,0.000
07/19/06 02:05,0.000
07/19/06 02:10,0.000
07/19/06 02:15,0.000
07/19/06 02:20,0.000
07/19/06 02:25,0.000
07/19/06 02:30,0.000
07/19/06 02:35,0.000
07/19/06 02:40,0.000
07/19/06 02:45,0.000
07/19/06 02:50,0.000
07/19/06 02:55,0.000
07/19/06 03:00,0.000
07/19/06 03:05,0.000
07/19/06 03:10,0.000
07/19/06 03:15,0.000
07/19/06 03:20,0.000
07/19/06 03:25,0.000
07/19/06 03:30,0.000
07/19/06 03:35,0.000
07/19/06 03:40,0.000
07/19/06 03:45,0.000
07/19/06 03:50,0.000
07/19/06 03:55,0.000
07/19/06 04:00,0.000
07/19/06 04:05,0.000
07/19/06 04:10,0.000
07/19/06 04:15,0.000
07/19/06 04:20,0.000
07/19/06 04:25,0.000
07/19/06 04:30,0.000
07/19/06 04:35,0.000
07/19/06 04:40,0.000
07/19/06 04:45,0.000
07/19/06 04:50,0.000
07/19/06 04:55,0.000
07/19/06 05:00,0.000
07/19/06 05:05,0.000
07/19/06 05:10,0.001
07/19/06 05:15,0.001
07/19/06 05:20,0.002
07/19/06 05:25,0.004
07/19/06 05:30,0.007
07/19/06 05:35,0.012
07/19/06 05:40,0.021
07/19/06 05:45,0.036
07/19/06 05:50,0.060
07/19/06 05:55,0.080
07/19/06 06:00,0.090
07/19/06 06:05,0.101
07/19/06 06:10,0.111
07/19/06 06:15,0.122
07/19/06 06:20,0.133
07/19/06 06:25,0.145
07/19/06 06:30,0.156
07/19/06 06:35,0.169
07/19/06 06:40,0.181
07/19/06 06:45,0.192
07/19/06 06:50,0.202
07/19/06 06:55,0.214
07/19/06 07:00,0.225
07/19/06 07:05,0.237
07/19/06 07:10,0.249
07/19/06 07:15,0.261
07/19/06 07:20,0.273
07/19/06 07:25,0.284
07/19/06 07:30,0.296
07/19/06 07:35,0.309
07/19/06 07:40,0.323
07/19/06 07:45,0.336
07/19/06 07:50,0.348
07/19/06 07:55,0.360
07/19/06 08:00,0.371
07/19/06 08:05,0.380
07/19/06 08:10,0.390
07/19/06 08:15,0.402
07/19/06 08:20,0.411
07/19/06 08:25,0.419
07/19/06 08:30,0.426
07/19/06 08:35,0.434
07/19/06 08:40,0.440
07/19/06 08:45,0.443
07/19/06 08:50,0.445
07/19/06 08:55,0.447
07/19/06 09:00,0.452
07/19/06 09:05,0.458
07/19/06 09:10,0.463
07/19/06 09:15,0.469
07/19/06 09:20,0.475
07/19/06 09:25,0.480
07/19/06 09:30,0.486
07/19/06 09:35,0.492
07/19/06 09:40,0.495
07/19/06 09:45,0.497
07/19/06 09:50,0.499
07/19/06 09:55,0.499
07/19/06 10:00,0.504
07/19/06 10:05,0.513
07/19/06 10:10,0.526
07/19/06 10:15,0.540
07/19/06 10:20,0.551
07/19/06 10:25,0.560
07/19/06 10:30,0.568
07/19/06 10:35,0.575
07/19/06 10:40,0.581
07/19/06 10:45,0.588
07/19/06 10:50,0.595
07/19/06 10:55,0.602
07/19/06 11:00,0.605
07/19/06 11:05,0.607
07/19/06 11:10,0.608
07/19/06 11:15,0.611
07/19/06 11:20,0.613
07/19/06 11:25,0.614
07/19/06 11:30,0.615
07/19/06 11:35,0.615
07/19/06 11:40,0.615
07/19/06 11:45,0.614
07/19/06 11:50,0.612
07/19/06 11:55,0.611
07/19/06 12:00,0.609
07/19/06 12:05,0.608
07/19/06 12:10,0.605
07/19/06 12:15,0.605
07/19/06 12:20,0.603
07/19/06 12:25,0.599
07/19/06 12:30,0.595
07/19/06 12:35,0.591
07/19/06 12:40,0.587
07/19/06 12:45,0.583
07/19/06 12:50,0.578
07/19/06 12:55,0.573
07/19/06 13:00,0.563
07/19/06 13:05,0.558
07/19/06 13:10,0.556
07/19/06 13:15,0.552
07/19/06 13:20,0.546
07/19/06 13:25,0.539
07/19/06 13:30,0.535
07/19/06 13:35,0.536
07/19/06 13:40,0.538
07/19/06 13:45,0.542
07/19/06 13:50,0.543
07/19/06 13:55,0.537
07/19/06 14:00,0.524
07/19/06 14:05,0.512
07/19/06 14:10,0.502
07/19/06 14:15,0.497
07/19/06 14:20,0.486
07/19/06 14:25,0.475
07/19/06 14:30,0.463
07/19/06 14:35,0.437
07/19/06 14:40,0.407
07/19/06 14:45,0.381
07/19/06 14:50,0.349
07/19/06 14:55,0.319
07/19/06 15:00,0.316
07/19/06 15:05,0.329
07/19/06 15:10,0.340
07/19/06 15:15,0.351
07/19/06 15:20,0.353
07/19/06 15:25,0.355
07/19/06 15:30,0.338
07/19/06 15:35,0.294
07/19/06 15:40,0.296
07/19/06 15:45,0.293
07/19/06 15:50,0.283
07/19/06 15:55,0.283
07/19/06 16:00,0.283
07/19/06 16:05,0.282
07/19/06 16:10,0.279
07/19/06 16:15,0.273
07/19/06 16:20,0.266
07/19/06 16:25,0.261
07/19/06 16:30,0.260
07/19/06 16:35,0.259
07/19/06 16:40,0.252
07/19/06 16:45,0.242
07/19/06 16:50,0.229
07/19/06 16:55,0.215
07/19/06 17:00,0.193
07/19/06 17:05,0.168
07/19/06 17:10,0.147
07/19/06 17:15,0.129
07/19/06 17:20,0.112
07/19/06 17:25,0.099
07/19/06 17:30,0.086
07/19/06 17:35,0.075
07/19/06 17:40,0.049
07/19/06 17:45,0.027
07/19/06 17:50,0.015
07/19/06 17:55,0.007
07/19/06 18:00,0.004
07/19/06 18:05,0.003
07/19/06 18:10,0.002
07/19/06 18:15,0.001
07/19/06 18:20,0.001
07/19/06 18:25,0.000
07/19/06 18:30,0.000
07/19/06 18:35,0.000
07/19/06 18:40,0.000
07/19/06 18:45,0.000
07/19/06 18:50,0.000
07/19/06 18:55,0.000
07/19/06 19:00,0.000
07/19/06 19:05,0.000
07/19/06 19:10,0.000
07/19/06 19:15,0.000
07/19/06 19:20,0.000
07/19/06 19:25,0.000
07/19/06 19:30,0.000
07/19/06 19:35,0.000
07/19/06 19:40,0.000
07/19/06 19:45,0.000
07/19/06 19:50,0.000
07/19/06 19:55,0.000
07/19/06 20:00,0.000
07/19/06 20:05,0.000
07/19/06 20:10,0.000
07/19/06 20:15,0.000
07/19/06 20:20,0.000
07/19/06 20:25,0.000
07/19/06 20:30,0.000
07/19/06 20:35,0.000
07/19/06 20:40,0.000
07/19/06 20:45,0.000
07/19/06 20:50,0.000
07/19/06 20:55,0.000
07/19/06 21:00,0.000
07/19/06 21:05,0.000
07/19/06 21:10,0.000
07/19/06 21:15,0.000
07/19/06 21:20,0.000
07/19/06 21:25,0.000
07/19/06 21:30,0.000
07/19/06 21:35,0.000
07/19/06 21:40,0.000
07/19/06 21:45,0.000
07/19/06 21:50,0.000
07/19/06 21:55,0.000
07/19/06 22:00,0.000
07/19/06 22:05,0.000
07/19/06 22:10,0.000
07/19/06 22:15,0.000
07/19/06 22:20,0.000
07/19/06 22:25,0.000
07/19/06 22:30,0.000
07/19/06 22:35,0.000
07/19/06 22:40,0.000
07/19/06 22:45,0.000
07/19/06 22:50,0.000
07/19/06 22:55,0.000
07/19/06 23:00,0.000
07/19/06 23:05,0.000
07/19/06 23:10,0.000
07/19/06 23:15,0.000
07/19/06 23:20,0.000
07/19/06 23:25,0.000
07/19/06 23:30,0.000
07/19/06 23:35,0.000
07/19/06 23:40,0.000
07/19/06 23:45,0.000
07/19/06 23:50,0.000
07/19/06 23:55,0.000
07/20/06 00:00,0.000
07/20/06 00:05,0.000
07/20/06 00:10,0.000
07/20/06 00:15,0.000
07/20/06 00:20,0.000
07/20/06 00:25,0.000
07/20/06 00:30,0.000
07/20/06 00:35,0.000
07/20/06 00:40,0.000
07/20/06 00:45,0.000
07/20/06 00:50,0.000
07/20/06 00:55,0.000
07/20/06 01:00,0.000
07/20/06 01:05,0.000
07/20/06 01:10,0.000
07/20/06 01:15,0.000
07/20/06 01:20,0.000
07/20/06 01:25,0.000
07/20/06 01:30,0.000
07/20/06 01:35,0.000
07/20/06 01:40,0.000
07/20/06 01:45,0.000
07/20/06 01:50,0.000
07/20/06 01:55,0.000
07/20/06 02:00,0.000
07/20/06 02:05,0.000
07/20/06 02:10,0.000
07/20/06 02:15,0.000
07/20/06 02:20,0.000
07/20/06 02:25,0.000
07/20/06 02:30,0.000
07/20/06 02:35,0.000
07/20/06 02:40,0.000
07/20/06 02:45,0.000
07/20/06 02:50,0.000
07/20/06 02:55,0.000
07/20/06 03:00,0.000
07/20/06 03:05,0.000
07/20/06 03:10,0.000
07/20/06 03:15,0.000
07/20/06 03:20,0.000
07/20/06 03:25,0.000
07/20/06 03:30,0.000
07/20/06 03:35,0.000
07/20/06 03:40,0.000
07/20/06 03:45,0.000
07/20/06 03:50,0.000
07/20/06 03:55,0.000
07/20/06 04:00,0.000
07/20/06 04:05,0.000
07/20/06 04:10,0.000
07/20/06 04:15,0.000
07/20/06 04:20,0.000
07/20/06 04:25,0.000
07/20/06 04:30,0.000
07/20/06 04:35,0.000
07/20/06 04:40,0.000
07/20/06 04:45,0.000
07/20/06 04:50,0.000
07/20/06 04:55,0.000
07/20/06 05:00,0.000
07/20/06 05:05,0.000
07/20/06 05:10,0.001
07/20/06 05:15,0.001
07/20/06 05:20,0.002
07/20/06 05:25,0.003
07/20/06 05:30,0.006
07/20/06 05:35,0.011
07/20/06 05:40,0.020
07/20/06 05:45,0.035
07/20/06 05:50,0.060
07/20/06 05:55,0.078
07/20/06 06:00,0.088
07/20/06 06:05,0.099
07/20/06 06:10,0.110
07/20/06 06:15,0.121
07/20/06 06:20,0.133
07/20/06 06:25,0.145
07/20/06 06:30,0.157
07/20/06 06:35,0.169
07/20/06 06:40,0.181
07/20/06 06:45,0.194
07/20/06 06:50,0.207
07/20/06 06:55,0.219
07/20/06 07:00,0.226
07/20/06 07:05,0.231
07/20/06 07:10,0.237
07/20/06 07:15,0.245
07/20/06 07:20,0.252
07/20/06 07:25,0.261
07/20/06 07:30,0.268
07/20/06 07:35,0.276
07/20/06 07:40,0.285
07/20/06 07:45,0.294
07/20/06 07:50,0.304
07/20/06 07:55,0.315
07/20/06 08:00,0.323
07/20/06 08:05,0.333
07/20/06 08:10,0.342
07/20/06 08:15,0.352
07/20/06 08:20,0.361
07/20/06 08:25,0.370
07/20/06 08:30,0.380
07/20/06 08:35,0.389
07/20/06 08:40,0.400
07/20/06 08:45,0.412
07/20/06 08:50,0.424
07/20/06 08:55,0.434
07/20/06 09:00,0.443
07/20/06 09:05,0.451
07/20/06 09:10,0.458
07/20/06 09:15,0.465
07/20/06 09:20,0.474
07/20/06 09:25,0.482
07/20/06 09:30,0.489
07/20/06 09:35,0.496
07/20/06 09:40,0.503
07/20/06 09:45,0.509
07/20/06 09:50,0.515
07/20/06 09:55,0.521
07/20/06 10:00,0.527
07/20/06 10:05,0.531
07/20/06 10:10,0.535
07/20/06 10:15,0.539
07/20/06 10:20,0.543
07/20/06 10:25,0.547
07/20/06 10:30,0.549
07/20/06 10:35,0.552
07/20/06 10:40,0.554
07/20/06 10:45,0.558
07/20/06 10:50,0.564
07/20/06 10:55,0.569
07/20/06 11:00,0.573
07/20/06 11:05,0.575
07/20/06 11:10,0.575
07/20/06 11:15,0.574
07/20/06 11:20,0.572
07/20/06 11:25,0.570
07/20/06 11:30,0.568
07/20/06 11:35,0.566
07/20/06 11:40,0.564
07/20/06 11:45,0.561
07/20/06 11:50,0.558
07/20/06 11:55,0.555
07/20/06 12:00,0.556
07/20/06 12:05,0.560
07/20/06 12:10,0.567
07/20/06 12:15,0.571
07/20/06 12:20,0.574
07/20/06 12:25,0.578
07/20/06 12:30,0.580
07/20/06 12:35,0.580
07/20/06 12:40,0.578
07/20/06 12:45,0.577
07/20/06 12:50,0.575
07/20/06 12:55,0.573
07/20/06 13:00,0.569
07/20/06 13:05,0.565
07/20/06 13:10,0.560
07/20/06 13:15,0.555
07/20/06 13:20,0.548
07/20/06 13:25,0.543
07/20/06 13:30,0.537
07/20/06 13:35,0.532
07/20/06 13:40,0.528
07/20/06 13:45,0.524
07/20/06 13:50,0.520
07/20/06 13:55,0.517
07/20/06 14:00,0.517
07/20/06 14:05,0.515
07/20/06 14:10,0.511
07/20/06 14:15,0.507
07/20/06 14:20,0.502
07/20/06 14:25,0.497
07/20/06 14:30,0.490
07/20/06 14:35,0.484
07/20/06 14:40,0.477
07/20/06 14:45,0.470
07/20/06 14:50,0.464
07/20/06 14:55,0.458
07/20/06 15:00,0.451
07/20/06 15:05,0.443
07/20/06 15:10,0.435
07/20/06 15:15,0.427
07/20/06 15:20,0.418
07/20/06 15:25,0.411
07/20/06 15:30,0.403
07/20/06 15:35,0.393
07/20/06 15:40,0.385
07/20/06 15:45,0.377
07/20/06 15:50,0.367
07/20/06 15:55,0.357
07/20/06 16:00,0.350
07/20/06 16:05,0.341
07/20/06 16:10,0.331
07/20/06 16:15,0.319
07/20/06 16:20,0.307
07/20/06 16:25,0.295
07/20/06 16:30,0.282
07/20/06 16:35,0.269
07/20/06 16:40,0.256
07/20/06 16:45,0.243
07/20/06 16:50,0.229
07/20/06 16:55,0.215
07/20/06 17:00,0.201
07/20/06 17:05,0.188
07/20/06 17:10,0.175
07/20/06 17:15,0.161
07/20/06 17:20,0.148
07/20/06 17:25,0.136
07/20/06 17:30,0.125
07/20/06 17:35,0.113
07/20/06 17:40,0.102
07/20/06 17:45,0.091
07/20/06 17:50,0.082
07/20/06 17:55,0.073
07/20/06 18:00,0.049
07/20/06 18:05,0.030
07/20/06 18:10,0.018
07/20/06 18:15,0.011
07/20/06 18:20,0.006
07/20/06 18:25,0.004
07/20/06 18:30,0.002
07/20/06 18:35,0.001
07/20/06 18:40,0.001
07/20/06 18:45,0.001
07/20/06 18:50,0.000
07/20/06 18:55,0.000
07/20/06 19:00,0.000
07/20/06 19:05,0.000
07/20/06 19:10,0.000
07/20/06 19:15,0.000
07/20/06 19:20,0.000
07/20/06 19:25,0.000
07/20/06 19:30,0.000
07/20/06 19:35,0.000
07/20/06 19:40,0.000
07/20/06 19:45,0.000
07/20/06 19:50,0.000
07/20/06 19:55,0.000
07/20/06 20:00,0.000
07/20/06 20:05,0.000
07/20/06 20:10,0.000
07/20/06 20:15,0.000
07/20/06 20:20,0.000
07/20/06 20:25,0.000
07/20/06 20:30,0.000
07/20/06 20:35,0.000
07/20/06 20:40,0.000
07/20/06 20:45,0.000
07/20/06 20:50,0.000
07/20/06 20:55,0.000
07/20/06 21:00,0.000
07/20/06 21:05,0.000
07/20/06 21:10,0.000
07/20/06 21:15,0.000
07/20/06 21:20,0.000
07/20/06 21:25,0.000
07/20/06 21:30,0.000
07/20/06 21:35,0.000
07/20/06 21:40,0.000
07/20/06 21:45,0.000
07/20/06 21:50,0.000
07/20/06 21:55,0.000
07/20/06 22:00,0.000
07/20/06 22:05,0.000
07/20/06 22:10,0.000
07/20/06 22:15,0.000
07/20/06 22:20,0.000
07/20/06 22:25,0.000
07/20/06 22:30,0.000
07/20/06 22:35,0.000
07/20/06 22:40,0.000
07/20/06 22:45,0.000
07/20/06 22:50,0.000
07/20/06 22:55,0.000
07/20/06 23:00,0.000
07/20/06 23:05,0.000
07/20/06 23:10,0.000
07/20/06 23:15,0.000
07/20/06 23:20,0.000
07/20/06 23:25,0.000
07/20/06 23:30,0.000
07/20/06 23:35,0.000
07/20/06 23:40,0.000
07/20/06 23:45,0.000
07/20/06 23:50,0.000
07/20/06 23:55,0.000
07/21/06 00:00,0.000
07/21/06 00:05,0.000
07/21/06 00:10,0.000
07/21/06 00:15,0.000
07/21/06 00:20,0.000
07/21/06 00:25,0.000
07/21/06 00:30,0.000
07/21/06 00:35,0.000
07/21/06 00:40,0.000
07/21/06 00:45,0.000
07/21/06 00:50,0.000
07/21/06 00:55,0.000
07/21/06 01:00,0.000
07/21/06 01:05,0.000
07/21/06 01:10,0.000
07/21/06 01:15,0.000
07/21/06 01:20,0.000
07/21/06 01:25,0.000
07/21/06 01:30,0.000
07/21/06 01:35,0.000
07/21/06 01:40,0.000
07/21/06 01:45,0.000
07/21/06 01:50,0.000
07/21/06 01:55,0.000
07/21/06 02:00,0.000
07/21/06 02:05,0.000
07/21/06 02:10,0.000
07/21/06 02:15,0.000
07/21/06 02:20,0.000
07/21/06 02:25,0.000
07/21/06 02:30,0.000
07/21/06 02:35,0.000
07/21/06 02:40,0.000
07/21/06 02:45,0.000
07/21/06 02:50,0.000
07/21/06 02:55,0.000
07/21/06 03:00,0.000
07/21/06 03:05,0.000
07/21/06 03:10,0.000
07/21/06 03:15,0.000
07/21/06 03:20,0.000
07/21/06 03:25,0.000
07/21/06 03:30,0.000
07/21/06 03:35,0.000
07/21/06 03:40,0.000
07/21/06 03:45,0.000
07/21/06 03:50,0.000
07/21/06 03:55,0.000
07/21/06 04:00,0.000
07/21/06 04:05,0.000
07/21/06 04:10,0.000
07/21/06 04:15,0.000
07/21/06 04:20,0.000
07/21/06 04:25,0.000
07/21/06 04:30,0.000
07/21/06 04:35,0.000
07/21/06 04:40,0.000
07/21/06 04:45,0.000
07/21/06 04:50,0.000
07/21/06 04:55,0.000
07/21/06 05:00,0.000
07/21/06 05:05,0.000
07/21/06 05:10,0.001
07/21/06 05:15,0.001
07/21/06 05:20,0.002
07/21/06 05:25,0.003
07/21/06 05:30,0.006
07/21/06 05:35,0.010
07/21/06 05:40,0.017
07/21/06 05:45,0.028
07/21/06 05:50,0.046
07/21/06 05:55,0.073
07/21/06 06:00,0.082
07/21/06 06:05,0.091
07/21/06 06:10,0.100
07/21/06 06:15,0.110
07/21/06 06:20,0.121
07/21/06 06:25,0.132
07/21/06 06:30,0.143
07/21/06 06:35,0.155
07/21/06 06:40,0.168
07/21/06 06:45,0.180
07/21/06 06:50,0.193
07/21/06 06:55,0.205
07/21/06 07:00,0.216
07/21/06 07:05,0.227
07/21/06 07:10,0.239
07/21/06 07:15,0.251
07/21/06 07:20,0.263
07/21/06 07:25,0.276
07/21/06 07:30,0.288
07/21/06 07:35,0.299
07/21/06 07:40,0.310
07/21/06 07:45,0.322
07/21/06 07:50,0.333
07/21/06 07:55,0.343
07/21/06 08:00,0.353
07/21/06 08:05,0.363
07/21/06 08:10,0.373
07/21/06 08:15,0.385
07/21/06 08:20,0.392
07/21/06 08:25,0.400
07/21/06 08:30,0.408
07/21/06 08:35,0.416
07/21/06 08:40,0.424
07/21/06 08:45,0.432
07/21/06 08:50,0.439
07/21/06 08:55,0.450
07/21/06 09:00,0.461
07/21/06 09:05,0.473
07/21/06 09:10,0.481
07/21/06 09:15,0.489
07/21/06 09:20,0.497
07/21/06 09:25,0.504
07/21/06 09:30,0.509
07/21/06 09:35,0.514
07/21/06 09:40,0.519
07/21/06 09:45,0.524
07/21/06 09:50,0.530
07/21/06 09:55,0.534
07/21/06 10:00,0.538
07/21/06 10:05,0.540
07/21/06 10:10,0.543
07/21/06 10:15,0.546
07/21/06 10:20,0.549
07/21/06 10:25,0.550
07/21/06 10:30,0.552
07/21/06 10:35,0.553
07/21/06 10:40,0.554
07/21/06 10:45,0.557
07/21/06 10:50,0.561
07/21/06 10:55,0.565
07/21/06 11:00,0.561
07/21/06 11:05,0.557
07/21/06 11:10,0.555
07/21/06 11:15,0.554
07/21/06 11:20,0.550
07/21/06 11:25,0.544
07/21/06 11:30,0.539
07/21/06 11:35,0.535
07/21/06 11:40,0.532
07/21/06 11:45,0.530
07/21/06 11:50,0.533
07/21/06 11:55,0.533
07/21/06 12:00,0.531
07/21/06 12:05,0.531
07/21/06 12:10,0.533
07/21/06 12:15,0.535
07/21/06 12:20,0.538
07/21/06 12:25,0.542
07/21/06 12:30,0.543
07/21/06 12:35,0.543
07/21/06 12:40,0.542
07/21/06 12:45,0.540
07/21/06 12:50,0.538
07/21/06 12:55,0.537
07/21/06 13:00,0.527
07/21/06 13:05,0.517
07/21/06 13:10,0.510
07/21/06 13:15,0.503
07/21/06 13:20,0.496
07/21/06 13:25,0.491
07/21/06 13:30,0.488
07/21/06 13:35,0.484
07/21/06 13:40,0.479
07/21/06 13:45,0.475
07/21/06 13:50,0.473
07/21/06 13:55,0.471
07/21/06 14:00,0.467
07/21/06 14:05,0.461
07/21/06 14:10,0.454
07/21/06 14:15,0.449
07/21/06 14:20,0.443
07/21/06 14:25,0.440
07/21/06 14:30,0.437
07/21/06 14:35,0.435
07/21/06 14:40,0.436
07/21/06 14:45,0.437
07/21/06 14:50,0.434
07/21/06 14:55,0.426
07/21/06 15:00,0.416
07/21/06 15:05,0.407
07/21/06 15:10,0.396
07/21/06 15:15,0.386
07/21/06 15:20,0.376
07/21/06 15:25,0.366
07/21/06 15:30,0.356
07/21/06 15:35,0.343
07/21/06 15:40,0.332
07/21/06 15:45,0.321
07/21/06 15:50,0.310
07/21/06 15:55,0.299
07/21/06 16:00,0.291
07/21/06 16:05,0.284
07/21/06 16:10,0.276
07/21/06 16:15,0.266
07/21/06 16:20,0.256
07/21/06 16:25,0.246
07/21/06 16:30,0.236
07/21/06 16:35,0.225
07/21/06 16:40,0.215
07/21/06 16:45,0.204
07/21/06 16:50,0.192
07/21/06 16:55,0.181
07/21/06 17:00,0.170
07/21/06 17:05,0.158
07/21/06 17:10,0.146
07/21/06 17:15,0.135
07/21/06 17:20,0.123
07/21/06 17:25,0.113
07/21/06 17:30,0.104
07/21/06 17:35,0.095
07/21/06 17:40,0.086
07/21/06 17:45,0.077
07/21/06 17:50,0.064
07/21/06 17:55,0.040
07/21/06 18:00,0.022
07/21/06 18:05,0.013
07/21/06 18:10,0.007
07/21/06 18:15,0.004
07/21/06 18:20,0.002
07/21/06 18:25,0.001
07/21/06 18:30,0.001
07/21/06 18:35,0.000
07/21/06 18:40,0.000
07/21/06 18:45,0.000
07/21/06 18:50,0.000
07/21/06 18:55,0.000
07/21/06 19:00,0.000
07/21/06 19:05,0.000
07/21/06 19:10,0.000
07/21/06 19:15,0.000
07/21/06 19:20,0.000
07/21/06 19:25,0.000
07/21/06 19:30,0.000
07/21/06 19:35,0.000
07/21/06 19:40,0.000
07/21/06 19:45,0.000
07/21/06 19:50,0.000
07/21/06 19:55,0.000
07/21/06 20:00,0.000
07/21/06 20:05,0.000
07/21/06 20:10,0.000
07/21/06 20:15,0.000
07/21/06 20:20,0.000
07/21/06 20:25,0.000
07/21/06 20:30,0.000
07/21/06 20:35,0.000
07/21/06 20:40,0.000
07/21/06 20:45,0.000
07/21/06 20:50,0.000
07/21/06 20:55,0.000
07/21/06 21:00,0.000
07/21/06 21:05,0.000
07/21/06 21:10,0.000
07/21/06 21:15,0.000
07/21/06 21:20,0.000
07/21/06 21:25,0.000
07/21/06 21:30,0.000
07/21/06 21:35,0.000
07/21/06 21:40,0.000
07/21/06 21:45,0.000
07/21/06 21:50,0.000
07/21/06 21:55,0.000
07/21/06 22:00,0.000
07/21/06 22:05,0.000
07/21/06 22:10,0.000
07/21/06 22:15,0.000
07/21/06 22:20,0.000
07/21/06 22:25,0.000
07/21/06 22:30,0.000
07/21/06 22:35,0.000
07/21/06 22:40,0.000
07/21/06 22:45,0.000
07/21/06 22:50,0.000
07/21/06 22:55,0.000
07/21/06 23:00,0.000
07/21/06 23:05,0.000
07/21/06 23:10,0.000
07/21/06 23:15,0.000
07/21/06 23:20,0.000
07/21/06 23:25,0.000
07/21/06 23:30,0.000
07/21/06 23:35,0.000
07/21/06 23:40,0.000
07/21/06 23:45,0.000
07/21/06 23:50,0.000
07/21/06 23:55,0.000
07/22/06 00:00,0.000
07/22/06 00:05,0.000
07/22/06 00:10,0.000
07/22/06 00:15,0.000
07/22/06 00:20,0.000
07/22/06 00:25,0.000
07/22/06 00:30,0.000
07/22/06 00:35,0.000
07/22/06 00:40,0.000
07/22/06 00:45,0.000
07/22/06 00:50,0.000
07/22/06 00:55,0.000
07/22/06 01:00,0.000
07/22/06 01:05,0.000
07/22/06 01:10,0.000
07/22/06 01:15,0.000
07/22/06 01:20,0.000
07/22/06 01:25,0.000
07/22/06 01:30,0.000
07/22/06 01:35,0.000
07/22/06 01:40,0.000
07/22/06 01:45,0.000
07/22/06 01:50,0.000
07/22/06 01:55,0.000
07/22/06 02:00,0.000
07/22/06 02:05,0.000
07/22/06 02:10,0.000
07/22/06 02:15,0.000
07/22/06 02:20,0.000
07/22/06 02:25,0.000
07/22/06 02:30,0.000
07/22/06 02:35,0.000
07/22/06 02:40,0.000
07/22/06 02:45,0.000
07/22/06 02:50,0.000
07/22/06 02:55,0.000
07/22/06 03:00,0.000
07/22/06 03:05,0.000
07/22/06 03:10,0.000
07/22/06 03:15,0.000
07/22/06 03:20,0.000
07/22/06 03:25,0.000
07/22/06 03:30,0.000
07/22/06 03:35,0.000
07/22/06 03:40,0.000
07/22/06 03:45,0.000
07/22/06 03:50,0.000
07/22/06 03:55,0.000
07/22/06 04:00,0.000
07/22/06 04:05,0.000
07/22/06 04:10,0.000
07/22/06 04:15,0.000
07/22/06 04:20,0.000
07/22/06 04:25,0.000
07/22/06 04:30,0.000
07/22/06 04:35,0.000
07/22/06 04:40,0.000
07/22/06 04:45,0.000
07/22/06 04:50,0.000
07/22/06 04:55,0.000
07/22/06 05:00,0.000
07/22/06 05:05,0.000
07/22/06 05:10,0.000
07/22/06 05:15,0.001
07/22/06 05:20,0.001
07/22/06 05:25,0.003
07/22/06 05:30,0.005
07/22/06 05:35,0.008
07/22/06 05:40,0.014
07/22/06 05:45,0.023
07/22/06 05:50,0.037
07/22/06 05:55,0.057
07/22/06 06:00,0.076
07/22/06 06:05,0.083
07/22/06 06:10,0.092
07/22/06 06:15,0.100
07/22/06 06:20,0.109
07/22/06 06:25,0.118
07/22/06 06:30,0.128
07/22/06 06:35,0.138
07/22/06 06:40,0.148
07/22/06 06:45,0.158
07/22/06 06:50,0.168
07/22/06 06:55,0.177
07/22/06 07:00,0.187
07/22/06 07:05,0.198
07/22/06 07:10,0.208
07/22/06 07:15,0.218
07/22/06 07:20,0.229
07/22/06 07:25,0.239
07/22/06 07:30,0.248
07/22/06 07:35,0.258
07/22/06 07:40,0.269
07/22/06 07:45,0.280
07/22/06 07:50,0.289
07/22/06 07:55,0.298
07/22/06 08:00,0.310
07/22/06 08:05,0.322
07/22/06 08:10,0.333
07/22/06 08:15,0.346
07/22/06 08:20,0.355
07/22/06 08:25,0.364
07/22/06 08:30,0.373
07/22/06 08:35,0.382
07/22/06 08:40,0.391
07/22/06 08:45,0.398
07/22/06 08:50,0.404
07/22/06 08:55,0.412
07/22/06 09:00,0.417
07/22/06 09:05,0.422
07/22/06 09:10,0.426
07/22/06 09:15,0.432
07/22/06 09:20,0.441
07/22/06 09:25,0.447
07/22/06 09:30,0.451
07/22/06 09:35,0.453
07/22/06 09:40,0.454
07/22/06 09:45,0.452
07/22/06 09:50,0.450
07/22/06 09:55,0.449
07/22/06 10:00,0.453
07/22/06 10:05,0.459
07/22/06 10:10,0.466
07/22/06 10:15,0.475
07/22/06 10:20,0.484
07/22/06 10:25,0.493
07/22/06 10:30,0.500
07/22/06 10:35,0.507
07/22/06 10:40,0.513
07/22/06 10:45,0.520
07/22/06 10:50,0.529
07/22/06 10:55,0.535
07/22/06 11:00,0.538
07/22/06 11:05,0.540
07/22/06 11:10,0.539
07/22/06 11:15,0.539
07/22/06 11:20,0.540
07/22/06 11:25,0.539
07/22/06 11:30,0.538
07/22/06 11:35,0.539
07/22/06 11:40,0.541
07/22/06 11:45,0.541
07/22/06 11:50,0.539
07/22/06 11:55,0.538
07/22/06 12:00,0.540
07/22/06 12:05,0.542
07/22/06 12:10,0.544
07/22/06 12:15,0.550
07/22/06 12:20,0.558
07/22/06 12:25,0.562
07/22/06 12:30,0.564
07/22/06 12:35,0.564
07/22/06 12:40,0.561
07/22/06 12:45,0.557
07/22/06 12:50,0.550
07/22/06 12:55,0.546
07/22/06 13:00,0.543
07/22/06 13:05,0.539
07/22/06 13:10,0.535
07/22/06 13:15,0.533
07/22/06 13:20,0.529
07/22/06 13:25,0.524
07/22/06 13:30,0.520
07/22/06 13:35,0.516
07/22/06 13:40,0.512
07/22/06 13:45,0.508
07/22/06 13:50,0.503
07/22/06 13:55,0.498
07/22/06 14:00,0.492
07/22/06 14:05,0.487
07/22/06 14:10,0.485
07/22/06 14:15,0.481
07/22/06 14:20,0.474
07/22/06 14:25,0.465
07/22/06 14:30,0.457
07/22/06 14:35,0.449
07/22/06 14:40,0.440
07/22/06 14:45,0.430
07/22/06 14:50,0.420
07/22/06 14:55,0.412
07/22/06 15:00,0.407
07/22/06 15:05,0.404
07/22/06 15:10,0.400
07/22/06 15:15,0.395
07/22/06 15:20,0.389
07/22/06 15:25,0.383
07/22/06 15:30,0.376
07/22/06 15:35,0.366
07/22/06 15:40,0.359
07/22/06 15:45,0.351
07/22/06 15:50,0.343
07/22/06 15:55,0.333
07/22/06 16:00,0.322
07/22/06 16:05,0.311
07/22/06 16:10,0.300
07/22/06 16:15,0.289
07/22/06 16:20,0.275
07/22/06 16:25,0.260
07/22/06 16:30,0.246
07/22/06 16:35,0.233
07/22/06 16:40,0.220
07/22/06 16:45,0.209
07/22/06 16:50,0.197
07/22/06 16:55,0.184
07/22/06 17:00,0.170
07/22/06 17:05,0.158
07/22/06 17:10,0.147
07/22/06 17:15,0.136
07/22/06 17:20,0.124
07/22/06 17:25,0.114
07/22/06 17:30,0.103
07/22/06 17:35,0.093
07/22/06 17:40,0.084
07/22/06 17:45,0.075
07/22/06 17:50,0.058
07/22/06 17:55,0.037
07/22/06 18:00,0.022
07/22/06 18:05,0.012
07/22/06 18:10,0.007
07/22/06 18:15,0.003
07/22/06 18:20,0.002
07/22/06 18:25,0.001
07/22/06 18:30,0.000
07/22/06 18:35,0.000
07/22/06 18:40,0.000
07/22/06 18:45,0.000
07/22/06 18:50,0.000
07/22/06 18:55,0.000
07/22/06 19:00,0.000
07/22/06 19:05,0.000
07/22/06 19:10,0.000
07/22/06 19:15,0.000
07/22/06 19:20,0.000
07/22/06 19:25,0.000
07/22/06 19:30,0.000
07/22/06 19:35,0.000
07/22/06 19:40,0.000
07/22/06 19:45,0.000
07/22/06 19:50,0.000
07/22/06 19:55,0.000
07/22/06 20:00,0.000
07/22/06 20:05,0.000
07/22/06 20:10,0.000
07/22/06 20:15,0.000
07/22/06 20:20,0.000
07/22/06 20:25,0.000
07/22/06 20:30,0.000
07/22/06 20:35,0.000
07/22/06 20:40,0.000
07/22/06 20:45,0.000
07/22/06 20:50,0.000
07/22/06 20:55,0.000
07/22/06 21:00,0.000
07/22/06 21:05,0.000
07/22/06 21:10,0.000
07/22/06 21:15,0.000
07/22/06 21:20,0.000
07/22/06 21:25,0.000
07/22/06 21:30,0.000
07/22/06 21:35,0.000
07/22/06 21:40,0.000
07/22/06 21:45,0.000
07/22/06 21:50,0.000
07/22/06 21:55,0.000
07/22/06 22:00,0.000
07/22/06 22:05,0.000
07/22/06 22:10,0.000
07/22/06 22:15,0.000
07/22/06 22:20,0.000
07/22/06 22:25,0.000
07/22/06 22:30,0.000
07/22/06 22:35,0.000
07/22/06 22:40,0.000
07/22/06 22:45,0.000
07/22/06 22:50,0.000
07/22/06 22:55,0.000
07/22/06 23:00,0.000
07/22/06 23:05,0.000
07/22/06 23:10,0.000
07/22/06 23:15,0.000
07/22/06 23:20,0.000
07/22/06 23:25,0.000
07/22/06 23:30,0.000
07/22/06 23:35,0.000
07/22/06 23:40,0.000
07/22/06 23:45,0.000
07/22/06 23:50,0.000
07/22/06 23:55,0.000
07/23/06 00:00,0.000
07/23/06 00:05,0.000
07/23/06 00:10,0.000
07/23/06 00:15,0.000
07/23/06 00:20,0.000
07/23/06 00:25,0.000
07/23/06 00:30,0.000
07/23/06 00:35,0.000
07/23/06 00:40,0.000
07/23/06 00:45,0.000
07/23/06 00:50,0.000
07/23/06 00:55,0.000
07/23/06 01:00,0.000
07/23/06 01:05,0.000
07/23/06 01:10,0.000
07/23/06 01:15,0.000
07/23/06 01:20,0.000
07/23/06 01:25,0.000
07/23/06 01:30,0.000
07/23/06 01:35,0.000
07/23/06 01:40,0.000
07/23/06 01:45,0.000
07/23/06 01:50,0.000
07/23/06 01:55,0.000
07/23/06 02:00,0.000
07/23/06 02:05,0.000
07/23/06 02:10,0.000
07/23/06 02:15,0.000
07/23/06 02:20,0.000
07/23/06 02:25,0.000
07/23/06 02:30,0.000
07/23/06 02:35,0.000
07/23/06 02:40,0.000
07/23/06 02:45,0.000
07/23/06 02:50,0.000
07/23/06 02:55,0.000
07/23/06 03:00,0.000
07/23/06 03:05,0.000
07/23/06 03:10,0.000
07/23/06 03:15,0.000
07/23/06 03:20,0.000
07/23/06 03:25,0.000
07/23/06 03:30,0.000
07/23/06 03:35,0.000
07/23/06 03:40,0.000
07/23/06 03:45,0.000
07/23/06 03:50,0.000
07/23/06 03:55,0.000
07/23/06 04:00,0.000
07/23/06 04:05,0.000
07/23/06 04:10,0.000
07/23/06 04:15,0.000
07/23/06 04:20,0.000
07/23/06 04:25,0.000
07/23/06 04:30,0.000
07/23/06 04:35,0.000
07/23/06 04:40,0.000
07/23/06 04:45,0.000
07/23/06 04:50,0.000
07/23/06 04:55,0.000
07/23/06 05:00,0.000
07/23/06 05:05,0.000
07/23/06 05:10,0.000
07/23/06 05:15,0.001
07/23/06 05:20,0.001
07/23/06 05:25,0.002
07/23/06 05:30,0.004
07/23/06 05:35,0.008
07/23/06 05:40,0.013
07/23/06 05:45,0.022
07/23/06 05:50,0.036
07/23/06 05:55,0.058
07/23/06 06:00,0.076
07/23/06 06:05,0.084
07/23/06 06:10,0.094
07/23/06 06:15,0.105
07/23/06 06:20,0.116
07/23/06 06:25,0.128
07/23/06 06:30,0.140
07/23/06 06:35,0.152
07/23/06 06:40,0.165
07/23/06 06:45,0.178
07/23/06 06:50,0.191
07/23/06 06:55,0.204
07/23/06 07:00,0.216
07/23/06 07:05,0.228
07/23/06 07:10,0.239
07/23/06 07:15,0.251
07/23/06 07:20,0.263
07/23/06 07:25,0.276
07/23/06 07:30,0.289
07/23/06 07:35,0.301
07/23/06 07:40,0.313
07/23/06 07:45,0.325
07/23/06 07:50,0.337
07/23/06 07:55,0.348
07/23/06 08:00,0.358
07/23/06 08:05,0.367
07/23/06 08:10,0.377
07/23/06 08:15,0.389
07/23/06 08:20,0.398
07/23/06 08:25,0.407
07/23/06 08:30,0.414
07/23/06 08:35,0.422
07/23/06 08:40,0.430
07/23/06 08:45,0.436
07/23/06 08:50,0.441
07/23/06 08:55,0.446
07/23/06 09:00,0.452
07/23/06 09:05,0.460
07/23/06 09:10,0.469
07/23/06 09:15,0.478
07/23/06 09:20,0.488
07/23/06 09:25,0.494
07/23/06 09:30,0.501
07/23/06 09:35,0.508
07/23/06 09:40,0.513
07/23/06 09:45,0.517
07/23/06 09:50,0.520
07/23/06 09:55,0.523
07/23/06 10:00,0.525
07/23/06 10:05,0.526
07/23/06 10:10,0.527
07/23/06 10:15,0.525
07/23/06 10:20,0.525
07/23/06 10:25,0.526
07/23/06 10:30,0.527
07/23/06 10:35,0.527
07/23/06 10:40,0.528
07/23/06 10:45,0.528
07/23/06 10:50,0.528
07/23/06 10:55,0.528
07/23/06 11:00,0.531
07/23/06 11:05,0.535
07/23/06 11:10,0.538
07/23/06 11:15,0.543
07/23/06 11:20,0.545
07/23/06 11:25,0.547
07/23/06 11:30,0.548
07/23/06 11:35,0.548
07/23/06 11:40,0.544
07/23/06 11:45,0.543
07/23/06 11:50,0.541
07/23/06 11:55,0.540
07/23/06 12:00,0.542
07/23/06 12:05,0.545
07/23/06 12:10,0.547
07/23/06 12:15,0.549
07/23/06 12:20,0.550
07/23/06 12:25,0.554
07/23/06 12:30,0.560
07/23/06 12:35,0.562
07/23/06 12:40,0.562
07/23/06 12:45,0.561
07/23/06 12:50,0.559
07/23/06 12:55,0.557
07/23/06 13:00,0.554
07/23/06 13:05,0.551
07/23/06 13:10,0.548
07/23/06 13:15,0.547
07/23/06 13:20,0.545
07/23/06 13:25,0.542
07/23/06 13:30,0.538
07/23/06 13:35,0.534
07/23/06 13:40,0.531
07/23/06 13:45,0.527
07/23/06 13:50,0.522
07/23/06 13:55,0.516
07/23/06 14:00,0.509
07/23/06 14:05,0.502
07/23/06 14:10,0.495
07/23/06 14:15,0.487
07/23/06 14:20,0.479
07/23/06 14:25,0.471
07/23/06 14:30,0.464
07/23/06 14:35,0.457
07/23/06 14:40,0.450
07/23/06 14:45,0.443
07/23/06 14:50,0.436
07/23/06 14:55,0.429
07/23/06 15:00,0.421
07/23/06 15:05,0.413
07/23/06 15:10,0.406
07/23/06 15:15,0.398
07/23/06 15:20,0.391
07/23/06 15:25,0.383
07/23/06 15:30,0.374
07/23/06 15:35,0.363
07/23/06 15:40,0.355
07/23/06 15:45,0.346
07/23/06 15:50,0.337
07/23/06 15:55,0.326
07/23/06 16:00,0.315
07/23/06 16:05,0.303
07/23/06 16:10,0.291
07/23/06 16:15,0.280
07/23/06 16:20,0.268
07/23/06 16:25,0.256
07/23/06 16:30,0.244
07/23/06 16:35,0.232
07/23/06 16:40,0.220
07/23/06 16:45,0.207
07/23/06 16:50,0.193
07/23/06 16:55,0.181
07/23/06 17:00,0.169
07/23/06 17:05,0.157
07/23/06 17:10,0.146
07/23/06 17:15,0.134
07/23/06 17:20,0.124
07/23/06 17:25,0.113
07/23/06 17:30,0.104
07/23/06 17:35,0.095
07/23/06 17:40,0.086
07/23/06 17:45,0.079
07/23/06 17:50,0.070
07/23/06 17:55,0.051
07/23/06 18:00,0.034
07/23/06 18:05,0.022
07/23/06 18:10,0.014
07/23/06 18:15,0.008
07/23/06 18:20,0.005
07/23/06 18:25,0.003
07/23/06 18:30,0.002
07/23/06 18:35,0.001
07/23/06 18:40,0.001
07/23/06 18:45,0.000
07/23/06 18:50,0.000
07/23/06 18:55,0.000
07/23/06 19:00,0.000
07/23/06 19:05,0.000
07/23/06 19:10,0.000
07/23/06 19:15,0.000
07/23/06 19:20,0.000
07/23/06 19:25,0.000
07/23/06 19:30,0.000
07/23/06 19:35,0.000
07/23/06 19:40,0.000
07/23/06 19:45,0.000
07/23/06 19:50,0.000
07/23/06 19:55,0.000
07/23/06 20:00,0.000
07/23/06 20:05,0.000
07/23/06 20:10,0.000
07/23/06 20:15,0.000
07/23/06 20:20,0.000
07/23/06 20:25,0.000
07/23/06 20:30,0.000
07/23/06 20:35,0.000
07/23/06 20:40,0.000
07/23/06 20:45,0.000
07/23/06 20:50,0.000
07/23/06 20:55,0.000
07/23/06 21:00,0.000
07/23/06 21:05,0.000
07/23/06 21:10,0.000
07/23/06 21:15,0.000
07/23/06 21:20,0.000
07/23/06 21:25,0.000
07/23/06 21:30,0.000
07/23/06 21:35,0.000
07/23/06 21:40,0.000
07/23/06 21:45,0.000
07/23/06 21:50,0.000
07/23/06 21:55,0.000
07/23/06 22:00,0.000
07/23/06 22:05,0.000
07/23/06 22:10,0.000
07/23/06 22:15,0.000
07/23/06 22:20,0.000
07/23/06 22:25,0.000
07/23/06 22:30,0.000
07/23/06 22:35,0.000
07/23/06 22:40,0.000
07/23/06 22:45,0.000
07/23/06 22:50,0.000
07/23/06 22:55,0.000
07/23/06 23:00,0.000
07/23/06 23:05,0.000
07/23/06 23:10,0.000
07/23/06 23:15,0.000
07/23/06 23:20,0.000
07/23/06 23:25,0.000
07/23/06 23:30,0.000
07/23/06 23:35,0.000
07/23/06 23:40,0.000
07/23/06 23:45,0.000
07/23/06 23:50,0.000
07/23/06 23:55,0.000
07/24/06 00:00,0.000
07/24/06 00:05,0.000
07/24/06 00:10,0.000
07/24/06 00:15,0.000
07/24/06 00:20,0.000
07/24/06 00:25,0.000
07/24/06 00:30,0.000
07/24/06 00:35,0.000
07/24/06 00:40,0.000
07/24/06 00:45,0.000
07/24/06 00:50,0.000
07/24/06 00:55,0.000
07/24/06 01:00,0.000
07/24/06 01:05,0.000
07/24/06 01:10,0.000
07/24/06 01:15,0.000
07/24/06 01:20,0.000
07/24/06 01:25,0.000
07/24/06 01:30,0.000
07/24/06 01:35,0.000
07/24/06 01:40,0.000
07/24/06 01:45,0.000
07/24/06 01:50,0.000
07/24/06 01:55,0.000
07/24/06 02:00,0.000
07/24/06 02:05,0.000
07/24/06 02:10,0.000
07/24/06 02:15,0.000
07/24/06 02:20,0.000
07/24/06 02:25,0.000
07/24/06 02:30,0.000
07/24/06 02:35,0.000
07/24/06 02:40,0.000
07/24/06 02:45,0.000
07/24/06 02:50,0.000
07/24/06 02:55,0.000
07/24/06 03:00,0.000
07/24/06 03:05,0.000
07/24/06 03:10,0.000
07/24/06 03:15,0.000
07/24/06 03:20,0.000
07/24/06 03:25,0.000
07/24/06 03:30,0.000
07/24/06 03:35,0.000
07/24/06 03:40,0.000
07/24/06 03:45,0.000
07/24/06 03:50,0.000
07/24/06 03:55,0.000
07/24/06 04:00,0.000
07/24/06 04:05,0.000
07/24/06 04:10,0.000
07/24/06 04:15,0.000
07/24/06 04:20,0.000
07/24/06 04:25,0.000
07/24/06 04:30,0.000
07/24/06 04:35,0.000
07/24/06 04:40,0.000
07/24/06 04:45,0.000
07/24/06 04:50,0.000
07/24/06 04:55,0.000
07/24/06 05:00,0.000
07/24/06 05:05,0.000
07/24/06 05:10,0.000
07/24/06 05:15,0.001
07/24/06 05:20,0.001
07/24/06 05:25,0.002
07/24/06 05:30,0.004
07/24/06 05:35,0.007
07/24/06 05:40,0.013
07/24/06 05:45,0.022
07/24/06 05:50,0.037
07/24/06 05:55,0.061
07/24/06 06:00,0.077
07/24/06 06:05,0.086
07/24/06 06:10,0.096
07/24/06 06:15,0.106
07/24/06 06:20,0.117
07/24/06 06:25,0.128
07/24/06 06:30,0.140
07/24/06 06:35,0.151
07/24/06 06:40,0.162
07/24/06 06:45,0.173
07/24/06 06:50,0.184
07/24/06 06:55,0.195
07/24/06 07:00,0.206
07/24/06 07:05,0.218
07/24/06 07:10,0.230
07/24/06 07:15,0.242
07/24/06 07:20,0.253
07/24/06 07:25,0.262
07/24/06 07:30,0.269
07/24/06 07:35,0.278
07/24/06 07:40,0.288
07/24/06 07:45,0.298
07/24/06 07:50,0.308
07/24/06 07:55,0.318
07/24/06 08:00,0.327
07/24/06 08:05,0.336
07/24/06 08:10,0.345
07/24/06 08:15,0.356
07/24/06 08:20,0.364
07/24/06 08:25,0.371
07/24/06 08:30,0.379
07/24/06 08:35,0.387
07/24/06 08:40,0.394
07/24/06 08:45,0.400
07/24/06 08:50,0.405
07/24/06 08:55,0.410
07/24/06 09:00,0.415
07/24/06 09:05,0.420
07/24/06 09:10,0.425
07/24/06 09:15,0.431
07/24/06 09:20,0.437
07/24/06 09:25,0.442
07/24/06 09:30,0.447
07/24/06 09:35,0.451
07/24/06 09:40,0.455
07/24/06 09:45,0.458
07/24/06 09:50,0.461
07/24/06 09:55,0.465
07/24/06 10:00,0.469
07/24/06 10:05,0.474
07/24/06 10:10,0.480
07/24/06 10:15,0.485
07/24/06 10:20,0.490
07/24/06 10:25,0.495
07/24/06 10:30,0.501
07/24/06 10:35,0.506
07/24/06 10:40,0.511
07/24/06 10:45,0.516
07/24/06 10:50,0.520
07/24/06 10:55,0.520
07/24/06 11:00,0.519
07/24/06 11:05,0.517
07/24/06 11:10,0.515
07/24/06 11:15,0.513
07/24/06 11:20,0.511
07/24/06 11:25,0.508
07/24/06 11:30,0.507
07/24/06 11:35,0.509
07/24/06 11:40,0.509
07/24/06 11:45,0.509
07/24/06 11:50,0.510
07/24/06 11:55,0.506
07/24/06 12:00,0.515
07/24/06 12:05,0.524
07/24/06 12:10,0.526
07/24/06 12:15,0.529
07/24/06 12:20,0.532
07/24/06 12:25,0.534
07/24/06 12:30,0.532
07/24/06 12:35,0.528
07/24/06 12:40,0.523
07/24/06 12:45,0.519
07/24/06 12:50,0.516
07/24/06 12:55,0.514
07/24/06 13:00,0.514
07/24/06 13:05,0.519
07/24/06 13:10,0.527
07/24/06 13:15,0.534
07/24/06 13:20,0.535
07/24/06 13:25,0.533
07/24/06 13:30,0.528
07/24/06 13:35,0.520
07/24/06 13:40,0.517
07/24/06 13:45,0.519
07/24/06 13:50,0.515
07/24/06 13:55,0.507
07/24/06 14:00,0.495
07/24/06 14:05,0.484
07/24/06 14:10,0.475
07/24/06 14:15,0.466
07/24/06 14:20,0.457
07/24/06 14:25,0.446
07/24/06 14:30,0.436
07/24/06 14:35,0.428
07/24/06 14:40,0.419
07/24/06 14:45,0.409
07/24/06 14:50,0.400
07/24/06 14:55,0.392
07/24/06 15:00,0.388
07/24/06 15:05,0.385
07/24/06 15:10,0.381
07/24/06 15:15,0.376
07/24/06 15:20,0.371
07/24/06 15:25,0.364
07/24/06 15:30,0.356
07/24/06 15:35,0.348
07/24/06 15:40,0.340
07/24/06 15:45,0.331
07/24/06 15:50,0.322
07/24/06 15:55,0.313
07/24/06 16:00,0.303
07/24/06 16:05,0.289
07/24/06 16:10,0.275
07/24/06 16:15,0.262
07/24/06 16:20,0.249
07/24/06 16:25,0.234
07/24/06 16:30,0.219
07/24/06 16:35,0.205
07/24/06 16:40,0.190
07/24/06 16:45,0.176
07/24/06 16:50,0.162
07/24/06 16:55,0.149
07/24/06 17:00,0.136
07/24/06 17:05,0.123
07/24/06 17:10,0.111
07/24/06 17:15,0.109
07/24/06 17:20,0.094
07/24/06 17:25,0.087
07/24/06 17:30,0.088
07/24/06 17:35,0.088
07/24/06 17:40,0.083
07/24/06 17:45,0.079
07/24/06 17:50,0.072
07/24/06 17:55,0.043
07/24/06 18:00,0.022
07/24/06 18:05,0.011
07/24/06 18:10,0.006
07/24/06 18:15,0.003
07/24/06 18:20,0.002
07/24/06 18:25,0.001
07/24/06 18:30,0.000
07/24/06 18:35,0.000
07/24/06 18:40,0.000
07/24/06 18:45,0.000
07/24/06 18:50,0.000
07/24/06 18:55,0.000
07/24/06 19:00,0.000
07/24/06 19:05,0.000
07/24/06 19:10,0.000
07/24/06 19:15,0.000
07/24/06 19:20,0.000
07/24/06 19:25,0.000
07/24/06 19:30,0.000
07/24/06 19:35,0.000
07/24/06 19:40,0.000
07/24/06 19:45,0.000
07/24/06 19:50,0.000
07/24/06 19:55,0.000
07/24/06 20:00,0.000
07/24/06 20:05,0.000
07/24/06 20:10,0.000
07/24/06 20:15,0.000
07/24/06 20:20,0.000
07/24/06 20:25,0.000
07/24/06 20:30,0.000
07/24/06 20:35,0.000
07/24/06 20:40,0.000
07/24/06 20:45,0.000
07/24/06 20:50,0.000
07/24/06 20:55,0.000
07/24/06 21:00,0.000
07/24/06 21:05,0.000
07/24/06 21:10,0.000
07/24/06 21:15,0.000
07/24/06 21:20,0.000
07/24/06 21:25,0.000
07/24/06 21:30,0.000
07/24/06 21:35,0.000
07/24/06 21:40,0.000
07/24/06 21:45,0.000
07/24/06 21:50,0.000
07/24/06 21:55,0.000
07/24/06 22:00,0.000
07/24/06 22:05,0.000
07/24/06 22:10,0.000
07/24/06 22:15,0.000
07/24/06 22:20,0.000
07/24/06 22:25,0.000
07/24/06 22:30,0.000
07/24/06 22:35,0.000
07/24/06 22:40,0.000
07/24/06 22:45,0.000
07/24/06 22:50,0.000
07/24/06 22:55,0.000
07/24/06 23:00,0.000
07/24/06 23:05,0.000
07/24/06 23:10,0.000
07/24/06 23:15,0.000
07/24/06 23:20,0.000
07/24/06 23:25,0.000
07/24/06 23:30,0.000
07/24/06 23:35,0.000
07/24/06 23:40,0.000
07/24/06 23:45,0.000
07/24/06 23:50,0.000
07/24/06 23:55,0.000
07/25/06 00:00,0.000
07/25/06 00:05,0.000
07/25/06 00:10,0.000
07/25/06 00:15,0.000
07/25/06 00:20,0.000
07/25/06 00:25,0.000
07/25/06 00:30,0.000
07/25/06 00:35,0.000
07/25/06 00:40,0.000
07/25/06 00:45,0.000
07/25/06 00:50,0.000
07/25/06 00:55,0.000
07/25/06 01:00,0.000
07/25/06 01:05,0.000
07/25/06 01:10,0.000
07/25/06 01:15,0.000
07/25/06 01:20,0.000
07/25/06 01:25,0.000
07/25/06 01:30,0.000
07/25/06 01:35,0.000
07/25/06 01:40,0.000
07/25/06 01:45,0.000
07/25/06 01:50,0.000
07/25/06 01:55,0.000
07/25/06 02:00,0.000
07/25/06 02:05,0.000
07/25/06 02:10,0.000
07/25/06 02:15,0.000
07/25/06 02:20,0.000
07/25/06 02:25,0.000
07/25/06 02:30,0.000
07/25/06 02:35,0.000
07/25/06 02:40,0.000
07/25/06 02:45,0.000
07/25/06 02:50,0.000
07/25/06 02:55,0.000
07/25/06 03:00,0.000
07/25/06 03:05,0.000
07/25/06 03:10,0.000
07/25/06 03:15,0.000
07/25/06 03:20,0.000
07/25/06 03:25,0.000
07/25/06 03:30,0.000
07/25/06 03:35,0.000
07/25/06 03:40,0.000
07/25/06 03:45,0.000
07/25/06 03:50,0.000
07/25/06 03:55,0.000
07/25/06 04:00,0.000
07/25/06 04:05,0.000
07/25/06 04:10,0.000
07/25/06 04:15,0.000
07/25/06 04:20,0.000
07/25/06 04:25,0.000
07/25/06 04:30,0.000
07/25/06 04:35,0.000
07/25/06 04:40,0.000
07/25/06 04:45,0.000
07/25/06 04:50,0.000
07/25/06 04:55,0.000
07/25/06 05:00,0.000
07/25/06 05:05,0.000
07/25/06 05:10,0.000
07/25/06 05:15,0.000
07/25/06 05:20,0.001
07/25/06 05:25,0.002
07/25/06 05:30,0.003
07/25/06 05:35,0.006
07/25/06 05:40,0.012
07/25/06 05:45,0.021
07/25/06 05:50,0.037
07/25/06 05:55,0.061
07/25/06 06:00,0.078
07/25/06 06:05,0.087
07/25/06 06:10,0.098
07/25/06 06:15,0.109
07/25/06 06:20,0.120
07/25/06 06:25,0.132
07/25/06 06:30,0.144
07/25/06 06:35,0.156
07/25/06 06:40,0.169
07/25/06 06:45,0.182
07/25/06 06:50,0.195
07/25/06 06:55,0.207
07/25/06 07:00,0.220
07/25/06 07:05,0.232
07/25/06 07:10,0.244
07/25/06 07:15,0.256
07/25/06 07:20,0.268
07/25/06 07:25,0.277
07/25/06 07:30,0.287
07/25/06 07:35,0.298
07/25/06 07:40,0.309
07/25/06 07:45,0.320
07/25/06 07:50,0.331
07/25/06 07:55,0.345
07/25/06 08:00,0.358
07/25/06 08:05,0.368
07/25/06 08:10,0.379
07/25/06 08:15,0.390
07/25/06 08:20,0.404
07/25/06 08:25,0.414
07/25/06 08:30,0.424
07/25/06 08:35,0.433
07/25/06 08:40,0.442
07/25/06 08:45,0.451
07/25/06 08:50,0.460
07/25/06 08:55,0.468
07/25/06 09:00,0.475
07/25/06 09:05,0.482
07/25/06 09:10,0.488
07/25/06 09:15,0.494
07/25/06 09:20,0.501
07/25/06 09:25,0.507
07/25/06 09:30,0.513
07/25/06 09:35,0.517
07/25/06 09:40,0.521
07/25/06 09:45,0.525
07/25/06 09:50,0.528
07/25/06 09:55,0.533
07/25/06 10:00,0.539
07/25/06 10:05,0.544
07/25/06 10:10,0.550
07/25/06 10:15,0.556
07/25/06 10:20,0.561
07/25/06 10:25,0.565
07/25/06 10:30,0.569
07/25/06 10:35,0.574
07/25/06 10:40,0.577
07/25/06 10:45,0.577
07/25/06 10:50,0.576
07/25/06 10:55,0.573
07/25/06 11:00,0.573
07/25/06 11:05,0.576
07/25/06 11:10,0.584
07/25/06 11:15,0.587
07/25/06 11:20,0.591
07/25/06 11:25,0.594
07/25/06 11:30,0.595
07/25/06 11:35,0.596
07/25/06 11:40,0.596
07/25/06 11:45,0.595
07/25/06 11:50,0.594
07/25/06 11:55,0.593
07/25/06 12:00,0.591
07/25/06 12:05,0.590
07/25/06 12:10,0.589
07/25/06 12:15,0.588
07/25/06 12:20,0.587
07/25/06 12:25,0.580
07/25/06 12:30,0.577
07/25/06 12:35,0.574
07/25/06 12:40,0.572
07/25/06 12:45,0.569
07/25/06 12:50,0.565
07/25/06 12:55,0.562
07/25/06 13:00,0.560
07/25/06 13:05,0.557
07/25/06 13:10,0.554
07/25/06 13:15,0.551
07/25/06 13:20,0.548
07/25/06 13:25,0.545
07/25/06 13:30,0.540
07/25/06 13:35,0.532
07/25/06 13:40,0.526
07/25/06 13:45,0.521
07/25/06 13:50,0.515
07/25/06 13:55,0.508
07/25/06 14:00,0.500
07/25/06 14:05,0.492
07/25/06 14:10,0.480
07/25/06 14:15,0.465
07/25/06 14:20,0.451
07/25/06 14:25,0.439
07/25/06 14:30,0.430
07/25/06 14:35,0.422
07/25/06 14:40,0.415
07/25/06 14:45,0.406
07/25/06 14:50,0.398
07/25/06 14:55,0.391
07/25/06 15:00,0.384
07/25/06 15:05,0.379
07/25/06 15:10,0.373
07/25/06 15:15,0.367
07/25/06 15:20,0.362
07/25/06 15:25,0.357
07/25/06 15:30,0.349
07/25/06 15:35,0.341
07/25/06 15:40,0.332
07/25/06 15:45,0.323
07/25/06 15:50,0.315
07/25/06 15:55,0.307
07/25/06 16:00,0.300
07/25/06 16:05,0.292
07/25/06 16:10,0.281
07/25/06 16:15,0.269
07/25/06 16:20,0.259
07/25/06 16:25,0.250
07/25/06 16:30,0.240
07/25/06 16:35,0.230
07/25/06 16:40,0.220
07/25/06 16:45,0.208
07/25/06 16:50,0.197
07/25/06 16:55,0.186
07/25/06 17:00,0.174
07/25/06 17:05,0.163
07/25/06 17:10,0.152
07/25/06 17:15,0.140
07/25/06 17:20,0.129
07/25/06 17:25,0.118
07/25/06 17:30,0.106
07/25/06 17:35,0.095
07/25/06 17:40,0.084
07/25/06 17:45,0.075
07/25/06 17:50,0.052
07/25/06 17:55,0.031
07/25/06 18:00,0.018
07/25/06 18:05,0.010
07/25/06 18:10,0.005
07/25/06 18:15,0.003
07/25/06 18:20,0.002
07/25/06 18:25,0.001
07/25/06 18:30,0.000
07/25/06 18:35,0.000
07/25/06 18:40,0.000
07/25/06 18:45,0.000
07/25/06 18:50,0.000
07/25/06 18:55,0.000
07/25/06 19:00,0.000
07/25/06 19:05,0.000
07/25/06 19:10,0.000
07/25/06 19:15,0.000
07/25/06 19:20,0.000
07/25/06 19:25,0.000
07/25/06 19:30,0.000
07/25/06 19:35,0.000
07/25/06 19:40,0.000
07/25/06 19:45,0.000
07/25/06 19:50,0.000
07/25/06 19:55,0.000
07/25/06 20:00,0.000
07/25/06 20:05,0.000
07/25/06 20:10,0.000
07/25/06 20:15,0.000
07/25/06 20:20,0.000
07/25/06 20:25,0.000
07/25/06 20:30,0.000
07/25/06 20:35,0.000
07/25/06 20:40,0.000
07/25/06 20:45,0.000
07/25/06 20:50,0.000
07/25/06 20:55,0.000
07/25/06 21:00,0.000
07/25/06 21:05,0.000
07/25/06 21:10,0.000
07/25/06 21:15,0.000
07/25/06 21:20,0.000
07/25/06 21:25,0.000
07/25/06 21:30,0.000
07/25/06 21:35,0.000
07/25/06 21:40,0.000
07/25/06 21:45,0.000
07/25/06 21:50,0.000
07/25/06 21:55,0.000
07/25/06 22:00,0.000
07/25/06 22:05,0.000
07/25/06 22:10,0.000
07/25/06 22:15,0.000
07/25/06 22:20,0.000
07/25/06 22:25,0.000
07/25/06 22:30,0.000
07/25/06 22:35,0.000
07/25/06 22:40,0.000
07/25/06 22:45,0.000
07/25/06 22:50,0.000
07/25/06 22:55,0.000
07/25/06 23:00,0.000
07/25/06 23:05,0.000
07/25/06 23:10,0.000
07/25/06 23:15,0.000
07/25/06 23:20,0.000
07/25/06 23:25,0.000
07/25/06 23:30,0.000
07/25/06 23:35,0.000
07/25/06 23:40,0.000
07/25/06 23:45,0.000
07/25/06 23:50,0.000
07/25/06 23:55,0.000
07/26/06 00:00,0.000
07/26/06 00:05,0.000
07/26/06 00:10,0.000
07/26/06 00:15,0.000
07/26/06 00:20,0.000
07/26/06 00:25,0.000
07/26/06 00:30,0.000
07/26/06 00:35,0.000
07/26/06 00:40,0.000
07/26/06 00:45,0.000
07/26/06 00:50,0.000
07/26/06 00:55,0.000
07/26/06 01:00,0.000
07/26/06 01:05,0.000
07/26/06 01:10,0.000
07/26/06 01:15,0.000
07/26/06 01:20,0.000
07/26/06 01:25,0.000
07/26/06 01:30,0.000
07/26/06 01:35,0.000
07/26/06 01:40,0.000
07/26/06 01:45,0.000
07/26/06 01:50,0.000
07/26/06 01:55,0.000
07/26/06 02:00,0.000
07/26/06 02:05,0.000
07/26/06 02:10,0.000
07/26/06 02:15,0.000
07/26/06 02:20,0.000
07/26/06 02:25,0.000
07/26/06 02:30,0.000
07/26/06 02:35,0.000
07/26/06 02:40,0.000
07/26/06 02:45,0.000
07/26/06 02:50,0.000
07/26/06 02:55,0.000
07/26/06 03:00,0.000
07/26/06 03:05,0.000
07/26/06 03:10,0.000
07/26/06 03:15,0.000
07/26/06 03:20,0.000
07/26/06 03:25,0.000
07/26/06 03:30,0.000
07/26/06 03:35,0.000
07/26/06 03:40,0.000
07/26/06 03:45,0.000
07/26/06 03:50,0.000
07/26/06 03:55,0.000
07/26/06 04:00,0.000
07/26/06 04:05,0.000
07/26/06 04:10,0.000
07/26/06 04:15,0.000
07/26/06 04:20,0.000
07/26/06 04:25,0.000
07/26/06 04:30,0.000
07/26/06 04:35,0.000
07/26/06 04:40,0.000
07/26/06 04:45,0.000
07/26/06 04:50,0.000
07/26/06 04:55,0.000
07/26/06 05:00,0.000
07/26/06 05:05,0.000
07/26/06 05:10,0.001
07/26/06 05:15,0.001
07/26/06 05:20,0.002
07/26/06 05:25,0.003
07/26/06 05:30,0.005
07/26/06 05:35,0.008
07/26/06 05:40,0.013
07/26/06 05:45,0.022
07/26/06 05:50,0.036
07/26/06 05:55,0.057
07/26/06 06:00,0.076
07/26/06 06:05,0.084
07/26/06 06:10,0.092
07/26/06 06:15,0.102
07/26/06 06:20,0.112
07/26/06 06:25,0.124
07/26/06 06:30,0.136
07/26/06 06:35,0.148
07/26/06 06:40,0.160
07/26/06 06:45,0.172
07/26/06 06:50,0.185
07/26/06 06:55,0.198
07/26/06 07:00,0.211
07/26/06 07:05,0.223
07/26/06 07:10,0.236
07/26/06 07:15,0.248
07/26/06 07:20,0.260
07/26/06 07:25,0.273
07/26/06 07:30,0.285
07/26/06 07:35,0.297
07/26/06 07:40,0.310
07/26/06 07:45,0.323
07/26/06 07:50,0.336
07/26/06 07:55,0.348
07/26/06 08:00,0.358
07/26/06 08:05,0.367
07/26/06 08:10,0.376
07/26/06 08:15,0.387
07/26/06 08:20,0.400
07/26/06 08:25,0.409
07/26/06 08:30,0.419
07/26/06 08:35,0.429
07/26/06 08:40,0.439
07/26/06 08:45,0.449
07/26/06 08:50,0.458
07/26/06 08:55,0.466
07/26/06 09:00,0.472
07/26/06 09:05,0.479
07/26/06 09:10,0.488
07/26/06 09:15,0.495
07/26/06 09:20,0.502
07/26/06 09:25,0.509
07/26/06 09:30,0.515
07/26/06 09:35,0.521
07/26/06 09:40,0.526
07/26/06 09:45,0.530
07/26/06 09:50,0.536
07/26/06 09:55,0.540
07/26/06 10:00,0.547
07/26/06 10:05,0.556
07/26/06 10:10,0.563
07/26/06 10:15,0.568
07/26/06 10:20,0.572
07/26/06 10:25,0.576
07/26/06 10:30,0.580
07/26/06 10:35,0.584
07/26/06 10:40,0.587
07/26/06 10:45,0.589
07/26/06 10:50,0.592
07/26/06 10:55,0.595
07/26/06 11:00,0.597
07/26/06 11:05,0.598
07/26/06 11:10,0.598
07/26/06 11:15,0.598
07/26/06 11:20,0.601
07/26/06 11:25,0.602
07/26/06 11:30,0.603
07/26/06 11:35,0.604
07/26/06 11:40,0.604
07/26/06 11:45,0.604
07/26/06 11:50,0.605
07/26/06 11:55,0.604
07/26/06 12:00,0.603
07/26/06 12:05,0.602
07/26/06 12:10,0.601
07/26/06 12:15,0.600
07/26/06 12:20,0.598
07/26/06 12:25,0.597
07/26/06 12:30,0.596
07/26/06 12:35,0.594
07/26/06 12:40,0.592
07/26/06 12:45,0.590
07/26/06 12:50,0.589
07/26/06 12:55,0.586
07/26/06 13:00,0.587
07/26/06 13:05,0.586
07/26/06 13:10,0.584
07/26/06 13:15,0.582
07/26/06 13:20,0.580
07/26/06 13:25,0.578
07/26/06 13:30,0.575
07/26/06 13:35,0.572
07/26/06 13:40,0.568
07/26/06 13:45,0.564
07/26/06 13:50,0.559
07/26/06 13:55,0.552
07/26/06 14:00,0.537
07/26/06 14:05,0.522
07/26/06 14:10,0.510
07/26/06 14:15,0.498
07/26/06 14:20,0.487
07/26/06 14:25,0.476
07/26/06 14:30,0.464
07/26/06 14:35,0.453
07/26/06 14:40,0.440
07/26/06 14:45,0.428
07/26/06 14:50,0.417
07/26/06 14:55,0.406
07/26/06 15:00,0.400
07/26/06 15:05,0.396
07/26/06 15:10,0.393
07/26/06 15:15,0.389
07/26/06 15:20,0.384
07/26/06 15:25,0.377
07/26/06 15:30,0.367
07/26/06 15:35,0.357
07/26/06 15:40,0.346
07/26/06 15:45,0.333
07/26/06 15:50,0.321
07/26/06 15:55,0.310
07/26/06 16:00,0.297
07/26/06 16:05,0.284
07/26/06 16:10,0.273
07/26/06 16:15,0.262
07/26/06 16:20,0.252
07/26/06 16:25,0.241
07/26/06 16:30,0.230
07/26/06 16:35,0.219
07/26/06 16:40,0.207
07/26/06 16:45,0.196
07/26/06 16:50,0.185
07/26/06 16:55,0.175
07/26/06 17:00,0.165
07/26/06 17:05,0.154
07/26/06 17:10,0.143
07/26/06 17:15,0.133
07/26/06 17:20,0.123
07/26/06 17:25,0.113
07/26/06 17:30,0.102
07/26/06 17:35,0.092
07/26/06 17:40,0.083
07/26/06 17:45,0.074
07/26/06 17:50,0.051
07/26/06 17:55,0.031
07/26/06 18:00,0.018
07/26/06 18:05,0.010
07/26/06 18:10,0.006
07/26/06 18:15,0.003
07/26/06 18:20,0.002
07/26/06 18:25,0.001
07/26/06 18:30,0.000
07/26/06 18:35,0.000
07/26/06 18:40,0.000
07/26/06 18:45,0.000
07/26/06 18:50,0.000
07/26/06 18:55,0.000
07/26/06 19:00,0.000
07/26/06 19:05,0.000
07/26/06 19:10,0.000
07/26/06 19:15,0.000
07/26/06 19:20,0.000
07/26/06 19:25,0.000
07/26/06 19:30,0.000
07/26/06 19:35,0.000
07/26/06 19:40,0.000
07/26/06 19:45,0.000
07/26/06 19:50,0.000
07/26/06 19:55,0.000
07/26/06 20:00,0.000
07/26/06 20:05,0.000
07/26/06 20:10,0.000
07/26/06 20:15,0.000
07/26/06 20:20,0.000
07/26/06 20:25,0.000
07/26/06 20:30,0.000
07/26/06 20:35,0.000
07/26/06 20:40,0.000
07/26/06 20:45,0.000
07/26/06 20:50,0.000
07/26/06 20:55,0.000
07/26/06 21:00,0.000
07/26/06 21:05,0.000
07/26/06 21:10,0.000
07/26/06 21:15,0.000
07/26/06 21:20,0.000
07/26/06 21:25,0.000
07/26/06 21:30,0.000
07/26/06 21:35,0.000
07/26/06 21:40,0.000
07/26/06 21:45,0.000
07/26/06 21:50,0.000
07/26/06 21:55,0.000
07/26/06 22:00,0.000
07/26/06 22:05,0.000
07/26/06 22:10,0.000
07/26/06 22:15,0.000
07/26/06 22:20,0.000
07/26/06 22:25,0.000
07/26/06 22:30,0.000
07/26/06 22:35,0.000
07/26/06 22:40,0.000
07/26/06 22:45,0.000
07/26/06 22:50,0.000
07/26/06 22:55,0.000
07/26/06 23:00,0.000
07/26/06 23:05,0.000
07/26/06 23:10,0.000
07/26/06 23:15,0.000
07/26/06 23:20,0.000
07/26/06 23:25,0.000
07/26/06 23:30,0.000
07/26/06 23:35,0.000
07/26/06 23:40,0.000
07/26/06 23:45,0.000
07/26/06 23:50,0.000
07/26/06 23:55,0.000
07/27/06 00:00,0.000
07/27/06 00:05,0.000
07/27/06 00:10,0.000
07/27/06 00:15,0.000
07/27/06 00:20,0.000
07/27/06 00:25,0.000
07/27/06 00:30,0.000
07/27/06 00:35,0.000
07/27/06 00:40,0.000
07/27/06 00:45,0.000
07/27/06 00:50,0.000
07/27/06 00:55,0.000
07/27/06 01:00,0.000
07/27/06 01:05,0.000
07/27/06 01:10,0.000
07/27/06 01:15,0.000
07/27/06 01:20,0.000
07/27/06 01:25,0.000
07/27/06 01:30,0.000
07/27/06 01:35,0.000
07/27/06 01:40,0.000
07/27/06 01:45,0.000
07/27/06 01:50,0.000
07/27/06 01:55,0.000
07/27/06 02:00,0.000
07/27/06 02:05,0.000
07/27/06 02:10,0.000
07/27/06 02:15,0.000
07/27/06 02:20,0.000
07/27/06 02:25,0.000
07/27/06 02:30,0.000
07/27/06 02:35,0.000
07/27/06 02:40,0.000
07/27/06 02:45,0.000
07/27/06 02:50,0.000
07/27/06 02:55,0.000
07/27/06 03:00,0.000
07/27/06 03:05,0.000
07/27/06 03:10,0.000
07/27/06 03:15,0.000
07/27/06 03:20,0.000
07/27/06 03:25,0.000
07/27/06 03:30,0.000
07/27/06 03:35,0.000
07/27/06 03:40,0.000
07/27/06 03:45,0.000
07/27/06 03:50,0.000
07/27/06 03:55,0.000
07/27/06 04:00,0.000
07/27/06 04:05,0.000
07/27/06 04:10,0.000
07/27/06 04:15,0.000
07/27/06 04:20,0.000
07/27/06 04:25,0.000
07/27/06 04:30,0.000
07/27/06 04:35,0.000
07/27/06 04:40,0.000
07/27/06 04:45,0.000
07/27/06 04:50,0.000
07/27/06 04:55,0.000
07/27/06 05:00,0.000
07/27/06 05:05,0.000
07/27/06 05:10,0.001
07/27/06 05:15,0.001
07/27/06 05:20,0.002
07/27/06 05:25,0.003
07/27/06 05:30,0.005
07/27/06 05:35,0.008
07/27/06 05:40,0.013
07/27/06 05:45,0.017
07/27/06 05:50,0.023
07/27/06 05:55,0.042
07/27/06 06:00,0.057
07/27/06 06:05,0.052
07/27/06 06:10,0.045
07/27/06 06:15,0.047
07/27/06 06:20,0.083
07/27/06 06:25,0.098
07/27/06 06:30,0.096
07/27/06 06:35,0.093
07/27/06 06:40,0.108
07/27/06 06:45,0.123
07/27/06 06:50,0.140
07/27/06 06:55,0.154
07/27/06 07:00,0.170
07/27/06 07:05,0.184
07/27/06 07:10,0.199
07/27/06 07:15,0.213
07/27/06 07:20,0.230
07/27/06 07:25,0.241
07/27/06 07:30,0.246
07/27/06 07:35,0.255
07/27/06 07:40,0.266
07/27/06 07:45,0.282
07/27/06 07:50,0.299
07/27/06 07:55,0.320
07/27/06 08:00,0.337
07/27/06 08:05,0.351
07/27/06 08:10,0.363
07/27/06 08:15,0.374
07/27/06 08:20,0.385
07/27/06 08:25,0.394
07/27/06 08:30,0.402
07/27/06 08:35,0.410
07/27/06 08:40,0.417
07/27/06 08:45,0.424
07/27/06 08:50,0.430
07/27/06 08:55,0.435
07/27/06 09:00,0.440
07/27/06 09:05,0.446
07/27/06 09:10,0.453
07/27/06 09:15,0.458
07/27/06 09:20,0.462
07/27/06 09:25,0.468
07/27/06 09:30,0.473
07/27/06 09:35,0.475
07/27/06 09:40,0.476
07/27/06 09:45,0.480
07/27/06 09:50,0.481
07/27/06 09:55,0.483
07/27/06 10:00,0.493
07/27/06 10:05,0.503
07/27/06 10:10,0.510
07/27/06 10:15,0.519
07/27/06 10:20,0.528
07/27/06 10:25,0.531
07/27/06 10:30,0.534
07/27/06 10:35,0.538
07/27/06 10:40,0.543
07/27/06 10:45,0.544
07/27/06 10:50,0.547
07/27/06 10:55,0.546
07/27/06 11:00,0.546
07/27/06 11:05,0.546
07/27/06 11:10,0.550
07/27/06 11:15,0.554
07/27/06 11:20,0.557
07/27/06 11:25,0.560
07/27/06 11:30,0.563
07/27/06 11:35,0.563
07/27/06 11:40,0.563
07/27/06 11:45,0.564
07/27/06 11:50,0.563
07/27/06 11:55,0.560
07/27/06 12:00,0.551
07/27/06 12:05,0.538
07/27/06 12:10,0.527
07/27/06 12:15,0.535
07/27/06 12:20,0.544
07/27/06 12:25,0.553
07/27/06 12:30,0.560
07/27/06 12:35,0.562
07/27/06 12:40,0.570
07/27/06 12:45,0.575
07/27/06 12:50,0.579
07/27/06 12:55,0.581
07/27/06 13:00,0.570
07/27/06 13:05,0.557
07/27/06 13:10,0.545
07/27/06 13:15,0.534
07/27/06 13:20,0.529
07/27/06 13:25,0.526
07/27/06 13:30,0.526
07/27/06 13:35,0.524
07/27/06 13:40,0.521
07/27/06 13:45,0.518
07/27/06 13:50,0.513
07/27/06 13:55,0.506
07/27/06 14:00,0.492
07/27/06 14:05,0.479
07/27/06 14:10,0.468
07/27/06 14:15,0.459
07/27/06 14:20,0.455
07/27/06 14:25,0.452
07/27/06 14:30,0.448
07/27/06 14:35,0.443
07/27/06 14:40,0.436
07/27/06 14:45,0.427
07/27/06 14:50,0.418
07/27/06 14:55,0.411
07/27/06 15:00,0.408
07/27/06 15:05,0.407
07/27/06 15:10,0.404
07/27/06 15:15,0.399
07/27/06 15:20,0.392
07/27/06 15:25,0.386
07/27/06 15:30,0.376
07/27/06 15:35,0.368
07/27/06 15:40,0.360
07/27/06 15:45,0.351
07/27/06 15:50,0.342
07/27/06 15:55,0.333
07/27/06 16:00,0.322
07/27/06 16:05,0.312
07/27/06 16:10,0.301
07/27/06 16:15,0.289
07/27/06 16:20,0.277
07/27/06 16:25,0.266
07/27/06 16:30,0.254
07/27/06 16:35,0.241
07/27/06 16:40,0.228
07/27/06 16:45,0.214
07/27/06 16:50,0.201
07/27/06 16:55,0.188
07/27/06 17:00,0.175
07/27/06 17:05,0.162
07/27/06 17:10,0.147
07/27/06 17:15,0.134
07/27/06 17:20,0.121
07/27/06 17:25,0.110
07/27/06 17:30,0.099
07/27/06 17:35,0.089
07/27/06 17:40,0.079
07/27/06 17:45,0.071
07/27/06 17:50,0.047
07/27/06 17:55,0.030
07/27/06 18:00,0.018
07/27/06 18:05,0.010
07/27/06 18:10,0.005
07/27/06 18:15,0.003
07/27/06 18:20,0.002
07/27/06 18:25,0.001
07/27/06 18:30,0.000
07/27/06 18:35,0.000
07/27/06 18:40,0.000
07/27/06 18:45,0.000
07/27/06 18:50,0.000
07/27/06 18:55,0.000
07/27/06 19:00,0.000
07/27/06 19:05,0.000
07/27/06 19:10,0.000
07/27/06 19:15,0.000
07/27/06 19:20,0.000
07/27/06 19:25,0.000
07/27/06 19:30,0.000
07/27/06 19:35,0.000
07/27/06 19:40,0.000
07/27/06 19:45,0.000
07/27/06 19:50,0.000
07/27/06 19:55,0.000
07/27/06 20:00,0.000
07/27/06 20:05,0.000
07/27/06 20:10,0.000
07/27/06 20:15,0.000
07/27/06 20:20,0.000
07/27/06 20:25,0.000
07/27/06 20:30,0.000
07/27/06 20:35,0.000
07/27/06 20:40,0.000
07/27/06 20:45,0.000
07/27/06 20:50,0.000
07/27/06 20:55,0.000
07/27/06 21:00,0.000
07/27/06 21:05,0.000
07/27/06 21:10,0.000
07/27/06 21:15,0.000
07/27/06 21:20,0.000
07/27/06 21:25,0.000
07/27/06 21:30,0.000
07/27/06 21:35,0.000
07/27/06 21:40,0.000
07/27/06 21:45,0.000
07/27/06 21:50,0.000
07/27/06 21:55,0.000
07/27/06 22:00,0.000
07/27/06 22:05,0.000
07/27/06 22:10,0.000
07/27/06 22:15,0.000
07/27/06 22:20,0.000
07/27/06 22:25,0.000
07/27/06 22:30,0.000
07/27/06 22:35,0.000
07/27/06 22:40,0.000
07/27/06 22:45,0.000
07/27/06 22:50,0.000
07/27/06 22:55,0.000
07/27/06 23:00,0.000
07/27/06 23:05,0.000
07/27/06 23:10,0.000
07/27/06 23:15,0.000
07/27/06 23:20,0.000
07/27/06 23:25,0.000
07/27/06 23:30,0.000
07/27/06 23:35,0.000
07/27/06 23:40,0.000
07/27/06 23:45,0.000
07/27/06 23:50,0.000
07/27/06 23:55,0.000
07/28/06 00:00,0.000
07/28/06 00:05,0.000
07/28/06 00:10,0.000
07/28/06 00:15,0.000
07/28/06 00:20,0.000
07/28/06 00:25,0.000
07/28/06 00:30,0.000
07/28/06 00:35,0.000
07/28/06 00:40,0.000
07/28/06 00:45,0.000
07/28/06 00:50,0.000
07/28/06 00:55,0.000
07/28/06 01:00,0.000
07/28/06 01:05,0.000
07/28/06 01:10,0.000
07/28/06 01:15,0.000
07/28/06 01:20,0.000
07/28/06 01:25,0.000
07/28/06 01:30,0.000
07/28/06 01:35,0.000
07/28/06 01:40,0.000
07/28/06 01:45,0.000
07/28/06 01:50,0.000
07/28/06 01:55,0.000
07/28/06 02:00,0.000
07/28/06 02:05,0.000
07/28/06 02:10,0.000
07/28/06 02:15,0.000
07/28/06 02:20,0.000
07/28/06 02:25,0.000
07/28/06 02:30,0.000
07/28/06 02:35,0.000
07/28/06 02:40,0.000
07/28/06 02:45,0.000
07/28/06 02:50,0.000
07/28/06 02:55,0.000
07/28/06 03:00,0.000
07/28/06 03:05,0.000
07/28/06 03:10,0.000
07/28/06 03:15,0.000
07/28/06 03:20,0.000
07/28/06 03:25,0.000
07/28/06 03:30,0.000
07/28/06 03:35,0.000
07/28/06 03:40,0.000
07/28/06 03:45,0.000
07/28/06 03:50,0.000
07/28/06 03:55,0.000
07/28/06 04:00,0.000
07/28/06 04:05,0.000
07/28/06 04:10,0.000
07/28/06 04:15,0.000
07/28/06 04:20,0.000
07/28/06 04:25,0.000
07/28/06 04:30,0.000
07/28/06 04:35,0.000
07/28/06 04:40,0.000
07/28/06 04:45,0.000
07/28/06 04:50,0.000
07/28/06 04:55,0.000
07/28/06 05:00,0.000
07/28/06 05:05,0.000
07/28/06 05:10,0.000
07/28/06 05:15,0.001
07/28/06 05:20,0.001
07/28/06 05:25,0.002
07/28/06 05:30,0.003
07/28/06 05:35,0.006
07/28/06 05:40,0.010
07/28/06 05:45,0.018
07/28/06 05:50,0.030
07/28/06 05:55,0.049
07/28/06 06:00,0.073
07/28/06 06:05,0.082
07/28/06 06:10,0.091
07/28/06 06:15,0.101
07/28/06 06:20,0.111
07/28/06 06:25,0.121
07/28/06 06:30,0.132
07/28/06 06:35,0.143
07/28/06 06:40,0.154
07/28/06 06:45,0.166
07/28/06 06:50,0.177
07/28/06 06:55,0.189
07/28/06 07:00,0.200
07/28/06 07:05,0.213
07/28/06 07:10,0.226
07/28/06 07:15,0.239
07/28/06 07:20,0.251
07/28/06 07:25,0.262
07/28/06 07:30,0.274
07/28/06 07:35,0.284
07/28/06 07:40,0.295
07/28/06 07:45,0.305
07/28/06 07:50,0.315
07/28/06 07:55,0.325
07/28/06 08:00,0.336
07/28/06 08:05,0.347
07/28/06 08:10,0.357
07/28/06 08:15,0.364
07/28/06 08:20,0.373
07/28/06 08:25,0.378
07/28/06 08:30,0.384
07/28/06 08:35,0.389
07/28/06 08:40,0.395
07/28/06 08:45,0.400
07/28/06 08:50,0.406
07/28/06 08:55,0.413
07/28/06 09:00,0.420
07/28/06 09:05,0.426
07/28/06 09:10,0.434
07/28/06 09:15,0.441
07/28/06 09:20,0.447
07/28/06 09:25,0.454
07/28/06 09:30,0.459
07/28/06 09:35,0.462
07/28/06 09:40,0.456
07/28/06 09:45,0.453
07/28/06 09:50,0.454
07/28/06 09:55,0.456
07/28/06 10:00,0.458
07/28/06 10:05,0.461
07/28/06 10:10,0.464
07/28/06 10:15,0.467
07/28/06 10:20,0.469
07/28/06 10:25,0.470
07/28/06 10:30,0.472
07/28/06 10:35,0.474
07/28/06 10:40,0.480
07/28/06 10:45,0.485
07/28/06 10:50,0.489
07/28/06 10:55,0.491
07/28/06 11:00,0.492
07/28/06 11:05,0.492
07/28/06 11:10,0.493
07/28/06 11:15,0.496
07/28/06 11:20,0.497
07/28/06 11:25,0.497
07/28/06 11:30,0.497
07/28/06 11:35,0.495
07/28/06 11:40,0.495
07/28/06 11:45,0.494
07/28/06 11:50,0.494
07/28/06 11:55,0.493
07/28/06 12:00,0.493
07/28/06 12:05,0.494
07/28/06 12:10,0.494
07/28/06 12:15,0.494
07/28/06 12:20,0.494
07/28/06 12:25,0.493
07/28/06 12:30,0.492
07/28/06 12:35,0.492
07/28/06 12:40,0.492
07/28/06 12:45,0.490
07/28/06 12:50,0.489
07/28/06 12:55,0.487
07/28/06 13:00,0.484
07/28/06 13:05,0.482
07/28/06 13:10,0.480
07/28/06 13:15,0.479
07/28/06 13:20,0.476
07/28/06 13:25,0.474
07/28/06 13:30,0.473
07/28/06 13:35,0.471
07/28/06 13:40,0.465
07/28/06 13:45,0.457
07/28/06 13:50,0.451
07/28/06 13:55,0.445
07/28/06 14:00,0.438
07/28/06 14:05,0.432
07/28/06 14:10,0.424
07/28/06 14:15,0.414
07/28/06 14:20,0.406
07/28/06 14:25,0.399
07/28/06 14:30,0.391
07/28/06 14:35,0.384
07/28/06 14:40,0.379
07/28/06 14:45,0.374
07/28/06 14:50,0.368
07/28/06 14:55,0.361
07/28/06 15:00,0.368
07/28/06 15:05,0.374
07/28/06 15:10,0.376
07/28/06 15:15,0.375
07/28/06 15:20,0.372
07/28/06 15:25,0.366
07/28/06 15:30,0.357
07/28/06 15:35,0.348
07/28/06 15:40,0.339
07/28/06 15:45,0.332
07/28/06 15:50,0.324
07/28/06 15:55,0.314
07/28/06 16:00,0.300
07/28/06 16:05,0.287
07/28/06 16:10,0.276
07/28/06 16:15,0.264
07/28/06 16:20,0.252
07/28/06 16:25,0.240
07/28/06 16:30,0.228
07/28/06 16:35,0.217
07/28/06 16:40,0.205
07/28/06 16:45,0.195
07/28/06 16:50,0.186
07/28/06 16:55,0.177
07/28/06 17:00,0.166
07/28/06 17:05,0.155
07/28/06 17:10,0.143
07/28/06 17:15,0.133
07/28/06 17:20,0.122
07/28/06 17:25,0.111
07/28/06 17:30,0.101
07/28/06 17:35,0.091
07/28/06 17:40,0.081
07/28/06 17:45,0.071
07/28/06 17:50,0.045
07/28/06 17:55,0.027
07/28/06 18:00,0.016
07/28/06 18:05,0.009
07/28/06 18:10,0.005
07/28/06 18:15,0.002
07/28/06 18:20,0.001
07/28/06 18:25,0.001
07/28/06 18:30,0.000
07/28/06 18:35,0.000
07/28/06 18:40,0.000
07/28/06 18:45,0.000
07/28/06 18:50,0.000
07/28/06 18:55,0.000
07/28/06 19:00,0.000
07/28/06 19:05,0.000
07/28/06 19:10,0.000
07/28/06 19:15,0.000
07/28/06 19:20,0.000
07/28/06 19:25,0.000
07/28/06 19:30,0.000
07/28/06 19:35,0.000
07/28/06 19:40,0.000
07/28/06 19:45,0.000
07/28/06 19:50,0.000
07/28/06 19:55,0.000
07/28/06 20:00,0.000
07/28/06 20:05,0.000
07/28/06 20:10,0.000
07/28/06 20:15,0.000
07/28/06 20:20,0.000
07/28/06 20:25,0.000
07/28/06 20:30,0.000
07/28/06 20:35,0.000
07/28/06 20:40,0.000
07/28/06 20:45,0.000
07/28/06 20:50,0.000
07/28/06 20:55,0.000
07/28/06 21:00,0.000
07/28/06 21:05,0.000
07/28/06 21:10,0.000
07/28/06 21:15,0.000
07/28/06 21:20,0.000
07/28/06 21:25,0.000
07/28/06 21:30,0.000
07/28/06 21:35,0.000
07/28/06 21:40,0.000
07/28/06 21:45,0.000
07/28/06 21:50,0.000
07/28/06 21:55,0.000
07/28/06 22:00,0.000
07/28/06 22:05,0.000
07/28/06 22:10,0.000
07/28/06 22:15,0.000
07/28/06 22:20,0.000
07/28/06 22:25,0.000
07/28/06 22:30,0.000
07/28/06 22:35,0.000
07/28/06 22:40,0.000
07/28/06 22:45,0.000
07/28/06 22:50,0.000
07/28/06 22:55,0.000
07/28/06 23:00,0.000
07/28/06 23:05,0.000
07/28/06 23:10,0.000
07/28/06 23:15,0.000
07/28/06 23:20,0.000
07/28/06 23:25,0.000
07/28/06 23:30,0.000
07/28/06 23:35,0.000
07/28/06 23:40,0.000
07/28/06 23:45,0.000
07/28/06 23:50,0.000
07/28/06 23:55,0.000
07/29/06 00:00,0.000
07/29/06 00:05,0.000
07/29/06 00:10,0.000
07/29/06 00:15,0.000
07/29/06 00:20,0.000
07/29/06 00:25,0.000
07/29/06 00:30,0.000
07/29/06 00:35,0.000
07/29/06 00:40,0.000
07/29/06 00:45,0.000
07/29/06 00:50,0.000
07/29/06 00:55,0.000
07/29/06 01:00,0.000
07/29/06 01:05,0.000
07/29/06 01:10,0.000
07/29/06 01:15,0.000
07/29/06 01:20,0.000
07/29/06 01:25,0.000
07/29/06 01:30,0.000
07/29/06 01:35,0.000
07/29/06 01:40,0.000
07/29/06 01:45,0.000
07/29/06 01:50,0.000
07/29/06 01:55,0.000
07/29/06 02:00,0.000
07/29/06 02:05,0.000
07/29/06 02:10,0.000
07/29/06 02:15,0.000
07/29/06 02:20,0.000
07/29/06 02:25,0.000
07/29/06 02:30,0.000
07/29/06 02:35,0.000
07/29/06 02:40,0.000
07/29/06 02:45,0.000
07/29/06 02:50,0.000
07/29/06 02:55,0.000
07/29/06 03:00,0.000
07/29/06 03:05,0.000
07/29/06 03:10,0.000
07/29/06 03:15,0.000
07/29/06 03:20,0.000
07/29/06 03:25,0.000
07/29/06 03:30,0.000
07/29/06 03:35,0.000
07/29/06 03:40,0.000
07/29/06 03:45,0.000
07/29/06 03:50,0.000
07/29/06 03:55,0.000
07/29/06 04:00,0.000
07/29/06 04:05,0.000
07/29/06 04:10,0.000
07/29/06 04:15,0.000
07/29/06 04:20,0.000
07/29/06 04:25,0.000
07/29/06 04:30,0.000
07/29/06 04:35,0.000
07/29/06 04:40,0.000
07/29/06 04:45,0.000
07/29/06 04:50,0.000
07/29/06 04:55,0.000
07/29/06 05:00,0.000
07/29/06 05:05,0.000
07/29/06 05:10,0.000
07/29/06 05:15,0.001
07/29/06 05:20,0.001
07/29/06 05:25,0.001
07/29/06 05:30,0.001
07/29/06 05:35,0.002
07/29/06 05:40,0.003
07/29/06 05:45,0.005
07/29/06 05:50,0.006
07/29/06 05:55,0.010
07/29/06 06:00,0.029
07/29/06 06:05,0.027
07/29/06 06:10,0.034
07/29/06 06:15,0.033
07/29/06 06:20,0.025
07/29/06 06:25,0.048
07/29/06 06:30,0.064
07/29/06 06:35,0.083
07/29/06 06:40,0.110
07/29/06 06:45,0.130
07/29/06 06:50,0.144
07/29/06 06:55,0.151
07/29/06 07:00,0.157
07/29/06 07:05,0.157
07/29/06 07:10,0.179
07/29/06 07:15,0.172
07/29/06 07:20,0.168
07/29/06 07:25,0.179
07/29/06 07:30,0.192
07/29/06 07:35,0.212
07/29/06 07:40,0.236
07/29/06 07:45,0.239
07/29/06 07:50,0.209
07/29/06 07:55,0.181
07/29/06 08:00,0.238
07/29/06 08:05,0.290
07/29/06 08:10,0.330
07/29/06 08:15,0.364
07/29/06 08:20,0.394
07/29/06 08:25,0.416
07/29/06 08:30,0.434
07/29/06 08:35,0.450
07/29/06 08:40,0.466
07/29/06 08:45,0.481
07/29/06 08:50,0.496
07/29/06 08:55,0.509
07/29/06 09:00,0.520
07/29/06 09:05,0.530
07/29/06 09:10,0.539
07/29/06 09:15,0.548
07/29/06 09:20,0.555
07/29/06 09:25,0.562
07/29/06 09:30,0.567
07/29/06 09:35,0.573
07/29/06 09:40,0.579
07/29/06 09:45,0.584
07/29/06 09:50,0.586
07/29/06 09:55,0.585
07/29/06 10:00,0.586
07/29/06 10:05,0.588
07/29/06 10:10,0.590
07/29/06 10:15,0.592
07/29/06 10:20,0.591
07/29/06 10:25,0.594
07/29/06 10:30,0.598
07/29/06 10:35,0.601
07/29/06 10:40,0.605
07/29/06 10:45,0.606
07/29/06 10:50,0.608
07/29/06 10:55,0.611
07/29/06 11:00,0.616
07/29/06 11:05,0.622
07/29/06 11:10,0.627
07/29/06 11:15,0.632
07/29/06 11:20,0.640
07/29/06 11:25,0.644
07/29/06 11:30,0.648
07/29/06 11:35,0.650
07/29/06 11:40,0.652
07/29/06 11:45,0.654
07/29/06 11:50,0.655
07/29/06 11:55,0.657
07/29/06 12:00,0.657
07/29/06 12:05,0.650
07/29/06 12:10,0.646
07/29/06 12:15,0.642
07/29/06 12:20,0.640
07/29/06 12:25,0.638
07/29/06 12:30,0.635
07/29/06 12:35,0.632
07/29/06 12:40,0.629
07/29/06 12:45,0.626
07/29/06 12:50,0.623
07/29/06 12:55,0.619
07/29/06 13:00,0.620
07/29/06 13:05,0.618
07/29/06 13:10,0.617
07/29/06 13:15,0.614
07/29/06 13:20,0.611
07/29/06 13:25,0.607
07/29/06 13:30,0.602
07/29/06 13:35,0.596
07/29/06 13:40,0.590
07/29/06 13:45,0.582
07/29/06 13:50,0.577
07/29/06 13:55,0.572
07/29/06 14:00,0.565
07/29/06 14:05,0.557
07/29/06 14:10,0.549
07/29/06 14:15,0.544
07/29/06 14:20,0.535
07/29/06 14:25,0.526
07/29/06 14:30,0.518
07/29/06 14:35,0.510
07/29/06 14:40,0.501
07/29/06 14:45,0.492
07/29/06 14:50,0.483
07/29/06 14:55,0.473
07/29/06 15:00,0.465
07/29/06 15:05,0.455
07/29/06 15:10,0.445
07/29/06 15:15,0.434
07/29/06 15:20,0.425
07/29/06 15:25,0.415
07/29/06 15:30,0.402
07/29/06 15:35,0.391
07/29/06 15:40,0.379
07/29/06 15:45,0.369
07/29/06 15:50,0.357
07/29/06 15:55,0.346
07/29/06 16:00,0.333
07/29/06 16:05,0.320
07/29/06 16:10,0.307
07/29/06 16:15,0.294
07/29/06 16:20,0.280
07/29/06 16:25,0.266
07/29/06 16:30,0.253
07/29/06 16:35,0.239
07/29/06 16:40,0.226
07/29/06 16:45,0.212
07/29/06 16:50,0.199
07/29/06 16:55,0.185
07/29/06 17:00,0.172
07/29/06 17:05,0.159
07/29/06 17:10,0.146
07/29/06 17:15,0.133
07/29/06 17:20,0.122
07/29/06 17:25,0.110
07/29/06 17:30,0.099
07/29/06 17:35,0.088
07/29/06 17:40,0.078
07/29/06 17:45,0.055
07/29/06 17:50,0.033
07/29/06 17:55,0.019
07/29/06 18:00,0.011
07/29/06 18:05,0.006
07/29/06 18:10,0.003
07/29/06 18:15,0.002
07/29/06 18:20,0.001
07/29/06 18:25,0.000
07/29/06 18:30,0.000
07/29/06 18:35,0.000
07/29/06 18:40,0.000
07/29/06 18:45,0.000
07/29/06 18:50,0.000
07/29/06 18:55,0.000
07/29/06 19:00,0.000
07/29/06 19:05,0.000
07/29/06 19:10,0.000
07/29/06 19:15,0.000
07/29/06 19:20,0.000
07/29/06 19:25,0.000
07/29/06 19:30,0.000
07/29/06 19:35,0.000
07/29/06 19:40,0.000
07/29/06 19:45,0.000
07/29/06 19:50,0.000
07/29/06 19:55,0.000
07/29/06 20:00,0.000
07/29/06 20:05,0.000
07/29/06 20:10,0.000
07/29/06 20:15,0.000
07/29/06 20:20,0.000
07/29/06 20:25,0.000
07/29/06 20:30,0.000
07/29/06 20:35,0.000
07/29/06 20:40,0.000
07/29/06 20:45,0.000
07/29/06 20:50,0.000
07/29/06 20:55,0.000
07/29/06 21:00,0.000
07/29/06 21:05,0.000
07/29/06 21:10,0.000
07/29/06 21:15,0.000
07/29/06 21:20,0.000
07/29/06 21:25,0.000
07/29/06 21:30,0.000
07/29/06 21:35,0.000
07/29/06 21:40,0.000
07/29/06 21:45,0.000
07/29/06 21:50,0.000
07/29/06 21:55,0.000
07/29/06 22:00,0.000
07/29/06 22:05,0.000
07/29/06 22:10,0.000
07/29/06 22:15,0.000
07/29/06 22:20,0.000
07/29/06 22:25,0.000
07/29/06 22:30,0.000
07/29/06 22:35,0.000
07/29/06 22:40,0.000
07/29/06 22:45,0.000
07/29/06 22:50,0.000
07/29/06 22:55,0.000
07/29/06 23:00,0.000
07/29/06 23:05,0.000
07/29/06 23:10,0.000
07/29/06 23:15,0.000
07/29/06 23:20,0.000
07/29/06 23:25,0.000
07/29/06 23:30,0.000
07/29/06 23:35,0.000
07/29/06 23:40,0.000
07/29/06 23:45,0.000
07/29/06 23:50,0.000
07/29/06 23:55,0.000
07/30/06 00:00,0.000
07/30/06 00:05,0.000
07/30/06 00:10,0.000
07/30/06 00:15,0.000
07/30/06 00:20,0.000
07/30/06 00:25,0.000
07/30/06 00:30,0.000
07/30/06 00:35,0.000
07/30/06 00:40,0.000
07/30/06 00:45,0.000
07/30/06 00:50,0.000
07/30/06 00:55,0.000
07/30/06 01:00,0.000
07/30/06 01:05,0.000
07/30/06 01:10,0.000
07/30/06 01:15,0.000
07/30/06 01:20,0.000
07/30/06 01:25,0.000
07/30/06 01:30,0.000
07/30/06 01:35,0.000
07/30/06 01:40,0.000
07/30/06 01:45,0.000
07/30/06 01:50,0.000
07/30/06 01:55,0.000
07/30/06 02:00,0.000
07/30/06 02:05,0.000
07/30/06 02:10,0.000
07/30/06 02:15,0.000
07/30/06 02:20,0.000
07/30/06 02:25,0.000
07/30/06 02:30,0.000
07/30/06 02:35,0.000
07/30/06 02:40,0.000
07/30/06 02:45,0.000
07/30/06 02:50,0.000
07/30/06 02:55,0.000
07/30/06 03:00,0.000
07/30/06 03:05,0.000
07/30/06 03:10,0.000
07/30/06 03:15,0.000
07/30/06 03:20,0.000
07/30/06 03:25,0.000
07/30/06 03:30,0.000
07/30/06 03:35,0.000
07/30/06 03:40,0.000
07/30/06 03:45,0.000
07/30/06 03:50,0.000
07/30/06 03:55,0.000
07/30/06 04:00,0.000
07/30/06 04:05,0.000
07/30/06 04:10,0.000
07/30/06 04:15,0.000
07/30/06 04:20,0.000
07/30/06 04:25,0.000
07/30/06 04:30,0.000
07/30/06 04:35,0.000
07/30/06 04:40,0.000
07/30/06 04:45,0.000
07/30/06 04:50,0.000
07/30/06 04:55,0.000
07/30/06 05:00,0.000
07/30/06 05:05,0.000
07/30/06 05:10,0.000
07/30/06 05:15,0.000
07/30/06 05:20,0.001
07/30/06 05:25,0.001
07/30/06 05:30,0.002
07/30/06 05:35,0.004
07/30/06 05:40,0.008
07/30/06 05:45,0.013
07/30/06 05:50,0.023
07/30/06 05:55,0.038
07/30/06 06:00,0.063
07/30/06 06:05,0.081
07/30/06 06:10,0.091
07/30/06 06:15,0.101
07/30/06 06:20,0.112
07/30/06 06:25,0.122
07/30/06 06:30,0.133
07/30/06 06:35,0.145
07/30/06 06:40,0.157
07/30/06 06:45,0.169
07/30/06 06:50,0.182
07/30/06 06:55,0.196
07/30/06 07:00,0.210
07/30/06 07:05,0.224
07/30/06 07:10,0.237
07/30/06 07:15,0.251
07/30/06 07:20,0.266
07/30/06 07:25,0.279
07/30/06 07:30,0.293
07/30/06 07:35,0.308
07/30/06 07:40,0.322
07/30/06 07:45,0.335
07/30/06 07:50,0.347
07/30/06 07:55,0.360
07/30/06 08:00,0.373
07/30/06 08:05,0.386
07/30/06 08:10,0.398
07/30/06 08:15,0.411
07/30/06 08:20,0.426
07/30/06 08:25,0.437
07/30/06 08:30,0.448
07/30/06 08:35,0.459
07/30/06 08:40,0.469
07/30/06 08:45,0.478
07/30/06 08:50,0.485
07/30/06 08:55,0.493
07/30/06 09:00,0.488
07/30/06 09:05,0.469
07/30/06 09:10,0.467
07/30/06 09:15,0.458
07/30/06 09:20,0.437
07/30/06 09:25,0.424
07/30/06 09:30,0.386
07/30/06 09:35,0.407
07/30/06 09:40,0.439
07/30/06 09:45,0.471
07/30/06 09:50,0.473
07/30/06 09:55,0.453
07/30/06 10:00,0.467
07/30/06 10:05,0.473
07/30/06 10:10,0.469
07/30/06 10:15,0.460
07/30/06 10:20,0.441
07/30/06 10:25,0.420
07/30/06 10:30,0.394
07/30/06 10:35,0.359
07/30/06 10:40,0.329
07/30/06 10:45,0.291
07/30/06 10:50,0.253
07/30/06 10:55,0.222
07/30/06 11:00,0.226
07/30/06 11:05,0.240
07/30/06 11:10,0.259
07/30/06 11:15,0.289
07/30/06 11:20,0.305
07/30/06 11:25,0.320
07/30/06 11:30,0.336
07/30/06 11:35,0.348
07/30/06 11:40,0.359
07/30/06 11:45,0.371
07/30/06 11:50,0.375
07/30/06 11:55,0.365
07/30/06 12:00,0.346
07/30/06 12:05,0.321
07/30/06 12:10,0.301
07/30/06 12:15,0.284
07/30/06 12:20,0.275
07/30/06 12:25,0.265
07/30/06 12:30,0.274
07/30/06 12:35,0.278
07/30/06 12:40,0.287
07/30/06 12:45,0.304
07/30/06 12:50,0.314
07/30/06 12:55,0.326
07/30/06 13:00,0.375
07/30/06 13:05,0.410
07/30/06 13:10,0.408
07/30/06 13:15,0.426
07/30/06 13:20,0.452
07/30/06 13:25,0.486
07/30/06 13:30,0.474
07/30/06 13:35,0.455
07/30/06 13:40,0.443
07/30/06 13:45,0.436
07/30/06 13:50,0.433
07/30/06 13:55,0.428
07/30/06 14:00,0.424
07/30/06 14:05,0.377
07/30/06 14:10,0.345
07/30/06 14:15,0.367
07/30/06 14:20,0.401
07/30/06 14:25,0.417
07/30/06 14:30,0.424
07/30/06 14:35,0.425
07/30/06 14:40,0.424
07/30/06 14:45,0.417
07/30/06 14:50,0.409
07/30/06 14:55,0.391
07/30/06 15:00,0.337
07/30/06 15:05,0.241
07/30/06 15:10,0.203
07/30/06 15:15,0.180
07/30/06 15:20,0.167
07/30/06 15:25,0.186
07/30/06 15:30,0.231
07/30/06 15:35,0.240
07/30/06 15:40,0.219
07/30/06 15:45,0.209
07/30/06 15:50,0.240
07/30/06 15:55,0.234
07/30/06 16:00,0.233
07/30/06 16:05,0.243
07/30/06 16:10,0.222
07/30/06 16:15,0.221
07/30/06 16:20,0.213
07/30/06 16:25,0.211
07/30/06 16:30,0.206
07/30/06 16:35,0.204
07/30/06 16:40,0.186
07/30/06 16:45,0.158
07/30/06 16:50,0.139
07/30/06 16:55,0.130
07/30/06 17:00,0.129
07/30/06 17:05,0.117
07/30/06 17:10,0.107
07/30/06 17:15,0.104
07/30/06 17:20,0.099
07/30/06 17:25,0.094
07/30/06 17:30,0.087
07/30/06 17:35,0.075
07/30/06 17:40,0.036
07/30/06 17:45,0.030
07/30/06 17:50,0.024
07/30/06 17:55,0.017
07/30/06 18:00,0.010
07/30/06 18:05,0.006
07/30/06 18:10,0.003
07/30/06 18:15,0.002
07/30/06 18:20,0.001
07/30/06 18:25,0.001
07/30/06 18:30,0.000
07/30/06 18:35,0.000
07/30/06 18:40,0.000
07/30/06 18:45,0.000
07/30/06 18:50,0.000
07/30/06 18:55,0.000
07/30/06 19:00,0.000
07/30/06 19:05,0.000
07/30/06 19:10,0.000
07/30/06 19:15,0.000
07/30/06 19:20,0.000
07/30/06 19:25,0.000
07/30/06 19:30,0.000
07/30/06 19:35,0.000
07/30/06 19:40,0.000
07/30/06 19:45,0.000
07/30/06 19:50,0.000
07/30/06 19:55,0.000
07/30/06 20:00,0.000
07/30/06 20:05,0.000
07/30/06 20:10,0.000
07/30/06 20:15,0.000
07/30/06 20:20,0.000
07/30/06 20:25,0.000
07/30/06 20:30,0.000
07/30/06 20:35,0.000
07/30/06 20:40,0.000
07/30/06 20:45,0.000
07/30/06 20:50,0.000
07/30/06 20:55,0.000
07/30/06 21:00,0.000
07/30/06 21:05,0.000
07/30/06 21:10,0.000
07/30/06 21:15,0.000
07/30/06 21:20,0.000
07/30/06 21:25,0.000
07/30/06 21:30,0.000
07/30/06 21:35,0.000
07/30/06 21:40,0.000
07/30/06 21:45,0.000
07/30/06 21:50,0.000
07/30/06 21:55,0.000
07/30/06 22:00,0.000
07/30/06 22:05,0.000
07/30/06 22:10,0.000
07/30/06 22:15,0.000
07/30/06 22:20,0.000
07/30/06 22:25,0.000
07/30/06 22:30,0.000
07/30/06 22:35,0.000
07/30/06 22:40,0.000
07/30/06 22:45,0.000
07/30/06 22:50,0.000
07/30/06 22:55,0.000
07/30/06 23:00,0.000
07/30/06 23:05,0.000
07/30/06 23:10,0.000
07/30/06 23:15,0.000
07/30/06 23:20,0.000
07/30/06 23:25,0.000
07/30/06 23:30,0.000
07/30/06 23:35,0.000
07/30/06 23:40,0.000
07/30/06 23:45,0.000
07/30/06 23:50,0.000
07/30/06 23:55,0.000
07/31/06 00:00,0.000
07/31/06 00:05,0.000
07/31/06 00:10,0.000
07/31/06 00:15,0.000
07/31/06 00:20,0.000
07/31/06 00:25,0.000
07/31/06 00:30,0.000
07/31/06 00:35,0.000
07/31/06 00:40,0.000
07/31/06 00:45,0.000
07/31/06 00:50,0.000
07/31/06 00:55,0.000
07/31/06 01:00,0.000
07/31/06 01:05,0.000
07/31/06 01:10,0.000
07/31/06 01:15,0.000
07/31/06 01:20,0.000
07/31/06 01:25,0.000
07/31/06 01:30,0.000
07/31/06 01:35,0.000
07/31/06 01:40,0.000
07/31/06 01:45,0.000
07/31/06 01:50,0.000
07/31/06 01:55,0.000
07/31/06 02:00,0.000
07/31/06 02:05,0.000
07/31/06 02:10,0.000
07/31/06 02:15,0.000
07/31/06 02:20,0.000
07/31/06 02:25,0.000
07/31/06 02:30,0.000
07/31/06 02:35,0.000
07/31/06 02:40,0.000
07/31/06 02:45,0.000
07/31/06 02:50,0.000
07/31/06 02:55,0.000
07/31/06 03:00,0.000
07/31/06 03:05,0.000
07/31/06 03:10,0.000
07/31/06 03:15,0.000
07/31/06 03:20,0.000
07/31/06 03:25,0.000
07/31/06 03:30,0.000
07/31/06 03:35,0.000
07/31/06 03:40,0.000
07/31/06 03:45,0.000
07/31/06 03:50,0.000
07/31/06 03:55,0.000
07/31/06 04:00,0.000
07/31/06 04:05,0.000
07/31/06 04:10,0.000
07/31/06 04:15,0.000
07/31/06 04:20,0.000
07/31/06 04:25,0.000
07/31/06 04:30,0.000
07/31/06 04:35,0.000
07/31/06 04:40,0.000
07/31/06 04:45,0.000
07/31/06 04:50,0.000
07/31/06 04:55,0.000
07/31/06 05:00,0.000
07/31/06 05:05,0.000
07/31/06 05:10,0.000
07/31/06 05:15,0.000
07/31/06 05:20,0.001
07/31/06 05:25,0.001
07/31/06 05:30,0.002
07/31/06 05:35,0.004
07/31/06 05:40,0.009
07/31/06 05:45,0.016
07/31/06 05:50,0.031
07/31/06 05:55,0.053
07/31/06 06:00,0.077
07/31/06 06:05,0.086
07/31/06 06:10,0.096
07/31/06 06:15,0.106
07/31/06 06:20,0.117
07/31/06 06:25,0.128
07/31/06 06:30,0.140
07/31/06 06:35,0.153
07/31/06 06:40,0.165
07/31/06 06:45,0.177
07/31/06 06:50,0.191
07/31/06 06:55,0.204
07/31/06 07:00,0.216
07/31/06 07:05,0.229
07/31/06 07:10,0.242
07/31/06 07:15,0.255
07/31/06 07:20,0.268
07/31/06 07:25,0.281
07/31/06 07:30,0.293
07/31/06 07:35,0.304
07/31/06 07:40,0.316
07/31/06 07:45,0.329
07/31/06 07:50,0.342
07/31/06 07:55,0.355
07/31/06 08:00,0.368
07/31/06 08:05,0.379
07/31/06 08:10,0.391
07/31/06 08:15,0.403
07/31/06 08:20,0.415
07/31/06 08:25,0.423
07/31/06 08:30,0.431
07/31/06 08:35,0.437
07/31/06 08:40,0.442
07/31/06 08:45,0.445
07/31/06 08:50,0.448
07/31/06 08:55,0.452
07/31/06 09:00,0.462
07/31/06 09:05,0.475
07/31/06 09:10,0.488
07/31/06 09:15,0.504
07/31/06 09:20,0.517
07/31/06 09:25,0.529
07/31/06 09:30,0.539
07/31/06 09:35,0.549
07/31/06 09:40,0.559
07/31/06 09:45,0.568
07/31/06 09:50,0.576
07/31/06 09:55,0.584
07/31/06 10:00,0.591
07/31/06 10:05,0.597
07/31/06 10:10,0.601
07/31/06 10:15,0.604
07/31/06 10:20,0.608
07/31/06 10:25,0.613
07/31/06 10:30,0.616
07/31/06 10:35,0.620
07/31/06 10:40,0.624
07/31/06 10:45,0.626
07/31/06 10:50,0.629
07/31/06 10:55,0.630
07/31/06 11:00,0.633
07/31/06 11:05,0.635
07/31/06 11:10,0.638
07/31/06 11:15,0.640
07/31/06 11:20,0.641
07/31/06 11:25,0.642
07/31/06 11:30,0.642
07/31/06 11:35,0.642
07/31/06 11:40,0.641
07/31/06 11:45,0.640
07/31/06 11:50,0.639
07/31/06 11:55,0.638
07/31/06 12:00,0.633
07/31/06 12:05,0.629
07/31/06 12:10,0.625
07/31/06 12:15,0.621
07/31/06 12:20,0.615
07/31/06 12:25,0.612
07/31/06 12:30,0.608
07/31/06 12:35,0.604
07/31/06 12:40,0.601
07/31/06 12:45,0.594
07/31/06 12:50,0.591
07/31/06 12:55,0.591
07/31/06 13:00,0.586
07/31/06 13:05,0.583
07/31/06 13:10,0.578
07/31/06 13:15,0.573
07/31/06 13:20,0.563
07/31/06 13:25,0.556
07/31/06 13:30,0.548
07/31/06 13:35,0.540
07/31/06 13:40,0.532
07/31/06 13:45,0.523
07/31/06 13:50,0.515
07/31/06 13:55,0.509
07/31/06 14:00,0.510
07/31/06 14:05,0.515
07/31/06 14:10,0.516
07/31/06 14:15,0.516
07/31/06 14:20,0.515
07/31/06 14:25,0.512
07/31/06 14:30,0.507
07/31/06 14:35,0.501
07/31/06 14:40,0.495
07/31/06 14:45,0.488
07/31/06 14:50,0.480
07/31/06 14:55,0.474
07/31/06 15:00,0.463
07/31/06 15:05,0.451
07/31/06 15:10,0.440
07/31/06 15:15,0.428
07/31/06 15:20,0.417
07/31/06 15:25,0.406
07/31/06 15:30,0.392
07/31/06 15:35,0.380
07/31/06 15:40,0.369
07/31/06 15:45,0.358
07/31/06 15:50,0.346
07/31/06 15:55,0.333
07/31/06 16:00,0.321
07/31/06 16:05,0.310
07/31/06 16:10,0.299
07/31/06 16:15,0.286
07/31/06 16:20,0.273
07/31/06 16:25,0.260
07/31/06 16:30,0.248
07/31/06 16:35,0.236
07/31/06 16:40,0.223
07/31/06 16:45,0.211
07/31/06 16:50,0.199
07/31/06 16:55,0.186
07/31/06 17:00,0.173
07/31/06 17:05,0.160
07/31/06 17:10,0.147
07/31/06 17:15,0.135
07/31/06 17:20,0.123
07/31/06 17:25,0.111
07/31/06 17:30,0.100
07/31/06 17:35,0.089
07/31/06 17:40,0.078
07/31/06 17:45,0.056
07/31/06 17:50,0.032
07/31/06 17:55,0.018
07/31/06 18:00,0.010
07/31/06 18:05,0.005
07/31/06 18:10,0.002
07/31/06 18:15,0.001
07/31/06 18:20,0.001
07/31/06 18:25,0.000
07/31/06 18:30,0.000
07/31/06 18:35,0.000
07/31/06 18:40,0.000
07/31/06 18:45,0.000
07/31/06 18:50,0.000
07/31/06 18:55,0.000
07/31/06 19:00,0.000
07/31/06 19:05,0.000
07/31/06 19:10,0.000
07/31/06 19:15,0.000
07/31/06 19:20,0.000
07/31/06 19:25,0.000
07/31/06 19:30,0.000
07/31/06 19:35,0.000
07/31/06 19:40,0.000
07/31/06 19:45,0.000
07/31/06 19:50,0.000
07/31/06 19:55,0.000
07/31/06 20:00,0.000
07/31/06 20:05,0.000
07/31/06 20:10,0.000
07/31/06 20:15,0.000
07/31/06 20:20,0.000
07/31/06 20:25,0.000
07/31/06 20:30,0.000
07/31/06 20:35,0.000
07/31/06 20:40,0.000
07/31/06 20:45,0.000
07/31/06 20:50,0.000
07/31/06 20:55,0.000
07/31/06 21:00,0.000
07/31/06 21:05,0.000
07/31/06 21:10,0.000
07/31/06 21:15,0.000
07/31/06 21:20,0.000
07/31/06 21:25,0.000
07/31/06 21:30,0.000
07/31/06 21:35,0.000
07/31/06 21:40,0.000
07/31/06 21:45,0.000
07/31/06 21:50,0.000
07/31/06 21:55,0.000
07/31/06 22:00,0.000
07/31/06 22:05,0.000
07/31/06 22:10,0.000
07/31/06 22:15,0.000
07/31/06 22:20,0.000
07/31/06 22:25,0.000
07/31/06 22:30,0.000
07/31/06 22:35,0.000
07/31/06 22:40,0.000
07/31/06 22:45,0.000
07/31/06 22:50,0.000
07/31/06 22:55,0.000
07/31/06 23:00,0.000
07/31/06 23:05,0.000
07/31/06 23:10,0.000
07/31/06 23:15,0.000
07/31/06 23:20,0.000
07/31/06 23:25,0.000
07/31/06 23:30,0.000
07/31/06 23:35,0.000
07/31/06 23:40,0.000
07/31/06 23:45,0.000
07/31/06 23:50,0.000
07/31/06 23:55,0.000
08/01/06 00:00,0.000
08/01/06 00:05,0.000
08/01/06 00:10,0.000
08/01/06 00:15,0.000
08/01/06 00:20,0.000
08/01/06 00:25,0.000
08/01/06 00:30,0.000
08/01/06 00:35,0.000
08/01/06 00:40,0.000
08/01/06 00:45,0.000
08/01/06 00:50,0.000
08/01/06 00:55,0.000
08/01/06 01:00,0.000
08/01/06 01:05,0.000
08/01/06 01:10,0.000
08/01/06 01:15,0.000
08/01/06 01:20,0.000
08/01/06 01:25,0.000
08/01/06 01:30,0.000
08/01/06 01:35,0.000
08/01/06 01:40,0.000
08/01/06 01:45,0.000
08/01/06 01:50,0.000
08/01/06 01:55,0.000
08/01/06 02:00,0.000
08/01/06 02:05,0.000
08/01/06 02:10,0.000
08/01/06 02:15,0.000
08/01/06 02:20,0.000
08/01/06 02:25,0.000
08/01/06 02:30,0.000
08/01/06 02:35,0.000
08/01/06 02:40,0.000
08/01/06 02:45,0.000
08/01/06 02:50,0.000
08/01/06 02:55,0.000
08/01/06 03:00,0.000
08/01/06 03:05,0.000
08/01/06 03:10,0.000
08/01/06 03:15,0.000
08/01/06 03:20,0.000
08/01/06 03:25,0.000
08/01/06 03:30,0.000
08/01/06 03:35,0.000
08/01/06 03:40,0.000
08/01/06 03:45,0.000
08/01/06 03:50,0.000
08/01/06 03:55,0.000
08/01/06 04:00,0.000
08/01/06 04:05,0.000
08/01/06 04:10,0.000
08/01/06 04:15,0.000
08/01/06 04:20,0.000
08/01/06 04:25,0.000
08/01/06 04:30,0.000
08/01/06 04:35,0.000
08/01/06 04:40,0.000
08/01/06 04:45,0.000
08/01/06 04:50,0.000
08/01/06 04:55,0.000
08/01/06 05:00,0.000
08/01/06 05:05,0.000
08/01/06 05:10,0.000
08/01/06 05:15,0.001
08/01/06 05:20,0.001
08/01/06 05:25,0.003
08/01/06 05:30,0.005
08/01/06 05:35,0.008
08/01/06 05:40,0.015
08/01/06 05:45,0.025
08/01/06 05:50,0.040
08/01/06 05:55,0.063
08/01/06 06:00,0.079
08/01/06 06:05,0.087
08/01/06 06:10,0.096
08/01/06 06:15,0.105
08/01/06 06:20,0.115
08/01/06 06:25,0.125
08/01/06 06:30,0.136
08/01/06 06:35,0.146
08/01/06 06:40,0.157
08/01/06 06:45,0.168
08/01/06 06:50,0.179
08/01/06 06:55,0.190
08/01/06 07:00,0.199
08/01/06 07:05,0.207
08/01/06 07:10,0.219
08/01/06 07:15,0.235
08/01/06 07:20,0.251
08/01/06 07:25,0.277
08/01/06 07:30,0.304
08/01/06 07:35,0.324
08/01/06 07:40,0.338
08/01/06 07:45,0.354
08/01/06 07:50,0.368
08/01/06 07:55,0.381
08/01/06 08:00,0.384
08/01/06 08:05,0.386
08/01/06 08:10,0.390
08/01/06 08:15,0.396
08/01/06 08:20,0.406
08/01/06 08:25,0.413
08/01/06 08:30,0.419
08/01/06 08:35,0.426
08/01/06 08:40,0.433
08/01/06 08:45,0.439
08/01/06 08:50,0.446
08/01/06 08:55,0.453
08/01/06 09:00,0.459
08/01/06 09:05,0.467
08/01/06 09:10,0.478
08/01/06 09:15,0.487
08/01/06 09:20,0.495
08/01/06 09:25,0.504
08/01/06 09:30,0.511
08/01/06 09:35,0.518
08/01/06 09:40,0.525
08/01/06 09:45,0.532
08/01/06 09:50,0.539
08/01/06 09:55,0.544
08/01/06 10:00,0.549
08/01/06 10:05,0.554
08/01/06 10:10,0.559
08/01/06 10:15,0.567
08/01/06 10:20,0.572
08/01/06 10:25,0.578
08/01/06 10:30,0.583
08/01/06 10:35,0.587
08/01/06 10:40,0.591
08/01/06 10:45,0.594
08/01/06 10:50,0.598
08/01/06 10:55,0.599
08/01/06 11:00,0.591
08/01/06 11:05,0.583
08/01/06 11:10,0.575
08/01/06 11:15,0.565
08/01/06 11:20,0.570
08/01/06 11:25,0.568
08/01/06 11:30,0.555
08/01/06 11:35,0.550
08/01/06 11:40,0.544
08/01/06 11:45,0.549
08/01/06 11:50,0.551
08/01/06 11:55,0.551
08/01/06 12:00,0.546
08/01/06 12:05,0.532
08/01/06 12:10,0.506
08/01/06 12:15,0.479
08/01/06 12:20,0.461
08/01/06 12:25,0.452
08/01/06 12:30,0.441
08/01/06 12:35,0.421
08/01/06 12:40,0.404
08/01/06 12:45,0.390
08/01/06 12:50,0.381
08/01/06 12:55,0.371
08/01/06 13:00,0.337
08/01/06 13:05,0.299
08/01/06 13:10,0.273
08/01/06 13:15,0.244
08/01/06 13:20,0.226
08/01/06 13:25,0.210
08/01/06 13:30,0.203
08/01/06 13:35,0.193
08/01/06 13:40,0.197
08/01/06 13:45,0.204
08/01/06 13:50,0.203
08/01/06 13:55,0.201
08/01/06 14:00,0.220
08/01/06 14:05,0.243
08/01/06 14:10,0.305
08/01/06 14:15,0.352
08/01/06 14:20,0.381
08/01/06 14:25,0.404
08/01/06 14:30,0.412
08/01/06 14:35,0.409
08/01/06 14:40,0.365
08/01/06 14:45,0.328
08/01/06 14:50,0.309
08/01/06 14:55,0.289
08/01/06 15:00,0.250
08/01/06 15:05,0.212
08/01/06 15:10,0.177
08/01/06 15:15,0.155
08/01/06 15:20,0.165
08/01/06 15:25,0.180
08/01/06 15:30,0.203
08/01/06 15:35,0.203
08/01/06 15:40,0.227
08/01/06 15:45,0.255
08/01/06 15:50,0.265
08/01/06 15:55,0.263
08/01/06 16:00,0.224
08/01/06 16:05,0.191
08/01/06 16:10,0.166
08/01/06 16:15,0.144
08/01/06 16:20,0.130
08/01/06 16:25,0.120
08/01/06 16:30,0.113
08/01/06 16:35,0.105
08/01/06 16:40,0.098
08/01/06 16:45,0.092
08/01/06 16:50,0.087
08/01/06 16:55,0.084
08/01/06 17:00,0.089
08/01/06 17:05,0.096
08/01/06 17:10,0.100
08/01/06 17:15,0.098
08/01/06 17:20,0.088
08/01/06 17:25,0.077
08/01/06 17:30,0.053
08/01/06 17:35,0.032
08/01/06 17:40,0.023
08/01/06 17:45,0.024
08/01/06 17:50,0.018
08/01/06 17:55,0.015
08/01/06 18:00,0.009
08/01/06 18:05,0.006
08/01/06 18:10,0.003
08/01/06 18:15,0.002
08/01/06 18:20,0.001
08/01/06 18:25,0.001
08/01/06 18:30,0.000
08/01/06 18:35,0.000
08/01/06 18:40,0.000
08/01/06 18:45,0.000
08/01/06 18:50,0.000
08/01/06 18:55,0.000
08/01/06 19:00,0.000
08/01/06 19:05,0.000
08/01/06 19:10,0.000
08/01/06 19:15,0.000
08/01/06 19:20,0.000
08/01/06 19:25,0.000
08/01/06 19:30,0.000
08/01/06 19:35,0.000
08/01/06 19:40,0.000
08/01/06 19:45,0.000
08/01/06 19:50,0.000
08/01/06 19:55,0.000
08/01/06 20:00,0.000
08/01/06 20:05,0.000
08/01/06 20:10,0.000
08/01/06 20:15,0.000
08/01/06 20:20,0.000
08/01/06 20:25,0.000
08/01/06 20:30,0.000
08/01/06 20:35,0.000
08/01/06 20:40,0.000
08/01/06 20:45,0.000
08/01/06 20:50,0.000
08/01/06 20:55,0.000
08/01/06 21:00,0.000
08/01/06 21:05,0.000
08/01/06 21:10,0.000
08/01/06 21:15,0.000
08/01/06 21:20,0.000
08/01/06 21:25,0.000
08/01/06 21:30,0.000
08/01/06 21:35,0.000
08/01/06 21:40,0.000
08/01/06 21:45,0.000
08/01/06 21:50,0.000
08/01/06 21:55,0.000
08/01/06 22:00,0.000
08/01/06 22:05,0.000
08/01/06 22:10,0.000
08/01/06 22:15,0.000
08/01/06 22:20,0.000
08/01/06 22:25,0.000
08/01/06 22:30,0.000
08/01/06 22:35,0.000
08/01/06 22:40,0.000
08/01/06 22:45,0.000
08/01/06 22:50,0.000
08/01/06 22:55,0.000
08/01/06 23:00,0.000
08/01/06 23:05,0.000
08/01/06 23:10,0.000
08/01/06 23:15,0.000
08/01/06 23:20,0.000
08/01/06 23:25,0.000
08/01/06 23:30,0.000
08/01/06 23:35,0.000
08/01/06 23:40,0.000
08/01/06 23:45,0.000
08/01/06 23:50,0.000
08/01/06 23:55,0.000
08/02/06 00:00,0.000
08/02/06 00:05,0.000
08/02/06 00:10,0.000
08/02/06 00:15,0.000
08/02/06 00:20,0.000
08/02/06 00:25,0.000
08/02/06 00:30,0.000
08/02/06 00:35,0.000
08/02/06 00:40,0.000
08/02/06 00:45,0.000
08/02/06 00:50,0.000
08/02/06 00:55,0.000
08/02/06 01:00,0.000
08/02/06 01:05,0.000
08/02/06 01:10,0.000
08/02/06 01:15,0.000
08/02/06 01:20,0.000
08/02/06 01:25,0.000
08/02/06 01:30,0.000
08/02/06 01:35,0.000
08/02/06 01:40,0.000
08/02/06 01:45,0.000
08/02/06 01:50,0.000
08/02/06 01:55,0.000
08/02/06 02:00,0.000
08/02/06 02:05,0.000
08/02/06 02:10,0.000
08/02/06 02:15,0.000
08/02/06 02:20,0.000
08/02/06 02:25,0.000
08/02/06 02:30,0.000
08/02/06 02:35,0.000
08/02/06 02:40,0.000
08/02/06 02:45,0.000
08/02/06 02:50,0.000
08/02/06 02:55,0.000
08/02/06 03:00,0.000
08/02/06 03:05,0.000
08/02/06 03:10,0.000
08/02/06 03:15,0.000
08/02/06 03:20,0.000
08/02/06 03:25,0.000
08/02/06 03:30,0.000
08/02/06 03:35,0.000
08/02/06 03:40,0.000
08/02/06 03:45,0.000
08/02/06 03:50,0.000
08/02/06 03:55,0.000
08/02/06 04:00,0.000
08/02/06 04:05,0.000
08/02/06 04:10,0.000
08/02/06 04:15,0.000
08/02/06 04:20,0.000
08/02/06 04:25,0.000
08/02/06 04:30,0.000
08/02/06 04:35,0.000
08/02/06 04:40,0.000
08/02/06 04:45,0.000
08/02/06 04:50,0.000
08/02/06 04:55,0.000
08/02/06 05:00,0.000
08/02/06 05:05,0.000
08/02/06 05:10,0.000
08/02/06 05:15,0.000
08/02/06 05:20,0.000
08/02/06 05:25,0.001
08/02/06 05:30,0.002
08/02/06 05:35,0.003
08/02/06 05:40,0.006
08/02/06 05:45,0.011
08/02/06 05:50,0.020
08/02/06 05:55,0.034
08/02/06 06:00,0.054
08/02/06 06:05,0.077
08/02/06 06:10,0.086
08/02/06 06:15,0.096
08/02/06 06:20,0.107
08/02/06 06:25,0.119
08/02/06 06:30,0.131
08/02/06 06:35,0.143
08/02/06 06:40,0.156
08/02/06 06:45,0.169
08/02/06 06:50,0.181
08/02/06 06:55,0.193
08/02/06 07:00,0.205
08/02/06 07:05,0.217
08/02/06 07:10,0.229
08/02/06 07:15,0.241
08/02/06 07:20,0.254
08/02/06 07:25,0.266
08/02/06 07:30,0.279
08/02/06 07:35,0.292
08/02/06 07:40,0.306
08/02/06 07:45,0.318
08/02/06 07:50,0.331
08/02/06 07:55,0.343
08/02/06 08:00,0.354
08/02/06 08:05,0.364
08/02/06 08:10,0.374
08/02/06 08:15,0.384
08/02/06 08:20,0.395
08/02/06 08:25,0.402
08/02/06 08:30,0.409
08/02/06 08:35,0.418
08/02/06 08:40,0.431
08/02/06 08:45,0.443
08/02/06 08:50,0.455
08/02/06 08:55,0.463
08/02/06 09:00,0.463
08/02/06 09:05,0.466
08/02/06 09:10,0.471
08/02/06 09:15,0.477
08/02/06 09:20,0.486
08/02/06 09:25,0.495
08/02/06 09:30,0.503
08/02/06 09:35,0.509
08/02/06 09:40,0.512
08/02/06 09:45,0.516
08/02/06 09:50,0.523
08/02/06 09:55,0.529
08/02/06 10:00,0.526
08/02/06 10:05,0.523
08/02/06 10:10,0.523
08/02/06 10:15,0.526
08/02/06 10:20,0.530
08/02/06 10:25,0.533
08/02/06 10:30,0.536
08/02/06 10:35,0.538
08/02/06 10:40,0.542
08/02/06 10:45,0.549
08/02/06 10:50,0.557
08/02/06 10:55,0.566
08/02/06 11:00,0.572
08/02/06 11:05,0.576
08/02/06 11:10,0.579
08/02/06 11:15,0.582
08/02/06 11:20,0.584
08/02/06 11:25,0.585
08/02/06 11:30,0.588
08/02/06 11:35,0.591
08/02/06 11:40,0.593
08/02/06 11:45,0.595
08/02/06 11:50,0.596
08/02/06 11:55,0.597
08/02/06 12:00,0.596
08/02/06 12:05,0.593
08/02/06 12:10,0.591
08/02/06 12:15,0.588
08/02/06 12:20,0.584
08/02/06 12:25,0.580
08/02/06 12:30,0.576
08/02/06 12:35,0.571
08/02/06 12:40,0.564
08/02/06 12:45,0.554
08/02/06 12:50,0.541
08/02/06 12:55,0.530
08/02/06 13:00,0.531
08/02/06 13:05,0.538
08/02/06 13:10,0.542
08/02/06 13:15,0.542
08/02/06 13:20,0.540
08/02/06 13:25,0.540
08/02/06 13:30,0.539
08/02/06 13:35,0.536
08/02/06 13:40,0.531
08/02/06 13:45,0.527
08/02/06 13:50,0.524
08/02/06 13:55,0.521
08/02/06 14:00,0.516
08/02/06 14:05,0.512
08/02/06 14:10,0.506
08/02/06 14:15,0.500
08/02/06 14:20,0.491
08/02/06 14:25,0.480
08/02/06 14:30,0.470
08/02/06 14:35,0.461
08/02/06 14:40,0.452
08/02/06 14:45,0.444
08/02/06 14:50,0.440
08/02/06 14:55,0.434
08/02/06 15:00,0.426
08/02/06 15:05,0.418
08/02/06 15:10,0.410
08/02/06 15:15,0.401
08/02/06 15:20,0.392
08/02/06 15:25,0.383
08/02/06 15:30,0.372
08/02/06 15:35,0.361
08/02/06 15:40,0.348
08/02/06 15:45,0.335
08/02/06 15:50,0.323
08/02/06 15:55,0.311
08/02/06 16:00,0.299
08/02/06 16:05,0.287
08/02/06 16:10,0.275
08/02/06 16:15,0.263
08/02/06 16:20,0.252
08/02/06 16:25,0.239
08/02/06 16:30,0.227
08/02/06 16:35,0.215
08/02/06 16:40,0.202
08/02/06 16:45,0.190
08/02/06 16:50,0.178
08/02/06 16:55,0.167
08/02/06 17:00,0.156
08/02/06 17:05,0.144
08/02/06 17:10,0.133
08/02/06 17:15,0.121
08/02/06 17:20,0.110
08/02/06 17:25,0.100
08/02/06 17:30,0.091
08/02/06 17:35,0.082
08/02/06 17:40,0.074
08/02/06 17:45,0.049
08/02/06 17:50,0.032
08/02/06 17:55,0.022
08/02/06 18:00,0.014
08/02/06 18:05,0.008
08/02/06 18:10,0.005
08/02/06 18:15,0.003
08/02/06 18:20,0.002
08/02/06 18:25,0.001
08/02/06 18:30,0.001
08/02/06 18:35,0.000
08/02/06 18:40,0.000
08/02/06 18:45,0.000
08/02/06 18:50,0.000
08/02/06 18:55,0.000
08/02/06 19:00,0.000
08/02/06 19:05,0.000
08/02/06 19:10,0.000
08/02/06 19:15,0.000
08/02/06 19:20,0.000
08/02/06 19:25,0.000
08/02/06 19:30,0.000
08/02/06 19:35,0.000
08/02/06 19:40,0.000
08/02/06 19:45,0.000
08/02/06 19:50,0.000
08/02/06 19:55,0.000
08/02/06 20:00,0.000
08/02/06 20:05,0.000
08/02/06 20:10,0.000
08/02/06 20:15,0.000
08/02/06 20:20,0.000
08/02/06 20:25,0.000
08/02/06 20:30,0.000
08/02/06 20:35,0.000
08/02/06 20:40,0.000
08/02/06 20:45,0.000
08/02/06 20:50,0.000
08/02/06 20:55,0.000
08/02/06 21:00,0.000
08/02/06 21:05,0.000
08/02/06 21:10,0.000
08/02/06 21:15,0.000
08/02/06 21:20,0.000
08/02/06 21:25,0.000
08/02/06 21:30,0.000
08/02/06 21:35,0.000
08/02/06 21:40,0.000
08/02/06 21:45,0.000
08/02/06 21:50,0.000
08/02/06 21:55,0.000
08/02/06 22:00,0.000
08/02/06 22:05,0.000
08/02/06 22:10,0.000
08/02/06 22:15,0.000
08/02/06 22:20,0.000
08/02/06 22:25,0.000
08/02/06 22:30,0.000
08/02/06 22:35,0.000
08/02/06 22:40,0.000
08/02/06 22:45,0.000
08/02/06 22:50,0.000
08/02/06 22:55,0.000
08/02/06 23:00,0.000
08/02/06 23:05,0.000
08/02/06 23:10,0.000
08/02/06 23:15,0.000
08/02/06 23:20,0.000
08/02/06 23:25,0.000
08/02/06 23:30,0.000
08/02/06 23:35,0.000
08/02/06 23:40,0.000
08/02/06 23:45,0.000
08/02/06 23:50,0.000
08/02/06 23:55,0.000
08/03/06 00:00,0.000
08/03/06 00:05,0.000
08/03/06 00:10,0.000
08/03/06 00:15,0.000
08/03/06 00:20,0.000
08/03/06 00:25,0.000
08/03/06 00:30,0.000
08/03/06 00:35,0.000
08/03/06 00:40,0.000
08/03/06 00:45,0.000
08/03/06 00:50,0.000
08/03/06 00:55,0.000
08/03/06 01:00,0.000
08/03/06 01:05,0.000
08/03/06 01:10,0.000
08/03/06 01:15,0.000
08/03/06 01:20,0.000
08/03/06 01:25,0.000
08/03/06 01:30,0.000
08/03/06 01:35,0.000
08/03/06 01:40,0.000
08/03/06 01:45,0.000
08/03/06 01:50,0.000
08/03/06 01:55,0.000
08/03/06 02:00,0.000
08/03/06 02:05,0.000
08/03/06 02:10,0.000
08/03/06 02:15,0.000
08/03/06 02:20,0.000
08/03/06 02:25,0.000
08/03/06 02:30,0.000
08/03/06 02:35,0.000
08/03/06 02:40,0.000
08/03/06 02:45,0.000
08/03/06 02:50,0.000
08/03/06 02:55,0.000
08/03/06 03:00,0.000
08/03/06 03:05,0.000
08/03/06 03:10,0.000
08/03/06 03:15,0.000
08/03/06 03:20,0.000
08/03/06 03:25,0.000
08/03/06 03:30,0.000
08/03/06 03:35,0.000
08/03/06 03:40,0.000
08/03/06 03:45,0.000
08/03/06 03:50,0.000
08/03/06 03:55,0.000
08/03/06 04:00,0.000
08/03/06 04:05,0.000
08/03/06 04:10,0.000
08/03/06 04:15,0.000
08/03/06 04:20,0.000
08/03/06 04:25,0.000
08/03/06 04:30,0.000
08/03/06 04:35,0.000
08/03/06 04:40,0.000
08/03/06 04:45,0.000
08/03/06 04:50,0.000
08/03/06 04:55,0.000
08/03/06 05:00,0.000
08/03/06 05:05,0.000
08/03/06 05:10,0.000
08/03/06 05:15,0.001
08/03/06 05:20,0.001
08/03/06 05:25,0.002
08/03/06 05:30,0.003
08/03/06 05:35,0.005
08/03/06 05:40,0.009
08/03/06 05:45,0.016
08/03/06 05:50,0.026
08/03/06 05:55,0.043
08/03/06 06:00,0.067
08/03/06 06:05,0.080
08/03/06 06:10,0.088
08/03/06 06:15,0.096
08/03/06 06:20,0.105
08/03/06 06:25,0.114
08/03/06 06:30,0.122
08/03/06 06:35,0.131
08/03/06 06:40,0.140
08/03/06 06:45,0.149
08/03/06 06:50,0.157
08/03/06 06:55,0.166
08/03/06 07:00,0.181
08/03/06 07:05,0.196
08/03/06 07:10,0.210
08/03/06 07:15,0.221
08/03/06 07:20,0.230
08/03/06 07:25,0.251
08/03/06 07:30,0.270
08/03/06 07:35,0.286
08/03/06 07:40,0.307
08/03/06 07:45,0.328
08/03/06 07:50,0.337
08/03/06 07:55,0.343
08/03/06 08:00,0.347
08/03/06 08:05,0.353
08/03/06 08:10,0.359
08/03/06 08:15,0.366
08/03/06 08:20,0.375
08/03/06 08:25,0.382
08/03/06 08:30,0.389
08/03/06 08:35,0.397
08/03/06 08:40,0.403
08/03/06 08:45,0.410
08/03/06 08:50,0.416
08/03/06 08:55,0.423
08/03/06 09:00,0.428
08/03/06 09:05,0.434
08/03/06 09:10,0.440
08/03/06 09:15,0.447
08/03/06 09:20,0.451
08/03/06 09:25,0.454
08/03/06 09:30,0.458
08/03/06 09:35,0.460
08/03/06 09:40,0.462
08/03/06 09:45,0.466
08/03/06 09:50,0.471
08/03/06 09:55,0.476
08/03/06 10:00,0.481
08/03/06 10:05,0.485
08/03/06 10:10,0.490
08/03/06 10:15,0.494
08/03/06 10:20,0.498
08/03/06 10:25,0.503
08/03/06 10:30,0.504
08/03/06 10:35,0.507
08/03/06 10:40,0.510
08/03/06 10:45,0.514
08/03/06 10:50,0.519
08/03/06 10:55,0.524
08/03/06 11:00,0.529
08/03/06 11:05,0.531
08/03/06 11:10,0.532
08/03/06 11:15,0.533
08/03/06 11:20,0.533
08/03/06 11:25,0.533
08/03/06 11:30,0.532
08/03/06 11:35,0.531
08/03/06 11:40,0.528
08/03/06 11:45,0.521
08/03/06 11:50,0.511
08/03/06 11:55,0.503
08/03/06 12:00,0.503
08/03/06 12:05,0.508
08/03/06 12:10,0.512
08/03/06 12:15,0.515
08/03/06 12:20,0.518
08/03/06 12:25,0.519
08/03/06 12:30,0.521
08/03/06 12:35,0.524
08/03/06 12:40,0.525
08/03/06 12:45,0.529
08/03/06 12:50,0.528
08/03/06 12:55,0.527
08/03/06 13:00,0.526
08/03/06 13:05,0.524
08/03/06 13:10,0.520
08/03/06 13:15,0.516
08/03/06 13:20,0.511
08/03/06 13:25,0.506
08/03/06 13:30,0.501
08/03/06 13:35,0.496
08/03/06 13:40,0.490
08/03/06 13:45,0.488
08/03/06 13:50,0.487
08/03/06 13:55,0.484
08/03/06 14:00,0.483
08/03/06 14:05,0.482
08/03/06 14:10,0.483
08/03/06 14:15,0.481
08/03/06 14:20,0.477
08/03/06 14:25,0.472
08/03/06 14:30,0.467
08/03/06 14:35,0.461
08/03/06 14:40,0.455
08/03/06 14:45,0.448
08/03/06 14:50,0.441
08/03/06 14:55,0.434
08/03/06 15:00,0.424
08/03/06 15:05,0.415
08/03/06 15:10,0.407
08/03/06 15:15,0.397
08/03/06 15:20,0.386
08/03/06 15:25,0.376
08/03/06 15:30,0.363
08/03/06 15:35,0.351
08/03/06 15:40,0.337
08/03/06 15:45,0.325
08/03/06 15:50,0.313
08/03/06 15:55,0.300
08/03/06 16:00,0.288
08/03/06 16:05,0.276
08/03/06 16:10,0.265
08/03/06 16:15,0.253
08/03/06 16:20,0.241
08/03/06 16:25,0.230
08/03/06 16:30,0.218
08/03/06 16:35,0.205
08/03/06 16:40,0.193
08/03/06 16:45,0.181
08/03/06 16:50,0.170
08/03/06 16:55,0.159
08/03/06 17:00,0.148
08/03/06 17:05,0.137
08/03/06 17:10,0.125
08/03/06 17:15,0.115
08/03/06 17:20,0.105
08/03/06 17:25,0.095
08/03/06 17:30,0.086
08/03/06 17:35,0.077
08/03/06 17:40,0.061
08/03/06 17:45,0.040
08/03/06 17:50,0.026
08/03/06 17:55,0.017
08/03/06 18:00,0.010
08/03/06 18:05,0.005
08/03/06 18:10,0.003
08/03/06 18:15,0.001
08/03/06 18:20,0.001
08/03/06 18:25,0.000
08/03/06 18:30,0.000
08/03/06 18:35,0.000
08/03/06 18:40,0.000
08/03/06 18:45,0.000
08/03/06 18:50,0.000
08/03/06 18:55,0.000
08/03/06 19:00,0.000
08/03/06 19:05,0.000
08/03/06 19:10,0.000
08/03/06 19:15,0.000
08/03/06 19:20,0.000
08/03/06 19:25,0.000
08/03/06 19:30,0.000
08/03/06 19:35,0.000
08/03/06 19:40,0.000
08/03/06 19:45,0.000
08/03/06 19:50,0.000
08/03/06 19:55,0.000
08/03/06 20:00,0.000
08/03/06 20:05,0.000
08/03/06 20:10,0.000
08/03/06 20:15,0.000
08/03/06 20:20,0.000
08/03/06 20:25,0.000
08/03/06 20:30,0.000
08/03/06 20:35,0.000
08/03/06 20:40,0.000
08/03/06 20:45,0.000
08/03/06 20:50,0.000
08/03/06 20:55,0.000
08/03/06 21:00,0.000
08/03/06 21:05,0.000
08/03/06 21:10,0.000
08/03/06 21:15,0.000
08/03/06 21:20,0.000
08/03/06 21:25,0.000
08/03/06 21:30,0.000
08/03/06 21:35,0.000
08/03/06 21:40,0.000
08/03/06 21:45,0.000
08/03/06 21:50,0.000
08/03/06 21:55,0.000
08/03/06 22:00,0.000
08/03/06 22:05,0.000
08/03/06 22:10,0.000
08/03/06 22:15,0.000
08/03/06 22:20,0.000
08/03/06 22:25,0.000
08/03/06 22:30,0.000
08/03/06 22:35,0.000
08/03/06 22:40,0.000
08/03/06 22:45,0.000
08/03/06 22:50,0.000
08/03/06 22:55,0.000
08/03/06 23:00,0.000
08/03/06 23:05,0.000
08/03/06 23:10,0.000
08/03/06 23:15,0.000
08/03/06 23:20,0.000
08/03/06 23:25,0.000
08/03/06 23:30,0.000
08/03/06 23:35,0.000
08/03/06 23:40,0.000
08/03/06 23:45,0.000
08/03/06 23:50,0.000
08/03/06 23:55,0.000
08/04/06 00:00,0.000
08/04/06 00:05,0.000
08/04/06 00:10,0.000
08/04/06 00:15,0.000
08/04/06 00:20,0.000
08/04/06 00:25,0.000
08/04/06 00:30,0.000
08/04/06 00:35,0.000
08/04/06 00:40,0.000
08/04/06 00:45,0.000
08/04/06 00:50,0.000
08/04/06 00:55,0.000
08/04/06 01:00,0.000
08/04/06 01:05,0.000
08/04/06 01:10,0.000
08/04/06 01:15,0.000
08/04/06 01:20,0.000
08/04/06 01:25,0.000
08/04/06 01:30,0.000
08/04/06 01:35,0.000
08/04/06 01:40,0.000
08/04/06 01:45,0.000
08/04/06 01:50,0.000
08/04/06 01:55,0.000
08/04/06 02:00,0.000
08/04/06 02:05,0.000
08/04/06 02:10,0.000
08/04/06 02:15,0.000
08/04/06 02:20,0.000
08/04/06 02:25,0.000
08/04/06 02:30,0.000
08/04/06 02:35,0.000
08/04/06 02:40,0.000
08/04/06 02:45,0.000
08/04/06 02:50,0.000
08/04/06 02:55,0.000
08/04/06 03:00,0.000
08/04/06 03:05,0.000
08/04/06 03:10,0.000
08/04/06 03:15,0.000
08/04/06 03:20,0.000
08/04/06 03:25,0.000
08/04/06 03:30,0.000
08/04/06 03:35,0.000
08/04/06 03:40,0.000
08/04/06 03:45,0.000
08/04/06 03:50,0.000
08/04/06 03:55,0.000
08/04/06 04:00,0.000
08/04/06 04:05,0.000
08/04/06 04:10,0.000
08/04/06 04:15,0.000
08/04/06 04:20,0.000
08/04/06 04:25,0.000
08/04/06 04:30,0.000
08/04/06 04:35,0.000
08/04/06 04:40,0.000
08/04/06 04:45,0.000
08/04/06 04:50,0.000
08/04/06 04:55,0.000
08/04/06 05:00,0.000
08/04/06 05:05,0.000
08/04/06 05:10,0.000
08/04/06 05:15,0.000
08/04/06 05:20,0.000
08/04/06 05:25,0.001
08/04/06 05:30,0.002
08/04/06 05:35,0.003
08/04/06 05:40,0.006
08/04/06 05:45,0.010
08/04/06 05:50,0.017
08/04/06 05:55,0.030
08/04/06 06:00,0.048
08/04/06 06:05,0.075
08/04/06 06:10,0.084
08/04/06 06:15,0.093
08/04/06 06:20,0.103
08/04/06 06:25,0.113
08/04/06 06:30,0.124
08/04/06 06:35,0.135
08/04/06 06:40,0.147
08/04/06 06:45,0.158
08/04/06 06:50,0.171
08/04/06 06:55,0.183
08/04/06 07:00,0.195
08/04/06 07:05,0.207
08/04/06 07:10,0.219
08/04/06 07:15,0.231
08/04/06 07:20,0.242
08/04/06 07:25,0.254
08/04/06 07:30,0.265
08/04/06 07:35,0.276
08/04/06 07:40,0.287
08/04/06 07:45,0.299
08/04/06 07:50,0.311
08/04/06 07:55,0.322
08/04/06 08:00,0.333
08/04/06 08:05,0.343
08/04/06 08:10,0.353
08/04/06 08:15,0.362
08/04/06 08:20,0.371
08/04/06 08:25,0.378
08/04/06 08:30,0.385
08/04/06 08:35,0.392
08/04/06 08:40,0.397
08/04/06 08:45,0.402
08/04/06 08:50,0.407
08/04/06 08:55,0.414
08/04/06 09:00,0.422
08/04/06 09:05,0.431
08/04/06 09:10,0.439
08/04/06 09:15,0.444
08/04/06 09:20,0.450
08/04/06 09:25,0.456
08/04/06 09:30,0.463
08/04/06 09:35,0.470
08/04/06 09:40,0.476
08/04/06 09:45,0.480
08/04/06 09:50,0.485
08/04/06 09:55,0.490
08/04/06 10:00,0.496
08/04/06 10:05,0.501
08/04/06 10:10,0.505
08/04/06 10:15,0.510
08/04/06 10:20,0.516
08/04/06 10:25,0.523
08/04/06 10:30,0.530
08/04/06 10:35,0.535
08/04/06 10:40,0.540
08/04/06 10:45,0.544
08/04/06 10:50,0.548
08/04/06 10:55,0.552
08/04/06 11:00,0.555
08/04/06 11:05,0.557
08/04/06 11:10,0.558
08/04/06 11:15,0.560
08/04/06 11:20,0.562
08/04/06 11:25,0.563
08/04/06 11:30,0.562
08/04/06 11:35,0.558
08/04/06 11:40,0.555
08/04/06 11:45,0.552
08/04/06 11:50,0.548
08/04/06 11:55,0.543
08/04/06 12:00,0.540
08/04/06 12:05,0.537
08/04/06 12:10,0.535
08/04/06 12:15,0.533
08/04/06 12:20,0.531
08/04/06 12:25,0.530
08/04/06 12:30,0.528
08/04/06 12:35,0.525
08/04/06 12:40,0.520
08/04/06 12:45,0.515
08/04/06 12:50,0.511
08/04/06 12:55,0.506
08/04/06 13:00,0.501
08/04/06 13:05,0.497
08/04/06 13:10,0.492
08/04/06 13:15,0.489
08/04/06 13:20,0.486
08/04/06 13:25,0.483
08/04/06 13:30,0.479
08/04/06 13:35,0.475
08/04/06 13:40,0.470
08/04/06 13:45,0.465
08/04/06 13:50,0.460
08/04/06 13:55,0.454
08/04/06 14:00,0.447
08/04/06 14:05,0.439
08/04/06 14:10,0.434
08/04/06 14:15,0.427
08/04/06 14:20,0.420
08/04/06 14:25,0.412
08/04/06 14:30,0.405
08/04/06 14:35,0.398
08/04/06 14:40,0.391
08/04/06 14:45,0.383
08/04/06 14:50,0.377
08/04/06 14:55,0.370
08/04/06 15:00,0.365
08/04/06 15:05,0.360
08/04/06 15:10,0.354
08/04/06 15:15,0.348
08/04/06 15:20,0.341
08/04/06 15:25,0.331
08/04/06 15:30,0.323
08/04/06 15:35,0.314
08/04/06 15:40,0.305
08/04/06 15:45,0.295
08/04/06 15:50,0.286
08/04/06 15:55,0.277
08/04/06 16:00,0.267
08/04/06 16:05,0.257
08/04/06 16:10,0.246
08/04/06 16:15,0.235
08/04/06 16:20,0.226
08/04/06 16:25,0.216
08/04/06 16:30,0.206
08/04/06 16:35,0.197
08/04/06 16:40,0.187
08/04/06 16:45,0.176
08/04/06 16:50,0.165
08/04/06 16:55,0.153
08/04/06 17:00,0.142
08/04/06 17:05,0.131
08/04/06 17:10,0.121
08/04/06 17:15,0.112
08/04/06 17:20,0.102
08/04/06 17:25,0.092
08/04/06 17:30,0.084
08/04/06 17:35,0.075
08/04/06 17:40,0.055
08/04/06 17:45,0.036
08/04/06 17:50,0.023
08/04/06 17:55,0.015
08/04/06 18:00,0.009
08/04/06 18:05,0.005
08/04/06 18:10,0.003
08/04/06 18:15,0.001
08/04/06 18:20,0.001
08/04/06 18:25,0.000
08/04/06 18:30,0.000
08/04/06 18:35,0.000
08/04/06 18:40,0.000
08/04/06 18:45,0.000
08/04/06 18:50,0.000
08/04/06 18:55,0.000
08/04/06 19:00,0.000
08/04/06 19:05,0.000
08/04/06 19:10,0.000
08/04/06 19:15,0.000
08/04/06 19:20,0.000
08/04/06 19:25,0.000
08/04/06 19:30,0.000
08/04/06 19:35,0.000
08/04/06 19:40,0.000
08/04/06 19:45,0.000
08/04/06 19:50,0.000
08/04/06 19:55,0.000
08/04/06 20:00,0.000
08/04/06 20:05,0.000
08/04/06 20:10,0.000
08/04/06 20:15,0.000
08/04/06 20:20,0.000
08/04/06 20:25,0.000
08/04/06 20:30,0.000
08/04/06 20:35,0.000
08/04/06 20:40,0.000
08/04/06 20:45,0.000
08/04/06 20:50,0.000
08/04/06 20:55,0.000
08/04/06 21:00,0.000
08/04/06 21:05,0.000
08/04/06 21:10,0.000
08/04/06 21:15,0.000
08/04/06 21:20,0.000
08/04/06 21:25,0.000
08/04/06 21:30,0.000
08/04/06 21:35,0.000
08/04/06 21:40,0.000
08/04/06 21:45,0.000
08/04/06 21:50,0.000
08/04/06 21:55,0.000
08/04/06 22:00,0.000
08/04/06 22:05,0.000
08/04/06 22:10,0.000
08/04/06 22:15,0.000
08/04/06 22:20,0.000
08/04/06 22:25,0.000
08/04/06 22:30,0.000
08/04/06 22:35,0.000
08/04/06 22:40,0.000
08/04/06 22:45,0.000
08/04/06 22:50,0.000
08/04/06 22:55,0.000
08/04/06 23:00,0.000
08/04/06 23:05,0.000
08/04/06 23:10,0.000
08/04/06 23:15,0.000
08/04/06 23:20,0.000
08/04/06 23:25,0.000
08/04/06 23:30,0.000
08/04/06 23:35,0.000
08/04/06 23:40,0.000
08/04/06 23:45,0.000
08/04/06 23:50,0.000
08/04/06 23:55,0.000
08/05/06 00:00,0.000
08/05/06 00:05,0.000
08/05/06 00:10,0.000
08/05/06 00:15,0.000
08/05/06 00:20,0.000
08/05/06 00:25,0.000
08/05/06 00:30,0.000
08/05/06 00:35,0.000
08/05/06 00:40,0.000
08/05/06 00:45,0.000
08/05/06 00:50,0.000
08/05/06 00:55,0.000
08/05/06 01:00,0.000
08/05/06 01:05,0.000
08/05/06 01:10,0.000
08/05/06 01:15,0.000
08/05/06 01:20,0.000
08/05/06 01:25,0.000
08/05/06 01:30,0.000
08/05/06 01:35,0.000
08/05/06 01:40,0.000
08/05/06 01:45,0.000
08/05/06 01:50,0.000
08/05/06 01:55,0.000
08/05/06 02:00,0.000
08/05/06 02:05,0.000
08/05/06 02:10,0.000
08/05/06 02:15,0.000
08/05/06 02:20,0.000
08/05/06 02:25,0.000
08/05/06 02:30,0.000
08/05/06 02:35,0.000
08/05/06 02:40,0.000
08/05/06 02:45,0.000
08/05/06 02:50,0.000
08/05/06 02:55,0.000
08/05/06 03:00,0.000
08/05/06 03:05,0.000
08/05/06 03:10,0.000
08/05/06 03:15,0.000
08/05/06 03:20,0.000
08/05/06 03:25,0.000
08/05/06 03:30,0.000
08/05/06 03:35,0.000
08/05/06 03:40,0.000
08/05/06 03:45,0.000
08/05/06 03:50,0.000
08/05/06 03:55,0.000
08/05/06 04:00,0.000
08/05/06 04:05,0.000
08/05/06 04:10,0.000
08/05/06 04:15,0.000
08/05/06 04:20,0.000
08/05/06 04:25,0.000
08/05/06 04:30,0.000
08/05/06 04:35,0.000
08/05/06 04:40,0.000
08/05/06 04:45,0.000
08/05/06 04:50,0.000
08/05/06 04:55,0.000
08/05/06 05:00,0.000
08/05/06 05:05,0.000
08/05/06 05:10,0.000
08/05/06 05:15,0.000
08/05/06 05:20,0.001
08/05/06 05:25,0.001
08/05/06 05:30,0.002
08/05/06 05:35,0.004
08/05/06 05:40,0.006
08/05/06 05:45,0.010
08/05/06 05:50,0.016
08/05/06 05:55,0.026
08/05/06 06:00,0.039
08/05/06 06:05,0.057
08/05/06 06:10,0.075
08/05/06 06:15,0.082
08/05/06 06:20,0.089
08/05/06 06:25,0.095
08/05/06 06:30,0.101
08/05/06 06:35,0.107
08/05/06 06:40,0.113
08/05/06 06:45,0.117
08/05/06 06:50,0.118
08/05/06 06:55,0.120
08/05/06 07:00,0.129
08/05/06 07:05,0.147
08/05/06 07:10,0.171
08/05/06 07:15,0.192
08/05/06 07:20,0.208
08/05/06 07:25,0.221
08/05/06 07:30,0.235
08/05/06 07:35,0.252
08/05/06 07:40,0.268
08/05/06 07:45,0.285
08/05/06 07:50,0.289
08/05/06 07:55,0.296
08/05/06 08:00,0.308
08/05/06 08:05,0.321
08/05/06 08:10,0.335
08/05/06 08:15,0.344
08/05/06 08:20,0.355
08/05/06 08:25,0.362
08/05/06 08:30,0.371
08/05/06 08:35,0.380
08/05/06 08:40,0.386
08/05/06 08:45,0.392
08/05/06 08:50,0.398
08/05/06 08:55,0.401
08/05/06 09:00,0.393
08/05/06 09:05,0.368
08/05/06 09:10,0.394
08/05/06 09:15,0.406
08/05/06 09:20,0.373
08/05/06 09:25,0.378
08/05/06 09:30,0.405
08/05/06 09:35,0.425
08/05/06 09:40,0.446
08/05/06 09:45,0.461
08/05/06 09:50,0.470
08/05/06 09:55,0.479
08/05/06 10:00,0.481
08/05/06 10:05,0.482
08/05/06 10:10,0.487
08/05/06 10:15,0.492
08/05/06 10:20,0.501
08/05/06 10:25,0.508
08/05/06 10:30,0.514
08/05/06 10:35,0.521
08/05/06 10:40,0.530
08/05/06 10:45,0.538
08/05/06 10:50,0.546
08/05/06 10:55,0.554
08/05/06 11:00,0.554
08/05/06 11:05,0.552
08/05/06 11:10,0.549
08/05/06 11:15,0.549
08/05/06 11:20,0.548
08/05/06 11:25,0.546
08/05/06 11:30,0.545
08/05/06 11:35,0.544
08/05/06 11:40,0.543
08/05/06 11:45,0.541
08/05/06 11:50,0.538
08/05/06 11:55,0.534
08/05/06 12:00,0.535
08/05/06 12:05,0.539
08/05/06 12:10,0.543
08/05/06 12:15,0.546
08/05/06 12:20,0.546
08/05/06 12:25,0.544
08/05/06 12:30,0.543
08/05/06 12:35,0.540
08/05/06 12:40,0.537
08/05/06 12:45,0.530
08/05/06 12:50,0.524
08/05/06 12:55,0.519
08/05/06 13:00,0.521
08/05/06 13:05,0.521
08/05/06 13:10,0.521
08/05/06 13:15,0.521
08/05/06 13:20,0.523
08/05/06 13:25,0.525
08/05/06 13:30,0.528
08/05/06 13:35,0.530
08/05/06 13:40,0.531
08/05/06 13:45,0.533
08/05/06 13:50,0.537
08/05/06 13:55,0.537
08/05/06 14:00,0.516
08/05/06 14:05,0.497
08/05/06 14:10,0.483
08/05/06 14:15,0.471
08/05/06 14:20,0.462
08/05/06 14:25,0.457
08/05/06 14:30,0.454
08/05/06 14:35,0.452
08/05/06 14:40,0.450
08/05/06 14:45,0.448
08/05/06 14:50,0.446
08/05/06 14:55,0.441
08/05/06 15:00,0.429
08/05/06 15:05,0.417
08/05/06 15:10,0.406
08/05/06 15:15,0.395
08/05/06 15:20,0.385
08/05/06 15:25,0.372
08/05/06 15:30,0.361
08/05/06 15:35,0.349
08/05/06 15:40,0.337
08/05/06 15:45,0.322
08/05/06 15:50,0.308
08/05/06 15:55,0.295
08/05/06 16:00,0.283
08/05/06 16:05,0.271
08/05/06 16:10,0.260
08/05/06 16:15,0.250
08/05/06 16:20,0.239
08/05/06 16:25,0.228
08/05/06 16:30,0.216
08/05/06 16:35,0.203
08/05/06 16:40,0.190
08/05/06 16:45,0.177
08/05/06 16:50,0.165
08/05/06 16:55,0.154
08/05/06 17:00,0.142
08/05/06 17:05,0.131
08/05/06 17:10,0.120
08/05/06 17:15,0.110
08/05/06 17:20,0.101
08/05/06 17:25,0.092
08/05/06 17:30,0.084
08/05/06 17:35,0.076
08/05/06 17:40,0.057
08/05/06 17:45,0.038
08/05/06 17:50,0.025
08/05/06 17:55,0.017
08/05/06 18:00,0.011
08/05/06 18:05,0.007
08/05/06 18:10,0.005
08/05/06 18:15,0.003
08/05/06 18:20,0.001
08/05/06 18:25,0.001
08/05/06 18:30,0.000
08/05/06 18:35,0.000
08/05/06 18:40,0.000
08/05/06 18:45,0.000
08/05/06 18:50,0.000
08/05/06 18:55,0.000
08/05/06 19:00,0.000
08/05/06 19:05,0.000
08/05/06 19:10,0.000
08/05/06 19:15,0.000
08/05/06 19:20,0.000
08/05/06 19:25,0.000
08/05/06 19:30,0.000
08/05/06 19:35,0.000
08/05/06 19:40,0.000
08/05/06 19:45,0.000
08/05/06 19:50,0.000
08/05/06 19:55,0.000
08/05/06 20:00,0.000
08/05/06 20:05,0.000
08/05/06 20:10,0.000
08/05/06 20:15,0.000
08/05/06 20:20,0.000
08/05/06 20:25,0.000
08/05/06 20:30,0.000
08/05/06 20:35,0.000
08/05/06 20:40,0.000
08/05/06 20:45,0.000
08/05/06 20:50,0.000
08/05/06 20:55,0.000
08/05/06 21:00,0.000
08/05/06 21:05,0.000
08/05/06 21:10,0.000
08/05/06 21:15,0.000
08/05/06 21:20,0.000
08/05/06 21:25,0.000
08/05/06 21:30,0.000
08/05/06 21:35,0.000
08/05/06 21:40,0.000
08/05/06 21:45,0.000
08/05/06 21:50,0.000
08/05/06 21:55,0.000
08/05/06 22:00,0.000
08/05/06 22:05,0.000
08/05/06 22:10,0.000
08/05/06 22:15,0.000
08/05/06 22:20,0.000
08/05/06 22:25,0.000
08/05/06 22:30,0.000
08/05/06 22:35,0.000
08/05/06 22:40,0.000
08/05/06 22:45,0.000
08/05/06 22:50,0.000
08/05/06 22:55,0.000
08/05/06 23:00,0.000
08/05/06 23:05,0.000
08/05/06 23:10,0.000
08/05/06 23:15,0.000
08/05/06 23:20,0.000
08/05/06 23:25,0.000
08/05/06 23:30,0.000
08/05/06 23:35,0.000
08/05/06 23:40,0.000
08/05/06 23:45,0.000
08/05/06 23:50,0.000
08/05/06 23:55,0.000
08/06/06 00:00,0.000
08/06/06 00:05,0.000
08/06/06 00:10,0.000
08/06/06 00:15,0.000
08/06/06 00:20,0.000
08/06/06 00:25,0.000
08/06/06 00:30,0.000
08/06/06 00:35,0.000
08/06/06 00:40,0.000
08/06/06 00:45,0.000
08/06/06 00:50,0.000
08/06/06 00:55,0.000
08/06/06 01:00,0.000
08/06/06 01:05,0.000
08/06/06 01:10,0.000
08/06/06 01:15,0.000
08/06/06 01:20,0.000
08/06/06 01:25,0.000
08/06/06 01:30,0.000
08/06/06 01:35,0.000
08/06/06 01:40,0.000
08/06/06 01:45,0.000
08/06/06 01:50,0.000
08/06/06 01:55,0.000
08/06/06 02:00,0.000
08/06/06 02:05,0.000
08/06/06 02:10,0.000
08/06/06 02:15,0.000
08/06/06 02:20,0.000
08/06/06 02:25,0.000
08/06/06 02:30,0.000
08/06/06 02:35,0.000
08/06/06 02:40,0.000
08/06/06 02:45,0.000
08/06/06 02:50,0.000
08/06/06 02:55,0.000
08/06/06 03:00,0.000
08/06/06 03:05,0.000
08/06/06 03:10,0.000
08/06/06 03:15,0.000
08/06/06 03:20,0.000
08/06/06 03:25,0.000
08/06/06 03:30,0.000
08/06/06 03:35,0.000
08/06/06 03:40,0.000
08/06/06 03:45,0.000
08/06/06 03:50,0.000
08/06/06 03:55,0.000
08/06/06 04:00,0.000
08/06/06 04:05,0.000
08/06/06 04:10,0.000
08/06/06 04:15,0.000
08/06/06 04:20,0.000
08/06/06 04:25,0.000
08/06/06 04:30,0.000
08/06/06 04:35,0.000
08/06/06 04:40,0.000
08/06/06 04:45,0.000
08/06/06 04:50,0.000
08/06/06 04:55,0.000
08/06/06 05:00,0.000
08/06/06 05:05,0.000
08/06/06 05:10,0.000
08/06/06 05:15,0.000
08/06/06 05:20,0.001
08/06/06 05:25,0.001
08/06/06 05:30,0.002
08/06/06 05:35,0.004
08/06/06 05:40,0.007
08/06/06 05:45,0.012
08/06/06 05:50,0.020
08/06/06 05:55,0.032
08/06/06 06:00,0.053
08/06/06 06:05,0.076
08/06/06 06:10,0.085
08/06/06 06:15,0.093
08/06/06 06:20,0.103
08/06/06 06:25,0.113
08/06/06 06:30,0.122
08/06/06 06:35,0.131
08/06/06 06:40,0.141
08/06/06 06:45,0.151
08/06/06 06:50,0.161
08/06/06 06:55,0.171
08/06/06 07:00,0.183
08/06/06 07:05,0.196
08/06/06 07:10,0.209
08/06/06 07:15,0.221
08/06/06 07:20,0.233
08/06/06 07:25,0.244
08/06/06 07:30,0.256
08/06/06 07:35,0.267
08/06/06 07:40,0.280
08/06/06 07:45,0.294
08/06/06 07:50,0.308
08/06/06 07:55,0.322
08/06/06 08:00,0.333
08/06/06 08:05,0.343
08/06/06 08:10,0.351
08/06/06 08:15,0.358
08/06/06 08:20,0.367
08/06/06 08:25,0.374
08/06/06 08:30,0.381
08/06/06 08:35,0.390
08/06/06 08:40,0.398
08/06/06 08:45,0.406
08/06/06 08:50,0.412
08/06/06 08:55,0.419
08/06/06 09:00,0.426
08/06/06 09:05,0.433
08/06/06 09:10,0.436
08/06/06 09:15,0.440
08/06/06 09:20,0.443
08/06/06 09:25,0.447
08/06/06 09:30,0.452
08/06/06 09:35,0.456
08/06/06 09:40,0.460
08/06/06 09:45,0.465
08/06/06 09:50,0.471
08/06/06 09:55,0.477
08/06/06 10:00,0.489
08/06/06 10:05,0.501
08/06/06 10:10,0.511
08/06/06 10:15,0.523
08/06/06 10:20,0.532
08/06/06 10:25,0.540
08/06/06 10:30,0.542
08/06/06 10:35,0.543
08/06/06 10:40,0.547
08/06/06 10:45,0.552
08/06/06 10:50,0.557
08/06/06 10:55,0.561
08/06/06 11:00,0.554
08/06/06 11:05,0.548
08/06/06 11:10,0.544
08/06/06 11:15,0.540
08/06/06 11:20,0.540
08/06/06 11:25,0.541
08/06/06 11:30,0.540
08/06/06 11:35,0.536
08/06/06 11:40,0.536
08/06/06 11:45,0.537
08/06/06 11:50,0.540
08/06/06 11:55,0.545
08/06/06 12:00,0.549
08/06/06 12:05,0.551
08/06/06 12:10,0.553
08/06/06 12:15,0.554
08/06/06 12:20,0.553
08/06/06 12:25,0.551
08/06/06 12:30,0.549
08/06/06 12:35,0.544
08/06/06 12:40,0.539
08/06/06 12:45,0.536
08/06/06 12:50,0.533
08/06/06 12:55,0.530
08/06/06 13:00,0.528
08/06/06 13:05,0.526
08/06/06 13:10,0.523
08/06/06 13:15,0.519
08/06/06 13:20,0.516
08/06/06 13:25,0.511
08/06/06 13:30,0.507
08/06/06 13:35,0.500
08/06/06 13:40,0.491
08/06/06 13:45,0.483
08/06/06 13:50,0.476
08/06/06 13:55,0.469
08/06/06 14:00,0.463
08/06/06 14:05,0.458
08/06/06 14:10,0.452
08/06/06 14:15,0.446
08/06/06 14:20,0.439
08/06/06 14:25,0.430
08/06/06 14:30,0.422
08/06/06 14:35,0.414
08/06/06 14:40,0.407
08/06/06 14:45,0.399
08/06/06 14:50,0.392
08/06/06 14:55,0.386
08/06/06 15:00,0.386
08/06/06 15:05,0.382
08/06/06 15:10,0.375
08/06/06 15:15,0.366
08/06/06 15:20,0.355
08/06/06 15:25,0.340
08/06/06 15:30,0.327
08/06/06 15:35,0.314
08/06/06 15:40,0.301
08/06/06 15:45,0.288
08/06/06 15:50,0.276
08/06/06 15:55,0.264
08/06/06 16:00,0.258
08/06/06 16:05,0.254
08/06/06 16:10,0.246
08/06/06 16:15,0.237
08/06/06 16:20,0.227
08/06/06 16:25,0.216
08/06/06 16:30,0.206
08/06/06 16:35,0.195
08/06/06 16:40,0.185
08/06/06 16:45,0.174
08/06/06 16:50,0.164
08/06/06 16:55,0.154
08/06/06 17:00,0.143
08/06/06 17:05,0.132
08/06/06 17:10,0.120
08/06/06 17:15,0.110
08/06/06 17:20,0.100
08/06/06 17:25,0.091
08/06/06 17:30,0.082
08/06/06 17:35,0.073
08/06/06 17:40,0.049
08/06/06 17:45,0.031
08/06/06 17:50,0.020
08/06/06 17:55,0.012
08/06/06 18:00,0.007
08/06/06 18:05,0.004
08/06/06 18:10,0.002
08/06/06 18:15,0.001
08/06/06 18:20,0.001
08/06/06 18:25,0.001
08/06/06 18:30,0.000
08/06/06 18:35,0.000
08/06/06 18:40,0.000
08/06/06 18:45,0.000
08/06/06 18:50,0.000
08/06/06 18:55,0.000
08/06/06 19:00,0.000
08/06/06 19:05,0.000
08/06/06 19:10,0.000
08/06/06 19:15,0.000
08/06/06 19:20,0.000
08/06/06 19:25,0.000
08/06/06 19:30,0.000
08/06/06 19:35,0.000
08/06/06 19:40,0.000
08/06/06 19:45,0.000
08/06/06 19:50,0.000
08/06/06 19:55,0.000
08/06/06 20:00,0.000
08/06/06 20:05,0.000
08/06/06 20:10,0.000
08/06/06 20:15,0.000
08/06/06 20:20,0.000
08/06/06 20:25,0.000
08/06/06 20:30,0.000
08/06/06 20:35,0.000
08/06/06 20:40,0.000
08/06/06 20:45,0.000
08/06/06 20:50,0.000
08/06/06 20:55,0.000
08/06/06 21:00,0.000
08/06/06 21:05,0.000
08/06/06 21:10,0.000
08/06/06 21:15,0.000
08/06/06 21:20,0.000
08/06/06 21:25,0.000
08/06/06 21:30,0.000
08/06/06 21:35,0.000
08/06/06 21:40,0.000
08/06/06 21:45,0.000
08/06/06 21:50,0.000
08/06/06 21:55,0.000
08/06/06 22:00,0.000
08/06/06 22:05,0.000
08/06/06 22:10,0.000
08/06/06 22:15,0.000
08/06/06 22:20,0.000
08/06/06 22:25,0.000
08/06/06 22:30,0.000
08/06/06 22:35,0.000
08/06/06 22:40,0.000
08/06/06 22:45,0.000
08/06/06 22:50,0.000
08/06/06 22:55,0.000
08/06/06 23:00,0.000
08/06/06 23:05,0.000
08/06/06 23:10,0.000
08/06/06 23:15,0.000
08/06/06 23:20,0.000
08/06/06 23:25,0.000
08/06/06 23:30,0.000
08/06/06 23:35,0.000
08/06/06 23:40,0.000
08/06/06 23:45,0.000
08/06/06 23:50,0.000
08/06/06 23:55,0.000
08/07/06 00:00,0.000
08/07/06 00:05,0.000
08/07/06 00:10,0.000
08/07/06 00:15,0.000
08/07/06 00:20,0.000
08/07/06 00:25,0.000
08/07/06 00:30,0.000
08/07/06 00:35,0.000
08/07/06 00:40,0.000
08/07/06 00:45,0.000
08/07/06 00:50,0.000
08/07/06 00:55,0.000
08/07/06 01:00,0.000
08/07/06 01:05,0.000
08/07/06 01:10,0.000
08/07/06 01:15,0.000
08/07/06 01:20,0.000
08/07/06 01:25,0.000
08/07/06 01:30,0.000
08/07/06 01:35,0.000
08/07/06 01:40,0.000
08/07/06 01:45,0.000
08/07/06 01:50,0.000
08/07/06 01:55,0.000
08/07/06 02:00,0.000
08/07/06 02:05,0.000
08/07/06 02:10,0.000
08/07/06 02:15,0.000
08/07/06 02:20,0.000
08/07/06 02:25,0.000
08/07/06 02:30,0.000
08/07/06 02:35,0.000
08/07/06 02:40,0.000
08/07/06 02:45,0.000
08/07/06 02:50,0.000
08/07/06 02:55,0.000
08/07/06 03:00,0.000
08/07/06 03:05,0.000
08/07/06 03:10,0.000
08/07/06 03:15,0.000
08/07/06 03:20,0.000
08/07/06 03:25,0.000
08/07/06 03:30,0.000
08/07/06 03:35,0.000
08/07/06 03:40,0.000
08/07/06 03:45,0.000
08/07/06 03:50,0.000
08/07/06 03:55,0.000
08/07/06 04:00,0.000
08/07/06 04:05,0.000
08/07/06 04:10,0.000
08/07/06 04:15,0.000
08/07/06 04:20,0.000
08/07/06 04:25,0.000
08/07/06 04:30,0.000
08/07/06 04:35,0.000
08/07/06 04:40,0.000
08/07/06 04:45,0.000
08/07/06 04:50,0.000
08/07/06 04:55,0.000
08/07/06 05:00,0.000
08/07/06 05:05,0.000
08/07/06 05:10,0.000
08/07/06 05:15,0.000
08/07/06 05:20,0.001
08/07/06 05:25,0.001
08/07/06 05:30,0.002
08/07/06 05:35,0.003
08/07/06 05:40,0.006
08/07/06 05:45,0.011
08/07/06 05:50,0.019
08/07/06 05:55,0.031
08/07/06 06:00,0.047
08/07/06 06:05,0.071
08/07/06 06:10,0.080
08/07/06 06:15,0.087
08/07/06 06:20,0.096
08/07/06 06:25,0.105
08/07/06 06:30,0.114
08/07/06 06:35,0.125
08/07/06 06:40,0.135
08/07/06 06:45,0.146
08/07/06 06:50,0.157
08/07/06 06:55,0.168
08/07/06 07:00,0.179
08/07/06 07:05,0.188
08/07/06 07:10,0.197
08/07/06 07:15,0.206
08/07/06 07:20,0.217
08/07/06 07:25,0.228
08/07/06 07:30,0.239
08/07/06 07:35,0.248
08/07/06 07:40,0.258
08/07/06 07:45,0.269
08/07/06 07:50,0.278
08/07/06 07:55,0.288
08/07/06 08:00,0.300
08/07/06 08:05,0.311
08/07/06 08:10,0.321
08/07/06 08:15,0.332
08/07/06 08:20,0.343
08/07/06 08:25,0.351
08/07/06 08:30,0.359
08/07/06 08:35,0.369
08/07/06 08:40,0.378
08/07/06 08:45,0.387
08/07/06 08:50,0.395
08/07/06 08:55,0.404
08/07/06 09:00,0.409
08/07/06 09:05,0.415
08/07/06 09:10,0.421
08/07/06 09:15,0.423
08/07/06 09:20,0.426
08/07/06 09:25,0.429
08/07/06 09:30,0.432
08/07/06 09:35,0.434
08/07/06 09:40,0.435
08/07/06 09:45,0.436
08/07/06 09:50,0.437
08/07/06 09:55,0.436
08/07/06 10:00,0.443
08/07/06 10:05,0.452
08/07/06 10:10,0.461
08/07/06 10:15,0.469
08/07/06 10:20,0.478
08/07/06 10:25,0.486
08/07/06 10:30,0.493
08/07/06 10:35,0.498
08/07/06 10:40,0.503
08/07/06 10:45,0.510
08/07/06 10:50,0.518
08/07/06 10:55,0.525
08/07/06 11:00,0.529
08/07/06 11:05,0.532
08/07/06 11:10,0.533
08/07/06 11:15,0.535
08/07/06 11:20,0.536
08/07/06 11:25,0.537
08/07/06 11:30,0.538
08/07/06 11:35,0.539
08/07/06 11:40,0.540
08/07/06 11:45,0.540
08/07/06 11:50,0.541
08/07/06 11:55,0.545
08/07/06 12:00,0.549
08/07/06 12:05,0.553
08/07/06 12:10,0.555
08/07/06 12:15,0.558
08/07/06 12:20,0.560
08/07/06 12:25,0.561
08/07/06 12:30,0.561
08/07/06 12:35,0.562
08/07/06 12:40,0.567
08/07/06 12:45,0.572
08/07/06 12:50,0.572
08/07/06 12:55,0.571
08/07/06 13:00,0.568
08/07/06 13:05,0.564
08/07/06 13:10,0.560
08/07/06 13:15,0.557
08/07/06 13:20,0.552
08/07/06 13:25,0.547
08/07/06 13:30,0.540
08/07/06 13:35,0.533
08/07/06 13:40,0.526
08/07/06 13:45,0.519
08/07/06 13:50,0.511
08/07/06 13:55,0.503
08/07/06 14:00,0.496
08/07/06 14:05,0.490
08/07/06 14:10,0.481
08/07/06 14:15,0.470
08/07/06 14:20,0.460
08/07/06 14:25,0.451
08/07/06 14:30,0.442
08/07/06 14:35,0.434
08/07/06 14:40,0.426
08/07/06 14:45,0.418
08/07/06 14:50,0.410
08/07/06 14:55,0.402
08/07/06 15:00,0.392
08/07/06 15:05,0.382
08/07/06 15:10,0.372
08/07/06 15:15,0.363
08/07/06 15:20,0.354
08/07/06 15:25,0.341
08/07/06 15:30,0.331
08/07/06 15:35,0.321
08/07/06 15:40,0.311
08/07/06 15:45,0.301
08/07/06 15:50,0.292
08/07/06 15:55,0.283
08/07/06 16:00,0.274
08/07/06 16:05,0.264
08/07/06 16:10,0.254
08/07/06 16:15,0.243
08/07/06 16:20,0.232
08/07/06 16:25,0.221
08/07/06 16:30,0.210
08/07/06 16:35,0.199
08/07/06 16:40,0.189
08/07/06 16:45,0.178
08/07/06 16:50,0.167
08/07/06 16:55,0.157
08/07/06 17:00,0.146
08/07/06 17:05,0.135
08/07/06 17:10,0.124
08/07/06 17:15,0.113
08/07/06 17:20,0.103
08/07/06 17:25,0.091
08/07/06 17:30,0.082
08/07/06 17:35,0.073
08/07/06 17:40,0.053
08/07/06 17:45,0.034
08/07/06 17:50,0.021
08/07/06 17:55,0.013
08/07/06 18:00,0.008
08/07/06 18:05,0.004
08/07/06 18:10,0.002
08/07/06 18:15,0.001
08/07/06 18:20,0.000
08/07/06 18:25,0.000
08/07/06 18:30,0.000
08/07/06 18:35,0.000
08/07/06 18:40,0.000
08/07/06 18:45,0.000
08/07/06 18:50,0.000
08/07/06 18:55,0.000
08/07/06 19:00,0.000
08/07/06 19:05,0.000
08/07/06 19:10,0.000
08/07/06 19:15,0.000
08/07/06 19:20,0.000
08/07/06 19:25,0.000
08/07/06 19:30,0.000
08/07/06 19:35,0.000
08/07/06 19:40,0.000
08/07/06 19:45,0.000
08/07/06 19:50,0.000
08/07/06 19:55,0.000
08/07/06 20:00,0.000
08/07/06 20:05,0.000
08/07/06 20:10,0.000
08/07/06 20:15,0.000
08/07/06 20:20,0.000
08/07/06 20:25,0.000
08/07/06 20:30,0.000
08/07/06 20:35,0.000
08/07/06 20:40,0.000
08/07/06 20:45,0.000
08/07/06 20:50,0.000
08/07/06 20:55,0.000
08/07/06 21:00,0.000
08/07/06 21:05,0.000
08/07/06 21:10,0.000
08/07/06 21:15,0.000
08/07/06 21:20,0.000
08/07/06 21:25,0.000
08/07/06 21:30,0.000
08/07/06 21:35,0.000
08/07/06 21:40,0.000
08/07/06 21:45,0.000
08/07/06 21:50,0.000
08/07/06 21:55,0.000
08/07/06 22:00,0.000
08/07/06 22:05,0.000
08/07/06 22:10,0.000
08/07/06 22:15,0.000
08/07/06 22:20,0.000
08/07/06 22:25,0.000
08/07/06 22:30,0.000
08/07/06 22:35,0.000
08/07/06 22:40,0.000
08/07/06 22:45,0.000
08/07/06 22:50,0.000
08/07/06 22:55,0.000
08/07/06 23:00,0.000
08/07/06 23:05,0.000
08/07/06 23:10,0.000
08/07/06 23:15,0.000
08/07/06 23:20,0.000
08/07/06 23:25,0.000
08/07/06 23:30,0.000
08/07/06 23:35,0.000
08/07/06 23:40,0.000
08/07/06 23:45,0.000
08/07/06 23:50,0.000
08/07/06 23:55,0.000
08/08/06 00:00,0.000
08/08/06 00:05,0.000
08/08/06 00:10,0.000
08/08/06 00:15,0.000
08/08/06 00:20,0.000
08/08/06 00:25,0.000
08/08/06 00:30,0.000
08/08/06 00:35,0.000
08/08/06 00:40,0.000
08/08/06 00:45,0.000
08/08/06 00:50,0.000
08/08/06 00:55,0.000
08/08/06 01:00,0.000
08/08/06 01:05,0.000
08/08/06 01:10,0.000
08/08/06 01:15,0.000
08/08/06 01:20,0.000
08/08/06 01:25,0.000
08/08/06 01:30,0.000
08/08/06 01:35,0.000
08/08/06 01:40,0.000
08/08/06 01:45,0.000
08/08/06 01:50,0.000
08/08/06 01:55,0.000
08/08/06 02:00,0.000
08/08/06 02:05,0.000
08/08/06 02:10,0.000
08/08/06 02:15,0.000
08/08/06 02:20,0.000
08/08/06 02:25,0.000
08/08/06 02:30,0.000
08/08/06 02:35,0.000
08/08/06 02:40,0.000
08/08/06 02:45,0.000
08/08/06 02:50,0.000
08/08/06 02:55,0.000
08/08/06 03:00,0.000
08/08/06 03:05,0.000
08/08/06 03:10,0.000
08/08/06 03:15,0.000
08/08/06 03:20,0.000
08/08/06 03:25,0.000
08/08/06 03:30,0.000
08/08/06 03:35,0.000
08/08/06 03:40,0.000
08/08/06 03:45,0.000
08/08/06 03:50,0.000
08/08/06 03:55,0.000
08/08/06 04:00,0.000
08/08/06 04:05,0.000
08/08/06 04:10,0.000
08/08/06 04:15,0.000
08/08/06 04:20,0.000
08/08/06 04:25,0.000
08/08/06 04:30,0.000
08/08/06 04:35,0.000
08/08/06 04:40,0.000
08/08/06 04:45,0.000
08/08/06 04:50,0.000
08/08/06 04:55,0.000
08/08/06 05:00,0.000
08/08/06 05:05,0.000
08/08/06 05:10,0.000
08/08/06 05:15,0.000
08/08/06 05:20,0.001
08/08/06 05:25,0.001
08/08/06 05:30,0.003
08/08/06 05:35,0.005
08/08/06 05:40,0.009
08/08/06 05:45,0.016
08/08/06 05:50,0.026
08/08/06 05:55,0.042
08/08/06 06:00,0.061
08/08/06 06:05,0.077
08/08/06 06:10,0.084
08/08/06 06:15,0.079
08/08/06 06:20,0.063
08/08/06 06:25,0.042
08/08/06 06:30,0.024
08/08/06 06:35,0.013
08/08/06 06:40,0.012
08/08/06 06:45,0.051
08/08/06 06:50,0.038
08/08/06 06:55,0.047
08/08/06 07:00,0.099
08/08/06 07:05,0.114
08/08/06 07:10,0.129
08/08/06 07:15,0.153
08/08/06 07:20,0.176
08/08/06 07:25,0.184
08/08/06 07:30,0.181
08/08/06 07:35,0.190
08/08/06 07:40,0.218
08/08/06 07:45,0.237
08/08/06 07:50,0.249
08/08/06 07:55,0.256
08/08/06 08:00,0.245
08/08/06 08:05,0.228
08/08/06 08:10,0.225
08/08/06 08:15,0.241
08/08/06 08:20,0.279
08/08/06 08:25,0.307
08/08/06 08:30,0.326
08/08/06 08:35,0.344
08/08/06 08:40,0.356
08/08/06 08:45,0.372
08/08/06 08:50,0.379
08/08/06 08:55,0.395
08/08/06 09:00,0.400
08/08/06 09:05,0.389
08/08/06 09:10,0.369
08/08/06 09:15,0.358
08/08/06 09:20,0.364
08/08/06 09:25,0.358
08/08/06 09:30,0.337
08/08/06 09:35,0.366
08/08/06 09:40,0.375
08/08/06 09:45,0.379
08/08/06 09:50,0.368
08/08/06 09:55,0.338
08/08/06 10:00,0.295
08/08/06 10:05,0.342
08/08/06 10:10,0.382
08/08/06 10:15,0.366
08/08/06 10:20,0.357
08/08/06 10:25,0.419
08/08/06 10:30,0.455
08/08/06 10:35,0.406
08/08/06 10:40,0.443
08/08/06 10:45,0.467
08/08/06 10:50,0.478
08/08/06 10:55,0.476
08/08/06 11:00,0.489
08/08/06 11:05,0.504
08/08/06 11:10,0.514
08/08/06 11:15,0.520
08/08/06 11:20,0.523
08/08/06 11:25,0.525
08/08/06 11:30,0.529
08/08/06 11:35,0.531
08/08/06 11:40,0.531
08/08/06 11:45,0.534
08/08/06 11:50,0.538
08/08/06 11:55,0.539
08/08/06 12:00,0.544
08/08/06 12:05,0.543
08/08/06 12:10,0.542
08/08/06 12:15,0.537
08/08/06 12:20,0.532
08/08/06 12:25,0.534
08/08/06 12:30,0.539
08/08/06 12:35,0.548
08/08/06 12:40,0.545
08/08/06 12:45,0.542
08/08/06 12:50,0.541
08/08/06 12:55,0.540
08/08/06 13:00,0.538
08/08/06 13:05,0.534
08/08/06 13:10,0.529
08/08/06 13:15,0.525
08/08/06 13:20,0.520
08/08/06 13:25,0.513
08/08/06 13:30,0.507
08/08/06 13:35,0.501
08/08/06 13:40,0.494
08/08/06 13:45,0.484
08/08/06 13:50,0.473
08/08/06 13:55,0.464
08/08/06 14:00,0.456
08/08/06 14:05,0.449
08/08/06 14:10,0.442
08/08/06 14:15,0.434
08/08/06 14:20,0.428
08/08/06 14:25,0.421
08/08/06 14:30,0.414
08/08/06 14:35,0.406
08/08/06 14:40,0.397
08/08/06 14:45,0.388
08/08/06 14:50,0.378
08/08/06 14:55,0.369
08/08/06 15:00,0.361
08/08/06 15:05,0.355
08/08/06 15:10,0.347
08/08/06 15:15,0.338
08/08/06 15:20,0.329
08/08/06 15:25,0.318
08/08/06 15:30,0.308
08/08/06 15:35,0.299
08/08/06 15:40,0.288
08/08/06 15:45,0.276
08/08/06 15:50,0.266
08/08/06 15:55,0.256
08/08/06 16:00,0.258
08/08/06 16:05,0.258
08/08/06 16:10,0.254
08/08/06 16:15,0.246
08/08/06 16:20,0.236
08/08/06 16:25,0.225
08/08/06 16:30,0.213
08/08/06 16:35,0.202
08/08/06 16:40,0.190
08/08/06 16:45,0.180
08/08/06 16:50,0.170
08/08/06 16:55,0.160
08/08/06 17:00,0.143
08/08/06 17:05,0.120
08/08/06 17:10,0.095
08/08/06 17:15,0.084
08/08/06 17:20,0.078
08/08/06 17:25,0.073
08/08/06 17:30,0.060
08/08/06 17:35,0.031
08/08/06 17:40,0.009
08/08/06 17:45,0.004
08/08/06 17:50,0.002
08/08/06 17:55,0.001
08/08/06 18:00,0.000
08/08/06 18:05,0.000
08/08/06 18:10,0.000
08/08/06 18:15,0.000
08/08/06 18:20,0.000
08/08/06 18:25,0.000
08/08/06 18:30,0.000
08/08/06 18:35,0.000
08/08/06 18:40,0.000
08/08/06 18:45,0.000
08/08/06 18:50,0.000
08/08/06 18:55,0.000
08/08/06 19:00,0.000
08/08/06 19:05,0.000
08/08/06 19:10,0.000
08/08/06 19:15,0.000
08/08/06 19:20,0.000
08/08/06 19:25,0.000
08/08/06 19:30,0.000
08/08/06 19:35,0.000
08/08/06 19:40,0.000
08/08/06 19:45,0.000
08/08/06 19:50,0.000
08/08/06 19:55,0.000
08/08/06 20:00,0.000
08/08/06 20:05,0.000
08/08/06 20:10,0.000
08/08/06 20:15,0.000
08/08/06 20:20,0.000
08/08/06 20:25,0.000
08/08/06 20:30,0.000
08/08/06 20:35,0.000
08/08/06 20:40,0.000
08/08/06 20:45,0.000
08/08/06 20:50,0.000
08/08/06 20:55,0.000
08/08/06 21:00,0.000
08/08/06 21:05,0.000
08/08/06 21:10,0.000
08/08/06 21:15,0.000
08/08/06 21:20,0.000
08/08/06 21:25,0.000
08/08/06 21:30,0.000
08/08/06 21:35,0.000
08/08/06 21:40,0.000
08/08/06 21:45,0.000
08/08/06 21:50,0.000
08/08/06 21:55,0.000
08/08/06 22:00,0.000
08/08/06 22:05,0.000
08/08/06 22:10,0.000
08/08/06 22:15,0.000
08/08/06 22:20,0.000
08/08/06 22:25,0.000
08/08/06 22:30,0.000
08/08/06 22:35,0.000
08/08/06 22:40,0.000
08/08/06 22:45,0.000
08/08/06 22:50,0.000
08/08/06 22:55,0.000
08/08/06 23:00,0.000
08/08/06 23:05,0.000
08/08/06 23:10,0.000
08/08/06 23:15,0.000
08/08/06 23:20,0.000
08/08/06 23:25,0.000
08/08/06 23:30,0.000
08/08/06 23:35,0.000
08/08/06 23:40,0.000
08/08/06 23:45,0.000
08/08/06 23:50,0.000
08/08/06 23:55,0.000
08/09/06 00:00,0.000
08/09/06 00:05,0.000
08/09/06 00:10,0.000
08/09/06 00:15,0.000
08/09/06 00:20,0.000
08/09/06 00:25,0.000
08/09/06 00:30,0.000
08/09/06 00:35,0.000
08/09/06 00:40,0.000
08/09/06 00:45,0.000
08/09/06 00:50,0.000
08/09/06 00:55,0.000
08/09/06 01:00,0.000
08/09/06 01:05,0.000
08/09/06 01:10,0.000
08/09/06 01:15,0.000
08/09/06 01:20,0.000
08/09/06 01:25,0.000
08/09/06 01:30,0.000
08/09/06 01:35,0.000
08/09/06 01:40,0.000
08/09/06 01:45,0.000
08/09/06 01:50,0.000
08/09/06 01:55,0.000
08/09/06 02:00,0.000
08/09/06 02:05,0.000
08/09/06 02:10,0.000
08/09/06 02:15,0.000
08/09/06 02:20,0.000
08/09/06 02:25,0.000
08/09/06 02:30,0.000
08/09/06 02:35,0.000
08/09/06 02:40,0.000
08/09/06 02:45,0.000
08/09/06 02:50,0.000
08/09/06 02:55,0.000
08/09/06 03:00,0.000
08/09/06 03:05,0.000
08/09/06 03:10,0.000
08/09/06 03:15,0.000
08/09/06 03:20,0.000
08/09/06 03:25,0.000
08/09/06 03:30,0.000
08/09/06 03:35,0.000
08/09/06 03:40,0.000
08/09/06 03:45,0.000
08/09/06 03:50,0.000
08/09/06 03:55,0.000
08/09/06 04:00,0.000
08/09/06 04:05,0.000
08/09/06 04:10,0.000
08/09/06 04:15,0.000
08/09/06 04:20,0.000
08/09/06 04:25,0.000
08/09/06 04:30,0.000
08/09/06 04:35,0.000
08/09/06 04:40,0.000
08/09/06 04:45,0.000
08/09/06 04:50,0.000
08/09/06 04:55,0.000
08/09/06 05:00,0.000
08/09/06 05:05,0.000
08/09/06 05:10,0.000
08/09/06 05:15,0.000
08/09/06 05:20,0.000
08/09/06 05:25,0.000
08/09/06 05:30,0.001
08/09/06 05:35,0.002
08/09/06 05:40,0.003
08/09/06 05:45,0.007
08/09/06 05:50,0.013
08/09/06 05:55,0.024
08/09/06 06:00,0.043
08/09/06 06:05,0.071
08/09/06 06:10,0.082
08/09/06 06:15,0.093
08/09/06 06:20,0.103
08/09/06 06:25,0.114
08/09/06 06:30,0.126
08/09/06 06:35,0.138
08/09/06 06:40,0.151
08/09/06 06:45,0.164
08/09/06 06:50,0.176
08/09/06 06:55,0.189
08/09/06 07:00,0.202
08/09/06 07:05,0.214
08/09/06 07:10,0.227
08/09/06 07:15,0.240
08/09/06 07:20,0.253
08/09/06 07:25,0.266
08/09/06 07:30,0.278
08/09/06 07:35,0.290
08/09/06 07:40,0.303
08/09/06 07:45,0.315
08/09/06 07:50,0.327
08/09/06 07:55,0.339
08/09/06 08:00,0.350
08/09/06 08:05,0.360
08/09/06 08:10,0.370
08/09/06 08:15,0.379
08/09/06 08:20,0.387
08/09/06 08:25,0.397
08/09/06 08:30,0.404
08/09/06 08:35,0.412
08/09/06 08:40,0.419
08/09/06 08:45,0.427
08/09/06 08:50,0.432
08/09/06 08:55,0.439
08/09/06 09:00,0.447
08/09/06 09:05,0.455
08/09/06 09:10,0.463
08/09/06 09:15,0.470
08/09/06 09:20,0.476
08/09/06 09:25,0.481
08/09/06 09:30,0.487
08/09/06 09:35,0.492
08/09/06 09:40,0.497
08/09/06 09:45,0.503
08/09/06 09:50,0.511
08/09/06 09:55,0.518
08/09/06 10:00,0.524
08/09/06 10:05,0.530
08/09/06 10:10,0.536
08/09/06 10:15,0.541
08/09/06 10:20,0.546
08/09/06 10:25,0.548
08/09/06 10:30,0.551
08/09/06 10:35,0.552
08/09/06 10:40,0.552
08/09/06 10:45,0.551
08/09/06 10:50,0.551
08/09/06 10:55,0.552
08/09/06 11:00,0.554
08/09/06 11:05,0.557
08/09/06 11:10,0.562
08/09/06 11:15,0.567
08/09/06 11:20,0.570
08/09/06 11:25,0.573
08/09/06 11:30,0.575
08/09/06 11:35,0.576
08/09/06 11:40,0.573
08/09/06 11:45,0.570
08/09/06 11:50,0.569
08/09/06 11:55,0.568
08/09/06 12:00,0.565
08/09/06 12:05,0.563
08/09/06 12:10,0.559
08/09/06 12:15,0.555
08/09/06 12:20,0.553
08/09/06 12:25,0.549
08/09/06 12:30,0.548
08/09/06 12:35,0.546
08/09/06 12:40,0.543
08/09/06 12:45,0.535
08/09/06 12:50,0.524
08/09/06 12:55,0.516
08/09/06 13:00,0.527
08/09/06 13:05,0.541
08/09/06 13:10,0.553
08/09/06 13:15,0.556
08/09/06 13:20,0.557
08/09/06 13:25,0.558
08/09/06 13:30,0.555
08/09/06 13:35,0.550
08/09/06 13:40,0.544
08/09/06 13:45,0.536
08/09/06 13:50,0.529
08/09/06 13:55,0.519
08/09/06 14:00,0.503
08/09/06 14:05,0.480
08/09/06 14:10,0.441
08/09/06 14:15,0.398
08/09/06 14:20,0.399
08/09/06 14:25,0.397
08/09/06 14:30,0.388
08/09/06 14:35,0.348
08/09/06 14:40,0.345
08/09/06 14:45,0.343
08/09/06 14:50,0.354
08/09/06 14:55,0.346
08/09/06 15:00,0.344
08/09/06 15:05,0.344
08/09/06 15:10,0.342
08/09/06 15:15,0.291
08/09/06 15:20,0.263
08/09/06 15:25,0.234
08/09/06 15:30,0.245
08/09/06 15:35,0.257
08/09/06 15:40,0.265
08/09/06 15:45,0.271
08/09/06 15:50,0.255
08/09/06 15:55,0.223
08/09/06 16:00,0.237
08/09/06 16:05,0.245
08/09/06 16:10,0.245
08/09/06 16:15,0.242
08/09/06 16:20,0.235
08/09/06 16:25,0.228
08/09/06 16:30,0.220
08/09/06 16:35,0.211
08/09/06 16:40,0.201
08/09/06 16:45,0.190
08/09/06 16:50,0.179
08/09/06 16:55,0.168
08/09/06 17:00,0.154
08/09/06 17:05,0.140
08/09/06 17:10,0.127
08/09/06 17:15,0.114
08/09/06 17:20,0.102
08/09/06 17:25,0.092
08/09/06 17:30,0.082
08/09/06 17:35,0.071
08/09/06 17:40,0.043
08/09/06 17:45,0.025
08/09/06 17:50,0.014
08/09/06 17:55,0.008
08/09/06 18:00,0.004
08/09/06 18:05,0.002
08/09/06 18:10,0.001
08/09/06 18:15,0.000
08/09/06 18:20,0.000
08/09/06 18:25,0.000
08/09/06 18:30,0.000
08/09/06 18:35,0.000
08/09/06 18:40,0.000
08/09/06 18:45,0.000
08/09/06 18:50,0.000
08/09/06 18:55,0.000
08/09/06 19:00,0.000
08/09/06 19:05,0.000
08/09/06 19:10,0.000
08/09/06 19:15,0.000
08/09/06 19:20,0.000
08/09/06 19:25,0.000
08/09/06 19:30,0.000
08/09/06 19:35,0.000
08/09/06 19:40,0.000
08/09/06 19:45,0.000
08/09/06 19:50,0.000
08/09/06 19:55,0.000
08/09/06 20:00,0.000
08/09/06 20:05,0.000
08/09/06 20:10,0.000
08/09/06 20:15,0.000
08/09/06 20:20,0.000
08/09/06 20:25,0.000
08/09/06 20:30,0.000
08/09/06 20:35,0.000
08/09/06 20:40,0.000
08/09/06 20:45,0.000
08/09/06 20:50,0.000
08/09/06 20:55,0.000
08/09/06 21:00,0.000
08/09/06 21:05,0.000
08/09/06 21:10,0.000
08/09/06 21:15,0.000
08/09/06 21:20,0.000
08/09/06 21:25,0.000
08/09/06 21:30,0.000
08/09/06 21:35,0.000
08/09/06 21:40,0.000
08/09/06 21:45,0.000
08/09/06 21:50,0.000
08/09/06 21:55,0.000
08/09/06 22:00,0.000
08/09/06 22:05,0.000
08/09/06 22:10,0.000
08/09/06 22:15,0.000
08/09/06 22:20,0.000
08/09/06 22:25,0.000
08/09/06 22:30,0.000
08/09/06 22:35,0.000
08/09/06 22:40,0.000
08/09/06 22:45,0.000
08/09/06 22:50,0.000
08/09/06 22:55,0.000
08/09/06 23:00,0.000
08/09/06 23:05,0.000
08/09/06 23:10,0.000
08/09/06 23:15,0.000
08/09/06 23:20,0.000
08/09/06 23:25,0.000
08/09/06 23:30,0.000
08/09/06 23:35,0.000
08/09/06 23:40,0.000
08/09/06 23:45,0.000
08/09/06 23:50,0.000
08/09/06 23:55,0.000
08/10/06 00:00,0.000
08/10/06 00:05,0.000
08/10/06 00:10,0.000
08/10/06 00:15,0.000
08/10/06 00:20,0.000
08/10/06 00:25,0.000
08/10/06 00:30,0.000
08/10/06 00:35,0.000
08/10/06 00:40,0.000
08/10/06 00:45,0.000
08/10/06 00:50,0.000
08/10/06 00:55,0.000
08/10/06 01:00,0.000
08/10/06 01:05,0.000
08/10/06 01:10,0.000
08/10/06 01:15,0.000
08/10/06 01:20,0.000
08/10/06 01:25,0.000
08/10/06 01:30,0.000
08/10/06 01:35,0.000
08/10/06 01:40,0.000
08/10/06 01:45,0.000
08/10/06 01:50,0.000
08/10/06 01:55,0.000
08/10/06 02:00,0.000
08/10/06 02:05,0.000
08/10/06 02:10,0.000
08/10/06 02:15,0.000
08/10/06 02:20,0.000
08/10/06 02:25,0.000
08/10/06 02:30,0.000
08/10/06 02:35,0.000
08/10/06 02:40,0.000
08/10/06 02:45,0.000
08/10/06 02:50,0.000
08/10/06 02:55,0.000
08/10/06 03:00,0.000
08/10/06 03:05,0.000
08/10/06 03:10,0.000
08/10/06 03:15,0.000
08/10/06 03:20,0.000
08/10/06 03:25,0.000
08/10/06 03:30,0.000
08/10/06 03:35,0.000
08/10/06 03:40,0.000
08/10/06 03:45,0.000
08/10/06 03:50,0.000
08/10/06 03:55,0.000
08/10/06 04:00,0.000
08/10/06 04:05,0.000
08/10/06 04:10,0.000
08/10/06 04:15,0.000
08/10/06 04:20,0.000
08/10/06 04:25,0.000
08/10/06 04:30,0.000
08/10/06 04:35,0.000
08/10/06 04:40,0.000
08/10/06 04:45,0.000
08/10/06 04:50,0.000
08/10/06 04:55,0.000
08/10/06 05:00,0.000
08/10/06 05:05,0.000
08/10/06 05:10,0.000
08/10/06 05:15,0.000
08/10/06 05:20,0.000
08/10/06 05:25,0.001
08/10/06 05:30,0.002
08/10/06 05:35,0.003
08/10/06 05:40,0.005
08/10/06 05:45,0.009
08/10/06 05:50,0.016
08/10/06 05:55,0.026
08/10/06 06:00,0.045
08/10/06 06:05,0.074
08/10/06 06:10,0.082
08/10/06 06:15,0.091
08/10/06 06:20,0.100
08/10/06 06:25,0.109
08/10/06 06:30,0.116
08/10/06 06:35,0.121
08/10/06 06:40,0.123
08/10/06 06:45,0.126
08/10/06 06:50,0.129
08/10/06 06:55,0.131
08/10/06 07:00,0.132
08/10/06 07:05,0.139
08/10/06 07:10,0.149
08/10/06 07:15,0.160
08/10/06 07:20,0.176
08/10/06 07:25,0.192
08/10/06 07:30,0.209
08/10/06 07:35,0.226
08/10/06 07:40,0.244
08/10/06 07:45,0.260
08/10/06 07:50,0.277
08/10/06 07:55,0.291
08/10/06 08:00,0.300
08/10/06 08:05,0.311
08/10/06 08:10,0.322
08/10/06 08:15,0.335
08/10/06 08:20,0.348
08/10/06 08:25,0.363
08/10/06 08:30,0.373
08/10/06 08:35,0.384
08/10/06 08:40,0.395
08/10/06 08:45,0.407
08/10/06 08:50,0.417
08/10/06 08:55,0.428
08/10/06 09:00,0.437
08/10/06 09:05,0.446
08/10/06 09:10,0.455
08/10/06 09:15,0.463
08/10/06 09:20,0.471
08/10/06 09:25,0.477
08/10/06 09:30,0.483
08/10/06 09:35,0.488
08/10/06 09:40,0.489
08/10/06 09:45,0.487
08/10/06 09:50,0.487
08/10/06 09:55,0.490
08/10/06 10:00,0.493
08/10/06 10:05,0.497
08/10/06 10:10,0.501
08/10/06 10:15,0.503
08/10/06 10:20,0.506
08/10/06 10:25,0.510
08/10/06 10:30,0.513
08/10/06 10:35,0.514
08/10/06 10:40,0.517
08/10/06 10:45,0.519
08/10/06 10:50,0.521
08/10/06 10:55,0.524
08/10/06 11:00,0.500
08/10/06 11:05,0.425
08/10/06 11:10,0.341
08/10/06 11:15,0.272
08/10/06 11:20,0.255
08/10/06 11:25,0.331
08/10/06 11:30,0.419
08/10/06 11:35,0.456
08/10/06 11:40,0.487
08/10/06 11:45,0.509
08/10/06 11:50,0.513
08/10/06 11:55,0.528
08/10/06 12:00,0.473
08/10/06 12:05,0.368
08/10/06 12:10,0.356
08/10/06 12:15,0.372
08/10/06 12:20,0.370
08/10/06 12:25,0.297
08/10/06 12:30,0.290
08/10/06 12:35,0.285
08/10/06 12:40,0.261
08/10/06 12:45,0.333
08/10/06 12:50,0.383
08/10/06 12:55,0.386
08/10/06 13:00,0.386
08/10/06 13:05,0.322
08/10/06 13:10,0.379
08/10/06 13:15,0.397
08/10/06 13:20,0.399
08/10/06 13:25,0.400
08/10/06 13:30,0.386
08/10/06 13:35,0.378
08/10/06 13:40,0.365
08/10/06 13:45,0.347
08/10/06 13:50,0.366
08/10/06 13:55,0.408
08/10/06 14:00,0.402
08/10/06 14:05,0.403
08/10/06 14:10,0.421
08/10/06 14:15,0.446
08/10/06 14:20,0.472
08/10/06 14:25,0.486
08/10/06 14:30,0.493
08/10/06 14:35,0.494
08/10/06 14:40,0.497
08/10/06 14:45,0.484
08/10/06 14:50,0.479
08/10/06 14:55,0.470
08/10/06 15:00,0.432
08/10/06 15:05,0.385
08/10/06 15:10,0.371
08/10/06 15:15,0.343
08/10/06 15:20,0.299
08/10/06 15:25,0.235
08/10/06 15:30,0.217
08/10/06 15:35,0.221
08/10/06 15:40,0.222
08/10/06 15:45,0.200
08/10/06 15:50,0.205
08/10/06 15:55,0.213
08/10/06 16:00,0.212
08/10/06 16:05,0.205
08/10/06 16:10,0.192
08/10/06 16:15,0.178
08/10/06 16:20,0.161
08/10/06 16:25,0.144
08/10/06 16:30,0.127
08/10/06 16:35,0.113
08/10/06 16:40,0.097
08/10/06 16:45,0.080
08/10/06 16:50,0.046
08/10/06 16:55,0.020
08/10/06 17:00,0.010
08/10/06 17:05,0.006
08/10/06 17:10,0.004
08/10/06 17:15,0.003
08/10/06 17:20,0.003
08/10/06 17:25,0.002
08/10/06 17:30,0.002
08/10/06 17:35,0.001
08/10/06 17:40,0.001
08/10/06 17:45,0.001
08/10/06 17:50,0.001
08/10/06 17:55,0.000
08/10/06 18:00,0.000
08/10/06 18:05,0.000
08/10/06 18:10,0.000
08/10/06 18:15,0.000
08/10/06 18:20,0.000
08/10/06 18:25,0.000
08/10/06 18:30,0.000
08/10/06 18:35,0.000
08/10/06 18:40,0.000
08/10/06 18:45,0.000
08/10/06 18:50,0.000
08/10/06 18:55,0.000
08/10/06 19:00,0.000
08/10/06 19:05,0.000
08/10/06 19:10,0.000
08/10/06 19:15,0.000
08/10/06 19:20,0.000
08/10/06 19:25,0.000
08/10/06 19:30,0.000
08/10/06 19:35,0.000
08/10/06 19:40,0.000
08/10/06 19:45,0.000
08/10/06 19:50,0.000
08/10/06 19:55,0.000
08/10/06 20:00,0.000
08/10/06 20:05,0.000
08/10/06 20:10,0.000
08/10/06 20:15,0.000
08/10/06 20:20,0.000
08/10/06 20:25,0.000
08/10/06 20:30,0.000
08/10/06 20:35,0.000
08/10/06 20:40,0.000
08/10/06 20:45,0.000
08/10/06 20:50,0.000
08/10/06 20:55,0.000
08/10/06 21:00,0.000
08/10/06 21:05,0.000
08/10/06 21:10,0.000
08/10/06 21:15,0.000
08/10/06 21:20,0.000
08/10/06 21:25,0.000
08/10/06 21:30,0.000
08/10/06 21:35,0.000
08/10/06 21:40,0.000
08/10/06 21:45,0.000
08/10/06 21:50,0.000
08/10/06 21:55,0.000
08/10/06 22:00,0.000
08/10/06 22:05,0.000
08/10/06 22:10,0.000
08/10/06 22:15,0.000
08/10/06 22:20,0.000
08/10/06 22:25,0.000
08/10/06 22:30,0.000
08/10/06 22:35,0.000
08/10/06 22:40,0.000
08/10/06 22:45,0.000
08/10/06 22:50,0.000
08/10/06 22:55,0.000
08/10/06 23:00,0.000
08/10/06 23:05,0.000
08/10/06 23:10,0.000
08/10/06 23:15,0.000
08/10/06 23:20,0.000
08/10/06 23:25,0.000
08/10/06 23:30,0.000
08/10/06 23:35,0.000
08/10/06 23:40,0.000
08/10/06 23:45,0.000
08/10/06 23:50,0.000
08/10/06 23:55,0.000
08/11/06 00:00,0.000
08/11/06 00:05,0.000
08/11/06 00:10,0.000
08/11/06 00:15,0.000
08/11/06 00:20,0.000
08/11/06 00:25,0.000
08/11/06 00:30,0.000
08/11/06 00:35,0.000
08/11/06 00:40,0.000
08/11/06 00:45,0.000
08/11/06 00:50,0.000
08/11/06 00:55,0.000
08/11/06 01:00,0.000
08/11/06 01:05,0.000
08/11/06 01:10,0.000
08/11/06 01:15,0.000
08/11/06 01:20,0.000
08/11/06 01:25,0.000
08/11/06 01:30,0.000
08/11/06 01:35,0.000
08/11/06 01:40,0.000
08/11/06 01:45,0.000
08/11/06 01:50,0.000
08/11/06 01:55,0.000
08/11/06 02:00,0.000
08/11/06 02:05,0.000
08/11/06 02:10,0.000
08/11/06 02:15,0.000
08/11/06 02:20,0.000
08/11/06 02:25,0.000
08/11/06 02:30,0.000
08/11/06 02:35,0.000
08/11/06 02:40,0.000
08/11/06 02:45,0.000
08/11/06 02:50,0.000
08/11/06 02:55,0.000
08/11/06 03:00,0.000
08/11/06 03:05,0.000
08/11/06 03:10,0.000
08/11/06 03:15,0.000
08/11/06 03:20,0.000
08/11/06 03:25,0.000
08/11/06 03:30,0.000
08/11/06 03:35,0.000
08/11/06 03:40,0.000
08/11/06 03:45,0.000
08/11/06 03:50,0.000
08/11/06 03:55,0.000
08/11/06 04:00,0.000
08/11/06 04:05,0.000
08/11/06 04:10,0.000
08/11/06 04:15,0.000
08/11/06 04:20,0.000
08/11/06 04:25,0.000
08/11/06 04:30,0.000
08/11/06 04:35,0.000
08/11/06 04:40,0.000
08/11/06 04:45,0.000
08/11/06 04:50,0.000
08/11/06 04:55,0.000
08/11/06 05:00,0.000
08/11/06 05:05,0.000
08/11/06 05:10,0.000
08/11/06 05:15,0.000
08/11/06 05:20,0.000
08/11/06 05:25,0.001
08/11/06 05:30,0.001
08/11/06 05:35,0.003
08/11/06 05:40,0.005
08/11/06 05:45,0.009
08/11/06 05:50,0.017
08/11/06 05:55,0.030
08/11/06 06:00,0.041
08/11/06 06:05,0.053
08/11/06 06:10,0.080
08/11/06 06:15,0.095
08/11/06 06:20,0.112
08/11/06 06:25,0.127
08/11/06 06:30,0.125
08/11/06 06:35,0.117
08/11/06 06:40,0.115
08/11/06 06:45,0.140
08/11/06 06:50,0.153
08/11/06 06:55,0.160
08/11/06 07:00,0.150
08/11/06 07:05,0.138
08/11/06 07:10,0.130
08/11/06 07:15,0.126
08/11/06 07:20,0.131
08/11/06 07:25,0.140
08/11/06 07:30,0.153
08/11/06 07:35,0.159
08/11/06 07:40,0.145
08/11/06 07:45,0.128
08/11/06 07:50,0.119
08/11/06 07:55,0.119
08/11/06 08:00,0.133
08/11/06 08:05,0.144
08/11/06 08:10,0.152
08/11/06 08:15,0.162
08/11/06 08:20,0.171
08/11/06 08:25,0.180
08/11/06 08:30,0.186
08/11/06 08:35,0.190
08/11/06 08:40,0.192
08/11/06 08:45,0.195
08/11/06 08:50,0.199
08/11/06 08:55,0.203
08/11/06 09:00,0.218
08/11/06 09:05,0.251
08/11/06 09:10,0.215
08/11/06 09:15,0.186
08/11/06 09:20,0.218
08/11/06 09:25,0.259
08/11/06 09:30,0.260
08/11/06 09:35,0.223
08/11/06 09:40,0.199
08/11/06 09:45,0.233
08/11/06 09:50,0.260
08/11/06 09:55,0.280
08/11/06 10:00,0.263
08/11/06 10:05,0.255
08/11/06 10:10,0.248
08/11/06 10:15,0.263
08/11/06 10:20,0.295
08/11/06 10:25,0.300
08/11/06 10:30,0.308
08/11/06 10:35,0.323
08/11/06 10:40,0.306
08/11/06 10:45,0.266
08/11/06 10:50,0.261
08/11/06 10:55,0.267
08/11/06 11:00,0.263
08/11/06 11:05,0.261
08/11/06 11:10,0.259
08/11/06 11:15,0.255
08/11/06 11:20,0.251
08/11/06 11:25,0.253
08/11/06 11:30,0.258
08/11/06 11:35,0.264
08/11/06 11:40,0.271
08/11/06 11:45,0.278
08/11/06 11:50,0.283
08/11/06 11:55,0.295
08/11/06 12:00,0.312
08/11/06 12:05,0.331
08/11/06 12:10,0.358
08/11/06 12:15,0.379
08/11/06 12:20,0.399
08/11/06 12:25,0.420
08/11/06 12:30,0.429
08/11/06 12:35,0.443
08/11/06 12:40,0.461
08/11/06 12:45,0.477
08/11/06 12:50,0.490
08/11/06 12:55,0.500
08/11/06 13:00,0.456
08/11/06 13:05,0.399
08/11/06 13:10,0.380
08/11/06 13:15,0.429
08/11/06 13:20,0.446
08/11/06 13:25,0.449
08/11/06 13:30,0.402
08/11/06 13:35,0.364
08/11/06 13:40,0.374
08/11/06 13:45,0.356
08/11/06 13:50,0.338
08/11/06 13:55,0.286
08/11/06 14:00,0.234
08/11/06 14:05,0.243
08/11/06 14:10,0.266
08/11/06 14:15,0.293
08/11/06 14:20,0.281
08/11/06 14:25,0.291
08/11/06 14:30,0.324
08/11/06 14:35,0.315
08/11/06 14:40,0.270
08/11/06 14:45,0.241
08/11/06 14:50,0.259
08/11/06 14:55,0.297
08/11/06 15:00,0.273
08/11/06 15:05,0.236
08/11/06 15:10,0.259
08/11/06 15:15,0.282
08/11/06 15:20,0.296
08/11/06 15:25,0.280
08/11/06 15:30,0.229
08/11/06 15:35,0.169
08/11/06 15:40,0.122
08/11/06 15:45,0.096
08/11/06 15:50,0.087
08/11/06 15:55,0.104
08/11/06 16:00,0.113
08/11/06 16:05,0.118
08/11/06 16:10,0.122
08/11/06 16:15,0.138
08/11/06 16:20,0.141
08/11/06 16:25,0.101
08/11/06 16:30,0.083
08/11/06 16:35,0.083
08/11/06 16:40,0.080
08/11/06 16:45,0.090
08/11/06 16:50,0.055
08/11/06 16:55,0.021
08/11/06 17:00,0.016
08/11/06 17:05,0.021
08/11/06 17:10,0.017
08/11/06 17:15,0.011
08/11/06 17:20,0.007
08/11/06 17:25,0.002
08/11/06 17:30,0.001
08/11/06 17:35,0.001
08/11/06 17:40,0.001
08/11/06 17:45,0.000
08/11/06 17:50,0.000
08/11/06 17:55,0.000
08/11/06 18:00,0.000
08/11/06 18:05,0.000
08/11/06 18:10,0.000
08/11/06 18:15,0.000
08/11/06 18:20,0.000
08/11/06 18:25,0.000
08/11/06 18:30,0.000
08/11/06 18:35,0.000
08/11/06 18:40,0.000
08/11/06 18:45,0.000
08/11/06 18:50,0.000
08/11/06 18:55,0.000
08/11/06 19:00,0.000
08/11/06 19:05,0.000
08/11/06 19:10,0.000
08/11/06 19:15,0.000
08/11/06 19:20,0.000
08/11/06 19:25,0.000
08/11/06 19:30,0.000
08/11/06 19:35,0.000
08/11/06 19:40,0.000
08/11/06 19:45,0.000
08/11/06 19:50,0.000
08/11/06 19:55,0.000
08/11/06 20:00,0.000
08/11/06 20:05,0.000
08/11/06 20:10,0.000
08/11/06 20:15,0.000
08/11/06 20:20,0.000
08/11/06 20:25,0.000
08/11/06 20:30,0.000
08/11/06 20:35,0.000
08/11/06 20:40,0.000
08/11/06 20:45,0.000
08/11/06 20:50,0.000
08/11/06 20:55,0.000
08/11/06 21:00,0.000
08/11/06 21:05,0.000
08/11/06 21:10,0.000
08/11/06 21:15,0.000
08/11/06 21:20,0.000
08/11/06 21:25,0.000
08/11/06 21:30,0.000
08/11/06 21:35,0.000
08/11/06 21:40,0.000
08/11/06 21:45,0.000
08/11/06 21:50,0.000
08/11/06 21:55,0.000
08/11/06 22:00,0.000
08/11/06 22:05,0.000
08/11/06 22:10,0.000
08/11/06 22:15,0.000
08/11/06 22:20,0.000
08/11/06 22:25,0.000
08/11/06 22:30,0.000
08/11/06 22:35,0.000
08/11/06 22:40,0.000
08/11/06 22:45,0.000
08/11/06 22:50,0.000
08/11/06 22:55,0.000
08/11/06 23:00,0.000
08/11/06 23:05,0.000
08/11/06 23:10,0.000
08/11/06 23:15,0.000
08/11/06 23:20,0.000
08/11/06 23:25,0.000
08/11/06 23:30,0.000
08/11/06 23:35,0.000
08/11/06 23:40,0.000
08/11/06 23:45,0.000
08/11/06 23:50,0.000
08/11/06 23:55,0.000
08/12/06 00:00,0.000
08/12/06 00:05,0.000
08/12/06 00:10,0.000
08/12/06 00:15,0.000
08/12/06 00:20,0.000
08/12/06 00:25,0.000
08/12/06 00:30,0.000
08/12/06 00:35,0.000
08/12/06 00:40,0.000
08/12/06 00:45,0.000
08/12/06 00:50,0.000
08/12/06 00:55,0.000
08/12/06 01:00,0.000
08/12/06 01:05,0.000
08/12/06 01:10,0.000
08/12/06 01:15,0.000
08/12/06 01:20,0.000
08/12/06 01:25,0.000
08/12/06 01:30,0.000
08/12/06 01:35,0.000
08/12/06 01:40,0.000
08/12/06 01:45,0.000
08/12/06 01:50,0.000
08/12/06 01:55,0.000
08/12/06 02:00,0.000
08/12/06 02:05,0.000
08/12/06 02:10,0.000
08/12/06 02:15,0.000
08/12/06 02:20,0.000
08/12/06 02:25,0.000
08/12/06 02:30,0.000
08/12/06 02:35,0.000
08/12/06 02:40,0.000
08/12/06 02:45,0.000
08/12/06 02:50,0.000
08/12/06 02:55,0.000
08/12/06 03:00,0.000
08/12/06 03:05,0.000
08/12/06 03:10,0.000
08/12/06 03:15,0.000
08/12/06 03:20,0.000
08/12/06 03:25,0.000
08/12/06 03:30,0.000
08/12/06 03:35,0.000
08/12/06 03:40,0.000
08/12/06 03:45,0.000
08/12/06 03:50,0.000
08/12/06 03:55,0.000
08/12/06 04:00,0.000
08/12/06 04:05,0.000
08/12/06 04:10,0.000
08/12/06 04:15,0.000
08/12/06 04:20,0.000
08/12/06 04:25,0.000
08/12/06 04:30,0.000
08/12/06 04:35,0.000
08/12/06 04:40,0.000
08/12/06 04:45,0.000
08/12/06 04:50,0.000
08/12/06 04:55,0.000
08/12/06 05:00,0.000
08/12/06 05:05,0.000
08/12/06 05:10,0.000
08/12/06 05:15,0.000
08/12/06 05:20,0.000
08/12/06 05:25,0.000
08/12/06 05:30,0.001
08/12/06 05:35,0.002
08/12/06 05:40,0.003
08/12/06 05:45,0.007
08/12/06 05:50,0.013
08/12/06 05:55,0.023
08/12/06 06:00,0.040
08/12/06 06:05,0.064
08/12/06 06:10,0.081
08/12/06 06:15,0.090
08/12/06 06:20,0.100
08/12/06 06:25,0.111
08/12/06 06:30,0.121
08/12/06 06:35,0.133
08/12/06 06:40,0.144
08/12/06 06:45,0.157
08/12/06 06:50,0.169
08/12/06 06:55,0.181
08/12/06 07:00,0.192
08/12/06 07:05,0.204
08/12/06 07:10,0.215
08/12/06 07:15,0.229
08/12/06 07:20,0.243
08/12/06 07:25,0.256
08/12/06 07:30,0.268
08/12/06 07:35,0.278
08/12/06 07:40,0.289
08/12/06 07:45,0.298
08/12/06 07:50,0.308
08/12/06 07:55,0.319
08/12/06 08:00,0.332
08/12/06 08:05,0.345
08/12/06 08:10,0.358
08/12/06 08:15,0.371
08/12/06 08:20,0.383
08/12/06 08:25,0.397
08/12/06 08:30,0.408
08/12/06 08:35,0.419
08/12/06 08:40,0.429
08/12/06 08:45,0.437
08/12/06 08:50,0.447
08/12/06 08:55,0.457
08/12/06 09:00,0.465
08/12/06 09:05,0.473
08/12/06 09:10,0.480
08/12/06 09:15,0.487
08/12/06 09:20,0.496
08/12/06 09:25,0.502
08/12/06 09:30,0.507
08/12/06 09:35,0.510
08/12/06 09:40,0.512
08/12/06 09:45,0.513
08/12/06 09:50,0.513
08/12/06 09:55,0.515
08/12/06 10:00,0.522
08/12/06 10:05,0.531
08/12/06 10:10,0.537
08/12/06 10:15,0.543
08/12/06 10:20,0.548
08/12/06 10:25,0.553
08/12/06 10:30,0.558
08/12/06 10:35,0.561
08/12/06 10:40,0.564
08/12/06 10:45,0.568
08/12/06 10:50,0.571
08/12/06 10:55,0.575
08/12/06 11:00,0.566
08/12/06 11:05,0.559
08/12/06 11:10,0.555
08/12/06 11:15,0.547
08/12/06 11:20,0.549
08/12/06 11:25,0.549
08/12/06 11:30,0.547
08/12/06 11:35,0.545
08/12/06 11:40,0.538
08/12/06 11:45,0.532
08/12/06 11:50,0.524
08/12/06 11:55,0.516
08/12/06 12:00,0.515
08/12/06 12:05,0.515
08/12/06 12:10,0.525
08/12/06 12:15,0.516
08/12/06 12:20,0.494
08/12/06 12:25,0.488
08/12/06 12:30,0.490
08/12/06 12:35,0.482
08/12/06 12:40,0.461
08/12/06 12:45,0.473
08/12/06 12:50,0.495
08/12/06 12:55,0.505
08/12/06 13:00,0.500
08/12/06 13:05,0.498
08/12/06 13:10,0.489
08/12/06 13:15,0.482
08/12/06 13:20,0.474
08/12/06 13:25,0.458
08/12/06 13:30,0.439
08/12/06 13:35,0.427
08/12/06 13:40,0.402
08/12/06 13:45,0.380
08/12/06 13:50,0.368
08/12/06 13:55,0.357
08/12/06 14:00,0.349
08/12/06 14:05,0.369
08/12/06 14:10,0.396
08/12/06 14:15,0.386
08/12/06 14:20,0.380
08/12/06 14:25,0.349
08/12/06 14:30,0.313
08/12/06 14:35,0.308
08/12/06 14:40,0.323
08/12/06 14:45,0.323
08/12/06 14:50,0.314
08/12/06 14:55,0.304
08/12/06 15:00,0.307
08/12/06 15:05,0.300
08/12/06 15:10,0.271
08/12/06 15:15,0.261
08/12/06 15:20,0.247
08/12/06 15:25,0.258
08/12/06 15:30,0.260
08/12/06 15:35,0.264
08/12/06 15:40,0.204
08/12/06 15:45,0.171
08/12/06 15:50,0.162
08/12/06 15:55,0.183
08/12/06 16:00,0.137
08/12/06 16:05,0.108
08/12/06 16:10,0.095
08/12/06 16:15,0.090
08/12/06 16:20,0.091
08/12/06 16:25,0.095
08/12/06 16:30,0.101
08/12/06 16:35,0.106
08/12/06 16:40,0.112
08/12/06 16:45,0.115
08/12/06 16:50,0.118
08/12/06 16:55,0.119
08/12/06 17:00,0.116
08/12/06 17:05,0.111
08/12/06 17:10,0.105
08/12/06 17:15,0.097
08/12/06 17:20,0.088
08/12/06 17:25,0.076
08/12/06 17:30,0.045
08/12/06 17:35,0.031
08/12/06 17:40,0.022
08/12/06 17:45,0.012
08/12/06 17:50,0.007
08/12/06 17:55,0.004
08/12/06 18:00,0.002
08/12/06 18:05,0.001
08/12/06 18:10,0.000
08/12/06 18:15,0.000
08/12/06 18:20,0.000
08/12/06 18:25,0.000
08/12/06 18:30,0.000
08/12/06 18:35,0.000
08/12/06 18:40,0.000
08/12/06 18:45,0.000
08/12/06 18:50,0.000
08/12/06 18:55,0.000
08/12/06 19:00,0.000
08/12/06 19:05,0.000
08/12/06 19:10,0.000
08/12/06 19:15,0.000
08/12/06 19:20,0.000
08/12/06 19:25,0.000
08/12/06 19:30,0.000
08/12/06 19:35,0.000
08/12/06 19:40,0.000
08/12/06 19:45,0.000
08/12/06 19:50,0.000
08/12/06 19:55,0.000
08/12/06 20:00,0.000
08/12/06 20:05,0.000
08/12/06 20:10,0.000
08/12/06 20:15,0.000
08/12/06 20:20,0.000
08/12/06 20:25,0.000
08/12/06 20:30,0.000
08/12/06 20:35,0.000
08/12/06 20:40,0.000
08/12/06 20:45,0.000
08/12/06 20:50,0.000
08/12/06 20:55,0.000
08/12/06 21:00,0.000
08/12/06 21:05,0.000
08/12/06 21:10,0.000
08/12/06 21:15,0.000
08/12/06 21:20,0.000
08/12/06 21:25,0.000
08/12/06 21:30,0.000
08/12/06 21:35,0.000
08/12/06 21:40,0.000
08/12/06 21:45,0.000
08/12/06 21:50,0.000
08/12/06 21:55,0.000
08/12/06 22:00,0.000
08/12/06 22:05,0.000
08/12/06 22:10,0.000
08/12/06 22:15,0.000
08/12/06 22:20,0.000
08/12/06 22:25,0.000
08/12/06 22:30,0.000
08/12/06 22:35,0.000
08/12/06 22:40,0.000
08/12/06 22:45,0.000
08/12/06 22:50,0.000
08/12/06 22:55,0.000
08/12/06 23:00,0.000
08/12/06 23:05,0.000
08/12/06 23:10,0.000
08/12/06 23:15,0.000
08/12/06 23:20,0.000
08/12/06 23:25,0.000
08/12/06 23:30,0.000
08/12/06 23:35,0.000
08/12/06 23:40,0.000
08/12/06 23:45,0.000
08/12/06 23:50,0.000
08/12/06 23:55,0.000
08/13/06 00:00,0.000
08/13/06 00:05,0.000
08/13/06 00:10,0.000
08/13/06 00:15,0.000
08/13/06 00:20,0.000
08/13/06 00:25,0.000
08/13/06 00:30,0.000
08/13/06 00:35,0.000
08/13/06 00:40,0.000
08/13/06 00:45,0.000
08/13/06 00:50,0.000
08/13/06 00:55,0.000
08/13/06 01:00,0.000
08/13/06 01:05,0.000
08/13/06 01:10,0.000
08/13/06 01:15,0.000
08/13/06 01:20,0.000
08/13/06 01:25,0.000
08/13/06 01:30,0.000
08/13/06 01:35,0.000
08/13/06 01:40,0.000
08/13/06 01:45,0.000
08/13/06 01:50,0.000
08/13/06 01:55,0.000
08/13/06 02:00,0.000
08/13/06 02:05,0.000
08/13/06 02:10,0.000
08/13/06 02:15,0.000
08/13/06 02:20,0.000
08/13/06 02:25,0.000
08/13/06 02:30,0.000
08/13/06 02:35,0.000
08/13/06 02:40,0.000
08/13/06 02:45,0.000
08/13/06 02:50,0.000
08/13/06 02:55,0.000
08/13/06 03:00,0.000
08/13/06 03:05,0.000
08/13/06 03:10,0.000
08/13/06 03:15,0.000
08/13/06 03:20,0.000
08/13/06 03:25,0.000
08/13/06 03:30,0.000
08/13/06 03:35,0.000
08/13/06 03:40,0.000
08/13/06 03:45,0.000
08/13/06 03:50,0.000
08/13/06 03:55,0.000
08/13/06 04:00,0.000
08/13/06 04:05,0.000
08/13/06 04:10,0.000
08/13/06 04:15,0.000
08/13/06 04:20,0.000
08/13/06 04:25,0.000
08/13/06 04:30,0.000
08/13/06 04:35,0.000
08/13/06 04:40,0.000
08/13/06 04:45,0.000
08/13/06 04:50,0.000
08/13/06 04:55,0.000
08/13/06 05:00,0.000
08/13/06 05:05,0.000
08/13/06 05:10,0.000
08/13/06 05:15,0.000
08/13/06 05:20,0.000
08/13/06 05:25,0.000
08/13/06 05:30,0.000
08/13/06 05:35,0.001
08/13/06 05:40,0.002
08/13/06 05:45,0.004
08/13/06 05:50,0.008
08/13/06 05:55,0.015
08/13/06 06:00,0.027
08/13/06 06:05,0.046
08/13/06 06:10,0.073
08/13/06 06:15,0.084
08/13/06 06:20,0.094
08/13/06 06:25,0.105
08/13/06 06:30,0.116
08/13/06 06:35,0.127
08/13/06 06:40,0.139
08/13/06 06:45,0.151
08/13/06 06:50,0.163
08/13/06 06:55,0.176
08/13/06 07:00,0.188
08/13/06 07:05,0.200
08/13/06 07:10,0.212
08/13/06 07:15,0.223
08/13/06 07:20,0.236
08/13/06 07:25,0.250
08/13/06 07:30,0.262
08/13/06 07:35,0.273
08/13/06 07:40,0.284
08/13/06 07:45,0.292
08/13/06 07:50,0.301
08/13/06 07:55,0.309
08/13/06 08:00,0.319
08/13/06 08:05,0.330
08/13/06 08:10,0.340
08/13/06 08:15,0.351
08/13/06 08:20,0.360
08/13/06 08:25,0.372
08/13/06 08:30,0.380
08/13/06 08:35,0.386
08/13/06 08:40,0.393
08/13/06 08:45,0.401
08/13/06 08:50,0.408
08/13/06 08:55,0.414
08/13/06 09:00,0.421
08/13/06 09:05,0.428
08/13/06 09:10,0.436
08/13/06 09:15,0.444
08/13/06 09:20,0.452
08/13/06 09:25,0.458
08/13/06 09:30,0.462
08/13/06 09:35,0.467
08/13/06 09:40,0.472
08/13/06 09:45,0.478
08/13/06 09:50,0.484
08/13/06 09:55,0.490
08/13/06 10:00,0.495
08/13/06 10:05,0.500
08/13/06 10:10,0.507
08/13/06 10:15,0.510
08/13/06 10:20,0.513
08/13/06 10:25,0.515
08/13/06 10:30,0.517
08/13/06 10:35,0.519
08/13/06 10:40,0.523
08/13/06 10:45,0.524
08/13/06 10:50,0.525
08/13/06 10:55,0.527
08/13/06 11:00,0.534
08/13/06 11:05,0.539
08/13/06 11:10,0.545
08/13/06 11:15,0.554
08/13/06 11:20,0.555
08/13/06 11:25,0.555
08/13/06 11:30,0.557
08/13/06 11:35,0.561
08/13/06 11:40,0.566
08/13/06 11:45,0.568
08/13/06 11:50,0.564
08/13/06 11:55,0.561
08/13/06 12:00,0.563
08/13/06 12:05,0.573
08/13/06 12:10,0.568
08/13/06 12:15,0.550
08/13/06 12:20,0.525
08/13/06 12:25,0.498
08/13/06 12:30,0.478
08/13/06 12:35,0.475
08/13/06 12:40,0.468
08/13/06 12:45,0.456
08/13/06 12:50,0.440
08/13/06 12:55,0.414
08/13/06 13:00,0.397
08/13/06 13:05,0.363
08/13/06 13:10,0.323
08/13/06 13:15,0.372
08/13/06 13:20,0.345
08/13/06 13:25,0.340
08/13/06 13:30,0.371
08/13/06 13:35,0.390
08/13/06 13:40,0.402
08/13/06 13:45,0.402
08/13/06 13:50,0.414
08/13/06 13:55,0.402
08/13/06 14:00,0.412
08/13/06 14:05,0.425
08/13/06 14:10,0.433
08/13/06 14:15,0.436
08/13/06 14:20,0.436
08/13/06 14:25,0.435
08/13/06 14:30,0.434
08/13/06 14:35,0.432
08/13/06 14:40,0.430
08/13/06 14:45,0.426
08/13/06 14:50,0.422
08/13/06 14:55,0.415
08/13/06 15:00,0.408
08/13/06 15:05,0.400
08/13/06 15:10,0.392
08/13/06 15:15,0.384
08/13/06 15:20,0.373
08/13/06 15:25,0.363
08/13/06 15:30,0.353
08/13/06 15:35,0.342
08/13/06 15:40,0.331
08/13/06 15:45,0.322
08/13/06 15:50,0.311
08/13/06 15:55,0.300
08/13/06 16:00,0.288
08/13/06 16:05,0.276
08/13/06 16:10,0.263
08/13/06 16:15,0.250
08/13/06 16:20,0.237
08/13/06 16:25,0.223
08/13/06 16:30,0.210
08/13/06 16:35,0.197
08/13/06 16:40,0.183
08/13/06 16:45,0.169
08/13/06 16:50,0.156
08/13/06 16:55,0.144
08/13/06 17:00,0.131
08/13/06 17:05,0.120
08/13/06 17:10,0.108
08/13/06 17:15,0.097
08/13/06 17:20,0.088
08/13/06 17:25,0.079
08/13/06 17:30,0.064
08/13/06 17:35,0.043
08/13/06 17:40,0.028
08/13/06 17:45,0.019
08/13/06 17:50,0.012
08/13/06 17:55,0.009
08/13/06 18:00,0.005
08/13/06 18:05,0.003
08/13/06 18:10,0.001
08/13/06 18:15,0.001
08/13/06 18:20,0.000
08/13/06 18:25,0.000
08/13/06 18:30,0.000
08/13/06 18:35,0.000
08/13/06 18:40,0.000
08/13/06 18:45,0.000
08/13/06 18:50,0.000
08/13/06 18:55,0.000
08/13/06 19:00,0.000
08/13/06 19:05,0.000
08/13/06 19:10,0.000
08/13/06 19:15,0.000
08/13/06 19:20,0.000
08/13/06 19:25,0.000
08/13/06 19:30,0.000
08/13/06 19:35,0.000
08/13/06 19:40,0.000
08/13/06 19:45,0.000
08/13/06 19:50,0.000
08/13/06 19:55,0.000
08/13/06 20:00,0.000
08/13/06 20:05,0.000
08/13/06 20:10,0.000
08/13/06 20:15,0.000
08/13/06 20:20,0.000
08/13/06 20:25,0.000
08/13/06 20:30,0.000
08/13/06 20:35,0.000
08/13/06 20:40,0.000
08/13/06 20:45,0.000
08/13/06 20:50,0.000
08/13/06 20:55,0.000
08/13/06 21:00,0.000
08/13/06 21:05,0.000
08/13/06 21:10,0.000
08/13/06 21:15,0.000
08/13/06 21:20,0.000
08/13/06 21:25,0.000
08/13/06 21:30,0.000
08/13/06 21:35,0.000
08/13/06 21:40,0.000
08/13/06 21:45,0.000
08/13/06 21:50,0.000
08/13/06 21:55,0.000
08/13/06 22:00,0.000
08/13/06 22:05,0.000
08/13/06 22:10,0.000
08/13/06 22:15,0.000
08/13/06 22:20,0.000
08/13/06 22:25,0.000
08/13/06 22:30,0.000
08/13/06 22:35,0.000
08/13/06 22:40,0.000
08/13/06 22:45,0.000
08/13/06 22:50,0.000
08/13/06 22:55,0.000
08/13/06 23:00,0.000
08/13/06 23:05,0.000
08/13/06 23:10,0.000
08/13/06 23:15,0.000
08/13/06 23:20,0.000
08/13/06 23:25,0.000
08/13/06 23:30,0.000
08/13/06 23:35,0.000
08/13/06 23:40,0.000
08/13/06 23:45,0.000
08/13/06 23:50,0.000
08/13/06 23:55,0.000
08/14/06 00:00,0.000
08/14/06 00:05,0.000
08/14/06 00:10,0.000
08/14/06 00:15,0.000
08/14/06 00:20,0.000
08/14/06 00:25,0.000
08/14/06 00:30,0.000
08/14/06 00:35,0.000
08/14/06 00:40,0.000
08/14/06 00:45,0.000
08/14/06 00:50,0.000
08/14/06 00:55,0.000
08/14/06 01:00,0.000
08/14/06 01:05,0.000
08/14/06 01:10,0.000
08/14/06 01:15,0.000
08/14/06 01:20,0.000
08/14/06 01:25,0.000
08/14/06 01:30,0.000
08/14/06 01:35,0.000
08/14/06 01:40,0.000
08/14/06 01:45,0.000
08/14/06 01:50,0.000
08/14/06 01:55,0.000
08/14/06 02:00,0.000
08/14/06 02:05,0.000
08/14/06 02:10,0.000
08/14/06 02:15,0.000
08/14/06 02:20,0.000
08/14/06 02:25,0.000
08/14/06 02:30,0.000
08/14/06 02:35,0.000
08/14/06 02:40,0.000
08/14/06 02:45,0.000
08/14/06 02:50,0.000
08/14/06 02:55,0.000
08/14/06 03:00,0.000
08/14/06 03:05,0.000
08/14/06 03:10,0.000
08/14/06 03:15,0.000
08/14/06 03:20,0.000
08/14/06 03:25,0.000
08/14/06 03:30,0.000
08/14/06 03:35,0.000
08/14/06 03:40,0.000
08/14/06 03:45,0.000
08/14/06 03:50,0.000
08/14/06 03:55,0.000
08/14/06 04:00,0.000
08/14/06 04:05,0.000
08/14/06 04:10,0.000
08/14/06 04:15,0.000
08/14/06 04:20,0.000
08/14/06 04:25,0.000
08/14/06 04:30,0.000
08/14/06 04:35,0.000
08/14/06 04:40,0.000
08/14/06 04:45,0.000
08/14/06 04:50,0.000
08/14/06 04:55,0.000
08/14/06 05:00,0.000
08/14/06 05:05,0.000
08/14/06 05:10,0.000
08/14/06 05:15,0.000
08/14/06 05:20,0.000
08/14/06 05:25,0.000
08/14/06 05:30,0.001
08/14/06 05:35,0.002
08/14/06 05:40,0.004
08/14/06 05:45,0.006
08/14/06 05:50,0.012
08/14/06 05:55,0.020
08/14/06 06:00,0.032
08/14/06 06:05,0.047
08/14/06 06:10,0.067
08/14/06 06:15,0.078
08/14/06 06:20,0.087
08/14/06 06:25,0.097
08/14/06 06:30,0.106
08/14/06 06:35,0.112
08/14/06 06:40,0.123
08/14/06 06:45,0.135
08/14/06 06:50,0.146
08/14/06 06:55,0.158
08/14/06 07:00,0.170
08/14/06 07:05,0.182
08/14/06 07:10,0.195
08/14/06 07:15,0.208
08/14/06 07:20,0.221
08/14/06 07:25,0.234
08/14/06 07:30,0.247
08/14/06 07:35,0.259
08/14/06 07:40,0.271
08/14/06 07:45,0.283
08/14/06 07:50,0.296
08/14/06 07:55,0.307
08/14/06 08:00,0.316
08/14/06 08:05,0.325
08/14/06 08:10,0.335
08/14/06 08:15,0.344
08/14/06 08:20,0.352
08/14/06 08:25,0.363
08/14/06 08:30,0.371
08/14/06 08:35,0.378
08/14/06 08:40,0.385
08/14/06 08:45,0.392
08/14/06 08:50,0.398
08/14/06 08:55,0.406
08/14/06 09:00,0.416
08/14/06 09:05,0.426
08/14/06 09:10,0.433
08/14/06 09:15,0.441
08/14/06 09:20,0.448
08/14/06 09:25,0.454
08/14/06 09:30,0.461
08/14/06 09:35,0.466
08/14/06 09:40,0.469
08/14/06 09:45,0.473
08/14/06 09:50,0.477
08/14/06 09:55,0.482
08/14/06 10:00,0.487
08/14/06 10:05,0.492
08/14/06 10:10,0.498
08/14/06 10:15,0.502
08/14/06 10:20,0.506
08/14/06 10:25,0.506
08/14/06 10:30,0.507
08/14/06 10:35,0.507
08/14/06 10:40,0.507
08/14/06 10:45,0.507
08/14/06 10:50,0.509
08/14/06 10:55,0.510
08/14/06 11:00,0.511
08/14/06 11:05,0.513
08/14/06 11:10,0.517
08/14/06 11:15,0.520
08/14/06 11:20,0.522
08/14/06 11:25,0.522
08/14/06 11:30,0.522
08/14/06 11:35,0.520
08/14/06 11:40,0.516
08/14/06 11:45,0.512
08/14/06 11:50,0.506
08/14/06 11:55,0.497
08/14/06 12:00,0.493
08/14/06 12:05,0.489
08/14/06 12:10,0.484
08/14/06 12:15,0.482
08/14/06 12:20,0.480
08/14/06 12:25,0.477
08/14/06 12:30,0.475
08/14/06 12:35,0.476
08/14/06 12:40,0.478
08/14/06 12:45,0.479
08/14/06 12:50,0.480
08/14/06 12:55,0.480
08/14/06 13:00,0.478
08/14/06 13:05,0.476
08/14/06 13:10,0.474
08/14/06 13:15,0.473
08/14/06 13:20,0.472
08/14/06 13:25,0.470
08/14/06 13:30,0.468
08/14/06 13:35,0.466
08/14/06 13:40,0.460
08/14/06 13:45,0.454
08/14/06 13:50,0.448
08/14/06 13:55,0.443
08/14/06 14:00,0.440
08/14/06 14:05,0.441
08/14/06 14:10,0.439
08/14/06 14:15,0.436
08/14/06 14:20,0.433
08/14/06 14:25,0.430
08/14/06 14:30,0.425
08/14/06 14:35,0.420
08/14/06 14:40,0.414
08/14/06 14:45,0.407
08/14/06 14:50,0.399
08/14/06 14:55,0.393
08/14/06 15:00,0.387
08/14/06 15:05,0.378
08/14/06 15:10,0.368
08/14/06 15:15,0.358
08/14/06 15:20,0.347
08/14/06 15:25,0.338
08/14/06 15:30,0.327
08/14/06 15:35,0.317
08/14/06 15:40,0.307
08/14/06 15:45,0.295
08/14/06 15:50,0.284
08/14/06 15:55,0.273
08/14/06 16:00,0.262
08/14/06 16:05,0.251
08/14/06 16:10,0.239
08/14/06 16:15,0.228
08/14/06 16:20,0.216
08/14/06 16:25,0.205
08/14/06 16:30,0.192
08/14/06 16:35,0.180
08/14/06 16:40,0.168
08/14/06 16:45,0.157
08/14/06 16:50,0.146
08/14/06 16:55,0.136
08/14/06 17:00,0.125
08/14/06 17:05,0.114
08/14/06 17:10,0.104
08/14/06 17:15,0.094
08/14/06 17:20,0.085
08/14/06 17:25,0.075
08/14/06 17:30,0.052
08/14/06 17:35,0.032
08/14/06 17:40,0.020
08/14/06 17:45,0.012
08/14/06 17:50,0.007
08/14/06 17:55,0.004
08/14/06 18:00,0.002
08/14/06 18:05,0.001
08/14/06 18:10,0.001
08/14/06 18:15,0.000
08/14/06 18:20,0.000
08/14/06 18:25,0.000
08/14/06 18:30,0.000
08/14/06 18:35,0.000
08/14/06 18:40,0.000
08/14/06 18:45,0.000
08/14/06 18:50,0.000
08/14/06 18:55,0.000
08/14/06 19:00,0.000
08/14/06 19:05,0.000
08/14/06 19:10,0.000
08/14/06 19:15,0.000
08/14/06 19:20,0.000
08/14/06 19:25,0.000
08/14/06 19:30,0.000
08/14/06 19:35,0.000
08/14/06 19:40,0.000
08/14/06 19:45,0.000
08/14/06 19:50,0.000
08/14/06 19:55,0.000
08/14/06 20:00,0.000
08/14/06 20:05,0.000
08/14/06 20:10,0.000
08/14/06 20:15,0.000
08/14/06 20:20,0.000
08/14/06 20:25,0.000
08/14/06 20:30,0.000
08/14/06 20:35,0.000
08/14/06 20:40,0.000
08/14/06 20:45,0.000
08/14/06 20:50,0.000
08/14/06 20:55,0.000
08/14/06 21:00,0.000
08/14/06 21:05,0.000
08/14/06 21:10,0.000
08/14/06 21:15,0.000
08/14/06 21:20,0.000
08/14/06 21:25,0.000
08/14/06 21:30,0.000
08/14/06 21:35,0.000
08/14/06 21:40,0.000
08/14/06 21:45,0.000
08/14/06 21:50,0.000
08/14/06 21:55,0.000
08/14/06 22:00,0.000
08/14/06 22:05,0.000
08/14/06 22:10,0.000
08/14/06 22:15,0.000
08/14/06 22:20,0.000
08/14/06 22:25,0.000
08/14/06 22:30,0.000
08/14/06 22:35,0.000
08/14/06 22:40,0.000
08/14/06 22:45,0.000
08/14/06 22:50,0.000
08/14/06 22:55,0.000
08/14/06 23:00,0.000
08/14/06 23:05,0.000
08/14/06 23:10,0.000
08/14/06 23:15,0.000
08/14/06 23:20,0.000
08/14/06 23:25,0.000
08/14/06 23:30,0.000
08/14/06 23:35,0.000
08/14/06 23:40,0.000
08/14/06 23:45,0.000
08/14/06 23:50,0.000
08/14/06 23:55,0.000
08/15/06 00:00,0.000
08/15/06 00:05,0.000
08/15/06 00:10,0.000
08/15/06 00:15,0.000
08/15/06 00:20,0.000
08/15/06 00:25,0.000
08/15/06 00:30,0.000
08/15/06 00:35,0.000
08/15/06 00:40,0.000
08/15/06 00:45,0.000
08/15/06 00:50,0.000
08/15/06 00:55,0.000
08/15/06 01:00,0.000
08/15/06 01:05,0.000
08/15/06 01:10,0.000
08/15/06 01:15,0.000
08/15/06 01:20,0.000
08/15/06 01:25,0.000
08/15/06 01:30,0.000
08/15/06 01:35,0.000
08/15/06 01:40,0.000
08/15/06 01:45,0.000
08/15/06 01:50,0.000
08/15/06 01:55,0.000
08/15/06 02:00,0.000
08/15/06 02:05,0.000
08/15/06 02:10,0.000
08/15/06 02:15,0.000
08/15/06 02:20,0.000
08/15/06 02:25,0.000
08/15/06 02:30,0.000
08/15/06 02:35,0.000
08/15/06 02:40,0.000
08/15/06 02:45,0.000
08/15/06 02:50,0.000
08/15/06 02:55,0.000
08/15/06 03:00,0.000
08/15/06 03:05,0.000
08/15/06 03:10,0.000
08/15/06 03:15,0.000
08/15/06 03:20,0.000
08/15/06 03:25,0.000
08/15/06 03:30,0.000
08/15/06 03:35,0.000
08/15/06 03:40,0.000
08/15/06 03:45,0.000
08/15/06 03:50,0.000
08/15/06 03:55,0.000
08/15/06 04:00,0.000
08/15/06 04:05,0.000
08/15/06 04:10,0.000
08/15/06 04:15,0.000
08/15/06 04:20,0.000
08/15/06 04:25,0.000
08/15/06 04:30,0.000
08/15/06 04:35,0.000
08/15/06 04:40,0.000
08/15/06 04:45,0.000
08/15/06 04:50,0.000
08/15/06 04:55,0.000
08/15/06 05:00,0.000
08/15/06 05:05,0.000
08/15/06 05:10,0.000
08/15/06 05:15,0.000
08/15/06 05:20,0.000
08/15/06 05:25,0.000
08/15/06 05:30,0.000
08/15/06 05:35,0.000
08/15/06 05:40,0.000
08/15/06 05:45,0.000
08/15/06 05:50,0.001
08/15/06 05:55,0.001
08/15/06 06:00,0.003
08/15/06 06:05,0.008
08/15/06 06:10,0.012
08/15/06 06:15,0.026
08/15/06 06:20,0.074
08/15/06 06:25,0.086
08/15/06 06:30,0.082
08/15/06 06:35,0.074
08/15/06 06:40,0.069
08/15/06 06:45,0.067
08/15/06 06:50,0.065
08/15/06 06:55,0.074
08/15/06 07:00,0.096
08/15/06 07:05,0.133
08/15/06 07:10,0.164
08/15/06 07:15,0.191
08/15/06 07:20,0.219
08/15/06 07:25,0.242
08/15/06 07:30,0.264
08/15/06 07:35,0.284
08/15/06 07:40,0.301
08/15/06 07:45,0.314
08/15/06 07:50,0.321
08/15/06 07:55,0.317
08/15/06 08:00,0.288
08/15/06 08:05,0.266
08/15/06 08:10,0.253
08/15/06 08:15,0.259
08/15/06 08:20,0.273
08/15/06 08:25,0.287
08/15/06 08:30,0.326
08/15/06 08:35,0.367
08/15/06 08:40,0.354
08/15/06 08:45,0.308
08/15/06 08:50,0.316
08/15/06 08:55,0.327
08/15/06 09:00,0.348
08/15/06 09:05,0.349
08/15/06 09:10,0.348
08/15/06 09:15,0.367
08/15/06 09:20,0.368
08/15/06 09:25,0.389
08/15/06 09:30,0.408
08/15/06 09:35,0.364
08/15/06 09:40,0.372
08/15/06 09:45,0.401
08/15/06 09:50,0.413
08/15/06 09:55,0.384
08/15/06 10:00,0.391
08/15/06 10:05,0.407
08/15/06 10:10,0.423
08/15/06 10:15,0.440
08/15/06 10:20,0.452
08/15/06 10:25,0.457
08/15/06 10:30,0.462
08/15/06 10:35,0.470
08/15/06 10:40,0.480
08/15/06 10:45,0.491
08/15/06 10:50,0.510
08/15/06 10:55,0.525
08/15/06 11:00,0.529
08/15/06 11:05,0.531
08/15/06 11:10,0.530
08/15/06 11:15,0.531
08/15/06 11:20,0.530
08/15/06 11:25,0.529
08/15/06 11:30,0.526
08/15/06 11:35,0.524
08/15/06 11:40,0.522
08/15/06 11:45,0.523
08/15/06 11:50,0.527
08/15/06 11:55,0.529
08/15/06 12:00,0.533
08/15/06 12:05,0.535
08/15/06 12:10,0.520
08/15/06 12:15,0.503
08/15/06 12:20,0.524
08/15/06 12:25,0.541
08/15/06 12:30,0.539
08/15/06 12:35,0.514
08/15/06 12:40,0.472
08/15/06 12:45,0.492
08/15/06 12:50,0.505
08/15/06 12:55,0.516
08/15/06 13:00,0.520
08/15/06 13:05,0.523
08/15/06 13:10,0.526
08/15/06 13:15,0.527
08/15/06 13:20,0.527
08/15/06 13:25,0.525
08/15/06 13:30,0.522
08/15/06 13:35,0.518
08/15/06 13:40,0.515
08/15/06 13:45,0.512
08/15/06 13:50,0.510
08/15/06 13:55,0.505
08/15/06 14:00,0.498
08/15/06 14:05,0.490
08/15/06 14:10,0.481
08/15/06 14:15,0.472
08/15/06 14:20,0.464
08/15/06 14:25,0.455
08/15/06 14:30,0.445
08/15/06 14:35,0.435
08/15/06 14:40,0.425
08/15/06 14:45,0.415
08/15/06 14:50,0.406
08/15/06 14:55,0.399
08/15/06 15:00,0.387
08/15/06 15:05,0.381
08/15/06 15:10,0.380
08/15/06 15:15,0.383
08/15/06 15:20,0.380
08/15/06 15:25,0.378
08/15/06 15:30,0.369
08/15/06 15:35,0.360
08/15/06 15:40,0.357
08/15/06 15:45,0.355
08/15/06 15:50,0.340
08/15/06 15:55,0.327
08/15/06 16:00,0.300
08/15/06 16:05,0.275
08/15/06 16:10,0.255
08/15/06 16:15,0.237
08/15/06 16:20,0.221
08/15/06 16:25,0.206
08/15/06 16:30,0.191
08/15/06 16:35,0.178
08/15/06 16:40,0.166
08/15/06 16:45,0.154
08/15/06 16:50,0.142
08/15/06 16:55,0.130
08/15/06 17:00,0.121
08/15/06 17:05,0.112
08/15/06 17:10,0.105
08/15/06 17:15,0.101
08/15/06 17:20,0.092
08/15/06 17:25,0.082
08/15/06 17:30,0.073
08/15/06 17:35,0.045
08/15/06 17:40,0.027
08/15/06 17:45,0.018
08/15/06 17:50,0.011
08/15/06 17:55,0.006
08/15/06 18:00,0.004
08/15/06 18:05,0.002
08/15/06 18:10,0.001
08/15/06 18:15,0.001
08/15/06 18:20,0.000
08/15/06 18:25,0.000
08/15/06 18:30,0.000
08/15/06 18:35,0.000
08/15/06 18:40,0.000
08/15/06 18:45,0.000
08/15/06 18:50,0.000
08/15/06 18:55,0.000
08/15/06 19:00,0.000
08/15/06 19:05,0.000
08/15/06 19:10,0.000
08/15/06 19:15,0.000
08/15/06 19:20,0.000
08/15/06 19:25,0.000
08/15/06 19:30,0.000
08/15/06 19:35,0.000
08/15/06 19:40,0.000
08/15/06 19:45,0.000
08/15/06 19:50,0.000
08/15/06 19:55,0.000
08/15/06 20:00,0.000
08/15/06 20:05,0.000
08/15/06 20:10,0.000
08/15/06 20:15,0.000
08/15/06 20:20,0.000
08/15/06 20:25,0.000
08/15/06 20:30,0.000
08/15/06 20:35,0.000
08/15/06 20:40,0.000
08/15/06 20:45,0.000
08/15/06 20:50,0.000
08/15/06 20:55,0.000
08/15/06 21:00,0.000
08/15/06 21:05,0.000
08/15/06 21:10,0.000
08/15/06 21:15,0.000
08/15/06 21:20,0.000
08/15/06 21:25,0.000
08/15/06 21:30,0.000
08/15/06 21:35,0.000
08/15/06 21:40,0.000
08/15/06 21:45,0.000
08/15/06 21:50,0.000
08/15/06 21:55,0.000
08/15/06 22:00,0.000
08/15/06 22:05,0.000
08/15/06 22:10,0.000
08/15/06 22:15,0.000
08/15/06 22:20,0.000
08/15/06 22:25,0.000
08/15/06 22:30,0.000
08/15/06 22:35,0.000
08/15/06 22:40,0.000
08/15/06 22:45,0.000
08/15/06 22:50,0.000
08/15/06 22:55,0.000
08/15/06 23:00,0.000
08/15/06 23:05,0.000
08/15/06 23:10,0.000
08/15/06 23:15,0.000
08/15/06 23:20,0.000
08/15/06 23:25,0.000
08/15/06 23:30,0.000
08/15/06 23:35,0.000
08/15/06 23:40,0.000
08/15/06 23:45,0.000
08/15/06 23:50,0.000
08/15/06 23:55,0.000
08/16/06 00:00,0.000
08/16/06 00:05,0.000
08/16/06 00:10,0.000
08/16/06 00:15,0.000
08/16/06 00:20,0.000
08/16/06 00:25,0.000
08/16/06 00:30,0.000
08/16/06 00:35,0.000
08/16/06 00:40,0.000
08/16/06 00:45,0.000
08/16/06 00:50,0.000
08/16/06 00:55,0.000
08/16/06 01:00,0.000
08/16/06 01:05,0.000
08/16/06 01:10,0.000
08/16/06 01:15,0.000
08/16/06 01:20,0.000
08/16/06 01:25,0.000
08/16/06 01:30,0.000
08/16/06 01:35,0.000
08/16/06 01:40,0.000
08/16/06 01:45,0.000
08/16/06 01:50,0.000
08/16/06 01:55,0.000
08/16/06 02:00,0.000
08/16/06 02:05,0.000
08/16/06 02:10,0.000
08/16/06 02:15,0.000
08/16/06 02:20,0.000
08/16/06 02:25,0.000
08/16/06 02:30,0.000
08/16/06 02:35,0.000
08/16/06 02:40,0.000
08/16/06 02:45,0.000
08/16/06 02:50,0.000
08/16/06 02:55,0.000
08/16/06 03:00,0.000
08/16/06 03:05,0.000
08/16/06 03:10,0.000
08/16/06 03:15,0.000
08/16/06 03:20,0.000
08/16/06 03:25,0.000
08/16/06 03:30,0.000
08/16/06 03:35,0.000
08/16/06 03:40,0.000
08/16/06 03:45,0.000
08/16/06 03:50,0.000
08/16/06 03:55,0.000
08/16/06 04:00,0.000
08/16/06 04:05,0.000
08/16/06 04:10,0.000
08/16/06 04:15,0.000
08/16/06 04:20,0.000
08/16/06 04:25,0.000
08/16/06 04:30,0.000
08/16/06 04:35,0.000
08/16/06 04:40,0.000
08/16/06 04:45,0.000
08/16/06 04:50,0.000
08/16/06 04:55,0.000
08/16/06 05:00,0.000
08/16/06 05:05,0.000
08/16/06 05:10,0.000
08/16/06 05:15,0.000
08/16/06 05:20,0.000
08/16/06 05:25,0.000
08/16/06 05:30,0.001
08/16/06 05:35,0.001
08/16/06 05:40,0.003
08/16/06 05:45,0.005
08/16/06 05:50,0.010
08/16/06 05:55,0.018
08/16/06 06:00,0.030
08/16/06 06:05,0.049
08/16/06 06:10,0.075
08/16/06 06:15,0.084
08/16/06 06:20,0.094
08/16/06 06:25,0.106
08/16/06 06:30,0.118
08/16/06 06:35,0.130
08/16/06 06:40,0.142
08/16/06 06:45,0.155
08/16/06 06:50,0.168
08/16/06 06:55,0.178
08/16/06 07:00,0.189
08/16/06 07:05,0.201
08/16/06 07:10,0.212
08/16/06 07:15,0.224
08/16/06 07:20,0.235
08/16/06 07:25,0.248
08/16/06 07:30,0.260
08/16/06 07:35,0.271
08/16/06 07:40,0.282
08/16/06 07:45,0.292
08/16/06 07:50,0.302
08/16/06 07:55,0.313
08/16/06 08:00,0.324
08/16/06 08:05,0.335
08/16/06 08:10,0.347
08/16/06 08:15,0.358
08/16/06 08:20,0.370
08/16/06 08:25,0.384
08/16/06 08:30,0.394
08/16/06 08:35,0.404
08/16/06 08:40,0.414
08/16/06 08:45,0.423
08/16/06 08:50,0.432
08/16/06 08:55,0.441
08/16/06 09:00,0.448
08/16/06 09:05,0.454
08/16/06 09:10,0.459
08/16/06 09:15,0.463
08/16/06 09:20,0.467
08/16/06 09:25,0.470
08/16/06 09:30,0.475
08/16/06 09:35,0.479
08/16/06 09:40,0.480
08/16/06 09:45,0.481
08/16/06 09:50,0.483
08/16/06 09:55,0.485
08/16/06 10:00,0.491
08/16/06 10:05,0.500
08/16/06 10:10,0.508
08/16/06 10:15,0.512
08/16/06 10:20,0.516
08/16/06 10:25,0.520
08/16/06 10:30,0.525
08/16/06 10:35,0.530
08/16/06 10:40,0.536
08/16/06 10:45,0.539
08/16/06 10:50,0.541
08/16/06 10:55,0.544
08/16/06 11:00,0.544
08/16/06 11:05,0.552
08/16/06 11:10,0.554
08/16/06 11:15,0.535
08/16/06 11:20,0.451
08/16/06 11:25,0.383
08/16/06 11:30,0.429
08/16/06 11:35,0.471
08/16/06 11:40,0.499
08/16/06 11:45,0.520
08/16/06 11:50,0.497
08/16/06 11:55,0.497
08/16/06 12:00,0.513
08/16/06 12:05,0.525
08/16/06 12:10,0.532
08/16/06 12:15,0.542
08/16/06 12:20,0.549
08/16/06 12:25,0.552
08/16/06 12:30,0.552
08/16/06 12:35,0.552
08/16/06 12:40,0.553
08/16/06 12:45,0.554
08/16/06 12:50,0.552
08/16/06 12:55,0.550
08/16/06 13:00,0.515
08/16/06 13:05,0.442
08/16/06 13:10,0.408
08/16/06 13:15,0.354
08/16/06 13:20,0.379
08/16/06 13:25,0.402
08/16/06 13:30,0.366
08/16/06 13:35,0.304
08/16/06 13:40,0.232
08/16/06 13:45,0.198
08/16/06 13:50,0.263
08/16/06 13:55,0.296
08/16/06 14:00,0.367
08/16/06 14:05,0.412
08/16/06 14:10,0.444
08/16/06 14:15,0.459
08/16/06 14:20,0.453
08/16/06 14:25,0.437
08/16/06 14:30,0.417
08/16/06 14:35,0.397
08/16/06 14:40,0.382
08/16/06 14:45,0.365
08/16/06 14:50,0.350
08/16/06 14:55,0.344
08/16/06 15:00,0.348
08/16/06 15:05,0.341
08/16/06 15:10,0.328
08/16/06 15:15,0.311
08/16/06 15:20,0.286
08/16/06 15:25,0.261
08/16/06 15:30,0.237
08/16/06 15:35,0.211
08/16/06 15:40,0.185
08/16/06 15:45,0.167
08/16/06 15:50,0.148
08/16/06 15:55,0.123
08/16/06 16:00,0.112
08/16/06 16:05,0.105
08/16/06 16:10,0.097
08/16/06 16:15,0.091
08/16/06 16:20,0.086
08/16/06 16:25,0.083
08/16/06 16:30,0.080
08/16/06 16:35,0.075
08/16/06 16:40,0.070
08/16/06 16:45,0.062
08/16/06 16:50,0.053
08/16/06 16:55,0.045
08/16/06 17:00,0.034
08/16/06 17:05,0.025
08/16/06 17:10,0.019
08/16/06 17:15,0.014
08/16/06 17:20,0.011
08/16/06 17:25,0.008
08/16/06 17:30,0.006
08/16/06 17:35,0.004
08/16/06 17:40,0.003
08/16/06 17:45,0.002
08/16/06 17:50,0.001
08/16/06 17:55,0.001
08/16/06 18:00,0.001
08/16/06 18:05,0.000
08/16/06 18:10,0.000
08/16/06 18:15,0.000
08/16/06 18:20,0.000
08/16/06 18:25,0.000
08/16/06 18:30,0.000
08/16/06 18:35,0.000
08/16/06 18:40,0.000
08/16/06 18:45,0.000
08/16/06 18:50,0.000
08/16/06 18:55,0.000
08/16/06 19:00,0.000
08/16/06 19:05,0.000
08/16/06 19:10,0.000
08/16/06 19:15,0.000
08/16/06 19:20,0.000
08/16/06 19:25,0.000
08/16/06 19:30,0.000
08/16/06 19:35,0.000
08/16/06 19:40,0.000
08/16/06 19:45,0.000
08/16/06 19:50,0.000
08/16/06 19:55,0.000
08/16/06 20:00,0.000
08/16/06 20:05,0.000
08/16/06 20:10,0.000
08/16/06 20:15,0.000
08/16/06 20:20,0.000
08/16/06 20:25,0.000
08/16/06 20:30,0.000
08/16/06 20:35,0.000
08/16/06 20:40,0.000
08/16/06 20:45,0.000
08/16/06 20:50,0.000
08/16/06 20:55,0.000
08/16/06 21:00,0.000
08/16/06 21:05,0.000
08/16/06 21:10,0.000
08/16/06 21:15,0.000
08/16/06 21:20,0.000
08/16/06 21:25,0.000
08/16/06 21:30,0.000
08/16/06 21:35,0.000
08/16/06 21:40,0.000
08/16/06 21:45,0.000
08/16/06 21:50,0.000
08/16/06 21:55,0.000
08/16/06 22:00,0.000
08/16/06 22:05,0.000
08/16/06 22:10,0.000
08/16/06 22:15,0.000
08/16/06 22:20,0.000
08/16/06 22:25,0.000
08/16/06 22:30,0.000
08/16/06 22:35,0.000
08/16/06 22:40,0.000
08/16/06 22:45,0.000
08/16/06 22:50,0.000
08/16/06 22:55,0.000
08/16/06 23:00,0.000
08/16/06 23:05,0.000
08/16/06 23:10,0.000
08/16/06 23:15,0.000
08/16/06 23:20,0.000
08/16/06 23:25,0.000
08/16/06 23:30,0.000
08/16/06 23:35,0.000
08/16/06 23:40,0.000
08/16/06 23:45,0.000
08/16/06 23:50,0.000
08/16/06 23:55,0.000
08/17/06 00:00,0.000
08/17/06 00:05,0.000
08/17/06 00:10,0.000
08/17/06 00:15,0.000
08/17/06 00:20,0.000
08/17/06 00:25,0.000
08/17/06 00:30,0.000
08/17/06 00:35,0.000
08/17/06 00:40,0.000
08/17/06 00:45,0.000
08/17/06 00:50,0.000
08/17/06 00:55,0.000
08/17/06 01:00,0.000
08/17/06 01:05,0.000
08/17/06 01:10,0.000
08/17/06 01:15,0.000
08/17/06 01:20,0.000
08/17/06 01:25,0.000
08/17/06 01:30,0.000
08/17/06 01:35,0.000
08/17/06 01:40,0.000
08/17/06 01:45,0.000
08/17/06 01:50,0.000
08/17/06 01:55,0.000
08/17/06 02:00,0.000
08/17/06 02:05,0.000
08/17/06 02:10,0.000
08/17/06 02:15,0.000
08/17/06 02:20,0.000
08/17/06 02:25,0.000
08/17/06 02:30,0.000
08/17/06 02:35,0.000
08/17/06 02:40,0.000
08/17/06 02:45,0.000
08/17/06 02:50,0.000
08/17/06 02:55,0.000
08/17/06 03:00,0.000
08/17/06 03:05,0.000
08/17/06 03:10,0.000
08/17/06 03:15,0.000
08/17/06 03:20,0.000
08/17/06 03:25,0.000
08/17/06 03:30,0.000
08/17/06 03:35,0.000
08/17/06 03:40,0.000
08/17/06 03:45,0.000
08/17/06 03:50,0.000
08/17/06 03:55,0.000
08/17/06 04:00,0.000
08/17/06 04:05,0.000
08/17/06 04:10,0.000
08/17/06 04:15,0.000
08/17/06 04:20,0.000
08/17/06 04:25,0.000
08/17/06 04:30,0.000
08/17/06 04:35,0.000
08/17/06 04:40,0.000
08/17/06 04:45,0.000
08/17/06 04:50,0.000
08/17/06 04:55,0.000
08/17/06 05:00,0.000
08/17/06 05:05,0.000
08/17/06 05:10,0.000
08/17/06 05:15,0.000
08/17/06 05:20,0.000
08/17/06 05:25,0.000
08/17/06 05:30,0.001
08/17/06 05:35,0.001
08/17/06 05:40,0.003
08/17/06 05:45,0.005
08/17/06 05:50,0.010
08/17/06 05:55,0.018
08/17/06 06:00,0.028
08/17/06 06:05,0.045
08/17/06 06:10,0.070
08/17/06 06:15,0.081
08/17/06 06:20,0.091
08/17/06 06:25,0.099
08/17/06 06:30,0.104
08/17/06 06:35,0.113
08/17/06 06:40,0.119
08/17/06 06:45,0.126
08/17/06 06:50,0.138
08/17/06 06:55,0.147
08/17/06 07:00,0.155
08/17/06 07:05,0.165
08/17/06 07:10,0.178
08/17/06 07:15,0.190
08/17/06 07:20,0.202
08/17/06 07:25,0.216
08/17/06 07:30,0.229
08/17/06 07:35,0.245
08/17/06 07:40,0.259
08/17/06 07:45,0.273
08/17/06 07:50,0.287
08/17/06 07:55,0.302
08/17/06 08:00,0.316
08/17/06 08:05,0.331
08/17/06 08:10,0.347
08/17/06 08:15,0.362
08/17/06 08:20,0.372
08/17/06 08:25,0.386
08/17/06 08:30,0.397
08/17/06 08:35,0.403
08/17/06 08:40,0.408
08/17/06 08:45,0.417
08/17/06 08:50,0.427
08/17/06 08:55,0.435
08/17/06 09:00,0.444
08/17/06 09:05,0.452
08/17/06 09:10,0.460
08/17/06 09:15,0.467
08/17/06 09:20,0.474
08/17/06 09:25,0.480
08/17/06 09:30,0.485
08/17/06 09:35,0.491
08/17/06 09:40,0.497
08/17/06 09:45,0.502
08/17/06 09:50,0.507
08/17/06 09:55,0.513
08/17/06 10:00,0.518
08/17/06 10:05,0.524
08/17/06 10:10,0.528
08/17/06 10:15,0.531
08/17/06 10:20,0.534
08/17/06 10:25,0.538
08/17/06 10:30,0.541
08/17/06 10:35,0.544
08/17/06 10:40,0.547
08/17/06 10:45,0.549
08/17/06 10:50,0.552
08/17/06 10:55,0.554
08/17/06 11:00,0.557
08/17/06 11:05,0.559
08/17/06 11:10,0.561
08/17/06 11:15,0.563
08/17/06 11:20,0.565
08/17/06 11:25,0.566
08/17/06 11:30,0.567
08/17/06 11:35,0.568
08/17/06 11:40,0.569
08/17/06 11:45,0.570
08/17/06 11:50,0.571
08/17/06 11:55,0.571
08/17/06 12:00,0.569
08/17/06 12:05,0.568
08/17/06 12:10,0.567
08/17/06 12:15,0.566
08/17/06 12:20,0.568
08/17/06 12:25,0.570
08/17/06 12:30,0.570
08/17/06 12:35,0.568
08/17/06 12:40,0.565
08/17/06 12:45,0.565
08/17/06 12:50,0.565
08/17/06 12:55,0.563
08/17/06 13:00,0.563
08/17/06 13:05,0.564
08/17/06 13:10,0.563
08/17/06 13:15,0.560
08/17/06 13:20,0.558
08/17/06 13:25,0.557
08/17/06 13:30,0.554
08/17/06 13:35,0.551
08/17/06 13:40,0.547
08/17/06 13:45,0.543
08/17/06 13:50,0.537
08/17/06 13:55,0.531
08/17/06 14:00,0.525
08/17/06 14:05,0.520
08/17/06 14:10,0.515
08/17/06 14:15,0.509
08/17/06 14:20,0.503
08/17/06 14:25,0.497
08/17/06 14:30,0.489
08/17/06 14:35,0.481
08/17/06 14:40,0.473
08/17/06 14:45,0.465
08/17/06 14:50,0.456
08/17/06 14:55,0.448
08/17/06 15:00,0.438
08/17/06 15:05,0.429
08/17/06 15:10,0.421
08/17/06 15:15,0.412
08/17/06 15:20,0.399
08/17/06 15:25,0.387
08/17/06 15:30,0.376
08/17/06 15:35,0.364
08/17/06 15:40,0.351
08/17/06 15:45,0.338
08/17/06 15:50,0.325
08/17/06 15:55,0.313
08/17/06 16:00,0.300
08/17/06 16:05,0.287
08/17/06 16:10,0.273
08/17/06 16:15,0.260
08/17/06 16:20,0.246
08/17/06 16:25,0.233
08/17/06 16:30,0.219
08/17/06 16:35,0.206
08/17/06 16:40,0.192
08/17/06 16:45,0.179
08/17/06 16:50,0.166
08/17/06 16:55,0.152
08/17/06 17:00,0.138
08/17/06 17:05,0.125
08/17/06 17:10,0.113
08/17/06 17:15,0.101
08/17/06 17:20,0.090
08/17/06 17:25,0.079
08/17/06 17:30,0.063
08/17/06 17:35,0.039
08/17/06 17:40,0.022
08/17/06 17:45,0.012
08/17/06 17:50,0.006
08/17/06 17:55,0.003
08/17/06 18:00,0.002
08/17/06 18:05,0.001
08/17/06 18:10,0.000
08/17/06 18:15,0.000
08/17/06 18:20,0.000
08/17/06 18:25,0.000
08/17/06 18:30,0.000
08/17/06 18:35,0.000
08/17/06 18:40,0.000
08/17/06 18:45,0.000
08/17/06 18:50,0.000
08/17/06 18:55,0.000
08/17/06 19:00,0.000
08/17/06 19:05,0.000
08/17/06 19:10,0.000
08/17/06 19:15,0.000
08/17/06 19:20,0.000
08/17/06 19:25,0.000
08/17/06 19:30,0.000
08/17/06 19:35,0.000
08/17/06 19:40,0.000
08/17/06 19:45,0.000
08/17/06 19:50,0.000
08/17/06 19:55,0.000
08/17/06 20:00,0.000
08/17/06 20:05,0.000
08/17/06 20:10,0.000
08/17/06 20:15,0.000
08/17/06 20:20,0.000
08/17/06 20:25,0.000
08/17/06 20:30,0.000
08/17/06 20:35,0.000
08/17/06 20:40,0.000
08/17/06 20:45,0.000
08/17/06 20:50,0.000
08/17/06 20:55,0.000
08/17/06 21:00,0.000
08/17/06 21:05,0.000
08/17/06 21:10,0.000
08/17/06 21:15,0.000
08/17/06 21:20,0.000
08/17/06 21:25,0.000
08/17/06 21:30,0.000
08/17/06 21:35,0.000
08/17/06 21:40,0.000
08/17/06 21:45,0.000
08/17/06 21:50,0.000
08/17/06 21:55,0.000
08/17/06 22:00,0.000
08/17/06 22:05,0.000
08/17/06 22:10,0.000
08/17/06 22:15,0.000
08/17/06 22:20,0.000
08/17/06 22:25,0.000
08/17/06 22:30,0.000
08/17/06 22:35,0.000
08/17/06 22:40,0.000
08/17/06 22:45,0.000
08/17/06 22:50,0.000
08/17/06 22:55,0.000
08/17/06 23:00,0.000
08/17/06 23:05,0.000
08/17/06 23:10,0.000
08/17/06 23:15,0.000
08/17/06 23:20,0.000
08/17/06 23:25,0.000
08/17/06 23:30,0.000
08/17/06 23:35,0.000
08/17/06 23:40,0.000
08/17/06 23:45,0.000
08/17/06 23:50,0.000
08/17/06 23:55,0.000
08/18/06 00:00,0.000
08/18/06 00:05,0.000
08/18/06 00:10,0.000
08/18/06 00:15,0.000
08/18/06 00:20,0.000
08/18/06 00:25,0.000
08/18/06 00:30,0.000
08/18/06 00:35,0.000
08/18/06 00:40,0.000
08/18/06 00:45,0.000
08/18/06 00:50,0.000
08/18/06 00:55,0.000
08/18/06 01:00,0.000
08/18/06 01:05,0.000
08/18/06 01:10,0.000
08/18/06 01:15,0.000
08/18/06 01:20,0.000
08/18/06 01:25,0.000
08/18/06 01:30,0.000
08/18/06 01:35,0.000
08/18/06 01:40,0.000
08/18/06 01:45,0.000
08/18/06 01:50,0.000
08/18/06 01:55,0.000
08/18/06 02:00,0.000
08/18/06 02:05,0.000
08/18/06 02:10,0.000
08/18/06 02:15,0.000
08/18/06 02:20,0.000
08/18/06 02:25,0.000
08/18/06 02:30,0.000
08/18/06 02:35,0.000
08/18/06 02:40,0.000
08/18/06 02:45,0.000
08/18/06 02:50,0.000
08/18/06 02:55,0.000
08/18/06 03:00,0.000
08/18/06 03:05,0.000
08/18/06 03:10,0.000
08/18/06 03:15,0.000
08/18/06 03:20,0.000
08/18/06 03:25,0.000
08/18/06 03:30,0.000
08/18/06 03:35,0.000
08/18/06 03:40,0.000
08/18/06 03:45,0.000
08/18/06 03:50,0.000
08/18/06 03:55,0.000
08/18/06 04:00,0.000
08/18/06 04:05,0.000
08/18/06 04:10,0.000
08/18/06 04:15,0.000
08/18/06 04:20,0.000
08/18/06 04:25,0.000
08/18/06 04:30,0.000
08/18/06 04:35,0.000
08/18/06 04:40,0.000
08/18/06 04:45,0.000
08/18/06 04:50,0.000
08/18/06 04:55,0.000
08/18/06 05:00,0.000
08/18/06 05:05,0.000
08/18/06 05:10,0.000
08/18/06 05:15,0.000
08/18/06 05:20,0.000
08/18/06 05:25,0.000
08/18/06 05:30,0.000
08/18/06 05:35,0.001
08/18/06 05:40,0.002
08/18/06 05:45,0.003
08/18/06 05:50,0.007
08/18/06 05:55,0.014
08/18/06 06:00,0.025
08/18/06 06:05,0.043
08/18/06 06:10,0.073
08/18/06 06:15,0.084
08/18/06 06:20,0.094
08/18/06 06:25,0.106
08/18/06 06:30,0.117
08/18/06 06:35,0.129
08/18/06 06:40,0.141
08/18/06 06:45,0.153
08/18/06 06:50,0.165
08/18/06 06:55,0.177
08/18/06 07:00,0.190
08/18/06 07:05,0.203
08/18/06 07:10,0.216
08/18/06 07:15,0.229
08/18/06 07:20,0.242
08/18/06 07:25,0.254
08/18/06 07:30,0.267
08/18/06 07:35,0.279
08/18/06 07:40,0.291
08/18/06 07:45,0.303
08/18/06 07:50,0.314
08/18/06 07:55,0.326
08/18/06 08:00,0.337
08/18/06 08:05,0.347
08/18/06 08:10,0.355
08/18/06 08:15,0.364
08/18/06 08:20,0.373
08/18/06 08:25,0.382
08/18/06 08:30,0.388
08/18/06 08:35,0.395
08/18/06 08:40,0.402
08/18/06 08:45,0.407
08/18/06 08:50,0.410
08/18/06 08:55,0.415
08/18/06 09:00,0.423
08/18/06 09:05,0.432
08/18/06 09:10,0.438
08/18/06 09:15,0.446
08/18/06 09:20,0.454
08/18/06 09:25,0.461
08/18/06 09:30,0.470
08/18/06 09:35,0.479
08/18/06 09:40,0.487
08/18/06 09:45,0.494
08/18/06 09:50,0.501
08/18/06 09:55,0.506
08/18/06 10:00,0.512
08/18/06 10:05,0.516
08/18/06 10:10,0.521
08/18/06 10:15,0.525
08/18/06 10:20,0.529
08/18/06 10:25,0.533
08/18/06 10:30,0.536
08/18/06 10:35,0.538
08/18/06 10:40,0.540
08/18/06 10:45,0.542
08/18/06 10:50,0.545
08/18/06 10:55,0.548
08/18/06 11:00,0.550
08/18/06 11:05,0.551
08/18/06 11:10,0.552
08/18/06 11:15,0.552
08/18/06 11:20,0.552
08/18/06 11:25,0.552
08/18/06 11:30,0.551
08/18/06 11:35,0.551
08/18/06 11:40,0.549
08/18/06 11:45,0.547
08/18/06 11:50,0.545
08/18/06 11:55,0.543
08/18/06 12:00,0.543
08/18/06 12:05,0.543
08/18/06 12:10,0.543
08/18/06 12:15,0.541
08/18/06 12:20,0.540
08/18/06 12:25,0.540
08/18/06 12:30,0.539
08/18/06 12:35,0.538
08/18/06 12:40,0.536
08/18/06 12:45,0.534
08/18/06 12:50,0.533
08/18/06 12:55,0.532
08/18/06 13:00,0.530
08/18/06 13:05,0.526
08/18/06 13:10,0.524
08/18/06 13:15,0.522
08/18/06 13:20,0.518
08/18/06 13:25,0.513
08/18/06 13:30,0.508
08/18/06 13:35,0.503
08/18/06 13:40,0.498
08/18/06 13:45,0.491
08/18/06 13:50,0.484
08/18/06 13:55,0.475
08/18/06 14:00,0.469
08/18/06 14:05,0.464
08/18/06 14:10,0.458
08/18/06 14:15,0.452
08/18/06 14:20,0.447
08/18/06 14:25,0.443
08/18/06 14:30,0.439
08/18/06 14:35,0.434
08/18/06 14:40,0.428
08/18/06 14:45,0.421
08/18/06 14:50,0.416
08/18/06 14:55,0.410
08/18/06 15:00,0.402
08/18/06 15:05,0.393
08/18/06 15:10,0.384
08/18/06 15:15,0.371
08/18/06 15:20,0.352
08/18/06 15:25,0.338
08/18/06 15:30,0.326
08/18/06 15:35,0.314
08/18/06 15:40,0.303
08/18/06 15:45,0.291
08/18/06 15:50,0.279
08/18/06 15:55,0.267
08/18/06 16:00,0.254
08/18/06 16:05,0.241
08/18/06 16:10,0.229
08/18/06 16:15,0.217
08/18/06 16:20,0.205
08/18/06 16:25,0.194
08/18/06 16:30,0.183
08/18/06 16:35,0.172
08/18/06 16:40,0.161
08/18/06 16:45,0.150
08/18/06 16:50,0.138
08/18/06 16:55,0.127
08/18/06 17:00,0.117
08/18/06 17:05,0.107
08/18/06 17:10,0.098
08/18/06 17:15,0.088
08/18/06 17:20,0.079
08/18/06 17:25,0.068
08/18/06 17:30,0.043
08/18/06 17:35,0.027
08/18/06 17:40,0.016
08/18/06 17:45,0.010
08/18/06 17:50,0.006
08/18/06 17:55,0.004
08/18/06 18:00,0.002
08/18/06 18:05,0.001
08/18/06 18:10,0.001
08/18/06 18:15,0.000
08/18/06 18:20,0.000
08/18/06 18:25,0.000
08/18/06 18:30,0.000
08/18/06 18:35,0.000
08/18/06 18:40,0.000
08/18/06 18:45,0.000
08/18/06 18:50,0.000
08/18/06 18:55,0.000
08/18/06 19:00,0.000
08/18/06 19:05,0.000
08/18/06 19:10,0.000
08/18/06 19:15,0.000
08/18/06 19:20,0.000
08/18/06 19:25,0.000
08/18/06 19:30,0.000
08/18/06 19:35,0.000
08/18/06 19:40,0.000
08/18/06 19:45,0.000
08/18/06 19:50,0.000
08/18/06 19:55,0.000
08/18/06 20:00,0.000
08/18/06 20:05,0.000
08/18/06 20:10,0.000
08/18/06 20:15,0.000
08/18/06 20:20,0.000
08/18/06 20:25,0.000
08/18/06 20:30,0.000
08/18/06 20:35,0.000
08/18/06 20:40,0.000
08/18/06 20:45,0.000
08/18/06 20:50,0.000
08/18/06 20:55,0.000
08/18/06 21:00,0.000
08/18/06 21:05,0.000
08/18/06 21:10,0.000
08/18/06 21:15,0.000
08/18/06 21:20,0.000
08/18/06 21:25,0.000
08/18/06 21:30,0.000
08/18/06 21:35,0.000
08/18/06 21:40,0.000
08/18/06 21:45,0.000
08/18/06 21:50,0.000
08/18/06 21:55,0.000
08/18/06 22:00,0.000
08/18/06 22:05,0.000
08/18/06 22:10,0.000
08/18/06 22:15,0.000
08/18/06 22:20,0.000
08/18/06 22:25,0.000
08/18/06 22:30,0.000
08/18/06 22:35,0.000
08/18/06 22:40,0.000
08/18/06 22:45,0.000
08/18/06 22:50,0.000
08/18/06 22:55,0.000
08/18/06 23:00,0.000
08/18/06 23:05,0.000
08/18/06 23:10,0.000
08/18/06 23:15,0.000
08/18/06 23:20,0.000
08/18/06 23:25,0.000
08/18/06 23:30,0.000
08/18/06 23:35,0.000
08/18/06 23:40,0.000
08/18/06 23:45,0.000
08/18/06 23:50,0.000
08/18/06 23:55,0.000
08/19/06 00:00,0.000
08/19/06 00:05,0.000
08/19/06 00:10,0.000
08/19/06 00:15,0.000
08/19/06 00:20,0.000
08/19/06 00:25,0.000
08/19/06 00:30,0.000
08/19/06 00:35,0.000
08/19/06 00:40,0.000
08/19/06 00:45,0.000
08/19/06 00:50,0.000
08/19/06 00:55,0.000
08/19/06 01:00,0.000
08/19/06 01:05,0.000
08/19/06 01:10,0.000
08/19/06 01:15,0.000
08/19/06 01:20,0.000
08/19/06 01:25,0.000
08/19/06 01:30,0.000
08/19/06 01:35,0.000
08/19/06 01:40,0.000
08/19/06 01:45,0.000
08/19/06 01:50,0.000
08/19/06 01:55,0.000
08/19/06 02:00,0.000
08/19/06 02:05,0.000
08/19/06 02:10,0.000
08/19/06 02:15,0.000
08/19/06 02:20,0.000
08/19/06 02:25,0.000
08/19/06 02:30,0.000
08/19/06 02:35,0.000
08/19/06 02:40,0.000
08/19/06 02:45,0.000
08/19/06 02:50,0.000
08/19/06 02:55,0.000
08/19/06 03:00,0.000
08/19/06 03:05,0.000
08/19/06 03:10,0.000
08/19/06 03:15,0.000
08/19/06 03:20,0.000
08/19/06 03:25,0.000
08/19/06 03:30,0.000
08/19/06 03:35,0.000
08/19/06 03:40,0.000
08/19/06 03:45,0.000
08/19/06 03:50,0.000
08/19/06 03:55,0.000
08/19/06 04:00,0.000
08/19/06 04:05,0.000
08/19/06 04:10,0.000
08/19/06 04:15,0.000
08/19/06 04:20,0.000
08/19/06 04:25,0.000
08/19/06 04:30,0.000
08/19/06 04:35,0.000
08/19/06 04:40,0.000
08/19/06 04:45,0.000
08/19/06 04:50,0.000
08/19/06 04:55,0.000
08/19/06 05:00,0.000
08/19/06 05:05,0.000
08/19/06 05:10,0.000
08/19/06 05:15,0.000
08/19/06 05:20,0.000
08/19/06 05:25,0.000
08/19/06 05:30,0.000
08/19/06 05:35,0.000
08/19/06 05:40,0.001
08/19/06 05:45,0.002
08/19/06 05:50,0.003
08/19/06 05:55,0.007
08/19/06 06:00,0.015
08/19/06 06:05,0.029
08/19/06 06:10,0.052
08/19/06 06:15,0.077
08/19/06 06:20,0.088
08/19/06 06:25,0.099
08/19/06 06:30,0.111
08/19/06 06:35,0.123
08/19/06 06:40,0.135
08/19/06 06:45,0.148
08/19/06 06:50,0.160
08/19/06 06:55,0.173
08/19/06 07:00,0.185
08/19/06 07:05,0.196
08/19/06 07:10,0.207
08/19/06 07:15,0.218
08/19/06 07:20,0.229
08/19/06 07:25,0.239
08/19/06 07:30,0.249
08/19/06 07:35,0.259
08/19/06 07:40,0.269
08/19/06 07:45,0.275
08/19/06 07:50,0.281
08/19/06 07:55,0.287
08/19/06 08:00,0.295
08/19/06 08:05,0.301
08/19/06 08:10,0.308
08/19/06 08:15,0.316
08/19/06 08:20,0.325
08/19/06 08:25,0.337
08/19/06 08:30,0.345
08/19/06 08:35,0.354
08/19/06 08:40,0.364
08/19/06 08:45,0.373
08/19/06 08:50,0.381
08/19/06 08:55,0.390
08/19/06 09:00,0.397
08/19/06 09:05,0.402
08/19/06 09:10,0.408
08/19/06 09:15,0.411
08/19/06 09:20,0.416
08/19/06 09:25,0.421
08/19/06 09:30,0.426
08/19/06 09:35,0.431
08/19/06 09:40,0.435
08/19/06 09:45,0.439
08/19/06 09:50,0.443
08/19/06 09:55,0.447
08/19/06 10:00,0.454
08/19/06 10:05,0.464
08/19/06 10:10,0.472
08/19/06 10:15,0.480
08/19/06 10:20,0.487
08/19/06 10:25,0.493
08/19/06 10:30,0.499
08/19/06 10:35,0.505
08/19/06 10:40,0.510
08/19/06 10:45,0.516
08/19/06 10:50,0.520
08/19/06 10:55,0.522
08/19/06 11:00,0.523
08/19/06 11:05,0.523
08/19/06 11:10,0.524
08/19/06 11:15,0.524
08/19/06 11:20,0.524
08/19/06 11:25,0.524
08/19/06 11:30,0.524
08/19/06 11:35,0.523
08/19/06 11:40,0.521
08/19/06 11:45,0.520
08/19/06 11:50,0.517
08/19/06 11:55,0.514
08/19/06 12:00,0.510
08/19/06 12:05,0.507
08/19/06 12:10,0.504
08/19/06 12:15,0.503
08/19/06 12:20,0.501
08/19/06 12:25,0.500
08/19/06 12:30,0.499
08/19/06 12:35,0.501
08/19/06 12:40,0.501
08/19/06 12:45,0.501
08/19/06 12:50,0.502
08/19/06 12:55,0.501
08/19/06 13:00,0.497
08/19/06 13:05,0.493
08/19/06 13:10,0.487
08/19/06 13:15,0.476
08/19/06 13:20,0.464
08/19/06 13:25,0.455
08/19/06 13:30,0.448
08/19/06 13:35,0.443
08/19/06 13:40,0.439
08/19/06 13:45,0.435
08/19/06 13:50,0.430
08/19/06 13:55,0.425
08/19/06 14:00,0.422
08/19/06 14:05,0.420
08/19/06 14:10,0.418
08/19/06 14:15,0.416
08/19/06 14:20,0.411
08/19/06 14:25,0.406
08/19/06 14:30,0.401
08/19/06 14:35,0.396
08/19/06 14:40,0.390
08/19/06 14:45,0.384
08/19/06 14:50,0.376
08/19/06 14:55,0.368
08/19/06 15:00,0.359
08/19/06 15:05,0.351
08/19/06 15:10,0.340
08/19/06 15:15,0.327
08/19/06 15:20,0.316
08/19/06 15:25,0.305
08/19/06 15:30,0.295
08/19/06 15:35,0.286
08/19/06 15:40,0.276
08/19/06 15:45,0.267
08/19/06 15:50,0.258
08/19/06 15:55,0.250
08/19/06 16:00,0.241
08/19/06 16:05,0.232
08/19/06 16:10,0.223
08/19/06 16:15,0.213
08/19/06 16:20,0.203
08/19/06 16:25,0.192
08/19/06 16:30,0.181
08/19/06 16:35,0.170
08/19/06 16:40,0.159
08/19/06 16:45,0.148
08/19/06 16:50,0.137
08/19/06 16:55,0.127
08/19/06 17:00,0.116
08/19/06 17:05,0.105
08/19/06 17:10,0.095
08/19/06 17:15,0.085
08/19/06 17:20,0.076
08/19/06 17:25,0.053
08/19/06 17:30,0.032
08/19/06 17:35,0.018
08/19/06 17:40,0.010
08/19/06 17:45,0.006
08/19/06 17:50,0.003
08/19/06 17:55,0.002
08/19/06 18:00,0.001
08/19/06 18:05,0.001
08/19/06 18:10,0.000
08/19/06 18:15,0.000
08/19/06 18:20,0.000
08/19/06 18:25,0.000
08/19/06 18:30,0.000
08/19/06 18:35,0.000
08/19/06 18:40,0.000
08/19/06 18:45,0.000
08/19/06 18:50,0.000
08/19/06 18:55,0.000
08/19/06 19:00,0.000
08/19/06 19:05,0.000
08/19/06 19:10,0.000
08/19/06 19:15,0.000
08/19/06 19:20,0.000
08/19/06 19:25,0.000
08/19/06 19:30,0.000
08/19/06 19:35,0.000
08/19/06 19:40,0.000
08/19/06 19:45,0.000
08/19/06 19:50,0.000
08/19/06 19:55,0.000
08/19/06 20:00,0.000
08/19/06 20:05,0.000
08/19/06 20:10,0.000
08/19/06 20:15,0.000
08/19/06 20:20,0.000
08/19/06 20:25,0.000
08/19/06 20:30,0.000
08/19/06 20:35,0.000
08/19/06 20:40,0.000
08/19/06 20:45,0.000
08/19/06 20:50,0.000
08/19/06 20:55,0.000
08/19/06 21:00,0.000
08/19/06 21:05,0.000
08/19/06 21:10,0.000
08/19/06 21:15,0.000
08/19/06 21:20,0.000
08/19/06 21:25,0.000
08/19/06 21:30,0.000
08/19/06 21:35,0.000
08/19/06 21:40,0.000
08/19/06 21:45,0.000
08/19/06 21:50,0.000
08/19/06 21:55,0.000
08/19/06 22:00,0.000
08/19/06 22:05,0.000
08/19/06 22:10,0.000
08/19/06 22:15,0.000
08/19/06 22:20,0.000
08/19/06 22:25,0.000
08/19/06 22:30,0.000
08/19/06 22:35,0.000
08/19/06 22:40,0.000
08/19/06 22:45,0.000
08/19/06 22:50,0.000
08/19/06 22:55,0.000
08/19/06 23:00,0.000
08/19/06 23:05,0.000
08/19/06 23:10,0.000
08/19/06 23:15,0.000
08/19/06 23:20,0.000
08/19/06 23:25,0.000
08/19/06 23:30,0.000
08/19/06 23:35,0.000
08/19/06 23:40,0.000
08/19/06 23:45,0.000
08/19/06 23:50,0.000
08/19/06 23:55,0.000
08/20/06 00:00,0.000
08/20/06 00:05,0.000
08/20/06 00:10,0.000
08/20/06 00:15,0.000
08/20/06 00:20,0.000
08/20/06 00:25,0.000
08/20/06 00:30,0.000
08/20/06 00:35,0.000
08/20/06 00:40,0.000
08/20/06 00:45,0.000
08/20/06 00:50,0.000
08/20/06 00:55,0.000
08/20/06 01:00,0.000
08/20/06 01:05,0.000
08/20/06 01:10,0.000
08/20/06 01:15,0.000
08/20/06 01:20,0.000
08/20/06 01:25,0.000
08/20/06 01:30,0.000
08/20/06 01:35,0.000
08/20/06 01:40,0.000
08/20/06 01:45,0.000
08/20/06 01:50,0.000
08/20/06 01:55,0.000
08/20/06 02:00,0.000
08/20/06 02:05,0.000
08/20/06 02:10,0.000
08/20/06 02:15,0.000
08/20/06 02:20,0.000
08/20/06 02:25,0.000
08/20/06 02:30,0.000
08/20/06 02:35,0.000
08/20/06 02:40,0.000
08/20/06 02:45,0.000
08/20/06 02:50,0.000
08/20/06 02:55,0.000
08/20/06 03:00,0.000
08/20/06 03:05,0.000
08/20/06 03:10,0.000
08/20/06 03:15,0.000
08/20/06 03:20,0.000
08/20/06 03:25,0.000
08/20/06 03:30,0.000
08/20/06 03:35,0.000
08/20/06 03:40,0.000
08/20/06 03:45,0.000
08/20/06 03:50,0.000
08/20/06 03:55,0.000
08/20/06 04:00,0.000
08/20/06 04:05,0.000
08/20/06 04:10,0.000
08/20/06 04:15,0.000
08/20/06 04:20,0.000
08/20/06 04:25,0.000
08/20/06 04:30,0.000
08/20/06 04:35,0.000
08/20/06 04:40,0.000
08/20/06 04:45,0.000
08/20/06 04:50,0.000
08/20/06 04:55,0.000
08/20/06 05:00,0.000
08/20/06 05:05,0.000
08/20/06 05:10,0.000
08/20/06 05:15,0.000
08/20/06 05:20,0.000
08/20/06 05:25,0.000
08/20/06 05:30,0.000
08/20/06 05:35,0.000
08/20/06 05:40,0.001
08/20/06 05:45,0.002
08/20/06 05:50,0.003
08/20/06 05:55,0.007
08/20/06 06:00,0.014
08/20/06 06:05,0.024
08/20/06 06:10,0.037
08/20/06 06:15,0.046
08/20/06 06:20,0.052
08/20/06 06:25,0.050
08/20/06 06:30,0.041
08/20/06 06:35,0.029
08/20/06 06:40,0.023
08/20/06 06:45,0.022
08/20/06 06:50,0.027
08/20/06 06:55,0.050
08/20/06 07:00,0.104
08/20/06 07:05,0.140
08/20/06 07:10,0.168
08/20/06 07:15,0.190
08/20/06 07:20,0.208
08/20/06 07:25,0.222
08/20/06 07:30,0.234
08/20/06 07:35,0.244
08/20/06 07:40,0.254
08/20/06 07:45,0.263
08/20/06 07:50,0.272
08/20/06 07:55,0.280
08/20/06 08:00,0.290
08/20/06 08:05,0.301
08/20/06 08:10,0.312
08/20/06 08:15,0.323
08/20/06 08:20,0.334
08/20/06 08:25,0.349
08/20/06 08:30,0.358
08/20/06 08:35,0.368
08/20/06 08:40,0.378
08/20/06 08:45,0.386
08/20/06 08:50,0.392
08/20/06 08:55,0.400
08/20/06 09:00,0.405
08/20/06 09:05,0.411
08/20/06 09:10,0.418
08/20/06 09:15,0.425
08/20/06 09:20,0.432
08/20/06 09:25,0.440
08/20/06 09:30,0.447
08/20/06 09:35,0.454
08/20/06 09:40,0.459
08/20/06 09:45,0.465
08/20/06 09:50,0.471
08/20/06 09:55,0.475
08/20/06 10:00,0.479
08/20/06 10:05,0.482
08/20/06 10:10,0.486
08/20/06 10:15,0.489
08/20/06 10:20,0.491
08/20/06 10:25,0.495
08/20/06 10:30,0.498
08/20/06 10:35,0.500
08/20/06 10:40,0.502
08/20/06 10:45,0.503
08/20/06 10:50,0.504
08/20/06 10:55,0.505
08/20/06 11:00,0.507
08/20/06 11:05,0.510
08/20/06 11:10,0.512
08/20/06 11:15,0.514
08/20/06 11:20,0.516
08/20/06 11:25,0.523
08/20/06 11:30,0.533
08/20/06 11:35,0.540
08/20/06 11:40,0.544
08/20/06 11:45,0.546
08/20/06 11:50,0.547
08/20/06 11:55,0.548
08/20/06 12:00,0.547
08/20/06 12:05,0.547
08/20/06 12:10,0.547
08/20/06 12:15,0.546
08/20/06 12:20,0.544
08/20/06 12:25,0.542
08/20/06 12:30,0.537
08/20/06 12:35,0.530
08/20/06 12:40,0.522
08/20/06 12:45,0.514
08/20/06 12:50,0.507
08/20/06 12:55,0.501
08/20/06 13:00,0.495
08/20/06 13:05,0.489
08/20/06 13:10,0.482
08/20/06 13:15,0.476
08/20/06 13:20,0.470
08/20/06 13:25,0.465
08/20/06 13:30,0.459
08/20/06 13:35,0.452
08/20/06 13:40,0.445
08/20/06 13:45,0.439
08/20/06 13:50,0.433
08/20/06 13:55,0.428
08/20/06 14:00,0.425
08/20/06 14:05,0.422
08/20/06 14:10,0.419
08/20/06 14:15,0.415
08/20/06 14:20,0.408
08/20/06 14:25,0.399
08/20/06 14:30,0.390
08/20/06 14:35,0.381
08/20/06 14:40,0.372
08/20/06 14:45,0.363
08/20/06 14:50,0.355
08/20/06 14:55,0.347
08/20/06 15:00,0.337
08/20/06 15:05,0.327
08/20/06 15:10,0.317
08/20/06 15:15,0.305
08/20/06 15:20,0.295
08/20/06 15:25,0.284
08/20/06 15:30,0.274
08/20/06 15:35,0.264
08/20/06 15:40,0.255
08/20/06 15:45,0.246
08/20/06 15:50,0.237
08/20/06 15:55,0.229
08/20/06 16:00,0.219
08/20/06 16:05,0.210
08/20/06 16:10,0.200
08/20/06 16:15,0.190
08/20/06 16:20,0.180
08/20/06 16:25,0.171
08/20/06 16:30,0.162
08/20/06 16:35,0.152
08/20/06 16:40,0.141
08/20/06 16:45,0.132
08/20/06 16:50,0.123
08/20/06 16:55,0.114
08/20/06 17:00,0.105
08/20/06 17:05,0.096
08/20/06 17:10,0.087
08/20/06 17:15,0.079
08/20/06 17:20,0.068
08/20/06 17:25,0.044
08/20/06 17:30,0.027
08/20/06 17:35,0.016
08/20/06 17:40,0.010
08/20/06 17:45,0.006
08/20/06 17:50,0.003
08/20/06 17:55,0.002
08/20/06 18:00,0.001
08/20/06 18:05,0.001
08/20/06 18:10,0.000
08/20/06 18:15,0.000
08/20/06 18:20,0.000
08/20/06 18:25,0.000
08/20/06 18:30,0.000
08/20/06 18:35,0.000
08/20/06 18:40,0.000
08/20/06 18:45,0.000
08/20/06 18:50,0.000
08/20/06 18:55,0.000
08/20/06 19:00,0.000
08/20/06 19:05,0.000
08/20/06 19:10,0.000
08/20/06 19:15,0.000
08/20/06 19:20,0.000
08/20/06 19:25,0.000
08/20/06 19:30,0.000
08/20/06 19:35,0.000
08/20/06 19:40,0.000
08/20/06 19:45,0.000
08/20/06 19:50,0.000
08/20/06 19:55,0.000
08/20/06 20:00,0.000
08/20/06 20:05,0.000
08/20/06 20:10,0.000
08/20/06 20:15,0.000
08/20/06 20:20,0.000
08/20/06 20:25,0.000
08/20/06 20:30,0.000
08/20/06 20:35,0.000
08/20/06 20:40,0.000
08/20/06 20:45,0.000
08/20/06 20:50,0.000
08/20/06 20:55,0.000
08/20/06 21:00,0.000
08/20/06 21:05,0.000
08/20/06 21:10,0.000
08/20/06 21:15,0.000
08/20/06 21:20,0.000
08/20/06 21:25,0.000
08/20/06 21:30,0.000
08/20/06 21:35,0.000
08/20/06 21:40,0.000
08/20/06 21:45,0.000
08/20/06 21:50,0.000
08/20/06 21:55,0.000
08/20/06 22:00,0.000
08/20/06 22:05,0.000
08/20/06 22:10,0.000
08/20/06 22:15,0.000
08/20/06 22:20,0.000
08/20/06 22:25,0.000
08/20/06 22:30,0.000
08/20/06 22:35,0.000
08/20/06 22:40,0.000
08/20/06 22:45,0.000
08/20/06 22:50,0.000
08/20/06 22:55,0.000
08/20/06 23:00,0.000
08/20/06 23:05,0.000
08/20/06 23:10,0.000
08/20/06 23:15,0.000
08/20/06 23:20,0.000
08/20/06 23:25,0.000
08/20/06 23:30,0.000
08/20/06 23:35,0.000
08/20/06 23:40,0.000
08/20/06 23:45,0.000
08/20/06 23:50,0.000
08/20/06 23:55,0.000
08/21/06 00:00,0.000
08/21/06 00:05,0.000
08/21/06 00:10,0.000
08/21/06 00:15,0.000
08/21/06 00:20,0.000
08/21/06 00:25,0.000
08/21/06 00:30,0.000
08/21/06 00:35,0.000
08/21/06 00:40,0.000
08/21/06 00:45,0.000
08/21/06 00:50,0.000
08/21/06 00:55,0.000
08/21/06 01:00,0.000
08/21/06 01:05,0.000
08/21/06 01:10,0.000
08/21/06 01:15,0.000
08/21/06 01:20,0.000
08/21/06 01:25,0.000
08/21/06 01:30,0.000
08/21/06 01:35,0.000
08/21/06 01:40,0.000
08/21/06 01:45,0.000
08/21/06 01:50,0.000
08/21/06 01:55,0.000
08/21/06 02:00,0.000
08/21/06 02:05,0.000
08/21/06 02:10,0.000
08/21/06 02:15,0.000
08/21/06 02:20,0.000
08/21/06 02:25,0.000
08/21/06 02:30,0.000
08/21/06 02:35,0.000
08/21/06 02:40,0.000
08/21/06 02:45,0.000
08/21/06 02:50,0.000
08/21/06 02:55,0.000
08/21/06 03:00,0.000
08/21/06 03:05,0.000
08/21/06 03:10,0.000
08/21/06 03:15,0.000
08/21/06 03:20,0.000
08/21/06 03:25,0.000
08/21/06 03:30,0.000
08/21/06 03:35,0.000
08/21/06 03:40,0.000
08/21/06 03:45,0.000
08/21/06 03:50,0.000
08/21/06 03:55,0.000
08/21/06 04:00,0.000
08/21/06 04:05,0.000
08/21/06 04:10,0.000
08/21/06 04:15,0.000
08/21/06 04:20,0.000
08/21/06 04:25,0.000
08/21/06 04:30,0.000
08/21/06 04:35,0.000
08/21/06 04:40,0.000
08/21/06 04:45,0.000
08/21/06 04:50,0.000
08/21/06 04:55,0.000
08/21/06 05:00,0.000
08/21/06 05:05,0.000
08/21/06 05:10,0.000
08/21/06 05:15,0.000
08/21/06 05:20,0.000
08/21/06 05:25,0.000
08/21/06 05:30,0.000
08/21/06 05:35,0.000
08/21/06 05:40,0.001
08/21/06 05:45,0.002
08/21/06 05:50,0.004
08/21/06 05:55,0.007
08/21/06 06:00,0.012
08/21/06 06:05,0.014
08/21/06 06:10,0.018
08/21/06 06:15,0.022
08/21/06 06:20,0.028
08/21/06 06:25,0.033
08/21/06 06:30,0.060
08/21/06 06:35,0.075
08/21/06 06:40,0.082
08/21/06 06:45,0.087
08/21/06 06:50,0.096
08/21/06 06:55,0.101
08/21/06 07:00,0.114
08/21/06 07:05,0.125
08/21/06 07:10,0.132
08/21/06 07:15,0.135
08/21/06 07:20,0.139
08/21/06 07:25,0.144
08/21/06 07:30,0.161
08/21/06 07:35,0.168
08/21/06 07:40,0.183
08/21/06 07:45,0.200
08/21/06 07:50,0.205
08/21/06 07:55,0.204
08/21/06 08:00,0.211
08/21/06 08:05,0.209
08/21/06 08:10,0.205
08/21/06 08:15,0.202
08/21/06 08:20,0.198
08/21/06 08:25,0.189
08/21/06 08:30,0.187
08/21/06 08:35,0.188
08/21/06 08:40,0.183
08/21/06 08:45,0.179
08/21/06 08:50,0.167
08/21/06 08:55,0.157
08/21/06 09:00,0.207
08/21/06 09:05,0.263
08/21/06 09:10,0.315
08/21/06 09:15,0.346
08/21/06 09:20,0.369
08/21/06 09:25,0.389
08/21/06 09:30,0.407
08/21/06 09:35,0.422
08/21/06 09:40,0.433
08/21/06 09:45,0.440
08/21/06 09:50,0.453
08/21/06 09:55,0.466
08/21/06 10:00,0.466
08/21/06 10:05,0.469
08/21/06 10:10,0.472
08/21/06 10:15,0.476
08/21/06 10:20,0.481
08/21/06 10:25,0.491
08/21/06 10:30,0.505
08/21/06 10:35,0.515
08/21/06 10:40,0.518
08/21/06 10:45,0.520
08/21/06 10:50,0.525
08/21/06 10:55,0.529
08/21/06 11:00,0.525
08/21/06 11:05,0.521
08/21/06 11:10,0.514
08/21/06 11:15,0.511
08/21/06 11:20,0.510
08/21/06 11:25,0.508
08/21/06 11:30,0.506
08/21/06 11:35,0.505
08/21/06 11:40,0.504
08/21/06 11:45,0.502
08/21/06 11:50,0.499
08/21/06 11:55,0.497
08/21/06 12:00,0.499
08/21/06 12:05,0.503
08/21/06 12:10,0.507
08/21/06 12:15,0.512
08/21/06 12:20,0.516
08/21/06 12:25,0.519
08/21/06 12:30,0.521
08/21/06 12:35,0.522
08/21/06 12:40,0.523
08/21/06 12:45,0.523
08/21/06 12:50,0.524
08/21/06 12:55,0.525
08/21/06 13:00,0.524
08/21/06 13:05,0.527
08/21/06 13:10,0.524
08/21/06 13:15,0.514
08/21/06 13:20,0.509
08/21/06 13:25,0.503
08/21/06 13:30,0.497
08/21/06 13:35,0.492
08/21/06 13:40,0.488
08/21/06 13:45,0.483
08/21/06 13:50,0.479
08/21/06 13:55,0.474
08/21/06 14:00,0.467
08/21/06 14:05,0.458
08/21/06 14:10,0.453
08/21/06 14:15,0.450
08/21/06 14:20,0.441
08/21/06 14:25,0.433
08/21/06 14:30,0.428
08/21/06 14:35,0.421
08/21/06 14:40,0.414
08/21/06 14:45,0.406
08/21/06 14:50,0.401
08/21/06 14:55,0.394
08/21/06 15:00,0.372
08/21/06 15:05,0.338
08/21/06 15:10,0.305
08/21/06 15:15,0.276
08/21/06 15:20,0.264
08/21/06 15:25,0.237
08/21/06 15:30,0.243
08/21/06 15:35,0.267
08/21/06 15:40,0.270
08/21/06 15:45,0.277
08/21/06 15:50,0.274
08/21/06 15:55,0.261
08/21/06 16:00,0.248
08/21/06 16:05,0.227
08/21/06 16:10,0.223
08/21/06 16:15,0.218
08/21/06 16:20,0.198
08/21/06 16:25,0.178
08/21/06 16:30,0.151
08/21/06 16:35,0.133
08/21/06 16:40,0.131
08/21/06 16:45,0.126
08/21/06 16:50,0.115
08/21/06 16:55,0.110
08/21/06 17:00,0.107
08/21/06 17:05,0.101
08/21/06 17:10,0.093
08/21/06 17:15,0.084
08/21/06 17:20,0.075
08/21/06 17:25,0.052
08/21/06 17:30,0.030
08/21/06 17:35,0.017
08/21/06 17:40,0.009
08/21/06 17:45,0.004
08/21/06 17:50,0.002
08/21/06 17:55,0.001
08/21/06 18:00,0.000
08/21/06 18:05,0.000
08/21/06 18:10,0.000
08/21/06 18:15,0.000
08/21/06 18:20,0.000
08/21/06 18:25,0.000
08/21/06 18:30,0.000
08/21/06 18:35,0.000
08/21/06 18:40,0.000
08/21/06 18:45,0.000
08/21/06 18:50,0.000
08/21/06 18:55,0.000
08/21/06 19:00,0.000
08/21/06 19:05,0.000
08/21/06 19:10,0.000
08/21/06 19:15,0.000
08/21/06 19:20,0.000
08/21/06 19:25,0.000
08/21/06 19:30,0.000
08/21/06 19:35,0.000
08/21/06 19:40,0.000
08/21/06 19:45,0.000
08/21/06 19:50,0.000
08/21/06 19:55,0.000
08/21/06 20:00,0.000
08/21/06 20:05,0.000
08/21/06 20:10,0.000
08/21/06 20:15,0.000
08/21/06 20:20,0.000
08/21/06 20:25,0.000
08/21/06 20:30,0.000
08/21/06 20:35,0.000
08/21/06 20:40,0.000
08/21/06 20:45,0.000
08/21/06 20:50,0.000
08/21/06 20:55,0.000
08/21/06 21:00,0.000
08/21/06 21:05,0.000
08/21/06 21:10,0.000
08/21/06 21:15,0.000
08/21/06 21:20,0.000
08/21/06 21:25,0.000
08/21/06 21:30,0.000
08/21/06 21:35,0.000
08/21/06 21:40,0.000
08/21/06 21:45,0.000
08/21/06 21:50,0.000
08/21/06 21:55,0.000
08/21/06 22:00,0.000
08/21/06 22:05,0.000
08/21/06 22:10,0.000
08/21/06 22:15,0.000
08/21/06 22:20,0.000
08/21/06 22:25,0.000
08/21/06 22:30,0.000
08/21/06 22:35,0.000
08/21/06 22:40,0.000
08/21/06 22:45,0.000
08/21/06 22:50,0.000
08/21/06 22:55,0.000
08/21/06 23:00,0.000
08/21/06 23:05,0.000
08/21/06 23:10,0.000
08/21/06 23:15,0.000
08/21/06 23:20,0.000
08/21/06 23:25,0.000
08/21/06 23:30,0.000
08/21/06 23:35,0.000
08/21/06 23:40,0.000
08/21/06 23:45,0.000
08/21/06 23:50,0.000
08/21/06 23:55,0.000
08/22/06 00:00,0.000
08/22/06 00:05,0.000
08/22/06 00:10,0.000
08/22/06 00:15,0.000
08/22/06 00:20,0.000
08/22/06 00:25,0.000
08/22/06 00:30,0.000
08/22/06 00:35,0.000
08/22/06 00:40,0.000
08/22/06 00:45,0.000
08/22/06 00:50,0.000
08/22/06 00:55,0.000
08/22/06 01:00,0.000
08/22/06 01:05,0.000
08/22/06 01:10,0.000
08/22/06 01:15,0.000
08/22/06 01:20,0.000
08/22/06 01:25,0.000
08/22/06 01:30,0.000
08/22/06 01:35,0.000
08/22/06 01:40,0.000
08/22/06 01:45,0.000
08/22/06 01:50,0.000
08/22/06 01:55,0.000
08/22/06 02:00,0.000
08/22/06 02:05,0.000
08/22/06 02:10,0.000
08/22/06 02:15,0.000
08/22/06 02:20,0.000
08/22/06 02:25,0.000
08/22/06 02:30,0.000
08/22/06 02:35,0.000
08/22/06 02:40,0.000
08/22/06 02:45,0.000
08/22/06 02:50,0.000
08/22/06 02:55,0.000
08/22/06 03:00,0.000
08/22/06 03:05,0.000
08/22/06 03:10,0.000
08/22/06 03:15,0.000
08/22/06 03:20,0.000
08/22/06 03:25,0.000
08/22/06 03:30,0.000
08/22/06 03:35,0.000
08/22/06 03:40,0.000
08/22/06 03:45,0.000
08/22/06 03:50,0.000
08/22/06 03:55,0.000
08/22/06 04:00,0.000
08/22/06 04:05,0.000
08/22/06 04:10,0.000
08/22/06 04:15,0.000
08/22/06 04:20,0.000
08/22/06 04:25,0.000
08/22/06 04:30,0.000
08/22/06 04:35,0.000
08/22/06 04:40,0.000
08/22/06 04:45,0.000
08/22/06 04:50,0.000
08/22/06 04:55,0.000
08/22/06 05:00,0.000
08/22/06 05:05,0.000
08/22/06 05:10,0.000
08/22/06 05:15,0.000
08/22/06 05:20,0.000
08/22/06 05:25,0.000
08/22/06 05:30,0.000
08/22/06 05:35,0.000
08/22/06 05:40,0.001
08/22/06 05:45,0.001
08/22/06 05:50,0.003
08/22/06 05:55,0.006
08/22/06 06:00,0.011
08/22/06 06:05,0.020
08/22/06 06:10,0.031
08/22/06 06:15,0.055
08/22/06 06:20,0.078
08/22/06 06:25,0.086
08/22/06 06:30,0.095
08/22/06 06:35,0.107
08/22/06 06:40,0.126
08/22/06 06:45,0.145
08/22/06 06:50,0.160
08/22/06 06:55,0.170
08/22/06 07:00,0.179
08/22/06 07:05,0.186
08/22/06 07:10,0.188
08/22/06 07:15,0.187
08/22/06 07:20,0.187
08/22/06 07:25,0.182
08/22/06 07:30,0.177
08/22/06 07:35,0.176
08/22/06 07:40,0.172
08/22/06 07:45,0.170
08/22/06 07:50,0.172
08/22/06 07:55,0.179
08/22/06 08:00,0.205
08/22/06 08:05,0.235
08/22/06 08:10,0.272
08/22/06 08:15,0.296
08/22/06 08:20,0.308
08/22/06 08:25,0.322
08/22/06 08:30,0.333
08/22/06 08:35,0.348
08/22/06 08:40,0.322
08/22/06 08:45,0.275
08/22/06 08:50,0.299
08/22/06 08:55,0.335
08/22/06 09:00,0.363
08/22/06 09:05,0.387
08/22/06 09:10,0.415
08/22/06 09:15,0.440
08/22/06 09:20,0.459
08/22/06 09:25,0.477
08/22/06 09:30,0.491
08/22/06 09:35,0.504
08/22/06 09:40,0.512
08/22/06 09:45,0.514
08/22/06 09:50,0.513
08/22/06 09:55,0.506
08/22/06 10:00,0.497
08/22/06 10:05,0.490
08/22/06 10:10,0.488
08/22/06 10:15,0.491
08/22/06 10:20,0.493
08/22/06 10:25,0.493
08/22/06 10:30,0.495
08/22/06 10:35,0.494
08/22/06 10:40,0.494
08/22/06 10:45,0.494
08/22/06 10:50,0.495
08/22/06 10:55,0.497
08/22/06 11:00,0.505
08/22/06 11:05,0.517
08/22/06 11:10,0.525
08/22/06 11:15,0.530
08/22/06 11:20,0.534
08/22/06 11:25,0.536
08/22/06 11:30,0.537
08/22/06 11:35,0.538
08/22/06 11:40,0.539
08/22/06 11:45,0.543
08/22/06 11:50,0.545
08/22/06 11:55,0.548
08/22/06 12:00,0.546
08/22/06 12:05,0.542
08/22/06 12:10,0.539
08/22/06 12:15,0.535
08/22/06 12:20,0.531
08/22/06 12:25,0.531
08/22/06 12:30,0.532
08/22/06 12:35,0.536
08/22/06 12:40,0.539
08/22/06 12:45,0.536
08/22/06 12:50,0.532
08/22/06 12:55,0.532
08/22/06 13:00,0.530
08/22/06 13:05,0.527
08/22/06 13:10,0.523
08/22/06 13:15,0.520
08/22/06 13:20,0.516
08/22/06 13:25,0.512
08/22/06 13:30,0.510
08/22/06 13:35,0.506
08/22/06 13:40,0.499
08/22/06 13:45,0.494
08/22/06 13:50,0.488
08/22/06 13:55,0.482
08/22/06 14:00,0.474
08/22/06 14:05,0.469
08/22/06 14:10,0.464
08/22/06 14:15,0.460
08/22/06 14:20,0.455
08/22/06 14:25,0.451
08/22/06 14:30,0.447
08/22/06 14:35,0.443
08/22/06 14:40,0.438
08/22/06 14:45,0.431
08/22/06 14:50,0.422
08/22/06 14:55,0.413
08/22/06 15:00,0.401
08/22/06 15:05,0.389
08/22/06 15:10,0.380
08/22/06 15:15,0.368
08/22/06 15:20,0.359
08/22/06 15:25,0.351
08/22/06 15:30,0.342
08/22/06 15:35,0.332
08/22/06 15:40,0.321
08/22/06 15:45,0.311
08/22/06 15:50,0.301
08/22/06 15:55,0.291
08/22/06 16:00,0.279
08/22/06 16:05,0.267
08/22/06 16:10,0.254
08/22/06 16:15,0.241
08/22/06 16:20,0.229
08/22/06 16:25,0.217
08/22/06 16:30,0.205
08/22/06 16:35,0.193
08/22/06 16:40,0.182
08/22/06 16:45,0.170
08/22/06 16:50,0.156
08/22/06 16:55,0.143
08/22/06 17:00,0.128
08/22/06 17:05,0.114
08/22/06 17:10,0.101
08/22/06 17:15,0.088
08/22/06 17:20,0.076
08/22/06 17:25,0.050
08/22/06 17:30,0.028
08/22/06 17:35,0.016
08/22/06 17:40,0.008
08/22/06 17:45,0.004
08/22/06 17:50,0.002
08/22/06 17:55,0.001
08/22/06 18:00,0.001
08/22/06 18:05,0.000
08/22/06 18:10,0.000
08/22/06 18:15,0.000
08/22/06 18:20,0.000
08/22/06 18:25,0.000
08/22/06 18:30,0.000
08/22/06 18:35,0.000
08/22/06 18:40,0.000
08/22/06 18:45,0.000
08/22/06 18:50,0.000
08/22/06 18:55,0.000
08/22/06 19:00,0.000
08/22/06 19:05,0.000
08/22/06 19:10,0.000
08/22/06 19:15,0.000
08/22/06 19:20,0.000
08/22/06 19:25,0.000
08/22/06 19:30,0.000
08/22/06 19:35,0.000
08/22/06 19:40,0.000
08/22/06 19:45,0.000
08/22/06 19:50,0.000
08/22/06 19:55,0.000
08/22/06 20:00,0.000
08/22/06 20:05,0.000
08/22/06 20:10,0.000
08/22/06 20:15,0.000
08/22/06 20:20,0.000
08/22/06 20:25,0.000
08/22/06 20:30,0.000
08/22/06 20:35,0.000
08/22/06 20:40,0.000
08/22/06 20:45,0.000
08/22/06 20:50,0.000
08/22/06 20:55,0.000
08/22/06 21:00,0.000
08/22/06 21:05,0.000
08/22/06 21:10,0.000
08/22/06 21:15,0.000
08/22/06 21:20,0.000
08/22/06 21:25,0.000
08/22/06 21:30,0.000
08/22/06 21:35,0.000
08/22/06 21:40,0.000
08/22/06 21:45,0.000
08/22/06 21:50,0.000
08/22/06 21:55,0.000
08/22/06 22:00,0.000
08/22/06 22:05,0.000
08/22/06 22:10,0.000
08/22/06 22:15,0.000
08/22/06 22:20,0.000
08/22/06 22:25,0.000
08/22/06 22:30,0.000
08/22/06 22:35,0.000
08/22/06 22:40,0.000
08/22/06 22:45,0.000
08/22/06 22:50,0.000
08/22/06 22:55,0.000
08/22/06 23:00,0.000
08/22/06 23:05,0.000
08/22/06 23:10,0.000
08/22/06 23:15,0.000
08/22/06 23:20,0.000
08/22/06 23:25,0.000
08/22/06 23:30,0.000
08/22/06 23:35,0.000
08/22/06 23:40,0.000
08/22/06 23:45,0.000
08/22/06 23:50,0.000
08/22/06 23:55,0.000
08/23/06 00:00,0.000
08/23/06 00:05,0.000
08/23/06 00:10,0.000
08/23/06 00:15,0.000
08/23/06 00:20,0.000
08/23/06 00:25,0.000
08/23/06 00:30,0.000
08/23/06 00:35,0.000
08/23/06 00:40,0.000
08/23/06 00:45,0.000
08/23/06 00:50,0.000
08/23/06 00:55,0.000
08/23/06 01:00,0.000
08/23/06 01:05,0.000
08/23/06 01:10,0.000
08/23/06 01:15,0.000
08/23/06 01:20,0.000
08/23/06 01:25,0.000
08/23/06 01:30,0.000
08/23/06 01:35,0.000
08/23/06 01:40,0.000
08/23/06 01:45,0.000
08/23/06 01:50,0.000
08/23/06 01:55,0.000
08/23/06 02:00,0.000
08/23/06 02:05,0.000
08/23/06 02:10,0.000
08/23/06 02:15,0.000
08/23/06 02:20,0.000
08/23/06 02:25,0.000
08/23/06 02:30,0.000
08/23/06 02:35,0.000
08/23/06 02:40,0.000
08/23/06 02:45,0.000
08/23/06 02:50,0.000
08/23/06 02:55,0.000
08/23/06 03:00,0.000
08/23/06 03:05,0.000
08/23/06 03:10,0.000
08/23/06 03:15,0.000
08/23/06 03:20,0.000
08/23/06 03:25,0.000
08/23/06 03:30,0.000
08/23/06 03:35,0.000
08/23/06 03:40,0.000
08/23/06 03:45,0.000
08/23/06 03:50,0.000
08/23/06 03:55,0.000
08/23/06 04:00,0.000
08/23/06 04:05,0.000
08/23/06 04:10,0.000
08/23/06 04:15,0.000
08/23/06 04:20,0.000
08/23/06 04:25,0.000
08/23/06 04:30,0.000
08/23/06 04:35,0.000
08/23/06 04:40,0.000
08/23/06 04:45,0.000
08/23/06 04:50,0.000
08/23/06 04:55,0.000
08/23/06 05:00,0.000
08/23/06 05:05,0.000
08/23/06 05:10,0.000
08/23/06 05:15,0.000
08/23/06 05:20,0.000
08/23/06 05:25,0.000
08/23/06 05:30,0.000
08/23/06 05:35,0.000
08/23/06 05:40,0.001
08/23/06 05:45,0.001
08/23/06 05:50,0.002
08/23/06 05:55,0.005
08/23/06 06:00,0.010
08/23/06 06:05,0.022
08/23/06 06:10,0.041
08/23/06 06:15,0.072
08/23/06 06:20,0.084
08/23/06 06:25,0.096
08/23/06 06:30,0.108
08/23/06 06:35,0.118
08/23/06 06:40,0.129
08/23/06 06:45,0.138
08/23/06 06:50,0.147
08/23/06 06:55,0.159
08/23/06 07:00,0.174
08/23/06 07:05,0.190
08/23/06 07:10,0.206
08/23/06 07:15,0.223
08/23/06 07:20,0.239
08/23/06 07:25,0.253
08/23/06 07:30,0.267
08/23/06 07:35,0.280
08/23/06 07:40,0.292
08/23/06 07:45,0.305
08/23/06 07:50,0.316
08/23/06 07:55,0.328
08/23/06 08:00,0.339
08/23/06 08:05,0.351
08/23/06 08:10,0.365
08/23/06 08:15,0.377
08/23/06 08:20,0.389
08/23/06 08:25,0.399
08/23/06 08:30,0.414
08/23/06 08:35,0.426
08/23/06 08:40,0.438
08/23/06 08:45,0.449
08/23/06 08:50,0.461
08/23/06 08:55,0.473
08/23/06 09:00,0.483
08/23/06 09:05,0.494
08/23/06 09:10,0.504
08/23/06 09:15,0.514
08/23/06 09:20,0.525
08/23/06 09:25,0.536
08/23/06 09:30,0.547
08/23/06 09:35,0.557
08/23/06 09:40,0.569
08/23/06 09:45,0.581
08/23/06 09:50,0.590
08/23/06 09:55,0.599
08/23/06 10:00,0.607
08/23/06 10:05,0.614
08/23/06 10:10,0.619
08/23/06 10:15,0.625
08/23/06 10:20,0.629
08/23/06 10:25,0.633
08/23/06 10:30,0.637
08/23/06 10:35,0.640
08/23/06 10:40,0.643
08/23/06 10:45,0.646
08/23/06 10:50,0.649
08/23/06 10:55,0.648
08/23/06 11:00,0.627
08/23/06 11:05,0.607
08/23/06 11:10,0.591
08/23/06 11:15,0.581
08/23/06 11:20,0.574
08/23/06 11:25,0.570
08/23/06 11:30,0.566
08/23/06 11:35,0.562
08/23/06 11:40,0.561
08/23/06 11:45,0.562
08/23/06 11:50,0.558
08/23/06 11:55,0.554
08/23/06 12:00,0.554
08/23/06 12:05,0.556
08/23/06 12:10,0.554
08/23/06 12:15,0.551
08/23/06 12:20,0.550
08/23/06 12:25,0.548
08/23/06 12:30,0.546
08/23/06 12:35,0.543
08/23/06 12:40,0.541
08/23/06 12:45,0.539
08/23/06 12:50,0.541
08/23/06 12:55,0.545
08/23/06 13:00,0.542
08/23/06 13:05,0.537
08/23/06 13:10,0.531
08/23/06 13:15,0.525
08/23/06 13:20,0.523
08/23/06 13:25,0.519
08/23/06 13:30,0.515
08/23/06 13:35,0.511
08/23/06 13:40,0.509
08/23/06 13:45,0.506
08/23/06 13:50,0.504
08/23/06 13:55,0.500
08/23/06 14:00,0.494
08/23/06 14:05,0.488
08/23/06 14:10,0.482
08/23/06 14:15,0.475
08/23/06 14:20,0.468
08/23/06 14:25,0.459
08/23/06 14:30,0.450
08/23/06 14:35,0.439
08/23/06 14:40,0.429
08/23/06 14:45,0.420
08/23/06 14:50,0.412
08/23/06 14:55,0.404
08/23/06 15:00,0.392
08/23/06 15:05,0.384
08/23/06 15:10,0.374
08/23/06 15:15,0.362
08/23/06 15:20,0.354
08/23/06 15:25,0.338
08/23/06 15:30,0.331
08/23/06 15:35,0.324
08/23/06 15:40,0.318
08/23/06 15:45,0.306
08/23/06 15:50,0.294
08/23/06 15:55,0.280
08/23/06 16:00,0.264
08/23/06 16:05,0.252
08/23/06 16:10,0.243
08/23/06 16:15,0.232
08/23/06 16:20,0.218
08/23/06 16:25,0.205
08/23/06 16:30,0.193
08/23/06 16:35,0.182
08/23/06 16:40,0.170
08/23/06 16:45,0.158
08/23/06 16:50,0.146
08/23/06 16:55,0.135
08/23/06 17:00,0.122
08/23/06 17:05,0.108
08/23/06 17:10,0.096
08/23/06 17:15,0.084
08/23/06 17:20,0.072
08/23/06 17:25,0.042
08/23/06 17:30,0.023
08/23/06 17:35,0.013
08/23/06 17:40,0.006
08/23/06 17:45,0.003
08/23/06 17:50,0.002
08/23/06 17:55,0.001
08/23/06 18:00,0.000
08/23/06 18:05,0.000
08/23/06 18:10,0.000
08/23/06 18:15,0.000
08/23/06 18:20,0.000
08/23/06 18:25,0.000
08/23/06 18:30,0.000
08/23/06 18:35,0.000
08/23/06 18:40,0.000
08/23/06 18:45,0.000
08/23/06 18:50,0.000
08/23/06 18:55,0.000
08/23/06 19:00,0.000
08/23/06 19:05,0.000
08/23/06 19:10,0.000
08/23/06 19:15,0.000
08/23/06 19:20,0.000
08/23/06 19:25,0.000
08/23/06 19:30,0.000
08/23/06 19:35,0.000
08/23/06 19:40,0.000
08/23/06 19:45,0.000
08/23/06 19:50,0.000
08/23/06 19:55,0.000
08/23/06 20:00,0.000
08/23/06 20:05,0.000
08/23/06 20:10,0.000
08/23/06 20:15,0.000
08/23/06 20:20,0.000
08/23/06 20:25,0.000
08/23/06 20:30,0.000
08/23/06 20:35,0.000
08/23/06 20:40,0.000
08/23/06 20:45,0.000
08/23/06 20:50,0.000
08/23/06 20:55,0.000
08/23/06 21:00,0.000
08/23/06 21:05,0.000
08/23/06 21:10,0.000
08/23/06 21:15,0.000
08/23/06 21:20,0.000
08/23/06 21:25,0.000
08/23/06 21:30,0.000
08/23/06 21:35,0.000
08/23/06 21:40,0.000
08/23/06 21:45,0.000
08/23/06 21:50,0.000
08/23/06 21:55,0.000
08/23/06 22:00,0.000
08/23/06 22:05,0.000
08/23/06 22:10,0.000
08/23/06 22:15,0.000
08/23/06 22:20,0.000
08/23/06 22:25,0.000
08/23/06 22:30,0.000
08/23/06 22:35,0.000
08/23/06 22:40,0.000
08/23/06 22:45,0.000
08/23/06 22:50,0.000
08/23/06 22:55,0.000
08/23/06 23:00,0.000
08/23/06 23:05,0.000
08/23/06 23:10,0.000
08/23/06 23:15,0.000
08/23/06 23:20,0.000
08/23/06 23:25,0.000
08/23/06 23:30,0.000
08/23/06 23:35,0.000
08/23/06 23:40,0.000
08/23/06 23:45,0.000
08/23/06 23:50,0.000
08/23/06 23:55,0.000
08/24/06 00:00,0.000
08/24/06 00:05,0.000
08/24/06 00:10,0.000
08/24/06 00:15,0.000
08/24/06 00:20,0.000
08/24/06 00:25,0.000
08/24/06 00:30,0.000
08/24/06 00:35,0.000
08/24/06 00:40,0.000
08/24/06 00:45,0.000
08/24/06 00:50,0.000
08/24/06 00:55,0.000
08/24/06 01:00,0.000
08/24/06 01:05,0.000
08/24/06 01:10,0.000
08/24/06 01:15,0.000
08/24/06 01:20,0.000
08/24/06 01:25,0.000
08/24/06 01:30,0.000
08/24/06 01:35,0.000
08/24/06 01:40,0.000
08/24/06 01:45,0.000
08/24/06 01:50,0.000
08/24/06 01:55,0.000
08/24/06 02:00,0.000
08/24/06 02:05,0.000
08/24/06 02:10,0.000
08/24/06 02:15,0.000
08/24/06 02:20,0.000
08/24/06 02:25,0.000
08/24/06 02:30,0.000
08/24/06 02:35,0.000
08/24/06 02:40,0.000
08/24/06 02:45,0.000
08/24/06 02:50,0.000
08/24/06 02:55,0.000
08/24/06 03:00,0.000
08/24/06 03:05,0.000
08/24/06 03:10,0.000
08/24/06 03:15,0.000
08/24/06 03:20,0.000
08/24/06 03:25,0.000
08/24/06 03:30,0.000
08/24/06 03:35,0.000
08/24/06 03:40,0.000
08/24/06 03:45,0.000
08/24/06 03:50,0.000
08/24/06 03:55,0.000
08/24/06 04:00,0.000
08/24/06 04:05,0.000
08/24/06 04:10,0.000
08/24/06 04:15,0.000
08/24/06 04:20,0.000
08/24/06 04:25,0.000
08/24/06 04:30,0.000
08/24/06 04:35,0.000
08/24/06 04:40,0.000
08/24/06 04:45,0.000
08/24/06 04:50,0.000
08/24/06 04:55,0.000
08/24/06 05:00,0.000
08/24/06 05:05,0.000
08/24/06 05:10,0.000
08/24/06 05:15,0.000
08/24/06 05:20,0.000
08/24/06 05:25,0.000
08/24/06 05:30,0.000
08/24/06 05:35,0.000
08/24/06 05:40,0.001
08/24/06 05:45,0.001
08/24/06 05:50,0.003
08/24/06 05:55,0.006
08/24/06 06:00,0.013
08/24/06 06:05,0.024
08/24/06 06:10,0.036
08/24/06 06:15,0.060
08/24/06 06:20,0.079
08/24/06 06:25,0.091
08/24/06 06:30,0.103
08/24/06 06:35,0.114
08/24/06 06:40,0.124
08/24/06 06:45,0.137
08/24/06 06:50,0.149
08/24/06 06:55,0.159
08/24/06 07:00,0.174
08/24/06 07:05,0.189
08/24/06 07:10,0.204
08/24/06 07:15,0.218
08/24/06 07:20,0.232
08/24/06 07:25,0.246
08/24/06 07:30,0.259
08/24/06 07:35,0.272
08/24/06 07:40,0.285
08/24/06 07:45,0.297
08/24/06 07:50,0.308
08/24/06 07:55,0.319
08/24/06 08:00,0.331
08/24/06 08:05,0.343
08/24/06 08:10,0.353
08/24/06 08:15,0.362
08/24/06 08:20,0.372
08/24/06 08:25,0.379
08/24/06 08:30,0.388
08/24/06 08:35,0.393
08/24/06 08:40,0.397
08/24/06 08:45,0.402
08/24/06 08:50,0.405
08/24/06 08:55,0.409
08/24/06 09:00,0.412
08/24/06 09:05,0.409
08/24/06 09:10,0.417
08/24/06 09:15,0.427
08/24/06 09:20,0.419
08/24/06 09:25,0.417
08/24/06 09:30,0.401
08/24/06 09:35,0.391
08/24/06 09:40,0.377
08/24/06 09:45,0.397
08/24/06 09:50,0.391
08/24/06 09:55,0.399
08/24/06 10:00,0.412
08/24/06 10:05,0.421
08/24/06 10:10,0.432
08/24/06 10:15,0.451
08/24/06 10:20,0.444
08/24/06 10:25,0.432
08/24/06 10:30,0.446
08/24/06 10:35,0.437
08/24/06 10:40,0.407
08/24/06 10:45,0.414
08/24/06 10:50,0.424
08/24/06 10:55,0.442
08/24/06 11:00,0.466
08/24/06 11:05,0.488
08/24/06 11:10,0.508
08/24/06 11:15,0.525
08/24/06 11:20,0.538
08/24/06 11:25,0.544
08/24/06 11:30,0.548
08/24/06 11:35,0.548
08/24/06 11:40,0.547
08/24/06 11:45,0.549
08/24/06 11:50,0.552
08/24/06 11:55,0.551
08/24/06 12:00,0.555
08/24/06 12:05,0.560
08/24/06 12:10,0.564
08/24/06 12:15,0.570
08/24/06 12:20,0.569
08/24/06 12:25,0.565
08/24/06 12:30,0.560
08/24/06 12:35,0.547
08/24/06 12:40,0.531
08/24/06 12:45,0.518
08/24/06 12:50,0.514
08/24/06 12:55,0.510
08/24/06 13:00,0.476
08/24/06 13:05,0.445
08/24/06 13:10,0.429
08/24/06 13:15,0.431
08/24/06 13:20,0.423
08/24/06 13:25,0.436
08/24/06 13:30,0.450
08/24/06 13:35,0.433
08/24/06 13:40,0.395
08/24/06 13:45,0.379
08/24/06 13:50,0.364
08/24/06 13:55,0.371
08/24/06 14:00,0.373
08/24/06 14:05,0.335
08/24/06 14:10,0.294
08/24/06 14:15,0.297
08/24/06 14:20,0.290
08/24/06 14:25,0.282
08/24/06 14:30,0.270
08/24/06 14:35,0.265
08/24/06 14:40,0.262
08/24/06 14:45,0.262
08/24/06 14:50,0.249
08/24/06 14:55,0.242
08/24/06 15:00,0.247
08/24/06 15:05,0.252
08/24/06 15:10,0.251
08/24/06 15:15,0.249
08/24/06 15:20,0.250
08/24/06 15:25,0.242
08/24/06 15:30,0.230
08/24/06 15:35,0.222
08/24/06 15:40,0.215
08/24/06 15:45,0.203
08/24/06 15:50,0.191
08/24/06 15:55,0.179
08/24/06 16:00,0.168
08/24/06 16:05,0.156
08/24/06 16:10,0.143
08/24/06 16:15,0.129
08/24/06 16:20,0.115
08/24/06 16:25,0.105
08/24/06 16:30,0.097
08/24/06 16:35,0.089
08/24/06 16:40,0.082
08/24/06 16:45,0.077
08/24/06 16:50,0.070
08/24/06 16:55,0.057
08/24/06 17:00,0.046
08/24/06 17:05,0.035
08/24/06 17:10,0.026
08/24/06 17:15,0.017
08/24/06 17:20,0.010
08/24/06 17:25,0.006
08/24/06 17:30,0.003
08/24/06 17:35,0.002
08/24/06 17:40,0.001
08/24/06 17:45,0.000
08/24/06 17:50,0.000
08/24/06 17:55,0.000
08/24/06 18:00,0.000
08/24/06 18:05,0.000
08/24/06 18:10,0.000
08/24/06 18:15,0.000
08/24/06 18:20,0.000
08/24/06 18:25,0.000
08/24/06 18:30,0.000
08/24/06 18:35,0.000
08/24/06 18:40,0.000
08/24/06 18:45,0.000
08/24/06 18:50,0.000
08/24/06 18:55,0.000
08/24/06 19:00,0.000
08/24/06 19:05,0.000
08/24/06 19:10,0.000
08/24/06 19:15,0.000
08/24/06 19:20,0.000
08/24/06 19:25,0.000
08/24/06 19:30,0.000
08/24/06 19:35,0.000
08/24/06 19:40,0.000
08/24/06 19:45,0.000
08/24/06 19:50,0.000
08/24/06 19:55,0.000
08/24/06 20:00,0.000
08/24/06 20:05,0.000
08/24/06 20:10,0.000
08/24/06 20:15,0.000
08/24/06 20:20,0.000
08/24/06 20:25,0.000
08/24/06 20:30,0.000
08/24/06 20:35,0.000
08/24/06 20:40,0.000
08/24/06 20:45,0.000
08/24/06 20:50,0.000
08/24/06 20:55,0.000
08/24/06 21:00,0.000
08/24/06 21:05,0.000
08/24/06 21:10,0.000
08/24/06 21:15,0.000
08/24/06 21:20,0.000
08/24/06 21:25,0.000
08/24/06 21:30,0.000
08/24/06 21:35,0.000
08/24/06 21:40,0.000
08/24/06 21:45,0.000
08/24/06 21:50,0.000
08/24/06 21:55,0.000
08/24/06 22:00,0.000
08/24/06 22:05,0.000
08/24/06 22:10,0.000
08/24/06 22:15,0.000
08/24/06 22:20,0.000
08/24/06 22:25,0.000
08/24/06 22:30,0.000
08/24/06 22:35,0.000
08/24/06 22:40,0.000
08/24/06 22:45,0.000
08/24/06 22:50,0.000
08/24/06 22:55,0.000
08/24/06 23:00,0.000
08/24/06 23:05,0.000
08/24/06 23:10,0.000
08/24/06 23:15,0.000
08/24/06 23:20,0.000
08/24/06 23:25,0.000
08/24/06 23:30,0.000
08/24/06 23:35,0.000
08/24/06 23:40,0.000
08/24/06 23:45,0.000
08/24/06 23:50,0.000
08/24/06 23:55,0.000
08/25/06 00:00,0.000
08/25/06 00:05,0.000
08/25/06 00:10,0.000
08/25/06 00:15,0.000
08/25/06 00:20,0.000
08/25/06 00:25,0.000
08/25/06 00:30,0.000
08/25/06 00:35,0.000
08/25/06 00:40,0.000
08/25/06 00:45,0.000
08/25/06 00:50,0.000
08/25/06 00:55,0.000
08/25/06 01:00,0.000
08/25/06 01:05,0.000
08/25/06 01:10,0.000
08/25/06 01:15,0.000
08/25/06 01:20,0.000
08/25/06 01:25,0.000
08/25/06 01:30,0.000
08/25/06 01:35,0.000
08/25/06 01:40,0.000
08/25/06 01:45,0.000
08/25/06 01:50,0.000
08/25/06 01:55,0.000
08/25/06 02:00,0.000
08/25/06 02:05,0.000
08/25/06 02:10,0.000
08/25/06 02:15,0.000
08/25/06 02:20,0.000
08/25/06 02:25,0.000
08/25/06 02:30,0.000
08/25/06 02:35,0.000
08/25/06 02:40,0.000
08/25/06 02:45,0.000
08/25/06 02:50,0.000
08/25/06 02:55,0.000
08/25/06 03:00,0.000
08/25/06 03:05,0.000
08/25/06 03:10,0.000
08/25/06 03:15,0.000
08/25/06 03:20,0.000
08/25/06 03:25,0.000
08/25/06 03:30,0.000
08/25/06 03:35,0.000
08/25/06 03:40,0.000
08/25/06 03:45,0.000
08/25/06 03:50,0.000
08/25/06 03:55,0.000
08/25/06 04:00,0.000
08/25/06 04:05,0.000
08/25/06 04:10,0.000
08/25/06 04:15,0.000
08/25/06 04:20,0.000
08/25/06 04:25,0.000
08/25/06 04:30,0.000
08/25/06 04:35,0.000
08/25/06 04:40,0.000
08/25/06 04:45,0.000
08/25/06 04:50,0.000
08/25/06 04:55,0.000
08/25/06 05:00,0.000
08/25/06 05:05,0.000
08/25/06 05:10,0.000
08/25/06 05:15,0.000
08/25/06 05:20,0.000
08/25/06 05:25,0.000
08/25/06 05:30,0.000
08/25/06 05:35,0.000
08/25/06 05:40,0.000
08/25/06 05:45,0.001
08/25/06 05:50,0.002
08/25/06 05:55,0.004
08/25/06 06:00,0.008
08/25/06 06:05,0.017
08/25/06 06:10,0.032
08/25/06 06:15,0.061
08/25/06 06:20,0.083
08/25/06 06:25,0.096
08/25/06 06:30,0.109
08/25/06 06:35,0.122
08/25/06 06:40,0.136
08/25/06 06:45,0.150
08/25/06 06:50,0.163
08/25/06 06:55,0.176
08/25/06 07:00,0.184
08/25/06 07:05,0.191
08/25/06 07:10,0.203
08/25/06 07:15,0.219
08/25/06 07:20,0.233
08/25/06 07:25,0.246
08/25/06 07:30,0.260
08/25/06 07:35,0.273
08/25/06 07:40,0.289
08/25/06 07:45,0.300
08/25/06 07:50,0.310
08/25/06 07:55,0.321
08/25/06 08:00,0.329
08/25/06 08:05,0.338
08/25/06 08:10,0.346
08/25/06 08:15,0.351
08/25/06 08:20,0.356
08/25/06 08:25,0.361
08/25/06 08:30,0.369
08/25/06 08:35,0.378
08/25/06 08:40,0.390
08/25/06 08:45,0.406
08/25/06 08:50,0.420
08/25/06 08:55,0.434
08/25/06 09:00,0.436
08/25/06 09:05,0.435
08/25/06 09:10,0.435
08/25/06 09:15,0.437
08/25/06 09:20,0.441
08/25/06 09:25,0.444
08/25/06 09:30,0.446
08/25/06 09:35,0.448
08/25/06 09:40,0.452
08/25/06 09:45,0.455
08/25/06 09:50,0.454
08/25/06 09:55,0.456
08/25/06 10:00,0.468
08/25/06 10:05,0.483
08/25/06 10:10,0.495
08/25/06 10:15,0.505
08/25/06 10:20,0.514
08/25/06 10:25,0.523
08/25/06 10:30,0.532
08/25/06 10:35,0.540
08/25/06 10:40,0.545
08/25/06 10:45,0.547
08/25/06 10:50,0.551
08/25/06 10:55,0.554
08/25/06 11:00,0.552
08/25/06 11:05,0.549
08/25/06 11:10,0.548
08/25/06 11:15,0.553
08/25/06 11:20,0.557
08/25/06 11:25,0.557
08/25/06 11:30,0.557
08/25/06 11:35,0.555
08/25/06 11:40,0.552
08/25/06 11:45,0.548
08/25/06 11:50,0.545
08/25/06 11:55,0.543
08/25/06 12:00,0.540
08/25/06 12:05,0.538
08/25/06 12:10,0.539
08/25/06 12:15,0.540
08/25/06 12:20,0.541
08/25/06 12:25,0.541
08/25/06 12:30,0.540
08/25/06 12:35,0.538
08/25/06 12:40,0.534
08/25/06 12:45,0.531
08/25/06 12:50,0.529
08/25/06 12:55,0.526
08/25/06 13:00,0.505
08/25/06 13:05,0.482
08/25/06 13:10,0.459
08/25/06 13:15,0.470
08/25/06 13:20,0.469
08/25/06 13:25,0.444
08/25/06 13:30,0.432
08/25/06 13:35,0.422
08/25/06 13:40,0.417
08/25/06 13:45,0.434
08/25/06 13:50,0.425
08/25/06 13:55,0.387
08/25/06 14:00,0.365
08/25/06 14:05,0.385
08/25/06 14:10,0.319
08/25/06 14:15,0.257
08/25/06 14:20,0.311
08/25/06 14:25,0.345
08/25/06 14:30,0.359
08/25/06 14:35,0.367
08/25/06 14:40,0.373
08/25/06 14:45,0.351
08/25/06 14:50,0.320
08/25/06 14:55,0.335
08/25/06 15:00,0.339
08/25/06 15:05,0.345
08/25/06 15:10,0.342
08/25/06 15:15,0.338
08/25/06 15:20,0.328
08/25/06 15:25,0.315
08/25/06 15:30,0.301
08/25/06 15:35,0.291
08/25/06 15:40,0.285
08/25/06 15:45,0.279
08/25/06 15:50,0.266
08/25/06 15:55,0.251
08/25/06 16:00,0.235
08/25/06 16:05,0.174
08/25/06 16:10,0.117
08/25/06 16:15,0.099
08/25/06 16:20,0.106
08/25/06 16:25,0.104
08/25/06 16:30,0.117
08/25/06 16:35,0.102
08/25/06 16:40,0.101
08/25/06 16:45,0.091
08/25/06 16:50,0.093
08/25/06 16:55,0.095
08/25/06 17:00,0.094
08/25/06 17:05,0.090
08/25/06 17:10,0.084
08/25/06 17:15,0.075
08/25/06 17:20,0.053
08/25/06 17:25,0.030
08/25/06 17:30,0.017
08/25/06 17:35,0.009
08/25/06 17:40,0.005
08/25/06 17:45,0.002
08/25/06 17:50,0.001
08/25/06 17:55,0.001
08/25/06 18:00,0.000
08/25/06 18:05,0.000
08/25/06 18:10,0.000
08/25/06 18:15,0.000
08/25/06 18:20,0.000
08/25/06 18:25,0.000
08/25/06 18:30,0.000
08/25/06 18:35,0.000
08/25/06 18:40,0.000
08/25/06 18:45,0.000
08/25/06 18:50,0.000
08/25/06 18:55,0.000
08/25/06 19:00,0.000
08/25/06 19:05,0.000
08/25/06 19:10,0.000
08/25/06 19:15,0.000
08/25/06 19:20,0.000
08/25/06 19:25,0.000
08/25/06 19:30,0.000
08/25/06 19:35,0.000
08/25/06 19:40,0.000
08/25/06 19:45,0.000
08/25/06 19:50,0.000
08/25/06 19:55,0.000
08/25/06 20:00,0.000
08/25/06 20:05,0.000
08/25/06 20:10,0.000
08/25/06 20:15,0.000
08/25/06 20:20,0.000
08/25/06 20:25,0.000
08/25/06 20:30,0.000
08/25/06 20:35,0.000
08/25/06 20:40,0.000
08/25/06 20:45,0.000
08/25/06 20:50,0.000
08/25/06 20:55,0.000
08/25/06 21:00,0.000
08/25/06 21:05,0.000
08/25/06 21:10,0.000
08/25/06 21:15,0.000
08/25/06 21:20,0.000
08/25/06 21:25,0.000
08/25/06 21:30,0.000
08/25/06 21:35,0.000
08/25/06 21:40,0.000
08/25/06 21:45,0.000
08/25/06 21:50,0.000
08/25/06 21:55,0.000
08/25/06 22:00,0.000
08/25/06 22:05,0.000
08/25/06 22:10,0.000
08/25/06 22:15,0.000
08/25/06 22:20,0.000
08/25/06 22:25,0.000
08/25/06 22:30,0.000
08/25/06 22:35,0.000
08/25/06 22:40,0.000
08/25/06 22:45,0.000
08/25/06 22:50,0.000
08/25/06 22:55,0.000
08/25/06 23:00,0.000
08/25/06 23:05,0.000
08/25/06 23:10,0.000
08/25/06 23:15,0.000
08/25/06 23:20,0.000
08/25/06 23:25,0.000
08/25/06 23:30,0.000
08/25/06 23:35,0.000
08/25/06 23:40,0.000
08/25/06 23:45,0.000
08/25/06 23:50,0.000
08/25/06 23:55,0.000
08/26/06 00:00,0.000
08/26/06 00:05,0.000
08/26/06 00:10,0.000
08/26/06 00:15,0.000
08/26/06 00:20,0.000
08/26/06 00:25,0.000
08/26/06 00:30,0.000
08/26/06 00:35,0.000
08/26/06 00:40,0.000
08/26/06 00:45,0.000
08/26/06 00:50,0.000
08/26/06 00:55,0.000
08/26/06 01:00,0.000
08/26/06 01:05,0.000
08/26/06 01:10,0.000
08/26/06 01:15,0.000
08/26/06 01:20,0.000
08/26/06 01:25,0.000
08/26/06 01:30,0.000
08/26/06 01:35,0.000
08/26/06 01:40,0.000
08/26/06 01:45,0.000
08/26/06 01:50,0.000
08/26/06 01:55,0.000
08/26/06 02:00,0.000
08/26/06 02:05,0.000
08/26/06 02:10,0.000
08/26/06 02:15,0.000
08/26/06 02:20,0.000
08/26/06 02:25,0.000
08/26/06 02:30,0.000
08/26/06 02:35,0.000
08/26/06 02:40,0.000
08/26/06 02:45,0.000
08/26/06 02:50,0.000
08/26/06 02:55,0.000
08/26/06 03:00,0.000
08/26/06 03:05,0.000
08/26/06 03:10,0.000
08/26/06 03:15,0.000
08/26/06 03:20,0.000
08/26/06 03:25,0.000
08/26/06 03:30,0.000
08/26/06 03:35,0.000
08/26/06 03:40,0.000
08/26/06 03:45,0.000
08/26/06 03:50,0.000
08/26/06 03:55,0.000
08/26/06 04:00,0.000
08/26/06 04:05,0.000
08/26/06 04:10,0.000
08/26/06 04:15,0.000
08/26/06 04:20,0.000
08/26/06 04:25,0.000
08/26/06 04:30,0.000
08/26/06 04:35,0.000
08/26/06 04:40,0.000
08/26/06 04:45,0.000
08/26/06 04:50,0.000
08/26/06 04:55,0.000
08/26/06 05:00,0.000
08/26/06 05:05,0.000
08/26/06 05:10,0.000
08/26/06 05:15,0.000
08/26/06 05:20,0.000
08/26/06 05:25,0.000
08/26/06 05:30,0.000
08/26/06 05:35,0.000
08/26/06 05:40,0.000
08/26/06 05:45,0.001
08/26/06 05:50,0.002
08/26/06 05:55,0.004
08/26/06 06:00,0.007
08/26/06 06:05,0.013
08/26/06 06:10,0.024
08/26/06 06:15,0.043
08/26/06 06:20,0.074
08/26/06 06:25,0.085
08/26/06 06:30,0.096
08/26/06 06:35,0.109
08/26/06 06:40,0.122
08/26/06 06:45,0.135
08/26/06 06:50,0.149
08/26/06 06:55,0.163
08/26/06 07:00,0.176
08/26/06 07:05,0.190
08/26/06 07:10,0.203
08/26/06 07:15,0.216
08/26/06 07:20,0.228
08/26/06 07:25,0.241
08/26/06 07:30,0.254
08/26/06 07:35,0.267
08/26/06 07:40,0.280
08/26/06 07:45,0.294
08/26/06 07:50,0.305
08/26/06 07:55,0.316
08/26/06 08:00,0.326
08/26/06 08:05,0.336
08/26/06 08:10,0.348
08/26/06 08:15,0.360
08/26/06 08:20,0.371
08/26/06 08:25,0.383
08/26/06 08:30,0.395
08/26/06 08:35,0.403
08/26/06 08:40,0.413
08/26/06 08:45,0.422
08/26/06 08:50,0.429
08/26/06 08:55,0.435
08/26/06 09:00,0.434
08/26/06 09:05,0.434
08/26/06 09:10,0.443
08/26/06 09:15,0.453
08/26/06 09:20,0.456
08/26/06 09:25,0.458
08/26/06 09:30,0.460
08/26/06 09:35,0.468
08/26/06 09:40,0.475
08/26/06 09:45,0.468
08/26/06 09:50,0.459
08/26/06 09:55,0.463
08/26/06 10:00,0.479
08/26/06 10:05,0.493
08/26/06 10:10,0.503
08/26/06 10:15,0.511
08/26/06 10:20,0.514
08/26/06 10:25,0.516
08/26/06 10:30,0.518
08/26/06 10:35,0.520
08/26/06 10:40,0.523
08/26/06 10:45,0.526
08/26/06 10:50,0.529
08/26/06 10:55,0.531
08/26/06 11:00,0.532
08/26/06 11:05,0.530
08/26/06 11:10,0.528
08/26/06 11:15,0.528
08/26/06 11:20,0.527
08/26/06 11:25,0.528
08/26/06 11:30,0.532
08/26/06 11:35,0.535
08/26/06 11:40,0.534
08/26/06 11:45,0.533
08/26/06 11:50,0.534
08/26/06 11:55,0.533
08/26/06 12:00,0.530
08/26/06 12:05,0.526
08/26/06 12:10,0.524
08/26/06 12:15,0.526
08/26/06 12:20,0.527
08/26/06 12:25,0.527
08/26/06 12:30,0.525
08/26/06 12:35,0.522
08/26/06 12:40,0.520
08/26/06 12:45,0.518
08/26/06 12:50,0.516
08/26/06 12:55,0.516
08/26/06 13:00,0.514
08/26/06 13:05,0.512
08/26/06 13:10,0.508
08/26/06 13:15,0.503
08/26/06 13:20,0.497
08/26/06 13:25,0.490
08/26/06 13:30,0.485
08/26/06 13:35,0.482
08/26/06 13:40,0.479
08/26/06 13:45,0.476
08/26/06 13:50,0.471
08/26/06 13:55,0.467
08/26/06 14:00,0.467
08/26/06 14:05,0.467
08/26/06 14:10,0.465
08/26/06 14:15,0.461
08/26/06 14:20,0.457
08/26/06 14:25,0.451
08/26/06 14:30,0.445
08/26/06 14:35,0.438
08/26/06 14:40,0.432
08/26/06 14:45,0.429
08/26/06 14:50,0.423
08/26/06 14:55,0.416
08/26/06 15:00,0.405
08/26/06 15:05,0.393
08/26/06 15:10,0.379
08/26/06 15:15,0.367
08/26/06 15:20,0.355
08/26/06 15:25,0.344
08/26/06 15:30,0.331
08/26/06 15:35,0.317
08/26/06 15:40,0.303
08/26/06 15:45,0.289
08/26/06 15:50,0.276
08/26/06 15:55,0.263
08/26/06 16:00,0.251
08/26/06 16:05,0.239
08/26/06 16:10,0.227
08/26/06 16:15,0.213
08/26/06 16:20,0.200
08/26/06 16:25,0.187
08/26/06 16:30,0.174
08/26/06 16:35,0.162
08/26/06 16:40,0.149
08/26/06 16:45,0.137
08/26/06 16:50,0.125
08/26/06 16:55,0.114
08/26/06 17:00,0.102
08/26/06 17:05,0.091
08/26/06 17:10,0.080
08/26/06 17:15,0.066
08/26/06 17:20,0.040
08/26/06 17:25,0.023
08/26/06 17:30,0.013
08/26/06 17:35,0.007
08/26/06 17:40,0.003
08/26/06 17:45,0.002
08/26/06 17:50,0.001
08/26/06 17:55,0.000
08/26/06 18:00,0.000
08/26/06 18:05,0.000
08/26/06 18:10,0.000
08/26/06 18:15,0.000
08/26/06 18:20,0.000
08/26/06 18:25,0.000
08/26/06 18:30,0.000
08/26/06 18:35,0.000
08/26/06 18:40,0.000
08/26/06 18:45,0.000
08/26/06 18:50,0.000
08/26/06 18:55,0.000
08/26/06 19:00,0.000
08/26/06 19:05,0.000
08/26/06 19:10,0.000
08/26/06 19:15,0.000
08/26/06 19:20,0.000
08/26/06 19:25,0.000
08/26/06 19:30,0.000
08/26/06 19:35,0.000
08/26/06 19:40,0.000
08/26/06 19:45,0.000
08/26/06 19:50,0.000
08/26/06 19:55,0.000
08/26/06 20:00,0.000
08/26/06 20:05,0.000
08/26/06 20:10,0.000
08/26/06 20:15,0.000
08/26/06 20:20,0.000
08/26/06 20:25,0.000
08/26/06 20:30,0.000
08/26/06 20:35,0.000
08/26/06 20:40,0.000
08/26/06 20:45,0.000
08/26/06 20:50,0.000
08/26/06 20:55,0.000
08/26/06 21:00,0.000
08/26/06 21:05,0.000
08/26/06 21:10,0.000
08/26/06 21:15,0.000
08/26/06 21:20,0.000
08/26/06 21:25,0.000
08/26/06 21:30,0.000
08/26/06 21:35,0.000
08/26/06 21:40,0.000
08/26/06 21:45,0.000
08/26/06 21:50,0.000
08/26/06 21:55,0.000
08/26/06 22:00,0.000
08/26/06 22:05,0.000
08/26/06 22:10,0.000
08/26/06 22:15,0.000
08/26/06 22:20,0.000
08/26/06 22:25,0.000
08/26/06 22:30,0.000
08/26/06 22:35,0.000
08/26/06 22:40,0.000
08/26/06 22:45,0.000
08/26/06 22:50,0.000
08/26/06 22:55,0.000
08/26/06 23:00,0.000
08/26/06 23:05,0.000
08/26/06 23:10,0.000
08/26/06 23:15,0.000
08/26/06 23:20,0.000
08/26/06 23:25,0.000
08/26/06 23:30,0.000
08/26/06 23:35,0.000
08/26/06 23:40,0.000
08/26/06 23:45,0.000
08/26/06 23:50,0.000
08/26/06 23:55,0.000
08/27/06 00:00,0.000
08/27/06 00:05,0.000
08/27/06 00:10,0.000
08/27/06 00:15,0.000
08/27/06 00:20,0.000
08/27/06 00:25,0.000
08/27/06 00:30,0.000
08/27/06 00:35,0.000
08/27/06 00:40,0.000
08/27/06 00:45,0.000
08/27/06 00:50,0.000
08/27/06 00:55,0.000
08/27/06 01:00,0.000
08/27/06 01:05,0.000
08/27/06 01:10,0.000
08/27/06 01:15,0.000
08/27/06 01:20,0.000
08/27/06 01:25,0.000
08/27/06 01:30,0.000
08/27/06 01:35,0.000
08/27/06 01:40,0.000
08/27/06 01:45,0.000
08/27/06 01:50,0.000
08/27/06 01:55,0.000
08/27/06 02:00,0.000
08/27/06 02:05,0.000
08/27/06 02:10,0.000
08/27/06 02:15,0.000
08/27/06 02:20,0.000
08/27/06 02:25,0.000
08/27/06 02:30,0.000
08/27/06 02:35,0.000
08/27/06 02:40,0.000
08/27/06 02:45,0.000
08/27/06 02:50,0.000
08/27/06 02:55,0.000
08/27/06 03:00,0.000
08/27/06 03:05,0.000
08/27/06 03:10,0.000
08/27/06 03:15,0.000
08/27/06 03:20,0.000
08/27/06 03:25,0.000
08/27/06 03:30,0.000
08/27/06 03:35,0.000
08/27/06 03:40,0.000
08/27/06 03:45,0.000
08/27/06 03:50,0.000
08/27/06 03:55,0.000
08/27/06 04:00,0.000
08/27/06 04:05,0.000
08/27/06 04:10,0.000
08/27/06 04:15,0.000
08/27/06 04:20,0.000
08/27/06 04:25,0.000
08/27/06 04:30,0.000
08/27/06 04:35,0.000
08/27/06 04:40,0.000
08/27/06 04:45,0.000
08/27/06 04:50,0.000
08/27/06 04:55,0.000
08/27/06 05:00,0.000
08/27/06 05:05,0.000
08/27/06 05:10,0.000
08/27/06 05:15,0.000
08/27/06 05:20,0.000
08/27/06 05:25,0.000
08/27/06 05:30,0.000
08/27/06 05:35,0.000
08/27/06 05:40,0.000
08/27/06 05:45,0.001
08/27/06 05:50,0.002
08/27/06 05:55,0.003
08/27/06 06:00,0.007
08/27/06 06:05,0.014
08/27/06 06:10,0.027
08/27/06 06:15,0.048
08/27/06 06:20,0.077
08/27/06 06:25,0.087
08/27/06 06:30,0.097
08/27/06 06:35,0.107
08/27/06 06:40,0.119
08/27/06 06:45,0.131
08/27/06 06:50,0.143
08/27/06 06:55,0.156
08/27/06 07:00,0.168
08/27/06 07:05,0.180
08/27/06 07:10,0.191
08/27/06 07:15,0.203
08/27/06 07:20,0.215
08/27/06 07:25,0.227
08/27/06 07:30,0.239
08/27/06 07:35,0.251
08/27/06 07:40,0.263
08/27/06 07:45,0.274
08/27/06 07:50,0.285
08/27/06 07:55,0.297
08/27/06 08:00,0.308
08/27/06 08:05,0.319
08/27/06 08:10,0.329
08/27/06 08:15,0.338
08/27/06 08:20,0.346
08/27/06 08:25,0.353
08/27/06 08:30,0.362
08/27/06 08:35,0.367
08/27/06 08:40,0.374
08/27/06 08:45,0.380
08/27/06 08:50,0.385
08/27/06 08:55,0.390
08/27/06 09:00,0.396
08/27/06 09:05,0.402
08/27/06 09:10,0.410
08/27/06 09:15,0.420
08/27/06 09:20,0.429
08/27/06 09:25,0.437
08/27/06 09:30,0.446
08/27/06 09:35,0.455
08/27/06 09:40,0.463
08/27/06 09:45,0.472
08/27/06 09:50,0.481
08/27/06 09:55,0.489
08/27/06 10:00,0.494
08/27/06 10:05,0.499
08/27/06 10:10,0.505
08/27/06 10:15,0.509
08/27/06 10:20,0.513
08/27/06 10:25,0.517
08/27/06 10:30,0.520
08/27/06 10:35,0.522
08/27/06 10:40,0.525
08/27/06 10:45,0.529
08/27/06 10:50,0.534
08/27/06 10:55,0.538
08/27/06 11:00,0.544
08/27/06 11:05,0.551
08/27/06 11:10,0.556
08/27/06 11:15,0.561
08/27/06 11:20,0.565
08/27/06 11:25,0.572
08/27/06 11:30,0.578
08/27/06 11:35,0.583
08/27/06 11:40,0.586
08/27/06 11:45,0.589
08/27/06 11:50,0.591
08/27/06 11:55,0.592
08/27/06 12:00,0.592
08/27/06 12:05,0.592
08/27/06 12:10,0.595
08/27/06 12:15,0.602
08/27/06 12:20,0.605
08/27/06 12:25,0.605
08/27/06 12:30,0.604
08/27/06 12:35,0.603
08/27/06 12:40,0.601
08/27/06 12:45,0.598
08/27/06 12:50,0.594
08/27/06 12:55,0.589
08/27/06 13:00,0.580
08/27/06 13:05,0.571
08/27/06 13:10,0.561
08/27/06 13:15,0.554
08/27/06 13:20,0.552
08/27/06 13:25,0.544
08/27/06 13:30,0.532
08/27/06 13:35,0.523
08/27/06 13:40,0.514
08/27/06 13:45,0.507
08/27/06 13:50,0.499
08/27/06 13:55,0.490
08/27/06 14:00,0.486
08/27/06 14:05,0.482
08/27/06 14:10,0.478
08/27/06 14:15,0.472
08/27/06 14:20,0.467
08/27/06 14:25,0.463
08/27/06 14:30,0.458
08/27/06 14:35,0.453
08/27/06 14:40,0.447
08/27/06 14:45,0.440
08/27/06 14:50,0.433
08/27/06 14:55,0.425
08/27/06 15:00,0.413
08/27/06 15:05,0.401
08/27/06 15:10,0.388
08/27/06 15:15,0.378
08/27/06 15:20,0.367
08/27/06 15:25,0.356
08/27/06 15:30,0.343
08/27/06 15:35,0.331
08/27/06 15:40,0.318
08/27/06 15:45,0.305
08/27/06 15:50,0.293
08/27/06 15:55,0.280
08/27/06 16:00,0.263
08/27/06 16:05,0.245
08/27/06 16:10,0.229
08/27/06 16:15,0.214
08/27/06 16:20,0.200
08/27/06 16:25,0.187
08/27/06 16:30,0.174
08/27/06 16:35,0.160
08/27/06 16:40,0.147
08/27/06 16:45,0.134
08/27/06 16:50,0.122
08/27/06 16:55,0.110
08/27/06 17:00,0.100
08/27/06 17:05,0.091
08/27/06 17:10,0.082
08/27/06 17:15,0.073
08/27/06 17:20,0.045
08/27/06 17:25,0.027
08/27/06 17:30,0.015
08/27/06 17:35,0.008
08/27/06 17:40,0.004
08/27/06 17:45,0.002
08/27/06 17:50,0.001
08/27/06 17:55,0.001
08/27/06 18:00,0.000
08/27/06 18:05,0.000
08/27/06 18:10,0.000
08/27/06 18:15,0.000
08/27/06 18:20,0.000
08/27/06 18:25,0.000
08/27/06 18:30,0.000
08/27/06 18:35,0.000
08/27/06 18:40,0.000
08/27/06 18:45,0.000
08/27/06 18:50,0.000
08/27/06 18:55,0.000
08/27/06 19:00,0.000
08/27/06 19:05,0.000
08/27/06 19:10,0.000
08/27/06 19:15,0.000
08/27/06 19:20,0.000
08/27/06 19:25,0.000
08/27/06 19:30,0.000
08/27/06 19:35,0.000
08/27/06 19:40,0.000
08/27/06 19:45,0.000
08/27/06 19:50,0.000
08/27/06 19:55,0.000
08/27/06 20:00,0.000
08/27/06 20:05,0.000
08/27/06 20:10,0.000
08/27/06 20:15,0.000
08/27/06 20:20,0.000
08/27/06 20:25,0.000
08/27/06 20:30,0.000
08/27/06 20:35,0.000
08/27/06 20:40,0.000
08/27/06 20:45,0.000
08/27/06 20:50,0.000
08/27/06 20:55,0.000
08/27/06 21:00,0.000
08/27/06 21:05,0.000
08/27/06 21:10,0.000
08/27/06 21:15,0.000
08/27/06 21:20,0.000
08/27/06 21:25,0.000
08/27/06 21:30,0.000
08/27/06 21:35,0.000
08/27/06 21:40,0.000
08/27/06 21:45,0.000
08/27/06 21:50,0.000
08/27/06 21:55,0.000
08/27/06 22:00,0.000
08/27/06 22:05,0.000
08/27/06 22:10,0.000
08/27/06 22:15,0.000
08/27/06 22:20,0.000
08/27/06 22:25,0.000
08/27/06 22:30,0.000
08/27/06 22:35,0.000
08/27/06 22:40,0.000
08/27/06 22:45,0.000
08/27/06 22:50,0.000
08/27/06 22:55,0.000
08/27/06 23:00,0.000
08/27/06 23:05,0.000
08/27/06 23:10,0.000
08/27/06 23:15,0.000
08/27/06 23:20,0.000
08/27/06 23:25,0.000
08/27/06 23:30,0.000
08/27/06 23:35,0.000
08/27/06 23:40,0.000
08/27/06 23:45,0.000
08/27/06 23:50,0.000
08/27/06 23:55,0.000
08/28/06 00:00,0.000
08/28/06 00:05,0.000
08/28/06 00:10,0.000
08/28/06 00:15,0.000
08/28/06 00:20,0.000
08/28/06 00:25,0.000
08/28/06 00:30,0.000
08/28/06 00:35,0.000
08/28/06 00:40,0.000
08/28/06 00:45,0.000
08/28/06 00:50,0.000
08/28/06 00:55,0.000
08/28/06 01:00,0.000
08/28/06 01:05,0.000
08/28/06 01:10,0.000
08/28/06 01:15,0.000
08/28/06 01:20,0.000
08/28/06 01:25,0.000
08/28/06 01:30,0.000
08/28/06 01:35,0.000
08/28/06 01:40,0.000
08/28/06 01:45,0.000
08/28/06 01:50,0.000
08/28/06 01:55,0.000
08/28/06 02:00,0.000
08/28/06 02:05,0.000
08/28/06 02:10,0.000
08/28/06 02:15,0.000
08/28/06 02:20,0.000
08/28/06 02:25,0.000
08/28/06 02:30,0.000
08/28/06 02:35,0.000
08/28/06 02:40,0.000
08/28/06 02:45,0.000
08/28/06 02:50,0.000
08/28/06 02:55,0.000
08/28/06 03:00,0.000
08/28/06 03:05,0.000
08/28/06 03:10,0.000
08/28/06 03:15,0.000
08/28/06 03:20,0.000
08/28/06 03:25,0.000
08/28/06 03:30,0.000
08/28/06 03:35,0.000
08/28/06 03:40,0.000
08/28/06 03:45,0.000
08/28/06 03:50,0.000
08/28/06 03:55,0.000
08/28/06 04:00,0.000
08/28/06 04:05,0.000
08/28/06 04:10,0.000
08/28/06 04:15,0.000
08/28/06 04:20,0.000
08/28/06 04:25,0.000
08/28/06 04:30,0.000
08/28/06 04:35,0.000
08/28/06 04:40,0.000
08/28/06 04:45,0.000
08/28/06 04:50,0.000
08/28/06 04:55,0.000
08/28/06 05:00,0.000
08/28/06 05:05,0.000
08/28/06 05:10,0.000
08/28/06 05:15,0.000
08/28/06 05:20,0.000
08/28/06 05:25,0.000
08/28/06 05:30,0.000
08/28/06 05:35,0.000
08/28/06 05:40,0.000
08/28/06 05:45,0.000
08/28/06 05:50,0.001
08/28/06 05:55,0.002
08/28/06 06:00,0.004
08/28/06 06:05,0.007
08/28/06 06:10,0.012
08/28/06 06:15,0.020
08/28/06 06:20,0.032
08/28/06 06:25,0.049
08/28/06 06:30,0.072
08/28/06 06:35,0.080
08/28/06 06:40,0.087
08/28/06 06:45,0.094
08/28/06 06:50,0.101
08/28/06 06:55,0.109
08/28/06 07:00,0.119
08/28/06 07:05,0.134
08/28/06 07:10,0.146
08/28/06 07:15,0.161
08/28/06 07:20,0.177
08/28/06 07:25,0.193
08/28/06 07:30,0.205
08/28/06 07:35,0.219
08/28/06 07:40,0.238
08/28/06 07:45,0.258
08/28/06 07:50,0.277
08/28/06 07:55,0.295
08/28/06 08:00,0.306
08/28/06 08:05,0.318
08/28/06 08:10,0.329
08/28/06 08:15,0.339
08/28/06 08:20,0.350
08/28/06 08:25,0.360
08/28/06 08:30,0.373
08/28/06 08:35,0.382
08/28/06 08:40,0.389
08/28/06 08:45,0.397
08/28/06 08:50,0.406
08/28/06 08:55,0.414
08/28/06 09:00,0.425
08/28/06 09:05,0.437
08/28/06 09:10,0.447
08/28/06 09:15,0.457
08/28/06 09:20,0.469
08/28/06 09:25,0.478
08/28/06 09:30,0.488
08/28/06 09:35,0.497
08/28/06 09:40,0.507
08/28/06 09:45,0.516
08/28/06 09:50,0.524
08/28/06 09:55,0.532
08/28/06 10:00,0.538
08/28/06 10:05,0.541
08/28/06 10:10,0.543
08/28/06 10:15,0.546
08/28/06 10:20,0.549
08/28/06 10:25,0.553
08/28/06 10:30,0.557
08/28/06 10:35,0.560
08/28/06 10:40,0.563
08/28/06 10:45,0.564
08/28/06 10:50,0.564
08/28/06 10:55,0.564
08/28/06 11:00,0.566
08/28/06 11:05,0.567
08/28/06 11:10,0.569
08/28/06 11:15,0.570
08/28/06 11:20,0.572
08/28/06 11:25,0.573
08/28/06 11:30,0.575
08/28/06 11:35,0.574
08/28/06 11:40,0.575
08/28/06 11:45,0.576
08/28/06 11:50,0.577
08/28/06 11:55,0.577
08/28/06 12:00,0.578
08/28/06 12:05,0.576
08/28/06 12:10,0.574
08/28/06 12:15,0.571
08/28/06 12:20,0.568
08/28/06 12:25,0.566
08/28/06 12:30,0.562
08/28/06 12:35,0.558
08/28/06 12:40,0.553
08/28/06 12:45,0.548
08/28/06 12:50,0.544
08/28/06 12:55,0.538
08/28/06 13:00,0.522
08/28/06 13:05,0.509
08/28/06 13:10,0.493
08/28/06 13:15,0.477
08/28/06 13:20,0.472
08/28/06 13:25,0.478
08/28/06 13:30,0.481
08/28/06 13:35,0.466
08/28/06 13:40,0.452
08/28/06 13:45,0.442
08/28/06 13:50,0.417
08/28/06 13:55,0.397
08/28/06 14:00,0.398
08/28/06 14:05,0.404
08/28/06 14:10,0.409
08/28/06 14:15,0.412
08/28/06 14:20,0.413
08/28/06 14:25,0.412
08/28/06 14:30,0.412
08/28/06 14:35,0.411
08/28/06 14:40,0.410
08/28/06 14:45,0.408
08/28/06 14:50,0.407
08/28/06 14:55,0.403
08/28/06 15:00,0.390
08/28/06 15:05,0.376
08/28/06 15:10,0.361
08/28/06 15:15,0.349
08/28/06 15:20,0.338
08/28/06 15:25,0.327
08/28/06 15:30,0.315
08/28/06 15:35,0.304
08/28/06 15:40,0.294
08/28/06 15:45,0.281
08/28/06 15:50,0.269
08/28/06 15:55,0.256
08/28/06 16:00,0.244
08/28/06 16:05,0.232
08/28/06 16:10,0.222
08/28/06 16:15,0.210
08/28/06 16:20,0.198
08/28/06 16:25,0.186
08/28/06 16:30,0.174
08/28/06 16:35,0.163
08/28/06 16:40,0.151
08/28/06 16:45,0.139
08/28/06 16:50,0.128
08/28/06 16:55,0.118
08/28/06 17:00,0.106
08/28/06 17:05,0.095
08/28/06 17:10,0.084
08/28/06 17:15,0.074
08/28/06 17:20,0.047
08/28/06 17:25,0.025
08/28/06 17:30,0.013
08/28/06 17:35,0.007
08/28/06 17:40,0.003
08/28/06 17:45,0.001
08/28/06 17:50,0.001
08/28/06 17:55,0.000
08/28/06 18:00,0.000
08/28/06 18:05,0.000
08/28/06 18:10,0.000
08/28/06 18:15,0.000
08/28/06 18:20,0.000
08/28/06 18:25,0.000
08/28/06 18:30,0.000
08/28/06 18:35,0.000
08/28/06 18:40,0.000
08/28/06 18:45,0.000
08/28/06 18:50,0.000
08/28/06 18:55,0.000
08/28/06 19:00,0.000
08/28/06 19:05,0.000
08/28/06 19:10,0.000
08/28/06 19:15,0.000
08/28/06 19:20,0.000
08/28/06 19:25,0.000
08/28/06 19:30,0.000
08/28/06 19:35,0.000
08/28/06 19:40,0.000
08/28/06 19:45,0.000
08/28/06 19:50,0.000
08/28/06 19:55,0.000
08/28/06 20:00,0.000
08/28/06 20:05,0.000
08/28/06 20:10,0.000
08/28/06 20:15,0.000
08/28/06 20:20,0.000
08/28/06 20:25,0.000
08/28/06 20:30,0.000
08/28/06 20:35,0.000
08/28/06 20:40,0.000
08/28/06 20:45,0.000
08/28/06 20:50,0.000
08/28/06 20:55,0.000
08/28/06 21:00,0.000
08/28/06 21:05,0.000
08/28/06 21:10,0.000
08/28/06 21:15,0.000
08/28/06 21:20,0.000
08/28/06 21:25,0.000
08/28/06 21:30,0.000
08/28/06 21:35,0.000
08/28/06 21:40,0.000
08/28/06 21:45,0.000
08/28/06 21:50,0.000
08/28/06 21:55,0.000
08/28/06 22:00,0.000
08/28/06 22:05,0.000
08/28/06 22:10,0.000
08/28/06 22:15,0.000
08/28/06 22:20,0.000
08/28/06 22:25,0.000
08/28/06 22:30,0.000
08/28/06 22:35,0.000
08/28/06 22:40,0.000
08/28/06 22:45,0.000
08/28/06 22:50,0.000
08/28/06 22:55,0.000
08/28/06 23:00,0.000
08/28/06 23:05,0.000
08/28/06 23:10,0.000
08/28/06 23:15,0.000
08/28/06 23:20,0.000
08/28/06 23:25,0.000
08/28/06 23:30,0.000
08/28/06 23:35,0.000
08/28/06 23:40,0.000
08/28/06 23:45,0.000
08/28/06 23:50,0.000
08/28/06 23:55,0.000
08/29/06 00:00,0.000
08/29/06 00:05,0.000
08/29/06 00:10,0.000
08/29/06 00:15,0.000
08/29/06 00:20,0.000
08/29/06 00:25,0.000
08/29/06 00:30,0.000
08/29/06 00:35,0.000
08/29/06 00:40,0.000
08/29/06 00:45,0.000
08/29/06 00:50,0.000
08/29/06 00:55,0.000
08/29/06 01:00,0.000
08/29/06 01:05,0.000
08/29/06 01:10,0.000
08/29/06 01:15,0.000
08/29/06 01:20,0.000
08/29/06 01:25,0.000
08/29/06 01:30,0.000
08/29/06 01:35,0.000
08/29/06 01:40,0.000
08/29/06 01:45,0.000
08/29/06 01:50,0.000
08/29/06 01:55,0.000
08/29/06 02:00,0.000
08/29/06 02:05,0.000
08/29/06 02:10,0.000
08/29/06 02:15,0.000
08/29/06 02:20,0.000
08/29/06 02:25,0.000
08/29/06 02:30,0.000
08/29/06 02:35,0.000
08/29/06 02:40,0.000
08/29/06 02:45,0.000
08/29/06 02:50,0.000
08/29/06 02:55,0.000
08/29/06 03:00,0.000
08/29/06 03:05,0.000
08/29/06 03:10,0.000
08/29/06 03:15,0.000
08/29/06 03:20,0.000
08/29/06 03:25,0.000
08/29/06 03:30,0.000
08/29/06 03:35,0.000
08/29/06 03:40,0.000
08/29/06 03:45,0.000
08/29/06 03:50,0.000
08/29/06 03:55,0.000
08/29/06 04:00,0.000
08/29/06 04:05,0.000
08/29/06 04:10,0.000
08/29/06 04:15,0.000
08/29/06 04:20,0.000
08/29/06 04:25,0.000
08/29/06 04:30,0.000
08/29/06 04:35,0.000
08/29/06 04:40,0.000
08/29/06 04:45,0.000
08/29/06 04:50,0.000
08/29/06 04:55,0.000
08/29/06 05:00,0.000
08/29/06 05:05,0.000
08/29/06 05:10,0.000
08/29/06 05:15,0.000
08/29/06 05:20,0.000
08/29/06 05:25,0.000
08/29/06 05:30,0.000
08/29/06 05:35,0.000
08/29/06 05:40,0.000
08/29/06 05:45,0.000
08/29/06 05:50,0.000
08/29/06 05:55,0.000
08/29/06 06:00,0.000
08/29/06 06:05,0.000
08/29/06 06:10,0.000
08/29/06 06:15,0.000
08/29/06 06:20,0.000
08/29/06 06:25,0.000
08/29/06 06:30,0.001
08/29/06 06:35,0.001
08/29/06 06:40,0.001
08/29/06 06:45,0.002
08/29/06 06:50,0.002
08/29/06 06:55,0.002
08/29/06 07:00,0.003
08/29/06 07:05,0.004
08/29/06 07:10,0.005
08/29/06 07:15,0.007
08/29/06 07:20,0.009
08/29/06 07:25,0.014
08/29/06 07:30,0.018
08/29/06 07:35,0.024
08/29/06 07:40,0.031
08/29/06 07:45,0.040
08/29/06 07:50,0.056
08/29/06 07:55,0.073
08/29/06 08:00,0.054
08/29/06 08:05,0.039
08/29/06 08:10,0.034
08/29/06 08:15,0.030
08/29/06 08:20,0.031
08/29/06 08:25,0.032
08/29/06 08:30,0.037
08/29/06 08:35,0.042
08/29/06 08:40,0.049
08/29/06 08:45,0.055
08/29/06 08:50,0.056
08/29/06 08:55,0.057
08/29/06 09:00,0.050
08/29/06 09:05,0.057
08/29/06 09:10,0.115
08/29/06 09:15,0.125
08/29/06 09:20,0.108
08/29/06 09:25,0.116
08/29/06 09:30,0.186
08/29/06 09:35,0.235
08/29/06 09:40,0.190
08/29/06 09:45,0.150
08/29/06 09:50,0.127
08/29/06 09:55,0.158
08/29/06 10:00,0.265
08/29/06 10:05,0.335
08/29/06 10:10,0.384
08/29/06 10:15,0.408
08/29/06 10:20,0.419
08/29/06 10:25,0.417
08/29/06 10:30,0.403
08/29/06 10:35,0.385
08/29/06 10:40,0.360
08/29/06 10:45,0.322
08/29/06 10:50,0.290
08/29/06 10:55,0.251
08/29/06 11:00,0.239
08/29/06 11:05,0.259
08/29/06 11:10,0.281
08/29/06 11:15,0.212
08/29/06 11:20,0.166
08/29/06 11:25,0.165
08/29/06 11:30,0.199
08/29/06 11:35,0.177
08/29/06 11:40,0.162
08/29/06 11:45,0.149
08/29/06 11:50,0.145
08/29/06 11:55,0.143
08/29/06 12:00,0.146
08/29/06 12:05,0.179
08/29/06 12:10,0.244
08/29/06 12:15,0.305
08/29/06 12:20,0.313
08/29/06 12:25,0.279
08/29/06 12:30,0.369
08/29/06 12:35,0.420
08/29/06 12:40,0.397
08/29/06 12:45,0.400
08/29/06 12:50,0.420
08/29/06 12:55,0.435
08/29/06 13:00,0.454
08/29/06 13:05,0.458
08/29/06 13:10,0.446
08/29/06 13:15,0.452
08/29/06 13:20,0.457
08/29/06 13:25,0.459
08/29/06 13:30,0.419
08/29/06 13:35,0.391
08/29/06 13:40,0.376
08/29/06 13:45,0.381
08/29/06 13:50,0.395
08/29/06 13:55,0.389
08/29/06 14:00,0.391
08/29/06 14:05,0.357
08/29/06 14:10,0.364
08/29/06 14:15,0.387
08/29/06 14:20,0.399
08/29/06 14:25,0.402
08/29/06 14:30,0.400
08/29/06 14:35,0.396
08/29/06 14:40,0.391
08/29/06 14:45,0.361
08/29/06 14:50,0.314
08/29/06 14:55,0.307
08/29/06 15:00,0.300
08/29/06 15:05,0.288
08/29/06 15:10,0.274
08/29/06 15:15,0.263
08/29/06 15:20,0.262
08/29/06 15:25,0.271
08/29/06 15:30,0.276
08/29/06 15:35,0.275
08/29/06 15:40,0.271
08/29/06 15:45,0.269
08/29/06 15:50,0.266
08/29/06 15:55,0.257
08/29/06 16:00,0.240
08/29/06 16:05,0.225
08/29/06 16:10,0.213
08/29/06 16:15,0.206
08/29/06 16:20,0.195
08/29/06 16:25,0.184
08/29/06 16:30,0.173
08/29/06 16:35,0.161
08/29/06 16:40,0.150
08/29/06 16:45,0.138
08/29/06 16:50,0.126
08/29/06 16:55,0.113
08/29/06 17:00,0.102
08/29/06 17:05,0.089
08/29/06 17:10,0.076
08/29/06 17:15,0.044
08/29/06 17:20,0.022
08/29/06 17:25,0.011
08/29/06 17:30,0.005
08/29/06 17:35,0.002
08/29/06 17:40,0.001
08/29/06 17:45,0.000
08/29/06 17:50,0.000
08/29/06 17:55,0.000
08/29/06 18:00,0.000
08/29/06 18:05,0.000
08/29/06 18:10,0.000
08/29/06 18:15,0.000
08/29/06 18:20,0.000
08/29/06 18:25,0.000
08/29/06 18:30,0.000
08/29/06 18:35,0.000
08/29/06 18:40,0.000
08/29/06 18:45,0.000
08/29/06 18:50,0.000
08/29/06 18:55,0.000
08/29/06 19:00,0.000
08/29/06 19:05,0.000
08/29/06 19:10,0.000
08/29/06 19:15,0.000
08/29/06 19:20,0.000
08/29/06 19:25,0.000
08/29/06 19:30,0.000
08/29/06 19:35,0.000
08/29/06 19:40,0.000
08/29/06 19:45,0.000
08/29/06 19:50,0.000
08/29/06 19:55,0.000
08/29/06 20:00,0.000
08/29/06 20:05,0.000
08/29/06 20:10,0.000
08/29/06 20:15,0.000
08/29/06 20:20,0.000
08/29/06 20:25,0.000
08/29/06 20:30,0.000
08/29/06 20:35,0.000
08/29/06 20:40,0.000
08/29/06 20:45,0.000
08/29/06 20:50,0.000
08/29/06 20:55,0.000
08/29/06 21:00,0.000
08/29/06 21:05,0.000
08/29/06 21:10,0.000
08/29/06 21:15,0.000
08/29/06 21:20,0.000
08/29/06 21:25,0.000
08/29/06 21:30,0.000
08/29/06 21:35,0.000
08/29/06 21:40,0.000
08/29/06 21:45,0.000
08/29/06 21:50,0.000
08/29/06 21:55,0.000
08/29/06 22:00,0.000
08/29/06 22:05,0.000
08/29/06 22:10,0.000
08/29/06 22:15,0.000
08/29/06 22:20,0.000
08/29/06 22:25,0.000
08/29/06 22:30,0.000
08/29/06 22:35,0.000
08/29/06 22:40,0.000
08/29/06 22:45,0.000
08/29/06 22:50,0.000
08/29/06 22:55,0.000
08/29/06 23:00,0.000
08/29/06 23:05,0.000
08/29/06 23:10,0.000
08/29/06 23:15,0.000
08/29/06 23:20,0.000
08/29/06 23:25,0.000
08/29/06 23:30,0.000
08/29/06 23:35,0.000
08/29/06 23:40,0.000
08/29/06 23:45,0.000
08/29/06 23:50,0.000
08/29/06 23:55,0.000
08/30/06 00:00,0.000
08/30/06 00:05,0.000
08/30/06 00:10,0.000
08/30/06 00:15,0.000
08/30/06 00:20,0.000
08/30/06 00:25,0.000
08/30/06 00:30,0.000
08/30/06 00:35,0.000
08/30/06 00:40,0.000
08/30/06 00:45,0.000
08/30/06 00:50,0.000
08/30/06 00:55,0.000
08/30/06 01:00,0.000
08/30/06 01:05,0.000
08/30/06 01:10,0.000
08/30/06 01:15,0.000
08/30/06 01:20,0.000
08/30/06 01:25,0.000
08/30/06 01:30,0.000
08/30/06 01:35,0.000
08/30/06 01:40,0.000
08/30/06 01:45,0.000
08/30/06 01:50,0.000
08/30/06 01:55,0.000
08/30/06 02:00,0.000
08/30/06 02:05,0.000
08/30/06 02:10,0.000
08/30/06 02:15,0.000
08/30/06 02:20,0.000
08/30/06 02:25,0.000
08/30/06 02:30,0.000
08/30/06 02:35,0.000
08/30/06 02:40,0.000
08/30/06 02:45,0.000
08/30/06 02:50,0.000
08/30/06 02:55,0.000
08/30/06 03:00,0.000
08/30/06 03:05,0.000
08/30/06 03:10,0.000
08/30/06 03:15,0.000
08/30/06 03:20,0.000
08/30/06 03:25,0.000
08/30/06 03:30,0.000
08/30/06 03:35,0.000
08/30/06 03:40,0.000
08/30/06 03:45,0.000
08/30/06 03:50,0.000
08/30/06 03:55,0.000
08/30/06 04:00,0.000
08/30/06 04:05,0.000
08/30/06 04:10,0.000
08/30/06 04:15,0.000
08/30/06 04:20,0.000
08/30/06 04:25,0.000
08/30/06 04:30,0.000
08/30/06 04:35,0.000
08/30/06 04:40,0.000
08/30/06 04:45,0.000
08/30/06 04:50,0.000
08/30/06 04:55,0.000
08/30/06 05:00,0.000
08/30/06 05:05,0.000
08/30/06 05:10,0.000
08/30/06 05:15,0.000
08/30/06 05:20,0.000
08/30/06 05:25,0.000
08/30/06 05:30,0.000
08/30/06 05:35,0.000
08/30/06 05:40,0.000
08/30/06 05:45,0.000
08/30/06 05:50,0.001
08/30/06 05:55,0.004
08/30/06 06:00,0.007
08/30/06 06:05,0.015
08/30/06 06:10,0.028
08/30/06 06:15,0.049
08/30/06 06:20,0.078
08/30/06 06:25,0.089
08/30/06 06:30,0.102
08/30/06 06:35,0.115
08/30/06 06:40,0.129
08/30/06 06:45,0.144
08/30/06 06:50,0.158
08/30/06 06:55,0.171
08/30/06 07:00,0.182
08/30/06 07:05,0.191
08/30/06 07:10,0.199
08/30/06 07:15,0.207
08/30/06 07:20,0.215
08/30/06 07:25,0.222
08/30/06 07:30,0.226
08/30/06 07:35,0.232
08/30/06 07:40,0.236
08/30/06 07:45,0.240
08/30/06 07:50,0.244
08/30/06 07:55,0.248
08/30/06 08:00,0.245
08/30/06 08:05,0.248
08/30/06 08:10,0.255
08/30/06 08:15,0.267
08/30/06 08:20,0.281
08/30/06 08:25,0.297
08/30/06 08:30,0.321
08/30/06 08:35,0.339
08/30/06 08:40,0.354
08/30/06 08:45,0.371
08/30/06 08:50,0.389
08/30/06 08:55,0.407
08/30/06 09:00,0.423
08/30/06 09:05,0.432
08/30/06 09:10,0.433
08/30/06 09:15,0.430
08/30/06 09:20,0.422
08/30/06 09:25,0.412
08/30/06 09:30,0.393
08/30/06 09:35,0.377
08/30/06 09:40,0.358
08/30/06 09:45,0.329
08/30/06 09:50,0.302
08/30/06 09:55,0.270
08/30/06 10:00,0.305
08/30/06 10:05,0.339
08/30/06 10:10,0.340
08/30/06 10:15,0.325
08/30/06 10:20,0.302
08/30/06 10:25,0.333
08/30/06 10:30,0.383
08/30/06 10:35,0.422
08/30/06 10:40,0.453
08/30/06 10:45,0.470
08/30/06 10:50,0.461
08/30/06 10:55,0.471
08/30/06 11:00,0.479
08/30/06 11:05,0.486
08/30/06 11:10,0.496
08/30/06 11:15,0.507
08/30/06 11:20,0.523
08/30/06 11:25,0.530
08/30/06 11:30,0.535
08/30/06 11:35,0.539
08/30/06 11:40,0.546
08/30/06 11:45,0.545
08/30/06 11:50,0.539
08/30/06 11:55,0.510
08/30/06 12:00,0.442
08/30/06 12:05,0.385
08/30/06 12:10,0.330
08/30/06 12:15,0.293
08/30/06 12:20,0.265
08/30/06 12:25,0.245
08/30/06 12:30,0.232
08/30/06 12:35,0.213
08/30/06 12:40,0.193
08/30/06 12:45,0.178
08/30/06 12:50,0.174
08/30/06 12:55,0.178
08/30/06 13:00,0.228
08/30/06 13:05,0.270
08/30/06 13:10,0.276
08/30/06 13:15,0.219
08/30/06 13:20,0.211
08/30/06 13:25,0.188
08/30/06 13:30,0.158
08/30/06 13:35,0.151
08/30/06 13:40,0.173
08/30/06 13:45,0.160
08/30/06 13:50,0.147
08/30/06 13:55,0.150
08/30/06 14:00,0.133
08/30/06 14:05,0.125
08/30/06 14:10,0.117
08/30/06 14:15,0.108
08/30/06 14:20,0.097
08/30/06 14:25,0.084
08/30/06 14:30,0.076
08/30/06 14:35,0.074
08/30/06 14:40,0.077
08/30/06 14:45,0.081
08/30/06 14:50,0.079
08/30/06 14:55,0.083
08/30/06 15:00,0.094
08/30/06 15:05,0.096
08/30/06 15:10,0.098
08/30/06 15:15,0.099
08/30/06 15:20,0.096
08/30/06 15:25,0.093
08/30/06 15:30,0.085
08/30/06 15:35,0.080
08/30/06 15:40,0.076
08/30/06 15:45,0.070
08/30/06 15:50,0.059
08/30/06 15:55,0.039
08/30/06 16:00,0.022
08/30/06 16:05,0.027
08/30/06 16:10,0.032
08/30/06 16:15,0.092
08/30/06 16:20,0.086
08/30/06 16:25,0.055
08/30/06 16:30,0.028
08/30/06 16:35,0.020
08/30/06 16:40,0.031
08/30/06 16:45,0.044
08/30/06 16:50,0.069
08/30/06 16:55,0.064
08/30/06 17:00,0.031
08/30/06 17:05,0.008
08/30/06 17:10,0.003
08/30/06 17:15,0.002
08/30/06 17:20,0.001
08/30/06 17:25,0.001
08/30/06 17:30,0.001
08/30/06 17:35,0.000
08/30/06 17:40,0.000
08/30/06 17:45,0.000
08/30/06 17:50,0.000
08/30/06 17:55,0.000
08/30/06 18:00,0.000
08/30/06 18:05,0.000
08/30/06 18:10,0.000
08/30/06 18:15,0.000
08/30/06 18:20,0.000
08/30/06 18:25,0.000
08/30/06 18:30,0.000
08/30/06 18:35,0.000
08/30/06 18:40,0.000
08/30/06 18:45,0.000
08/30/06 18:50,0.000
08/30/06 18:55,0.000
08/30/06 19:00,0.000
08/30/06 19:05,0.000
08/30/06 19:10,0.000
08/30/06 19:15,0.000
08/30/06 19:20,0.000
08/30/06 19:25,0.000
08/30/06 19:30,0.000
08/30/06 19:35,0.000
08/30/06 19:40,0.000
08/30/06 19:45,0.000
08/30/06 19:50,0.000
08/30/06 19:55,0.000
08/30/06 20:00,0.000
08/30/06 20:05,0.000
08/30/06 20:10,0.000
08/30/06 20:15,0.000
08/30/06 20:20,0.000
08/30/06 20:25,0.000
08/30/06 20:30,0.000
08/30/06 20:35,0.000
08/30/06 20:40,0.000
08/30/06 20:45,0.000
08/30/06 20:50,0.000
08/30/06 20:55,0.000
08/30/06 21:00,0.000
08/30/06 21:05,0.000
08/30/06 21:10,0.000
08/30/06 21:15,0.000
08/30/06 21:20,0.000
08/30/06 21:25,0.000
08/30/06 21:30,0.000
08/30/06 21:35,0.000
08/30/06 21:40,0.000
08/30/06 21:45,0.000
08/30/06 21:50,0.000
08/30/06 21:55,0.000
08/30/06 22:00,0.000
08/30/06 22:05,0.000
08/30/06 22:10,0.000
08/30/06 22:15,0.000
08/30/06 22:20,0.000
08/30/06 22:25,0.000
08/30/06 22:30,0.000
08/30/06 22:35,0.000
08/30/06 22:40,0.000
08/30/06 22:45,0.000
08/30/06 22:50,0.000
08/30/06 22:55,0.000
08/30/06 23:00,0.000
08/30/06 23:05,0.000
08/30/06 23:10,0.000
08/30/06 23:15,0.000
08/30/06 23:20,0.000
08/30/06 23:25,0.000
08/30/06 23:30,0.000
08/30/06 23:35,0.000
08/30/06 23:40,0.000
08/30/06 23:45,0.000
08/30/06 23:50,0.000
08/30/06 23:55,0.000
08/31/06 00:00,0.000
08/31/06 00:05,0.000
08/31/06 00:10,0.000
08/31/06 00:15,0.000
08/31/06 00:20,0.000
08/31/06 00:25,0.000
08/31/06 00:30,0.000
08/31/06 00:35,0.000
08/31/06 00:40,0.000
08/31/06 00:45,0.000
08/31/06 00:50,0.000
08/31/06 00:55,0.000
08/31/06 01:00,0.000
08/31/06 01:05,0.000
08/31/06 01:10,0.000
08/31/06 01:15,0.000
08/31/06 01:20,0.000
08/31/06 01:25,0.000
08/31/06 01:30,0.000
08/31/06 01:35,0.000
08/31/06 01:40,0.000
08/31/06 01:45,0.000
08/31/06 01:50,0.000
08/31/06 01:55,0.000
08/31/06 02:00,0.000
08/31/06 02:05,0.000
08/31/06 02:10,0.000
08/31/06 02:15,0.000
08/31/06 02:20,0.000
08/31/06 02:25,0.000
08/31/06 02:30,0.000
08/31/06 02:35,0.000
08/31/06 02:40,0.000
08/31/06 02:45,0.000
08/31/06 02:50,0.000
08/31/06 02:55,0.000
08/31/06 03:00,0.000
08/31/06 03:05,0.000
08/31/06 03:10,0.000
08/31/06 03:15,0.000
08/31/06 03:20,0.000
08/31/06 03:25,0.000
08/31/06 03:30,0.000
08/31/06 03:35,0.000
08/31/06 03:40,0.000
08/31/06 03:45,0.000
08/31/06 03:50,0.000
08/31/06 03:55,0.000
08/31/06 04:00,0.000
08/31/06 04:05,0.000
08/31/06 04:10,0.000
08/31/06 04:15,0.000
08/31/06 04:20,0.000
08/31/06 04:25,0.000
08/31/06 04:30,0.000
08/31/06 04:35,0.000
08/31/06 04:40,0.000
08/31/06 04:45,0.000
08/31/06 04:50,0.000
08/31/06 04:55,0.000
08/31/06 05:00,0.000
08/31/06 05:05,0.000
08/31/06 05:10,0.000
08/31/06 05:15,0.000
08/31/06 05:20,0.000
08/31/06 05:25,0.000
08/31/06 05:30,0.000
08/31/06 05:35,0.000
08/31/06 05:40,0.000
08/31/06 05:45,0.000
08/31/06 05:50,0.001
08/31/06 05:55,0.002
08/31/06 06:00,0.004
08/31/06 06:05,0.009
08/31/06 06:10,0.017
08/31/06 06:15,0.032
08/31/06 06:20,0.059
08/31/06 06:25,0.081
08/31/06 06:30,0.092
08/31/06 06:35,0.104
08/31/06 06:40,0.116
08/31/06 06:45,0.129
08/31/06 06:50,0.141
08/31/06 06:55,0.155
08/31/06 07:00,0.167
08/31/06 07:05,0.180
08/31/06 07:10,0.193
08/31/06 07:15,0.206
08/31/06 07:20,0.220
08/31/06 07:25,0.233
08/31/06 07:30,0.247
08/31/06 07:35,0.260
08/31/06 07:40,0.273
08/31/06 07:45,0.286
08/31/06 07:50,0.299
08/31/06 07:55,0.311
08/31/06 08:00,0.323
08/31/06 08:05,0.334
08/31/06 08:10,0.346
08/31/06 08:15,0.357
08/31/06 08:20,0.368
08/31/06 08:25,0.379
08/31/06 08:30,0.393
08/31/06 08:35,0.402
08/31/06 08:40,0.411
08/31/06 08:45,0.420
08/31/06 08:50,0.428
08/31/06 08:55,0.437
08/31/06 09:00,0.448
08/31/06 09:05,0.458
08/31/06 09:10,0.466
08/31/06 09:15,0.473
08/31/06 09:20,0.480
08/31/06 09:25,0.486
08/31/06 09:30,0.492
08/31/06 09:35,0.498
08/31/06 09:40,0.504
08/31/06 09:45,0.509
08/31/06 09:50,0.513
08/31/06 09:55,0.516
08/31/06 10:00,0.519
08/31/06 10:05,0.523
08/31/06 10:10,0.527
08/31/06 10:15,0.530
08/31/06 10:20,0.534
08/31/06 10:25,0.538
08/31/06 10:30,0.542
08/31/06 10:35,0.547
08/31/06 10:40,0.552
08/31/06 10:45,0.557
08/31/06 10:50,0.561
08/31/06 10:55,0.560
08/31/06 11:00,0.561
08/31/06 11:05,0.564
08/31/06 11:10,0.567
08/31/06 11:15,0.571
08/31/06 11:20,0.574
08/31/06 11:25,0.576
08/31/06 11:30,0.579
08/31/06 11:35,0.585
08/31/06 11:40,0.590
08/31/06 11:45,0.593
08/31/06 11:50,0.594
08/31/06 11:55,0.595
08/31/06 12:00,0.589
08/31/06 12:05,0.580
08/31/06 12:10,0.562
08/31/06 12:15,0.546
08/31/06 12:20,0.527
08/31/06 12:25,0.506
08/31/06 12:30,0.494
08/31/06 12:35,0.486
08/31/06 12:40,0.482
08/31/06 12:45,0.475
08/31/06 12:50,0.471
08/31/06 12:55,0.467
08/31/06 13:00,0.479
08/31/06 13:05,0.487
08/31/06 13:10,0.491
08/31/06 13:15,0.488
08/31/06 13:20,0.482
08/31/06 13:25,0.478
08/31/06 13:30,0.466
08/31/06 13:35,0.447
08/31/06 13:40,0.430
08/31/06 13:45,0.415
08/31/06 13:50,0.400
08/31/06 13:55,0.384
08/31/06 14:00,0.398
08/31/06 14:05,0.407
08/31/06 14:10,0.410
08/31/06 14:15,0.410
08/31/06 14:20,0.403
08/31/06 14:25,0.387
08/31/06 14:30,0.368
08/31/06 14:35,0.352
08/31/06 14:40,0.338
08/31/06 14:45,0.327
08/31/06 14:50,0.314
08/31/06 14:55,0.302
08/31/06 15:00,0.296
08/31/06 15:05,0.278
08/31/06 15:10,0.259
08/31/06 15:15,0.252
08/31/06 15:20,0.249
08/31/06 15:25,0.248
08/31/06 15:30,0.251
08/31/06 15:35,0.254
08/31/06 15:40,0.259
08/31/06 15:45,0.263
08/31/06 15:50,0.262
08/31/06 15:55,0.260
08/31/06 16:00,0.251
08/31/06 16:05,0.239
08/31/06 16:10,0.227
08/31/06 16:15,0.214
08/31/06 16:20,0.200
08/31/06 16:25,0.186
08/31/06 16:30,0.173
08/31/06 16:35,0.159
08/31/06 16:40,0.146
08/31/06 16:45,0.134
08/31/06 16:50,0.121
08/31/06 16:55,0.110
08/31/06 17:00,0.098
08/31/06 17:05,0.087
08/31/06 17:10,0.076
08/31/06 17:15,0.046
08/31/06 17:20,0.025
08/31/06 17:25,0.013
08/31/06 17:30,0.007
08/31/06 17:35,0.003
08/31/06 17:40,0.001
08/31/06 17:45,0.001
08/31/06 17:50,0.000
08/31/06 17:55,0.000
08/31/06 18:00,0.000
08/31/06 18:05,0.000
08/31/06 18:10,0.000
08/31/06 18:15,0.000
08/31/06 18:20,0.000
08/31/06 18:25,0.000
08/31/06 18:30,0.000
08/31/06 18:35,0.000
08/31/06 18:40,0.000
08/31/06 18:45,0.000
08/31/06 18:50,0.000
08/31/06 18:55,0.000
08/31/06 19:00,0.000
08/31/06 19:05,0.000
08/31/06 19:10,0.000
08/31/06 19:15,0.000
08/31/06 19:20,0.000
08/31/06 19:25,0.000
08/31/06 19:30,0.000
08/31/06 19:35,0.000
08/31/06 19:40,0.000
08/31/06 19:45,0.000
08/31/06 19:50,0.000
08/31/06 19:55,0.000
08/31/06 20:00,0.000
08/31/06 20:05,0.000
08/31/06 20:10,0.000
08/31/06 20:15,0.000
08/31/06 20:20,0.000
08/31/06 20:25,0.000
08/31/06 20:30,0.000
08/31/06 20:35,0.000
08/31/06 20:40,0.000
08/31/06 20:45,0.000
08/31/06 20:50,0.000
08/31/06 20:55,0.000
08/31/06 21:00,0.000
08/31/06 21:05,0.000
08/31/06 21:10,0.000
08/31/06 21:15,0.000
08/31/06 21:20,0.000
08/31/06 21:25,0.000
08/31/06 21:30,0.000
08/31/06 21:35,0.000
08/31/06 21:40,0.000
08/31/06 21:45,0.000
08/31/06 21:50,0.000
08/31/06 21:55,0.000
08/31/06 22:00,0.000
08/31/06 22:05,0.000
08/31/06 22:10,0.000
08/31/06 22:15,0.000
08/31/06 22:20,0.000
08/31/06 22:25,0.000
08/31/06 22:30,0.000
08/31/06 22:35,0.000
08/31/06 22:40,0.000
08/31/06 22:45,0.000
08/31/06 22:50,0.000
08/31/06 22:55,0.000
08/31/06 23:00,0.000
08/31/06 23:05,0.000
08/31/06 23:10,0.000
08/31/06 23:15,0.000
08/31/06 23:20,0.000
08/31/06 23:25,0.000
08/31/06 23:30,0.000
08/31/06 23:35,0.000
08/31/06 23:40,0.000
08/31/06 23:45,0.000
08/31/06 23:50,0.000
08/31/06 23:55,0.000
09/01/06 00:00,0.000
09/01/06 00:05,0.000
09/01/06 00:10,0.000
09/01/06 00:15,0.000
09/01/06 00:20,0.000
09/01/06 00:25,0.000
09/01/06 00:30,0.000
09/01/06 00:35,0.000
09/01/06 00:40,0.000
09/01/06 00:45,0.000
09/01/06 00:50,0.000
09/01/06 00:55,0.000
09/01/06 01:00,0.000
09/01/06 01:05,0.000
09/01/06 01:10,0.000
09/01/06 01:15,0.000
09/01/06 01:20,0.000
09/01/06 01:25,0.000
09/01/06 01:30,0.000
09/01/06 01:35,0.000
09/01/06 01:40,0.000
09/01/06 01:45,0.000
09/01/06 01:50,0.000
09/01/06 01:55,0.000
09/01/06 02:00,0.000
09/01/06 02:05,0.000
09/01/06 02:10,0.000
09/01/06 02:15,0.000
09/01/06 02:20,0.000
09/01/06 02:25,0.000
09/01/06 02:30,0.000
09/01/06 02:35,0.000
09/01/06 02:40,0.000
09/01/06 02:45,0.000
09/01/06 02:50,0.000
09/01/06 02:55,0.000
09/01/06 03:00,0.000
09/01/06 03:05,0.000
09/01/06 03:10,0.000
09/01/06 03:15,0.000
09/01/06 03:20,0.000
09/01/06 03:25,0.000
09/01/06 03:30,0.000
09/01/06 03:35,0.000
09/01/06 03:40,0.000
09/01/06 03:45,0.000
09/01/06 03:50,0.000
09/01/06 03:55,0.000
09/01/06 04:00,0.000
09/01/06 04:05,0.000
09/01/06 04:10,0.000
09/01/06 04:15,0.000
09/01/06 04:20,0.000
09/01/06 04:25,0.000
09/01/06 04:30,0.000
09/01/06 04:35,0.000
09/01/06 04:40,0.000
09/01/06 04:45,0.000
09/01/06 04:50,0.000
09/01/06 04:55,0.000
09/01/06 05:00,0.000
09/01/06 05:05,0.000
09/01/06 05:10,0.000
09/01/06 05:15,0.000
09/01/06 05:20,0.000
09/01/06 05:25,0.000
09/01/06 05:30,0.000
09/01/06 05:35,0.000
09/01/06 05:40,0.000
09/01/06 05:45,0.000
09/01/06 05:50,0.001
09/01/06 05:55,0.002
09/01/06 06:00,0.004
09/01/06 06:05,0.008
09/01/06 06:10,0.017
09/01/06 06:15,0.033
09/01/06 06:20,0.058
09/01/06 06:25,0.081
09/01/06 06:30,0.092
09/01/06 06:35,0.104
09/01/06 06:40,0.116
09/01/06 06:45,0.130
09/01/06 06:50,0.143
09/01/06 06:55,0.157
09/01/06 07:00,0.171
09/01/06 07:05,0.185
09/01/06 07:10,0.200
09/01/06 07:15,0.214
09/01/06 07:20,0.226
09/01/06 07:25,0.237
09/01/06 07:30,0.247
09/01/06 07:35,0.259
09/01/06 07:40,0.271
09/01/06 07:45,0.286
09/01/06 07:50,0.301
09/01/06 07:55,0.316
09/01/06 08:00,0.329
09/01/06 08:05,0.341
09/01/06 08:10,0.353
09/01/06 08:15,0.365
09/01/06 08:20,0.376
09/01/06 08:25,0.387
09/01/06 08:30,0.399
09/01/06 08:35,0.414
09/01/06 08:40,0.425
09/01/06 08:45,0.435
09/01/06 08:50,0.444
09/01/06 08:55,0.453
09/01/06 09:00,0.462
09/01/06 09:05,0.470
09/01/06 09:10,0.476
09/01/06 09:15,0.482
09/01/06 09:20,0.488
09/01/06 09:25,0.497
09/01/06 09:30,0.506
09/01/06 09:35,0.514
09/01/06 09:40,0.521
09/01/06 09:45,0.527
09/01/06 09:50,0.532
09/01/06 09:55,0.536
09/01/06 10:00,0.539
09/01/06 10:05,0.543
09/01/06 10:10,0.547
09/01/06 10:15,0.550
09/01/06 10:20,0.553
09/01/06 10:25,0.555
09/01/06 10:30,0.554
09/01/06 10:35,0.556
09/01/06 10:40,0.558
09/01/06 10:45,0.560
09/01/06 10:50,0.563
09/01/06 10:55,0.565
09/01/06 11:00,0.568
09/01/06 11:05,0.569
09/01/06 11:10,0.570
09/01/06 11:15,0.571
09/01/06 11:20,0.572
09/01/06 11:25,0.570
09/01/06 11:30,0.567
09/01/06 11:35,0.564
09/01/06 11:40,0.563
09/01/06 11:45,0.562
09/01/06 11:50,0.562
09/01/06 11:55,0.562
09/01/06 12:00,0.562
09/01/06 12:05,0.563
09/01/06 12:10,0.563
09/01/06 12:15,0.563
09/01/06 12:20,0.563
09/01/06 12:25,0.564
09/01/06 12:30,0.564
09/01/06 12:35,0.563
09/01/06 12:40,0.565
09/01/06 12:45,0.565
09/01/06 12:50,0.564
09/01/06 12:55,0.563
09/01/06 13:00,0.559
09/01/06 13:05,0.555
09/01/06 13:10,0.551
09/01/06 13:15,0.546
09/01/06 13:20,0.541
09/01/06 13:25,0.535
09/01/06 13:30,0.529
09/01/06 13:35,0.523
09/01/06 13:40,0.516
09/01/06 13:45,0.506
09/01/06 13:50,0.495
09/01/06 13:55,0.485
09/01/06 14:00,0.478
09/01/06 14:05,0.469
09/01/06 14:10,0.466
09/01/06 14:15,0.461
09/01/06 14:20,0.455
09/01/06 14:25,0.448
09/01/06 14:30,0.442
09/01/06 14:35,0.434
09/01/06 14:40,0.424
09/01/06 14:45,0.414
09/01/06 14:50,0.403
09/01/06 14:55,0.393
09/01/06 15:00,0.384
09/01/06 15:05,0.372
09/01/06 15:10,0.363
09/01/06 15:15,0.353
09/01/06 15:20,0.343
09/01/06 15:25,0.332
09/01/06 15:30,0.320
09/01/06 15:35,0.309
09/01/06 15:40,0.297
09/01/06 15:45,0.286
09/01/06 15:50,0.274
09/01/06 15:55,0.263
09/01/06 16:00,0.250
09/01/06 16:05,0.237
09/01/06 16:10,0.225
09/01/06 16:15,0.213
09/01/06 16:20,0.200
09/01/06 16:25,0.186
09/01/06 16:30,0.172
09/01/06 16:35,0.158
09/01/06 16:40,0.144
09/01/06 16:45,0.130
09/01/06 16:50,0.117
09/01/06 16:55,0.104
09/01/06 17:00,0.092
09/01/06 17:05,0.081
09/01/06 17:10,0.062
09/01/06 17:15,0.035
09/01/06 17:20,0.018
09/01/06 17:25,0.009
09/01/06 17:30,0.004
09/01/06 17:35,0.002
09/01/06 17:40,0.001
09/01/06 17:45,0.000
09/01/06 17:50,0.000
09/01/06 17:55,0.000
09/01/06 18:00,0.000
09/01/06 18:05,0.000
09/01/06 18:10,0.000
09/01/06 18:15,0.000
09/01/06 18:20,0.000
09/01/06 18:25,0.000
09/01/06 18:30,0.000
09/01/06 18:35,0.000
09/01/06 18:40,0.000
09/01/06 18:45,0.000
09/01/06 18:50,0.000
09/01/06 18:55,0.000
09/01/06 19:00,0.000
09/01/06 19:05,0.000
09/01/06 19:10,0.000
09/01/06 19:15,0.000
09/01/06 19:20,0.000
09/01/06 19:25,0.000
09/01/06 19:30,0.000
09/01/06 19:35,0.000
09/01/06 19:40,0.000
09/01/06 19:45,0.000
09/01/06 19:50,0.000
09/01/06 19:55,0.000
09/01/06 20:00,0.000
09/01/06 20:05,0.000
09/01/06 20:10,0.000
09/01/06 20:15,0.000
09/01/06 20:20,0.000
09/01/06 20:25,0.000
09/01/06 20:30,0.000
09/01/06 20:35,0.000
09/01/06 20:40,0.000
09/01/06 20:45,0.000
09/01/06 20:50,0.000
09/01/06 20:55,0.000
09/01/06 21:00,0.000
09/01/06 21:05,0.000
09/01/06 21:10,0.000
09/01/06 21:15,0.000
09/01/06 21:20,0.000
09/01/06 21:25,0.000
09/01/06 21:30,0.000
09/01/06 21:35,0.000
09/01/06 21:40,0.000
09/01/06 21:45,0.000
09/01/06 21:50,0.000
09/01/06 21:55,0.000
09/01/06 22:00,0.000
09/01/06 22:05,0.000
09/01/06 22:10,0.000
09/01/06 22:15,0.000
09/01/06 22:20,0.000
09/01/06 22:25,0.000
09/01/06 22:30,0.000
09/01/06 22:35,0.000
09/01/06 22:40,0.000
09/01/06 22:45,0.000
09/01/06 22:50,0.000
09/01/06 22:55,0.000
09/01/06 23:00,0.000
09/01/06 23:05,0.000
09/01/06 23:10,0.000
09/01/06 23:15,0.000
09/01/06 23:20,0.000
09/01/06 23:25,0.000
09/01/06 23:30,0.000
09/01/06 23:35,0.000
09/01/06 23:40,0.000
09/01/06 23:45,0.000
09/01/06 23:50,0.000
09/01/06 23:55,0.000
09/02/06 00:00,0.000
09/02/06 00:05,0.000
09/02/06 00:10,0.000
09/02/06 00:15,0.000
09/02/06 00:20,0.000
09/02/06 00:25,0.000
09/02/06 00:30,0.000
09/02/06 00:35,0.000
09/02/06 00:40,0.000
09/02/06 00:45,0.000
09/02/06 00:50,0.000
09/02/06 00:55,0.000
09/02/06 01:00,0.000
09/02/06 01:05,0.000
09/02/06 01:10,0.000
09/02/06 01:15,0.000
09/02/06 01:20,0.000
09/02/06 01:25,0.000
09/02/06 01:30,0.000
09/02/06 01:35,0.000
09/02/06 01:40,0.000
09/02/06 01:45,0.000
09/02/06 01:50,0.000
09/02/06 01:55,0.000
09/02/06 02:00,0.000
09/02/06 02:05,0.000
09/02/06 02:10,0.000
09/02/06 02:15,0.000
09/02/06 02:20,0.000
09/02/06 02:25,0.000
09/02/06 02:30,0.000
09/02/06 02:35,0.000
09/02/06 02:40,0.000
09/02/06 02:45,0.000
09/02/06 02:50,0.000
09/02/06 02:55,0.000
09/02/06 03:00,0.000
09/02/06 03:05,0.000
09/02/06 03:10,0.000
09/02/06 03:15,0.000
09/02/06 03:20,0.000
09/02/06 03:25,0.000
09/02/06 03:30,0.000
09/02/06 03:35,0.000
09/02/06 03:40,0.000
09/02/06 03:45,0.000
09/02/06 03:50,0.000
09/02/06 03:55,0.000
09/02/06 04:00,0.000
09/02/06 04:05,0.000
09/02/06 04:10,0.000
09/02/06 04:15,0.000
09/02/06 04:20,0.000
09/02/06 04:25,0.000
09/02/06 04:30,0.000
09/02/06 04:35,0.000
09/02/06 04:40,0.000
09/02/06 04:45,0.000
09/02/06 04:50,0.000
09/02/06 04:55,0.000
09/02/06 05:00,0.000
09/02/06 05:05,0.000
09/02/06 05:10,0.000
09/02/06 05:15,0.000
09/02/06 05:20,0.000
09/02/06 05:25,0.000
09/02/06 05:30,0.000
09/02/06 05:35,0.000
09/02/06 05:40,0.000
09/02/06 05:45,0.000
09/02/06 05:50,0.001
09/02/06 05:55,0.003
09/02/06 06:00,0.005
09/02/06 06:05,0.009
09/02/06 06:10,0.017
09/02/06 06:15,0.031
09/02/06 06:20,0.054
09/02/06 06:25,0.079
09/02/06 06:30,0.090
09/02/06 06:35,0.103
09/02/06 06:40,0.118
09/02/06 06:45,0.133
09/02/06 06:50,0.147
09/02/06 06:55,0.163
09/02/06 07:00,0.177
09/02/06 07:05,0.192
09/02/06 07:10,0.206
09/02/06 07:15,0.220
09/02/06 07:20,0.234
09/02/06 07:25,0.248
09/02/06 07:30,0.262
09/02/06 07:35,0.275
09/02/06 07:40,0.288
09/02/06 07:45,0.301
09/02/06 07:50,0.314
09/02/06 07:55,0.327
09/02/06 08:00,0.339
09/02/06 08:05,0.350
09/02/06 08:10,0.360
09/02/06 08:15,0.370
09/02/06 08:20,0.380
09/02/06 08:25,0.390
09/02/06 08:30,0.400
09/02/06 08:35,0.412
09/02/06 08:40,0.421
09/02/06 08:45,0.430
09/02/06 08:50,0.439
09/02/06 08:55,0.448
09/02/06 09:00,0.456
09/02/06 09:05,0.464
09/02/06 09:10,0.472
09/02/06 09:15,0.478
09/02/06 09:20,0.484
09/02/06 09:25,0.490
09/02/06 09:30,0.494
09/02/06 09:35,0.499
09/02/06 09:40,0.502
09/02/06 09:45,0.505
09/02/06 09:50,0.509
09/02/06 09:55,0.510
09/02/06 10:00,0.513
09/02/06 10:05,0.515
09/02/06 10:10,0.518
09/02/06 10:15,0.523
09/02/06 10:20,0.527
09/02/06 10:25,0.531
09/02/06 10:30,0.534
09/02/06 10:35,0.535
09/02/06 10:40,0.533
09/02/06 10:45,0.531
09/02/06 10:50,0.526
09/02/06 10:55,0.522
09/02/06 11:00,0.522
09/02/06 11:05,0.525
09/02/06 11:10,0.527
09/02/06 11:15,0.529
09/02/06 11:20,0.531
09/02/06 11:25,0.533
09/02/06 11:30,0.534
09/02/06 11:35,0.533
09/02/06 11:40,0.534
09/02/06 11:45,0.534
09/02/06 11:50,0.535
09/02/06 11:55,0.534
09/02/06 12:00,0.534
09/02/06 12:05,0.533
09/02/06 12:10,0.531
09/02/06 12:15,0.526
09/02/06 12:20,0.524
09/02/06 12:25,0.522
09/02/06 12:30,0.520
09/02/06 12:35,0.519
09/02/06 12:40,0.517
09/02/06 12:45,0.515
09/02/06 12:50,0.513
09/02/06 12:55,0.512
09/02/06 13:00,0.508
09/02/06 13:05,0.504
09/02/06 13:10,0.499
09/02/06 13:15,0.494
09/02/06 13:20,0.487
09/02/06 13:25,0.479
09/02/06 13:30,0.472
09/02/06 13:35,0.465
09/02/06 13:40,0.458
09/02/06 13:45,0.451
09/02/06 13:50,0.443
09/02/06 13:55,0.433
09/02/06 14:00,0.431
09/02/06 14:05,0.432
09/02/06 14:10,0.432
09/02/06 14:15,0.431
09/02/06 14:20,0.429
09/02/06 14:25,0.425
09/02/06 14:30,0.421
09/02/06 14:35,0.415
09/02/06 14:40,0.408
09/02/06 14:45,0.402
09/02/06 14:50,0.394
09/02/06 14:55,0.385
09/02/06 15:00,0.370
09/02/06 15:05,0.355
09/02/06 15:10,0.342
09/02/06 15:15,0.330
09/02/06 15:20,0.318
09/02/06 15:25,0.306
09/02/06 15:30,0.294
09/02/06 15:35,0.282
09/02/06 15:40,0.269
09/02/06 15:45,0.257
09/02/06 15:50,0.244
09/02/06 15:55,0.232
09/02/06 16:00,0.220
09/02/06 16:05,0.209
09/02/06 16:10,0.198
09/02/06 16:15,0.186
09/02/06 16:20,0.175
09/02/06 16:25,0.163
09/02/06 16:30,0.151
09/02/06 16:35,0.139
09/02/06 16:40,0.127
09/02/06 16:45,0.116
09/02/06 16:50,0.105
09/02/06 16:55,0.094
09/02/06 17:00,0.084
09/02/06 17:05,0.075
09/02/06 17:10,0.049
09/02/06 17:15,0.027
09/02/06 17:20,0.014
09/02/06 17:25,0.007
09/02/06 17:30,0.003
09/02/06 17:35,0.001
09/02/06 17:40,0.001
09/02/06 17:45,0.000
09/02/06 17:50,0.000
09/02/06 17:55,0.000
09/02/06 18:00,0.000
09/02/06 18:05,0.000
09/02/06 18:10,0.000
09/02/06 18:15,0.000
09/02/06 18:20,0.000
09/02/06 18:25,0.000
09/02/06 18:30,0.000
09/02/06 18:35,0.000
09/02/06 18:40,0.000
09/02/06 18:45,0.000
09/02/06 18:50,0.000
09/02/06 18:55,0.000
09/02/06 19:00,0.000
09/02/06 19:05,0.000
09/02/06 19:10,0.000
09/02/06 19:15,0.000
09/02/06 19:20,0.000
09/02/06 19:25,0.000
09/02/06 19:30,0.000
09/02/06 19:35,0.000
09/02/06 19:40,0.000
09/02/06 19:45,0.000
09/02/06 19:50,0.000
09/02/06 19:55,0.000
09/02/06 20:00,0.000
09/02/06 20:05,0.000
09/02/06 20:10,0.000
09/02/06 20:15,0.000
09/02/06 20:20,0.000
09/02/06 20:25,0.000
09/02/06 20:30,0.000
09/02/06 20:35,0.000
09/02/06 20:40,0.000
09/02/06 20:45,0.000
09/02/06 20:50,0.000
09/02/06 20:55,0.000
09/02/06 21:00,0.000
09/02/06 21:05,0.000
09/02/06 21:10,0.000
09/02/06 21:15,0.000
09/02/06 21:20,0.000
09/02/06 21:25,0.000
09/02/06 21:30,0.000
09/02/06 21:35,0.000
09/02/06 21:40,0.000
09/02/06 21:45,0.000
09/02/06 21:50,0.000
09/02/06 21:55,0.000
09/02/06 22:00,0.000
09/02/06 22:05,0.000
09/02/06 22:10,0.000
09/02/06 22:15,0.000
09/02/06 22:20,0.000
09/02/06 22:25,0.000
09/02/06 22:30,0.000
09/02/06 22:35,0.000
09/02/06 22:40,0.000
09/02/06 22:45,0.000
09/02/06 22:50,0.000
09/02/06 22:55,0.000
09/02/06 23:00,0.000
09/02/06 23:05,0.000
09/02/06 23:10,0.000
09/02/06 23:15,0.000
09/02/06 23:20,0.000
09/02/06 23:25,0.000
09/02/06 23:30,0.000
09/02/06 23:35,0.000
09/02/06 23:40,0.000
09/02/06 23:45,0.000
09/02/06 23:50,0.000
09/02/06 23:55,0.000
09/03/06 00:00,0.000
09/03/06 00:05,0.000
09/03/06 00:10,0.000
09/03/06 00:15,0.000
09/03/06 00:20,0.000
09/03/06 00:25,0.000
09/03/06 00:30,0.000
09/03/06 00:35,0.000
09/03/06 00:40,0.000
09/03/06 00:45,0.000
09/03/06 00:50,0.000
09/03/06 00:55,0.000
09/03/06 01:00,0.000
09/03/06 01:05,0.000
09/03/06 01:10,0.000
09/03/06 01:15,0.000
09/03/06 01:20,0.000
09/03/06 01:25,0.000
09/03/06 01:30,0.000
09/03/06 01:35,0.000
09/03/06 01:40,0.000
09/03/06 01:45,0.000
09/03/06 01:50,0.000
09/03/06 01:55,0.000
09/03/06 02:00,0.000
09/03/06 02:05,0.000
09/03/06 02:10,0.000
09/03/06 02:15,0.000
09/03/06 02:20,0.000
09/03/06 02:25,0.000
09/03/06 02:30,0.000
09/03/06 02:35,0.000
09/03/06 02:40,0.000
09/03/06 02:45,0.000
09/03/06 02:50,0.000
09/03/06 02:55,0.000
09/03/06 03:00,0.000
09/03/06 03:05,0.000
09/03/06 03:10,0.000
09/03/06 03:15,0.000
09/03/06 03:20,0.000
09/03/06 03:25,0.000
09/03/06 03:30,0.000
09/03/06 03:35,0.000
09/03/06 03:40,0.000
09/03/06 03:45,0.000
09/03/06 03:50,0.000
09/03/06 03:55,0.000
09/03/06 04:00,0.000
09/03/06 04:05,0.000
09/03/06 04:10,0.000
09/03/06 04:15,0.000
09/03/06 04:20,0.000
09/03/06 04:25,0.000
09/03/06 04:30,0.000
09/03/06 04:35,0.000
09/03/06 04:40,0.000
09/03/06 04:45,0.000
09/03/06 04:50,0.000
09/03/06 04:55,0.000
09/03/06 05:00,0.000
09/03/06 05:05,0.000
09/03/06 05:10,0.000
09/03/06 05:15,0.000
09/03/06 05:20,0.000
09/03/06 05:25,0.000
09/03/06 05:30,0.000
09/03/06 05:35,0.000
09/03/06 05:40,0.000
09/03/06 05:45,0.000
09/03/06 05:50,0.000
09/03/06 05:55,0.000
09/03/06 06:00,0.001
09/03/06 06:05,0.003
09/03/06 06:10,0.005
09/03/06 06:15,0.008
09/03/06 06:20,0.013
09/03/06 06:25,0.021
09/03/06 06:30,0.032
09/03/06 06:35,0.047
09/03/06 06:40,0.068
09/03/06 06:45,0.079
09/03/06 06:50,0.087
09/03/06 06:55,0.094
09/03/06 07:00,0.103
09/03/06 07:05,0.112
09/03/06 07:10,0.123
09/03/06 07:15,0.130
09/03/06 07:20,0.131
09/03/06 07:25,0.134
09/03/06 07:30,0.142
09/03/06 07:35,0.160
09/03/06 07:40,0.178
09/03/06 07:45,0.197
09/03/06 07:50,0.222
09/03/06 07:55,0.248
09/03/06 08:00,0.273
09/03/06 08:05,0.297
09/03/06 08:10,0.318
09/03/06 08:15,0.336
09/03/06 08:20,0.352
09/03/06 08:25,0.367
09/03/06 08:30,0.379
09/03/06 08:35,0.393
09/03/06 08:40,0.404
09/03/06 08:45,0.416
09/03/06 08:50,0.428
09/03/06 08:55,0.440
09/03/06 09:00,0.452
09/03/06 09:05,0.471
09/03/06 09:10,0.488
09/03/06 09:15,0.503
09/03/06 09:20,0.513
09/03/06 09:25,0.518
09/03/06 09:30,0.530
09/03/06 09:35,0.542
09/03/06 09:40,0.549
09/03/06 09:45,0.558
09/03/06 09:50,0.568
09/03/06 09:55,0.573
09/03/06 10:00,0.552
09/03/06 10:05,0.532
09/03/06 10:10,0.520
09/03/06 10:15,0.517
09/03/06 10:20,0.518
09/03/06 10:25,0.517
09/03/06 10:30,0.520
09/03/06 10:35,0.525
09/03/06 10:40,0.531
09/03/06 10:45,0.536
09/03/06 10:50,0.540
09/03/06 10:55,0.545
09/03/06 11:00,0.545
09/03/06 11:05,0.546
09/03/06 11:10,0.542
09/03/06 11:15,0.542
09/03/06 11:20,0.545
09/03/06 11:25,0.551
09/03/06 11:30,0.555
09/03/06 11:35,0.557
09/03/06 11:40,0.557
09/03/06 11:45,0.556
09/03/06 11:50,0.553
09/03/06 11:55,0.551
09/03/06 12:00,0.549
09/03/06 12:05,0.547
09/03/06 12:10,0.545
09/03/06 12:15,0.543
09/03/06 12:20,0.540
09/03/06 12:25,0.536
09/03/06 12:30,0.534
09/03/06 12:35,0.531
09/03/06 12:40,0.529
09/03/06 12:45,0.526
09/03/06 12:50,0.522
09/03/06 12:55,0.520
09/03/06 13:00,0.519
09/03/06 13:05,0.516
09/03/06 13:10,0.513
09/03/06 13:15,0.509
09/03/06 13:20,0.504
09/03/06 13:25,0.500
09/03/06 13:30,0.499
09/03/06 13:35,0.492
09/03/06 13:40,0.483
09/03/06 13:45,0.481
09/03/06 13:50,0.477
09/03/06 13:55,0.472
09/03/06 14:00,0.466
09/03/06 14:05,0.460
09/03/06 14:10,0.454
09/03/06 14:15,0.451
09/03/06 14:20,0.447
09/03/06 14:25,0.442
09/03/06 14:30,0.435
09/03/06 14:35,0.428
09/03/06 14:40,0.422
09/03/06 14:45,0.416
09/03/06 14:50,0.409
09/03/06 14:55,0.402
09/03/06 15:00,0.394
09/03/06 15:05,0.389
09/03/06 15:10,0.383
09/03/06 15:15,0.376
09/03/06 15:20,0.367
09/03/06 15:25,0.358
09/03/06 15:30,0.348
09/03/06 15:35,0.338
09/03/06 15:40,0.327
09/03/06 15:45,0.315
09/03/06 15:50,0.302
09/03/06 15:55,0.290
09/03/06 16:00,0.278
09/03/06 16:05,0.266
09/03/06 16:10,0.253
09/03/06 16:15,0.239
09/03/06 16:20,0.225
09/03/06 16:25,0.209
09/03/06 16:30,0.193
09/03/06 16:35,0.178
09/03/06 16:40,0.163
09/03/06 16:45,0.149
09/03/06 16:50,0.134
09/03/06 16:55,0.121
09/03/06 17:00,0.107
09/03/06 17:05,0.094
09/03/06 17:10,0.081
09/03/06 17:15,0.062
09/03/06 17:20,0.032
09/03/06 17:25,0.016
09/03/06 17:30,0.007
09/03/06 17:35,0.003
09/03/06 17:40,0.001
09/03/06 17:45,0.000
09/03/06 17:50,0.000
09/03/06 17:55,0.000
09/03/06 18:00,0.000
09/03/06 18:05,0.000
09/03/06 18:10,0.000
09/03/06 18:15,0.000
09/03/06 18:20,0.000
09/03/06 18:25,0.000
09/03/06 18:30,0.000
09/03/06 18:35,0.000
09/03/06 18:40,0.000
09/03/06 18:45,0.000
09/03/06 18:50,0.000
09/03/06 18:55,0.000
09/03/06 19:00,0.000
09/03/06 19:05,0.000
09/03/06 19:10,0.000
09/03/06 19:15,0.000
09/03/06 19:20,0.000
09/03/06 19:25,0.000
09/03/06 19:30,0.000
09/03/06 19:35,0.000
09/03/06 19:40,0.000
09/03/06 19:45,0.000
09/03/06 19:50,0.000
09/03/06 19:55,0.000
09/03/06 20:00,0.000
09/03/06 20:05,0.000
09/03/06 20:10,0.000
09/03/06 20:15,0.000
09/03/06 20:20,0.000
09/03/06 20:25,0.000
09/03/06 20:30,0.000
09/03/06 20:35,0.000
09/03/06 20:40,0.000
09/03/06 20:45,0.000
09/03/06 20:50,0.000
09/03/06 20:55,0.000
09/03/06 21:00,0.000
09/03/06 21:05,0.000
09/03/06 21:10,0.000
09/03/06 21:15,0.000
09/03/06 21:20,0.000
09/03/06 21:25,0.000
09/03/06 21:30,0.000
09/03/06 21:35,0.000
09/03/06 21:40,0.000
09/03/06 21:45,0.000
09/03/06 21:50,0.000
09/03/06 21:55,0.000
09/03/06 22:00,0.000
09/03/06 22:05,0.000
09/03/06 22:10,0.000
09/03/06 22:15,0.000
09/03/06 22:20,0.000
09/03/06 22:25,0.000
09/03/06 22:30,0.000
09/03/06 22:35,0.000
09/03/06 22:40,0.000
09/03/06 22:45,0.000
09/03/06 22:50,0.000
09/03/06 22:55,0.000
09/03/06 23:00,0.000
09/03/06 23:05,0.000
09/03/06 23:10,0.000
09/03/06 23:15,0.000
09/03/06 23:20,0.000
09/03/06 23:25,0.000
09/03/06 23:30,0.000
09/03/06 23:35,0.000
09/03/06 23:40,0.000
09/03/06 23:45,0.000
09/03/06 23:50,0.000
09/03/06 23:55,0.000
09/04/06 00:00,0.000
09/04/06 00:05,0.000
09/04/06 00:10,0.000
09/04/06 00:15,0.000
09/04/06 00:20,0.000
09/04/06 00:25,0.000
09/04/06 00:30,0.000
09/04/06 00:35,0.000
09/04/06 00:40,0.000
09/04/06 00:45,0.000
09/04/06 00:50,0.000
09/04/06 00:55,0.000
09/04/06 01:00,0.000
09/04/06 01:05,0.000
09/04/06 01:10,0.000
09/04/06 01:15,0.000
09/04/06 01:20,0.000
09/04/06 01:25,0.000
09/04/06 01:30,0.000
09/04/06 01:35,0.000
09/04/06 01:40,0.000
09/04/06 01:45,0.000
09/04/06 01:50,0.000
09/04/06 01:55,0.000
09/04/06 02:00,0.000
09/04/06 02:05,0.000
09/04/06 02:10,0.000
09/04/06 02:15,0.000
09/04/06 02:20,0.000
09/04/06 02:25,0.000
09/04/06 02:30,0.000
09/04/06 02:35,0.000
09/04/06 02:40,0.000
09/04/06 02:45,0.000
09/04/06 02:50,0.000
09/04/06 02:55,0.000
09/04/06 03:00,0.000
09/04/06 03:05,0.000
09/04/06 03:10,0.000
09/04/06 03:15,0.000
09/04/06 03:20,0.000
09/04/06 03:25,0.000
09/04/06 03:30,0.000
09/04/06 03:35,0.000
09/04/06 03:40,0.000
09/04/06 03:45,0.000
09/04/06 03:50,0.000
09/04/06 03:55,0.000
09/04/06 04:00,0.000
09/04/06 04:05,0.000
09/04/06 04:10,0.000
09/04/06 04:15,0.000
09/04/06 04:20,0.000
09/04/06 04:25,0.000
09/04/06 04:30,0.000
09/04/06 04:35,0.000
09/04/06 04:40,0.000
09/04/06 04:45,0.000
09/04/06 04:50,0.000
09/04/06 04:55,0.000
09/04/06 05:00,0.000
09/04/06 05:05,0.000
09/04/06 05:10,0.000
09/04/06 05:15,0.000
09/04/06 05:20,0.000
09/04/06 05:25,0.000
09/04/06 05:30,0.000
09/04/06 05:35,0.000
09/04/06 05:40,0.000
09/04/06 05:45,0.000
09/04/06 05:50,0.000
09/04/06 05:55,0.001
09/04/06 06:00,0.001
09/04/06 06:05,0.002
09/04/06 06:10,0.001
09/04/06 06:15,0.001
09/04/06 06:20,0.001
09/04/06 06:25,0.001
09/04/06 06:30,0.001
09/04/06 06:35,0.001
09/04/06 06:40,0.001
09/04/06 06:45,0.006
09/04/06 06:50,0.020
09/04/06 06:55,0.058
09/04/06 07:00,0.085
09/04/06 07:05,0.098
09/04/06 07:10,0.115
09/04/06 07:15,0.135
09/04/06 07:20,0.161
09/04/06 07:25,0.189
09/04/06 07:30,0.212
09/04/06 07:35,0.232
09/04/06 07:40,0.252
09/04/06 07:45,0.270
09/04/06 07:50,0.285
09/04/06 07:55,0.297
09/04/06 08:00,0.301
09/04/06 08:05,0.315
09/04/06 08:10,0.332
09/04/06 08:15,0.347
09/04/06 08:20,0.360
09/04/06 08:25,0.372
09/04/06 08:30,0.383
09/04/06 08:35,0.394
09/04/06 08:40,0.404
09/04/06 08:45,0.412
09/04/06 08:50,0.419
09/04/06 08:55,0.419
09/04/06 09:00,0.380
09/04/06 09:05,0.319
09/04/06 09:10,0.302
09/04/06 09:15,0.332
09/04/06 09:20,0.320
09/04/06 09:25,0.350
09/04/06 09:30,0.372
09/04/06 09:35,0.398
09/04/06 09:40,0.393
09/04/06 09:45,0.374
09/04/06 09:50,0.362
09/04/06 09:55,0.341
09/04/06 10:00,0.314
09/04/06 10:05,0.300
09/04/06 10:10,0.335
09/04/06 10:15,0.331
09/04/06 10:20,0.290
09/04/06 10:25,0.303
09/04/06 10:30,0.386
09/04/06 10:35,0.434
09/04/06 10:40,0.407
09/04/06 10:45,0.421
09/04/06 10:50,0.403
09/04/06 10:55,0.369
09/04/06 11:00,0.390
09/04/06 11:05,0.411
09/04/06 11:10,0.422
09/04/06 11:15,0.427
09/04/06 11:20,0.428
09/04/06 11:25,0.423
09/04/06 11:30,0.396
09/04/06 11:35,0.365
09/04/06 11:40,0.290
09/04/06 11:45,0.249
09/04/06 11:50,0.248
09/04/06 11:55,0.240
09/04/06 12:00,0.247
09/04/06 12:05,0.247
09/04/06 12:10,0.222
09/04/06 12:15,0.212
09/04/06 12:20,0.193
09/04/06 12:25,0.212
09/04/06 12:30,0.240
09/04/06 12:35,0.272
09/04/06 12:40,0.254
09/04/06 12:45,0.252
09/04/06 12:50,0.239
09/04/06 12:55,0.240
09/04/06 13:00,0.214
09/04/06 13:05,0.259
09/04/06 13:10,0.297
09/04/06 13:15,0.339
09/04/06 13:20,0.374
09/04/06 13:25,0.390
09/04/06 13:30,0.400
09/04/06 13:35,0.410
09/04/06 13:40,0.413
09/04/06 13:45,0.413
09/04/06 13:50,0.412
09/04/06 13:55,0.406
09/04/06 14:00,0.378
09/04/06 14:05,0.345
09/04/06 14:10,0.350
09/04/06 14:15,0.348
09/04/06 14:20,0.339
09/04/06 14:25,0.303
09/04/06 14:30,0.270
09/04/06 14:35,0.264
09/04/06 14:40,0.237
09/04/06 14:45,0.209
09/04/06 14:50,0.199
09/04/06 14:55,0.215
09/04/06 15:00,0.216
09/04/06 15:05,0.243
09/04/06 15:10,0.256
09/04/06 15:15,0.265
09/04/06 15:20,0.272
09/04/06 15:25,0.271
09/04/06 15:30,0.263
09/04/06 15:35,0.256
09/04/06 15:40,0.248
09/04/06 15:45,0.242
09/04/06 15:50,0.235
09/04/06 15:55,0.224
09/04/06 16:00,0.210
09/04/06 16:05,0.198
09/04/06 16:10,0.187
09/04/06 16:15,0.177
09/04/06 16:20,0.167
09/04/06 16:25,0.157
09/04/06 16:30,0.147
09/04/06 16:35,0.136
09/04/06 16:40,0.126
09/04/06 16:45,0.115
09/04/06 16:50,0.105
09/04/06 16:55,0.095
09/04/06 17:00,0.084
09/04/06 17:05,0.072
09/04/06 17:10,0.041
09/04/06 17:15,0.022
09/04/06 17:20,0.011
09/04/06 17:25,0.005
09/04/06 17:30,0.003
09/04/06 17:35,0.001
09/04/06 17:40,0.000
09/04/06 17:45,0.000
09/04/06 17:50,0.000
09/04/06 17:55,0.000
09/04/06 18:00,0.000
09/04/06 18:05,0.000
09/04/06 18:10,0.000
09/04/06 18:15,0.000
09/04/06 18:20,0.000
09/04/06 18:25,0.000
09/04/06 18:30,0.000
09/04/06 18:35,0.000
09/04/06 18:40,0.000
09/04/06 18:45,0.000
09/04/06 18:50,0.000
09/04/06 18:55,0.000
09/04/06 19:00,0.000
09/04/06 19:05,0.000
09/04/06 19:10,0.000
09/04/06 19:15,0.000
09/04/06 19:20,0.000
09/04/06 19:25,0.000
09/04/06 19:30,0.000
09/04/06 19:35,0.000
09/04/06 19:40,0.000
09/04/06 19:45,0.000
09/04/06 19:50,0.000
09/04/06 19:55,0.000
09/04/06 20:00,0.000
09/04/06 20:05,0.000
09/04/06 20:10,0.000
09/04/06 20:15,0.000
09/04/06 20:20,0.000
09/04/06 20:25,0.000
09/04/06 20:30,0.000
09/04/06 20:35,0.000
09/04/06 20:40,0.000
09/04/06 20:45,0.000
09/04/06 20:50,0.000
09/04/06 20:55,0.000
09/04/06 21:00,0.000
09/04/06 21:05,0.000
09/04/06 21:10,0.000
09/04/06 21:15,0.000
09/04/06 21:20,0.000
09/04/06 21:25,0.000
09/04/06 21:30,0.000
09/04/06 21:35,0.000
09/04/06 21:40,0.000
09/04/06 21:45,0.000
09/04/06 21:50,0.000
09/04/06 21:55,0.000
09/04/06 22:00,0.000
09/04/06 22:05,0.000
09/04/06 22:10,0.000
09/04/06 22:15,0.000
09/04/06 22:20,0.000
09/04/06 22:25,0.000
09/04/06 22:30,0.000
09/04/06 22:35,0.000
09/04/06 22:40,0.000
09/04/06 22:45,0.000
09/04/06 22:50,0.000
09/04/06 22:55,0.000
09/04/06 23:00,0.000
09/04/06 23:05,0.000
09/04/06 23:10,0.000
09/04/06 23:15,0.000
09/04/06 23:20,0.000
09/04/06 23:25,0.000
09/04/06 23:30,0.000
09/04/06 23:35,0.000
09/04/06 23:40,0.000
09/04/06 23:45,0.000
09/04/06 23:50,0.000
09/04/06 23:55,0.000
09/05/06 00:00,0.000
09/05/06 00:05,0.000
09/05/06 00:10,0.000
09/05/06 00:15,0.000
09/05/06 00:20,0.000
09/05/06 00:25,0.000
09/05/06 00:30,0.000
09/05/06 00:35,0.000
09/05/06 00:40,0.000
09/05/06 00:45,0.000
09/05/06 00:50,0.000
09/05/06 00:55,0.000
09/05/06 01:00,0.000
09/05/06 01:05,0.000
09/05/06 01:10,0.000
09/05/06 01:15,0.000
09/05/06 01:20,0.000
09/05/06 01:25,0.000
09/05/06 01:30,0.000
09/05/06 01:35,0.000
09/05/06 01:40,0.000
09/05/06 01:45,0.000
09/05/06 01:50,0.000
09/05/06 01:55,0.000
09/05/06 02:00,0.000
09/05/06 02:05,0.000
09/05/06 02:10,0.000
09/05/06 02:15,0.000
09/05/06 02:20,0.000
09/05/06 02:25,0.000
09/05/06 02:30,0.000
09/05/06 02:35,0.000
09/05/06 02:40,0.000
09/05/06 02:45,0.000
09/05/06 02:50,0.000
09/05/06 02:55,0.000
09/05/06 03:00,0.000
09/05/06 03:05,0.000
09/05/06 03:10,0.000
09/05/06 03:15,0.000
09/05/06 03:20,0.000
09/05/06 03:25,0.000
09/05/06 03:30,0.000
09/05/06 03:35,0.000
09/05/06 03:40,0.000
09/05/06 03:45,0.000
09/05/06 03:50,0.000
09/05/06 03:55,0.000
09/05/06 04:00,0.000
09/05/06 04:05,0.000
09/05/06 04:10,0.000
09/05/06 04:15,0.000
09/05/06 04:20,0.000
09/05/06 04:25,0.000
09/05/06 04:30,0.000
09/05/06 04:35,0.000
09/05/06 04:40,0.000
09/05/06 04:45,0.000
09/05/06 04:50,0.000
09/05/06 04:55,0.000
09/05/06 05:00,0.000
09/05/06 05:05,0.000
09/05/06 05:10,0.000
09/05/06 05:15,0.000
09/05/06 05:20,0.000
09/05/06 05:25,0.000
09/05/06 05:30,0.000
09/05/06 05:35,0.000
09/05/06 05:40,0.000
09/05/06 05:45,0.000
09/05/06 05:50,0.000
09/05/06 05:55,0.001
09/05/06 06:00,0.003
09/05/06 06:05,0.006
09/05/06 06:10,0.011
09/05/06 06:15,0.020
09/05/06 06:20,0.036
09/05/06 06:25,0.061
09/05/06 06:30,0.079
09/05/06 06:35,0.089
09/05/06 06:40,0.100
09/05/06 06:45,0.110
09/05/06 06:50,0.122
09/05/06 06:55,0.133
09/05/06 07:00,0.145
09/05/06 07:05,0.157
09/05/06 07:10,0.169
09/05/06 07:15,0.181
09/05/06 07:20,0.193
09/05/06 07:25,0.205
09/05/06 07:30,0.217
09/05/06 07:35,0.229
09/05/06 07:40,0.241
09/05/06 07:45,0.253
09/05/06 07:50,0.266
09/05/06 07:55,0.279
09/05/06 08:00,0.289
09/05/06 08:05,0.295
09/05/06 08:10,0.300
09/05/06 08:15,0.303
09/05/06 08:20,0.307
09/05/06 08:25,0.310
09/05/06 08:30,0.315
09/05/06 08:35,0.323
09/05/06 08:40,0.328
09/05/06 08:45,0.332
09/05/06 08:50,0.337
09/05/06 08:55,0.343
09/05/06 09:00,0.352
09/05/06 09:05,0.364
09/05/06 09:10,0.375
09/05/06 09:15,0.390
09/05/06 09:20,0.420
09/05/06 09:25,0.449
09/05/06 09:30,0.471
09/05/06 09:35,0.481
09/05/06 09:40,0.482
09/05/06 09:45,0.483
09/05/06 09:50,0.488
09/05/06 09:55,0.495
09/05/06 10:00,0.485
09/05/06 10:05,0.476
09/05/06 10:10,0.453
09/05/06 10:15,0.381
09/05/06 10:20,0.305
09/05/06 10:25,0.286
09/05/06 10:30,0.302
09/05/06 10:35,0.338
09/05/06 10:40,0.328
09/05/06 10:45,0.292
09/05/06 10:50,0.283
09/05/06 10:55,0.304
09/05/06 11:00,0.368
09/05/06 11:05,0.401
09/05/06 11:10,0.420
09/05/06 11:15,0.433
09/05/06 11:20,0.441
09/05/06 11:25,0.445
09/05/06 11:30,0.443
09/05/06 11:35,0.438
09/05/06 11:40,0.430
09/05/06 11:45,0.425
09/05/06 11:50,0.425
09/05/06 11:55,0.431
09/05/06 12:00,0.439
09/05/06 12:05,0.452
09/05/06 12:10,0.468
09/05/06 12:15,0.467
09/05/06 12:20,0.370
09/05/06 12:25,0.272
09/05/06 12:30,0.233
09/05/06 12:35,0.282
09/05/06 12:40,0.328
09/05/06 12:45,0.390
09/05/06 12:50,0.427
09/05/06 12:55,0.448
09/05/06 13:00,0.446
09/05/06 13:05,0.441
09/05/06 13:10,0.436
09/05/06 13:15,0.435
09/05/06 13:20,0.435
09/05/06 13:25,0.432
09/05/06 13:30,0.428
09/05/06 13:35,0.424
09/05/06 13:40,0.418
09/05/06 13:45,0.411
09/05/06 13:50,0.403
09/05/06 13:55,0.395
09/05/06 14:00,0.395
09/05/06 14:05,0.398
09/05/06 14:10,0.406
09/05/06 14:15,0.412
09/05/06 14:20,0.416
09/05/06 14:25,0.417
09/05/06 14:30,0.414
09/05/06 14:35,0.407
09/05/06 14:40,0.396
09/05/06 14:45,0.386
09/05/06 14:50,0.378
09/05/06 14:55,0.367
09/05/06 15:00,0.348
09/05/06 15:05,0.270
09/05/06 15:10,0.214
09/05/06 15:15,0.212
09/05/06 15:20,0.183
09/05/06 15:25,0.186
09/05/06 15:30,0.186
09/05/06 15:35,0.192
09/05/06 15:40,0.204
09/05/06 15:45,0.174
09/05/06 15:50,0.156
09/05/06 15:55,0.148
09/05/06 16:00,0.166
09/05/06 16:05,0.171
09/05/06 16:10,0.166
09/05/06 16:15,0.156
09/05/06 16:20,0.143
09/05/06 16:25,0.128
09/05/06 16:30,0.112
09/05/06 16:35,0.098
09/05/06 16:40,0.086
09/05/06 16:45,0.073
09/05/06 16:50,0.041
09/05/06 16:55,0.020
09/05/06 17:00,0.007
09/05/06 17:05,0.002
09/05/06 17:10,0.001
09/05/06 17:15,0.001
09/05/06 17:20,0.001
09/05/06 17:25,0.002
09/05/06 17:30,0.001
09/05/06 17:35,0.001
09/05/06 17:40,0.000
09/05/06 17:45,0.000
09/05/06 17:50,0.000
09/05/06 17:55,0.000
09/05/06 18:00,0.000
09/05/06 18:05,0.000
09/05/06 18:10,0.000
09/05/06 18:15,0.000
09/05/06 18:20,0.000
09/05/06 18:25,0.000
09/05/06 18:30,0.000
09/05/06 18:35,0.000
09/05/06 18:40,0.000
09/05/06 18:45,0.000
09/05/06 18:50,0.000
09/05/06 18:55,0.000
09/05/06 19:00,0.000
09/05/06 19:05,0.000
09/05/06 19:10,0.000
09/05/06 19:15,0.000
09/05/06 19:20,0.000
09/05/06 19:25,0.000
09/05/06 19:30,0.000
09/05/06 19:35,0.000
09/05/06 19:40,0.000
09/05/06 19:45,0.000
09/05/06 19:50,0.000
09/05/06 19:55,0.000
09/05/06 20:00,0.000
09/05/06 20:05,0.000
09/05/06 20:10,0.000
09/05/06 20:15,0.000
09/05/06 20:20,0.000
09/05/06 20:25,0.000
09/05/06 20:30,0.000
09/05/06 20:35,0.000
09/05/06 20:40,0.000
09/05/06 20:45,0.000
09/05/06 20:50,0.000
09/05/06 20:55,0.000
09/05/06 21:00,0.000
09/05/06 21:05,0.000
09/05/06 21:10,0.000
09/05/06 21:15,0.000
09/05/06 21:20,0.000
09/05/06 21:25,0.000
09/05/06 21:30,0.000
09/05/06 21:35,0.000
09/05/06 21:40,0.000
09/05/06 21:45,0.000
09/05/06 21:50,0.000
09/05/06 21:55,0.000
09/05/06 22:00,0.000
09/05/06 22:05,0.000
09/05/06 22:10,0.000
09/05/06 22:15,0.000
09/05/06 22:20,0.000
09/05/06 22:25,0.000
09/05/06 22:30,0.000
09/05/06 22:35,0.000
09/05/06 22:40,0.000
09/05/06 22:45,0.000
09/05/06 22:50,0.000
09/05/06 22:55,0.000
09/05/06 23:00,0.000
09/05/06 23:05,0.000
09/05/06 23:10,0.000
09/05/06 23:15,0.000
09/05/06 23:20,0.000
09/05/06 23:25,0.000
09/05/06 23:30,0.000
09/05/06 23:35,0.000
09/05/06 23:40,0.000
09/05/06 23:45,0.000
09/05/06 23:50,0.000
09/05/06 23:55,0.000
09/06/06 00:00,0.000
09/06/06 00:05,0.000
09/06/06 00:10,0.000
09/06/06 00:15,0.000
09/06/06 00:20,0.000
09/06/06 00:25,0.000
09/06/06 00:30,0.000
09/06/06 00:35,0.000
09/06/06 00:40,0.000
09/06/06 00:45,0.000
09/06/06 00:50,0.000
09/06/06 00:55,0.000
09/06/06 01:00,0.000
09/06/06 01:05,0.000
09/06/06 01:10,0.000
09/06/06 01:15,0.000
09/06/06 01:20,0.000
09/06/06 01:25,0.000
09/06/06 01:30,0.000
09/06/06 01:35,0.000
09/06/06 01:40,0.000
09/06/06 01:45,0.000
09/06/06 01:50,0.000
09/06/06 01:55,0.000
09/06/06 02:00,0.000
09/06/06 02:05,0.000
09/06/06 02:10,0.000
09/06/06 02:15,0.000
09/06/06 02:20,0.000
09/06/06 02:25,0.000
09/06/06 02:30,0.000
09/06/06 02:35,0.000
09/06/06 02:40,0.000
09/06/06 02:45,0.000
09/06/06 02:50,0.000
09/06/06 02:55,0.000
09/06/06 03:00,0.000
09/06/06 03:05,0.000
09/06/06 03:10,0.000
09/06/06 03:15,0.000
09/06/06 03:20,0.000
09/06/06 03:25,0.000
09/06/06 03:30,0.000
09/06/06 03:35,0.000
09/06/06 03:40,0.000
09/06/06 03:45,0.000
09/06/06 03:50,0.000
09/06/06 03:55,0.000
09/06/06 04:00,0.000
09/06/06 04:05,0.000
09/06/06 04:10,0.000
09/06/06 04:15,0.000
09/06/06 04:20,0.000
09/06/06 04:25,0.000
09/06/06 04:30,0.000
09/06/06 04:35,0.000
09/06/06 04:40,0.000
09/06/06 04:45,0.000
09/06/06 04:50,0.000
09/06/06 04:55,0.000
09/06/06 05:00,0.000
09/06/06 05:05,0.000
09/06/06 05:10,0.000
09/06/06 05:15,0.000
09/06/06 05:20,0.000
09/06/06 05:25,0.000
09/06/06 05:30,0.000
09/06/06 05:35,0.000
09/06/06 05:40,0.000
09/06/06 05:45,0.000
09/06/06 05:50,0.000
09/06/06 05:55,0.000
09/06/06 06:00,0.001
09/06/06 06:05,0.002
09/06/06 06:10,0.005
09/06/06 06:15,0.010
09/06/06 06:20,0.018
09/06/06 06:25,0.030
09/06/06 06:30,0.048
09/06/06 06:35,0.075
09/06/06 06:40,0.083
09/06/06 06:45,0.092
09/06/06 06:50,0.100
09/06/06 06:55,0.110
09/06/06 07:00,0.121
09/06/06 07:05,0.129
09/06/06 07:10,0.135
09/06/06 07:15,0.151
09/06/06 07:20,0.165
09/06/06 07:25,0.178
09/06/06 07:30,0.189
09/06/06 07:35,0.199
09/06/06 07:40,0.209
09/06/06 07:45,0.222
09/06/06 07:50,0.235
09/06/06 07:55,0.245
09/06/06 08:00,0.262
09/06/06 08:05,0.278
09/06/06 08:10,0.303
09/06/06 08:15,0.329
09/06/06 08:20,0.355
09/06/06 08:25,0.370
09/06/06 08:30,0.387
09/06/06 08:35,0.400
09/06/06 08:40,0.403
09/06/06 08:45,0.404
09/06/06 08:50,0.402
09/06/06 08:55,0.401
09/06/06 09:00,0.403
09/06/06 09:05,0.403
09/06/06 09:10,0.395
09/06/06 09:15,0.381
09/06/06 09:20,0.369
09/06/06 09:25,0.359
09/06/06 09:30,0.350
09/06/06 09:35,0.354
09/06/06 09:40,0.366
09/06/06 09:45,0.371
09/06/06 09:50,0.382
09/06/06 09:55,0.382
09/06/06 10:00,0.397
09/06/06 10:05,0.411
09/06/06 10:10,0.421
09/06/06 10:15,0.431
09/06/06 10:20,0.439
09/06/06 10:25,0.447
09/06/06 10:30,0.455
09/06/06 10:35,0.460
09/06/06 10:40,0.465
09/06/06 10:45,0.469
09/06/06 10:50,0.472
09/06/06 10:55,0.473
09/06/06 11:00,0.479
09/06/06 11:05,0.482
09/06/06 11:10,0.480
09/06/06 11:15,0.478
09/06/06 11:20,0.478
09/06/06 11:25,0.478
09/06/06 11:30,0.478
09/06/06 11:35,0.479
09/06/06 11:40,0.480
09/06/06 11:45,0.480
09/06/06 11:50,0.482
09/06/06 11:55,0.484
09/06/06 12:00,0.489
09/06/06 12:05,0.492
09/06/06 12:10,0.494
09/06/06 12:15,0.497
09/06/06 12:20,0.498
09/06/06 12:25,0.497
09/06/06 12:30,0.493
09/06/06 12:35,0.489
09/06/06 12:40,0.484
09/06/06 12:45,0.481
09/06/06 12:50,0.479
09/06/06 12:55,0.478
09/06/06 13:00,0.479
09/06/06 13:05,0.479
09/06/06 13:10,0.478
09/06/06 13:15,0.476
09/06/06 13:20,0.472
09/06/06 13:25,0.467
09/06/06 13:30,0.462
09/06/06 13:35,0.457
09/06/06 13:40,0.450
09/06/06 13:45,0.445
09/06/06 13:50,0.441
09/06/06 13:55,0.435
09/06/06 14:00,0.431
09/06/06 14:05,0.425
09/06/06 14:10,0.419
09/06/06 14:15,0.412
09/06/06 14:20,0.406
09/06/06 14:25,0.401
09/06/06 14:30,0.394
09/06/06 14:35,0.387
09/06/06 14:40,0.379
09/06/06 14:45,0.371
09/06/06 14:50,0.362
09/06/06 14:55,0.350
09/06/06 15:00,0.342
09/06/06 15:05,0.335
09/06/06 15:10,0.324
09/06/06 15:15,0.313
09/06/06 15:20,0.301
09/06/06 15:25,0.289
09/06/06 15:30,0.278
09/06/06 15:35,0.267
09/06/06 15:40,0.257
09/06/06 15:45,0.244
09/06/06 15:50,0.232
09/06/06 15:55,0.220
09/06/06 16:00,0.213
09/06/06 16:05,0.202
09/06/06 16:10,0.190
09/06/06 16:15,0.177
09/06/06 16:20,0.165
09/06/06 16:25,0.152
09/06/06 16:30,0.138
09/06/06 16:35,0.127
09/06/06 16:40,0.114
09/06/06 16:45,0.099
09/06/06 16:50,0.087
09/06/06 16:55,0.078
09/06/06 17:00,0.064
09/06/06 17:05,0.041
09/06/06 17:10,0.023
09/06/06 17:15,0.012
09/06/06 17:20,0.005
09/06/06 17:25,0.002
09/06/06 17:30,0.001
09/06/06 17:35,0.000
09/06/06 17:40,0.000
09/06/06 17:45,0.000
09/06/06 17:50,0.000
09/06/06 17:55,0.000
09/06/06 18:00,0.000
09/06/06 18:05,0.000
09/06/06 18:10,0.000
09/06/06 18:15,0.000
09/06/06 18:20,0.000
09/06/06 18:25,0.000
09/06/06 18:30,0.000
09/06/06 18:35,0.000
09/06/06 18:40,0.000
09/06/06 18:45,0.000
09/06/06 18:50,0.000
09/06/06 18:55,0.000
09/06/06 19:00,0.000
09/06/06 19:05,0.000
09/06/06 19:10,0.000
09/06/06 19:15,0.000
09/06/06 19:20,0.000
09/06/06 19:25,0.000
09/06/06 19:30,0.000
09/06/06 19:35,0.000
09/06/06 19:40,0.000
09/06/06 19:45,0.000
09/06/06 19:50,0.000
09/06/06 19:55,0.000
09/06/06 20:00,0.000
09/06/06 20:05,0.000
09/06/06 20:10,0.000
09/06/06 20:15,0.000
09/06/06 20:20,0.000
09/06/06 20:25,0.000
09/06/06 20:30,0.000
09/06/06 20:35,0.000
09/06/06 20:40,0.000
09/06/06 20:45,0.000
09/06/06 20:50,0.000
09/06/06 20:55,0.000
09/06/06 21:00,0.000
09/06/06 21:05,0.000
09/06/06 21:10,0.000
09/06/06 21:15,0.000
09/06/06 21:20,0.000
09/06/06 21:25,0.000
09/06/06 21:30,0.000
09/06/06 21:35,0.000
09/06/06 21:40,0.000
09/06/06 21:45,0.000
09/06/06 21:50,0.000
09/06/06 21:55,0.000
09/06/06 22:00,0.000
09/06/06 22:05,0.000
09/06/06 22:10,0.000
09/06/06 22:15,0.000
09/06/06 22:20,0.000
09/06/06 22:25,0.000
09/06/06 22:30,0.000
09/06/06 22:35,0.000
09/06/06 22:40,0.000
09/06/06 22:45,0.000
09/06/06 22:50,0.000
09/06/06 22:55,0.000
09/06/06 23:00,0.000
09/06/06 23:05,0.000
09/06/06 23:10,0.000
09/06/06 23:15,0.000
09/06/06 23:20,0.000
09/06/06 23:25,0.000
09/06/06 23:30,0.000
09/06/06 23:35,0.000
09/06/06 23:40,0.000
09/06/06 23:45,0.000
09/06/06 23:50,0.000
09/06/06 23:55,0.000
09/07/06 00:00,0.000
09/07/06 00:05,0.000
09/07/06 00:10,0.000
09/07/06 00:15,0.000
09/07/06 00:20,0.000
09/07/06 00:25,0.000
09/07/06 00:30,0.000
09/07/06 00:35,0.000
09/07/06 00:40,0.000
09/07/06 00:45,0.000
09/07/06 00:50,0.000
09/07/06 00:55,0.000
09/07/06 01:00,0.000
09/07/06 01:05,0.000
09/07/06 01:10,0.000
09/07/06 01:15,0.000
09/07/06 01:20,0.000
09/07/06 01:25,0.000
09/07/06 01:30,0.000
09/07/06 01:35,0.000
09/07/06 01:40,0.000
09/07/06 01:45,0.000
09/07/06 01:50,0.000
09/07/06 01:55,0.000
09/07/06 02:00,0.000
09/07/06 02:05,0.000
09/07/06 02:10,0.000
09/07/06 02:15,0.000
09/07/06 02:20,0.000
09/07/06 02:25,0.000
09/07/06 02:30,0.000
09/07/06 02:35,0.000
09/07/06 02:40,0.000
09/07/06 02:45,0.000
09/07/06 02:50,0.000
09/07/06 02:55,0.000
09/07/06 03:00,0.000
09/07/06 03:05,0.000
09/07/06 03:10,0.000
09/07/06 03:15,0.000
09/07/06 03:20,0.000
09/07/06 03:25,0.000
09/07/06 03:30,0.000
09/07/06 03:35,0.000
09/07/06 03:40,0.000
09/07/06 03:45,0.000
09/07/06 03:50,0.000
09/07/06 03:55,0.000
09/07/06 04:00,0.000
09/07/06 04:05,0.000
09/07/06 04:10,0.000
09/07/06 04:15,0.000
09/07/06 04:20,0.000
09/07/06 04:25,0.000
09/07/06 04:30,0.000
09/07/06 04:35,0.000
09/07/06 04:40,0.000
09/07/06 04:45,0.000
09/07/06 04:50,0.000
09/07/06 04:55,0.000
09/07/06 05:00,0.000
09/07/06 05:05,0.000
09/07/06 05:10,0.000
09/07/06 05:15,0.000
09/07/06 05:20,0.000
09/07/06 05:25,0.000
09/07/06 05:30,0.000
09/07/06 05:35,0.000
09/07/06 05:40,0.000
09/07/06 05:45,0.000
09/07/06 05:50,0.000
09/07/06 05:55,0.001
09/07/06 06:00,0.002
09/07/06 06:05,0.003
09/07/06 06:10,0.006
09/07/06 06:15,0.011
09/07/06 06:20,0.020
09/07/06 06:25,0.039
09/07/06 06:30,0.075
09/07/06 06:35,0.086
09/07/06 06:40,0.099
09/07/06 06:45,0.113
09/07/06 06:50,0.128
09/07/06 06:55,0.143
09/07/06 07:00,0.148
09/07/06 07:05,0.152
09/07/06 07:10,0.159
09/07/06 07:15,0.167
09/07/06 07:20,0.172
09/07/06 07:25,0.181
09/07/06 07:30,0.191
09/07/06 07:35,0.204
09/07/06 07:40,0.217
09/07/06 07:45,0.228
09/07/06 07:50,0.235
09/07/06 07:55,0.234
09/07/06 08:00,0.243
09/07/06 08:05,0.252
09/07/06 08:10,0.261
09/07/06 08:15,0.271
09/07/06 08:20,0.281
09/07/06 08:25,0.287
09/07/06 08:30,0.294
09/07/06 08:35,0.306
09/07/06 08:40,0.314
09/07/06 08:45,0.321
09/07/06 08:50,0.329
09/07/06 08:55,0.338
09/07/06 09:00,0.349
09/07/06 09:05,0.357
09/07/06 09:10,0.365
09/07/06 09:15,0.373
09/07/06 09:20,0.378
09/07/06 09:25,0.381
09/07/06 09:30,0.383
09/07/06 09:35,0.386
09/07/06 09:40,0.391
09/07/06 09:45,0.400
09/07/06 09:50,0.407
09/07/06 09:55,0.414
09/07/06 10:00,0.423
09/07/06 10:05,0.429
09/07/06 10:10,0.435
09/07/06 10:15,0.438
09/07/06 10:20,0.441
09/07/06 10:25,0.444
09/07/06 10:30,0.447
09/07/06 10:35,0.449
09/07/06 10:40,0.447
09/07/06 10:45,0.451
09/07/06 10:50,0.456
09/07/06 10:55,0.459
09/07/06 11:00,0.464
09/07/06 11:05,0.469
09/07/06 11:10,0.472
09/07/06 11:15,0.475
09/07/06 11:20,0.477
09/07/06 11:25,0.479
09/07/06 11:30,0.482
09/07/06 11:35,0.487
09/07/06 11:40,0.490
09/07/06 11:45,0.492
09/07/06 11:50,0.492
09/07/06 11:55,0.494
09/07/06 12:00,0.501
09/07/06 12:05,0.505
09/07/06 12:10,0.507
09/07/06 12:15,0.509
09/07/06 12:20,0.506
09/07/06 12:25,0.507
09/07/06 12:30,0.507
09/07/06 12:35,0.507
09/07/06 12:40,0.507
09/07/06 12:45,0.507
09/07/06 12:50,0.507
09/07/06 12:55,0.506
09/07/06 13:00,0.504
09/07/06 13:05,0.503
09/07/06 13:10,0.503
09/07/06 13:15,0.501
09/07/06 13:20,0.499
09/07/06 13:25,0.495
09/07/06 13:30,0.495
09/07/06 13:35,0.492
09/07/06 13:40,0.488
09/07/06 13:45,0.483
09/07/06 13:50,0.477
09/07/06 13:55,0.473
09/07/06 14:00,0.467
09/07/06 14:05,0.462
09/07/06 14:10,0.455
09/07/06 14:15,0.447
09/07/06 14:20,0.440
09/07/06 14:25,0.431
09/07/06 14:30,0.422
09/07/06 14:35,0.413
09/07/06 14:40,0.403
09/07/06 14:45,0.392
09/07/06 14:50,0.382
09/07/06 14:55,0.369
09/07/06 15:00,0.354
09/07/06 15:05,0.337
09/07/06 15:10,0.320
09/07/06 15:15,0.300
09/07/06 15:20,0.282
09/07/06 15:25,0.264
09/07/06 15:30,0.247
09/07/06 15:35,0.233
09/07/06 15:40,0.223
09/07/06 15:45,0.216
09/07/06 15:50,0.209
09/07/06 15:55,0.200
09/07/06 16:00,0.195
09/07/06 16:05,0.186
09/07/06 16:10,0.176
09/07/06 16:15,0.164
09/07/06 16:20,0.151
09/07/06 16:25,0.139
09/07/06 16:30,0.126
09/07/06 16:35,0.113
09/07/06 16:40,0.100
09/07/06 16:45,0.088
09/07/06 16:50,0.075
09/07/06 16:55,0.047
09/07/06 17:00,0.030
09/07/06 17:05,0.018
09/07/06 17:10,0.010
09/07/06 17:15,0.005
09/07/06 17:20,0.002
09/07/06 17:25,0.001
09/07/06 17:30,0.000
09/07/06 17:35,0.000
09/07/06 17:40,0.000
09/07/06 17:45,0.000
09/07/06 17:50,0.000
09/07/06 17:55,0.000
09/07/06 18:00,0.000
09/07/06 18:05,0.000
09/07/06 18:10,0.000
09/07/06 18:15,0.000
09/07/06 18:20,0.000
09/07/06 18:25,0.000
09/07/06 18:30,0.000
09/07/06 18:35,0.000
09/07/06 18:40,0.000
09/07/06 18:45,0.000
09/07/06 18:50,0.000
09/07/06 18:55,0.000
09/07/06 19:00,0.000
09/07/06 19:05,0.000
09/07/06 19:10,0.000
09/07/06 19:15,0.000
09/07/06 19:20,0.000
09/07/06 19:25,0.000
09/07/06 19:30,0.000
09/07/06 19:35,0.000
09/07/06 19:40,0.000
09/07/06 19:45,0.000
09/07/06 19:50,0.000
09/07/06 19:55,0.000
09/07/06 20:00,0.000
09/07/06 20:05,0.000
09/07/06 20:10,0.000
09/07/06 20:15,0.000
09/07/06 20:20,0.000
09/07/06 20:25,0.000
09/07/06 20:30,0.000
09/07/06 20:35,0.000
09/07/06 20:40,0.000
09/07/06 20:45,0.000
09/07/06 20:50,0.000
09/07/06 20:55,0.000
09/07/06 21:00,0.000
09/07/06 21:05,0.000
09/07/06 21:10,0.000
09/07/06 21:15,0.000
09/07/06 21:20,0.000
09/07/06 21:25,0.000
09/07/06 21:30,0.000
09/07/06 21:35,0.000
09/07/06 21:40,0.000
09/07/06 21:45,0.000
09/07/06 21:50,0.000
09/07/06 21:55,0.000
09/07/06 22:00,0.000
09/07/06 22:05,0.000
09/07/06 22:10,0.000
09/07/06 22:15,0.000
09/07/06 22:20,0.000
09/07/06 22:25,0.000
09/07/06 22:30,0.000
09/07/06 22:35,0.000
09/07/06 22:40,0.000
09/07/06 22:45,0.000
09/07/06 22:50,0.000
09/07/06 22:55,0.000
09/07/06 23:00,0.000
09/07/06 23:05,0.000
09/07/06 23:10,0.000
09/07/06 23:15,0.000
09/07/06 23:20,0.000
09/07/06 23:25,0.000
09/07/06 23:30,0.000
09/07/06 23:35,0.000
09/07/06 23:40,0.000
09/07/06 23:45,0.000
09/07/06 23:50,0.000
09/07/06 23:55,0.000
09/08/06 00:00,0.000
09/08/06 00:05,0.000
09/08/06 00:10,0.000
09/08/06 00:15,0.000
09/08/06 00:20,0.000
09/08/06 00:25,0.000
09/08/06 00:30,0.000
09/08/06 00:35,0.000
09/08/06 00:40,0.000
09/08/06 00:45,0.000
09/08/06 00:50,0.000
09/08/06 00:55,0.000
09/08/06 01:00,0.000
09/08/06 01:05,0.000
09/08/06 01:10,0.000
09/08/06 01:15,0.000
09/08/06 01:20,0.000
09/08/06 01:25,0.000
09/08/06 01:30,0.000
09/08/06 01:35,0.000
09/08/06 01:40,0.000
09/08/06 01:45,0.000
09/08/06 01:50,0.000
09/08/06 01:55,0.000
09/08/06 02:00,0.000
09/08/06 02:05,0.000
09/08/06 02:10,0.000
09/08/06 02:15,0.000
09/08/06 02:20,0.000
09/08/06 02:25,0.000
09/08/06 02:30,0.000
09/08/06 02:35,0.000
09/08/06 02:40,0.000
09/08/06 02:45,0.000
09/08/06 02:50,0.000
09/08/06 02:55,0.000
09/08/06 03:00,0.000
09/08/06 03:05,0.000
09/08/06 03:10,0.000
09/08/06 03:15,0.000
09/08/06 03:20,0.000
09/08/06 03:25,0.000
09/08/06 03:30,0.000
09/08/06 03:35,0.000
09/08/06 03:40,0.000
09/08/06 03:45,0.000
09/08/06 03:50,0.000
09/08/06 03:55,0.000
09/08/06 04:00,0.000
09/08/06 04:05,0.000
09/08/06 04:10,0.000
09/08/06 04:15,0.000
09/08/06 04:20,0.000
09/08/06 04:25,0.000
09/08/06 04:30,0.000
09/08/06 04:35,0.000
09/08/06 04:40,0.000
09/08/06 04:45,0.000
09/08/06 04:50,0.000
09/08/06 04:55,0.000
09/08/06 05:00,0.000
09/08/06 05:05,0.000
09/08/06 05:10,0.000
09/08/06 05:15,0.000
09/08/06 05:20,0.000
09/08/06 05:25,0.000
09/08/06 05:30,0.000
09/08/06 05:35,0.000
09/08/06 05:40,0.000
09/08/06 05:45,0.000
09/08/06 05:50,0.000
09/08/06 05:55,0.001
09/08/06 06:00,0.001
09/08/06 06:05,0.003
09/08/06 06:10,0.005
09/08/06 06:15,0.010
09/08/06 06:20,0.018
09/08/06 06:25,0.031
09/08/06 06:30,0.049
09/08/06 06:35,0.073
09/08/06 06:40,0.082
09/08/06 06:45,0.093
09/08/06 06:50,0.106
09/08/06 06:55,0.120
09/08/06 07:00,0.123
09/08/06 07:05,0.129
09/08/06 07:10,0.137
09/08/06 07:15,0.149
09/08/06 07:20,0.160
09/08/06 07:25,0.172
09/08/06 07:30,0.185
09/08/06 07:35,0.199
09/08/06 07:40,0.212
09/08/06 07:45,0.227
09/08/06 07:50,0.243
09/08/06 07:55,0.256
09/08/06 08:00,0.263
09/08/06 08:05,0.269
09/08/06 08:10,0.274
09/08/06 08:15,0.279
09/08/06 08:20,0.284
09/08/06 08:25,0.290
09/08/06 08:30,0.296
09/08/06 08:35,0.307
09/08/06 08:40,0.314
09/08/06 08:45,0.320
09/08/06 08:50,0.327
09/08/06 08:55,0.335
09/08/06 09:00,0.351
09/08/06 09:05,0.363
09/08/06 09:10,0.373
09/08/06 09:15,0.380
09/08/06 09:20,0.386
09/08/06 09:25,0.391
09/08/06 09:30,0.392
09/08/06 09:35,0.390
09/08/06 09:40,0.390
09/08/06 09:45,0.391
09/08/06 09:50,0.391
09/08/06 09:55,0.392
09/08/06 10:00,0.405
09/08/06 10:05,0.419
09/08/06 10:10,0.432
09/08/06 10:15,0.443
09/08/06 10:20,0.453
09/08/06 10:25,0.459
09/08/06 10:30,0.464
09/08/06 10:35,0.467
09/08/06 10:40,0.470
09/08/06 10:45,0.474
09/08/06 10:50,0.481
09/08/06 10:55,0.489
09/08/06 11:00,0.493
09/08/06 11:05,0.497
09/08/06 11:10,0.502
09/08/06 11:15,0.506
09/08/06 11:20,0.510
09/08/06 11:25,0.514
09/08/06 11:30,0.518
09/08/06 11:35,0.520
09/08/06 11:40,0.524
09/08/06 11:45,0.524
09/08/06 11:50,0.526
09/08/06 11:55,0.526
09/08/06 12:00,0.519
09/08/06 12:05,0.512
09/08/06 12:10,0.507
09/08/06 12:15,0.501
09/08/06 12:20,0.498
09/08/06 12:25,0.496
09/08/06 12:30,0.495
09/08/06 12:35,0.494
09/08/06 12:40,0.490
09/08/06 12:45,0.486
09/08/06 12:50,0.483
09/08/06 12:55,0.478
09/08/06 13:00,0.466
09/08/06 13:05,0.453
09/08/06 13:10,0.431
09/08/06 13:15,0.424
09/08/06 13:20,0.389
09/08/06 13:25,0.328
09/08/06 13:30,0.323
09/08/06 13:35,0.358
09/08/06 13:40,0.371
09/08/06 13:45,0.364
09/08/06 13:50,0.380
09/08/06 13:55,0.367
09/08/06 14:00,0.361
09/08/06 14:05,0.360
09/08/06 14:10,0.389
09/08/06 14:15,0.399
09/08/06 14:20,0.357
09/08/06 14:25,0.283
09/08/06 14:30,0.253
09/08/06 14:35,0.299
09/08/06 14:40,0.310
09/08/06 14:45,0.290
09/08/06 14:50,0.282
09/08/06 14:55,0.266
09/08/06 15:00,0.222
09/08/06 15:05,0.237
09/08/06 15:10,0.279
09/08/06 15:15,0.298
09/08/06 15:20,0.301
09/08/06 15:25,0.303
09/08/06 15:30,0.298
09/08/06 15:35,0.291
09/08/06 15:40,0.281
09/08/06 15:45,0.266
09/08/06 15:50,0.250
09/08/06 15:55,0.224
09/08/06 16:00,0.178
09/08/06 16:05,0.147
09/08/06 16:10,0.130
09/08/06 16:15,0.117
09/08/06 16:20,0.106
09/08/06 16:25,0.099
09/08/06 16:30,0.095
09/08/06 16:35,0.092
09/08/06 16:40,0.087
09/08/06 16:45,0.081
09/08/06 16:50,0.077
09/08/06 16:55,0.072
09/08/06 17:00,0.045
09/08/06 17:05,0.033
09/08/06 17:10,0.023
09/08/06 17:15,0.013
09/08/06 17:20,0.007
09/08/06 17:25,0.004
09/08/06 17:30,0.001
09/08/06 17:35,0.000
09/08/06 17:40,0.000
09/08/06 17:45,0.000
09/08/06 17:50,0.000
09/08/06 17:55,0.000
09/08/06 18:00,0.000
09/08/06 18:05,0.000
09/08/06 18:10,0.000
09/08/06 18:15,0.000
09/08/06 18:20,0.000
09/08/06 18:25,0.000
09/08/06 18:30,0.000
09/08/06 18:35,0.000
09/08/06 18:40,0.000
09/08/06 18:45,0.000
09/08/06 18:50,0.000
09/08/06 18:55,0.000
09/08/06 19:00,0.000
09/08/06 19:05,0.000
09/08/06 19:10,0.000
09/08/06 19:15,0.000
09/08/06 19:20,0.000
09/08/06 19:25,0.000
09/08/06 19:30,0.000
09/08/06 19:35,0.000
09/08/06 19:40,0.000
09/08/06 19:45,0.000
09/08/06 19:50,0.000
09/08/06 19:55,0.000
09/08/06 20:00,0.000
09/08/06 20:05,0.000
09/08/06 20:10,0.000
09/08/06 20:15,0.000
09/08/06 20:20,0.000
09/08/06 20:25,0.000
09/08/06 20:30,0.000
09/08/06 20:35,0.000
09/08/06 20:40,0.000
09/08/06 20:45,0.000
09/08/06 20:50,0.000
09/08/06 20:55,0.000
09/08/06 21:00,0.000
09/08/06 21:05,0.000
09/08/06 21:10,0.000
09/08/06 21:15,0.000
09/08/06 21:20,0.000
09/08/06 21:25,0.000
09/08/06 21:30,0.000
09/08/06 21:35,0.000
09/08/06 21:40,0.000
09/08/06 21:45,0.000
09/08/06 21:50,0.000
09/08/06 21:55,0.000
09/08/06 22:00,0.000
09/08/06 22:05,0.000
09/08/06 22:10,0.000
09/08/06 22:15,0.000
09/08/06 22:20,0.000
09/08/06 22:25,0.000
09/08/06 22:30,0.000
09/08/06 22:35,0.000
09/08/06 22:40,0.000
09/08/06 22:45,0.000
09/08/06 22:50,0.000
09/08/06 22:55,0.000
09/08/06 23:00,0.000
09/08/06 23:05,0.000
09/08/06 23:10,0.000
09/08/06 23:15,0.000
09/08/06 23:20,0.000
09/08/06 23:25,0.000
09/08/06 23:30,0.000
09/08/06 23:35,0.000
09/08/06 23:40,0.000
09/08/06 23:45,0.000
09/08/06 23:50,0.000
09/08/06 23:55,0.000
09/09/06 00:00,0.000
09/09/06 00:05,0.000
09/09/06 00:10,0.000
09/09/06 00:15,0.000
09/09/06 00:20,0.000
09/09/06 00:25,0.000
09/09/06 00:30,0.000
09/09/06 00:35,0.000
09/09/06 00:40,0.000
09/09/06 00:45,0.000
09/09/06 00:50,0.000
09/09/06 00:55,0.000
09/09/06 01:00,0.000
09/09/06 01:05,0.000
09/09/06 01:10,0.000
09/09/06 01:15,0.000
09/09/06 01:20,0.000
09/09/06 01:25,0.000
09/09/06 01:30,0.000
09/09/06 01:35,0.000
09/09/06 01:40,0.000
09/09/06 01:45,0.000
09/09/06 01:50,0.000
09/09/06 01:55,0.000
09/09/06 02:00,0.000
09/09/06 02:05,0.000
09/09/06 02:10,0.000
09/09/06 02:15,0.000
09/09/06 02:20,0.000
09/09/06 02:25,0.000
09/09/06 02:30,0.000
09/09/06 02:35,0.000
09/09/06 02:40,0.000
09/09/06 02:45,0.000
09/09/06 02:50,0.000
09/09/06 02:55,0.000
09/09/06 03:00,0.000
09/09/06 03:05,0.000
09/09/06 03:10,0.000
09/09/06 03:15,0.000
09/09/06 03:20,0.000
09/09/06 03:25,0.000
09/09/06 03:30,0.000
09/09/06 03:35,0.000
09/09/06 03:40,0.000
09/09/06 03:45,0.000
09/09/06 03:50,0.000
09/09/06 03:55,0.000
09/09/06 04:00,0.000
09/09/06 04:05,0.000
09/09/06 04:10,0.000
09/09/06 04:15,0.000
09/09/06 04:20,0.000
09/09/06 04:25,0.000
09/09/06 04:30,0.000
09/09/06 04:35,0.000
09/09/06 04:40,0.000
09/09/06 04:45,0.000
09/09/06 04:50,0.000
09/09/06 04:55,0.000
09/09/06 05:00,0.000
09/09/06 05:05,0.000
09/09/06 05:10,0.000
09/09/06 05:15,0.000
09/09/06 05:20,0.000
09/09/06 05:25,0.000
09/09/06 05:30,0.000
09/09/06 05:35,0.000
09/09/06 05:40,0.000
09/09/06 05:45,0.000
09/09/06 05:50,0.000
09/09/06 05:55,0.000
09/09/06 06:00,0.000
09/09/06 06:05,0.000
09/09/06 06:10,0.001
09/09/06 06:15,0.003
09/09/06 06:20,0.010
09/09/06 06:25,0.033
09/09/06 06:30,0.074
09/09/06 06:35,0.089
09/09/06 06:40,0.105
09/09/06 06:45,0.121
09/09/06 06:50,0.138
09/09/06 06:55,0.152
09/09/06 07:00,0.154
09/09/06 07:05,0.155
09/09/06 07:10,0.156
09/09/06 07:15,0.157
09/09/06 07:20,0.154
09/09/06 07:25,0.151
09/09/06 07:30,0.147
09/09/06 07:35,0.139
09/09/06 07:40,0.131
09/09/06 07:45,0.118
09/09/06 07:50,0.108
09/09/06 07:55,0.092
09/09/06 08:00,0.078
09/09/06 08:05,0.063
09/09/06 08:10,0.052
09/09/06 08:15,0.049
09/09/06 08:20,0.053
09/09/06 08:25,0.063
09/09/06 08:30,0.077
09/09/06 08:35,0.090
09/09/06 08:40,0.109
09/09/06 08:45,0.130
09/09/06 08:50,0.156
09/09/06 08:55,0.176
09/09/06 09:00,0.167
09/09/06 09:05,0.148
09/09/06 09:10,0.127
09/09/06 09:15,0.113
09/09/06 09:20,0.110
09/09/06 09:25,0.105
09/09/06 09:30,0.102
09/09/06 09:35,0.103
09/09/06 09:40,0.109
09/09/06 09:45,0.115
09/09/06 09:50,0.120
09/09/06 09:55,0.122
09/09/06 10:00,0.123
09/09/06 10:05,0.129
09/09/06 10:10,0.149
09/09/06 10:15,0.194
09/09/06 10:20,0.243
09/09/06 10:25,0.289
09/09/06 10:30,0.341
09/09/06 10:35,0.383
09/09/06 10:40,0.430
09/09/06 10:45,0.465
09/09/06 10:50,0.491
09/09/06 10:55,0.509
09/09/06 11:00,0.497
09/09/06 11:05,0.483
09/09/06 11:10,0.472
09/09/06 11:15,0.463
09/09/06 11:20,0.448
09/09/06 11:25,0.435
09/09/06 11:30,0.427
09/09/06 11:35,0.422
09/09/06 11:40,0.419
09/09/06 11:45,0.415
09/09/06 11:50,0.410
09/09/06 11:55,0.408
09/09/06 12:00,0.425
09/09/06 12:05,0.441
09/09/06 12:10,0.456
09/09/06 12:15,0.468
09/09/06 12:20,0.474
09/09/06 12:25,0.480
09/09/06 12:30,0.485
09/09/06 12:35,0.489
09/09/06 12:40,0.493
09/09/06 12:45,0.495
09/09/06 12:50,0.494
09/09/06 12:55,0.492
09/09/06 13:00,0.488
09/09/06 13:05,0.489
09/09/06 13:10,0.503
09/09/06 13:15,0.497
09/09/06 13:20,0.483
09/09/06 13:25,0.475
09/09/06 13:30,0.461
09/09/06 13:35,0.438
09/09/06 13:40,0.412
09/09/06 13:45,0.392
09/09/06 13:50,0.385
09/09/06 13:55,0.378
09/09/06 14:00,0.380
09/09/06 14:05,0.399
09/09/06 14:10,0.407
09/09/06 14:15,0.409
09/09/06 14:20,0.408
09/09/06 14:25,0.403
09/09/06 14:30,0.393
09/09/06 14:35,0.383
09/09/06 14:40,0.372
09/09/06 14:45,0.360
09/09/06 14:50,0.346
09/09/06 14:55,0.333
09/09/06 15:00,0.329
09/09/06 15:05,0.323
09/09/06 15:10,0.315
09/09/06 15:15,0.305
09/09/06 15:20,0.295
09/09/06 15:25,0.283
09/09/06 15:30,0.270
09/09/06 15:35,0.258
09/09/06 15:40,0.247
09/09/06 15:45,0.235
09/09/06 15:50,0.224
09/09/06 15:55,0.212
09/09/06 16:00,0.199
09/09/06 16:05,0.186
09/09/06 16:10,0.173
09/09/06 16:15,0.160
09/09/06 16:20,0.147
09/09/06 16:25,0.135
09/09/06 16:30,0.122
09/09/06 16:35,0.109
09/09/06 16:40,0.098
09/09/06 16:45,0.087
09/09/06 16:50,0.077
09/09/06 16:55,0.050
09/09/06 17:00,0.028
09/09/06 17:05,0.015
09/09/06 17:10,0.008
09/09/06 17:15,0.004
09/09/06 17:20,0.002
09/09/06 17:25,0.001
09/09/06 17:30,0.000
09/09/06 17:35,0.000
09/09/06 17:40,0.000
09/09/06 17:45,0.000
09/09/06 17:50,0.000
09/09/06 17:55,0.000
09/09/06 18:00,0.000
09/09/06 18:05,0.000
09/09/06 18:10,0.000
09/09/06 18:15,0.000
09/09/06 18:20,0.000
09/09/06 18:25,0.000
09/09/06 18:30,0.000
09/09/06 18:35,0.000
09/09/06 18:40,0.000
09/09/06 18:45,0.000
09/09/06 18:50,0.000
09/09/06 18:55,0.000
09/09/06 19:00,0.000
09/09/06 19:05,0.000
09/09/06 19:10,0.000
09/09/06 19:15,0.000
09/09/06 19:20,0.000
09/09/06 19:25,0.000
09/09/06 19:30,0.000
09/09/06 19:35,0.000
09/09/06 19:40,0.000
09/09/06 19:45,0.000
09/09/06 19:50,0.000
09/09/06 19:55,0.000
09/09/06 20:00,0.000
09/09/06 20:05,0.000
09/09/06 20:10,0.000
09/09/06 20:15,0.000
09/09/06 20:20,0.000
09/09/06 20:25,0.000
09/09/06 20:30,0.000
09/09/06 20:35,0.000
09/09/06 20:40,0.000
09/09/06 20:45,0.000
09/09/06 20:50,0.000
09/09/06 20:55,0.000
09/09/06 21:00,0.000
09/09/06 21:05,0.000
09/09/06 21:10,0.000
09/09/06 21:15,0.000
09/09/06 21:20,0.000
09/09/06 21:25,0.000
09/09/06 21:30,0.000
09/09/06 21:35,0.000
09/09/06 21:40,0.000
09/09/06 21:45,0.000
09/09/06 21:50,0.000
09/09/06 21:55,0.000
09/09/06 22:00,0.000
09/09/06 22:05,0.000
09/09/06 22:10,0.000
09/09/06 22:15,0.000
09/09/06 22:20,0.000
09/09/06 22:25,0.000
09/09/06 22:30,0.000
09/09/06 22:35,0.000
09/09/06 22:40,0.000
09/09/06 22:45,0.000
09/09/06 22:50,0.000
09/09/06 22:55,0.000
09/09/06 23:00,0.000
09/09/06 23:05,0.000
09/09/06 23:10,0.000
09/09/06 23:15,0.000
09/09/06 23:20,0.000
09/09/06 23:25,0.000
09/09/06 23:30,0.000
09/09/06 23:35,0.000
09/09/06 23:40,0.000
09/09/06 23:45,0.000
09/09/06 23:50,0.000
09/09/06 23:55,0.000
09/10/06 00:00,0.000
09/10/06 00:05,0.000
09/10/06 00:10,0.000
09/10/06 00:15,0.000
09/10/06 00:20,0.000
09/10/06 00:25,0.000
09/10/06 00:30,0.000
09/10/06 00:35,0.000
09/10/06 00:40,0.000
09/10/06 00:45,0.000
09/10/06 00:50,0.000
09/10/06 00:55,0.000
09/10/06 01:00,0.000
09/10/06 01:05,0.000
09/10/06 01:10,0.000
09/10/06 01:15,0.000
09/10/06 01:20,0.000
09/10/06 01:25,0.000
09/10/06 01:30,0.000
09/10/06 01:35,0.000
09/10/06 01:40,0.000
09/10/06 01:45,0.000
09/10/06 01:50,0.000
09/10/06 01:55,0.000
09/10/06 02:00,0.000
09/10/06 02:05,0.000
09/10/06 02:10,0.000
09/10/06 02:15,0.000
09/10/06 02:20,0.000
09/10/06 02:25,0.000
09/10/06 02:30,0.000
09/10/06 02:35,0.000
09/10/06 02:40,0.000
09/10/06 02:45,0.000
09/10/06 02:50,0.000
09/10/06 02:55,0.000
09/10/06 03:00,0.000
09/10/06 03:05,0.000
09/10/06 03:10,0.000
09/10/06 03:15,0.000
09/10/06 03:20,0.000
09/10/06 03:25,0.000
09/10/06 03:30,0.000
09/10/06 03:35,0.000
09/10/06 03:40,0.000
09/10/06 03:45,0.000
09/10/06 03:50,0.000
09/10/06 03:55,0.000
09/10/06 04:00,0.000
09/10/06 04:05,0.000
09/10/06 04:10,0.000
09/10/06 04:15,0.000
09/10/06 04:20,0.000
09/10/06 04:25,0.000
09/10/06 04:30,0.000
09/10/06 04:35,0.000
09/10/06 04:40,0.000
09/10/06 04:45,0.000
09/10/06 04:50,0.000
09/10/06 04:55,0.000
09/10/06 05:00,0.000
09/10/06 05:05,0.000
09/10/06 05:10,0.000
09/10/06 05:15,0.000
09/10/06 05:20,0.000
09/10/06 05:25,0.000
09/10/06 05:30,0.000
09/10/06 05:35,0.000
09/10/06 05:40,0.000
09/10/06 05:45,0.000
09/10/06 05:50,0.000
09/10/06 05:55,0.000
09/10/06 06:00,0.001
09/10/06 06:05,0.003
09/10/06 06:10,0.007
09/10/06 06:15,0.014
09/10/06 06:20,0.026
09/10/06 06:25,0.046
09/10/06 06:30,0.076
09/10/06 06:35,0.086
09/10/06 06:40,0.097
09/10/06 06:45,0.109
09/10/06 06:50,0.121
09/10/06 06:55,0.133
09/10/06 07:00,0.145
09/10/06 07:05,0.159
09/10/06 07:10,0.171
09/10/06 07:15,0.184
09/10/06 07:20,0.197
09/10/06 07:25,0.211
09/10/06 07:30,0.224
09/10/06 07:35,0.240
09/10/06 07:40,0.257
09/10/06 07:45,0.273
09/10/06 07:50,0.287
09/10/06 07:55,0.301
09/10/06 08:00,0.313
09/10/06 08:05,0.324
09/10/06 08:10,0.336
09/10/06 08:15,0.347
09/10/06 08:20,0.358
09/10/06 08:25,0.368
09/10/06 08:30,0.378
09/10/06 08:35,0.390
09/10/06 08:40,0.404
09/10/06 08:45,0.415
09/10/06 08:50,0.425
09/10/06 08:55,0.435
09/10/06 09:00,0.445
09/10/06 09:05,0.453
09/10/06 09:10,0.461
09/10/06 09:15,0.468
09/10/06 09:20,0.475
09/10/06 09:25,0.482
09/10/06 09:30,0.491
09/10/06 09:35,0.499
09/10/06 09:40,0.506
09/10/06 09:45,0.513
09/10/06 09:50,0.519
09/10/06 09:55,0.525
09/10/06 10:00,0.532
09/10/06 10:05,0.538
09/10/06 10:10,0.544
09/10/06 10:15,0.548
09/10/06 10:20,0.551
09/10/06 10:25,0.554
09/10/06 10:30,0.557
09/10/06 10:35,0.560
09/10/06 10:40,0.562
09/10/06 10:45,0.564
09/10/06 10:50,0.567
09/10/06 10:55,0.572
09/10/06 11:00,0.577
09/10/06 11:05,0.581
09/10/06 11:10,0.583
09/10/06 11:15,0.586
09/10/06 11:20,0.587
09/10/06 11:25,0.588
09/10/06 11:30,0.592
09/10/06 11:35,0.593
09/10/06 11:40,0.593
09/10/06 11:45,0.592
09/10/06 11:50,0.592
09/10/06 11:55,0.592
09/10/06 12:00,0.592
09/10/06 12:05,0.592
09/10/06 12:10,0.590
09/10/06 12:15,0.588
09/10/06 12:20,0.585
09/10/06 12:25,0.584
09/10/06 12:30,0.582
09/10/06 12:35,0.578
09/10/06 12:40,0.574
09/10/06 12:45,0.567
09/10/06 12:50,0.562
09/10/06 12:55,0.558
09/10/06 13:00,0.555
09/10/06 13:05,0.550
09/10/06 13:10,0.546
09/10/06 13:15,0.540
09/10/06 13:20,0.534
09/10/06 13:25,0.528
09/10/06 13:30,0.523
09/10/06 13:35,0.518
09/10/06 13:40,0.512
09/10/06 13:45,0.506
09/10/06 13:50,0.499
09/10/06 13:55,0.492
09/10/06 14:00,0.486
09/10/06 14:05,0.481
09/10/06 14:10,0.475
09/10/06 14:15,0.467
09/10/06 14:20,0.458
09/10/06 14:25,0.450
09/10/06 14:30,0.442
09/10/06 14:35,0.434
09/10/06 14:40,0.424
09/10/06 14:45,0.414
09/10/06 14:50,0.403
09/10/06 14:55,0.393
09/10/06 15:00,0.378
09/10/06 15:05,0.361
09/10/06 15:10,0.345
09/10/06 15:15,0.330
09/10/06 15:20,0.314
09/10/06 15:25,0.300
09/10/06 15:30,0.287
09/10/06 15:35,0.273
09/10/06 15:40,0.258
09/10/06 15:45,0.244
09/10/06 15:50,0.229
09/10/06 15:55,0.213
09/10/06 16:00,0.200
09/10/06 16:05,0.187
09/10/06 16:10,0.176
09/10/06 16:15,0.164
09/10/06 16:20,0.152
09/10/06 16:25,0.139
09/10/06 16:30,0.127
09/10/06 16:35,0.116
09/10/06 16:40,0.105
09/10/06 16:45,0.095
09/10/06 16:50,0.086
09/10/06 16:55,0.076
09/10/06 17:00,0.053
09/10/06 17:05,0.031
09/10/06 17:10,0.017
09/10/06 17:15,0.009
09/10/06 17:20,0.004
09/10/06 17:25,0.002
09/10/06 17:30,0.001
09/10/06 17:35,0.000
09/10/06 17:40,0.000
09/10/06 17:45,0.000
09/10/06 17:50,0.000
09/10/06 17:55,0.000
09/10/06 18:00,0.000
09/10/06 18:05,0.000
09/10/06 18:10,0.000
09/10/06 18:15,0.000
09/10/06 18:20,0.000
09/10/06 18:25,0.000
09/10/06 18:30,0.000
09/10/06 18:35,0.000
09/10/06 18:40,0.000
09/10/06 18:45,0.000
09/10/06 18:50,0.000
09/10/06 18:55,0.000
09/10/06 19:00,0.000
09/10/06 19:05,0.000
09/10/06 19:10,0.000
09/10/06 19:15,0.000
09/10/06 19:20,0.000
09/10/06 19:25,0.000
09/10/06 19:30,0.000
09/10/06 19:35,0.000
09/10/06 19:40,0.000
09/10/06 19:45,0.000
09/10/06 19:50,0.000
09/10/06 19:55,0.000
09/10/06 20:00,0.000
09/10/06 20:05,0.000
09/10/06 20:10,0.000
09/10/06 20:15,0.000
09/10/06 20:20,0.000
09/10/06 20:25,0.000
09/10/06 20:30,0.000
09/10/06 20:35,0.000
09/10/06 20:40,0.000
09/10/06 20:45,0.000
09/10/06 20:50,0.000
09/10/06 20:55,0.000
09/10/06 21:00,0.000
09/10/06 21:05,0.000
09/10/06 21:10,0.000
09/10/06 21:15,0.000
09/10/06 21:20,0.000
09/10/06 21:25,0.000
09/10/06 21:30,0.000
09/10/06 21:35,0.000
09/10/06 21:40,0.000
09/10/06 21:45,0.000
09/10/06 21:50,0.000
09/10/06 21:55,0.000
09/10/06 22:00,0.000
09/10/06 22:05,0.000
09/10/06 22:10,0.000
09/10/06 22:15,0.000
09/10/06 22:20,0.000
09/10/06 22:25,0.000
09/10/06 22:30,0.000
09/10/06 22:35,0.000
09/10/06 22:40,0.000
09/10/06 22:45,0.000
09/10/06 22:50,0.000
09/10/06 22:55,0.000
09/10/06 23:00,0.000
09/10/06 23:05,0.000
09/10/06 23:10,0.000
09/10/06 23:15,0.000
09/10/06 23:20,0.000
09/10/06 23:25,0.000
09/10/06 23:30,0.000
09/10/06 23:35,0.000
09/10/06 23:40,0.000
09/10/06 23:45,0.000
09/10/06 23:50,0.000
09/10/06 23:55,0.000
09/11/06 00:00,0.000
09/11/06 00:05,0.000
09/11/06 00:10,0.000
09/11/06 00:15,0.000
09/11/06 00:20,0.000
09/11/06 00:25,0.000
09/11/06 00:30,0.000
09/11/06 00:35,0.000
09/11/06 00:40,0.000
09/11/06 00:45,0.000
09/11/06 00:50,0.000
09/11/06 00:55,0.000
09/11/06 01:00,0.000
09/11/06 01:05,0.000
09/11/06 01:10,0.000
09/11/06 01:15,0.000
09/11/06 01:20,0.000
09/11/06 01:25,0.000
09/11/06 01:30,0.000
09/11/06 01:35,0.000
09/11/06 01:40,0.000
09/11/06 01:45,0.000
09/11/06 01:50,0.000
09/11/06 01:55,0.000
09/11/06 02:00,0.000
09/11/06 02:05,0.000
09/11/06 02:10,0.000
09/11/06 02:15,0.000
09/11/06 02:20,0.000
09/11/06 02:25,0.000
09/11/06 02:30,0.000
09/11/06 02:35,0.000
09/11/06 02:40,0.000
09/11/06 02:45,0.000
09/11/06 02:50,0.000
09/11/06 02:55,0.000
09/11/06 03:00,0.000
09/11/06 03:05,0.000
09/11/06 03:10,0.000
09/11/06 03:15,0.000
09/11/06 03:20,0.000
09/11/06 03:25,0.000
09/11/06 03:30,0.000
09/11/06 03:35,0.000
09/11/06 03:40,0.000
09/11/06 03:45,0.000
09/11/06 03:50,0.000
09/11/06 03:55,0.000
09/11/06 04:00,0.000
09/11/06 04:05,0.000
09/11/06 04:10,0.000
09/11/06 04:15,0.000
09/11/06 04:20,0.000
09/11/06 04:25,0.000
09/11/06 04:30,0.000
09/11/06 04:35,0.000
09/11/06 04:40,0.000
09/11/06 04:45,0.000
09/11/06 04:50,0.000
09/11/06 04:55,0.000
09/11/06 05:00,0.000
09/11/06 05:05,0.000
09/11/06 05:10,0.000
09/11/06 05:15,0.000
09/11/06 05:20,0.000
09/11/06 05:25,0.000
09/11/06 05:30,0.000
09/11/06 05:35,0.000
09/11/06 05:40,0.000
09/11/06 05:45,0.000
09/11/06 05:50,0.000
09/11/06 05:55,0.000
09/11/06 06:00,0.001
09/11/06 06:05,0.002
09/11/06 06:10,0.006
09/11/06 06:15,0.013
09/11/06 06:20,0.025
09/11/06 06:25,0.047
09/11/06 06:30,0.076
09/11/06 06:35,0.087
09/11/06 06:40,0.099
09/11/06 06:45,0.111
09/11/06 06:50,0.124
09/11/06 06:55,0.137
09/11/06 07:00,0.150
09/11/06 07:05,0.164
09/11/06 07:10,0.177
09/11/06 07:15,0.191
09/11/06 07:20,0.204
09/11/06 07:25,0.218
09/11/06 07:30,0.232
09/11/06 07:35,0.246
09/11/06 07:40,0.259
09/11/06 07:45,0.273
09/11/06 07:50,0.286
09/11/06 07:55,0.299
09/11/06 08:00,0.310
09/11/06 08:05,0.322
09/11/06 08:10,0.334
09/11/06 08:15,0.345
09/11/06 08:20,0.356
09/11/06 08:25,0.366
09/11/06 08:30,0.376
09/11/06 08:35,0.384
09/11/06 08:40,0.393
09/11/06 08:45,0.400
09/11/06 08:50,0.407
09/11/06 08:55,0.414
09/11/06 09:00,0.422
09/11/06 09:05,0.432
09/11/06 09:10,0.440
09/11/06 09:15,0.447
09/11/06 09:20,0.454
09/11/06 09:25,0.461
09/11/06 09:30,0.467
09/11/06 09:35,0.473
09/11/06 09:40,0.480
09/11/06 09:45,0.486
09/11/06 09:50,0.492
09/11/06 09:55,0.495
09/11/06 10:00,0.496
09/11/06 10:05,0.499
09/11/06 10:10,0.503
09/11/06 10:15,0.506
09/11/06 10:20,0.509
09/11/06 10:25,0.513
09/11/06 10:30,0.516
09/11/06 10:35,0.519
09/11/06 10:40,0.521
09/11/06 10:45,0.523
09/11/06 10:50,0.524
09/11/06 10:55,0.525
09/11/06 11:00,0.526
09/11/06 11:05,0.527
09/11/06 11:10,0.528
09/11/06 11:15,0.528
09/11/06 11:20,0.525
09/11/06 11:25,0.525
09/11/06 11:30,0.528
09/11/06 11:35,0.530
09/11/06 11:40,0.529
09/11/06 11:45,0.528
09/11/06 11:50,0.531
09/11/06 11:55,0.533
09/11/06 12:00,0.537
09/11/06 12:05,0.541
09/11/06 12:10,0.544
09/11/06 12:15,0.549
09/11/06 12:20,0.550
09/11/06 12:25,0.551
09/11/06 12:30,0.552
09/11/06 12:35,0.553
09/11/06 12:40,0.552
09/11/06 12:45,0.550
09/11/06 12:50,0.549
09/11/06 12:55,0.547
09/11/06 13:00,0.543
09/11/06 13:05,0.537
09/11/06 13:10,0.530
09/11/06 13:15,0.523
09/11/06 13:20,0.516
09/11/06 13:25,0.508
09/11/06 13:30,0.500
09/11/06 13:35,0.491
09/11/06 13:40,0.482
09/11/06 13:45,0.473
09/11/06 13:50,0.464
09/11/06 13:55,0.455
09/11/06 14:00,0.445
09/11/06 14:05,0.434
09/11/06 14:10,0.422
09/11/06 14:15,0.410
09/11/06 14:20,0.399
09/11/06 14:25,0.391
09/11/06 14:30,0.382
09/11/06 14:35,0.370
09/11/06 14:40,0.354
09/11/06 14:45,0.338
09/11/06 14:50,0.321
09/11/06 14:55,0.310
09/11/06 15:00,0.304
09/11/06 15:05,0.297
09/11/06 15:10,0.289
09/11/06 15:15,0.280
09/11/06 15:20,0.272
09/11/06 15:25,0.263
09/11/06 15:30,0.254
09/11/06 15:35,0.245
09/11/06 15:40,0.236
09/11/06 15:45,0.225
09/11/06 15:50,0.214
09/11/06 15:55,0.203
09/11/06 16:00,0.194
09/11/06 16:05,0.185
09/11/06 16:10,0.174
09/11/06 16:15,0.163
09/11/06 16:20,0.150
09/11/06 16:25,0.138
09/11/06 16:30,0.125
09/11/06 16:35,0.113
09/11/06 16:40,0.102
09/11/06 16:45,0.091
09/11/06 16:50,0.081
09/11/06 16:55,0.067
09/11/06 17:00,0.030
09/11/06 17:05,0.009
09/11/06 17:10,0.005
09/11/06 17:15,0.003
09/11/06 17:20,0.001
09/11/06 17:25,0.000
09/11/06 17:30,0.000
09/11/06 17:35,0.000
09/11/06 17:40,0.000
09/11/06 17:45,0.000
09/11/06 17:50,0.000
09/11/06 17:55,0.000
09/11/06 18:00,0.000
09/11/06 18:05,0.000
09/11/06 18:10,0.000
09/11/06 18:15,0.000
09/11/06 18:20,0.000
09/11/06 18:25,0.000
09/11/06 18:30,0.000
09/11/06 18:35,0.000
09/11/06 18:40,0.000
09/11/06 18:45,0.000
09/11/06 18:50,0.000
09/11/06 18:55,0.000
09/11/06 19:00,0.000
09/11/06 19:05,0.000
09/11/06 19:10,0.000
09/11/06 19:15,0.000
09/11/06 19:20,0.000
09/11/06 19:25,0.000
09/11/06 19:30,0.000
09/11/06 19:35,0.000
09/11/06 19:40,0.000
09/11/06 19:45,0.000
09/11/06 19:50,0.000
09/11/06 19:55,0.000
09/11/06 20:00,0.000
09/11/06 20:05,0.000
09/11/06 20:10,0.000
09/11/06 20:15,0.000
09/11/06 20:20,0.000
09/11/06 20:25,0.000
09/11/06 20:30,0.000
09/11/06 20:35,0.000
09/11/06 20:40,0.000
09/11/06 20:45,0.000
09/11/06 20:50,0.000
09/11/06 20:55,0.000
09/11/06 21:00,0.000
09/11/06 21:05,0.000
09/11/06 21:10,0.000
09/11/06 21:15,0.000
09/11/06 21:20,0.000
09/11/06 21:25,0.000
09/11/06 21:30,0.000
09/11/06 21:35,0.000
09/11/06 21:40,0.000
09/11/06 21:45,0.000
09/11/06 21:50,0.000
09/11/06 21:55,0.000
09/11/06 22:00,0.000
09/11/06 22:05,0.000
09/11/06 22:10,0.000
09/11/06 22:15,0.000
09/11/06 22:20,0.000
09/11/06 22:25,0.000
09/11/06 22:30,0.000
09/11/06 22:35,0.000
09/11/06 22:40,0.000
09/11/06 22:45,0.000
09/11/06 22:50,0.000
09/11/06 22:55,0.000
09/11/06 23:00,0.000
09/11/06 23:05,0.000
09/11/06 23:10,0.000
09/11/06 23:15,0.000
09/11/06 23:20,0.000
09/11/06 23:25,0.000
09/11/06 23:30,0.000
09/11/06 23:35,0.000
09/11/06 23:40,0.000
09/11/06 23:45,0.000
09/11/06 23:50,0.000
09/11/06 23:55,0.000
09/12/06 00:00,0.000
09/12/06 00:05,0.000
09/12/06 00:10,0.000
09/12/06 00:15,0.000
09/12/06 00:20,0.000
09/12/06 00:25,0.000
09/12/06 00:30,0.000
09/12/06 00:35,0.000
09/12/06 00:40,0.000
09/12/06 00:45,0.000
09/12/06 00:50,0.000
09/12/06 00:55,0.000
09/12/06 01:00,0.000
09/12/06 01:05,0.000
09/12/06 01:10,0.000
09/12/06 01:15,0.000
09/12/06 01:20,0.000
09/12/06 01:25,0.000
09/12/06 01:30,0.000
09/12/06 01:35,0.000
09/12/06 01:40,0.000
09/12/06 01:45,0.000
09/12/06 01:50,0.000
09/12/06 01:55,0.000
09/12/06 02:00,0.000
09/12/06 02:05,0.000
09/12/06 02:10,0.000
09/12/06 02:15,0.000
09/12/06 02:20,0.000
09/12/06 02:25,0.000
09/12/06 02:30,0.000
09/12/06 02:35,0.000
09/12/06 02:40,0.000
09/12/06 02:45,0.000
09/12/06 02:50,0.000
09/12/06 02:55,0.000
09/12/06 03:00,0.000
09/12/06 03:05,0.000
09/12/06 03:10,0.000
09/12/06 03:15,0.000
09/12/06 03:20,0.000
09/12/06 03:25,0.000
09/12/06 03:30,0.000
09/12/06 03:35,0.000
09/12/06 03:40,0.000
09/12/06 03:45,0.000
09/12/06 03:50,0.000
09/12/06 03:55,0.000
09/12/06 04:00,0.000
09/12/06 04:05,0.000
09/12/06 04:10,0.000
09/12/06 04:15,0.000
09/12/06 04:20,0.000
09/12/06 04:25,0.000
09/12/06 04:30,0.000
09/12/06 04:35,0.000
09/12/06 04:40,0.000
09/12/06 04:45,0.000
09/12/06 04:50,0.000
09/12/06 04:55,0.000
09/12/06 05:00,0.000
09/12/06 05:05,0.000
09/12/06 05:10,0.000
09/12/06 05:15,0.000
09/12/06 05:20,0.000
09/12/06 05:25,0.000
09/12/06 05:30,0.000
09/12/06 05:35,0.000
09/12/06 05:40,0.000
09/12/06 05:45,0.000
09/12/06 05:50,0.000
09/12/06 05:55,0.000
09/12/06 06:00,0.001
09/12/06 06:05,0.002
09/12/06 06:10,0.006
09/12/06 06:15,0.013
09/12/06 06:20,0.026
09/12/06 06:25,0.050
09/12/06 06:30,0.078
09/12/06 06:35,0.089
09/12/06 06:40,0.101
09/12/06 06:45,0.114
09/12/06 06:50,0.127
09/12/06 06:55,0.140
09/12/06 07:00,0.153
09/12/06 07:05,0.166
09/12/06 07:10,0.179
09/12/06 07:15,0.192
09/12/06 07:20,0.206
09/12/06 07:25,0.219
09/12/06 07:30,0.232
09/12/06 07:35,0.245
09/12/06 07:40,0.258
09/12/06 07:45,0.271
09/12/06 07:50,0.285
09/12/06 07:55,0.299
09/12/06 08:00,0.312
09/12/06 08:05,0.324
09/12/06 08:10,0.336
09/12/06 08:15,0.348
09/12/06 08:20,0.359
09/12/06 08:25,0.370
09/12/06 08:30,0.379
09/12/06 08:35,0.386
09/12/06 08:40,0.395
09/12/06 08:45,0.402
09/12/06 08:50,0.408
09/12/06 08:55,0.414
09/12/06 09:00,0.415
09/12/06 09:05,0.418
09/12/06 09:10,0.422
09/12/06 09:15,0.426
09/12/06 09:20,0.431
09/12/06 09:25,0.437
09/12/06 09:30,0.445
09/12/06 09:35,0.452
09/12/06 09:40,0.459
09/12/06 09:45,0.465
09/12/06 09:50,0.468
09/12/06 09:55,0.468
09/12/06 10:00,0.469
09/12/06 10:05,0.470
09/12/06 10:10,0.469
09/12/06 10:15,0.472
09/12/06 10:20,0.476
09/12/06 10:25,0.480
09/12/06 10:30,0.484
09/12/06 10:35,0.490
09/12/06 10:40,0.496
09/12/06 10:45,0.500
09/12/06 10:50,0.509
09/12/06 10:55,0.516
09/12/06 11:00,0.524
09/12/06 11:05,0.530
09/12/06 11:10,0.534
09/12/06 11:15,0.537
09/12/06 11:20,0.540
09/12/06 11:25,0.540
09/12/06 11:30,0.539
09/12/06 11:35,0.539
09/12/06 11:40,0.546
09/12/06 11:45,0.550
09/12/06 11:50,0.552
09/12/06 11:55,0.555
09/12/06 12:00,0.558
09/12/06 12:05,0.560
09/12/06 12:10,0.564
09/12/06 12:15,0.566
09/12/06 12:20,0.568
09/12/06 12:25,0.570
09/12/06 12:30,0.570
09/12/06 12:35,0.569
09/12/06 12:40,0.566
09/12/06 12:45,0.564
09/12/06 12:50,0.562
09/12/06 12:55,0.559
09/12/06 13:00,0.558
09/12/06 13:05,0.559
09/12/06 13:10,0.559
09/12/06 13:15,0.558
09/12/06 13:20,0.556
09/12/06 13:25,0.553
09/12/06 13:30,0.549
09/12/06 13:35,0.547
09/12/06 13:40,0.546
09/12/06 13:45,0.543
09/12/06 13:50,0.538
09/12/06 13:55,0.533
09/12/06 14:00,0.525
09/12/06 14:05,0.518
09/12/06 14:10,0.509
09/12/06 14:15,0.499
09/12/06 14:20,0.488
09/12/06 14:25,0.477
09/12/06 14:30,0.466
09/12/06 14:35,0.456
09/12/06 14:40,0.446
09/12/06 14:45,0.436
09/12/06 14:50,0.422
09/12/06 14:55,0.411
09/12/06 15:00,0.399
09/12/06 15:05,0.388
09/12/06 15:10,0.376
09/12/06 15:15,0.363
09/12/06 15:20,0.350
09/12/06 15:25,0.337
09/12/06 15:30,0.323
09/12/06 15:35,0.309
09/12/06 15:40,0.295
09/12/06 15:45,0.281
09/12/06 15:50,0.266
09/12/06 15:55,0.251
09/12/06 16:00,0.236
09/12/06 16:05,0.220
09/12/06 16:10,0.204
09/12/06 16:15,0.188
09/12/06 16:20,0.173
09/12/06 16:25,0.158
09/12/06 16:30,0.144
09/12/06 16:35,0.130
09/12/06 16:40,0.117
09/12/06 16:45,0.105
09/12/06 16:50,0.092
09/12/06 16:55,0.081
09/12/06 17:00,0.065
09/12/06 17:05,0.038
09/12/06 17:10,0.021
09/12/06 17:15,0.010
09/12/06 17:20,0.005
09/12/06 17:25,0.002
09/12/06 17:30,0.001
09/12/06 17:35,0.000
09/12/06 17:40,0.000
09/12/06 17:45,0.000
09/12/06 17:50,0.000
09/12/06 17:55,0.000
09/12/06 18:00,0.000
09/12/06 18:05,0.000
09/12/06 18:10,0.000
09/12/06 18:15,0.000
09/12/06 18:20,0.000
09/12/06 18:25,0.000
09/12/06 18:30,0.000
09/12/06 18:35,0.000
09/12/06 18:40,0.000
09/12/06 18:45,0.000
09/12/06 18:50,0.000
09/12/06 18:55,0.000
09/12/06 19:00,0.000
09/12/06 19:05,0.000
09/12/06 19:10,0.000
09/12/06 19:15,0.000
09/12/06 19:20,0.000
09/12/06 19:25,0.000
09/12/06 19:30,0.000
09/12/06 19:35,0.000
09/12/06 19:40,0.000
09/12/06 19:45,0.000
09/12/06 19:50,0.000
09/12/06 19:55,0.000
09/12/06 20:00,0.000
09/12/06 20:05,0.000
09/12/06 20:10,0.000
09/12/06 20:15,0.000
09/12/06 20:20,0.000
09/12/06 20:25,0.000
09/12/06 20:30,0.000
09/12/06 20:35,0.000
09/12/06 20:40,0.000
09/12/06 20:45,0.000
09/12/06 20:50,0.000
09/12/06 20:55,0.000
09/12/06 21:00,0.000
09/12/06 21:05,0.000
09/12/06 21:10,0.000
09/12/06 21:15,0.000
09/12/06 21:20,0.000
09/12/06 21:25,0.000
09/12/06 21:30,0.000
09/12/06 21:35,0.000
09/12/06 21:40,0.000
09/12/06 21:45,0.000
09/12/06 21:50,0.000
09/12/06 21:55,0.000
09/12/06 22:00,0.000
09/12/06 22:05,0.000
09/12/06 22:10,0.000
09/12/06 22:15,0.000
09/12/06 22:20,0.000
09/12/06 22:25,0.000
09/12/06 22:30,0.000
09/12/06 22:35,0.000
09/12/06 22:40,0.000
09/12/06 22:45,0.000
09/12/06 22:50,0.000
09/12/06 22:55,0.000
09/12/06 23:00,0.000
09/12/06 23:05,0.000
09/12/06 23:10,0.000
09/12/06 23:15,0.000
09/12/06 23:20,0.000
09/12/06 23:25,0.000
09/12/06 23:30,0.000
09/12/06 23:35,0.000
09/12/06 23:40,0.000
09/12/06 23:45,0.000
09/12/06 23:50,0.000
09/12/06 23:55,0.000
09/13/06 00:00,0.000
09/13/06 00:05,0.000
09/13/06 00:10,0.000
09/13/06 00:15,0.000
09/13/06 00:20,0.000
09/13/06 00:25,0.000
09/13/06 00:30,0.000
09/13/06 00:35,0.000
09/13/06 00:40,0.000
09/13/06 00:45,0.000
09/13/06 00:50,0.000
09/13/06 00:55,0.000
09/13/06 01:00,0.000
09/13/06 01:05,0.000
09/13/06 01:10,0.000
09/13/06 01:15,0.000
09/13/06 01:20,0.000
09/13/06 01:25,0.000
09/13/06 01:30,0.000
09/13/06 01:35,0.000
09/13/06 01:40,0.000
09/13/06 01:45,0.000
09/13/06 01:50,0.000
09/13/06 01:55,0.000
09/13/06 02:00,0.000
09/13/06 02:05,0.000
09/13/06 02:10,0.000
09/13/06 02:15,0.000
09/13/06 02:20,0.000
09/13/06 02:25,0.000
09/13/06 02:30,0.000
09/13/06 02:35,0.000
09/13/06 02:40,0.000
09/13/06 02:45,0.000
09/13/06 02:50,0.000
09/13/06 02:55,0.000
09/13/06 03:00,0.000
09/13/06 03:05,0.000
09/13/06 03:10,0.000
09/13/06 03:15,0.000
09/13/06 03:20,0.000
09/13/06 03:25,0.000
09/13/06 03:30,0.000
09/13/06 03:35,0.000
09/13/06 03:40,0.000
09/13/06 03:45,0.000
09/13/06 03:50,0.000
09/13/06 03:55,0.000
09/13/06 04:00,0.000
09/13/06 04:05,0.000
09/13/06 04:10,0.000
09/13/06 04:15,0.000
09/13/06 04:20,0.000
09/13/06 04:25,0.000
09/13/06 04:30,0.000
09/13/06 04:35,0.000
09/13/06 04:40,0.000
09/13/06 04:45,0.000
09/13/06 04:50,0.000
09/13/06 04:55,0.000
09/13/06 05:00,0.000
09/13/06 05:05,0.000
09/13/06 05:10,0.000
09/13/06 05:15,0.000
09/13/06 05:20,0.000
09/13/06 05:25,0.000
09/13/06 05:30,0.000
09/13/06 05:35,0.000
09/13/06 05:40,0.000
09/13/06 05:45,0.000
09/13/06 05:50,0.000
09/13/06 05:55,0.000
09/13/06 06:00,0.000
09/13/06 06:05,0.000
09/13/06 06:10,0.001
09/13/06 06:15,0.001
09/13/06 06:20,0.002
09/13/06 06:25,0.009
09/13/06 06:30,0.031
09/13/06 06:35,0.071
09/13/06 06:40,0.086
09/13/06 06:45,0.085
09/13/06 06:50,0.081
09/13/06 06:55,0.081
09/13/06 07:00,0.072
09/13/06 07:05,0.047
09/13/06 07:10,0.032
09/13/06 07:15,0.021
09/13/06 07:20,0.015
09/13/06 07:25,0.012
09/13/06 07:30,0.010
09/13/06 07:35,0.008
09/13/06 07:40,0.007
09/13/06 07:45,0.007
09/13/06 07:50,0.006
09/13/06 07:55,0.006
09/13/06 08:00,0.013
09/13/06 08:05,0.047
09/13/06 08:10,0.085
09/13/06 08:15,0.092
09/13/06 08:20,0.135
09/13/06 08:25,0.176
09/13/06 08:30,0.203
09/13/06 08:35,0.237
09/13/06 08:40,0.233
09/13/06 08:45,0.230
09/13/06 08:50,0.254
09/13/06 08:55,0.273
09/13/06 09:00,0.268
09/13/06 09:05,0.256
09/13/06 09:10,0.246
09/13/06 09:15,0.251
09/13/06 09:20,0.268
09/13/06 09:25,0.243
09/13/06 09:30,0.229
09/13/06 09:35,0.216
09/13/06 09:40,0.204
09/13/06 09:45,0.225
09/13/06 09:50,0.253
09/13/06 09:55,0.234
09/13/06 10:00,0.220
09/13/06 10:05,0.208
09/13/06 10:10,0.209
09/13/06 10:15,0.204
09/13/06 10:20,0.200
09/13/06 10:25,0.197
09/13/06 10:30,0.197
09/13/06 10:35,0.199
09/13/06 10:40,0.194
09/13/06 10:45,0.191
09/13/06 10:50,0.196
09/13/06 10:55,0.196
09/13/06 11:00,0.193
09/13/06 11:05,0.190
09/13/06 11:10,0.189
09/13/06 11:15,0.193
09/13/06 11:20,0.199
09/13/06 11:25,0.203
09/13/06 11:30,0.204
09/13/06 11:35,0.204
09/13/06 11:40,0.202
09/13/06 11:45,0.203
09/13/06 11:50,0.200
09/13/06 11:55,0.194
09/13/06 12:00,0.188
09/13/06 12:05,0.169
09/13/06 12:10,0.149
09/13/06 12:15,0.130
09/13/06 12:20,0.109
09/13/06 12:25,0.099
09/13/06 12:30,0.094
09/13/06 12:35,0.080
09/13/06 12:40,0.041
09/13/06 12:45,0.016
09/13/06 12:50,0.006
09/13/06 12:55,0.003
09/13/06 13:00,0.035
09/13/06 13:05,0.088
09/13/06 13:10,0.106
09/13/06 13:15,0.118
09/13/06 13:20,0.128
09/13/06 13:25,0.139
09/13/06 13:30,0.155
09/13/06 13:35,0.162
09/13/06 13:40,0.173
09/13/06 13:45,0.177
09/13/06 13:50,0.180
09/13/06 13:55,0.187
09/13/06 14:00,0.182
09/13/06 14:05,0.178
09/13/06 14:10,0.170
09/13/06 14:15,0.160
09/13/06 14:20,0.142
09/13/06 14:25,0.128
09/13/06 14:30,0.114
09/13/06 14:35,0.096
09/13/06 14:40,0.087
09/13/06 14:45,0.082
09/13/06 14:50,0.077
09/13/06 14:55,0.064
09/13/06 15:00,0.054
09/13/06 15:05,0.053
09/13/06 15:10,0.053
09/13/06 15:15,0.056
09/13/06 15:20,0.053
09/13/06 15:25,0.041
09/13/06 15:30,0.027
09/13/06 15:35,0.017
09/13/06 15:40,0.009
09/13/06 15:45,0.004
09/13/06 15:50,0.001
09/13/06 15:55,0.000
09/13/06 16:00,0.001
09/13/06 16:05,0.001
09/13/06 16:10,0.000
09/13/06 16:15,0.000
09/13/06 16:20,0.000
09/13/06 16:25,0.000
09/13/06 16:30,0.000
09/13/06 16:35,0.000
09/13/06 16:40,0.000
09/13/06 16:45,0.000
09/13/06 16:50,0.000
09/13/06 16:55,0.000
09/13/06 17:00,0.000
09/13/06 17:05,0.000
09/13/06 17:10,0.000
09/13/06 17:15,0.000
09/13/06 17:20,0.000
09/13/06 17:25,0.000
09/13/06 17:30,0.000
09/13/06 17:35,0.000
09/13/06 17:40,0.000
09/13/06 17:45,0.000
09/13/06 17:50,0.000
09/13/06 17:55,0.000
09/13/06 18:00,0.000
09/13/06 18:05,0.000
09/13/06 18:10,0.000
09/13/06 18:15,0.000
09/13/06 18:20,0.000
09/13/06 18:25,0.000
09/13/06 18:30,0.000
09/13/06 18:35,0.000
09/13/06 18:40,0.000
09/13/06 18:45,0.000
09/13/06 18:50,0.000
09/13/06 18:55,0.000
09/13/06 19:00,0.000
09/13/06 19:05,0.000
09/13/06 19:10,0.000
09/13/06 19:15,0.000
09/13/06 19:20,0.000
09/13/06 19:25,0.000
09/13/06 19:30,0.000
09/13/06 19:35,0.000
09/13/06 19:40,0.000
09/13/06 19:45,0.000
09/13/06 19:50,0.000
09/13/06 19:55,0.000
09/13/06 20:00,0.000
09/13/06 20:05,0.000
09/13/06 20:10,0.000
09/13/06 20:15,0.000
09/13/06 20:20,0.000
09/13/06 20:25,0.000
09/13/06 20:30,0.000
09/13/06 20:35,0.000
09/13/06 20:40,0.000
09/13/06 20:45,0.000
09/13/06 20:50,0.000
09/13/06 20:55,0.000
09/13/06 21:00,0.000
09/13/06 21:05,0.000
09/13/06 21:10,0.000
09/13/06 21:15,0.000
09/13/06 21:20,0.000
09/13/06 21:25,0.000
09/13/06 21:30,0.000
09/13/06 21:35,0.000
09/13/06 21:40,0.000
09/13/06 21:45,0.000
09/13/06 21:50,0.000
09/13/06 21:55,0.000
09/13/06 22:00,0.000
09/13/06 22:05,0.000
09/13/06 22:10,0.000
09/13/06 22:15,0.000
09/13/06 22:20,0.000
09/13/06 22:25,0.000
09/13/06 22:30,0.000
09/13/06 22:35,0.000
09/13/06 22:40,0.000
09/13/06 22:45,0.000
09/13/06 22:50,0.000
09/13/06 22:55,0.000
09/13/06 23:00,0.000
09/13/06 23:05,0.000
09/13/06 23:10,0.000
09/13/06 23:15,0.000
09/13/06 23:20,0.000
09/13/06 23:25,0.000
09/13/06 23:30,0.000
09/13/06 23:35,0.000
09/13/06 23:40,0.000
09/13/06 23:45,0.000
09/13/06 23:50,0.000
09/13/06 23:55,0.000
09/14/06 00:00,0.000
09/14/06 00:05,0.000
09/14/06 00:10,0.000
09/14/06 00:15,0.000
09/14/06 00:20,0.000
09/14/06 00:25,0.000
09/14/06 00:30,0.000
09/14/06 00:35,0.000
09/14/06 00:40,0.000
09/14/06 00:45,0.000
09/14/06 00:50,0.000
09/14/06 00:55,0.000
09/14/06 01:00,0.000
09/14/06 01:05,0.000
09/14/06 01:10,0.000
09/14/06 01:15,0.000
09/14/06 01:20,0.000
09/14/06 01:25,0.000
09/14/06 01:30,0.000
09/14/06 01:35,0.000
09/14/06 01:40,0.000
09/14/06 01:45,0.000
09/14/06 01:50,0.000
09/14/06 01:55,0.000
09/14/06 02:00,0.000
09/14/06 02:05,0.000
09/14/06 02:10,0.000
09/14/06 02:15,0.000
09/14/06 02:20,0.000
09/14/06 02:25,0.000
09/14/06 02:30,0.000
09/14/06 02:35,0.000
09/14/06 02:40,0.000
09/14/06 02:45,0.000
09/14/06 02:50,0.000
09/14/06 02:55,0.000
09/14/06 03:00,0.000
09/14/06 03:05,0.000
09/14/06 03:10,0.000
09/14/06 03:15,0.000
09/14/06 03:20,0.000
09/14/06 03:25,0.000
09/14/06 03:30,0.000
09/14/06 03:35,0.000
09/14/06 03:40,0.000
09/14/06 03:45,0.000
09/14/06 03:50,0.000
09/14/06 03:55,0.000
09/14/06 04:00,0.000
09/14/06 04:05,0.000
09/14/06 04:10,0.000
09/14/06 04:15,0.000
09/14/06 04:20,0.000
09/14/06 04:25,0.000
09/14/06 04:30,0.000
09/14/06 04:35,0.000
09/14/06 04:40,0.000
09/14/06 04:45,0.000
09/14/06 04:50,0.000
09/14/06 04:55,0.000
09/14/06 05:00,0.000
09/14/06 05:05,0.000
09/14/06 05:10,0.000
09/14/06 05:15,0.000
09/14/06 05:20,0.000
09/14/06 05:25,0.000
09/14/06 05:30,0.000
09/14/06 05:35,0.000
09/14/06 05:40,0.000
09/14/06 05:45,0.000
09/14/06 05:50,0.000
09/14/06 05:55,0.000
09/14/06 06:00,0.001
09/14/06 06:05,0.002
09/14/06 06:10,0.003
09/14/06 06:15,0.006
09/14/06 06:20,0.011
09/14/06 06:25,0.021
09/14/06 06:30,0.036
09/14/06 06:35,0.069
09/14/06 06:40,0.085
09/14/06 06:45,0.094
09/14/06 06:50,0.105
09/14/06 06:55,0.117
09/14/06 07:00,0.133
09/14/06 07:05,0.146
09/14/06 07:10,0.156
09/14/06 07:15,0.162
09/14/06 07:20,0.165
09/14/06 07:25,0.166
09/14/06 07:30,0.163
09/14/06 07:35,0.160
09/14/06 07:40,0.154
09/14/06 07:45,0.143
09/14/06 07:50,0.129
09/14/06 07:55,0.117
09/14/06 08:00,0.106
09/14/06 08:05,0.104
09/14/06 08:10,0.106
09/14/06 08:15,0.110
09/14/06 08:20,0.116
09/14/06 08:25,0.123
09/14/06 08:30,0.130
09/14/06 08:35,0.139
09/14/06 08:40,0.149
09/14/06 08:45,0.159
09/14/06 08:50,0.173
09/14/06 08:55,0.182
09/14/06 09:00,0.197
09/14/06 09:05,0.204
09/14/06 09:10,0.169
09/14/06 09:15,0.151
09/14/06 09:20,0.147
09/14/06 09:25,0.145
09/14/06 09:30,0.134
09/14/06 09:35,0.126
09/14/06 09:40,0.119
09/14/06 09:45,0.118
09/14/06 09:50,0.117
09/14/06 09:55,0.124
09/14/06 10:00,0.149
09/14/06 10:05,0.173
09/14/06 10:10,0.204
09/14/06 10:15,0.232
09/14/06 10:20,0.250
09/14/06 10:25,0.269
09/14/06 10:30,0.279
09/14/06 10:35,0.298
09/14/06 10:40,0.310
09/14/06 10:45,0.322
09/14/06 10:50,0.333
09/14/06 10:55,0.343
09/14/06 11:00,0.329
09/14/06 11:05,0.314
09/14/06 11:10,0.297
09/14/06 11:15,0.271
09/14/06 11:20,0.256
09/14/06 11:25,0.232
09/14/06 11:30,0.217
09/14/06 11:35,0.194
09/14/06 11:40,0.171
09/14/06 11:45,0.157
09/14/06 11:50,0.143
09/14/06 11:55,0.127
09/14/06 12:00,0.113
09/14/06 12:05,0.109
09/14/06 12:10,0.109
09/14/06 12:15,0.116
09/14/06 12:20,0.128
09/14/06 12:25,0.142
09/14/06 12:30,0.169
09/14/06 12:35,0.196
09/14/06 12:40,0.222
09/14/06 12:45,0.244
09/14/06 12:50,0.274
09/14/06 12:55,0.297
09/14/06 13:00,0.325
09/14/06 13:05,0.328
09/14/06 13:10,0.336
09/14/06 13:15,0.297
09/14/06 13:20,0.227
09/14/06 13:25,0.173
09/14/06 13:30,0.165
09/14/06 13:35,0.200
09/14/06 13:40,0.229
09/14/06 13:45,0.201
09/14/06 13:50,0.166
09/14/06 13:55,0.144
09/14/06 14:00,0.141
09/14/06 14:05,0.111
09/14/06 14:10,0.084
09/14/06 14:15,0.069
09/14/06 14:20,0.059
09/14/06 14:25,0.057
09/14/06 14:30,0.047
09/14/06 14:35,0.032
09/14/06 14:40,0.022
09/14/06 14:45,0.019
09/14/06 14:50,0.017
09/14/06 14:55,0.015
09/14/06 15:00,0.013
09/14/06 15:05,0.011
09/14/06 15:10,0.011
09/14/06 15:15,0.011
09/14/06 15:20,0.013
09/14/06 15:25,0.015
09/14/06 15:30,0.015
09/14/06 15:35,0.012
09/14/06 15:40,0.014
09/14/06 15:45,0.028
09/14/06 15:50,0.034
09/14/06 15:55,0.030
09/14/06 16:00,0.031
09/14/06 16:05,0.034
09/14/06 16:10,0.049
09/14/06 16:15,0.070
09/14/06 16:20,0.085
09/14/06 16:25,0.071
09/14/06 16:30,0.039
09/14/06 16:35,0.025
09/14/06 16:40,0.016
09/14/06 16:45,0.009
09/14/06 16:50,0.005
09/14/06 16:55,0.002
09/14/06 17:00,0.003
09/14/06 17:05,0.003
09/14/06 17:10,0.002
09/14/06 17:15,0.001
09/14/06 17:20,0.000
09/14/06 17:25,0.000
09/14/06 17:30,0.000
09/14/06 17:35,0.000
09/14/06 17:40,0.000
09/14/06 17:45,0.000
09/14/06 17:50,0.000
09/14/06 17:55,0.000
09/14/06 18:00,0.000
09/14/06 18:05,0.000
09/14/06 18:10,0.000
09/14/06 18:15,0.000
09/14/06 18:20,0.000
09/14/06 18:25,0.000
09/14/06 18:30,0.000
09/14/06 18:35,0.000
09/14/06 18:40,0.000
09/14/06 18:45,0.000
09/14/06 18:50,0.000
09/14/06 18:55,0.000
09/14/06 19:00,0.000
09/14/06 19:05,0.000
09/14/06 19:10,0.000
09/14/06 19:15,0.000
09/14/06 19:20,0.000
09/14/06 19:25,0.000
09/14/06 19:30,0.000
09/14/06 19:35,0.000
09/14/06 19:40,0.000
09/14/06 19:45,0.000
09/14/06 19:50,0.000
09/14/06 19:55,0.000
09/14/06 20:00,0.000
09/14/06 20:05,0.000
09/14/06 20:10,0.000
09/14/06 20:15,0.000
09/14/06 20:20,0.000
09/14/06 20:25,0.000
09/14/06 20:30,0.000
09/14/06 20:35,0.000
09/14/06 20:40,0.000
09/14/06 20:45,0.000
09/14/06 20:50,0.000
09/14/06 20:55,0.000
09/14/06 21:00,0.000
09/14/06 21:05,0.000
09/14/06 21:10,0.000
09/14/06 21:15,0.000
09/14/06 21:20,0.000
09/14/06 21:25,0.000
09/14/06 21:30,0.000
09/14/06 21:35,0.000
09/14/06 21:40,0.000
09/14/06 21:45,0.000
09/14/06 21:50,0.000
09/14/06 21:55,0.000
09/14/06 22:00,0.000
09/14/06 22:05,0.000
09/14/06 22:10,0.000
09/14/06 22:15,0.000
09/14/06 22:20,0.000
09/14/06 22:25,0.000
09/14/06 22:30,0.000
09/14/06 22:35,0.000
09/14/06 22:40,0.000
09/14/06 22:45,0.000
09/14/06 22:50,0.000
09/14/06 22:55,0.000
09/14/06 23:00,0.000
09/14/06 23:05,0.000
09/14/06 23:10,0.000
09/14/06 23:15,0.000
09/14/06 23:20,0.000
09/14/06 23:25,0.000
09/14/06 23:30,0.000
09/14/06 23:35,0.000
09/14/06 23:40,0.000
09/14/06 23:45,0.000
09/14/06 23:50,0.000
09/14/06 23:55,0.000
09/15/06 00:00,0.000
09/15/06 00:05,0.000
09/15/06 00:10,0.000
09/15/06 00:15,0.000
09/15/06 00:20,0.000
09/15/06 00:25,0.000
09/15/06 00:30,0.000
09/15/06 00:35,0.000
09/15/06 00:40,0.000
09/15/06 00:45,0.000
09/15/06 00:50,0.000
09/15/06 00:55,0.000
09/15/06 01:00,0.000
09/15/06 01:05,0.000
09/15/06 01:10,0.000
09/15/06 01:15,0.000
09/15/06 01:20,0.000
09/15/06 01:25,0.000
09/15/06 01:30,0.000
09/15/06 01:35,0.000
09/15/06 01:40,0.000
09/15/06 01:45,0.000
09/15/06 01:50,0.000
09/15/06 01:55,0.000
09/15/06 02:00,0.000
09/15/06 02:05,0.000
09/15/06 02:10,0.000
09/15/06 02:15,0.000
09/15/06 02:20,0.000
09/15/06 02:25,0.000
09/15/06 02:30,0.000
09/15/06 02:35,0.000
09/15/06 02:40,0.000
09/15/06 02:45,0.000
09/15/06 02:50,0.000
09/15/06 02:55,0.000
09/15/06 03:00,0.000
09/15/06 03:05,0.000
09/15/06 03:10,0.000
09/15/06 03:15,0.000
09/15/06 03:20,0.000
09/15/06 03:25,0.000
09/15/06 03:30,0.000
09/15/06 03:35,0.000
09/15/06 03:40,0.000
09/15/06 03:45,0.000
09/15/06 03:50,0.000
09/15/06 03:55,0.000
09/15/06 04:00,0.000
09/15/06 04:05,0.000
09/15/06 04:10,0.000
09/15/06 04:15,0.000
09/15/06 04:20,0.000
09/15/06 04:25,0.000
09/15/06 04:30,0.000
09/15/06 04:35,0.000
09/15/06 04:40,0.000
09/15/06 04:45,0.000
09/15/06 04:50,0.000
09/15/06 04:55,0.000
09/15/06 05:00,0.000
09/15/06 05:05,0.000
09/15/06 05:10,0.000
09/15/06 05:15,0.000
09/15/06 05:20,0.000
09/15/06 05:25,0.000
09/15/06 05:30,0.000
09/15/06 05:35,0.000
09/15/06 05:40,0.000
09/15/06 05:45,0.000
09/15/06 05:50,0.000
09/15/06 05:55,0.000
09/15/06 06:00,0.001
09/15/06 06:05,0.002
09/15/06 06:10,0.004
09/15/06 06:15,0.009
09/15/06 06:20,0.018
09/15/06 06:25,0.034
09/15/06 06:30,0.060
09/15/06 06:35,0.083
09/15/06 06:40,0.095
09/15/06 06:45,0.107
09/15/06 06:50,0.120
09/15/06 06:55,0.133
09/15/06 07:00,0.146
09/15/06 07:05,0.160
09/15/06 07:10,0.174
09/15/06 07:15,0.189
09/15/06 07:20,0.204
09/15/06 07:25,0.222
09/15/06 07:30,0.239
09/15/06 07:35,0.256
09/15/06 07:40,0.272
09/15/06 07:45,0.288
09/15/06 07:50,0.302
09/15/06 07:55,0.315
09/15/06 08:00,0.321
09/15/06 08:05,0.328
09/15/06 08:10,0.331
09/15/06 08:15,0.325
09/15/06 08:20,0.326
09/15/06 08:25,0.334
09/15/06 08:30,0.352
09/15/06 08:35,0.366
09/15/06 08:40,0.387
09/15/06 08:45,0.397
09/15/06 08:50,0.397
09/15/06 08:55,0.410
09/15/06 09:00,0.425
09/15/06 09:05,0.439
09/15/06 09:10,0.452
09/15/06 09:15,0.463
09/15/06 09:20,0.473
09/15/06 09:25,0.482
09/15/06 09:30,0.488
09/15/06 09:35,0.492
09/15/06 09:40,0.496
09/15/06 09:45,0.500
09/15/06 09:50,0.503
09/15/06 09:55,0.507
09/15/06 10:00,0.513
09/15/06 10:05,0.518
09/15/06 10:10,0.533
09/15/06 10:15,0.543
09/15/06 10:20,0.536
09/15/06 10:25,0.536
09/15/06 10:30,0.520
09/15/06 10:35,0.523
09/15/06 10:40,0.535
09/15/06 10:45,0.543
09/15/06 10:50,0.541
09/15/06 10:55,0.536
09/15/06 11:00,0.521
09/15/06 11:05,0.513
09/15/06 11:10,0.503
09/15/06 11:15,0.498
09/15/06 11:20,0.488
09/15/06 11:25,0.477
09/15/06 11:30,0.479
09/15/06 11:35,0.471
09/15/06 11:40,0.472
09/15/06 11:45,0.481
09/15/06 11:50,0.486
09/15/06 11:55,0.491
09/15/06 12:00,0.503
09/15/06 12:05,0.517
09/15/06 12:10,0.537
09/15/06 12:15,0.534
09/15/06 12:20,0.531
09/15/06 12:25,0.508
09/15/06 12:30,0.509
09/15/06 12:35,0.514
09/15/06 12:40,0.518
09/15/06 12:45,0.521
09/15/06 12:50,0.526
09/15/06 12:55,0.520
09/15/06 13:00,0.494
09/15/06 13:05,0.497
09/15/06 13:10,0.528
09/15/06 13:15,0.535
09/15/06 13:20,0.540
09/15/06 13:25,0.546
09/15/06 13:30,0.552
09/15/06 13:35,0.546
09/15/06 13:40,0.539
09/15/06 13:45,0.529
09/15/06 13:50,0.517
09/15/06 13:55,0.505
09/15/06 14:00,0.476
09/15/06 14:05,0.454
09/15/06 14:10,0.435
09/15/06 14:15,0.419
09/15/06 14:20,0.405
09/15/06 14:25,0.395
09/15/06 14:30,0.387
09/15/06 14:35,0.378
09/15/06 14:40,0.370
09/15/06 14:45,0.361
09/15/06 14:50,0.354
09/15/06 14:55,0.345
09/15/06 15:00,0.326
09/15/06 15:05,0.245
09/15/06 15:10,0.220
09/15/06 15:15,0.230
09/15/06 15:20,0.208
09/15/06 15:25,0.162
09/15/06 15:30,0.101
09/15/06 15:35,0.077
09/15/06 15:40,0.091
09/15/06 15:45,0.124
09/15/06 15:50,0.143
09/15/06 15:55,0.140
09/15/06 16:00,0.133
09/15/06 16:05,0.110
09/15/06 16:10,0.122
09/15/06 16:15,0.114
09/15/06 16:20,0.098
09/15/06 16:25,0.051
09/15/06 16:30,0.040
09/15/06 16:35,0.064
09/15/06 16:40,0.044
09/15/06 16:45,0.029
09/15/06 16:50,0.024
09/15/06 16:55,0.018
09/15/06 17:00,0.014
09/15/06 17:05,0.008
09/15/06 17:10,0.004
09/15/06 17:15,0.001
09/15/06 17:20,0.000
09/15/06 17:25,0.000
09/15/06 17:30,0.000
09/15/06 17:35,0.000
09/15/06 17:40,0.000
09/15/06 17:45,0.000
09/15/06 17:50,0.000
09/15/06 17:55,0.000
09/15/06 18:00,0.000
09/15/06 18:05,0.000
09/15/06 18:10,0.000
09/15/06 18:15,0.000
09/15/06 18:20,0.000
09/15/06 18:25,0.000
09/15/06 18:30,0.000
09/15/06 18:35,0.000
09/15/06 18:40,0.000
09/15/06 18:45,0.000
09/15/06 18:50,0.000
09/15/06 18:55,0.000
09/15/06 19:00,0.000
09/15/06 19:05,0.000
09/15/06 19:10,0.000
09/15/06 19:15,0.000
09/15/06 19:20,0.000
09/15/06 19:25,0.000
09/15/06 19:30,0.000
09/15/06 19:35,0.000
09/15/06 19:40,0.000
09/15/06 19:45,0.000
09/15/06 19:50,0.000
09/15/06 19:55,0.000
09/15/06 20:00,0.000
09/15/06 20:05,0.000
09/15/06 20:10,0.000
09/15/06 20:15,0.000
09/15/06 20:20,0.000
09/15/06 20:25,0.000
09/15/06 20:30,0.000
09/15/06 20:35,0.000
09/15/06 20:40,0.000
09/15/06 20:45,0.000
09/15/06 20:50,0.000
09/15/06 20:55,0.000
09/15/06 21:00,0.000
09/15/06 21:05,0.000
09/15/06 21:10,0.000
09/15/06 21:15,0.000
09/15/06 21:20,0.000
09/15/06 21:25,0.000
09/15/06 21:30,0.000
09/15/06 21:35,0.000
09/15/06 21:40,0.000
09/15/06 21:45,0.000
09/15/06 21:50,0.000
09/15/06 21:55,0.000
09/15/06 22:00,0.000
09/15/06 22:05,0.000
09/15/06 22:10,0.000
09/15/06 22:15,0.000
09/15/06 22:20,0.000
09/15/06 22:25,0.000
09/15/06 22:30,0.000
09/15/06 22:35,0.000
09/15/06 22:40,0.000
09/15/06 22:45,0.000
09/15/06 22:50,0.000
09/15/06 22:55,0.000
09/15/06 23:00,0.000
09/15/06 23:05,0.000
09/15/06 23:10,0.000
09/15/06 23:15,0.000
09/15/06 23:20,0.000
09/15/06 23:25,0.000
09/15/06 23:30,0.000
09/15/06 23:35,0.000
09/15/06 23:40,0.000
09/15/06 23:45,0.000
09/15/06 23:50,0.000
09/15/06 23:55,0.000
09/16/06 00:00,0.000
09/16/06 00:05,0.000
09/16/06 00:10,0.000
09/16/06 00:15,0.000
09/16/06 00:20,0.000
09/16/06 00:25,0.000
09/16/06 00:30,0.000
09/16/06 00:35,0.000
09/16/06 00:40,0.000
09/16/06 00:45,0.000
09/16/06 00:50,0.000
09/16/06 00:55,0.000
09/16/06 01:00,0.000
09/16/06 01:05,0.000
09/16/06 01:10,0.000
09/16/06 01:15,0.000
09/16/06 01:20,0.000
09/16/06 01:25,0.000
09/16/06 01:30,0.000
09/16/06 01:35,0.000
09/16/06 01:40,0.000
09/16/06 01:45,0.000
09/16/06 01:50,0.000
09/16/06 01:55,0.000
09/16/06 02:00,0.000
09/16/06 02:05,0.000
09/16/06 02:10,0.000
09/16/06 02:15,0.000
09/16/06 02:20,0.000
09/16/06 02:25,0.000
09/16/06 02:30,0.000
09/16/06 02:35,0.000
09/16/06 02:40,0.000
09/16/06 02:45,0.000
09/16/06 02:50,0.000
09/16/06 02:55,0.000
09/16/06 03:00,0.000
09/16/06 03:05,0.000
09/16/06 03:10,0.000
09/16/06 03:15,0.000
09/16/06 03:20,0.000
09/16/06 03:25,0.000
09/16/06 03:30,0.000
09/16/06 03:35,0.000
09/16/06 03:40,0.000
09/16/06 03:45,0.000
09/16/06 03:50,0.000
09/16/06 03:55,0.000
09/16/06 04:00,0.000
09/16/06 04:05,0.000
09/16/06 04:10,0.000
09/16/06 04:15,0.000
09/16/06 04:20,0.000
09/16/06 04:25,0.000
09/16/06 04:30,0.000
09/16/06 04:35,0.000
09/16/06 04:40,0.000
09/16/06 04:45,0.000
09/16/06 04:50,0.000
09/16/06 04:55,0.000
09/16/06 05:00,0.000
09/16/06 05:05,0.000
09/16/06 05:10,0.000
09/16/06 05:15,0.000
09/16/06 05:20,0.000
09/16/06 05:25,0.000
09/16/06 05:30,0.000
09/16/06 05:35,0.000
09/16/06 05:40,0.000
09/16/06 05:45,0.000
09/16/06 05:50,0.000
09/16/06 05:55,0.000
09/16/06 06:00,0.000
09/16/06 06:05,0.000
09/16/06 06:10,0.001
09/16/06 06:15,0.003
09/16/06 06:20,0.008
09/16/06 06:25,0.015
09/16/06 06:30,0.016
09/16/06 06:35,0.016
09/16/06 06:40,0.023
09/16/06 06:45,0.028
09/16/06 06:50,0.044
09/16/06 06:55,0.050
09/16/06 07:00,0.095
09/16/06 07:05,0.114
09/16/06 07:10,0.127
09/16/06 07:15,0.130
09/16/06 07:20,0.142
09/16/06 07:25,0.120
09/16/06 07:30,0.112
09/16/06 07:35,0.132
09/16/06 07:40,0.134
09/16/06 07:45,0.160
09/16/06 07:50,0.168
09/16/06 07:55,0.196
09/16/06 08:00,0.229
09/16/06 08:05,0.223
09/16/06 08:10,0.197
09/16/06 08:15,0.187
09/16/06 08:20,0.233
09/16/06 08:25,0.268
09/16/06 08:30,0.305
09/16/06 08:35,0.324
09/16/06 08:40,0.329
09/16/06 08:45,0.301
09/16/06 08:50,0.259
09/16/06 08:55,0.299
09/16/06 09:00,0.351
09/16/06 09:05,0.384
09/16/06 09:10,0.410
09/16/06 09:15,0.431
09/16/06 09:20,0.451
09/16/06 09:25,0.466
09/16/06 09:30,0.475
09/16/06 09:35,0.473
09/16/06 09:40,0.391
09/16/06 09:45,0.334
09/16/06 09:50,0.376
09/16/06 09:55,0.357
09/16/06 10:00,0.407
09/16/06 10:05,0.447
09/16/06 10:10,0.472
09/16/06 10:15,0.488
09/16/06 10:20,0.497
09/16/06 10:25,0.503
09/16/06 10:30,0.509
09/16/06 10:35,0.514
09/16/06 10:40,0.516
09/16/06 10:45,0.517
09/16/06 10:50,0.516
09/16/06 10:55,0.514
09/16/06 11:00,0.507
09/16/06 11:05,0.481
09/16/06 11:10,0.443
09/16/06 11:15,0.440
09/16/06 11:20,0.401
09/16/06 11:25,0.402
09/16/06 11:30,0.431
09/16/06 11:35,0.454
09/16/06 11:40,0.467
09/16/06 11:45,0.480
09/16/06 11:50,0.480
09/16/06 11:55,0.482
09/16/06 12:00,0.496
09/16/06 12:05,0.499
09/16/06 12:10,0.499
09/16/06 12:15,0.506
09/16/06 12:20,0.503
09/16/06 12:25,0.492
09/16/06 12:30,0.499
09/16/06 12:35,0.498
09/16/06 12:40,0.499
09/16/06 12:45,0.500
09/16/06 12:50,0.503
09/16/06 12:55,0.506
09/16/06 13:00,0.496
09/16/06 13:05,0.478
09/16/06 13:10,0.460
09/16/06 13:15,0.441
09/16/06 13:20,0.419
09/16/06 13:25,0.388
09/16/06 13:30,0.360
09/16/06 13:35,0.334
09/16/06 13:40,0.307
09/16/06 13:45,0.274
09/16/06 13:50,0.248
09/16/06 13:55,0.217
09/16/06 14:00,0.202
09/16/06 14:05,0.208
09/16/06 14:10,0.230
09/16/06 14:15,0.183
09/16/06 14:20,0.179
09/16/06 14:25,0.199
09/16/06 14:30,0.214
09/16/06 14:35,0.208
09/16/06 14:40,0.168
09/16/06 14:45,0.133
09/16/06 14:50,0.151
09/16/06 14:55,0.173
09/16/06 15:00,0.202
09/16/06 15:05,0.204
09/16/06 15:10,0.202
09/16/06 15:15,0.196
09/16/06 15:20,0.202
09/16/06 15:25,0.213
09/16/06 15:30,0.181
09/16/06 15:35,0.148
09/16/06 15:40,0.149
09/16/06 15:45,0.147
09/16/06 15:50,0.153
09/16/06 15:55,0.147
09/16/06 16:00,0.134
09/16/06 16:05,0.133
09/16/06 16:10,0.129
09/16/06 16:15,0.121
09/16/06 16:20,0.122
09/16/06 16:25,0.124
09/16/06 16:30,0.119
09/16/06 16:35,0.106
09/16/06 16:40,0.086
09/16/06 16:45,0.073
09/16/06 16:50,0.027
09/16/06 16:55,0.012
09/16/06 17:00,0.008
09/16/06 17:05,0.004
09/16/06 17:10,0.002
09/16/06 17:15,0.001
09/16/06 17:20,0.000
09/16/06 17:25,0.000
09/16/06 17:30,0.000
09/16/06 17:35,0.000
09/16/06 17:40,0.000
09/16/06 17:45,0.000
09/16/06 17:50,0.000
09/16/06 17:55,0.000
09/16/06 18:00,0.000
09/16/06 18:05,0.000
09/16/06 18:10,0.000
09/16/06 18:15,0.000
09/16/06 18:20,0.000
09/16/06 18:25,0.000
09/16/06 18:30,0.000
09/16/06 18:35,0.000
09/16/06 18:40,0.000
09/16/06 18:45,0.000
09/16/06 18:50,0.000
09/16/06 18:55,0.000
09/16/06 19:00,0.000
09/16/06 19:05,0.000
09/16/06 19:10,0.000
09/16/06 19:15,0.000
09/16/06 19:20,0.000
09/16/06 19:25,0.000
09/16/06 19:30,0.000
09/16/06 19:35,0.000
09/16/06 19:40,0.000
09/16/06 19:45,0.000
09/16/06 19:50,0.000
09/16/06 19:55,0.000
09/16/06 20:00,0.000
09/16/06 20:05,0.000
09/16/06 20:10,0.000
09/16/06 20:15,0.000
09/16/06 20:20,0.000
09/16/06 20:25,0.000
09/16/06 20:30,0.000
09/16/06 20:35,0.000
09/16/06 20:40,0.000
09/16/06 20:45,0.000
09/16/06 20:50,0.000
09/16/06 20:55,0.000
09/16/06 21:00,0.000
09/16/06 21:05,0.000
09/16/06 21:10,0.000
09/16/06 21:15,0.000
09/16/06 21:20,0.000
09/16/06 21:25,0.000
09/16/06 21:30,0.000
09/16/06 21:35,0.000
09/16/06 21:40,0.000
09/16/06 21:45,0.000
09/16/06 21:50,0.000
09/16/06 21:55,0.000
09/16/06 22:00,0.000
09/16/06 22:05,0.000
09/16/06 22:10,0.000
09/16/06 22:15,0.000
09/16/06 22:20,0.000
09/16/06 22:25,0.000
09/16/06 22:30,0.000
09/16/06 22:35,0.000
09/16/06 22:40,0.000
09/16/06 22:45,0.000
09/16/06 22:50,0.000
09/16/06 22:55,0.000
09/16/06 23:00,0.000
09/16/06 23:05,0.000
09/16/06 23:10,0.000
09/16/06 23:15,0.000
09/16/06 23:20,0.000
09/16/06 23:25,0.000
09/16/06 23:30,0.000
09/16/06 23:35,0.000
09/16/06 23:40,0.000
09/16/06 23:45,0.000
09/16/06 23:50,0.000
09/16/06 23:55,0.000
09/17/06 00:00,0.000
09/17/06 00:05,0.000
09/17/06 00:10,0.000
09/17/06 00:15,0.000
09/17/06 00:20,0.000
09/17/06 00:25,0.000
09/17/06 00:30,0.000
09/17/06 00:35,0.000
09/17/06 00:40,0.000
09/17/06 00:45,0.000
09/17/06 00:50,0.000
09/17/06 00:55,0.000
09/17/06 01:00,0.000
09/17/06 01:05,0.000
09/17/06 01:10,0.000
09/17/06 01:15,0.000
09/17/06 01:20,0.000
09/17/06 01:25,0.000
09/17/06 01:30,0.000
09/17/06 01:35,0.000
09/17/06 01:40,0.000
09/17/06 01:45,0.000
09/17/06 01:50,0.000
09/17/06 01:55,0.000
09/17/06 02:00,0.000
09/17/06 02:05,0.000
09/17/06 02:10,0.000
09/17/06 02:15,0.000
09/17/06 02:20,0.000
09/17/06 02:25,0.000
09/17/06 02:30,0.000
09/17/06 02:35,0.000
09/17/06 02:40,0.000
09/17/06 02:45,0.000
09/17/06 02:50,0.000
09/17/06 02:55,0.000
09/17/06 03:00,0.000
09/17/06 03:05,0.000
09/17/06 03:10,0.000
09/17/06 03:15,0.000
09/17/06 03:20,0.000
09/17/06 03:25,0.000
09/17/06 03:30,0.000
09/17/06 03:35,0.000
09/17/06 03:40,0.000
09/17/06 03:45,0.000
09/17/06 03:50,0.000
09/17/06 03:55,0.000
09/17/06 04:00,0.000
09/17/06 04:05,0.000
09/17/06 04:10,0.000
09/17/06 04:15,0.000
09/17/06 04:20,0.000
09/17/06 04:25,0.000
09/17/06 04:30,0.000
09/17/06 04:35,0.000
09/17/06 04:40,0.000
09/17/06 04:45,0.000
09/17/06 04:50,0.000
09/17/06 04:55,0.000
09/17/06 05:00,0.000
09/17/06 05:05,0.000
09/17/06 05:10,0.000
09/17/06 05:15,0.000
09/17/06 05:20,0.000
09/17/06 05:25,0.000
09/17/06 05:30,0.000
09/17/06 05:35,0.000
09/17/06 05:40,0.000
09/17/06 05:45,0.000
09/17/06 05:50,0.000
09/17/06 05:55,0.000
09/17/06 06:00,0.000
09/17/06 06:05,0.001
09/17/06 06:10,0.002
09/17/06 06:15,0.005
09/17/06 06:20,0.012
09/17/06 06:25,0.024
09/17/06 06:30,0.048
09/17/06 06:35,0.079
09/17/06 06:40,0.091
09/17/06 06:45,0.105
09/17/06 06:50,0.119
09/17/06 06:55,0.134
09/17/06 07:00,0.149
09/17/06 07:05,0.164
09/17/06 07:10,0.180
09/17/06 07:15,0.195
09/17/06 07:20,0.210
09/17/06 07:25,0.225
09/17/06 07:30,0.241
09/17/06 07:35,0.257
09/17/06 07:40,0.273
09/17/06 07:45,0.288
09/17/06 07:50,0.304
09/17/06 07:55,0.318
09/17/06 08:00,0.333
09/17/06 08:05,0.347
09/17/06 08:10,0.358
09/17/06 08:15,0.370
09/17/06 08:20,0.381
09/17/06 08:25,0.393
09/17/06 08:30,0.403
09/17/06 08:35,0.412
09/17/06 08:40,0.421
09/17/06 08:45,0.432
09/17/06 08:50,0.439
09/17/06 08:55,0.447
09/17/06 09:00,0.455
09/17/06 09:05,0.464
09/17/06 09:10,0.472
09/17/06 09:15,0.480
09/17/06 09:20,0.488
09/17/06 09:25,0.496
09/17/06 09:30,0.504
09/17/06 09:35,0.511
09/17/06 09:40,0.517
09/17/06 09:45,0.524
09/17/06 09:50,0.530
09/17/06 09:55,0.537
09/17/06 10:00,0.542
09/17/06 10:05,0.548
09/17/06 10:10,0.554
09/17/06 10:15,0.560
09/17/06 10:20,0.564
09/17/06 10:25,0.567
09/17/06 10:30,0.571
09/17/06 10:35,0.576
09/17/06 10:40,0.580
09/17/06 10:45,0.584
09/17/06 10:50,0.587
09/17/06 10:55,0.587
09/17/06 11:00,0.575
09/17/06 11:05,0.568
09/17/06 11:10,0.564
09/17/06 11:15,0.563
09/17/06 11:20,0.563
09/17/06 11:25,0.561
09/17/06 11:30,0.563
09/17/06 11:35,0.565
09/17/06 11:40,0.564
09/17/06 11:45,0.562
09/17/06 11:50,0.557
09/17/06 11:55,0.553
09/17/06 12:00,0.547
09/17/06 12:05,0.544
09/17/06 12:10,0.543
09/17/06 12:15,0.541
09/17/06 12:20,0.539
09/17/06 12:25,0.537
09/17/06 12:30,0.535
09/17/06 12:35,0.533
09/17/06 12:40,0.531
09/17/06 12:45,0.526
09/17/06 12:50,0.520
09/17/06 12:55,0.516
09/17/06 13:00,0.508
09/17/06 13:05,0.500
09/17/06 13:10,0.494
09/17/06 13:15,0.491
09/17/06 13:20,0.488
09/17/06 13:25,0.486
09/17/06 13:30,0.485
09/17/06 13:35,0.481
09/17/06 13:40,0.477
09/17/06 13:45,0.471
09/17/06 13:50,0.463
09/17/06 13:55,0.457
09/17/06 14:00,0.451
09/17/06 14:05,0.444
09/17/06 14:10,0.438
09/17/06 14:15,0.432
09/17/06 14:20,0.425
09/17/06 14:25,0.418
09/17/06 14:30,0.411
09/17/06 14:35,0.404
09/17/06 14:40,0.394
09/17/06 14:45,0.386
09/17/06 14:50,0.377
09/17/06 14:55,0.367
09/17/06 15:00,0.355
09/17/06 15:05,0.340
09/17/06 15:10,0.325
09/17/06 15:15,0.308
09/17/06 15:20,0.291
09/17/06 15:25,0.276
09/17/06 15:30,0.261
09/17/06 15:35,0.246
09/17/06 15:40,0.231
09/17/06 15:45,0.215
09/17/06 15:50,0.197
09/17/06 15:55,0.183
09/17/06 16:00,0.172
09/17/06 16:05,0.161
09/17/06 16:10,0.151
09/17/06 16:15,0.139
09/17/06 16:20,0.128
09/17/06 16:25,0.117
09/17/06 16:30,0.106
09/17/06 16:35,0.095
09/17/06 16:40,0.085
09/17/06 16:45,0.073
09/17/06 16:50,0.045
09/17/06 16:55,0.024
09/17/06 17:00,0.013
09/17/06 17:05,0.006
09/17/06 17:10,0.002
09/17/06 17:15,0.001
09/17/06 17:20,0.000
09/17/06 17:25,0.000
09/17/06 17:30,0.000
09/17/06 17:35,0.000
09/17/06 17:40,0.000
09/17/06 17:45,0.000
09/17/06 17:50,0.000
09/17/06 17:55,0.000
09/17/06 18:00,0.000
09/17/06 18:05,0.000
09/17/06 18:10,0.000
09/17/06 18:15,0.000
09/17/06 18:20,0.000
09/17/06 18:25,0.000
09/17/06 18:30,0.000
09/17/06 18:35,0.000
09/17/06 18:40,0.000
09/17/06 18:45,0.000
09/17/06 18:50,0.000
09/17/06 18:55,0.000
09/17/06 19:00,0.000
09/17/06 19:05,0.000
09/17/06 19:10,0.000
09/17/06 19:15,0.000
09/17/06 19:20,0.000
09/17/06 19:25,0.000
09/17/06 19:30,0.000
09/17/06 19:35,0.000
09/17/06 19:40,0.000
09/17/06 19:45,0.000
09/17/06 19:50,0.000
09/17/06 19:55,0.000
09/17/06 20:00,0.000
09/17/06 20:05,0.000
09/17/06 20:10,0.000
09/17/06 20:15,0.000
09/17/06 20:20,0.000
09/17/06 20:25,0.000
09/17/06 20:30,0.000
09/17/06 20:35,0.000
09/17/06 20:40,0.000
09/17/06 20:45,0.000
09/17/06 20:50,0.000
09/17/06 20:55,0.000
09/17/06 21:00,0.000
09/17/06 21:05,0.000
09/17/06 21:10,0.000
09/17/06 21:15,0.000
09/17/06 21:20,0.000
09/17/06 21:25,0.000
09/17/06 21:30,0.000
09/17/06 21:35,0.000
09/17/06 21:40,0.000
09/17/06 21:45,0.000
09/17/06 21:50,0.000
09/17/06 21:55,0.000
09/17/06 22:00,0.000
09/17/06 22:05,0.000
09/17/06 22:10,0.000
09/17/06 22:15,0.000
09/17/06 22:20,0.000
09/17/06 22:25,0.000
09/17/06 22:30,0.000
09/17/06 22:35,0.000
09/17/06 22:40,0.000
09/17/06 22:45,0.000
09/17/06 22:50,0.000
09/17/06 22:55,0.000
09/17/06 23:00,0.000
09/17/06 23:05,0.000
09/17/06 23:10,0.000
09/17/06 23:15,0.000
09/17/06 23:20,0.000
09/17/06 23:25,0.000
09/17/06 23:30,0.000
09/17/06 23:35,0.000
09/17/06 23:40,0.000
09/17/06 23:45,0.000
09/17/06 23:50,0.000
09/17/06 23:55,0.000
09/18/06 00:00,0.000
09/18/06 00:05,0.000
09/18/06 00:10,0.000
09/18/06 00:15,0.000
09/18/06 00:20,0.000
09/18/06 00:25,0.000
09/18/06 00:30,0.000
09/18/06 00:35,0.000
09/18/06 00:40,0.000
09/18/06 00:45,0.000
09/18/06 00:50,0.000
09/18/06 00:55,0.000
09/18/06 01:00,0.000
09/18/06 01:05,0.000
09/18/06 01:10,0.000
09/18/06 01:15,0.000
09/18/06 01:20,0.000
09/18/06 01:25,0.000
09/18/06 01:30,0.000
09/18/06 01:35,0.000
09/18/06 01:40,0.000
09/18/06 01:45,0.000
09/18/06 01:50,0.000
09/18/06 01:55,0.000
09/18/06 02:00,0.000
09/18/06 02:05,0.000
09/18/06 02:10,0.000
09/18/06 02:15,0.000
09/18/06 02:20,0.000
09/18/06 02:25,0.000
09/18/06 02:30,0.000
09/18/06 02:35,0.000
09/18/06 02:40,0.000
09/18/06 02:45,0.000
09/18/06 02:50,0.000
09/18/06 02:55,0.000
09/18/06 03:00,0.000
09/18/06 03:05,0.000
09/18/06 03:10,0.000
09/18/06 03:15,0.000
09/18/06 03:20,0.000
09/18/06 03:25,0.000
09/18/06 03:30,0.000
09/18/06 03:35,0.000
09/18/06 03:40,0.000
09/18/06 03:45,0.000
09/18/06 03:50,0.000
09/18/06 03:55,0.000
09/18/06 04:00,0.000
09/18/06 04:05,0.000
09/18/06 04:10,0.000
09/18/06 04:15,0.000
09/18/06 04:20,0.000
09/18/06 04:25,0.000
09/18/06 04:30,0.000
09/18/06 04:35,0.000
09/18/06 04:40,0.000
09/18/06 04:45,0.000
09/18/06 04:50,0.000
09/18/06 04:55,0.000
09/18/06 05:00,0.000
09/18/06 05:05,0.000
09/18/06 05:10,0.000
09/18/06 05:15,0.000
09/18/06 05:20,0.000
09/18/06 05:25,0.000
09/18/06 05:30,0.000
09/18/06 05:35,0.000
09/18/06 05:40,0.000
09/18/06 05:45,0.000
09/18/06 05:50,0.000
09/18/06 05:55,0.000
09/18/06 06:00,0.000
09/18/06 06:05,0.000
09/18/06 06:10,0.000
09/18/06 06:15,0.000
09/18/06 06:20,0.000
09/18/06 06:25,0.003
09/18/06 06:30,0.012
09/18/06 06:35,0.038
09/18/06 06:40,0.076
09/18/06 06:45,0.085
09/18/06 06:50,0.092
09/18/06 06:55,0.094
09/18/06 07:00,0.107
09/18/06 07:05,0.119
09/18/06 07:10,0.129
09/18/06 07:15,0.138
09/18/06 07:20,0.145
09/18/06 07:25,0.146
09/18/06 07:30,0.149
09/18/06 07:35,0.152
09/18/06 07:40,0.156
09/18/06 07:45,0.153
09/18/06 07:50,0.149
09/18/06 07:55,0.137
09/18/06 08:00,0.116
09/18/06 08:05,0.127
09/18/06 08:10,0.175
09/18/06 08:15,0.191
09/18/06 08:20,0.232
09/18/06 08:25,0.278
09/18/06 08:30,0.317
09/18/06 08:35,0.329
09/18/06 08:40,0.331
09/18/06 08:45,0.339
09/18/06 08:50,0.345
09/18/06 08:55,0.334
09/18/06 09:00,0.320
09/18/06 09:05,0.322
09/18/06 09:10,0.331
09/18/06 09:15,0.339
09/18/06 09:20,0.343
09/18/06 09:25,0.343
09/18/06 09:30,0.334
09/18/06 09:35,0.330
09/18/06 09:40,0.335
09/18/06 09:45,0.338
09/18/06 09:50,0.335
09/18/06 09:55,0.326
09/18/06 10:00,0.315
09/18/06 10:05,0.303
09/18/06 10:10,0.280
09/18/06 10:15,0.265
09/18/06 10:20,0.252
09/18/06 10:25,0.241
09/18/06 10:30,0.232
09/18/06 10:35,0.226
09/18/06 10:40,0.220
09/18/06 10:45,0.212
09/18/06 10:50,0.203
09/18/06 10:55,0.194
09/18/06 11:00,0.204
09/18/06 11:05,0.209
09/18/06 11:10,0.212
09/18/06 11:15,0.215
09/18/06 11:20,0.211
09/18/06 11:25,0.202
09/18/06 11:30,0.198
09/18/06 11:35,0.200
09/18/06 11:40,0.198
09/18/06 11:45,0.187
09/18/06 11:50,0.185
09/18/06 11:55,0.178
09/18/06 12:00,0.164
09/18/06 12:05,0.146
09/18/06 12:10,0.137
09/18/06 12:15,0.135
09/18/06 12:20,0.134
09/18/06 12:25,0.130
09/18/06 12:30,0.121
09/18/06 12:35,0.114
09/18/06 12:40,0.113
09/18/06 12:45,0.111
09/18/06 12:50,0.108
09/18/06 12:55,0.104
09/18/06 13:00,0.112
09/18/06 13:05,0.119
09/18/06 13:10,0.119
09/18/06 13:15,0.122
09/18/06 13:20,0.128
09/18/06 13:25,0.128
09/18/06 13:30,0.126
09/18/06 13:35,0.117
09/18/06 13:40,0.110
09/18/06 13:45,0.101
09/18/06 13:50,0.093
09/18/06 13:55,0.089
09/18/06 14:00,0.088
09/18/06 14:05,0.089
09/18/06 14:10,0.096
09/18/06 14:15,0.101
09/18/06 14:20,0.105
09/18/06 14:25,0.114
09/18/06 14:30,0.121
09/18/06 14:35,0.136
09/18/06 14:40,0.148
09/18/06 14:45,0.155
09/18/06 14:50,0.160
09/18/06 14:55,0.165
09/18/06 15:00,0.146
09/18/06 15:05,0.116
09/18/06 15:10,0.087
09/18/06 15:15,0.066
09/18/06 15:20,0.041
09/18/06 15:25,0.031
09/18/06 15:30,0.028
09/18/06 15:35,0.029
09/18/06 15:40,0.030
09/18/06 15:45,0.027
09/18/06 15:50,0.028
09/18/06 15:55,0.021
09/18/06 16:00,0.008
09/18/06 16:05,0.003
09/18/06 16:10,0.001
09/18/06 16:15,0.000
09/18/06 16:20,0.000
09/18/06 16:25,0.000
09/18/06 16:30,0.000
09/18/06 16:35,0.000
09/18/06 16:40,0.000
09/18/06 16:45,0.000
09/18/06 16:50,0.000
09/18/06 16:55,0.000
09/18/06 17:00,0.000
09/18/06 17:05,0.000
09/18/06 17:10,0.000
09/18/06 17:15,0.000
09/18/06 17:20,0.000
09/18/06 17:25,0.000
09/18/06 17:30,0.000
09/18/06 17:35,0.000
09/18/06 17:40,0.000
09/18/06 17:45,0.000
09/18/06 17:50,0.000
09/18/06 17:55,0.000
09/18/06 18:00,0.000
09/18/06 18:05,0.000
09/18/06 18:10,0.000
09/18/06 18:15,0.000
09/18/06 18:20,0.000
09/18/06 18:25,0.000
09/18/06 18:30,0.000
09/18/06 18:35,0.000
09/18/06 18:40,0.000
09/18/06 18:45,0.000
09/18/06 18:50,0.000
09/18/06 18:55,0.000
09/18/06 19:00,0.000
09/18/06 19:05,0.000
09/18/06 19:10,0.000
09/18/06 19:15,0.000
09/18/06 19:20,0.000
09/18/06 19:25,0.000
09/18/06 19:30,0.000
09/18/06 19:35,0.000
09/18/06 19:40,0.000
09/18/06 19:45,0.000
09/18/06 19:50,0.000
09/18/06 19:55,0.000
09/18/06 20:00,0.000
09/18/06 20:05,0.000
09/18/06 20:10,0.000
09/18/06 20:15,0.000
09/18/06 20:20,0.000
09/18/06 20:25,0.000
09/18/06 20:30,0.000
09/18/06 20:35,0.000
09/18/06 20:40,0.000
09/18/06 20:45,0.000
09/18/06 20:50,0.000
09/18/06 20:55,0.000
09/18/06 21:00,0.000
09/18/06 21:05,0.000
09/18/06 21:10,0.000
09/18/06 21:15,0.000
09/18/06 21:20,0.000
09/18/06 21:25,0.000
09/18/06 21:30,0.000
09/18/06 21:35,0.000
09/18/06 21:40,0.000
09/18/06 21:45,0.000
09/18/06 21:50,0.000
09/18/06 21:55,0.000
09/18/06 22:00,0.000
09/18/06 22:05,0.000
09/18/06 22:10,0.000
09/18/06 22:15,0.000
09/18/06 22:20,0.000
09/18/06 22:25,0.000
09/18/06 22:30,0.000
09/18/06 22:35,0.000
09/18/06 22:40,0.000
09/18/06 22:45,0.000
09/18/06 22:50,0.000
09/18/06 22:55,0.000
09/18/06 23:00,0.000
09/18/06 23:05,0.000
09/18/06 23:10,0.000
09/18/06 23:15,0.000
09/18/06 23:20,0.000
09/18/06 23:25,0.000
09/18/06 23:30,0.000
09/18/06 23:35,0.000
09/18/06 23:40,0.000
09/18/06 23:45,0.000
09/18/06 23:50,0.000
09/18/06 23:55,0.000
09/19/06 00:00,0.000
09/19/06 00:05,0.000
09/19/06 00:10,0.000
09/19/06 00:15,0.000
09/19/06 00:20,0.000
09/19/06 00:25,0.000
09/19/06 00:30,0.000
09/19/06 00:35,0.000
09/19/06 00:40,0.000
09/19/06 00:45,0.000
09/19/06 00:50,0.000
09/19/06 00:55,0.000
09/19/06 01:00,0.000
09/19/06 01:05,0.000
09/19/06 01:10,0.000
09/19/06 01:15,0.000
09/19/06 01:20,0.000
09/19/06 01:25,0.000
09/19/06 01:30,0.000
09/19/06 01:35,0.000
09/19/06 01:40,0.000
09/19/06 01:45,0.000
09/19/06 01:50,0.000
09/19/06 01:55,0.000
09/19/06 02:00,0.000
09/19/06 02:05,0.000
09/19/06 02:10,0.000
09/19/06 02:15,0.000
09/19/06 02:20,0.000
09/19/06 02:25,0.000
09/19/06 02:30,0.000
09/19/06 02:35,0.000
09/19/06 02:40,0.000
09/19/06 02:45,0.000
09/19/06 02:50,0.000
09/19/06 02:55,0.000
09/19/06 03:00,0.000
09/19/06 03:05,0.000
09/19/06 03:10,0.000
09/19/06 03:15,0.000
09/19/06 03:20,0.000
09/19/06 03:25,0.000
09/19/06 03:30,0.000
09/19/06 03:35,0.000
09/19/06 03:40,0.000
09/19/06 03:45,0.000
09/19/06 03:50,0.000
09/19/06 03:55,0.000
09/19/06 04:00,0.000
09/19/06 04:05,0.000
09/19/06 04:10,0.000
09/19/06 04:15,0.000
09/19/06 04:20,0.000
09/19/06 04:25,0.000
09/19/06 04:30,0.000
09/19/06 04:35,0.000
09/19/06 04:40,0.000
09/19/06 04:45,0.000
09/19/06 04:50,0.000
09/19/06 04:55,0.000
09/19/06 05:00,0.000
09/19/06 05:05,0.000
09/19/06 05:10,0.000
09/19/06 05:15,0.000
09/19/06 05:20,0.000
09/19/06 05:25,0.000
09/19/06 05:30,0.000
09/19/06 05:35,0.000
09/19/06 05:40,0.000
09/19/06 05:45,0.000
09/19/06 05:50,0.000
09/19/06 05:55,0.000
09/19/06 06:00,0.000
09/19/06 06:05,0.000
09/19/06 06:10,0.000
09/19/06 06:15,0.000
09/19/06 06:20,0.001
09/19/06 06:25,0.002
09/19/06 06:30,0.003
09/19/06 06:35,0.006
09/19/06 06:40,0.010
09/19/06 06:45,0.017
09/19/06 06:50,0.026
09/19/06 06:55,0.041
09/19/06 07:00,0.059
09/19/06 07:05,0.077
09/19/06 07:10,0.081
09/19/06 07:15,0.084
09/19/06 07:20,0.083
09/19/06 07:25,0.084
09/19/06 07:30,0.082
09/19/06 07:35,0.081
09/19/06 07:40,0.079
09/19/06 07:45,0.063
09/19/06 07:50,0.044
09/19/06 07:55,0.035
09/19/06 08:00,0.027
09/19/06 08:05,0.022
09/19/06 08:10,0.020
09/19/06 08:15,0.020
09/19/06 08:20,0.022
09/19/06 08:25,0.026
09/19/06 08:30,0.036
09/19/06 08:35,0.056
09/19/06 08:40,0.078
09/19/06 08:45,0.084
09/19/06 08:50,0.093
09/19/06 08:55,0.099
09/19/06 09:00,0.107
09/19/06 09:05,0.113
09/19/06 09:10,0.116
09/19/06 09:15,0.117
09/19/06 09:20,0.115
09/19/06 09:25,0.114
09/19/06 09:30,0.114
09/19/06 09:35,0.116
09/19/06 09:40,0.117
09/19/06 09:45,0.119
09/19/06 09:50,0.123
09/19/06 09:55,0.124
09/19/06 10:00,0.117
09/19/06 10:05,0.116
09/19/06 10:10,0.117
09/19/06 10:15,0.119
09/19/06 10:20,0.118
09/19/06 10:25,0.117
09/19/06 10:30,0.115
09/19/06 10:35,0.114
09/19/06 10:40,0.116
09/19/06 10:45,0.117
09/19/06 10:50,0.115
09/19/06 10:55,0.113
09/19/06 11:00,0.100
09/19/06 11:05,0.089
09/19/06 11:10,0.075
09/19/06 11:15,0.053
09/19/06 11:20,0.043
09/19/06 11:25,0.043
09/19/06 11:30,0.045
09/19/06 11:35,0.041
09/19/06 11:40,0.033
09/19/06 11:45,0.031
09/19/06 11:50,0.030
09/19/06 11:55,0.031
09/19/06 12:00,0.037
09/19/06 12:05,0.038
09/19/06 12:10,0.054
09/19/06 12:15,0.079
09/19/06 12:20,0.089
09/19/06 12:25,0.098
09/19/06 12:30,0.103
09/19/06 12:35,0.111
09/19/06 12:40,0.119
09/19/06 12:45,0.129
09/19/06 12:50,0.132
09/19/06 12:55,0.132
09/19/06 13:00,0.113
09/19/06 13:05,0.103
09/19/06 13:10,0.091
09/19/06 13:15,0.087
09/19/06 13:20,0.083
09/19/06 13:25,0.080
09/19/06 13:30,0.075
09/19/06 13:35,0.066
09/19/06 13:40,0.057
09/19/06 13:45,0.056
09/19/06 13:50,0.056
09/19/06 13:55,0.068
09/19/06 14:00,0.075
09/19/06 14:05,0.073
09/19/06 14:10,0.066
09/19/06 14:15,0.057
09/19/06 14:20,0.049
09/19/06 14:25,0.043
09/19/06 14:30,0.030
09/19/06 14:35,0.026
09/19/06 14:40,0.024
09/19/06 14:45,0.022
09/19/06 14:50,0.020
09/19/06 14:55,0.018
09/19/06 15:00,0.013
09/19/06 15:05,0.011
09/19/06 15:10,0.008
09/19/06 15:15,0.006
09/19/06 15:20,0.004
09/19/06 15:25,0.003
09/19/06 15:30,0.003
09/19/06 15:35,0.002
09/19/06 15:40,0.001
09/19/06 15:45,0.001
09/19/06 15:50,0.001
09/19/06 15:55,0.000
09/19/06 16:00,0.001
09/19/06 16:05,0.001
09/19/06 16:10,0.001
09/19/06 16:15,0.001
09/19/06 16:20,0.000
09/19/06 16:25,0.000
09/19/06 16:30,0.000
09/19/06 16:35,0.000
09/19/06 16:40,0.000
09/19/06 16:45,0.000
09/19/06 16:50,0.000
09/19/06 16:55,0.000
09/19/06 17:00,0.000
09/19/06 17:05,0.000
09/19/06 17:10,0.000
09/19/06 17:15,0.000
09/19/06 17:20,0.000
09/19/06 17:25,0.000
09/19/06 17:30,0.000
09/19/06 17:35,0.000
09/19/06 17:40,0.000
09/19/06 17:45,0.000
09/19/06 17:50,0.000
09/19/06 17:55,0.000
09/19/06 18:00,0.000
09/19/06 18:05,0.000
09/19/06 18:10,0.000
09/19/06 18:15,0.000
09/19/06 18:20,0.000
09/19/06 18:25,0.000
09/19/06 18:30,0.000
09/19/06 18:35,0.000
09/19/06 18:40,0.000
09/19/06 18:45,0.000
09/19/06 18:50,0.000
09/19/06 18:55,0.000
09/19/06 19:00,0.000
09/19/06 19:05,0.000
09/19/06 19:10,0.000
09/19/06 19:15,0.000
09/19/06 19:20,0.000
09/19/06 19:25,0.000
09/19/06 19:30,0.000
09/19/06 19:35,0.000
09/19/06 19:40,0.000
09/19/06 19:45,0.000
09/19/06 19:50,0.000
09/19/06 19:55,0.000
09/19/06 20:00,0.000
09/19/06 20:05,0.000
09/19/06 20:10,0.000
09/19/06 20:15,0.000
09/19/06 20:20,0.000
09/19/06 20:25,0.000
09/19/06 20:30,0.000
09/19/06 20:35,0.000
09/19/06 20:40,0.000
09/19/06 20:45,0.000
09/19/06 20:50,0.000
09/19/06 20:55,0.000
09/19/06 21:00,0.000
09/19/06 21:05,0.000
09/19/06 21:10,0.000
09/19/06 21:15,0.000
09/19/06 21:20,0.000
09/19/06 21:25,0.000
09/19/06 21:30,0.000
09/19/06 21:35,0.000
09/19/06 21:40,0.000
09/19/06 21:45,0.000
09/19/06 21:50,0.000
09/19/06 21:55,0.000
09/19/06 22:00,0.000
09/19/06 22:05,0.000
09/19/06 22:10,0.000
09/19/06 22:15,0.000
09/19/06 22:20,0.000
09/19/06 22:25,0.000
09/19/06 22:30,0.000
09/19/06 22:35,0.000
09/19/06 22:40,0.000
09/19/06 22:45,0.000
09/19/06 22:50,0.000
09/19/06 22:55,0.000
09/19/06 23:00,0.000
09/19/06 23:05,0.000
09/19/06 23:10,0.000
09/19/06 23:15,0.000
09/19/06 23:20,0.000
09/19/06 23:25,0.000
09/19/06 23:30,0.000
09/19/06 23:35,0.000
09/19/06 23:40,0.000
09/19/06 23:45,0.000
09/19/06 23:50,0.000
09/19/06 23:55,0.000
09/20/06 00:00,0.000
09/20/06 00:05,0.000
09/20/06 00:10,0.000
09/20/06 00:15,0.000
09/20/06 00:20,0.000
09/20/06 00:25,0.000
09/20/06 00:30,0.000
09/20/06 00:35,0.000
09/20/06 00:40,0.000
09/20/06 00:45,0.000
09/20/06 00:50,0.000
09/20/06 00:55,0.000
09/20/06 01:00,0.000
09/20/06 01:05,0.000
09/20/06 01:10,0.000
09/20/06 01:15,0.000
09/20/06 01:20,0.000
09/20/06 01:25,0.000
09/20/06 01:30,0.000
09/20/06 01:35,0.000
09/20/06 01:40,0.000
09/20/06 01:45,0.000
09/20/06 01:50,0.000
09/20/06 01:55,0.000
09/20/06 02:00,0.000
09/20/06 02:05,0.000
09/20/06 02:10,0.000
09/20/06 02:15,0.000
09/20/06 02:20,0.000
09/20/06 02:25,0.000
09/20/06 02:30,0.000
09/20/06 02:35,0.000
09/20/06 02:40,0.000
09/20/06 02:45,0.000
09/20/06 02:50,0.000
09/20/06 02:55,0.000
09/20/06 03:00,0.000
09/20/06 03:05,0.000
09/20/06 03:10,0.000
09/20/06 03:15,0.000
09/20/06 03:20,0.000
09/20/06 03:25,0.000
09/20/06 03:30,0.000
09/20/06 03:35,0.000
09/20/06 03:40,0.000
09/20/06 03:45,0.000
09/20/06 03:50,0.000
09/20/06 03:55,0.000
09/20/06 04:00,0.000
09/20/06 04:05,0.000
09/20/06 04:10,0.000
09/20/06 04:15,0.000
09/20/06 04:20,0.000
09/20/06 04:25,0.000
09/20/06 04:30,0.000
09/20/06 04:35,0.000
09/20/06 04:40,0.000
09/20/06 04:45,0.000
09/20/06 04:50,0.000
09/20/06 04:55,0.000
09/20/06 05:00,0.000
09/20/06 05:05,0.000
09/20/06 05:10,0.000
09/20/06 05:15,0.000
09/20/06 05:20,0.000
09/20/06 05:25,0.000
09/20/06 05:30,0.000
09/20/06 05:35,0.000
09/20/06 05:40,0.000
09/20/06 05:45,0.000
09/20/06 05:50,0.000
09/20/06 05:55,0.000
09/20/06 06:00,0.000
09/20/06 06:05,0.000
09/20/06 06:10,0.000
09/20/06 06:15,0.001
09/20/06 06:20,0.001
09/20/06 06:25,0.002
09/20/06 06:30,0.005
09/20/06 06:35,0.010
09/20/06 06:40,0.016
09/20/06 06:45,0.026
09/20/06 06:50,0.049
09/20/06 06:55,0.046
09/20/06 07:00,0.078
09/20/06 07:05,0.089
09/20/06 07:10,0.097
09/20/06 07:15,0.102
09/20/06 07:20,0.105
09/20/06 07:25,0.107
09/20/06 07:30,0.109
09/20/06 07:35,0.109
09/20/06 07:40,0.105
09/20/06 07:45,0.103
09/20/06 07:50,0.099
09/20/06 07:55,0.094
09/20/06 08:00,0.086
09/20/06 08:05,0.083
09/20/06 08:10,0.081
09/20/06 08:15,0.082
09/20/06 08:20,0.082
09/20/06 08:25,0.084
09/20/06 08:30,0.086
09/20/06 08:35,0.084
09/20/06 08:40,0.089
09/20/06 08:45,0.091
09/20/06 08:50,0.092
09/20/06 08:55,0.091
09/20/06 09:00,0.089
09/20/06 09:05,0.093
09/20/06 09:10,0.098
09/20/06 09:15,0.103
09/20/06 09:20,0.104
09/20/06 09:25,0.109
09/20/06 09:30,0.121
09/20/06 09:35,0.138
09/20/06 09:40,0.165
09/20/06 09:45,0.180
09/20/06 09:50,0.196
09/20/06 09:55,0.215
09/20/06 10:00,0.190
09/20/06 10:05,0.172
09/20/06 10:10,0.156
09/20/06 10:15,0.148
09/20/06 10:20,0.145
09/20/06 10:25,0.137
09/20/06 10:30,0.134
09/20/06 10:35,0.129
09/20/06 10:40,0.124
09/20/06 10:45,0.120
09/20/06 10:50,0.118
09/20/06 10:55,0.118
09/20/06 11:00,0.120
09/20/06 11:05,0.125
09/20/06 11:10,0.130
09/20/06 11:15,0.133
09/20/06 11:20,0.137
09/20/06 11:25,0.141
09/20/06 11:30,0.142
09/20/06 11:35,0.137
09/20/06 11:40,0.130
09/20/06 11:45,0.127
09/20/06 11:50,0.134
09/20/06 11:55,0.151
09/20/06 12:00,0.158
09/20/06 12:05,0.162
09/20/06 12:10,0.165
09/20/06 12:15,0.169
09/20/06 12:20,0.161
09/20/06 12:25,0.155
09/20/06 12:30,0.142
09/20/06 12:35,0.132
09/20/06 12:40,0.122
09/20/06 12:45,0.112
09/20/06 12:50,0.102
09/20/06 12:55,0.095
09/20/06 13:00,0.100
09/20/06 13:05,0.112
09/20/06 13:10,0.131
09/20/06 13:15,0.158
09/20/06 13:20,0.184
09/20/06 13:25,0.190
09/20/06 13:30,0.195
09/20/06 13:35,0.193
09/20/06 13:40,0.197
09/20/06 13:45,0.203
09/20/06 13:50,0.217
09/20/06 13:55,0.220
09/20/06 14:00,0.200
09/20/06 14:05,0.172
09/20/06 14:10,0.152
09/20/06 14:15,0.132
09/20/06 14:20,0.111
09/20/06 14:25,0.097
09/20/06 14:30,0.089
09/20/06 14:35,0.078
09/20/06 14:40,0.053
09/20/06 14:45,0.040
09/20/06 14:50,0.031
09/20/06 14:55,0.016
09/20/06 15:00,0.012
09/20/06 15:05,0.009
09/20/06 15:10,0.008
09/20/06 15:15,0.006
09/20/06 15:20,0.005
09/20/06 15:25,0.003
09/20/06 15:30,0.002
09/20/06 15:35,0.001
09/20/06 15:40,0.001
09/20/06 15:45,0.001
09/20/06 15:50,0.001
09/20/06 15:55,0.001
09/20/06 16:00,0.001
09/20/06 16:05,0.001
09/20/06 16:10,0.001
09/20/06 16:15,0.001
09/20/06 16:20,0.000
09/20/06 16:25,0.000
09/20/06 16:30,0.000
09/20/06 16:35,0.000
09/20/06 16:40,0.000
09/20/06 16:45,0.000
09/20/06 16:50,0.000
09/20/06 16:55,0.000
09/20/06 17:00,0.000
09/20/06 17:05,0.000
09/20/06 17:10,0.000
09/20/06 17:15,0.000
09/20/06 17:20,0.000
09/20/06 17:25,0.000
09/20/06 17:30,0.000
09/20/06 17:35,0.000
09/20/06 17:40,0.000
09/20/06 17:45,0.000
09/20/06 17:50,0.000
09/20/06 17:55,0.000
09/20/06 18:00,0.000
09/20/06 18:05,0.000
09/20/06 18:10,0.000
09/20/06 18:15,0.000
09/20/06 18:20,0.000
09/20/06 18:25,0.000
09/20/06 18:30,0.000
09/20/06 18:35,0.000
09/20/06 18:40,0.000
09/20/06 18:45,0.000
09/20/06 18:50,0.000
09/20/06 18:55,0.000
09/20/06 19:00,0.000
09/20/06 19:05,0.000
09/20/06 19:10,0.000
09/20/06 19:15,0.000
09/20/06 19:20,0.000
09/20/06 19:25,0.000
09/20/06 19:30,0.000
09/20/06 19:35,0.000
09/20/06 19:40,0.000
09/20/06 19:45,0.000
09/20/06 19:50,0.000
09/20/06 19:55,0.000
09/20/06 20:00,0.000
09/20/06 20:05,0.000
09/20/06 20:10,0.000
09/20/06 20:15,0.000
09/20/06 20:20,0.000
09/20/06 20:25,0.000
09/20/06 20:30,0.000
09/20/06 20:35,0.000
09/20/06 20:40,0.000
09/20/06 20:45,0.000
09/20/06 20:50,0.000
09/20/06 20:55,0.000
09/20/06 21:00,0.000
09/20/06 21:05,0.000
09/20/06 21:10,0.000
09/20/06 21:15,0.000
09/20/06 21:20,0.000
09/20/06 21:25,0.000
09/20/06 21:30,0.000
09/20/06 21:35,0.000
09/20/06 21:40,0.000
09/20/06 21:45,0.000
09/20/06 21:50,0.000
09/20/06 21:55,0.000
09/20/06 22:00,0.000
09/20/06 22:05,0.000
09/20/06 22:10,0.000
09/20/06 22:15,0.000
09/20/06 22:20,0.000
09/20/06 22:25,0.000
09/20/06 22:30,0.000
09/20/06 22:35,0.000
09/20/06 22:40,0.000
09/20/06 22:45,0.000
09/20/06 22:50,0.000
09/20/06 22:55,0.000
09/20/06 23:00,0.000
09/20/06 23:05,0.000
09/20/06 23:10,0.000
09/20/06 23:15,0.000
09/20/06 23:20,0.000
09/20/06 23:25,0.000
09/20/06 23:30,0.000
09/20/06 23:35,0.000
09/20/06 23:40,0.000
09/20/06 23:45,0.000
09/20/06 23:50,0.000
09/20/06 23:55,0.000
09/21/06 00:00,0.000
09/21/06 00:05,0.000
09/21/06 00:10,0.000
09/21/06 00:15,0.000
09/21/06 00:20,0.000
09/21/06 00:25,0.000
09/21/06 00:30,0.000
09/21/06 00:35,0.000
09/21/06 00:40,0.000
09/21/06 00:45,0.000
09/21/06 00:50,0.000
09/21/06 00:55,0.000
09/21/06 01:00,0.000
09/21/06 01:05,0.000
09/21/06 01:10,0.000
09/21/06 01:15,0.000
09/21/06 01:20,0.000
09/21/06 01:25,0.000
09/21/06 01:30,0.000
09/21/06 01:35,0.000
09/21/06 01:40,0.000
09/21/06 01:45,0.000
09/21/06 01:50,0.000
09/21/06 01:55,0.000
09/21/06 02:00,0.000
09/21/06 02:05,0.000
09/21/06 02:10,0.000
09/21/06 02:15,0.000
09/21/06 02:20,0.000
09/21/06 02:25,0.000
09/21/06 02:30,0.000
09/21/06 02:35,0.000
09/21/06 02:40,0.000
09/21/06 02:45,0.000
09/21/06 02:50,0.000
09/21/06 02:55,0.000
09/21/06 03:00,0.000
09/21/06 03:05,0.000
09/21/06 03:10,0.000
09/21/06 03:15,0.000
09/21/06 03:20,0.000
09/21/06 03:25,0.000
09/21/06 03:30,0.000
09/21/06 03:35,0.000
09/21/06 03:40,0.000
09/21/06 03:45,0.000
09/21/06 03:50,0.000
09/21/06 03:55,0.000
09/21/06 04:00,0.000
09/21/06 04:05,0.000
09/21/06 04:10,0.000
09/21/06 04:15,0.000
09/21/06 04:20,0.000
09/21/06 04:25,0.000
09/21/06 04:30,0.000
09/21/06 04:35,0.000
09/21/06 04:40,0.000
09/21/06 04:45,0.000
09/21/06 04:50,0.000
09/21/06 04:55,0.000
09/21/06 05:00,0.000
09/21/06 05:05,0.000
09/21/06 05:10,0.000
09/21/06 05:15,0.000
09/21/06 05:20,0.000
09/21/06 05:25,0.000
09/21/06 05:30,0.000
09/21/06 05:35,0.000
09/21/06 05:40,0.000
09/21/06 05:45,0.000
09/21/06 05:50,0.000
09/21/06 05:55,0.000
09/21/06 06:00,0.000
09/21/06 06:05,0.000
09/21/06 06:10,0.000
09/21/06 06:15,0.000
09/21/06 06:20,0.000
09/21/06 06:25,0.001
09/21/06 06:30,0.001
09/21/06 06:35,0.003
09/21/06 06:40,0.004
09/21/06 06:45,0.013
09/21/06 06:50,0.046
09/21/06 06:55,0.043
09/21/06 07:00,0.042
09/21/06 07:05,0.034
09/21/06 07:10,0.062
09/21/06 07:15,0.065
09/21/06 07:20,0.030
09/21/06 07:25,0.018
09/21/06 07:30,0.011
09/21/06 07:35,0.004
09/21/06 07:40,0.027
09/21/06 07:45,0.085
09/21/06 07:50,0.068
09/21/06 07:55,0.042
09/21/06 08:00,0.037
09/21/06 08:05,0.081
09/21/06 08:10,0.121
09/21/06 08:15,0.135
09/21/06 08:20,0.154
09/21/06 08:25,0.198
09/21/06 08:30,0.213
09/21/06 08:35,0.220
09/21/06 08:40,0.270
09/21/06 08:45,0.317
09/21/06 08:50,0.337
09/21/06 08:55,0.341
09/21/06 09:00,0.339
09/21/06 09:05,0.301
09/21/06 09:10,0.289
09/21/06 09:15,0.312
09/21/06 09:20,0.297
09/21/06 09:25,0.325
09/21/06 09:30,0.360
09/21/06 09:35,0.369
09/21/06 09:40,0.338
09/21/06 09:45,0.322
09/21/06 09:50,0.315
09/21/06 09:55,0.366
09/21/06 10:00,0.354
09/21/06 10:05,0.337
09/21/06 10:10,0.385
09/21/06 10:15,0.395
09/21/06 10:20,0.405
09/21/06 10:25,0.390
09/21/06 10:30,0.392
09/21/06 10:35,0.396
09/21/06 10:40,0.411
09/21/06 10:45,0.430
09/21/06 10:50,0.427
09/21/06 10:55,0.426
09/21/06 11:00,0.409
09/21/06 11:05,0.393
09/21/06 11:10,0.360
09/21/06 11:15,0.338
09/21/06 11:20,0.424
09/21/06 11:25,0.471
09/21/06 11:30,0.514
09/21/06 11:35,0.553
09/21/06 11:40,0.518
09/21/06 11:45,0.456
09/21/06 11:50,0.418
09/21/06 11:55,0.380
09/21/06 12:00,0.359
09/21/06 12:05,0.276
09/21/06 12:10,0.328
09/21/06 12:15,0.416
09/21/06 12:20,0.462
09/21/06 12:25,0.491
09/21/06 12:30,0.515
09/21/06 12:35,0.534
09/21/06 12:40,0.540
09/21/06 12:45,0.536
09/21/06 12:50,0.527
09/21/06 12:55,0.508
09/21/06 13:00,0.461
09/21/06 13:05,0.432
09/21/06 13:10,0.419
09/21/06 13:15,0.395
09/21/06 13:20,0.412
09/21/06 13:25,0.461
09/21/06 13:30,0.470
09/21/06 13:35,0.458
09/21/06 13:40,0.437
09/21/06 13:45,0.426
09/21/06 13:50,0.447
09/21/06 13:55,0.439
09/21/06 14:00,0.419
09/21/06 14:05,0.357
09/21/06 14:10,0.255
09/21/06 14:15,0.190
09/21/06 14:20,0.168
09/21/06 14:25,0.127
09/21/06 14:30,0.161
09/21/06 14:35,0.152
09/21/06 14:40,0.128
09/21/06 14:45,0.098
09/21/06 14:50,0.077
09/21/06 14:55,0.074
09/21/06 15:00,0.127
09/21/06 15:05,0.144
09/21/06 15:10,0.125
09/21/06 15:15,0.147
09/21/06 15:20,0.167
09/21/06 15:25,0.177
09/21/06 15:30,0.196
09/21/06 15:35,0.181
09/21/06 15:40,0.167
09/21/06 15:45,0.164
09/21/06 15:50,0.159
09/21/06 15:55,0.155
09/21/06 16:00,0.149
09/21/06 16:05,0.114
09/21/06 16:10,0.097
09/21/06 16:15,0.074
09/21/06 16:20,0.017
09/21/06 16:25,0.007
09/21/06 16:30,0.010
09/21/06 16:35,0.016
09/21/06 16:40,0.021
09/21/06 16:45,0.014
09/21/06 16:50,0.009
09/21/06 16:55,0.005
09/21/06 17:00,0.002
09/21/06 17:05,0.001
09/21/06 17:10,0.000
09/21/06 17:15,0.000
09/21/06 17:20,0.000
09/21/06 17:25,0.000
09/21/06 17:30,0.000
09/21/06 17:35,0.000
09/21/06 17:40,0.000
09/21/06 17:45,0.000
09/21/06 17:50,0.000
09/21/06 17:55,0.000
09/21/06 18:00,0.000
09/21/06 18:05,0.000
09/21/06 18:10,0.000
09/21/06 18:15,0.000
09/21/06 18:20,0.000
09/21/06 18:25,0.000
09/21/06 18:30,0.000
09/21/06 18:35,0.000
09/21/06 18:40,0.000
09/21/06 18:45,0.000
09/21/06 18:50,0.000
09/21/06 18:55,0.000
09/21/06 19:00,0.000
09/21/06 19:05,0.000
09/21/06 19:10,0.000
09/21/06 19:15,0.000
09/21/06 19:20,0.000
09/21/06 19:25,0.000
09/21/06 19:30,0.000
09/21/06 19:35,0.000
09/21/06 19:40,0.000
09/21/06 19:45,0.000
09/21/06 19:50,0.000
09/21/06 19:55,0.000
09/21/06 20:00,0.000
09/21/06 20:05,0.000
09/21/06 20:10,0.000
09/21/06 20:15,0.000
09/21/06 20:20,0.000
09/21/06 20:25,0.000
09/21/06 20:30,0.000
09/21/06 20:35,0.000
09/21/06 20:40,0.000
09/21/06 20:45,0.000
09/21/06 20:50,0.000
09/21/06 20:55,0.000
09/21/06 21:00,0.000
09/21/06 21:05,0.000
09/21/06 21:10,0.000
09/21/06 21:15,0.000
09/21/06 21:20,0.000
09/21/06 21:25,0.000
09/21/06 21:30,0.000
09/21/06 21:35,0.000
09/21/06 21:40,0.000
09/21/06 21:45,0.000
09/21/06 21:50,0.000
09/21/06 21:55,0.000
09/21/06 22:00,0.000
09/21/06 22:05,0.000
09/21/06 22:10,0.000
09/21/06 22:15,0.000
09/21/06 22:20,0.000
09/21/06 22:25,0.000
09/21/06 22:30,0.000
09/21/06 22:35,0.000
09/21/06 22:40,0.000
09/21/06 22:45,0.000
09/21/06 22:50,0.000
09/21/06 22:55,0.000
09/21/06 23:00,0.000
09/21/06 23:05,0.000
09/21/06 23:10,0.000
09/21/06 23:15,0.000
09/21/06 23:20,0.000
09/21/06 23:25,0.000
09/21/06 23:30,0.000
09/21/06 23:35,0.000
09/21/06 23:40,0.000
09/21/06 23:45,0.000
09/21/06 23:50,0.000
09/21/06 23:55,0.000
09/22/06 00:00,0.000
09/22/06 00:05,0.000
09/22/06 00:10,0.000
09/22/06 00:15,0.000
09/22/06 00:20,0.000
09/22/06 00:25,0.000
09/22/06 00:30,0.000
09/22/06 00:35,0.000
09/22/06 00:40,0.000
09/22/06 00:45,0.000
09/22/06 00:50,0.000
09/22/06 00:55,0.000
09/22/06 01:00,0.000
09/22/06 01:05,0.000
09/22/06 01:10,0.000
09/22/06 01:15,0.000
09/22/06 01:20,0.000
09/22/06 01:25,0.000
09/22/06 01:30,0.000
09/22/06 01:35,0.000
09/22/06 01:40,0.000
09/22/06 01:45,0.000
09/22/06 01:50,0.000
09/22/06 01:55,0.000
09/22/06 02:00,0.000
09/22/06 02:05,0.000
09/22/06 02:10,0.000
09/22/06 02:15,0.000
09/22/06 02:20,0.000
09/22/06 02:25,0.000
09/22/06 02:30,0.000
09/22/06 02:35,0.000
09/22/06 02:40,0.000
09/22/06 02:45,0.000
09/22/06 02:50,0.000
09/22/06 02:55,0.000
09/22/06 03:00,0.000
09/22/06 03:05,0.000
09/22/06 03:10,0.000
09/22/06 03:15,0.000
09/22/06 03:20,0.000
09/22/06 03:25,0.000
09/22/06 03:30,0.000
09/22/06 03:35,0.000
09/22/06 03:40,0.000
09/22/06 03:45,0.000
09/22/06 03:50,0.000
09/22/06 03:55,0.000
09/22/06 04:00,0.000
09/22/06 04:05,0.000
09/22/06 04:10,0.000
09/22/06 04:15,0.000
09/22/06 04:20,0.000
09/22/06 04:25,0.000
09/22/06 04:30,0.000
09/22/06 04:35,0.000
09/22/06 04:40,0.000
09/22/06 04:45,0.000
09/22/06 04:50,0.000
09/22/06 04:55,0.000
09/22/06 05:00,0.000
09/22/06 05:05,0.000
09/22/06 05:10,0.000
09/22/06 05:15,0.000
09/22/06 05:20,0.000
09/22/06 05:25,0.000
09/22/06 05:30,0.000
09/22/06 05:35,0.000
09/22/06 05:40,0.000
09/22/06 05:45,0.000
09/22/06 05:50,0.000
09/22/06 05:55,0.000
09/22/06 06:00,0.000
09/22/06 06:05,0.000
09/22/06 06:10,0.001
09/22/06 06:15,0.003
09/22/06 06:20,0.008
09/22/06 06:25,0.017
09/22/06 06:30,0.035
09/22/06 06:35,0.067
09/22/06 06:40,0.086
09/22/06 06:45,0.098
09/22/06 06:50,0.111
09/22/06 06:55,0.124
09/22/06 07:00,0.132
09/22/06 07:05,0.133
09/22/06 07:10,0.124
09/22/06 07:15,0.102
09/22/06 07:20,0.087
09/22/06 07:25,0.080
09/22/06 07:30,0.092
09/22/06 07:35,0.141
09/22/06 07:40,0.178
09/22/06 07:45,0.207
09/22/06 07:50,0.230
09/22/06 07:55,0.244
09/22/06 08:00,0.255
09/22/06 08:05,0.265
09/22/06 08:10,0.276
09/22/06 08:15,0.286
09/22/06 08:20,0.294
09/22/06 08:25,0.301
09/22/06 08:30,0.309
09/22/06 08:35,0.316
09/22/06 08:40,0.323
09/22/06 08:45,0.328
09/22/06 08:50,0.332
09/22/06 08:55,0.335
09/22/06 09:00,0.331
09/22/06 09:05,0.351
09/22/06 09:10,0.328
09/22/06 09:15,0.305
09/22/06 09:20,0.299
09/22/06 09:25,0.269
09/22/06 09:30,0.261
09/22/06 09:35,0.297
09/22/06 09:40,0.369
09/22/06 09:45,0.431
09/22/06 09:50,0.468
09/22/06 09:55,0.442
09/22/06 10:00,0.429
09/22/06 10:05,0.427
09/22/06 10:10,0.437
09/22/06 10:15,0.485
09/22/06 10:20,0.526
09/22/06 10:25,0.537
09/22/06 10:30,0.546
09/22/06 10:35,0.548
09/22/06 10:40,0.559
09/22/06 10:45,0.570
09/22/06 10:50,0.566
09/22/06 10:55,0.579
09/22/06 11:00,0.564
09/22/06 11:05,0.555
09/22/06 11:10,0.549
09/22/06 11:15,0.547
09/22/06 11:20,0.547
09/22/06 11:25,0.548
09/22/06 11:30,0.547
09/22/06 11:35,0.550
09/22/06 11:40,0.553
09/22/06 11:45,0.553
09/22/06 11:50,0.553
09/22/06 11:55,0.554
09/22/06 12:00,0.549
09/22/06 12:05,0.542
09/22/06 12:10,0.533
09/22/06 12:15,0.534
09/22/06 12:20,0.533
09/22/06 12:25,0.528
09/22/06 12:30,0.523
09/22/06 12:35,0.522
09/22/06 12:40,0.506
09/22/06 12:45,0.495
09/22/06 12:50,0.496
09/22/06 12:55,0.498
09/22/06 13:00,0.499
09/22/06 13:05,0.429
09/22/06 13:10,0.403
09/22/06 13:15,0.419
09/22/06 13:20,0.446
09/22/06 13:25,0.413
09/22/06 13:30,0.316
09/22/06 13:35,0.225
09/22/06 13:40,0.183
09/22/06 13:45,0.194
09/22/06 13:50,0.264
09/22/06 13:55,0.329
09/22/06 14:00,0.357
09/22/06 14:05,0.361
09/22/06 14:10,0.355
09/22/06 14:15,0.338
09/22/06 14:20,0.353
09/22/06 14:25,0.387
09/22/06 14:30,0.392
09/22/06 14:35,0.347
09/22/06 14:40,0.250
09/22/06 14:45,0.191
09/22/06 14:50,0.163
09/22/06 14:55,0.186
09/22/06 15:00,0.212
09/22/06 15:05,0.227
09/22/06 15:10,0.232
09/22/06 15:15,0.235
09/22/06 15:20,0.235
09/22/06 15:25,0.232
09/22/06 15:30,0.229
09/22/06 15:35,0.221
09/22/06 15:40,0.211
09/22/06 15:45,0.201
09/22/06 15:50,0.191
09/22/06 15:55,0.182
09/22/06 16:00,0.171
09/22/06 16:05,0.158
09/22/06 16:10,0.145
09/22/06 16:15,0.131
09/22/06 16:20,0.118
09/22/06 16:25,0.106
09/22/06 16:30,0.094
09/22/06 16:35,0.083
09/22/06 16:40,0.060
09/22/06 16:45,0.033
09/22/06 16:50,0.018
09/22/06 16:55,0.008
09/22/06 17:00,0.003
09/22/06 17:05,0.001
09/22/06 17:10,0.000
09/22/06 17:15,0.000
09/22/06 17:20,0.000
09/22/06 17:25,0.000
09/22/06 17:30,0.000
09/22/06 17:35,0.000
09/22/06 17:40,0.000
09/22/06 17:45,0.000
09/22/06 17:50,0.000
09/22/06 17:55,0.000
09/22/06 18:00,0.000
09/22/06 18:05,0.000
09/22/06 18:10,0.000
09/22/06 18:15,0.000
09/22/06 18:20,0.000
09/22/06 18:25,0.000
09/22/06 18:30,0.000
09/22/06 18:35,0.000
09/22/06 18:40,0.000
09/22/06 18:45,0.000
09/22/06 18:50,0.000
09/22/06 18:55,0.000
09/22/06 19:00,0.000
09/22/06 19:05,0.000
09/22/06 19:10,0.000
09/22/06 19:15,0.000
09/22/06 19:20,0.000
09/22/06 19:25,0.000
09/22/06 19:30,0.000
09/22/06 19:35,0.000
09/22/06 19:40,0.000
09/22/06 19:45,0.000
09/22/06 19:50,0.000
09/22/06 19:55,0.000
09/22/06 20:00,0.000
09/22/06 20:05,0.000
09/22/06 20:10,0.000
09/22/06 20:15,0.000
09/22/06 20:20,0.000
09/22/06 20:25,0.000
09/22/06 20:30,0.000
09/22/06 20:35,0.000
09/22/06 20:40,0.000
09/22/06 20:45,0.000
09/22/06 20:50,0.000
09/22/06 20:55,0.000
09/22/06 21:00,0.000
09/22/06 21:05,0.000
09/22/06 21:10,0.000
09/22/06 21:15,0.000
09/22/06 21:20,0.000
09/22/06 21:25,0.000
09/22/06 21:30,0.000
09/22/06 21:35,0.000
09/22/06 21:40,0.000
09/22/06 21:45,0.000
09/22/06 21:50,0.000
09/22/06 21:55,0.000
09/22/06 22:00,0.000
09/22/06 22:05,0.000
09/22/06 22:10,0.000
09/22/06 22:15,0.000
09/22/06 22:20,0.000
09/22/06 22:25,0.000
09/22/06 22:30,0.000
09/22/06 22:35,0.000
09/22/06 22:40,0.000
09/22/06 22:45,0.000
09/22/06 22:50,0.000
09/22/06 22:55,0.000
09/22/06 23:00,0.000
09/22/06 23:05,0.000
09/22/06 23:10,0.000
09/22/06 23:15,0.000
09/22/06 23:20,0.000
09/22/06 23:25,0.000
09/22/06 23:30,0.000
09/22/06 23:35,0.000
09/22/06 23:40,0.000
09/22/06 23:45,0.000
09/22/06 23:50,0.000
09/22/06 23:55,0.000
09/23/06 00:00,0.000
09/23/06 00:05,0.000
09/23/06 00:10,0.000
09/23/06 00:15,0.000
09/23/06 00:20,0.000
09/23/06 00:25,0.000
09/23/06 00:30,0.000
09/23/06 00:35,0.000
09/23/06 00:40,0.000
09/23/06 00:45,0.000
09/23/06 00:50,0.000
09/23/06 00:55,0.000
09/23/06 01:00,0.000
09/23/06 01:05,0.000
09/23/06 01:10,0.000
09/23/06 01:15,0.000
09/23/06 01:20,0.000
09/23/06 01:25,0.000
09/23/06 01:30,0.000
09/23/06 01:35,0.000
09/23/06 01:40,0.000
09/23/06 01:45,0.000
09/23/06 01:50,0.000
09/23/06 01:55,0.000
09/23/06 02:00,0.000
09/23/06 02:05,0.000
09/23/06 02:10,0.000
09/23/06 02:15,0.000
09/23/06 02:20,0.000
09/23/06 02:25,0.000
09/23/06 02:30,0.000
09/23/06 02:35,0.000
09/23/06 02:40,0.000
09/23/06 02:45,0.000
09/23/06 02:50,0.000
09/23/06 02:55,0.000
09/23/06 03:00,0.000
09/23/06 03:05,0.000
09/23/06 03:10,0.000
09/23/06 03:15,0.000
09/23/06 03:20,0.000
09/23/06 03:25,0.000
09/23/06 03:30,0.000
09/23/06 03:35,0.000
09/23/06 03:40,0.000
09/23/06 03:45,0.000
09/23/06 03:50,0.000
09/23/06 03:55,0.000
09/23/06 04:00,0.000
09/23/06 04:05,0.000
09/23/06 04:10,0.000
09/23/06 04:15,0.000
09/23/06 04:20,0.000
09/23/06 04:25,0.000
09/23/06 04:30,0.000
09/23/06 04:35,0.000
09/23/06 04:40,0.000
09/23/06 04:45,0.000
09/23/06 04:50,0.000
09/23/06 04:55,0.000
09/23/06 05:00,0.000
09/23/06 05:05,0.000
09/23/06 05:10,0.000
09/23/06 05:15,0.000
09/23/06 05:20,0.000
09/23/06 05:25,0.000
09/23/06 05:30,0.000
09/23/06 05:35,0.000
09/23/06 05:40,0.000
09/23/06 05:45,0.000
09/23/06 05:50,0.000
09/23/06 05:55,0.000
09/23/06 06:00,0.000
09/23/06 06:05,0.000
09/23/06 06:10,0.001
09/23/06 06:15,0.002
09/23/06 06:20,0.005
09/23/06 06:25,0.013
09/23/06 06:30,0.026
09/23/06 06:35,0.048
09/23/06 06:40,0.078
09/23/06 06:45,0.089
09/23/06 06:50,0.100
09/23/06 06:55,0.112
09/23/06 07:00,0.125
09/23/06 07:05,0.137
09/23/06 07:10,0.149
09/23/06 07:15,0.162
09/23/06 07:20,0.174
09/23/06 07:25,0.190
09/23/06 07:30,0.204
09/23/06 07:35,0.219
09/23/06 07:40,0.233
09/23/06 07:45,0.248
09/23/06 07:50,0.262
09/23/06 07:55,0.275
09/23/06 08:00,0.288
09/23/06 08:05,0.300
09/23/06 08:10,0.312
09/23/06 08:15,0.323
09/23/06 08:20,0.335
09/23/06 08:25,0.347
09/23/06 08:30,0.359
09/23/06 08:35,0.371
09/23/06 08:40,0.382
09/23/06 08:45,0.394
09/23/06 08:50,0.403
09/23/06 08:55,0.410
09/23/06 09:00,0.416
09/23/06 09:05,0.424
09/23/06 09:10,0.431
09/23/06 09:15,0.439
09/23/06 09:20,0.448
09/23/06 09:25,0.454
09/23/06 09:30,0.457
09/23/06 09:35,0.461
09/23/06 09:40,0.468
09/23/06 09:45,0.474
09/23/06 09:50,0.481
09/23/06 09:55,0.488
09/23/06 10:00,0.493
09/23/06 10:05,0.497
09/23/06 10:10,0.501
09/23/06 10:15,0.508
09/23/06 10:20,0.512
09/23/06 10:25,0.516
09/23/06 10:30,0.520
09/23/06 10:35,0.524
09/23/06 10:40,0.528
09/23/06 10:45,0.531
09/23/06 10:50,0.535
09/23/06 10:55,0.538
09/23/06 11:00,0.543
09/23/06 11:05,0.547
09/23/06 11:10,0.546
09/23/06 11:15,0.547
09/23/06 11:20,0.543
09/23/06 11:25,0.539
09/23/06 11:30,0.539
09/23/06 11:35,0.540
09/23/06 11:40,0.536
09/23/06 11:45,0.533
09/23/06 11:50,0.525
09/23/06 11:55,0.522
09/23/06 12:00,0.512
09/23/06 12:05,0.420
09/23/06 12:10,0.392
09/23/06 12:15,0.423
09/23/06 12:20,0.440
09/23/06 12:25,0.445
09/23/06 12:30,0.444
09/23/06 12:35,0.440
09/23/06 12:40,0.459
09/23/06 12:45,0.462
09/23/06 12:50,0.471
09/23/06 12:55,0.474
09/23/06 13:00,0.453
09/23/06 13:05,0.442
09/23/06 13:10,0.414
09/23/06 13:15,0.392
09/23/06 13:20,0.377
09/23/06 13:25,0.397
09/23/06 13:30,0.414
09/23/06 13:35,0.422
09/23/06 13:40,0.428
09/23/06 13:45,0.434
09/23/06 13:50,0.438
09/23/06 13:55,0.422
09/23/06 14:00,0.332
09/23/06 14:05,0.258
09/23/06 14:10,0.212
09/23/06 14:15,0.175
09/23/06 14:20,0.154
09/23/06 14:25,0.134
09/23/06 14:30,0.124
09/23/06 14:35,0.120
09/23/06 14:40,0.116
09/23/06 14:45,0.112
09/23/06 14:50,0.110
09/23/06 14:55,0.108
09/23/06 15:00,0.115
09/23/06 15:05,0.151
09/23/06 15:10,0.158
09/23/06 15:15,0.178
09/23/06 15:20,0.187
09/23/06 15:25,0.189
09/23/06 15:30,0.182
09/23/06 15:35,0.191
09/23/06 15:40,0.185
09/23/06 15:45,0.178
09/23/06 15:50,0.168
09/23/06 15:55,0.160
09/23/06 16:00,0.141
09/23/06 16:05,0.137
09/23/06 16:10,0.132
09/23/06 16:15,0.122
09/23/06 16:20,0.112
09/23/06 16:25,0.100
09/23/06 16:30,0.089
09/23/06 16:35,0.079
09/23/06 16:40,0.051
09/23/06 16:45,0.027
09/23/06 16:50,0.010
09/23/06 16:55,0.005
09/23/06 17:00,0.002
09/23/06 17:05,0.000
09/23/06 17:10,0.000
09/23/06 17:15,0.000
09/23/06 17:20,0.000
09/23/06 17:25,0.000
09/23/06 17:30,0.000
09/23/06 17:35,0.000
09/23/06 17:40,0.000
09/23/06 17:45,0.000
09/23/06 17:50,0.000
09/23/06 17:55,0.000
09/23/06 18:00,0.000
09/23/06 18:05,0.000
09/23/06 18:10,0.000
09/23/06 18:15,0.000
09/23/06 18:20,0.000
09/23/06 18:25,0.000
09/23/06 18:30,0.000
09/23/06 18:35,0.000
09/23/06 18:40,0.000
09/23/06 18:45,0.000
09/23/06 18:50,0.000
09/23/06 18:55,0.000
09/23/06 19:00,0.000
09/23/06 19:05,0.000
09/23/06 19:10,0.000
09/23/06 19:15,0.000
09/23/06 19:20,0.000
09/23/06 19:25,0.000
09/23/06 19:30,0.000
09/23/06 19:35,0.000
09/23/06 19:40,0.000
09/23/06 19:45,0.000
09/23/06 19:50,0.000
09/23/06 19:55,0.000
09/23/06 20:00,0.000
09/23/06 20:05,0.000
09/23/06 20:10,0.000
09/23/06 20:15,0.000
09/23/06 20:20,0.000
09/23/06 20:25,0.000
09/23/06 20:30,0.000
09/23/06 20:35,0.000
09/23/06 20:40,0.000
09/23/06 20:45,0.000
09/23/06 20:50,0.000
09/23/06 20:55,0.000
09/23/06 21:00,0.000
09/23/06 21:05,0.000
09/23/06 21:10,0.000
09/23/06 21:15,0.000
09/23/06 21:20,0.000
09/23/06 21:25,0.000
09/23/06 21:30,0.000
09/23/06 21:35,0.000
09/23/06 21:40,0.000
09/23/06 21:45,0.000
09/23/06 21:50,0.000
09/23/06 21:55,0.000
09/23/06 22:00,0.000
09/23/06 22:05,0.000
09/23/06 22:10,0.000
09/23/06 22:15,0.000
09/23/06 22:20,0.000
09/23/06 22:25,0.000
09/23/06 22:30,0.000
09/23/06 22:35,0.000
09/23/06 22:40,0.000
09/23/06 22:45,0.000
09/23/06 22:50,0.000
09/23/06 22:55,0.000
09/23/06 23:00,0.000
09/23/06 23:05,0.000
09/23/06 23:10,0.000
09/23/06 23:15,0.000
09/23/06 23:20,0.000
09/23/06 23:25,0.000
09/23/06 23:30,0.000
09/23/06 23:35,0.000
09/23/06 23:40,0.000
09/23/06 23:45,0.000
09/23/06 23:50,0.000
09/23/06 23:55,0.000
09/24/06 00:00,0.000
09/24/06 00:05,0.000
09/24/06 00:10,0.000
09/24/06 00:15,0.000
09/24/06 00:20,0.000
09/24/06 00:25,0.000
09/24/06 00:30,0.000
09/24/06 00:35,0.000
09/24/06 00:40,0.000
09/24/06 00:45,0.000
09/24/06 00:50,0.000
09/24/06 00:55,0.000
09/24/06 01:00,0.000
09/24/06 01:05,0.000
09/24/06 01:10,0.000
09/24/06 01:15,0.000
09/24/06 01:20,0.000
09/24/06 01:25,0.000
09/24/06 01:30,0.000
09/24/06 01:35,0.000
09/24/06 01:40,0.000
09/24/06 01:45,0.000
09/24/06 01:50,0.000
09/24/06 01:55,0.000
09/24/06 02:00,0.000
09/24/06 02:05,0.000
09/24/06 02:10,0.000
09/24/06 02:15,0.000
09/24/06 02:20,0.000
09/24/06 02:25,0.000
09/24/06 02:30,0.000
09/24/06 02:35,0.000
09/24/06 02:40,0.000
09/24/06 02:45,0.000
09/24/06 02:50,0.000
09/24/06 02:55,0.000
09/24/06 03:00,0.000
09/24/06 03:05,0.000
09/24/06 03:10,0.000
09/24/06 03:15,0.000
09/24/06 03:20,0.000
09/24/06 03:25,0.000
09/24/06 03:30,0.000
09/24/06 03:35,0.000
09/24/06 03:40,0.000
09/24/06 03:45,0.000
09/24/06 03:50,0.000
09/24/06 03:55,0.000
09/24/06 04:00,0.000
09/24/06 04:05,0.000
09/24/06 04:10,0.000
09/24/06 04:15,0.000
09/24/06 04:20,0.000
09/24/06 04:25,0.000
09/24/06 04:30,0.000
09/24/06 04:35,0.000
09/24/06 04:40,0.000
09/24/06 04:45,0.000
09/24/06 04:50,0.000
09/24/06 04:55,0.000
09/24/06 05:00,0.000
09/24/06 05:05,0.000
09/24/06 05:10,0.000
09/24/06 05:15,0.000
09/24/06 05:20,0.000
09/24/06 05:25,0.000
09/24/06 05:30,0.000
09/24/06 05:35,0.000
09/24/06 05:40,0.000
09/24/06 05:45,0.000
09/24/06 05:50,0.000
09/24/06 05:55,0.000
09/24/06 06:00,0.000
09/24/06 06:05,0.000
09/24/06 06:10,0.000
09/24/06 06:15,0.002
09/24/06 06:20,0.005
09/24/06 06:25,0.011
09/24/06 06:30,0.024
09/24/06 06:35,0.046
09/24/06 06:40,0.078
09/24/06 06:45,0.089
09/24/06 06:50,0.102
09/24/06 06:55,0.115
09/24/06 07:00,0.129
09/24/06 07:05,0.142
09/24/06 07:10,0.155
09/24/06 07:15,0.169
09/24/06 07:20,0.182
09/24/06 07:25,0.194
09/24/06 07:30,0.207
09/24/06 07:35,0.219
09/24/06 07:40,0.231
09/24/06 07:45,0.243
09/24/06 07:50,0.253
09/24/06 07:55,0.263
09/24/06 08:00,0.273
09/24/06 08:05,0.283
09/24/06 08:10,0.295
09/24/06 08:15,0.307
09/24/06 08:20,0.319
09/24/06 08:25,0.329
09/24/06 08:30,0.340
09/24/06 08:35,0.351
09/24/06 08:40,0.361
09/24/06 08:45,0.370
09/24/06 08:50,0.381
09/24/06 08:55,0.390
09/24/06 09:00,0.399
09/24/06 09:05,0.408
09/24/06 09:10,0.416
09/24/06 09:15,0.424
09/24/06 09:20,0.433
09/24/06 09:25,0.443
09/24/06 09:30,0.452
09/24/06 09:35,0.459
09/24/06 09:40,0.467
09/24/06 09:45,0.474
09/24/06 09:50,0.484
09/24/06 09:55,0.492
09/24/06 10:00,0.498
09/24/06 10:05,0.502
09/24/06 10:10,0.508
09/24/06 10:15,0.511
09/24/06 10:20,0.514
09/24/06 10:25,0.516
09/24/06 10:30,0.517
09/24/06 10:35,0.518
09/24/06 10:40,0.519
09/24/06 10:45,0.520
09/24/06 10:50,0.521
09/24/06 10:55,0.522
09/24/06 11:00,0.511
09/24/06 11:05,0.504
09/24/06 11:10,0.499
09/24/06 11:15,0.496
09/24/06 11:20,0.495
09/24/06 11:25,0.497
09/24/06 11:30,0.503
09/24/06 11:35,0.508
09/24/06 11:40,0.513
09/24/06 11:45,0.518
09/24/06 11:50,0.521
09/24/06 11:55,0.521
09/24/06 12:00,0.518
09/24/06 12:05,0.515
09/24/06 12:10,0.500
09/24/06 12:15,0.483
09/24/06 12:20,0.471
09/24/06 12:25,0.466
09/24/06 12:30,0.461
09/24/06 12:35,0.461
09/24/06 12:40,0.454
09/24/06 12:45,0.446
09/24/06 12:50,0.436
09/24/06 12:55,0.420
09/24/06 13:00,0.419
09/24/06 13:05,0.418
09/24/06 13:10,0.416
09/24/06 13:15,0.409
09/24/06 13:20,0.403
09/24/06 13:25,0.396
09/24/06 13:30,0.390
09/24/06 13:35,0.385
09/24/06 13:40,0.389
09/24/06 13:45,0.402
09/24/06 13:50,0.407
09/24/06 13:55,0.405
09/24/06 14:00,0.402
09/24/06 14:05,0.398
09/24/06 14:10,0.396
09/24/06 14:15,0.395
09/24/06 14:20,0.393
09/24/06 14:25,0.391
09/24/06 14:30,0.385
09/24/06 14:35,0.380
09/24/06 14:40,0.374
09/24/06 14:45,0.368
09/24/06 14:50,0.364
09/24/06 14:55,0.356
09/24/06 15:00,0.337
09/24/06 15:05,0.319
09/24/06 15:10,0.302
09/24/06 15:15,0.286
09/24/06 15:20,0.271
09/24/06 15:25,0.255
09/24/06 15:30,0.240
09/24/06 15:35,0.225
09/24/06 15:40,0.211
09/24/06 15:45,0.197
09/24/06 15:50,0.182
09/24/06 15:55,0.169
09/24/06 16:00,0.156
09/24/06 16:05,0.143
09/24/06 16:10,0.130
09/24/06 16:15,0.117
09/24/06 16:20,0.104
09/24/06 16:25,0.092
09/24/06 16:30,0.081
09/24/06 16:35,0.062
09/24/06 16:40,0.034
09/24/06 16:45,0.016
09/24/06 16:50,0.008
09/24/06 16:55,0.003
09/24/06 17:00,0.001
09/24/06 17:05,0.000
09/24/06 17:10,0.000
09/24/06 17:15,0.000
09/24/06 17:20,0.000
09/24/06 17:25,0.000
09/24/06 17:30,0.000
09/24/06 17:35,0.000
09/24/06 17:40,0.000
09/24/06 17:45,0.000
09/24/06 17:50,0.000
09/24/06 17:55,0.000
09/24/06 18:00,0.000
09/24/06 18:05,0.000
09/24/06 18:10,0.000
09/24/06 18:15,0.000
09/24/06 18:20,0.000
09/24/06 18:25,0.000
09/24/06 18:30,0.000
09/24/06 18:35,0.000
09/24/06 18:40,0.000
09/24/06 18:45,0.000
09/24/06 18:50,0.000
09/24/06 18:55,0.000
09/24/06 19:00,0.000
09/24/06 19:05,0.000
09/24/06 19:10,0.000
09/24/06 19:15,0.000
09/24/06 19:20,0.000
09/24/06 19:25,0.000
09/24/06 19:30,0.000
09/24/06 19:35,0.000
09/24/06 19:40,0.000
09/24/06 19:45,0.000
09/24/06 19:50,0.000
09/24/06 19:55,0.000
09/24/06 20:00,0.000
09/24/06 20:05,0.000
09/24/06 20:10,0.000
09/24/06 20:15,0.000
09/24/06 20:20,0.000
09/24/06 20:25,0.000
09/24/06 20:30,0.000
09/24/06 20:35,0.000
09/24/06 20:40,0.000
09/24/06 20:45,0.000
09/24/06 20:50,0.000
09/24/06 20:55,0.000
09/24/06 21:00,0.000
09/24/06 21:05,0.000
09/24/06 21:10,0.000
09/24/06 21:15,0.000
09/24/06 21:20,0.000
09/24/06 21:25,0.000
09/24/06 21:30,0.000
09/24/06 21:35,0.000
09/24/06 21:40,0.000
09/24/06 21:45,0.000
09/24/06 21:50,0.000
09/24/06 21:55,0.000
09/24/06 22:00,0.000
09/24/06 22:05,0.000
09/24/06 22:10,0.000
09/24/06 22:15,0.000
09/24/06 22:20,0.000
09/24/06 22:25,0.000
09/24/06 22:30,0.000
09/24/06 22:35,0.000
09/24/06 22:40,0.000
09/24/06 22:45,0.000
09/24/06 22:50,0.000
09/24/06 22:55,0.000
09/24/06 23:00,0.000
09/24/06 23:05,0.000
09/24/06 23:10,0.000
09/24/06 23:15,0.000
09/24/06 23:20,0.000
09/24/06 23:25,0.000
09/24/06 23:30,0.000
09/24/06 23:35,0.000
09/24/06 23:40,0.000
09/24/06 23:45,0.000
09/24/06 23:50,0.000
09/24/06 23:55,0.000
09/25/06 00:00,0.000
09/25/06 00:05,0.000
09/25/06 00:10,0.000
09/25/06 00:15,0.000
09/25/06 00:20,0.000
09/25/06 00:25,0.000
09/25/06 00:30,0.000
09/25/06 00:35,0.000
09/25/06 00:40,0.000
09/25/06 00:45,0.000
09/25/06 00:50,0.000
09/25/06 00:55,0.000
09/25/06 01:00,0.000
09/25/06 01:05,0.000
09/25/06 01:10,0.000
09/25/06 01:15,0.000
09/25/06 01:20,0.000
09/25/06 01:25,0.000
09/25/06 01:30,0.000
09/25/06 01:35,0.000
09/25/06 01:40,0.000
09/25/06 01:45,0.000
09/25/06 01:50,0.000
09/25/06 01:55,0.000
09/25/06 02:00,0.000
09/25/06 02:05,0.000
09/25/06 02:10,0.000
09/25/06 02:15,0.000
09/25/06 02:20,0.000
09/25/06 02:25,0.000
09/25/06 02:30,0.000
09/25/06 02:35,0.000
09/25/06 02:40,0.000
09/25/06 02:45,0.000
09/25/06 02:50,0.000
09/25/06 02:55,0.000
09/25/06 03:00,0.000
09/25/06 03:05,0.000
09/25/06 03:10,0.000
09/25/06 03:15,0.000
09/25/06 03:20,0.000
09/25/06 03:25,0.000
09/25/06 03:30,0.000
09/25/06 03:35,0.000
09/25/06 03:40,0.000
09/25/06 03:45,0.000
09/25/06 03:50,0.000
09/25/06 03:55,0.000
09/25/06 04:00,0.000
09/25/06 04:05,0.000
09/25/06 04:10,0.000
09/25/06 04:15,0.000
09/25/06 04:20,0.000
09/25/06 04:25,0.000
09/25/06 04:30,0.000
09/25/06 04:35,0.000
09/25/06 04:40,0.000
09/25/06 04:45,0.000
09/25/06 04:50,0.000
09/25/06 04:55,0.000
09/25/06 05:00,0.000
09/25/06 05:05,0.000
09/25/06 05:10,0.000
09/25/06 05:15,0.000
09/25/06 05:20,0.000
09/25/06 05:25,0.000
09/25/06 05:30,0.000
09/25/06 05:35,0.000
09/25/06 05:40,0.000
09/25/06 05:45,0.000
09/25/06 05:50,0.000
09/25/06 05:55,0.000
09/25/06 06:00,0.000
09/25/06 06:05,0.000
09/25/06 06:10,0.000
09/25/06 06:15,0.001
09/25/06 06:20,0.004
09/25/06 06:25,0.011
09/25/06 06:30,0.026
09/25/06 06:35,0.053
09/25/06 06:40,0.081
09/25/06 06:45,0.093
09/25/06 06:50,0.106
09/25/06 06:55,0.119
09/25/06 07:00,0.132
09/25/06 07:05,0.145
09/25/06 07:10,0.159
09/25/06 07:15,0.172
09/25/06 07:20,0.185
09/25/06 07:25,0.199
09/25/06 07:30,0.213
09/25/06 07:35,0.227
09/25/06 07:40,0.242
09/25/06 07:45,0.257
09/25/06 07:50,0.271
09/25/06 07:55,0.284
09/25/06 08:00,0.297
09/25/06 08:05,0.310
09/25/06 08:10,0.322
09/25/06 08:15,0.334
09/25/06 08:20,0.345
09/25/06 08:25,0.356
09/25/06 08:30,0.368
09/25/06 08:35,0.379
09/25/06 08:40,0.389
09/25/06 08:45,0.397
09/25/06 08:50,0.408
09/25/06 08:55,0.418
09/25/06 09:00,0.427
09/25/06 09:05,0.434
09/25/06 09:10,0.441
09/25/06 09:15,0.449
09/25/06 09:20,0.455
09/25/06 09:25,0.460
09/25/06 09:30,0.464
09/25/06 09:35,0.467
09/25/06 09:40,0.468
09/25/06 09:45,0.469
09/25/06 09:50,0.471
09/25/06 09:55,0.473
09/25/06 10:00,0.479
09/25/06 10:05,0.484
09/25/06 10:10,0.489
09/25/06 10:15,0.497
09/25/06 10:20,0.503
09/25/06 10:25,0.510
09/25/06 10:30,0.516
09/25/06 10:35,0.521
09/25/06 10:40,0.526
09/25/06 10:45,0.530
09/25/06 10:50,0.535
09/25/06 10:55,0.539
09/25/06 11:00,0.540
09/25/06 11:05,0.540
09/25/06 11:10,0.540
09/25/06 11:15,0.539
09/25/06 11:20,0.537
09/25/06 11:25,0.535
09/25/06 11:30,0.535
09/25/06 11:35,0.534
09/25/06 11:40,0.533
09/25/06 11:45,0.532
09/25/06 11:50,0.532
09/25/06 11:55,0.530
09/25/06 12:00,0.525
09/25/06 12:05,0.520
09/25/06 12:10,0.515
09/25/06 12:15,0.507
09/25/06 12:20,0.501
09/25/06 12:25,0.494
09/25/06 12:30,0.487
09/25/06 12:35,0.481
09/25/06 12:40,0.474
09/25/06 12:45,0.465
09/25/06 12:50,0.460
09/25/06 12:55,0.457
09/25/06 13:00,0.457
09/25/06 13:05,0.457
09/25/06 13:10,0.459
09/25/06 13:15,0.460
09/25/06 13:20,0.458
09/25/06 13:25,0.455
09/25/06 13:30,0.451
09/25/06 13:35,0.447
09/25/06 13:40,0.445
09/25/06 13:45,0.440
09/25/06 13:50,0.434
09/25/06 13:55,0.426
09/25/06 14:00,0.408
09/25/06 14:05,0.390
09/25/06 14:10,0.375
09/25/06 14:15,0.363
09/25/06 14:20,0.353
09/25/06 14:25,0.344
09/25/06 14:30,0.335
09/25/06 14:35,0.328
09/25/06 14:40,0.322
09/25/06 14:45,0.318
09/25/06 14:50,0.313
09/25/06 14:55,0.306
09/25/06 15:00,0.296
09/25/06 15:05,0.286
09/25/06 15:10,0.277
09/25/06 15:15,0.267
09/25/06 15:20,0.257
09/25/06 15:25,0.246
09/25/06 15:30,0.234
09/25/06 15:35,0.221
09/25/06 15:40,0.208
09/25/06 15:45,0.194
09/25/06 15:50,0.180
09/25/06 15:55,0.167
09/25/06 16:00,0.152
09/25/06 16:05,0.136
09/25/06 16:10,0.122
09/25/06 16:15,0.109
09/25/06 16:20,0.095
09/25/06 16:25,0.083
09/25/06 16:30,0.068
09/25/06 16:35,0.037
09/25/06 16:40,0.021
09/25/06 16:45,0.011
09/25/06 16:50,0.005
09/25/06 16:55,0.002
09/25/06 17:00,0.001
09/25/06 17:05,0.000
09/25/06 17:10,0.000
09/25/06 17:15,0.000
09/25/06 17:20,0.000
09/25/06 17:25,0.000
09/25/06 17:30,0.000
09/25/06 17:35,0.000
09/25/06 17:40,0.000
09/25/06 17:45,0.000
09/25/06 17:50,0.000
09/25/06 17:55,0.000
09/25/06 18:00,0.000
09/25/06 18:05,0.000
09/25/06 18:10,0.000
09/25/06 18:15,0.000
09/25/06 18:20,0.000
09/25/06 18:25,0.000
09/25/06 18:30,0.000
09/25/06 18:35,0.000
09/25/06 18:40,0.000
09/25/06 18:45,0.000
09/25/06 18:50,0.000
09/25/06 18:55,0.000
09/25/06 19:00,0.000
09/25/06 19:05,0.000
09/25/06 19:10,0.000
09/25/06 19:15,0.000
09/25/06 19:20,0.000
09/25/06 19:25,0.000
09/25/06 19:30,0.000
09/25/06 19:35,0.000
09/25/06 19:40,0.000
09/25/06 19:45,0.000
09/25/06 19:50,0.000
09/25/06 19:55,0.000
09/25/06 20:00,0.000
09/25/06 20:05,0.000
09/25/06 20:10,0.000
09/25/06 20:15,0.000
09/25/06 20:20,0.000
09/25/06 20:25,0.000
09/25/06 20:30,0.000
09/25/06 20:35,0.000
09/25/06 20:40,0.000
09/25/06 20:45,0.000
09/25/06 20:50,0.000
09/25/06 20:55,0.000
09/25/06 21:00,0.000
09/25/06 21:05,0.000
09/25/06 21:10,0.000
09/25/06 21:15,0.000
09/25/06 21:20,0.000
09/25/06 21:25,0.000
09/25/06 21:30,0.000
09/25/06 21:35,0.000
09/25/06 21:40,0.000
09/25/06 21:45,0.000
09/25/06 21:50,0.000
09/25/06 21:55,0.000
09/25/06 22:00,0.000
09/25/06 22:05,0.000
09/25/06 22:10,0.000
09/25/06 22:15,0.000
09/25/06 22:20,0.000
09/25/06 22:25,0.000
09/25/06 22:30,0.000
09/25/06 22:35,0.000
09/25/06 22:40,0.000
09/25/06 22:45,0.000
09/25/06 22:50,0.000
09/25/06 22:55,0.000
09/25/06 23:00,0.000
09/25/06 23:05,0.000
09/25/06 23:10,0.000
09/25/06 23:15,0.000
09/25/06 23:20,0.000
09/25/06 23:25,0.000
09/25/06 23:30,0.000
09/25/06 23:35,0.000
09/25/06 23:40,0.000
09/25/06 23:45,0.000
09/25/06 23:50,0.000
09/25/06 23:55,0.000
09/26/06 00:00,0.000
09/26/06 00:05,0.000
09/26/06 00:10,0.000
09/26/06 00:15,0.000
09/26/06 00:20,0.000
09/26/06 00:25,0.000
09/26/06 00:30,0.000
09/26/06 00:35,0.000
09/26/06 00:40,0.000
09/26/06 00:45,0.000
09/26/06 00:50,0.000
09/26/06 00:55,0.000
09/26/06 01:00,0.000
09/26/06 01:05,0.000
09/26/06 01:10,0.000
09/26/06 01:15,0.000
09/26/06 01:20,0.000
09/26/06 01:25,0.000
09/26/06 01:30,0.000
09/26/06 01:35,0.000
09/26/06 01:40,0.000
09/26/06 01:45,0.000
09/26/06 01:50,0.000
09/26/06 01:55,0.000
09/26/06 02:00,0.000
09/26/06 02:05,0.000
09/26/06 02:10,0.000
09/26/06 02:15,0.000
09/26/06 02:20,0.000
09/26/06 02:25,0.000
09/26/06 02:30,0.000
09/26/06 02:35,0.000
09/26/06 02:40,0.000
09/26/06 02:45,0.000
09/26/06 02:50,0.000
09/26/06 02:55,0.000
09/26/06 03:00,0.000
09/26/06 03:05,0.000
09/26/06 03:10,0.000
09/26/06 03:15,0.000
09/26/06 03:20,0.000
09/26/06 03:25,0.000
09/26/06 03:30,0.000
09/26/06 03:35,0.000
09/26/06 03:40,0.000
09/26/06 03:45,0.000
09/26/06 03:50,0.000
09/26/06 03:55,0.000
09/26/06 04:00,0.000
09/26/06 04:05,0.000
09/26/06 04:10,0.000
09/26/06 04:15,0.000
09/26/06 04:20,0.000
09/26/06 04:25,0.000
09/26/06 04:30,0.000
09/26/06 04:35,0.000
09/26/06 04:40,0.000
09/26/06 04:45,0.000
09/26/06 04:50,0.000
09/26/06 04:55,0.000
09/26/06 05:00,0.000
09/26/06 05:05,0.000
09/26/06 05:10,0.000
09/26/06 05:15,0.000
09/26/06 05:20,0.000
09/26/06 05:25,0.000
09/26/06 05:30,0.000
09/26/06 05:35,0.000
09/26/06 05:40,0.000
09/26/06 05:45,0.000
09/26/06 05:50,0.000
09/26/06 05:55,0.000
09/26/06 06:00,0.000
09/26/06 06:05,0.000
09/26/06 06:10,0.000
09/26/06 06:15,0.000
09/26/06 06:20,0.001
09/26/06 06:25,0.003
09/26/06 06:30,0.007
09/26/06 06:35,0.014
09/26/06 06:40,0.025
09/26/06 06:45,0.042
09/26/06 06:50,0.068
09/26/06 06:55,0.082
09/26/06 07:00,0.089
09/26/06 07:05,0.093
09/26/06 07:10,0.101
09/26/06 07:15,0.117
09/26/06 07:20,0.133
09/26/06 07:25,0.122
09/26/06 07:30,0.121
09/26/06 07:35,0.138
09/26/06 07:40,0.169
09/26/06 07:45,0.192
09/26/06 07:50,0.208
09/26/06 07:55,0.233
09/26/06 08:00,0.236
09/26/06 08:05,0.241
09/26/06 08:10,0.239
09/26/06 08:15,0.251
09/26/06 08:20,0.263
09/26/06 08:25,0.276
09/26/06 08:30,0.284
09/26/06 08:35,0.301
09/26/06 08:40,0.318
09/26/06 08:45,0.330
09/26/06 08:50,0.314
09/26/06 08:55,0.318
09/26/06 09:00,0.347
09/26/06 09:05,0.370
09/26/06 09:10,0.386
09/26/06 09:15,0.397
09/26/06 09:20,0.403
09/26/06 09:25,0.406
09/26/06 09:30,0.408
09/26/06 09:35,0.411
09/26/06 09:40,0.414
09/26/06 09:45,0.416
09/26/06 09:50,0.416
09/26/06 09:55,0.419
09/26/06 10:00,0.428
09/26/06 10:05,0.438
09/26/06 10:10,0.444
09/26/06 10:15,0.448
09/26/06 10:20,0.451
09/26/06 10:25,0.455
09/26/06 10:30,0.458
09/26/06 10:35,0.462
09/26/06 10:40,0.467
09/26/06 10:45,0.470
09/26/06 10:50,0.472
09/26/06 10:55,0.476
09/26/06 11:00,0.480
09/26/06 11:05,0.480
09/26/06 11:10,0.477
09/26/06 11:15,0.480
09/26/06 11:20,0.483
09/26/06 11:25,0.486
09/26/06 11:30,0.489
09/26/06 11:35,0.494
09/26/06 11:40,0.500
09/26/06 11:45,0.507
09/26/06 11:50,0.511
09/26/06 11:55,0.512
09/26/06 12:00,0.507
09/26/06 12:05,0.503
09/26/06 12:10,0.497
09/26/06 12:15,0.489
09/26/06 12:20,0.486
09/26/06 12:25,0.482
09/26/06 12:30,0.481
09/26/06 12:35,0.487
09/26/06 12:40,0.490
09/26/06 12:45,0.486
09/26/06 12:50,0.478
09/26/06 12:55,0.469
09/26/06 13:00,0.464
09/26/06 13:05,0.460
09/26/06 13:10,0.461
09/26/06 13:15,0.466
09/26/06 13:20,0.469
09/26/06 13:25,0.468
09/26/06 13:30,0.466
09/26/06 13:35,0.460
09/26/06 13:40,0.456
09/26/06 13:45,0.453
09/26/06 13:50,0.454
09/26/06 13:55,0.451
09/26/06 14:00,0.432
09/26/06 14:05,0.413
09/26/06 14:10,0.398
09/26/06 14:15,0.386
09/26/06 14:20,0.377
09/26/06 14:25,0.366
09/26/06 14:30,0.352
09/26/06 14:35,0.339
09/26/06 14:40,0.328
09/26/06 14:45,0.313
09/26/06 14:50,0.296
09/26/06 14:55,0.280
09/26/06 15:00,0.273
09/26/06 15:05,0.266
09/26/06 15:10,0.258
09/26/06 15:15,0.252
09/26/06 15:20,0.244
09/26/06 15:25,0.235
09/26/06 15:30,0.218
09/26/06 15:35,0.200
09/26/06 15:40,0.183
09/26/06 15:45,0.172
09/26/06 15:50,0.152
09/26/06 15:55,0.122
09/26/06 16:00,0.118
09/26/06 16:05,0.112
09/26/06 16:10,0.106
09/26/06 16:15,0.097
09/26/06 16:20,0.088
09/26/06 16:25,0.078
09/26/06 16:30,0.046
09/26/06 16:35,0.027
09/26/06 16:40,0.015
09/26/06 16:45,0.007
09/26/06 16:50,0.003
09/26/06 16:55,0.001
09/26/06 17:00,0.000
09/26/06 17:05,0.000
09/26/06 17:10,0.000
09/26/06 17:15,0.000
09/26/06 17:20,0.000
09/26/06 17:25,0.000
09/26/06 17:30,0.000
09/26/06 17:35,0.000
09/26/06 17:40,0.000
09/26/06 17:45,0.000
09/26/06 17:50,0.000
09/26/06 17:55,0.000
09/26/06 18:00,0.000
09/26/06 18:05,0.000
09/26/06 18:10,0.000
09/26/06 18:15,0.000
09/26/06 18:20,0.000
09/26/06 18:25,0.000
09/26/06 18:30,0.000
09/26/06 18:35,0.000
09/26/06 18:40,0.000
09/26/06 18:45,0.000
09/26/06 18:50,0.000
09/26/06 18:55,0.000
09/26/06 19:00,0.000
09/26/06 19:05,0.000
09/26/06 19:10,0.000
09/26/06 19:15,0.000
09/26/06 19:20,0.000
09/26/06 19:25,0.000
09/26/06 19:30,0.000
09/26/06 19:35,0.000
09/26/06 19:40,0.000
09/26/06 19:45,0.000
09/26/06 19:50,0.000
09/26/06 19:55,0.000
09/26/06 20:00,0.000
09/26/06 20:05,0.000
09/26/06 20:10,0.000
09/26/06 20:15,0.000
09/26/06 20:20,0.000
09/26/06 20:25,0.000
09/26/06 20:30,0.000
09/26/06 20:35,0.000
09/26/06 20:40,0.000
09/26/06 20:45,0.000
09/26/06 20:50,0.000
09/26/06 20:55,0.000
09/26/06 21:00,0.000
09/26/06 21:05,0.000
09/26/06 21:10,0.000
09/26/06 21:15,0.000
09/26/06 21:20,0.000
09/26/06 21:25,0.000
09/26/06 21:30,0.000
09/26/06 21:35,0.000
09/26/06 21:40,0.000
09/26/06 21:45,0.000
09/26/06 21:50,0.000
09/26/06 21:55,0.000
09/26/06 22:00,0.000
09/26/06 22:05,0.000
09/26/06 22:10,0.000
09/26/06 22:15,0.000
09/26/06 22:20,0.000
09/26/06 22:25,0.000
09/26/06 22:30,0.000
09/26/06 22:35,0.000
09/26/06 22:40,0.000
09/26/06 22:45,0.000
09/26/06 22:50,0.000
09/26/06 22:55,0.000
09/26/06 23:00,0.000
09/26/06 23:05,0.000
09/26/06 23:10,0.000
09/26/06 23:15,0.000
09/26/06 23:20,0.000
09/26/06 23:25,0.000
09/26/06 23:30,0.000
09/26/06 23:35,0.000
09/26/06 23:40,0.000
09/26/06 23:45,0.000
09/26/06 23:50,0.000
09/26/06 23:55,0.000
09/27/06 00:00,0.000
09/27/06 00:05,0.000
09/27/06 00:10,0.000
09/27/06 00:15,0.000
09/27/06 00:20,0.000
09/27/06 00:25,0.000
09/27/06 00:30,0.000
09/27/06 00:35,0.000
09/27/06 00:40,0.000
09/27/06 00:45,0.000
09/27/06 00:50,0.000
09/27/06 00:55,0.000
09/27/06 01:00,0.000
09/27/06 01:05,0.000
09/27/06 01:10,0.000
09/27/06 01:15,0.000
09/27/06 01:20,0.000
09/27/06 01:25,0.000
09/27/06 01:30,0.000
09/27/06 01:35,0.000
09/27/06 01:40,0.000
09/27/06 01:45,0.000
09/27/06 01:50,0.000
09/27/06 01:55,0.000
09/27/06 02:00,0.000
09/27/06 02:05,0.000
09/27/06 02:10,0.000
09/27/06 02:15,0.000
09/27/06 02:20,0.000
09/27/06 02:25,0.000
09/27/06 02:30,0.000
09/27/06 02:35,0.000
09/27/06 02:40,0.000
09/27/06 02:45,0.000
09/27/06 02:50,0.000
09/27/06 02:55,0.000
09/27/06 03:00,0.000
09/27/06 03:05,0.000
09/27/06 03:10,0.000
09/27/06 03:15,0.000
09/27/06 03:20,0.000
09/27/06 03:25,0.000
09/27/06 03:30,0.000
09/27/06 03:35,0.000
09/27/06 03:40,0.000
09/27/06 03:45,0.000
09/27/06 03:50,0.000
09/27/06 03:55,0.000
09/27/06 04:00,0.000
09/27/06 04:05,0.000
09/27/06 04:10,0.000
09/27/06 04:15,0.000
09/27/06 04:20,0.000
09/27/06 04:25,0.000
09/27/06 04:30,0.000
09/27/06 04:35,0.000
09/27/06 04:40,0.000
09/27/06 04:45,0.000
09/27/06 04:50,0.000
09/27/06 04:55,0.000
09/27/06 05:00,0.000
09/27/06 05:05,0.000
09/27/06 05:10,0.000
09/27/06 05:15,0.000
09/27/06 05:20,0.000
09/27/06 05:25,0.000
09/27/06 05:30,0.000
09/27/06 05:35,0.000
09/27/06 05:40,0.000
09/27/06 05:45,0.000
09/27/06 05:50,0.000
09/27/06 05:55,0.000
09/27/06 06:00,0.000
09/27/06 06:05,0.000
09/27/06 06:10,0.000
09/27/06 06:15,0.001
09/27/06 06:20,0.003
09/27/06 06:25,0.007
09/27/06 06:30,0.017
09/27/06 06:35,0.035
09/27/06 06:40,0.068
09/27/06 06:45,0.085
09/27/06 06:50,0.097
09/27/06 06:55,0.110
09/27/06 07:00,0.121
09/27/06 07:05,0.132
09/27/06 07:10,0.144
09/27/06 07:15,0.154
09/27/06 07:20,0.164
09/27/06 07:25,0.175
09/27/06 07:30,0.186
09/27/06 07:35,0.196
09/27/06 07:40,0.205
09/27/06 07:45,0.215
09/27/06 07:50,0.224
09/27/06 07:55,0.233
09/27/06 08:00,0.242
09/27/06 08:05,0.252
09/27/06 08:10,0.261
09/27/06 08:15,0.270
09/27/06 08:20,0.279
09/27/06 08:25,0.288
09/27/06 08:30,0.297
09/27/06 08:35,0.306
09/27/06 08:40,0.316
09/27/06 08:45,0.324
09/27/06 08:50,0.335
09/27/06 08:55,0.342
09/27/06 09:00,0.348
09/27/06 09:05,0.358
09/27/06 09:10,0.365
09/27/06 09:15,0.371
09/27/06 09:20,0.377
09/27/06 09:25,0.381
09/27/06 09:30,0.384
09/27/06 09:35,0.386
09/27/06 09:40,0.388
09/27/06 09:45,0.388
09/27/06 09:50,0.389
09/27/06 09:55,0.389
09/27/06 10:00,0.392
09/27/06 10:05,0.397
09/27/06 10:10,0.402
09/27/06 10:15,0.408
09/27/06 10:20,0.414
09/27/06 10:25,0.419
09/27/06 10:30,0.426
09/27/06 10:35,0.433
09/27/06 10:40,0.439
09/27/06 10:45,0.444
09/27/06 10:50,0.449
09/27/06 10:55,0.453
09/27/06 11:00,0.456
09/27/06 11:05,0.457
09/27/06 11:10,0.458
09/27/06 11:15,0.459
09/27/06 11:20,0.458
09/27/06 11:25,0.458
09/27/06 11:30,0.456
09/27/06 11:35,0.456
09/27/06 11:40,0.455
09/27/06 11:45,0.454
09/27/06 11:50,0.453
09/27/06 11:55,0.452
09/27/06 12:00,0.452
09/27/06 12:05,0.446
09/27/06 12:10,0.440
09/27/06 12:15,0.435
09/27/06 12:20,0.431
09/27/06 12:25,0.427
09/27/06 12:30,0.423
09/27/06 12:35,0.418
09/27/06 12:40,0.413
09/27/06 12:45,0.406
09/27/06 12:50,0.396
09/27/06 12:55,0.390
09/27/06 13:00,0.386
09/27/06 13:05,0.385
09/27/06 13:10,0.383
09/27/06 13:15,0.380
09/27/06 13:20,0.374
09/27/06 13:25,0.367
09/27/06 13:30,0.361
09/27/06 13:35,0.356
09/27/06 13:40,0.352
09/27/06 13:45,0.347
09/27/06 13:50,0.342
09/27/06 13:55,0.338
09/27/06 14:00,0.333
09/27/06 14:05,0.328
09/27/06 14:10,0.322
09/27/06 14:15,0.320
09/27/06 14:20,0.317
09/27/06 14:25,0.310
09/27/06 14:30,0.305
09/27/06 14:35,0.301
09/27/06 14:40,0.297
09/27/06 14:45,0.294
09/27/06 14:50,0.289
09/27/06 14:55,0.283
09/27/06 15:00,0.274
09/27/06 15:05,0.265
09/27/06 15:10,0.255
09/27/06 15:15,0.244
09/27/06 15:20,0.233
09/27/06 15:25,0.223
09/27/06 15:30,0.213
09/27/06 15:35,0.201
09/27/06 15:40,0.189
09/27/06 15:45,0.176
09/27/06 15:50,0.163
09/27/06 15:55,0.150
09/27/06 16:00,0.137
09/27/06 16:05,0.123
09/27/06 16:10,0.110
09/27/06 16:15,0.097
09/27/06 16:20,0.085
09/27/06 16:25,0.072
09/27/06 16:30,0.038
09/27/06 16:35,0.021
09/27/06 16:40,0.011
09/27/06 16:45,0.005
09/27/06 16:50,0.002
09/27/06 16:55,0.001
09/27/06 17:00,0.000
09/27/06 17:05,0.000
09/27/06 17:10,0.000
09/27/06 17:15,0.000
09/27/06 17:20,0.000
09/27/06 17:25,0.000
09/27/06 17:30,0.000
09/27/06 17:35,0.000
09/27/06 17:40,0.000
09/27/06 17:45,0.000
09/27/06 17:50,0.000
09/27/06 17:55,0.000
09/27/06 18:00,0.000
09/27/06 18:05,0.000
09/27/06 18:10,0.000
09/27/06 18:15,0.000
09/27/06 18:20,0.000
09/27/06 18:25,0.000
09/27/06 18:30,0.000
09/27/06 18:35,0.000
09/27/06 18:40,0.000
09/27/06 18:45,0.000
09/27/06 18:50,0.000
09/27/06 18:55,0.000
09/27/06 19:00,0.000
09/27/06 19:05,0.000
09/27/06 19:10,0.000
09/27/06 19:15,0.000
09/27/06 19:20,0.000
09/27/06 19:25,0.000
09/27/06 19:30,0.000
09/27/06 19:35,0.000
09/27/06 19:40,0.000
09/27/06 19:45,0.000
09/27/06 19:50,0.000
09/27/06 19:55,0.000
09/27/06 20:00,0.000
09/27/06 20:05,0.000
09/27/06 20:10,0.000
09/27/06 20:15,0.000
09/27/06 20:20,0.000
09/27/06 20:25,0.000
09/27/06 20:30,0.000
09/27/06 20:35,0.000
09/27/06 20:40,0.000
09/27/06 20:45,0.000
09/27/06 20:50,0.000
09/27/06 20:55,0.000
09/27/06 21:00,0.000
09/27/06 21:05,0.000
09/27/06 21:10,0.000
09/27/06 21:15,0.000
09/27/06 21:20,0.000
09/27/06 21:25,0.000
09/27/06 21:30,0.000
09/27/06 21:35,0.000
09/27/06 21:40,0.000
09/27/06 21:45,0.000
09/27/06 21:50,0.000
09/27/06 21:55,0.000
09/27/06 22:00,0.000
09/27/06 22:05,0.000
09/27/06 22:10,0.000
09/27/06 22:15,0.000
09/27/06 22:20,0.000
09/27/06 22:25,0.000
09/27/06 22:30,0.000
09/27/06 22:35,0.000
09/27/06 22:40,0.000
09/27/06 22:45,0.000
09/27/06 22:50,0.000
09/27/06 22:55,0.000
09/27/06 23:00,0.000
09/27/06 23:05,0.000
09/27/06 23:10,0.000
09/27/06 23:15,0.000
09/27/06 23:20,0.000
09/27/06 23:25,0.000
09/27/06 23:30,0.000
09/27/06 23:35,0.000
09/27/06 23:40,0.000
09/27/06 23:45,0.000
09/27/06 23:50,0.000
09/27/06 23:55,0.000
09/28/06 00:00,0.000
09/28/06 00:05,0.000
09/28/06 00:10,0.000
09/28/06 00:15,0.000
09/28/06 00:20,0.000
09/28/06 00:25,0.000
09/28/06 00:30,0.000
09/28/06 00:35,0.000
09/28/06 00:40,0.000
09/28/06 00:45,0.000
09/28/06 00:50,0.000
09/28/06 00:55,0.000
09/28/06 01:00,0.000
09/28/06 01:05,0.000
09/28/06 01:10,0.000
09/28/06 01:15,0.000
09/28/06 01:20,0.000
09/28/06 01:25,0.000
09/28/06 01:30,0.000
09/28/06 01:35,0.000
09/28/06 01:40,0.000
09/28/06 01:45,0.000
09/28/06 01:50,0.000
09/28/06 01:55,0.000
09/28/06 02:00,0.000
09/28/06 02:05,0.000
09/28/06 02:10,0.000
09/28/06 02:15,0.000
09/28/06 02:20,0.000
09/28/06 02:25,0.000
09/28/06 02:30,0.000
09/28/06 02:35,0.000
09/28/06 02:40,0.000
09/28/06 02:45,0.000
09/28/06 02:50,0.000
09/28/06 02:55,0.000
09/28/06 03:00,0.000
09/28/06 03:05,0.000
09/28/06 03:10,0.000
09/28/06 03:15,0.000
09/28/06 03:20,0.000
09/28/06 03:25,0.000
09/28/06 03:30,0.000
09/28/06 03:35,0.000
09/28/06 03:40,0.000
09/28/06 03:45,0.000
09/28/06 03:50,0.000
09/28/06 03:55,0.000
09/28/06 04:00,0.000
09/28/06 04:05,0.000
09/28/06 04:10,0.000
09/28/06 04:15,0.000
09/28/06 04:20,0.000
09/28/06 04:25,0.000
09/28/06 04:30,0.000
09/28/06 04:35,0.000
09/28/06 04:40,0.000
09/28/06 04:45,0.000
09/28/06 04:50,0.000
09/28/06 04:55,0.000
09/28/06 05:00,0.000
09/28/06 05:05,0.000
09/28/06 05:10,0.000
09/28/06 05:15,0.000
09/28/06 05:20,0.000
09/28/06 05:25,0.000
09/28/06 05:30,0.000
09/28/06 05:35,0.000
09/28/06 05:40,0.000
09/28/06 05:45,0.000
09/28/06 05:50,0.000
09/28/06 05:55,0.000
09/28/06 06:00,0.000
09/28/06 06:05,0.000
09/28/06 06:10,0.000
09/28/06 06:15,0.001
09/28/06 06:20,0.002
09/28/06 06:25,0.005
09/28/06 06:30,0.014
09/28/06 06:35,0.030
09/28/06 06:40,0.057
09/28/06 06:45,0.081
09/28/06 06:50,0.094
09/28/06 06:55,0.107
09/28/06 07:00,0.120
09/28/06 07:05,0.134
09/28/06 07:10,0.148
09/28/06 07:15,0.163
09/28/06 07:20,0.177
09/28/06 07:25,0.192
09/28/06 07:30,0.206
09/28/06 07:35,0.221
09/28/06 07:40,0.234
09/28/06 07:45,0.249
09/28/06 07:50,0.265
09/28/06 07:55,0.281
09/28/06 08:00,0.295
09/28/06 08:05,0.309
09/28/06 08:10,0.322
09/28/06 08:15,0.335
09/28/06 08:20,0.346
09/28/06 08:25,0.357
09/28/06 08:30,0.367
09/28/06 08:35,0.380
09/28/06 08:40,0.393
09/28/06 08:45,0.406
09/28/06 08:50,0.421
09/28/06 08:55,0.432
09/28/06 09:00,0.442
09/28/06 09:05,0.452
09/28/06 09:10,0.462
09/28/06 09:15,0.470
09/28/06 09:20,0.479
09/28/06 09:25,0.487
09/28/06 09:30,0.495
09/28/06 09:35,0.503
09/28/06 09:40,0.510
09/28/06 09:45,0.516
09/28/06 09:50,0.523
09/28/06 09:55,0.530
09/28/06 10:00,0.536
09/28/06 10:05,0.541
09/28/06 10:10,0.546
09/28/06 10:15,0.551
09/28/06 10:20,0.556
09/28/06 10:25,0.560
09/28/06 10:30,0.562
09/28/06 10:35,0.563
09/28/06 10:40,0.566
09/28/06 10:45,0.567
09/28/06 10:50,0.569
09/28/06 10:55,0.570
09/28/06 11:00,0.572
09/28/06 11:05,0.573
09/28/06 11:10,0.573
09/28/06 11:15,0.574
09/28/06 11:20,0.575
09/28/06 11:25,0.577
09/28/06 11:30,0.577
09/28/06 11:35,0.572
09/28/06 11:40,0.567
09/28/06 11:45,0.564
09/28/06 11:50,0.562
09/28/06 11:55,0.561
09/28/06 12:00,0.560
09/28/06 12:05,0.560
09/28/06 12:10,0.560
09/28/06 12:15,0.561
09/28/06 12:20,0.562
09/28/06 12:25,0.564
09/28/06 12:30,0.564
09/28/06 12:35,0.564
09/28/06 12:40,0.567
09/28/06 12:45,0.573
09/28/06 12:50,0.575
09/28/06 12:55,0.574
09/28/06 13:00,0.570
09/28/06 13:05,0.564
09/28/06 13:10,0.558
09/28/06 13:15,0.551
09/28/06 13:20,0.544
09/28/06 13:25,0.537
09/28/06 13:30,0.531
09/28/06 13:35,0.525
09/28/06 13:40,0.518
09/28/06 13:45,0.511
09/28/06 13:50,0.504
09/28/06 13:55,0.495
09/28/06 14:00,0.486
09/28/06 14:05,0.478
09/28/06 14:10,0.471
09/28/06 14:15,0.463
09/28/06 14:20,0.454
09/28/06 14:25,0.441
09/28/06 14:30,0.431
09/28/06 14:35,0.420
09/28/06 14:40,0.409
09/28/06 14:45,0.397
09/28/06 14:50,0.385
09/28/06 14:55,0.372
09/28/06 15:00,0.357
09/28/06 15:05,0.341
09/28/06 15:10,0.325
09/28/06 15:15,0.309
09/28/06 15:20,0.293
09/28/06 15:25,0.277
09/28/06 15:30,0.261
09/28/06 15:35,0.244
09/28/06 15:40,0.228
09/28/06 15:45,0.211
09/28/06 15:50,0.194
09/28/06 15:55,0.177
09/28/06 16:00,0.162
09/28/06 16:05,0.147
09/28/06 16:10,0.133
09/28/06 16:15,0.119
09/28/06 16:20,0.106
09/28/06 16:25,0.093
09/28/06 16:30,0.081
09/28/06 16:35,0.057
09/28/06 16:40,0.028
09/28/06 16:45,0.012
09/28/06 16:50,0.004
09/28/06 16:55,0.001
09/28/06 17:00,0.000
09/28/06 17:05,0.000
09/28/06 17:10,0.000
09/28/06 17:15,0.000
09/28/06 17:20,0.000
09/28/06 17:25,0.000
09/28/06 17:30,0.000
09/28/06 17:35,0.000
09/28/06 17:40,0.000
09/28/06 17:45,0.000
09/28/06 17:50,0.000
09/28/06 17:55,0.000
09/28/06 18:00,0.000
09/28/06 18:05,0.000
09/28/06 18:10,0.000
09/28/06 18:15,0.000
09/28/06 18:20,0.000
09/28/06 18:25,0.000
09/28/06 18:30,0.000
09/28/06 18:35,0.000
09/28/06 18:40,0.000
09/28/06 18:45,0.000
09/28/06 18:50,0.000
09/28/06 18:55,0.000
09/28/06 19:00,0.000
09/28/06 19:05,0.000
09/28/06 19:10,0.000
09/28/06 19:15,0.000
09/28/06 19:20,0.000
09/28/06 19:25,0.000
09/28/06 19:30,0.000
09/28/06 19:35,0.000
09/28/06 19:40,0.000
09/28/06 19:45,0.000
09/28/06 19:50,0.000
09/28/06 19:55,0.000
09/28/06 20:00,0.000
09/28/06 20:05,0.000
09/28/06 20:10,0.000
09/28/06 20:15,0.000
09/28/06 20:20,0.000
09/28/06 20:25,0.000
09/28/06 20:30,0.000
09/28/06 20:35,0.000
09/28/06 20:40,0.000
09/28/06 20:45,0.000
09/28/06 20:50,0.000
09/28/06 20:55,0.000
09/28/06 21:00,0.000
09/28/06 21:05,0.000
09/28/06 21:10,0.000
09/28/06 21:15,0.000
09/28/06 21:20,0.000
09/28/06 21:25,0.000
09/28/06 21:30,0.000
09/28/06 21:35,0.000
09/28/06 21:40,0.000
09/28/06 21:45,0.000
09/28/06 21:50,0.000
09/28/06 21:55,0.000
09/28/06 22:00,0.000
09/28/06 22:05,0.000
09/28/06 22:10,0.000
09/28/06 22:15,0.000
09/28/06 22:20,0.000
09/28/06 22:25,0.000
09/28/06 22:30,0.000
09/28/06 22:35,0.000
09/28/06 22:40,0.000
09/28/06 22:45,0.000
09/28/06 22:50,0.000
09/28/06 22:55,0.000
09/28/06 23:00,0.000
09/28/06 23:05,0.000
09/28/06 23:10,0.000
09/28/06 23:15,0.000
09/28/06 23:20,0.000
09/28/06 23:25,0.000
09/28/06 23:30,0.000
09/28/06 23:35,0.000
09/28/06 23:40,0.000
09/28/06 23:45,0.000
09/28/06 23:50,0.000
09/28/06 23:55,0.000
09/29/06 00:00,0.000
09/29/06 00:05,0.000
09/29/06 00:10,0.000
09/29/06 00:15,0.000
09/29/06 00:20,0.000
09/29/06 00:25,0.000
09/29/06 00:30,0.000
09/29/06 00:35,0.000
09/29/06 00:40,0.000
09/29/06 00:45,0.000
09/29/06 00:50,0.000
09/29/06 00:55,0.000
09/29/06 01:00,0.000
09/29/06 01:05,0.000
09/29/06 01:10,0.000
09/29/06 01:15,0.000
09/29/06 01:20,0.000
09/29/06 01:25,0.000
09/29/06 01:30,0.000
09/29/06 01:35,0.000
09/29/06 01:40,0.000
09/29/06 01:45,0.000
09/29/06 01:50,0.000
09/29/06 01:55,0.000
09/29/06 02:00,0.000
09/29/06 02:05,0.000
09/29/06 02:10,0.000
09/29/06 02:15,0.000
09/29/06 02:20,0.000
09/29/06 02:25,0.000
09/29/06 02:30,0.000
09/29/06 02:35,0.000
09/29/06 02:40,0.000
09/29/06 02:45,0.000
09/29/06 02:50,0.000
09/29/06 02:55,0.000
09/29/06 03:00,0.000
09/29/06 03:05,0.000
09/29/06 03:10,0.000
09/29/06 03:15,0.000
09/29/06 03:20,0.000
09/29/06 03:25,0.000
09/29/06 03:30,0.000
09/29/06 03:35,0.000
09/29/06 03:40,0.000
09/29/06 03:45,0.000
09/29/06 03:50,0.000
09/29/06 03:55,0.000
09/29/06 04:00,0.000
09/29/06 04:05,0.000
09/29/06 04:10,0.000
09/29/06 04:15,0.000
09/29/06 04:20,0.000
09/29/06 04:25,0.000
09/29/06 04:30,0.000
09/29/06 04:35,0.000
09/29/06 04:40,0.000
09/29/06 04:45,0.000
09/29/06 04:50,0.000
09/29/06 04:55,0.000
09/29/06 05:00,0.000
09/29/06 05:05,0.000
09/29/06 05:10,0.000
09/29/06 05:15,0.000
09/29/06 05:20,0.000
09/29/06 05:25,0.000
09/29/06 05:30,0.000
09/29/06 05:35,0.000
09/29/06 05:40,0.000
09/29/06 05:45,0.000
09/29/06 05:50,0.000
09/29/06 05:55,0.000
09/29/06 06:00,0.000
09/29/06 06:05,0.000
09/29/06 06:10,0.000
09/29/06 06:15,0.000
09/29/06 06:20,0.000
09/29/06 06:25,0.000
09/29/06 06:30,0.000
09/29/06 06:35,0.000
09/29/06 06:40,0.000
09/29/06 06:45,0.000
09/29/06 06:50,0.000
09/29/06 06:55,0.000
09/29/06 07:00,0.000
09/29/06 07:05,0.000
09/29/06 07:10,0.000
09/29/06 07:15,0.000
09/29/06 07:20,0.000
09/29/06 07:25,0.000
09/29/06 07:30,0.000
09/29/06 07:35,0.000
09/29/06 07:40,0.000
09/29/06 07:45,0.000
09/29/06 07:50,0.000
09/29/06 07:55,0.000
09/29/06 08:00,0.000
09/29/06 08:05,0.000
09/29/06 08:10,0.000
09/29/06 08:15,0.004
09/29/06 08:20,0.034
09/29/06 08:25,0.091
09/29/06 08:30,0.125
09/29/06 08:35,0.160
09/29/06 08:40,0.201
09/29/06 08:45,0.243
09/29/06 08:50,0.289
09/29/06 08:55,0.334
09/29/06 09:00,0.363
09/29/06 09:05,0.383
09/29/06 09:10,0.398
09/29/06 09:15,0.410
09/29/06 09:20,0.419
09/29/06 09:25,0.428
09/29/06 09:30,0.436
09/29/06 09:35,0.446
09/29/06 09:40,0.454
09/29/06 09:45,0.460
09/29/06 09:50,0.466
09/29/06 09:55,0.471
09/29/06 10:00,0.477
09/29/06 10:05,0.481
09/29/06 10:10,0.483
09/29/06 10:15,0.483
09/29/06 10:20,0.485
09/29/06 10:25,0.485
09/29/06 10:30,0.486
09/29/06 10:35,0.487
09/29/06 10:40,0.488
09/29/06 10:45,0.489
09/29/06 10:50,0.490
09/29/06 10:55,0.492
09/29/06 11:00,0.493
09/29/06 11:05,0.495
09/29/06 11:10,0.498
09/29/06 11:15,0.501
09/29/06 11:20,0.502
09/29/06 11:25,0.502
09/29/06 11:30,0.501
09/29/06 11:35,0.500
09/29/06 11:40,0.501
09/29/06 11:45,0.499
09/29/06 11:50,0.500
09/29/06 11:55,0.497
09/29/06 12:00,0.495
09/29/06 12:05,0.494
09/29/06 12:10,0.496
09/29/06 12:15,0.497
09/29/06 12:20,0.496
09/29/06 12:25,0.495
09/29/06 12:30,0.494
09/29/06 12:35,0.492
09/29/06 12:40,0.490
09/29/06 12:45,0.485
09/29/06 12:50,0.480
09/29/06 12:55,0.476
09/29/06 13:00,0.471
09/29/06 13:05,0.466
09/29/06 13:10,0.461
09/29/06 13:15,0.455
09/29/06 13:20,0.449
09/29/06 13:25,0.443
09/29/06 13:30,0.436
09/29/06 13:35,0.430
09/29/06 13:40,0.423
09/29/06 13:45,0.416
09/29/06 13:50,0.409
09/29/06 13:55,0.403
09/29/06 14:00,0.398
09/29/06 14:05,0.393
09/29/06 14:10,0.388
09/29/06 14:15,0.382
09/29/06 14:20,0.375
09/29/06 14:25,0.364
09/29/06 14:30,0.355
09/29/06 14:35,0.345
09/29/06 14:40,0.335
09/29/06 14:45,0.325
09/29/06 14:50,0.315
09/29/06 14:55,0.304
09/29/06 15:00,0.294
09/29/06 15:05,0.284
09/29/06 15:10,0.275
09/29/06 15:15,0.265
09/29/06 15:20,0.254
09/29/06 15:25,0.243
09/29/06 15:30,0.231
09/29/06 15:35,0.216
09/29/06 15:40,0.200
09/29/06 15:45,0.185
09/29/06 15:50,0.169
09/29/06 15:55,0.155
09/29/06 16:00,0.139
09/29/06 16:05,0.124
09/29/06 16:10,0.111
09/29/06 16:15,0.098
09/29/06 16:20,0.086
09/29/06 16:25,0.075
09/29/06 16:30,0.044
09/29/06 16:35,0.021
09/29/06 16:40,0.010
09/29/06 16:45,0.004
09/29/06 16:50,0.001
09/29/06 16:55,0.000
09/29/06 17:00,0.000
09/29/06 17:05,0.000
09/29/06 17:10,0.000
09/29/06 17:15,0.000
09/29/06 17:20,0.000
09/29/06 17:25,0.000
09/29/06 17:30,0.000
09/29/06 17:35,0.000
09/29/06 17:40,0.000
09/29/06 17:45,0.000
09/29/06 17:50,0.000
09/29/06 17:55,0.000
09/29/06 18:00,0.000
09/29/06 18:05,0.000
09/29/06 18:10,0.000
09/29/06 18:15,0.000
09/29/06 18:20,0.000
09/29/06 18:25,0.000
09/29/06 18:30,0.000
09/29/06 18:35,0.000
09/29/06 18:40,0.000
09/29/06 18:45,0.000
09/29/06 18:50,0.000
09/29/06 18:55,0.000
09/29/06 19:00,0.000
09/29/06 19:05,0.000
09/29/06 19:10,0.000
09/29/06 19:15,0.000
09/29/06 19:20,0.000
09/29/06 19:25,0.000
09/29/06 19:30,0.000
09/29/06 19:35,0.000
09/29/06 19:40,0.000
09/29/06 19:45,0.000
09/29/06 19:50,0.000
09/29/06 19:55,0.000
09/29/06 20:00,0.000
09/29/06 20:05,0.000
09/29/06 20:10,0.000
09/29/06 20:15,0.000
09/29/06 20:20,0.000
09/29/06 20:25,0.000
09/29/06 20:30,0.000
09/29/06 20:35,0.000
09/29/06 20:40,0.000
09/29/06 20:45,0.000
09/29/06 20:50,0.000
09/29/06 20:55,0.000
09/29/06 21:00,0.000
09/29/06 21:05,0.000
09/29/06 21:10,0.000
09/29/06 21:15,0.000
09/29/06 21:20,0.000
09/29/06 21:25,0.000
09/29/06 21:30,0.000
09/29/06 21:35,0.000
09/29/06 21:40,0.000
09/29/06 21:45,0.000
09/29/06 21:50,0.000
09/29/06 21:55,0.000
09/29/06 22:00,0.000
09/29/06 22:05,0.000
09/29/06 22:10,0.000
09/29/06 22:15,0.000
09/29/06 22:20,0.000
09/29/06 22:25,0.000
09/29/06 22:30,0.000
09/29/06 22:35,0.000
09/29/06 22:40,0.000
09/29/06 22:45,0.000
09/29/06 22:50,0.000
09/29/06 22:55,0.000
09/29/06 23:00,0.000
09/29/06 23:05,0.000
09/29/06 23:10,0.000
09/29/06 23:15,0.000
09/29/06 23:20,0.000
09/29/06 23:25,0.000
09/29/06 23:30,0.000
09/29/06 23:35,0.000
09/29/06 23:40,0.000
09/29/06 23:45,0.000
09/29/06 23:50,0.000
09/29/06 23:55,0.000
09/30/06 00:00,0.000
09/30/06 00:05,0.000
09/30/06 00:10,0.000
09/30/06 00:15,0.000
09/30/06 00:20,0.000
09/30/06 00:25,0.000
09/30/06 00:30,0.000
09/30/06 00:35,0.000
09/30/06 00:40,0.000
09/30/06 00:45,0.000
09/30/06 00:50,0.000
09/30/06 00:55,0.000
09/30/06 01:00,0.000
09/30/06 01:05,0.000
09/30/06 01:10,0.000
09/30/06 01:15,0.000
09/30/06 01:20,0.000
09/30/06 01:25,0.000
09/30/06 01:30,0.000
09/30/06 01:35,0.000
09/30/06 01:40,0.000
09/30/06 01:45,0.000
09/30/06 01:50,0.000
09/30/06 01:55,0.000
09/30/06 02:00,0.000
09/30/06 02:05,0.000
09/30/06 02:10,0.000
09/30/06 02:15,0.000
09/30/06 02:20,0.000
09/30/06 02:25,0.000
09/30/06 02:30,0.000
09/30/06 02:35,0.000
09/30/06 02:40,0.000
09/30/06 02:45,0.000
09/30/06 02:50,0.000
09/30/06 02:55,0.000
09/30/06 03:00,0.000
09/30/06 03:05,0.000
09/30/06 03:10,0.000
09/30/06 03:15,0.000
09/30/06 03:20,0.000
09/30/06 03:25,0.000
09/30/06 03:30,0.000
09/30/06 03:35,0.000
09/30/06 03:40,0.000
09/30/06 03:45,0.000
09/30/06 03:50,0.000
09/30/06 03:55,0.000
09/30/06 04:00,0.000
09/30/06 04:05,0.000
09/30/06 04:10,0.000
09/30/06 04:15,0.000
09/30/06 04:20,0.000
09/30/06 04:25,0.000
09/30/06 04:30,0.000
09/30/06 04:35,0.000
09/30/06 04:40,0.000
09/30/06 04:45,0.000
09/30/06 04:50,0.000
09/30/06 04:55,0.000
09/30/06 05:00,0.000
09/30/06 05:05,0.000
09/30/06 05:10,0.000
09/30/06 05:15,0.000
09/30/06 05:20,0.000
09/30/06 05:25,0.000
09/30/06 05:30,0.000
09/30/06 05:35,0.000
09/30/06 05:40,0.000
09/30/06 05:45,0.000
09/30/06 05:50,0.000
09/30/06 05:55,0.000
09/30/06 06:00,0.000
09/30/06 06:05,0.000
09/30/06 06:10,0.000
09/30/06 06:15,0.000
09/30/06 06:20,0.001
09/30/06 06:25,0.003
09/30/06 06:30,0.009
09/30/06 06:35,0.020
09/30/06 06:40,0.042
09/30/06 06:45,0.076
09/30/06 06:50,0.089
09/30/06 06:55,0.103
09/30/06 07:00,0.117
09/30/06 07:05,0.131
09/30/06 07:10,0.145
09/30/06 07:15,0.159
09/30/06 07:20,0.172
09/30/06 07:25,0.187
09/30/06 07:30,0.201
09/30/06 07:35,0.217
09/30/06 07:40,0.233
09/30/06 07:45,0.247
09/30/06 07:50,0.262
09/30/06 07:55,0.276
09/30/06 08:00,0.290
09/30/06 08:05,0.303
09/30/06 08:10,0.315
09/30/06 08:15,0.326
09/30/06 08:20,0.337
09/30/06 08:25,0.348
09/30/06 08:30,0.359
09/30/06 08:35,0.368
09/30/06 08:40,0.377
09/30/06 08:45,0.385
09/30/06 08:50,0.395
09/30/06 08:55,0.406
09/30/06 09:00,0.415
09/30/06 09:05,0.422
09/30/06 09:10,0.430
09/30/06 09:15,0.437
09/30/06 09:20,0.445
09/30/06 09:25,0.452
09/30/06 09:30,0.459
09/30/06 09:35,0.467
09/30/06 09:40,0.474
09/30/06 09:45,0.481
09/30/06 09:50,0.486
09/30/06 09:55,0.490
09/30/06 10:00,0.493
09/30/06 10:05,0.496
09/30/06 10:10,0.500
09/30/06 10:15,0.504
09/30/06 10:20,0.508
09/30/06 10:25,0.512
09/30/06 10:30,0.514
09/30/06 10:35,0.520
09/30/06 10:40,0.525
09/30/06 10:45,0.529
09/30/06 10:50,0.532
09/30/06 10:55,0.536
09/30/06 11:00,0.540
09/30/06 11:05,0.543
09/30/06 11:10,0.545
09/30/06 11:15,0.545
09/30/06 11:20,0.548
09/30/06 11:25,0.550
09/30/06 11:30,0.551
09/30/06 11:35,0.553
09/30/06 11:40,0.554
09/30/06 11:45,0.554
09/30/06 11:50,0.553
09/30/06 11:55,0.551
09/30/06 12:00,0.550
09/30/06 12:05,0.550
09/30/06 12:10,0.550
09/30/06 12:15,0.550
09/30/06 12:20,0.548
09/30/06 12:25,0.547
09/30/06 12:30,0.544
09/30/06 12:35,0.541
09/30/06 12:40,0.539
09/30/06 12:45,0.537
09/30/06 12:50,0.534
09/30/06 12:55,0.529
09/30/06 13:00,0.525
09/30/06 13:05,0.520
09/30/06 13:10,0.513
09/30/06 13:15,0.505
09/30/06 13:20,0.497
09/30/06 13:25,0.489
09/30/06 13:30,0.481
09/30/06 13:35,0.471
09/30/06 13:40,0.463
09/30/06 13:45,0.454
09/30/06 13:50,0.445
09/30/06 13:55,0.439
09/30/06 14:00,0.432
09/30/06 14:05,0.422
09/30/06 14:10,0.413
09/30/06 14:15,0.403
09/30/06 14:20,0.391
09/30/06 14:25,0.382
09/30/06 14:30,0.374
09/30/06 14:35,0.363
09/30/06 14:40,0.350
09/30/06 14:45,0.338
09/30/06 14:50,0.327
09/30/06 14:55,0.315
09/30/06 15:00,0.304
09/30/06 15:05,0.292
09/30/06 15:10,0.281
09/30/06 15:15,0.270
09/30/06 15:20,0.258
09/30/06 15:25,0.246
09/30/06 15:30,0.235
09/30/06 15:35,0.224
09/30/06 15:40,0.212
09/30/06 15:45,0.199
09/30/06 15:50,0.185
09/30/06 15:55,0.171
09/30/06 16:00,0.156
09/30/06 16:05,0.141
09/30/06 16:10,0.126
09/30/06 16:15,0.112
09/30/06 16:20,0.098
09/30/06 16:25,0.085
09/30/06 16:30,0.069
09/30/06 16:35,0.034
09/30/06 16:40,0.016
09/30/06 16:45,0.006
09/30/06 16:50,0.002
09/30/06 16:55,0.000
09/30/06 17:00,0.000
09/30/06 17:05,0.000
09/30/06 17:10,0.000
09/30/06 17:15,0.000
09/30/06 17:20,0.000
09/30/06 17:25,0.000
09/30/06 17:30,0.000
09/30/06 17:35,0.000
09/30/06 17:40,0.000
09/30/06 17:45,0.000
09/30/06 17:50,0.000
09/30/06 17:55,0.000
09/30/06 18:00,0.000
09/30/06 18:05,0.000
09/30/06 18:10,0.000
09/30/06 18:15,0.000
09/30/06 18:20,0.000
09/30/06 18:25,0.000
09/30/06 18:30,0.000
09/30/06 18:35,0.000
09/30/06 18:40,0.000
09/30/06 18:45,0.000
09/30/06 18:50,0.000
09/30/06 18:55,0.000
09/30/06 19:00,0.000
09/30/06 19:05,0.000
09/30/06 19:10,0.000
09/30/06 19:15,0.000
09/30/06 19:20,0.000
09/30/06 19:25,0.000
09/30/06 19:30,0.000
09/30/06 19:35,0.000
09/30/06 19:40,0.000
09/30/06 19:45,0.000
09/30/06 19:50,0.000
09/30/06 19:55,0.000
09/30/06 20:00,0.000
09/30/06 20:05,0.000
09/30/06 20:10,0.000
09/30/06 20:15,0.000
09/30/06 20:20,0.000
09/30/06 20:25,0.000
09/30/06 20:30,0.000
09/30/06 20:35,0.000
09/30/06 20:40,0.000
09/30/06 20:45,0.000
09/30/06 20:50,0.000
09/30/06 20:55,0.000
09/30/06 21:00,0.000
09/30/06 21:05,0.000
09/30/06 21:10,0.000
09/30/06 21:15,0.000
09/30/06 21:20,0.000
09/30/06 21:25,0.000
09/30/06 21:30,0.000
09/30/06 21:35,0.000
09/30/06 21:40,0.000
09/30/06 21:45,0.000
09/30/06 21:50,0.000
09/30/06 21:55,0.000
09/30/06 22:00,0.000
09/30/06 22:05,0.000
09/30/06 22:10,0.000
09/30/06 22:15,0.000
09/30/06 22:20,0.000
09/30/06 22:25,0.000
09/30/06 22:30,0.000
09/30/06 22:35,0.000
09/30/06 22:40,0.000
09/30/06 22:45,0.000
09/30/06 22:50,0.000
09/30/06 22:55,0.000
09/30/06 23:00,0.000
09/30/06 23:05,0.000
09/30/06 23:10,0.000
09/30/06 23:15,0.000
09/30/06 23:20,0.000
09/30/06 23:25,0.000
09/30/06 23:30,0.000
09/30/06 23:35,0.000
09/30/06 23:40,0.000
09/30/06 23:45,0.000
09/30/06 23:50,0.000
09/30/06 23:55,0.000
10/01/06 00:00,0.000
10/01/06 00:05,0.000
10/01/06 00:10,0.000
10/01/06 00:15,0.000
10/01/06 00:20,0.000
10/01/06 00:25,0.000
10/01/06 00:30,0.000
10/01/06 00:35,0.000
10/01/06 00:40,0.000
10/01/06 00:45,0.000
10/01/06 00:50,0.000
10/01/06 00:55,0.000
10/01/06 01:00,0.000
10/01/06 01:05,0.000
10/01/06 01:10,0.000
10/01/06 01:15,0.000
10/01/06 01:20,0.000
10/01/06 01:25,0.000
10/01/06 01:30,0.000
10/01/06 01:35,0.000
10/01/06 01:40,0.000
10/01/06 01:45,0.000
10/01/06 01:50,0.000
10/01/06 01:55,0.000
10/01/06 02:00,0.000
10/01/06 02:05,0.000
10/01/06 02:10,0.000
10/01/06 02:15,0.000
10/01/06 02:20,0.000
10/01/06 02:25,0.000
10/01/06 02:30,0.000
10/01/06 02:35,0.000
10/01/06 02:40,0.000
10/01/06 02:45,0.000
10/01/06 02:50,0.000
10/01/06 02:55,0.000
10/01/06 03:00,0.000
10/01/06 03:05,0.000
10/01/06 03:10,0.000
10/01/06 03:15,0.000
10/01/06 03:20,0.000
10/01/06 03:25,0.000
10/01/06 03:30,0.000
10/01/06 03:35,0.000
10/01/06 03:40,0.000
10/01/06 03:45,0.000
10/01/06 03:50,0.000
10/01/06 03:55,0.000
10/01/06 04:00,0.000
10/01/06 04:05,0.000
10/01/06 04:10,0.000
10/01/06 04:15,0.000
10/01/06 04:20,0.000
10/01/06 04:25,0.000
10/01/06 04:30,0.000
10/01/06 04:35,0.000
10/01/06 04:40,0.000
10/01/06 04:45,0.000
10/01/06 04:50,0.000
10/01/06 04:55,0.000
10/01/06 05:00,0.000
10/01/06 05:05,0.000
10/01/06 05:10,0.000
10/01/06 05:15,0.000
10/01/06 05:20,0.000
10/01/06 05:25,0.000
10/01/06 05:30,0.000
10/01/06 05:35,0.000
10/01/06 05:40,0.000
10/01/06 05:45,0.000
10/01/06 05:50,0.000
10/01/06 05:55,0.000
10/01/06 06:00,0.000
10/01/06 06:05,0.000
10/01/06 06:10,0.000
10/01/06 06:15,0.000
10/01/06 06:20,0.001
10/01/06 06:25,0.004
10/01/06 06:30,0.010
10/01/06 06:35,0.024
10/01/06 06:40,0.050
10/01/06 06:45,0.080
10/01/06 06:50,0.094
10/01/06 06:55,0.107
10/01/06 07:00,0.121
10/01/06 07:05,0.135
10/01/06 07:10,0.149
10/01/06 07:15,0.163
10/01/06 07:20,0.178
10/01/06 07:25,0.193
10/01/06 07:30,0.207
10/01/06 07:35,0.222
10/01/06 07:40,0.236
10/01/06 07:45,0.250
10/01/06 07:50,0.263
10/01/06 07:55,0.277
10/01/06 08:00,0.290
10/01/06 08:05,0.302
10/01/06 08:10,0.314
10/01/06 08:15,0.325
10/01/06 08:20,0.332
10/01/06 08:25,0.340
10/01/06 08:30,0.346
10/01/06 08:35,0.352
10/01/06 08:40,0.359
10/01/06 08:45,0.366
10/01/06 08:50,0.373
10/01/06 08:55,0.383
10/01/06 09:00,0.392
10/01/06 09:05,0.401
10/01/06 09:10,0.411
10/01/06 09:15,0.418
10/01/06 09:20,0.424
10/01/06 09:25,0.431
10/01/06 09:30,0.438
10/01/06 09:35,0.444
10/01/06 09:40,0.450
10/01/06 09:45,0.454
10/01/06 09:50,0.458
10/01/06 09:55,0.462
10/01/06 10:00,0.468
10/01/06 10:05,0.486
10/01/06 10:10,0.509
10/01/06 10:15,0.525
10/01/06 10:20,0.538
10/01/06 10:25,0.537
10/01/06 10:30,0.529
10/01/06 10:35,0.520
10/01/06 10:40,0.518
10/01/06 10:45,0.514
10/01/06 10:50,0.515
10/01/06 10:55,0.523
10/01/06 11:00,0.517
10/01/06 11:05,0.505
10/01/06 11:10,0.493
10/01/06 11:15,0.484
10/01/06 11:20,0.478
10/01/06 11:25,0.472
10/01/06 11:30,0.469
10/01/06 11:35,0.467
10/01/06 11:40,0.467
10/01/06 11:45,0.466
10/01/06 11:50,0.465
10/01/06 11:55,0.462
10/01/06 12:00,0.459
10/01/06 12:05,0.451
10/01/06 12:10,0.442
10/01/06 12:15,0.442
10/01/06 12:20,0.440
10/01/06 12:25,0.441
10/01/06 12:30,0.443
10/01/06 12:35,0.442
10/01/06 12:40,0.440
10/01/06 12:45,0.441
10/01/06 12:50,0.442
10/01/06 12:55,0.442
10/01/06 13:00,0.449
10/01/06 13:05,0.453
10/01/06 13:10,0.437
10/01/06 13:15,0.410
10/01/06 13:20,0.384
10/01/06 13:25,0.365
10/01/06 13:30,0.350
10/01/06 13:35,0.345
10/01/06 13:40,0.342
10/01/06 13:45,0.335
10/01/06 13:50,0.330
10/01/06 13:55,0.327
10/01/06 14:00,0.330
10/01/06 14:05,0.341
10/01/06 14:10,0.346
10/01/06 14:15,0.344
10/01/06 14:20,0.340
10/01/06 14:25,0.340
10/01/06 14:30,0.341
10/01/06 14:35,0.356
10/01/06 14:40,0.357
10/01/06 14:45,0.353
10/01/06 14:50,0.348
10/01/06 14:55,0.338
10/01/06 15:00,0.315
10/01/06 15:05,0.293
10/01/06 15:10,0.274
10/01/06 15:15,0.256
10/01/06 15:20,0.240
10/01/06 15:25,0.225
10/01/06 15:30,0.210
10/01/06 15:35,0.196
10/01/06 15:40,0.183
10/01/06 15:45,0.170
10/01/06 15:50,0.158
10/01/06 15:55,0.145
10/01/06 16:00,0.130
10/01/06 16:05,0.119
10/01/06 16:10,0.109
10/01/06 16:15,0.096
10/01/06 16:20,0.083
10/01/06 16:25,0.052
10/01/06 16:30,0.024
10/01/06 16:35,0.010
10/01/06 16:40,0.005
10/01/06 16:45,0.002
10/01/06 16:50,0.000
10/01/06 16:55,0.000
10/01/06 17:00,0.000
10/01/06 17:05,0.000
10/01/06 17:10,0.000
10/01/06 17:15,0.000
10/01/06 17:20,0.000
10/01/06 17:25,0.000
10/01/06 17:30,0.000
10/01/06 17:35,0.000
10/01/06 17:40,0.000
10/01/06 17:45,0.000
10/01/06 17:50,0.000
10/01/06 17:55,0.000
10/01/06 18:00,0.000
10/01/06 18:05,0.000
10/01/06 18:10,0.000
10/01/06 18:15,0.000
10/01/06 18:20,0.000
10/01/06 18:25,0.000
10/01/06 18:30,0.000
10/01/06 18:35,0.000
10/01/06 18:40,0.000
10/01/06 18:45,0.000
10/01/06 18:50,0.000
10/01/06 18:55,0.000
10/01/06 19:00,0.000
10/01/06 19:05,0.000
10/01/06 19:10,0.000
10/01/06 19:15,0.000
10/01/06 19:20,0.000
10/01/06 19:25,0.000
10/01/06 19:30,0.000
10/01/06 19:35,0.000
10/01/06 19:40,0.000
10/01/06 19:45,0.000
10/01/06 19:50,0.000
10/01/06 19:55,0.000
10/01/06 20:00,0.000
10/01/06 20:05,0.000
10/01/06 20:10,0.000
10/01/06 20:15,0.000
10/01/06 20:20,0.000
10/01/06 20:25,0.000
10/01/06 20:30,0.000
10/01/06 20:35,0.000
10/01/06 20:40,0.000
10/01/06 20:45,0.000
10/01/06 20:50,0.000
10/01/06 20:55,0.000
10/01/06 21:00,0.000
10/01/06 21:05,0.000
10/01/06 21:10,0.000
10/01/06 21:15,0.000
10/01/06 21:20,0.000
10/01/06 21:25,0.000
10/01/06 21:30,0.000
10/01/06 21:35,0.000
10/01/06 21:40,0.000
10/01/06 21:45,0.000
10/01/06 21:50,0.000
10/01/06 21:55,0.000
10/01/06 22:00,0.000
10/01/06 22:05,0.000
10/01/06 22:10,0.000
10/01/06 22:15,0.000
10/01/06 22:20,0.000
10/01/06 22:25,0.000
10/01/06 22:30,0.000
10/01/06 22:35,0.000
10/01/06 22:40,0.000
10/01/06 22:45,0.000
10/01/06 22:50,0.000
10/01/06 22:55,0.000
10/01/06 23:00,0.000
10/01/06 23:05,0.000
10/01/06 23:10,0.000
10/01/06 23:15,0.000
10/01/06 23:20,0.000
10/01/06 23:25,0.000
10/01/06 23:30,0.000
10/01/06 23:35,0.000
10/01/06 23:40,0.000
10/01/06 23:45,0.000
10/01/06 23:50,0.000
10/01/06 23:55,0.000
10/02/06 00:00,0.000
10/02/06 00:05,0.000
10/02/06 00:10,0.000
10/02/06 00:15,0.000
10/02/06 00:20,0.000
10/02/06 00:25,0.000
10/02/06 00:30,0.000
10/02/06 00:35,0.000
10/02/06 00:40,0.000
10/02/06 00:45,0.000
10/02/06 00:50,0.000
10/02/06 00:55,0.000
10/02/06 01:00,0.000
10/02/06 01:05,0.000
10/02/06 01:10,0.000
10/02/06 01:15,0.000
10/02/06 01:20,0.000
10/02/06 01:25,0.000
10/02/06 01:30,0.000
10/02/06 01:35,0.000
10/02/06 01:40,0.000
10/02/06 01:45,0.000
10/02/06 01:50,0.000
10/02/06 01:55,0.000
10/02/06 02:00,0.000
10/02/06 02:05,0.000
10/02/06 02:10,0.000
10/02/06 02:15,0.000
10/02/06 02:20,0.000
10/02/06 02:25,0.000
10/02/06 02:30,0.000
10/02/06 02:35,0.000
10/02/06 02:40,0.000
10/02/06 02:45,0.000
10/02/06 02:50,0.000
10/02/06 02:55,0.000
10/02/06 03:00,0.000
10/02/06 03:05,0.000
10/02/06 03:10,0.000
10/02/06 03:15,0.000
10/02/06 03:20,0.000
10/02/06 03:25,0.000
10/02/06 03:30,0.000
10/02/06 03:35,0.000
10/02/06 03:40,0.000
10/02/06 03:45,0.000
10/02/06 03:50,0.000
10/02/06 03:55,0.000
10/02/06 04:00,0.000
10/02/06 04:05,0.000
10/02/06 04:10,0.000
10/02/06 04:15,0.000
10/02/06 04:20,0.000
10/02/06 04:25,0.000
10/02/06 04:30,0.000
10/02/06 04:35,0.000
10/02/06 04:40,0.000
10/02/06 04:45,0.000
10/02/06 04:50,0.000
10/02/06 04:55,0.000
10/02/06 05:00,0.000
10/02/06 05:05,0.000
10/02/06 05:10,0.000
10/02/06 05:15,0.000
10/02/06 05:20,0.000
10/02/06 05:25,0.000
10/02/06 05:30,0.000
10/02/06 05:35,0.000
10/02/06 05:40,0.000
10/02/06 05:45,0.000
10/02/06 05:50,0.000
10/02/06 05:55,0.000
10/02/06 06:00,0.000
10/02/06 06:05,0.000
10/02/06 06:10,0.000
10/02/06 06:15,0.000
10/02/06 06:20,0.000
10/02/06 06:25,0.000
10/02/06 06:30,0.000
10/02/06 06:35,0.000
10/02/06 06:40,0.002
10/02/06 06:45,0.008
10/02/06 06:50,0.032
10/02/06 06:55,0.078
10/02/06 07:00,0.094
10/02/06 07:05,0.099
10/02/06 07:10,0.099
10/02/06 07:15,0.094
10/02/06 07:20,0.089
10/02/06 07:25,0.105
10/02/06 07:30,0.113
10/02/06 07:35,0.103
10/02/06 07:40,0.131
10/02/06 07:45,0.165
10/02/06 07:50,0.183
10/02/06 07:55,0.187
10/02/06 08:00,0.192
10/02/06 08:05,0.201
10/02/06 08:10,0.216
10/02/06 08:15,0.234
10/02/06 08:20,0.250
10/02/06 08:25,0.263
10/02/06 08:30,0.273
10/02/06 08:35,0.276
10/02/06 08:40,0.285
10/02/06 08:45,0.302
10/02/06 08:50,0.321
10/02/06 08:55,0.341
10/02/06 09:00,0.343
10/02/06 09:05,0.342
10/02/06 09:10,0.345
10/02/06 09:15,0.348
10/02/06 09:20,0.352
10/02/06 09:25,0.358
10/02/06 09:30,0.367
10/02/06 09:35,0.376
10/02/06 09:40,0.384
10/02/06 09:45,0.392
10/02/06 09:50,0.401
10/02/06 09:55,0.410
10/02/06 10:00,0.421
10/02/06 10:05,0.429
10/02/06 10:10,0.436
10/02/06 10:15,0.445
10/02/06 10:20,0.457
10/02/06 10:25,0.469
10/02/06 10:30,0.478
10/02/06 10:35,0.485
10/02/06 10:40,0.491
10/02/06 10:45,0.496
10/02/06 10:50,0.501
10/02/06 10:55,0.504
10/02/06 11:00,0.500
10/02/06 11:05,0.496
10/02/06 11:10,0.495
10/02/06 11:15,0.497
10/02/06 11:20,0.496
10/02/06 11:25,0.497
10/02/06 11:30,0.498
10/02/06 11:35,0.500
10/02/06 11:40,0.502
10/02/06 11:45,0.505
10/02/06 11:50,0.508
10/02/06 11:55,0.511
10/02/06 12:00,0.510
10/02/06 12:05,0.509
10/02/06 12:10,0.508
10/02/06 12:15,0.510
10/02/06 12:20,0.515
10/02/06 12:25,0.518
10/02/06 12:30,0.510
10/02/06 12:35,0.505
10/02/06 12:40,0.503
10/02/06 12:45,0.499
10/02/06 12:50,0.498
10/02/06 12:55,0.494
10/02/06 13:00,0.492
10/02/06 13:05,0.489
10/02/06 13:10,0.483
10/02/06 13:15,0.477
10/02/06 13:20,0.472
10/02/06 13:25,0.466
10/02/06 13:30,0.461
10/02/06 13:35,0.456
10/02/06 13:40,0.450
10/02/06 13:45,0.443
10/02/06 13:50,0.437
10/02/06 13:55,0.431
10/02/06 14:00,0.424
10/02/06 14:05,0.419
10/02/06 14:10,0.411
10/02/06 14:15,0.403
10/02/06 14:20,0.390
10/02/06 14:25,0.380
10/02/06 14:30,0.368
10/02/06 14:35,0.354
10/02/06 14:40,0.340
10/02/06 14:45,0.327
10/02/06 14:50,0.314
10/02/06 14:55,0.302
10/02/06 15:00,0.289
10/02/06 15:05,0.278
10/02/06 15:10,0.265
10/02/06 15:15,0.253
10/02/06 15:20,0.240
10/02/06 15:25,0.227
10/02/06 15:30,0.214
10/02/06 15:35,0.201
10/02/06 15:40,0.187
10/02/06 15:45,0.175
10/02/06 15:50,0.162
10/02/06 15:55,0.148
10/02/06 16:00,0.134
10/02/06 16:05,0.120
10/02/06 16:10,0.106
10/02/06 16:15,0.093
10/02/06 16:20,0.080
10/02/06 16:25,0.052
10/02/06 16:30,0.027
10/02/06 16:35,0.012
10/02/06 16:40,0.005
10/02/06 16:45,0.002
10/02/06 16:50,0.000
10/02/06 16:55,0.000
10/02/06 17:00,0.000
10/02/06 17:05,0.000
10/02/06 17:10,0.000
10/02/06 17:15,0.000
10/02/06 17:20,0.000
10/02/06 17:25,0.000
10/02/06 17:30,0.000
10/02/06 17:35,0.000
10/02/06 17:40,0.000
10/02/06 17:45,0.000
10/02/06 17:50,0.000
10/02/06 17:55,0.000
10/02/06 18:00,0.000
10/02/06 18:05,0.000
10/02/06 18:10,0.000
10/02/06 18:15,0.000
10/02/06 18:20,0.000
10/02/06 18:25,0.000
10/02/06 18:30,0.000
10/02/06 18:35,0.000
10/02/06 18:40,0.000
10/02/06 18:45,0.000
10/02/06 18:50,0.000
10/02/06 18:55,0.000
10/02/06 19:00,0.000
10/02/06 19:05,0.000
10/02/06 19:10,0.000
10/02/06 19:15,0.000
10/02/06 19:20,0.000
10/02/06 19:25,0.000
10/02/06 19:30,0.000
10/02/06 19:35,0.000
10/02/06 19:40,0.000
10/02/06 19:45,0.000
10/02/06 19:50,0.000
10/02/06 19:55,0.000
10/02/06 20:00,0.000
10/02/06 20:05,0.000
10/02/06 20:10,0.000
10/02/06 20:15,0.000
10/02/06 20:20,0.000
10/02/06 20:25,0.000
10/02/06 20:30,0.000
10/02/06 20:35,0.000
10/02/06 20:40,0.000
10/02/06 20:45,0.000
10/02/06 20:50,0.000
10/02/06 20:55,0.000
10/02/06 21:00,0.000
10/02/06 21:05,0.000
10/02/06 21:10,0.000
10/02/06 21:15,0.000
10/02/06 21:20,0.000
10/02/06 21:25,0.000
10/02/06 21:30,0.000
10/02/06 21:35,0.000
10/02/06 21:40,0.000
10/02/06 21:45,0.000
10/02/06 21:50,0.000
10/02/06 21:55,0.000
10/02/06 22:00,0.000
10/02/06 22:05,0.000
10/02/06 22:10,0.000
10/02/06 22:15,0.000
10/02/06 22:20,0.000
10/02/06 22:25,0.000
10/02/06 22:30,0.000
10/02/06 22:35,0.000
10/02/06 22:40,0.000
10/02/06 22:45,0.000
10/02/06 22:50,0.000
10/02/06 22:55,0.000
10/02/06 23:00,0.000
10/02/06 23:05,0.000
10/02/06 23:10,0.000
10/02/06 23:15,0.000
10/02/06 23:20,0.000
10/02/06 23:25,0.000
10/02/06 23:30,0.000
10/02/06 23:35,0.000
10/02/06 23:40,0.000
10/02/06 23:45,0.000
10/02/06 23:50,0.000
10/02/06 23:55,0.000
10/03/06 00:00,0.000
10/03/06 00:05,0.000
10/03/06 00:10,0.000
10/03/06 00:15,0.000
10/03/06 00:20,0.000
10/03/06 00:25,0.000
10/03/06 00:30,0.000
10/03/06 00:35,0.000
10/03/06 00:40,0.000
10/03/06 00:45,0.000
10/03/06 00:50,0.000
10/03/06 00:55,0.000
10/03/06 01:00,0.000
10/03/06 01:05,0.000
10/03/06 01:10,0.000
10/03/06 01:15,0.000
10/03/06 01:20,0.000
10/03/06 01:25,0.000
10/03/06 01:30,0.000
10/03/06 01:35,0.000
10/03/06 01:40,0.000
10/03/06 01:45,0.000
10/03/06 01:50,0.000
10/03/06 01:55,0.000
10/03/06 02:00,0.000
10/03/06 02:05,0.000
10/03/06 02:10,0.000
10/03/06 02:15,0.000
10/03/06 02:20,0.000
10/03/06 02:25,0.000
10/03/06 02:30,0.000
10/03/06 02:35,0.000
10/03/06 02:40,0.000
10/03/06 02:45,0.000
10/03/06 02:50,0.000
10/03/06 02:55,0.000
10/03/06 03:00,0.000
10/03/06 03:05,0.000
10/03/06 03:10,0.000
10/03/06 03:15,0.000
10/03/06 03:20,0.000
10/03/06 03:25,0.000
10/03/06 03:30,0.000
10/03/06 03:35,0.000
10/03/06 03:40,0.000
10/03/06 03:45,0.000
10/03/06 03:50,0.000
10/03/06 03:55,0.000
10/03/06 04:00,0.000
10/03/06 04:05,0.000
10/03/06 04:10,0.000
10/03/06 04:15,0.000
10/03/06 04:20,0.000
10/03/06 04:25,0.000
10/03/06 04:30,0.000
10/03/06 04:35,0.000
10/03/06 04:40,0.000
10/03/06 04:45,0.000
10/03/06 04:50,0.000
10/03/06 04:55,0.000
10/03/06 05:00,0.000
10/03/06 05:05,0.000
10/03/06 05:10,0.000
10/03/06 05:15,0.000
10/03/06 05:20,0.000
10/03/06 05:25,0.000
10/03/06 05:30,0.000
10/03/06 05:35,0.000
10/03/06 05:40,0.000
10/03/06 05:45,0.000
10/03/06 05:50,0.000
10/03/06 05:55,0.000
10/03/06 06:00,0.000
10/03/06 06:05,0.000
10/03/06 06:10,0.000
10/03/06 06:15,0.000
10/03/06 06:20,0.002
10/03/06 06:25,0.003
10/03/06 06:30,0.007
10/03/06 06:35,0.004
10/03/06 06:40,0.003
10/03/06 06:45,0.012
10/03/06 06:50,0.011
10/03/06 06:55,0.009
10/03/06 07:00,0.040
10/03/06 07:05,0.080
10/03/06 07:10,0.100
10/03/06 07:15,0.114
10/03/06 07:20,0.129
10/03/06 07:25,0.154
10/03/06 07:30,0.167
10/03/06 07:35,0.169
10/03/06 07:40,0.159
10/03/06 07:45,0.200
10/03/06 07:50,0.231
10/03/06 07:55,0.241
10/03/06 08:00,0.240
10/03/06 08:05,0.244
10/03/06 08:10,0.251
10/03/06 08:15,0.260
10/03/06 08:20,0.270
10/03/06 08:25,0.282
10/03/06 08:30,0.295
10/03/06 08:35,0.308
10/03/06 08:40,0.320
10/03/06 08:45,0.334
10/03/06 08:50,0.345
10/03/06 08:55,0.357
10/03/06 09:00,0.349
10/03/06 09:05,0.292
10/03/06 09:10,0.258
10/03/06 09:15,0.284
10/03/06 09:20,0.304
10/03/06 09:25,0.314
10/03/06 09:30,0.316
10/03/06 09:35,0.334
10/03/06 09:40,0.334
10/03/06 09:45,0.345
10/03/06 09:50,0.361
10/03/06 09:55,0.353
10/03/06 10:00,0.335
10/03/06 10:05,0.345
10/03/06 10:10,0.355
10/03/06 10:15,0.379
10/03/06 10:20,0.396
10/03/06 10:25,0.406
10/03/06 10:30,0.418
10/03/06 10:35,0.420
10/03/06 10:40,0.398
10/03/06 10:45,0.350
10/03/06 10:50,0.376
10/03/06 10:55,0.396
10/03/06 11:00,0.385
10/03/06 11:05,0.312
10/03/06 11:10,0.299
10/03/06 11:15,0.306
10/03/06 11:20,0.329
10/03/06 11:25,0.352
10/03/06 11:30,0.353
10/03/06 11:35,0.326
10/03/06 11:40,0.290
10/03/06 11:45,0.281
10/03/06 11:50,0.279
10/03/06 11:55,0.253
10/03/06 12:00,0.254
10/03/06 12:05,0.240
10/03/06 12:10,0.274
10/03/06 12:15,0.316
10/03/06 12:20,0.313
10/03/06 12:25,0.358
10/03/06 12:30,0.389
10/03/06 12:35,0.376
10/03/06 12:40,0.354
10/03/06 12:45,0.345
10/03/06 12:50,0.349
10/03/06 12:55,0.368
10/03/06 13:00,0.363
10/03/06 13:05,0.354
10/03/06 13:10,0.347
10/03/06 13:15,0.342
10/03/06 13:20,0.332
10/03/06 13:25,0.324
10/03/06 13:30,0.338
10/03/06 13:35,0.347
10/03/06 13:40,0.349
10/03/06 13:45,0.343
10/03/06 13:50,0.326
10/03/06 13:55,0.307
10/03/06 14:00,0.263
10/03/06 14:05,0.231
10/03/06 14:10,0.231
10/03/06 14:15,0.213
10/03/06 14:20,0.182
10/03/06 14:25,0.164
10/03/06 14:30,0.152
10/03/06 14:35,0.143
10/03/06 14:40,0.137
10/03/06 14:45,0.128
10/03/06 14:50,0.126
10/03/06 14:55,0.128
10/03/06 15:00,0.123
10/03/06 15:05,0.115
10/03/06 15:10,0.106
10/03/06 15:15,0.097
10/03/06 15:20,0.088
10/03/06 15:25,0.080
10/03/06 15:30,0.057
10/03/06 15:35,0.036
10/03/06 15:40,0.020
10/03/06 15:45,0.012
10/03/06 15:50,0.008
10/03/06 15:55,0.005
10/03/06 16:00,0.003
10/03/06 16:05,0.002
10/03/06 16:10,0.001
10/03/06 16:15,0.000
10/03/06 16:20,0.000
10/03/06 16:25,0.000
10/03/06 16:30,0.000
10/03/06 16:35,0.000
10/03/06 16:40,0.000
10/03/06 16:45,0.000
10/03/06 16:50,0.000
10/03/06 16:55,0.000
10/03/06 17:00,0.000
10/03/06 17:05,0.000
10/03/06 17:10,0.000
10/03/06 17:15,0.000
10/03/06 17:20,0.000
10/03/06 17:25,0.000
10/03/06 17:30,0.000
10/03/06 17:35,0.000
10/03/06 17:40,0.000
10/03/06 17:45,0.000
10/03/06 17:50,0.000
10/03/06 17:55,0.000
10/03/06 18:00,0.000
10/03/06 18:05,0.000
10/03/06 18:10,0.000
10/03/06 18:15,0.000
10/03/06 18:20,0.000
10/03/06 18:25,0.000
10/03/06 18:30,0.000
10/03/06 18:35,0.000
10/03/06 18:40,0.000
10/03/06 18:45,0.000
10/03/06 18:50,0.000
10/03/06 18:55,0.000
10/03/06 19:00,0.000
10/03/06 19:05,0.000
10/03/06 19:10,0.000
10/03/06 19:15,0.000
10/03/06 19:20,0.000
10/03/06 19:25,0.000
10/03/06 19:30,0.000
10/03/06 19:35,0.000
10/03/06 19:40,0.000
10/03/06 19:45,0.000
10/03/06 19:50,0.000
10/03/06 19:55,0.000
10/03/06 20:00,0.000
10/03/06 20:05,0.000
10/03/06 20:10,0.000
10/03/06 20:15,0.000
10/03/06 20:20,0.000
10/03/06 20:25,0.000
10/03/06 20:30,0.000
10/03/06 20:35,0.000
10/03/06 20:40,0.000
10/03/06 20:45,0.000
10/03/06 20:50,0.000
10/03/06 20:55,0.000
10/03/06 21:00,0.000
10/03/06 21:05,0.000
10/03/06 21:10,0.000
10/03/06 21:15,0.000
10/03/06 21:20,0.000
10/03/06 21:25,0.000
10/03/06 21:30,0.000
10/03/06 21:35,0.000
10/03/06 21:40,0.000
10/03/06 21:45,0.000
10/03/06 21:50,0.000
10/03/06 21:55,0.000
10/03/06 22:00,0.000
10/03/06 22:05,0.000
10/03/06 22:10,0.000
10/03/06 22:15,0.000
10/03/06 22:20,0.000
10/03/06 22:25,0.000
10/03/06 22:30,0.000
10/03/06 22:35,0.000
10/03/06 22:40,0.000
10/03/06 22:45,0.000
10/03/06 22:50,0.000
10/03/06 22:55,0.000
10/03/06 23:00,0.000
10/03/06 23:05,0.000
10/03/06 23:10,0.000
10/03/06 23:15,0.000
10/03/06 23:20,0.000
10/03/06 23:25,0.000
10/03/06 23:30,0.000
10/03/06 23:35,0.000
10/03/06 23:40,0.000
10/03/06 23:45,0.000
10/03/06 23:50,0.000
10/03/06 23:55,0.000
10/04/06 00:00,0.000
10/04/06 00:05,0.000
10/04/06 00:10,0.000
10/04/06 00:15,0.000
10/04/06 00:20,0.000
10/04/06 00:25,0.000
10/04/06 00:30,0.000
10/04/06 00:35,0.000
10/04/06 00:40,0.000
10/04/06 00:45,0.000
10/04/06 00:50,0.000
10/04/06 00:55,0.000
10/04/06 01:00,0.000
10/04/06 01:05,0.000
10/04/06 01:10,0.000
10/04/06 01:15,0.000
10/04/06 01:20,0.000
10/04/06 01:25,0.000
10/04/06 01:30,0.000
10/04/06 01:35,0.000
10/04/06 01:40,0.000
10/04/06 01:45,0.000
10/04/06 01:50,0.000
10/04/06 01:55,0.000
10/04/06 02:00,0.000
10/04/06 02:05,0.000
10/04/06 02:10,0.000
10/04/06 02:15,0.000
10/04/06 02:20,0.000
10/04/06 02:25,0.000
10/04/06 02:30,0.000
10/04/06 02:35,0.000
10/04/06 02:40,0.000
10/04/06 02:45,0.000
10/04/06 02:50,0.000
10/04/06 02:55,0.000
10/04/06 03:00,0.000
10/04/06 03:05,0.000
10/04/06 03:10,0.000
10/04/06 03:15,0.000
10/04/06 03:20,0.000
10/04/06 03:25,0.000
10/04/06 03:30,0.000
10/04/06 03:35,0.000
10/04/06 03:40,0.000
10/04/06 03:45,0.000
10/04/06 03:50,0.000
10/04/06 03:55,0.000
10/04/06 04:00,0.000
10/04/06 04:05,0.000
10/04/06 04:10,0.000
10/04/06 04:15,0.000
10/04/06 04:20,0.000
10/04/06 04:25,0.000
10/04/06 04:30,0.000
10/04/06 04:35,0.000
10/04/06 04:40,0.000
10/04/06 04:45,0.000
10/04/06 04:50,0.000
10/04/06 04:55,0.000
10/04/06 05:00,0.000
10/04/06 05:05,0.000
10/04/06 05:10,0.000
10/04/06 05:15,0.000
10/04/06 05:20,0.000
10/04/06 05:25,0.000
10/04/06 05:30,0.000
10/04/06 05:35,0.000
10/04/06 05:40,0.000
10/04/06 05:45,0.000
10/04/06 05:50,0.000
10/04/06 05:55,0.000
10/04/06 06:00,0.000
10/04/06 06:05,0.000
10/04/06 06:10,0.000
10/04/06 06:15,0.000
10/04/06 06:20,0.000
10/04/06 06:25,0.000
10/04/06 06:30,0.000
10/04/06 06:35,0.000
10/04/06 06:40,0.000
10/04/06 06:45,0.001
10/04/06 06:50,0.001
10/04/06 06:55,0.001
10/04/06 07:00,0.001
10/04/06 07:05,0.001
10/04/06 07:10,0.001
10/04/06 07:15,0.003
10/04/06 07:20,0.007
10/04/06 07:25,0.012
10/04/06 07:30,0.016
10/04/06 07:35,0.019
10/04/06 07:40,0.027
10/04/06 07:45,0.037
10/04/06 07:50,0.046
10/04/06 07:55,0.050
10/04/06 08:00,0.033
10/04/06 08:05,0.023
10/04/06 08:10,0.018
10/04/06 08:15,0.019
10/04/06 08:20,0.028
10/04/06 08:25,0.044
10/04/06 08:30,0.075
10/04/06 08:35,0.087
10/04/06 08:40,0.095
10/04/06 08:45,0.103
10/04/06 08:50,0.115
10/04/06 08:55,0.127
10/04/06 09:00,0.151
10/04/06 09:05,0.181
10/04/06 09:10,0.211
10/04/06 09:15,0.227
10/04/06 09:20,0.270
10/04/06 09:25,0.264
10/04/06 09:30,0.239
10/04/06 09:35,0.213
10/04/06 09:40,0.205
10/04/06 09:45,0.225
10/04/06 09:50,0.227
10/04/06 09:55,0.265
10/04/06 10:00,0.287
10/04/06 10:05,0.318
10/04/06 10:10,0.335
10/04/06 10:15,0.291
10/04/06 10:20,0.252
10/04/06 10:25,0.225
10/04/06 10:30,0.210
10/04/06 10:35,0.212
10/04/06 10:40,0.210
10/04/06 10:45,0.197
10/04/06 10:50,0.192
10/04/06 10:55,0.228
10/04/06 11:00,0.225
10/04/06 11:05,0.252
10/04/06 11:10,0.324
10/04/06 11:15,0.333
10/04/06 11:20,0.387
10/04/06 11:25,0.425
10/04/06 11:30,0.355
10/04/06 11:35,0.353
10/04/06 11:40,0.391
10/04/06 11:45,0.412
10/04/06 11:50,0.418
10/04/06 11:55,0.362
10/04/06 12:00,0.344
10/04/06 12:05,0.416
10/04/06 12:10,0.468
10/04/06 12:15,0.470
10/04/06 12:20,0.464
10/04/06 12:25,0.438
10/04/06 12:30,0.383
10/04/06 12:35,0.335
10/04/06 12:40,0.291
10/04/06 12:45,0.238
10/04/06 12:50,0.262
10/04/06 12:55,0.274
10/04/06 13:00,0.216
10/04/06 13:05,0.174
10/04/06 13:10,0.148
10/04/06 13:15,0.124
10/04/06 13:20,0.108
10/04/06 13:25,0.102
10/04/06 13:30,0.097
10/04/06 13:35,0.092
10/04/06 13:40,0.089
10/04/06 13:45,0.086
10/04/06 13:50,0.083
10/04/06 13:55,0.081
10/04/06 14:00,0.079
10/04/06 14:05,0.082
10/04/06 14:10,0.089
10/04/06 14:15,0.101
10/04/06 14:20,0.121
10/04/06 14:25,0.142
10/04/06 14:30,0.164
10/04/06 14:35,0.188
10/04/06 14:40,0.207
10/04/06 14:45,0.228
10/04/06 14:50,0.244
10/04/06 14:55,0.258
10/04/06 15:00,0.266
10/04/06 15:05,0.265
10/04/06 15:10,0.260
10/04/06 15:15,0.251
10/04/06 15:20,0.240
10/04/06 15:25,0.226
10/04/06 15:30,0.213
10/04/06 15:35,0.198
10/04/06 15:40,0.184
10/04/06 15:45,0.168
10/04/06 15:50,0.152
10/04/06 15:55,0.138
10/04/06 16:00,0.123
10/04/06 16:05,0.109
10/04/06 16:10,0.096
10/04/06 16:15,0.083
10/04/06 16:20,0.061
10/04/06 16:25,0.031
10/04/06 16:30,0.014
10/04/06 16:35,0.006
10/04/06 16:40,0.002
10/04/06 16:45,0.001
10/04/06 16:50,0.000
10/04/06 16:55,0.000
10/04/06 17:00,0.000
10/04/06 17:05,0.000
10/04/06 17:10,0.000
10/04/06 17:15,0.000
10/04/06 17:20,0.000
10/04/06 17:25,0.000
10/04/06 17:30,0.000
10/04/06 17:35,0.000
10/04/06 17:40,0.000
10/04/06 17:45,0.000
10/04/06 17:50,0.000
10/04/06 17:55,0.000
10/04/06 18:00,0.000
10/04/06 18:05,0.000
10/04/06 18:10,0.000
10/04/06 18:15,0.000
10/04/06 18:20,0.000
10/04/06 18:25,0.000
10/04/06 18:30,0.000
10/04/06 18:35,0.000
10/04/06 18:40,0.000
10/04/06 18:45,0.000
10/04/06 18:50,0.000
10/04/06 18:55,0.000
10/04/06 19:00,0.000
10/04/06 19:05,0.000
10/04/06 19:10,0.000
10/04/06 19:15,0.000
10/04/06 19:20,0.000
10/04/06 19:25,0.000
10/04/06 19:30,0.000
10/04/06 19:35,0.000
10/04/06 19:40,0.000
10/04/06 19:45,0.000
10/04/06 19:50,0.000
10/04/06 19:55,0.000
10/04/06 20:00,0.000
10/04/06 20:05,0.000
10/04/06 20:10,0.000
10/04/06 20:15,0.000
10/04/06 20:20,0.000
10/04/06 20:25,0.000
10/04/06 20:30,0.000
10/04/06 20:35,0.000
10/04/06 20:40,0.000
10/04/06 20:45,0.000
10/04/06 20:50,0.000
10/04/06 20:55,0.000
10/04/06 21:00,0.000
10/04/06 21:05,0.000
10/04/06 21:10,0.000
10/04/06 21:15,0.000
10/04/06 21:20,0.000
10/04/06 21:25,0.000
10/04/06 21:30,0.000
10/04/06 21:35,0.000
10/04/06 21:40,0.000
10/04/06 21:45,0.000
10/04/06 21:50,0.000
10/04/06 21:55,0.000
10/04/06 22:00,0.000
10/04/06 22:05,0.000
10/04/06 22:10,0.000
10/04/06 22:15,0.000
10/04/06 22:20,0.000
10/04/06 22:25,0.000
10/04/06 22:30,0.000
10/04/06 22:35,0.000
10/04/06 22:40,0.000
10/04/06 22:45,0.000
10/04/06 22:50,0.000
10/04/06 22:55,0.000
10/04/06 23:00,0.000
10/04/06 23:05,0.000
10/04/06 23:10,0.000
10/04/06 23:15,0.000
10/04/06 23:20,0.000
10/04/06 23:25,0.000
10/04/06 23:30,0.000
10/04/06 23:35,0.000
10/04/06 23:40,0.000
10/04/06 23:45,0.000
10/04/06 23:50,0.000
10/04/06 23:55,0.000
10/05/06 00:00,0.000
10/05/06 00:05,0.000
10/05/06 00:10,0.000
10/05/06 00:15,0.000
10/05/06 00:20,0.000
10/05/06 00:25,0.000
10/05/06 00:30,0.000
10/05/06 00:35,0.000
10/05/06 00:40,0.000
10/05/06 00:45,0.000
10/05/06 00:50,0.000
10/05/06 00:55,0.000
10/05/06 01:00,0.000
10/05/06 01:05,0.000
10/05/06 01:10,0.000
10/05/06 01:15,0.000
10/05/06 01:20,0.000
10/05/06 01:25,0.000
10/05/06 01:30,0.000
10/05/06 01:35,0.000
10/05/06 01:40,0.000
10/05/06 01:45,0.000
10/05/06 01:50,0.000
10/05/06 01:55,0.000
10/05/06 02:00,0.000
10/05/06 02:05,0.000
10/05/06 02:10,0.000
10/05/06 02:15,0.000
10/05/06 02:20,0.000
10/05/06 02:25,0.000
10/05/06 02:30,0.000
10/05/06 02:35,0.000
10/05/06 02:40,0.000
10/05/06 02:45,0.000
10/05/06 02:50,0.000
10/05/06 02:55,0.000
10/05/06 03:00,0.000
10/05/06 03:05,0.000
10/05/06 03:10,0.000
10/05/06 03:15,0.000
10/05/06 03:20,0.000
10/05/06 03:25,0.000
10/05/06 03:30,0.000
10/05/06 03:35,0.000
10/05/06 03:40,0.000
10/05/06 03:45,0.000
10/05/06 03:50,0.000
10/05/06 03:55,0.000
10/05/06 04:00,0.000
10/05/06 04:05,0.000
10/05/06 04:10,0.000
10/05/06 04:15,0.000
10/05/06 04:20,0.000
10/05/06 04:25,0.000
10/05/06 04:30,0.000
10/05/06 04:35,0.000
10/05/06 04:40,0.000
10/05/06 04:45,0.000
10/05/06 04:50,0.000
10/05/06 04:55,0.000
10/05/06 05:00,0.000
10/05/06 05:05,0.000
10/05/06 05:10,0.000
10/05/06 05:15,0.000
10/05/06 05:20,0.000
10/05/06 05:25,0.000
10/05/06 05:30,0.000
10/05/06 05:35,0.000
10/05/06 05:40,0.000
10/05/06 05:45,0.000
10/05/06 05:50,0.000
10/05/06 05:55,0.000
10/05/06 06:00,0.000
10/05/06 06:05,0.000
10/05/06 06:10,0.000
10/05/06 06:15,0.000
10/05/06 06:20,0.000
10/05/06 06:25,0.000
10/05/06 06:30,0.000
10/05/06 06:35,0.000
10/05/06 06:40,0.001
10/05/06 06:45,0.005
10/05/06 06:50,0.017
10/05/06 06:55,0.038
10/05/06 07:00,0.078
10/05/06 07:05,0.094
10/05/06 07:10,0.109
10/05/06 07:15,0.123
10/05/06 07:20,0.138
10/05/06 07:25,0.153
10/05/06 07:30,0.168
10/05/06 07:35,0.182
10/05/06 07:40,0.196
10/05/06 07:45,0.210
10/05/06 07:50,0.225
10/05/06 07:55,0.241
10/05/06 08:00,0.255
10/05/06 08:05,0.268
10/05/06 08:10,0.281
10/05/06 08:15,0.293
10/05/06 08:20,0.306
10/05/06 08:25,0.318
10/05/06 08:30,0.330
10/05/06 08:35,0.341
10/05/06 08:40,0.352
10/05/06 08:45,0.361
10/05/06 08:50,0.370
10/05/06 08:55,0.379
10/05/06 09:00,0.389
10/05/06 09:05,0.395
10/05/06 09:10,0.399
10/05/06 09:15,0.404
10/05/06 09:20,0.408
10/05/06 09:25,0.413
10/05/06 09:30,0.417
10/05/06 09:35,0.422
10/05/06 09:40,0.427
10/05/06 09:45,0.431
10/05/06 09:50,0.435
10/05/06 09:55,0.438
10/05/06 10:00,0.439
10/05/06 10:05,0.440
10/05/06 10:10,0.444
10/05/06 10:15,0.449
10/05/06 10:20,0.455
10/05/06 10:25,0.459
10/05/06 10:30,0.461
10/05/06 10:35,0.465
10/05/06 10:40,0.467
10/05/06 10:45,0.469
10/05/06 10:50,0.472
10/05/06 10:55,0.476
10/05/06 11:00,0.480
10/05/06 11:05,0.484
10/05/06 11:10,0.488
10/05/06 11:15,0.491
10/05/06 11:20,0.494
10/05/06 11:25,0.495
10/05/06 11:30,0.497
10/05/06 11:35,0.498
10/05/06 11:40,0.494
10/05/06 11:45,0.487
10/05/06 11:50,0.482
10/05/06 11:55,0.479
10/05/06 12:00,0.478
10/05/06 12:05,0.478
10/05/06 12:10,0.476
10/05/06 12:15,0.474
10/05/06 12:20,0.472
10/05/06 12:25,0.471
10/05/06 12:30,0.470
10/05/06 12:35,0.469
10/05/06 12:40,0.468
10/05/06 12:45,0.464
10/05/06 12:50,0.460
10/05/06 12:55,0.458
10/05/06 13:00,0.456
10/05/06 13:05,0.453
10/05/06 13:10,0.450
10/05/06 13:15,0.446
10/05/06 13:20,0.441
10/05/06 13:25,0.437
10/05/06 13:30,0.431
10/05/06 13:35,0.426
10/05/06 13:40,0.420
10/05/06 13:45,0.413
10/05/06 13:50,0.406
10/05/06 13:55,0.398
10/05/06 14:00,0.389
10/05/06 14:05,0.381
10/05/06 14:10,0.372
10/05/06 14:15,0.360
10/05/06 14:20,0.353
10/05/06 14:25,0.344
10/05/06 14:30,0.335
10/05/06 14:35,0.324
10/05/06 14:40,0.314
10/05/06 14:45,0.304
10/05/06 14:50,0.293
10/05/06 14:55,0.281
10/05/06 15:00,0.268
10/05/06 15:05,0.255
10/05/06 15:10,0.241
10/05/06 15:15,0.228
10/05/06 15:20,0.212
10/05/06 15:25,0.197
10/05/06 15:30,0.182
10/05/06 15:35,0.168
10/05/06 15:40,0.156
10/05/06 15:45,0.143
10/05/06 15:50,0.130
10/05/06 15:55,0.117
10/05/06 16:00,0.105
10/05/06 16:05,0.092
10/05/06 16:10,0.081
10/05/06 16:15,0.057
10/05/06 16:20,0.030
10/05/06 16:25,0.015
10/05/06 16:30,0.007
10/05/06 16:35,0.002
10/05/06 16:40,0.001
10/05/06 16:45,0.000
10/05/06 16:50,0.000
10/05/06 16:55,0.000
10/05/06 17:00,0.000
10/05/06 17:05,0.000
10/05/06 17:10,0.000
10/05/06 17:15,0.000
10/05/06 17:20,0.000
10/05/06 17:25,0.000
10/05/06 17:30,0.000
10/05/06 17:35,0.000
10/05/06 17:40,0.000
10/05/06 17:45,0.000
10/05/06 17:50,0.000
10/05/06 17:55,0.000
10/05/06 18:00,0.000
10/05/06 18:05,0.000
10/05/06 18:10,0.000
10/05/06 18:15,0.000
10/05/06 18:20,0.000
10/05/06 18:25,0.000
10/05/06 18:30,0.000
10/05/06 18:35,0.000
10/05/06 18:40,0.000
10/05/06 18:45,0.000
10/05/06 18:50,0.000
10/05/06 18:55,0.000
10/05/06 19:00,0.000
10/05/06 19:05,0.000
10/05/06 19:10,0.000
10/05/06 19:15,0.000
10/05/06 19:20,0.000
10/05/06 19:25,0.000
10/05/06 19:30,0.000
10/05/06 19:35,0.000
10/05/06 19:40,0.000
10/05/06 19:45,0.000
10/05/06 19:50,0.000
10/05/06 19:55,0.000
10/05/06 20:00,0.000
10/05/06 20:05,0.000
10/05/06 20:10,0.000
10/05/06 20:15,0.000
10/05/06 20:20,0.000
10/05/06 20:25,0.000
10/05/06 20:30,0.000
10/05/06 20:35,0.000
10/05/06 20:40,0.000
10/05/06 20:45,0.000
10/05/06 20:50,0.000
10/05/06 20:55,0.000
10/05/06 21:00,0.000
10/05/06 21:05,0.000
10/05/06 21:10,0.000
10/05/06 21:15,0.000
10/05/06 21:20,0.000
10/05/06 21:25,0.000
10/05/06 21:30,0.000
10/05/06 21:35,0.000
10/05/06 21:40,0.000
10/05/06 21:45,0.000
10/05/06 21:50,0.000
10/05/06 21:55,0.000
10/05/06 22:00,0.000
10/05/06 22:05,0.000
10/05/06 22:10,0.000
10/05/06 22:15,0.000
10/05/06 22:20,0.000
10/05/06 22:25,0.000
10/05/06 22:30,0.000
10/05/06 22:35,0.000
10/05/06 22:40,0.000
10/05/06 22:45,0.000
10/05/06 22:50,0.000
10/05/06 22:55,0.000
10/05/06 23:00,0.000
10/05/06 23:05,0.000
10/05/06 23:10,0.000
10/05/06 23:15,0.000
10/05/06 23:20,0.000
10/05/06 23:25,0.000
10/05/06 23:30,0.000
10/05/06 23:35,0.000
10/05/06 23:40,0.000
10/05/06 23:45,0.000
10/05/06 23:50,0.000
10/05/06 23:55,0.000
10/06/06 00:00,0.000
10/06/06 00:05,0.000
10/06/06 00:10,0.000
10/06/06 00:15,0.000
10/06/06 00:20,0.000
10/06/06 00:25,0.000
10/06/06 00:30,0.000
10/06/06 00:35,0.000
10/06/06 00:40,0.000
10/06/06 00:45,0.000
10/06/06 00:50,0.000
10/06/06 00:55,0.000
10/06/06 01:00,0.000
10/06/06 01:05,0.000
10/06/06 01:10,0.000
10/06/06 01:15,0.000
10/06/06 01:20,0.000
10/06/06 01:25,0.000
10/06/06 01:30,0.000
10/06/06 01:35,0.000
10/06/06 01:40,0.000
10/06/06 01:45,0.000
10/06/06 01:50,0.000
10/06/06 01:55,0.000
10/06/06 02:00,0.000
10/06/06 02:05,0.000
10/06/06 02:10,0.000
10/06/06 02:15,0.000
10/06/06 02:20,0.000
10/06/06 02:25,0.000
10/06/06 02:30,0.000
10/06/06 02:35,0.000
10/06/06 02:40,0.000
10/06/06 02:45,0.000
10/06/06 02:50,0.000
10/06/06 02:55,0.000
10/06/06 03:00,0.000
10/06/06 03:05,0.000
10/06/06 03:10,0.000
10/06/06 03:15,0.000
10/06/06 03:20,0.000
10/06/06 03:25,0.000
10/06/06 03:30,0.000
10/06/06 03:35,0.000
10/06/06 03:40,0.000
10/06/06 03:45,0.000
10/06/06 03:50,0.000
10/06/06 03:55,0.000
10/06/06 04:00,0.000
10/06/06 04:05,0.000
10/06/06 04:10,0.000
10/06/06 04:15,0.000
10/06/06 04:20,0.000
10/06/06 04:25,0.000
10/06/06 04:30,0.000
10/06/06 04:35,0.000
10/06/06 04:40,0.000
10/06/06 04:45,0.000
10/06/06 04:50,0.000
10/06/06 04:55,0.000
10/06/06 05:00,0.000
10/06/06 05:05,0.000
10/06/06 05:10,0.000
10/06/06 05:15,0.000
10/06/06 05:20,0.000
10/06/06 05:25,0.000
10/06/06 05:30,0.000
10/06/06 05:35,0.000
10/06/06 05:40,0.000
10/06/06 05:45,0.000
10/06/06 05:50,0.000
10/06/06 05:55,0.000
10/06/06 06:00,0.000
10/06/06 06:05,0.000
10/06/06 06:10,0.000
10/06/06 06:15,0.000
10/06/06 06:20,0.000
10/06/06 06:25,0.000
10/06/06 06:30,0.000
10/06/06 06:35,0.000
10/06/06 06:40,0.000
10/06/06 06:45,0.000
10/06/06 06:50,0.000
10/06/06 06:55,0.000
10/06/06 07:00,0.001
10/06/06 07:05,0.001
10/06/06 07:10,0.001
10/06/06 07:15,0.002
10/06/06 07:20,0.003
10/06/06 07:25,0.003
10/06/06 07:30,0.004
10/06/06 07:35,0.005
10/06/06 07:40,0.006
10/06/06 07:45,0.008
10/06/06 07:50,0.010
10/06/06 07:55,0.013
10/06/06 08:00,0.019
10/06/06 08:05,0.031
10/06/06 08:10,0.051
10/06/06 08:15,0.078
10/06/06 08:20,0.089
10/06/06 08:25,0.108
10/06/06 08:30,0.125
10/06/06 08:35,0.149
10/06/06 08:40,0.170
10/06/06 08:45,0.198
10/06/06 08:50,0.224
10/06/06 08:55,0.250
10/06/06 09:00,0.265
10/06/06 09:05,0.268
10/06/06 09:10,0.267
10/06/06 09:15,0.264
10/06/06 09:20,0.260
10/06/06 09:25,0.254
10/06/06 09:30,0.241
10/06/06 09:35,0.233
10/06/06 09:40,0.223
10/06/06 09:45,0.214
10/06/06 09:50,0.197
10/06/06 09:55,0.183
10/06/06 10:00,0.162
10/06/06 10:05,0.154
10/06/06 10:10,0.155
10/06/06 10:15,0.159
10/06/06 10:20,0.164
10/06/06 10:25,0.169
10/06/06 10:30,0.175
10/06/06 10:35,0.183
10/06/06 10:40,0.198
10/06/06 10:45,0.201
10/06/06 10:50,0.203
10/06/06 10:55,0.205
10/06/06 11:00,0.191
10/06/06 11:05,0.187
10/06/06 11:10,0.245
10/06/06 11:15,0.236
10/06/06 11:20,0.232
10/06/06 11:25,0.188
10/06/06 11:30,0.146
10/06/06 11:35,0.120
10/06/06 11:40,0.147
10/06/06 11:45,0.145
10/06/06 11:50,0.186
10/06/06 11:55,0.182
10/06/06 12:00,0.194
10/06/06 12:05,0.213
10/06/06 12:10,0.196
10/06/06 12:15,0.180
10/06/06 12:20,0.172
10/06/06 12:25,0.168
10/06/06 12:30,0.168
10/06/06 12:35,0.180
10/06/06 12:40,0.191
10/06/06 12:45,0.192
10/06/06 12:50,0.193
10/06/06 12:55,0.207
10/06/06 13:00,0.218
10/06/06 13:05,0.230
10/06/06 13:10,0.250
10/06/06 13:15,0.263
10/06/06 13:20,0.270
10/06/06 13:25,0.271
10/06/06 13:30,0.277
10/06/06 13:35,0.280
10/06/06 13:40,0.278
10/06/06 13:45,0.280
10/06/06 13:50,0.277
10/06/06 13:55,0.271
10/06/06 14:00,0.249
10/06/06 14:05,0.232
10/06/06 14:10,0.216
10/06/06 14:15,0.204
10/06/06 14:20,0.194
10/06/06 14:25,0.193
10/06/06 14:30,0.184
10/06/06 14:35,0.180
10/06/06 14:40,0.167
10/06/06 14:45,0.153
10/06/06 14:50,0.143
10/06/06 14:55,0.138
10/06/06 15:00,0.132
10/06/06 15:05,0.126
10/06/06 15:10,0.129
10/06/06 15:15,0.133
10/06/06 15:20,0.137
10/06/06 15:25,0.133
10/06/06 15:30,0.118
10/06/06 15:35,0.097
10/06/06 15:40,0.083
10/06/06 15:45,0.050
10/06/06 15:50,0.019
10/06/06 15:55,0.009
10/06/06 16:00,0.007
10/06/06 16:05,0.004
10/06/06 16:10,0.007
10/06/06 16:15,0.005
10/06/06 16:20,0.005
10/06/06 16:25,0.002
10/06/06 16:30,0.001
10/06/06 16:35,0.000
10/06/06 16:40,0.000
10/06/06 16:45,0.000
10/06/06 16:50,0.000
10/06/06 16:55,0.000
10/06/06 17:00,0.000
10/06/06 17:05,0.000
10/06/06 17:10,0.000
10/06/06 17:15,0.000
10/06/06 17:20,0.000
10/06/06 17:25,0.000
10/06/06 17:30,0.000
10/06/06 17:35,0.000
10/06/06 17:40,0.000
10/06/06 17:45,0.000
10/06/06 17:50,0.000
10/06/06 17:55,0.000
10/06/06 18:00,0.000
10/06/06 18:05,0.000
10/06/06 18:10,0.000
10/06/06 18:15,0.000
10/06/06 18:20,0.000
10/06/06 18:25,0.000
10/06/06 18:30,0.000
10/06/06 18:35,0.000
10/06/06 18:40,0.000
10/06/06 18:45,0.000
10/06/06 18:50,0.000
10/06/06 18:55,0.000
10/06/06 19:00,0.000
10/06/06 19:05,0.000
10/06/06 19:10,0.000
10/06/06 19:15,0.000
10/06/06 19:20,0.000
10/06/06 19:25,0.000
10/06/06 19:30,0.000
10/06/06 19:35,0.000
10/06/06 19:40,0.000
10/06/06 19:45,0.000
10/06/06 19:50,0.000
10/06/06 19:55,0.000
10/06/06 20:00,0.000
10/06/06 20:05,0.000
10/06/06 20:10,0.000
10/06/06 20:15,0.000
10/06/06 20:20,0.000
10/06/06 20:25,0.000
10/06/06 20:30,0.000
10/06/06 20:35,0.000
10/06/06 20:40,0.000
10/06/06 20:45,0.000
10/06/06 20:50,0.000
10/06/06 20:55,0.000
10/06/06 21:00,0.000
10/06/06 21:05,0.000
10/06/06 21:10,0.000
10/06/06 21:15,0.000
10/06/06 21:20,0.000
10/06/06 21:25,0.000
10/06/06 21:30,0.000
10/06/06 21:35,0.000
10/06/06 21:40,0.000
10/06/06 21:45,0.000
10/06/06 21:50,0.000
10/06/06 21:55,0.000
10/06/06 22:00,0.000
10/06/06 22:05,0.000
10/06/06 22:10,0.000
10/06/06 22:15,0.000
10/06/06 22:20,0.000
10/06/06 22:25,0.000
10/06/06 22:30,0.000
10/06/06 22:35,0.000
10/06/06 22:40,0.000
10/06/06 22:45,0.000
10/06/06 22:50,0.000
10/06/06 22:55,0.000
10/06/06 23:00,0.000
10/06/06 23:05,0.000
10/06/06 23:10,0.000
10/06/06 23:15,0.000
10/06/06 23:20,0.000
10/06/06 23:25,0.000
10/06/06 23:30,0.000
10/06/06 23:35,0.000
10/06/06 23:40,0.000
10/06/06 23:45,0.000
10/06/06 23:50,0.000
10/06/06 23:55,0.000
10/07/06 00:00,0.000
10/07/06 00:05,0.000
10/07/06 00:10,0.000
10/07/06 00:15,0.000
10/07/06 00:20,0.000
10/07/06 00:25,0.000
10/07/06 00:30,0.000
10/07/06 00:35,0.000
10/07/06 00:40,0.000
10/07/06 00:45,0.000
10/07/06 00:50,0.000
10/07/06 00:55,0.000
10/07/06 01:00,0.000
10/07/06 01:05,0.000
10/07/06 01:10,0.000
10/07/06 01:15,0.000
10/07/06 01:20,0.000
10/07/06 01:25,0.000
10/07/06 01:30,0.000
10/07/06 01:35,0.000
10/07/06 01:40,0.000
10/07/06 01:45,0.000
10/07/06 01:50,0.000
10/07/06 01:55,0.000
10/07/06 02:00,0.000
10/07/06 02:05,0.000
10/07/06 02:10,0.000
10/07/06 02:15,0.000
10/07/06 02:20,0.000
10/07/06 02:25,0.000
10/07/06 02:30,0.000
10/07/06 02:35,0.000
10/07/06 02:40,0.000
10/07/06 02:45,0.000
10/07/06 02:50,0.000
10/07/06 02:55,0.000
10/07/06 03:00,0.000
10/07/06 03:05,0.000
10/07/06 03:10,0.000
10/07/06 03:15,0.000
10/07/06 03:20,0.000
10/07/06 03:25,0.000
10/07/06 03:30,0.000
10/07/06 03:35,0.000
10/07/06 03:40,0.000
10/07/06 03:45,0.000
10/07/06 03:50,0.000
10/07/06 03:55,0.000
10/07/06 04:00,0.000
10/07/06 04:05,0.000
10/07/06 04:10,0.000
10/07/06 04:15,0.000
10/07/06 04:20,0.000
10/07/06 04:25,0.000
10/07/06 04:30,0.000
10/07/06 04:35,0.000
10/07/06 04:40,0.000
10/07/06 04:45,0.000
10/07/06 04:50,0.000
10/07/06 04:55,0.000
10/07/06 05:00,0.000
10/07/06 05:05,0.000
10/07/06 05:10,0.000
10/07/06 05:15,0.000
10/07/06 05:20,0.000
10/07/06 05:25,0.000
10/07/06 05:30,0.000
10/07/06 05:35,0.000
10/07/06 05:40,0.000
10/07/06 05:45,0.000
10/07/06 05:50,0.000
10/07/06 05:55,0.000
10/07/06 06:00,0.000
10/07/06 06:05,0.000
10/07/06 06:10,0.000
10/07/06 06:15,0.000
10/07/06 06:20,0.000
10/07/06 06:25,0.000
10/07/06 06:30,0.000
10/07/06 06:35,0.000
10/07/06 06:40,0.001
10/07/06 06:45,0.004
10/07/06 06:50,0.013
10/07/06 06:55,0.036
10/07/06 07:00,0.078
10/07/06 07:05,0.094
10/07/06 07:10,0.109
10/07/06 07:15,0.123
10/07/06 07:20,0.137
10/07/06 07:25,0.150
10/07/06 07:30,0.164
10/07/06 07:35,0.178
10/07/06 07:40,0.192
10/07/06 07:45,0.207
10/07/06 07:50,0.221
10/07/06 07:55,0.236
10/07/06 08:00,0.249
10/07/06 08:05,0.262
10/07/06 08:10,0.274
10/07/06 08:15,0.285
10/07/06 08:20,0.295
10/07/06 08:25,0.305
10/07/06 08:30,0.316
10/07/06 08:35,0.327
10/07/06 08:40,0.340
10/07/06 08:45,0.354
10/07/06 08:50,0.367
10/07/06 08:55,0.380
10/07/06 09:00,0.391
10/07/06 09:05,0.400
10/07/06 09:10,0.407
10/07/06 09:15,0.413
10/07/06 09:20,0.417
10/07/06 09:25,0.419
10/07/06 09:30,0.423
10/07/06 09:35,0.427
10/07/06 09:40,0.431
10/07/06 09:45,0.438
10/07/06 09:50,0.445
10/07/06 09:55,0.451
10/07/06 10:00,0.466
10/07/06 10:05,0.482
10/07/06 10:10,0.490
10/07/06 10:15,0.497
10/07/06 10:20,0.507
10/07/06 10:25,0.520
10/07/06 10:30,0.529
10/07/06 10:35,0.538
10/07/06 10:40,0.543
10/07/06 10:45,0.548
10/07/06 10:50,0.554
10/07/06 10:55,0.555
10/07/06 11:00,0.507
10/07/06 11:05,0.389
10/07/06 11:10,0.391
10/07/06 11:15,0.388
10/07/06 11:20,0.426
10/07/06 11:25,0.465
10/07/06 11:30,0.491
10/07/06 11:35,0.476
10/07/06 11:40,0.443
10/07/06 11:45,0.389
10/07/06 11:50,0.414
10/07/06 11:55,0.437
10/07/06 12:00,0.458
10/07/06 12:05,0.470
10/07/06 12:10,0.486
10/07/06 12:15,0.495
10/07/06 12:20,0.474
10/07/06 12:25,0.456
10/07/06 12:30,0.463
10/07/06 12:35,0.460
10/07/06 12:40,0.402
10/07/06 12:45,0.350
10/07/06 12:50,0.320
10/07/06 12:55,0.306
10/07/06 13:00,0.366
10/07/06 13:05,0.409
10/07/06 13:10,0.435
10/07/06 13:15,0.446
10/07/06 13:20,0.453
10/07/06 13:25,0.453
10/07/06 13:30,0.451
10/07/06 13:35,0.446
10/07/06 13:40,0.440
10/07/06 13:45,0.433
10/07/06 13:50,0.427
10/07/06 13:55,0.419
10/07/06 14:00,0.413
10/07/06 14:05,0.403
10/07/06 14:10,0.389
10/07/06 14:15,0.378
10/07/06 14:20,0.367
10/07/06 14:25,0.356
10/07/06 14:30,0.344
10/07/06 14:35,0.331
10/07/06 14:40,0.316
10/07/06 14:45,0.302
10/07/06 14:50,0.288
10/07/06 14:55,0.275
10/07/06 15:00,0.264
10/07/06 15:05,0.254
10/07/06 15:10,0.243
10/07/06 15:15,0.233
10/07/06 15:20,0.221
10/07/06 15:25,0.209
10/07/06 15:30,0.197
10/07/06 15:35,0.184
10/07/06 15:40,0.171
10/07/06 15:45,0.157
10/07/06 15:50,0.143
10/07/06 15:55,0.130
10/07/06 16:00,0.115
10/07/06 16:05,0.101
10/07/06 16:10,0.087
10/07/06 16:15,0.069
10/07/06 16:20,0.035
10/07/06 16:25,0.016
10/07/06 16:30,0.007
10/07/06 16:35,0.002
10/07/06 16:40,0.001
10/07/06 16:45,0.000
10/07/06 16:50,0.000
10/07/06 16:55,0.000
10/07/06 17:00,0.000
10/07/06 17:05,0.000
10/07/06 17:10,0.000
10/07/06 17:15,0.000
10/07/06 17:20,0.000
10/07/06 17:25,0.000
10/07/06 17:30,0.000
10/07/06 17:35,0.000
10/07/06 17:40,0.000
10/07/06 17:45,0.000
10/07/06 17:50,0.000
10/07/06 17:55,0.000
10/07/06 18:00,0.000
10/07/06 18:05,0.000
10/07/06 18:10,0.000
10/07/06 18:15,0.000
10/07/06 18:20,0.000
10/07/06 18:25,0.000
10/07/06 18:30,0.000
10/07/06 18:35,0.000
10/07/06 18:40,0.000
10/07/06 18:45,0.000
10/07/06 18:50,0.000
10/07/06 18:55,0.000
10/07/06 19:00,0.000
10/07/06 19:05,0.000
10/07/06 19:10,0.000
10/07/06 19:15,0.000
10/07/06 19:20,0.000
10/07/06 19:25,0.000
10/07/06 19:30,0.000
10/07/06 19:35,0.000
10/07/06 19:40,0.000
10/07/06 19:45,0.000
10/07/06 19:50,0.000
10/07/06 19:55,0.000
10/07/06 20:00,0.000
10/07/06 20:05,0.000
10/07/06 20:10,0.000
10/07/06 20:15,0.000
10/07/06 20:20,0.000
10/07/06 20:25,0.000
10/07/06 20:30,0.000
10/07/06 20:35,0.000
10/07/06 20:40,0.000
10/07/06 20:45,0.000
10/07/06 20:50,0.000
10/07/06 20:55,0.000
10/07/06 21:00,0.000
10/07/06 21:05,0.000
10/07/06 21:10,0.000
10/07/06 21:15,0.000
10/07/06 21:20,0.000
10/07/06 21:25,0.000
10/07/06 21:30,0.000
10/07/06 21:35,0.000
10/07/06 21:40,0.000
10/07/06 21:45,0.000
10/07/06 21:50,0.000
10/07/06 21:55,0.000
10/07/06 22:00,0.000
10/07/06 22:05,0.000
10/07/06 22:10,0.000
10/07/06 22:15,0.000
10/07/06 22:20,0.000
10/07/06 22:25,0.000
10/07/06 22:30,0.000
10/07/06 22:35,0.000
10/07/06 22:40,0.000
10/07/06 22:45,0.000
10/07/06 22:50,0.000
10/07/06 22:55,0.000
10/07/06 23:00,0.000
10/07/06 23:05,0.000
10/07/06 23:10,0.000
10/07/06 23:15,0.000
10/07/06 23:20,0.000
10/07/06 23:25,0.000
10/07/06 23:30,0.000
10/07/06 23:35,0.000
10/07/06 23:40,0.000
10/07/06 23:45,0.000
10/07/06 23:50,0.000
10/07/06 23:55,0.000
10/08/06 00:00,0.000
10/08/06 00:05,0.000
10/08/06 00:10,0.000
10/08/06 00:15,0.000
10/08/06 00:20,0.000
10/08/06 00:25,0.000
10/08/06 00:30,0.000
10/08/06 00:35,0.000
10/08/06 00:40,0.000
10/08/06 00:45,0.000
10/08/06 00:50,0.000
10/08/06 00:55,0.000
10/08/06 01:00,0.000
10/08/06 01:05,0.000
10/08/06 01:10,0.000
10/08/06 01:15,0.000
10/08/06 01:20,0.000
10/08/06 01:25,0.000
10/08/06 01:30,0.000
10/08/06 01:35,0.000
10/08/06 01:40,0.000
10/08/06 01:45,0.000
10/08/06 01:50,0.000
10/08/06 01:55,0.000
10/08/06 02:00,0.000
10/08/06 02:05,0.000
10/08/06 02:10,0.000
10/08/06 02:15,0.000
10/08/06 02:20,0.000
10/08/06 02:25,0.000
10/08/06 02:30,0.000
10/08/06 02:35,0.000
10/08/06 02:40,0.000
10/08/06 02:45,0.000
10/08/06 02:50,0.000
10/08/06 02:55,0.000
10/08/06 03:00,0.000
10/08/06 03:05,0.000
10/08/06 03:10,0.000
10/08/06 03:15,0.000
10/08/06 03:20,0.000
10/08/06 03:25,0.000
10/08/06 03:30,0.000
10/08/06 03:35,0.000
10/08/06 03:40,0.000
10/08/06 03:45,0.000
10/08/06 03:50,0.000
10/08/06 03:55,0.000
10/08/06 04:00,0.000
10/08/06 04:05,0.000
10/08/06 04:10,0.000
10/08/06 04:15,0.000
10/08/06 04:20,0.000
10/08/06 04:25,0.000
10/08/06 04:30,0.000
10/08/06 04:35,0.000
10/08/06 04:40,0.000
10/08/06 04:45,0.000
10/08/06 04:50,0.000
10/08/06 04:55,0.000
10/08/06 05:00,0.000
10/08/06 05:05,0.000
10/08/06 05:10,0.000
10/08/06 05:15,0.000
10/08/06 05:20,0.000
10/08/06 05:25,0.000
10/08/06 05:30,0.000
10/08/06 05:35,0.000
10/08/06 05:40,0.000
10/08/06 05:45,0.000
10/08/06 05:50,0.000
10/08/06 05:55,0.000
10/08/06 06:00,0.000
10/08/06 06:05,0.000
10/08/06 06:10,0.000
10/08/06 06:15,0.000
10/08/06 06:20,0.000
10/08/06 06:25,0.000
10/08/06 06:30,0.000
10/08/06 06:35,0.000
10/08/06 06:40,0.000
10/08/06 06:45,0.000
10/08/06 06:50,0.000
10/08/06 06:55,0.001
10/08/06 07:00,0.002
10/08/06 07:05,0.003
10/08/06 07:10,0.005
10/08/06 07:15,0.007
10/08/06 07:20,0.011
10/08/06 07:25,0.017
10/08/06 07:30,0.026
10/08/06 07:35,0.041
10/08/06 07:40,0.054
10/08/06 07:45,0.067
10/08/06 07:50,0.076
10/08/06 07:55,0.080
10/08/06 08:00,0.086
10/08/06 08:05,0.090
10/08/06 08:10,0.102
10/08/06 08:15,0.127
10/08/06 08:20,0.147
10/08/06 08:25,0.168
10/08/06 08:30,0.184
10/08/06 08:35,0.202
10/08/06 08:40,0.217
10/08/06 08:45,0.238
10/08/06 08:50,0.270
10/08/06 08:55,0.286
10/08/06 09:00,0.265
10/08/06 09:05,0.237
10/08/06 09:10,0.220
10/08/06 09:15,0.200
10/08/06 09:20,0.188
10/08/06 09:25,0.181
10/08/06 09:30,0.176
10/08/06 09:35,0.165
10/08/06 09:40,0.159
10/08/06 09:45,0.153
10/08/06 09:50,0.148
10/08/06 09:55,0.134
10/08/06 10:00,0.122
10/08/06 10:05,0.101
10/08/06 10:10,0.087
10/08/06 10:15,0.076
10/08/06 10:20,0.065
10/08/06 10:25,0.077
10/08/06 10:30,0.082
10/08/06 10:35,0.083
10/08/06 10:40,0.095
10/08/06 10:45,0.102
10/08/06 10:50,0.113
10/08/06 10:55,0.124
10/08/06 11:00,0.146
10/08/06 11:05,0.145
10/08/06 11:10,0.138
10/08/06 11:15,0.121
10/08/06 11:20,0.101
10/08/06 11:25,0.089
10/08/06 11:30,0.084
10/08/06 11:35,0.087
10/08/06 11:40,0.092
10/08/06 11:45,0.096
10/08/06 11:50,0.098
10/08/06 11:55,0.098
10/08/06 12:00,0.090
10/08/06 12:05,0.093
10/08/06 12:10,0.102
10/08/06 12:15,0.108
10/08/06 12:20,0.114
10/08/06 12:25,0.124
10/08/06 12:30,0.133
10/08/06 12:35,0.140
10/08/06 12:40,0.144
10/08/06 12:45,0.148
10/08/06 12:50,0.153
10/08/06 12:55,0.159
10/08/06 13:00,0.154
10/08/06 13:05,0.149
10/08/06 13:10,0.144
10/08/06 13:15,0.141
10/08/06 13:20,0.141
10/08/06 13:25,0.152
10/08/06 13:30,0.157
10/08/06 13:35,0.162
10/08/06 13:40,0.166
10/08/06 13:45,0.175
10/08/06 13:50,0.174
10/08/06 13:55,0.171
10/08/06 14:00,0.161
10/08/06 14:05,0.152
10/08/06 14:10,0.143
10/08/06 14:15,0.135
10/08/06 14:20,0.130
10/08/06 14:25,0.126
10/08/06 14:30,0.122
10/08/06 14:35,0.122
10/08/06 14:40,0.117
10/08/06 14:45,0.110
10/08/06 14:50,0.103
10/08/06 14:55,0.098
10/08/06 15:00,0.091
10/08/06 15:05,0.083
10/08/06 15:10,0.072
10/08/06 15:15,0.040
10/08/06 15:20,0.024
10/08/06 15:25,0.011
10/08/06 15:30,0.005
10/08/06 15:35,0.002
10/08/06 15:40,0.001
10/08/06 15:45,0.001
10/08/06 15:50,0.000
10/08/06 15:55,0.000
10/08/06 16:00,0.000
10/08/06 16:05,0.000
10/08/06 16:10,0.000
10/08/06 16:15,0.000
10/08/06 16:20,0.000
10/08/06 16:25,0.000
10/08/06 16:30,0.000
10/08/06 16:35,0.000
10/08/06 16:40,0.000
10/08/06 16:45,0.000
10/08/06 16:50,0.000
10/08/06 16:55,0.000
10/08/06 17:00,0.000
10/08/06 17:05,0.000
10/08/06 17:10,0.000
10/08/06 17:15,0.000
10/08/06 17:20,0.000
10/08/06 17:25,0.000
10/08/06 17:30,0.000
10/08/06 17:35,0.000
10/08/06 17:40,0.000
10/08/06 17:45,0.000
10/08/06 17:50,0.000
10/08/06 17:55,0.000
10/08/06 18:00,0.000
10/08/06 18:05,0.000
10/08/06 18:10,0.000
10/08/06 18:15,0.000
10/08/06 18:20,0.000
10/08/06 18:25,0.000
10/08/06 18:30,0.000
10/08/06 18:35,0.000
10/08/06 18:40,0.000
10/08/06 18:45,0.000
10/08/06 18:50,0.000
10/08/06 18:55,0.000
10/08/06 19:00,0.000
10/08/06 19:05,0.000
10/08/06 19:10,0.000
10/08/06 19:15,0.000
10/08/06 19:20,0.000
10/08/06 19:25,0.000
10/08/06 19:30,0.000
10/08/06 19:35,0.000
10/08/06 19:40,0.000
10/08/06 19:45,0.000
10/08/06 19:50,0.000
10/08/06 19:55,0.000
10/08/06 20:00,0.000
10/08/06 20:05,0.000
10/08/06 20:10,0.000
10/08/06 20:15,0.000
10/08/06 20:20,0.000
10/08/06 20:25,0.000
10/08/06 20:30,0.000
10/08/06 20:35,0.000
10/08/06 20:40,0.000
10/08/06 20:45,0.000
10/08/06 20:50,0.000
10/08/06 20:55,0.000
10/08/06 21:00,0.000
10/08/06 21:05,0.000
10/08/06 21:10,0.000
10/08/06 21:15,0.000
10/08/06 21:20,0.000
10/08/06 21:25,0.000
10/08/06 21:30,0.000
10/08/06 21:35,0.000
10/08/06 21:40,0.000
10/08/06 21:45,0.000
10/08/06 21:50,0.000
10/08/06 21:55,0.000
10/08/06 22:00,0.000
10/08/06 22:05,0.000
10/08/06 22:10,0.000
10/08/06 22:15,0.000
10/08/06 22:20,0.000
10/08/06 22:25,0.000
10/08/06 22:30,0.000
10/08/06 22:35,0.000
10/08/06 22:40,0.000
10/08/06 22:45,0.000
10/08/06 22:50,0.000
10/08/06 22:55,0.000
10/08/06 23:00,0.000
10/08/06 23:05,0.000
10/08/06 23:10,0.000
10/08/06 23:15,0.000
10/08/06 23:20,0.000
10/08/06 23:25,0.000
10/08/06 23:30,0.000
10/08/06 23:35,0.000
10/08/06 23:40,0.000
10/08/06 23:45,0.000
10/08/06 23:50,0.000
10/08/06 23:55,0.000
10/09/06 00:00,0.000
10/09/06 00:05,0.000
10/09/06 00:10,0.000
10/09/06 00:15,0.000
10/09/06 00:20,0.000
10/09/06 00:25,0.000
10/09/06 00:30,0.000
10/09/06 00:35,0.000
10/09/06 00:40,0.000
10/09/06 00:45,0.000
10/09/06 00:50,0.000
10/09/06 00:55,0.000
10/09/06 01:00,0.000
10/09/06 01:05,0.000
10/09/06 01:10,0.000
10/09/06 01:15,0.000
10/09/06 01:20,0.000
10/09/06 01:25,0.000
10/09/06 01:30,0.000
10/09/06 01:35,0.000
10/09/06 01:40,0.000
10/09/06 01:45,0.000
10/09/06 01:50,0.000
10/09/06 01:55,0.000
10/09/06 02:00,0.000
10/09/06 02:05,0.000
10/09/06 02:10,0.000
10/09/06 02:15,0.000
10/09/06 02:20,0.000
10/09/06 02:25,0.000
10/09/06 02:30,0.000
10/09/06 02:35,0.000
10/09/06 02:40,0.000
10/09/06 02:45,0.000
10/09/06 02:50,0.000
10/09/06 02:55,0.000
10/09/06 03:00,0.000
10/09/06 03:05,0.000
10/09/06 03:10,0.000
10/09/06 03:15,0.000
10/09/06 03:20,0.000
10/09/06 03:25,0.000
10/09/06 03:30,0.000
10/09/06 03:35,0.000
10/09/06 03:40,0.000
10/09/06 03:45,0.000
10/09/06 03:50,0.000
10/09/06 03:55,0.000
10/09/06 04:00,0.000
10/09/06 04:05,0.000
10/09/06 04:10,0.000
10/09/06 04:15,0.000
10/09/06 04:20,0.000
10/09/06 04:25,0.000
10/09/06 04:30,0.000
10/09/06 04:35,0.000
10/09/06 04:40,0.000
10/09/06 04:45,0.000
10/09/06 04:50,0.000
10/09/06 04:55,0.000
10/09/06 05:00,0.000
10/09/06 05:05,0.000
10/09/06 05:10,0.000
10/09/06 05:15,0.000
10/09/06 05:20,0.000
10/09/06 05:25,0.000
10/09/06 05:30,0.000
10/09/06 05:35,0.000
10/09/06 05:40,0.000
10/09/06 05:45,0.000
10/09/06 05:50,0.000
10/09/06 05:55,0.000
10/09/06 06:00,0.000
10/09/06 06:05,0.000
10/09/06 06:10,0.000
10/09/06 06:15,0.000
10/09/06 06:20,0.000
10/09/06 06:25,0.000
10/09/06 06:30,0.000
10/09/06 06:35,0.000
10/09/06 06:40,0.000
10/09/06 06:45,0.002
10/09/06 06:50,0.007
10/09/06 06:55,0.021
10/09/06 07:00,0.060
10/09/06 07:05,0.088
10/09/06 07:10,0.103
10/09/06 07:15,0.119
10/09/06 07:20,0.134
10/09/06 07:25,0.150
10/09/06 07:30,0.165
10/09/06 07:35,0.181
10/09/06 07:40,0.196
10/09/06 07:45,0.212
10/09/06 07:50,0.227
10/09/06 07:55,0.242
10/09/06 08:00,0.256
10/09/06 08:05,0.268
10/09/06 08:10,0.279
10/09/06 08:15,0.291
10/09/06 08:20,0.305
10/09/06 08:25,0.319
10/09/06 08:30,0.334
10/09/06 08:35,0.349
10/09/06 08:40,0.363
10/09/06 08:45,0.376
10/09/06 08:50,0.385
10/09/06 08:55,0.395
10/09/06 09:00,0.404
10/09/06 09:05,0.413
10/09/06 09:10,0.421
10/09/06 09:15,0.435
10/09/06 09:20,0.446
10/09/06 09:25,0.455
10/09/06 09:30,0.463
10/09/06 09:35,0.472
10/09/06 09:40,0.478
10/09/06 09:45,0.485
10/09/06 09:50,0.492
10/09/06 09:55,0.499
10/09/06 10:00,0.506
10/09/06 10:05,0.511
10/09/06 10:10,0.516
10/09/06 10:15,0.521
10/09/06 10:20,0.524
10/09/06 10:25,0.528
10/09/06 10:30,0.531
10/09/06 10:35,0.534
10/09/06 10:40,0.536
10/09/06 10:45,0.539
10/09/06 10:50,0.542
10/09/06 10:55,0.547
10/09/06 11:00,0.552
10/09/06 11:05,0.556
10/09/06 11:10,0.558
10/09/06 11:15,0.558
10/09/06 11:20,0.557
10/09/06 11:25,0.556
10/09/06 11:30,0.555
10/09/06 11:35,0.553
10/09/06 11:40,0.551
10/09/06 11:45,0.546
10/09/06 11:50,0.544
10/09/06 11:55,0.541
10/09/06 12:00,0.539
10/09/06 12:05,0.536
10/09/06 12:10,0.534
10/09/06 12:15,0.532
10/09/06 12:20,0.529
10/09/06 12:25,0.531
10/09/06 12:30,0.535
10/09/06 12:35,0.536
10/09/06 12:40,0.535
10/09/06 12:45,0.533
10/09/06 12:50,0.530
10/09/06 12:55,0.526
10/09/06 13:00,0.522
10/09/06 13:05,0.518
10/09/06 13:10,0.513
10/09/06 13:15,0.505
10/09/06 13:20,0.496
10/09/06 13:25,0.488
10/09/06 13:30,0.480
10/09/06 13:35,0.473
10/09/06 13:40,0.466
10/09/06 13:45,0.459
10/09/06 13:50,0.453
10/09/06 13:55,0.445
10/09/06 14:00,0.438
10/09/06 14:05,0.428
10/09/06 14:10,0.419
10/09/06 14:15,0.411
10/09/06 14:20,0.402
10/09/06 14:25,0.393
10/09/06 14:30,0.384
10/09/06 14:35,0.374
10/09/06 14:40,0.364
10/09/06 14:45,0.354
10/09/06 14:50,0.343
10/09/06 14:55,0.332
10/09/06 15:00,0.317
10/09/06 15:05,0.300
10/09/06 15:10,0.283
10/09/06 15:15,0.266
10/09/06 15:20,0.250
10/09/06 15:25,0.234
10/09/06 15:30,0.218
10/09/06 15:35,0.201
10/09/06 15:40,0.184
10/09/06 15:45,0.168
10/09/06 15:50,0.151
10/09/06 15:55,0.135
10/09/06 16:00,0.121
10/09/06 16:05,0.108
10/09/06 16:10,0.096
10/09/06 16:15,0.083
10/09/06 16:20,0.060
10/09/06 16:25,0.031
10/09/06 16:30,0.015
10/09/06 16:35,0.006
10/09/06 16:40,0.002
10/09/06 16:45,0.001
10/09/06 16:50,0.000
10/09/06 16:55,0.000
10/09/06 17:00,0.000
10/09/06 17:05,0.000
10/09/06 17:10,0.000
10/09/06 17:15,0.000
10/09/06 17:20,0.000
10/09/06 17:25,0.000
10/09/06 17:30,0.000
10/09/06 17:35,0.000
10/09/06 17:40,0.000
10/09/06 17:45,0.000
10/09/06 17:50,0.000
10/09/06 17:55,0.000
10/09/06 18:00,0.000
10/09/06 18:05,0.000
10/09/06 18:10,0.000
10/09/06 18:15,0.000
10/09/06 18:20,0.000
10/09/06 18:25,0.000
10/09/06 18:30,0.000
10/09/06 18:35,0.000
10/09/06 18:40,0.000
10/09/06 18:45,0.000
10/09/06 18:50,0.000
10/09/06 18:55,0.000
10/09/06 19:00,0.000
10/09/06 19:05,0.000
10/09/06 19:10,0.000
10/09/06 19:15,0.000
10/09/06 19:20,0.000
10/09/06 19:25,0.000
10/09/06 19:30,0.000
10/09/06 19:35,0.000
10/09/06 19:40,0.000
10/09/06 19:45,0.000
10/09/06 19:50,0.000
10/09/06 19:55,0.000
10/09/06 20:00,0.000
10/09/06 20:05,0.000
10/09/06 20:10,0.000
10/09/06 20:15,0.000
10/09/06 20:20,0.000
10/09/06 20:25,0.000
10/09/06 20:30,0.000
10/09/06 20:35,0.000
10/09/06 20:40,0.000
10/09/06 20:45,0.000
10/09/06 20:50,0.000
10/09/06 20:55,0.000
10/09/06 21:00,0.000
10/09/06 21:05,0.000
10/09/06 21:10,0.000
10/09/06 21:15,0.000
10/09/06 21:20,0.000
10/09/06 21:25,0.000
10/09/06 21:30,0.000
10/09/06 21:35,0.000
10/09/06 21:40,0.000
10/09/06 21:45,0.000
10/09/06 21:50,0.000
10/09/06 21:55,0.000
10/09/06 22:00,0.000
10/09/06 22:05,0.000
10/09/06 22:10,0.000
10/09/06 22:15,0.000
10/09/06 22:20,0.000
10/09/06 22:25,0.000
10/09/06 22:30,0.000
10/09/06 22:35,0.000
10/09/06 22:40,0.000
10/09/06 22:45,0.000
10/09/06 22:50,0.000
10/09/06 22:55,0.000
10/09/06 23:00,0.000
10/09/06 23:05,0.000
10/09/06 23:10,0.000
10/09/06 23:15,0.000
10/09/06 23:20,0.000
10/09/06 23:25,0.000
10/09/06 23:30,0.000
10/09/06 23:35,0.000
10/09/06 23:40,0.000
10/09/06 23:45,0.000
10/09/06 23:50,0.000
10/09/06 23:55,0.000
10/10/06 00:00,0.000
10/10/06 00:05,0.000
10/10/06 00:10,0.000
10/10/06 00:15,0.000
10/10/06 00:20,0.000
10/10/06 00:25,0.000
10/10/06 00:30,0.000
10/10/06 00:35,0.000
10/10/06 00:40,0.000
10/10/06 00:45,0.000
10/10/06 00:50,0.000
10/10/06 00:55,0.000
10/10/06 01:00,0.000
10/10/06 01:05,0.000
10/10/06 01:10,0.000
10/10/06 01:15,0.000
10/10/06 01:20,0.000
10/10/06 01:25,0.000
10/10/06 01:30,0.000
10/10/06 01:35,0.000
10/10/06 01:40,0.000
10/10/06 01:45,0.000
10/10/06 01:50,0.000
10/10/06 01:55,0.000
10/10/06 02:00,0.000
10/10/06 02:05,0.000
10/10/06 02:10,0.000
10/10/06 02:15,0.000
10/10/06 02:20,0.000
10/10/06 02:25,0.000
10/10/06 02:30,0.000
10/10/06 02:35,0.000
10/10/06 02:40,0.000
10/10/06 02:45,0.000
10/10/06 02:50,0.000
10/10/06 02:55,0.000
10/10/06 03:00,0.000
10/10/06 03:05,0.000
10/10/06 03:10,0.000
10/10/06 03:15,0.000
10/10/06 03:20,0.000
10/10/06 03:25,0.000
10/10/06 03:30,0.000
10/10/06 03:35,0.000
10/10/06 03:40,0.000
10/10/06 03:45,0.000
10/10/06 03:50,0.000
10/10/06 03:55,0.000
10/10/06 04:00,0.000
10/10/06 04:05,0.000
10/10/06 04:10,0.000
10/10/06 04:15,0.000
10/10/06 04:20,0.000
10/10/06 04:25,0.000
10/10/06 04:30,0.000
10/10/06 04:35,0.000
10/10/06 04:40,0.000
10/10/06 04:45,0.000
10/10/06 04:50,0.000
10/10/06 04:55,0.000
10/10/06 05:00,0.000
10/10/06 05:05,0.000
10/10/06 05:10,0.000
10/10/06 05:15,0.000
10/10/06 05:20,0.000
10/10/06 05:25,0.000
10/10/06 05:30,0.000
10/10/06 05:35,0.000
10/10/06 05:40,0.000
10/10/06 05:45,0.000
10/10/06 05:50,0.000
10/10/06 05:55,0.000
10/10/06 06:00,0.000
10/10/06 06:05,0.000
10/10/06 06:10,0.000
10/10/06 06:15,0.000
10/10/06 06:20,0.000
10/10/06 06:25,0.000
10/10/06 06:30,0.001
10/10/06 06:35,0.004
10/10/06 06:40,0.008
10/10/06 06:45,0.017
10/10/06 06:50,0.022
10/10/06 06:55,0.023
10/10/06 07:00,0.027
10/10/06 07:05,0.025
10/10/06 07:10,0.035
10/10/06 07:15,0.074
10/10/06 07:20,0.091
10/10/06 07:25,0.092
10/10/06 07:30,0.090
10/10/06 07:35,0.056
10/10/06 07:40,0.080
10/10/06 07:45,0.098
10/10/06 07:50,0.118
10/10/06 07:55,0.142
10/10/06 08:00,0.161
10/10/06 08:05,0.176
10/10/06 08:10,0.189
10/10/06 08:15,0.201
10/10/06 08:20,0.215
10/10/06 08:25,0.228
10/10/06 08:30,0.240
10/10/06 08:35,0.254
10/10/06 08:40,0.266
10/10/06 08:45,0.280
10/10/06 08:50,0.295
10/10/06 08:55,0.307
10/10/06 09:00,0.324
10/10/06 09:05,0.343
10/10/06 09:10,0.355
10/10/06 09:15,0.365
10/10/06 09:20,0.375
10/10/06 09:25,0.383
10/10/06 09:30,0.389
10/10/06 09:35,0.392
10/10/06 09:40,0.394
10/10/06 09:45,0.394
10/10/06 09:50,0.393
10/10/06 09:55,0.390
10/10/06 10:00,0.381
10/10/06 10:05,0.375
10/10/06 10:10,0.373
10/10/06 10:15,0.376
10/10/06 10:20,0.382
10/10/06 10:25,0.391
10/10/06 10:30,0.401
10/10/06 10:35,0.411
10/10/06 10:40,0.414
10/10/06 10:45,0.423
10/10/06 10:50,0.434
10/10/06 10:55,0.445
10/10/06 11:00,0.457
10/10/06 11:05,0.451
10/10/06 11:10,0.444
10/10/06 11:15,0.436
10/10/06 11:20,0.434
10/10/06 11:25,0.426
10/10/06 11:30,0.416
10/10/06 11:35,0.435
10/10/06 11:40,0.451
10/10/06 11:45,0.447
10/10/06 11:50,0.441
10/10/06 11:55,0.429
10/10/06 12:00,0.413
10/10/06 12:05,0.409
10/10/06 12:10,0.407
10/10/06 12:15,0.403
10/10/06 12:20,0.403
10/10/06 12:25,0.397
10/10/06 12:30,0.382
10/10/06 12:35,0.383
10/10/06 12:40,0.384
10/10/06 12:45,0.378
10/10/06 12:50,0.365
10/10/06 12:55,0.351
10/10/06 13:00,0.381
10/10/06 13:05,0.412
10/10/06 13:10,0.428
10/10/06 13:15,0.427
10/10/06 13:20,0.412
10/10/06 13:25,0.401
10/10/06 13:30,0.396
10/10/06 13:35,0.393
10/10/06 13:40,0.384
10/10/06 13:45,0.376
10/10/06 13:50,0.385
10/10/06 13:55,0.377
10/10/06 14:00,0.367
10/10/06 14:05,0.365
10/10/06 14:10,0.341
10/10/06 14:15,0.331
10/10/06 14:20,0.338
10/10/06 14:25,0.338
10/10/06 14:30,0.336
10/10/06 14:35,0.334
10/10/06 14:40,0.330
10/10/06 14:45,0.326
10/10/06 14:50,0.318
10/10/06 14:55,0.304
10/10/06 15:00,0.266
10/10/06 15:05,0.226
10/10/06 15:10,0.211
10/10/06 15:15,0.198
10/10/06 15:20,0.197
10/10/06 15:25,0.194
10/10/06 15:30,0.176
10/10/06 15:35,0.154
10/10/06 15:40,0.133
10/10/06 15:45,0.109
10/10/06 15:50,0.100
10/10/06 15:55,0.092
10/10/06 16:00,0.073
10/10/06 16:05,0.034
10/10/06 16:10,0.014
10/10/06 16:15,0.004
10/10/06 16:20,0.001
10/10/06 16:25,0.000
10/10/06 16:30,0.000
10/10/06 16:35,0.000
10/10/06 16:40,0.000
10/10/06 16:45,0.000
10/10/06 16:50,0.000
10/10/06 16:55,0.000
10/10/06 17:00,0.000
10/10/06 17:05,0.000
10/10/06 17:10,0.000
10/10/06 17:15,0.000
10/10/06 17:20,0.000
10/10/06 17:25,0.000
10/10/06 17:30,0.000
10/10/06 17:35,0.000
10/10/06 17:40,0.000
10/10/06 17:45,0.000
10/10/06 17:50,0.000
10/10/06 17:55,0.000
10/10/06 18:00,0.000
10/10/06 18:05,0.000
10/10/06 18:10,0.000
10/10/06 18:15,0.000
10/10/06 18:20,0.000
10/10/06 18:25,0.000
10/10/06 18:30,0.000
10/10/06 18:35,0.000
10/10/06 18:40,0.000
10/10/06 18:45,0.000
10/10/06 18:50,0.000
10/10/06 18:55,0.000
10/10/06 19:00,0.000
10/10/06 19:05,0.000
10/10/06 19:10,0.000
10/10/06 19:15,0.000
10/10/06 19:20,0.000
10/10/06 19:25,0.000
10/10/06 19:30,0.000
10/10/06 19:35,0.000
10/10/06 19:40,0.000
10/10/06 19:45,0.000
10/10/06 19:50,0.000
10/10/06 19:55,0.000
10/10/06 20:00,0.000
10/10/06 20:05,0.000
10/10/06 20:10,0.000
10/10/06 20:15,0.000
10/10/06 20:20,0.000
10/10/06 20:25,0.000
10/10/06 20:30,0.000
10/10/06 20:35,0.000
10/10/06 20:40,0.000
10/10/06 20:45,0.000
10/10/06 20:50,0.000
10/10/06 20:55,0.000
10/10/06 21:00,0.000
10/10/06 21:05,0.000
10/10/06 21:10,0.000
10/10/06 21:15,0.000
10/10/06 21:20,0.000
10/10/06 21:25,0.000
10/10/06 21:30,0.000
10/10/06 21:35,0.000
10/10/06 21:40,0.000
10/10/06 21:45,0.000
10/10/06 21:50,0.000
10/10/06 21:55,0.000
10/10/06 22:00,0.000
10/10/06 22:05,0.000
10/10/06 22:10,0.000
10/10/06 22:15,0.000
10/10/06 22:20,0.000
10/10/06 22:25,0.000
10/10/06 22:30,0.000
10/10/06 22:35,0.000
10/10/06 22:40,0.000
10/10/06 22:45,0.000
10/10/06 22:50,0.000
10/10/06 22:55,0.000
10/10/06 23:00,0.000
10/10/06 23:05,0.000
10/10/06 23:10,0.000
10/10/06 23:15,0.000
10/10/06 23:20,0.000
10/10/06 23:25,0.000
10/10/06 23:30,0.000
10/10/06 23:35,0.000
10/10/06 23:40,0.000
10/10/06 23:45,0.000
10/10/06 23:50,0.000
10/10/06 23:55,0.000
10/11/06 00:00,0.000
10/11/06 00:05,0.000
10/11/06 00:10,0.000
10/11/06 00:15,0.000
10/11/06 00:20,0.000
10/11/06 00:25,0.000
10/11/06 00:30,0.000
10/11/06 00:35,0.000
10/11/06 00:40,0.000
10/11/06 00:45,0.000
10/11/06 00:50,0.000
10/11/06 00:55,0.000
10/11/06 01:00,0.000
10/11/06 01:05,0.000
10/11/06 01:10,0.000
10/11/06 01:15,0.000
10/11/06 01:20,0.000
10/11/06 01:25,0.000
10/11/06 01:30,0.000
10/11/06 01:35,0.000
10/11/06 01:40,0.000
10/11/06 01:45,0.000
10/11/06 01:50,0.000
10/11/06 01:55,0.000
10/11/06 02:00,0.000
10/11/06 02:05,0.000
10/11/06 02:10,0.000
10/11/06 02:15,0.000
10/11/06 02:20,0.000
10/11/06 02:25,0.000
10/11/06 02:30,0.000
10/11/06 02:35,0.000
10/11/06 02:40,0.000
10/11/06 02:45,0.000
10/11/06 02:50,0.000
10/11/06 02:55,0.000
10/11/06 03:00,0.000
10/11/06 03:05,0.000
10/11/06 03:10,0.000
10/11/06 03:15,0.000
10/11/06 03:20,0.000
10/11/06 03:25,0.000
10/11/06 03:30,0.000
10/11/06 03:35,0.000
10/11/06 03:40,0.000
10/11/06 03:45,0.000
10/11/06 03:50,0.000
10/11/06 03:55,0.000
10/11/06 04:00,0.000
10/11/06 04:05,0.000
10/11/06 04:10,0.000
10/11/06 04:15,0.000
10/11/06 04:20,0.000
10/11/06 04:25,0.000
10/11/06 04:30,0.000
10/11/06 04:35,0.000
10/11/06 04:40,0.000
10/11/06 04:45,0.000
10/11/06 04:50,0.000
10/11/06 04:55,0.000
10/11/06 05:00,0.000
10/11/06 05:05,0.000
10/11/06 05:10,0.000
10/11/06 05:15,0.000
10/11/06 05:20,0.000
10/11/06 05:25,0.000
10/11/06 05:30,0.000
10/11/06 05:35,0.000
10/11/06 05:40,0.000
10/11/06 05:45,0.000
10/11/06 05:50,0.000
10/11/06 05:55,0.000
10/11/06 06:00,0.000
10/11/06 06:05,0.000
10/11/06 06:10,0.000
10/11/06 06:15,0.000
10/11/06 06:20,0.000
10/11/06 06:25,0.000
10/11/06 06:30,0.000
10/11/06 06:35,0.000
10/11/06 06:40,0.000
10/11/06 06:45,0.001
10/11/06 06:50,0.007
10/11/06 06:55,0.019
10/11/06 07:00,0.052
10/11/06 07:05,0.084
10/11/06 07:10,0.098
10/11/06 07:15,0.112
10/11/06 07:20,0.127
10/11/06 07:25,0.141
10/11/06 07:30,0.157
10/11/06 07:35,0.173
10/11/06 07:40,0.189
10/11/06 07:45,0.205
10/11/06 07:50,0.221
10/11/06 07:55,0.235
10/11/06 08:00,0.251
10/11/06 08:05,0.265
10/11/06 08:10,0.279
10/11/06 08:15,0.293
10/11/06 08:20,0.307
10/11/06 08:25,0.320
10/11/06 08:30,0.334
10/11/06 08:35,0.346
10/11/06 08:40,0.358
10/11/06 08:45,0.370
10/11/06 08:50,0.382
10/11/06 08:55,0.394
10/11/06 09:00,0.402
10/11/06 09:05,0.413
10/11/06 09:10,0.419
10/11/06 09:15,0.423
10/11/06 09:20,0.428
10/11/06 09:25,0.432
10/11/06 09:30,0.433
10/11/06 09:35,0.435
10/11/06 09:40,0.437
10/11/06 09:45,0.440
10/11/06 09:50,0.443
10/11/06 09:55,0.445
10/11/06 10:00,0.449
10/11/06 10:05,0.453
10/11/06 10:10,0.460
10/11/06 10:15,0.466
10/11/06 10:20,0.471
10/11/06 10:25,0.476
10/11/06 10:30,0.480
10/11/06 10:35,0.483
10/11/06 10:40,0.485
10/11/06 10:45,0.487
10/11/06 10:50,0.489
10/11/06 10:55,0.489
10/11/06 11:00,0.490
10/11/06 11:05,0.493
10/11/06 11:10,0.497
10/11/06 11:15,0.502
10/11/06 11:20,0.505
10/11/06 11:25,0.508
10/11/06 11:30,0.509
10/11/06 11:35,0.510
10/11/06 11:40,0.510
10/11/06 11:45,0.509
10/11/06 11:50,0.510
10/11/06 11:55,0.517
10/11/06 12:00,0.518
10/11/06 12:05,0.516
10/11/06 12:10,0.511
10/11/06 12:15,0.503
10/11/06 12:20,0.495
10/11/06 12:25,0.485
10/11/06 12:30,0.477
10/11/06 12:35,0.471
10/11/06 12:40,0.466
10/11/06 12:45,0.464
10/11/06 12:50,0.458
10/11/06 12:55,0.454
10/11/06 13:00,0.453
10/11/06 13:05,0.454
10/11/06 13:10,0.456
10/11/06 13:15,0.458
10/11/06 13:20,0.461
10/11/06 13:25,0.460
10/11/06 13:30,0.456
10/11/06 13:35,0.451
10/11/06 13:40,0.447
10/11/06 13:45,0.442
10/11/06 13:50,0.435
10/11/06 13:55,0.429
10/11/06 14:00,0.422
10/11/06 14:05,0.412
10/11/06 14:10,0.405
10/11/06 14:15,0.397
10/11/06 14:20,0.389
10/11/06 14:25,0.380
10/11/06 14:30,0.372
10/11/06 14:35,0.361
10/11/06 14:40,0.350
10/11/06 14:45,0.339
10/11/06 14:50,0.328
10/11/06 14:55,0.316
10/11/06 15:00,0.301
10/11/06 15:05,0.286
10/11/06 15:10,0.269
10/11/06 15:15,0.252
10/11/06 15:20,0.235
10/11/06 15:25,0.219
10/11/06 15:30,0.202
10/11/06 15:35,0.186
10/11/06 15:40,0.171
10/11/06 15:45,0.155
10/11/06 15:50,0.139
10/11/06 15:55,0.124
10/11/06 16:00,0.111
10/11/06 16:05,0.098
10/11/06 16:10,0.086
10/11/06 16:15,0.070
10/11/06 16:20,0.037
10/11/06 16:25,0.018
10/11/06 16:30,0.007
10/11/06 16:35,0.002
10/11/06 16:40,0.001
10/11/06 16:45,0.000
10/11/06 16:50,0.000
10/11/06 16:55,0.000
10/11/06 17:00,0.000
10/11/06 17:05,0.000
10/11/06 17:10,0.000
10/11/06 17:15,0.000
10/11/06 17:20,0.000
10/11/06 17:25,0.000
10/11/06 17:30,0.000
10/11/06 17:35,0.000
10/11/06 17:40,0.000
10/11/06 17:45,0.000
10/11/06 17:50,0.000
10/11/06 17:55,0.000
10/11/06 18:00,0.000
10/11/06 18:05,0.000
10/11/06 18:10,0.000
10/11/06 18:15,0.000
10/11/06 18:20,0.000
10/11/06 18:25,0.000
10/11/06 18:30,0.000
10/11/06 18:35,0.000
10/11/06 18:40,0.000
10/11/06 18:45,0.000
10/11/06 18:50,0.000
10/11/06 18:55,0.000
10/11/06 19:00,0.000
10/11/06 19:05,0.000
10/11/06 19:10,0.000
10/11/06 19:15,0.000
10/11/06 19:20,0.000
10/11/06 19:25,0.000
10/11/06 19:30,0.000
10/11/06 19:35,0.000
10/11/06 19:40,0.000
10/11/06 19:45,0.000
10/11/06 19:50,0.000
10/11/06 19:55,0.000
10/11/06 20:00,0.000
10/11/06 20:05,0.000
10/11/06 20:10,0.000
10/11/06 20:15,0.000
10/11/06 20:20,0.000
10/11/06 20:25,0.000
10/11/06 20:30,0.000
10/11/06 20:35,0.000
10/11/06 20:40,0.000
10/11/06 20:45,0.000
10/11/06 20:50,0.000
10/11/06 20:55,0.000
10/11/06 21:00,0.000
10/11/06 21:05,0.000
10/11/06 21:10,0.000
10/11/06 21:15,0.000
10/11/06 21:20,0.000
10/11/06 21:25,0.000
10/11/06 21:30,0.000
10/11/06 21:35,0.000
10/11/06 21:40,0.000
10/11/06 21:45,0.000
10/11/06 21:50,0.000
10/11/06 21:55,0.000
10/11/06 22:00,0.000
10/11/06 22:05,0.000
10/11/06 22:10,0.000
10/11/06 22:15,0.000
10/11/06 22:20,0.000
10/11/06 22:25,0.000
10/11/06 22:30,0.000
10/11/06 22:35,0.000
10/11/06 22:40,0.000
10/11/06 22:45,0.000
10/11/06 22:50,0.000
10/11/06 22:55,0.000
10/11/06 23:00,0.000
10/11/06 23:05,0.000
10/11/06 23:10,0.000
10/11/06 23:15,0.000
10/11/06 23:20,0.000
10/11/06 23:25,0.000
10/11/06 23:30,0.000
10/11/06 23:35,0.000
10/11/06 23:40,0.000
10/11/06 23:45,0.000
10/11/06 23:50,0.000
10/11/06 23:55,0.000
10/12/06 00:00,0.000
10/12/06 00:05,0.000
10/12/06 00:10,0.000
10/12/06 00:15,0.000
10/12/06 00:20,0.000
10/12/06 00:25,0.000
10/12/06 00:30,0.000
10/12/06 00:35,0.000
10/12/06 00:40,0.000
10/12/06 00:45,0.000
10/12/06 00:50,0.000
10/12/06 00:55,0.000
10/12/06 01:00,0.000
10/12/06 01:05,0.000
10/12/06 01:10,0.000
10/12/06 01:15,0.000
10/12/06 01:20,0.000
10/12/06 01:25,0.000
10/12/06 01:30,0.000
10/12/06 01:35,0.000
10/12/06 01:40,0.000
10/12/06 01:45,0.000
10/12/06 01:50,0.000
10/12/06 01:55,0.000
10/12/06 02:00,0.000
10/12/06 02:05,0.000
10/12/06 02:10,0.000
10/12/06 02:15,0.000
10/12/06 02:20,0.000
10/12/06 02:25,0.000
10/12/06 02:30,0.000
10/12/06 02:35,0.000
10/12/06 02:40,0.000
10/12/06 02:45,0.000
10/12/06 02:50,0.000
10/12/06 02:55,0.000
10/12/06 03:00,0.000
10/12/06 03:05,0.000
10/12/06 03:10,0.000
10/12/06 03:15,0.000
10/12/06 03:20,0.000
10/12/06 03:25,0.000
10/12/06 03:30,0.000
10/12/06 03:35,0.000
10/12/06 03:40,0.000
10/12/06 03:45,0.000
10/12/06 03:50,0.000
10/12/06 03:55,0.000
10/12/06 04:00,0.000
10/12/06 04:05,0.000
10/12/06 04:10,0.000
10/12/06 04:15,0.000
10/12/06 04:20,0.000
10/12/06 04:25,0.000
10/12/06 04:30,0.000
10/12/06 04:35,0.000
10/12/06 04:40,0.000
10/12/06 04:45,0.000
10/12/06 04:50,0.000
10/12/06 04:55,0.000
10/12/06 05:00,0.000
10/12/06 05:05,0.000
10/12/06 05:10,0.000
10/12/06 05:15,0.000
10/12/06 05:20,0.000
10/12/06 05:25,0.000
10/12/06 05:30,0.000
10/12/06 05:35,0.000
10/12/06 05:40,0.000
10/12/06 05:45,0.000
10/12/06 05:50,0.000
10/12/06 05:55,0.000
10/12/06 06:00,0.000
10/12/06 06:05,0.000
10/12/06 06:10,0.000
10/12/06 06:15,0.000
10/12/06 06:20,0.000
10/12/06 06:25,0.000
10/12/06 06:30,0.000
10/12/06 06:35,0.000
10/12/06 06:40,0.000
10/12/06 06:45,0.001
10/12/06 06:50,0.004
10/12/06 06:55,0.015
10/12/06 07:00,0.044
10/12/06 07:05,0.080
10/12/06 07:10,0.094
10/12/06 07:15,0.109
10/12/06 07:20,0.123
10/12/06 07:25,0.138
10/12/06 07:30,0.152
10/12/06 07:35,0.167
10/12/06 07:40,0.183
10/12/06 07:45,0.198
10/12/06 07:50,0.212
10/12/06 07:55,0.227
10/12/06 08:00,0.241
10/12/06 08:05,0.255
10/12/06 08:10,0.267
10/12/06 08:15,0.280
10/12/06 08:20,0.293
10/12/06 08:25,0.307
10/12/06 08:30,0.320
10/12/06 08:35,0.333
10/12/06 08:40,0.346
10/12/06 08:45,0.359
10/12/06 08:50,0.374
10/12/06 08:55,0.388
10/12/06 09:00,0.396
10/12/06 09:05,0.405
10/12/06 09:10,0.417
10/12/06 09:15,0.424
10/12/06 09:20,0.431
10/12/06 09:25,0.437
10/12/06 09:30,0.443
10/12/06 09:35,0.449
10/12/06 09:40,0.456
10/12/06 09:45,0.462
10/12/06 09:50,0.468
10/12/06 09:55,0.474
10/12/06 10:00,0.479
10/12/06 10:05,0.483
10/12/06 10:10,0.486
10/12/06 10:15,0.489
10/12/06 10:20,0.492
10/12/06 10:25,0.495
10/12/06 10:30,0.499
10/12/06 10:35,0.503
10/12/06 10:40,0.507
10/12/06 10:45,0.510
10/12/06 10:50,0.512
10/12/06 10:55,0.518
10/12/06 11:00,0.523
10/12/06 11:05,0.526
10/12/06 11:10,0.527
10/12/06 11:15,0.526
10/12/06 11:20,0.526
10/12/06 11:25,0.524
10/12/06 11:30,0.522
10/12/06 11:35,0.519
10/12/06 11:40,0.514
10/12/06 11:45,0.509
10/12/06 11:50,0.505
10/12/06 11:55,0.501
10/12/06 12:00,0.498
10/12/06 12:05,0.495
10/12/06 12:10,0.491
10/12/06 12:15,0.488
10/12/06 12:20,0.485
10/12/06 12:25,0.482
10/12/06 12:30,0.478
10/12/06 12:35,0.475
10/12/06 12:40,0.471
10/12/06 12:45,0.466
10/12/06 12:50,0.462
10/12/06 12:55,0.458
10/12/06 13:00,0.455
10/12/06 13:05,0.451
10/12/06 13:10,0.447
10/12/06 13:15,0.443
10/12/06 13:20,0.439
10/12/06 13:25,0.434
10/12/06 13:30,0.428
10/12/06 13:35,0.423
10/12/06 13:40,0.416
10/12/06 13:45,0.410
10/12/06 13:50,0.403
10/12/06 13:55,0.394
10/12/06 14:00,0.382
10/12/06 14:05,0.373
10/12/06 14:10,0.364
10/12/06 14:15,0.354
10/12/06 14:20,0.344
10/12/06 14:25,0.334
10/12/06 14:30,0.324
10/12/06 14:35,0.314
10/12/06 14:40,0.303
10/12/06 14:45,0.291
10/12/06 14:50,0.280
10/12/06 14:55,0.271
10/12/06 15:00,0.260
10/12/06 15:05,0.247
10/12/06 15:10,0.233
10/12/06 15:15,0.220
10/12/06 15:20,0.207
10/12/06 15:25,0.193
10/12/06 15:30,0.180
10/12/06 15:35,0.166
10/12/06 15:40,0.152
10/12/06 15:45,0.138
10/12/06 15:50,0.124
10/12/06 15:55,0.109
10/12/06 16:00,0.097
10/12/06 16:05,0.086
10/12/06 16:10,0.072
10/12/06 16:15,0.040
10/12/06 16:20,0.021
10/12/06 16:25,0.009
10/12/06 16:30,0.003
10/12/06 16:35,0.001
10/12/06 16:40,0.000
10/12/06 16:45,0.000
10/12/06 16:50,0.000
10/12/06 16:55,0.000
10/12/06 17:00,0.000
10/12/06 17:05,0.000
10/12/06 17:10,0.000
10/12/06 17:15,0.000
10/12/06 17:20,0.000
10/12/06 17:25,0.000
10/12/06 17:30,0.000
10/12/06 17:35,0.000
10/12/06 17:40,0.000
10/12/06 17:45,0.000
10/12/06 17:50,0.000
10/12/06 17:55,0.000
10/12/06 18:00,0.000
10/12/06 18:05,0.000
10/12/06 18:10,0.000
10/12/06 18:15,0.000
10/12/06 18:20,0.000
10/12/06 18:25,0.000
10/12/06 18:30,0.000
10/12/06 18:35,0.000
10/12/06 18:40,0.000
10/12/06 18:45,0.000
10/12/06 18:50,0.000
10/12/06 18:55,0.000
10/12/06 19:00,0.000
10/12/06 19:05,0.000
10/12/06 19:10,0.000
10/12/06 19:15,0.000
10/12/06 19:20,0.000
10/12/06 19:25,0.000
10/12/06 19:30,0.000
10/12/06 19:35,0.000
10/12/06 19:40,0.000
10/12/06 19:45,0.000
10/12/06 19:50,0.000
10/12/06 19:55,0.000
10/12/06 20:00,0.000
10/12/06 20:05,0.000
10/12/06 20:10,0.000
10/12/06 20:15,0.000
10/12/06 20:20,0.000
10/12/06 20:25,0.000
10/12/06 20:30,0.000
10/12/06 20:35,0.000
10/12/06 20:40,0.000
10/12/06 20:45,0.000
10/12/06 20:50,0.000
10/12/06 20:55,0.000
10/12/06 21:00,0.000
10/12/06 21:05,0.000
10/12/06 21:10,0.000
10/12/06 21:15,0.000
10/12/06 21:20,0.000
10/12/06 21:25,0.000
10/12/06 21:30,0.000
10/12/06 21:35,0.000
10/12/06 21:40,0.000
10/12/06 21:45,0.000
10/12/06 21:50,0.000
10/12/06 21:55,0.000
10/12/06 22:00,0.000
10/12/06 22:05,0.000
10/12/06 22:10,0.000
10/12/06 22:15,0.000
10/12/06 22:20,0.000
10/12/06 22:25,0.000
10/12/06 22:30,0.000
10/12/06 22:35,0.000
10/12/06 22:40,0.000
10/12/06 22:45,0.000
10/12/06 22:50,0.000
10/12/06 22:55,0.000
10/12/06 23:00,0.000
10/12/06 23:05,0.000
10/12/06 23:10,0.000
10/12/06 23:15,0.000
10/12/06 23:20,0.000
10/12/06 23:25,0.000
10/12/06 23:30,0.000
10/12/06 23:35,0.000
10/12/06 23:40,0.000
10/12/06 23:45,0.000
10/12/06 23:50,0.000
10/12/06 23:55,0.000
10/13/06 00:00,0.000
10/13/06 00:05,0.000
10/13/06 00:10,0.000
10/13/06 00:15,0.000
10/13/06 00:20,0.000
10/13/06 00:25,0.000
10/13/06 00:30,0.000
10/13/06 00:35,0.000
10/13/06 00:40,0.000
10/13/06 00:45,0.000
10/13/06 00:50,0.000
10/13/06 00:55,0.000
10/13/06 01:00,0.000
10/13/06 01:05,0.000
10/13/06 01:10,0.000
10/13/06 01:15,0.000
10/13/06 01:20,0.000
10/13/06 01:25,0.000
10/13/06 01:30,0.000
10/13/06 01:35,0.000
10/13/06 01:40,0.000
10/13/06 01:45,0.000
10/13/06 01:50,0.000
10/13/06 01:55,0.000
10/13/06 02:00,0.000
10/13/06 02:05,0.000
10/13/06 02:10,0.000
10/13/06 02:15,0.000
10/13/06 02:20,0.000
10/13/06 02:25,0.000
10/13/06 02:30,0.000
10/13/06 02:35,0.000
10/13/06 02:40,0.000
10/13/06 02:45,0.000
10/13/06 02:50,0.000
10/13/06 02:55,0.000
10/13/06 03:00,0.000
10/13/06 03:05,0.000
10/13/06 03:10,0.000
10/13/06 03:15,0.000
10/13/06 03:20,0.000
10/13/06 03:25,0.000
10/13/06 03:30,0.000
10/13/06 03:35,0.000
10/13/06 03:40,0.000
10/13/06 03:45,0.000
10/13/06 03:50,0.000
10/13/06 03:55,0.000
10/13/06 04:00,0.000
10/13/06 04:05,0.000
10/13/06 04:10,0.000
10/13/06 04:15,0.000
10/13/06 04:20,0.000
10/13/06 04:25,0.000
10/13/06 04:30,0.000
10/13/06 04:35,0.000
10/13/06 04:40,0.000
10/13/06 04:45,0.000
10/13/06 04:50,0.000
10/13/06 04:55,0.000
10/13/06 05:00,0.000
10/13/06 05:05,0.000
10/13/06 05:10,0.000
10/13/06 05:15,0.000
10/13/06 05:20,0.000
10/13/06 05:25,0.000
10/13/06 05:30,0.000
10/13/06 05:35,0.000
10/13/06 05:40,0.000
10/13/06 05:45,0.000
10/13/06 05:50,0.000
10/13/06 05:55,0.000
10/13/06 06:00,0.000
10/13/06 06:05,0.000
10/13/06 06:10,0.000
10/13/06 06:15,0.000
10/13/06 06:20,0.000
10/13/06 06:25,0.000
10/13/06 06:30,0.000
10/13/06 06:35,0.000
10/13/06 06:40,0.000
10/13/06 06:45,0.000
10/13/06 06:50,0.000
10/13/06 06:55,0.000
10/13/06 07:00,0.001
10/13/06 07:05,0.007
10/13/06 07:10,0.031
10/13/06 07:15,0.088
10/13/06 07:20,0.108
10/13/06 07:25,0.112
10/13/06 07:30,0.118
10/13/06 07:35,0.124
10/13/06 07:40,0.122
10/13/06 07:45,0.133
10/13/06 07:50,0.147
10/13/06 07:55,0.159
10/13/06 08:00,0.158
10/13/06 08:05,0.163
10/13/06 08:10,0.176
10/13/06 08:15,0.193
10/13/06 08:20,0.216
10/13/06 08:25,0.236
10/13/06 08:30,0.257
10/13/06 08:35,0.274
10/13/06 08:40,0.291
10/13/06 08:45,0.312
10/13/06 08:50,0.333
10/13/06 08:55,0.350
10/13/06 09:00,0.359
10/13/06 09:05,0.351
10/13/06 09:10,0.343
10/13/06 09:15,0.331
10/13/06 09:20,0.326
10/13/06 09:25,0.323
10/13/06 09:30,0.324
10/13/06 09:35,0.337
10/13/06 09:40,0.343
10/13/06 09:45,0.354
10/13/06 09:50,0.308
10/13/06 09:55,0.285
10/13/06 10:00,0.264
10/13/06 10:05,0.251
10/13/06 10:10,0.252
10/13/06 10:15,0.277
10/13/06 10:20,0.303
10/13/06 10:25,0.330
10/13/06 10:30,0.357
10/13/06 10:35,0.390
10/13/06 10:40,0.418
10/13/06 10:45,0.448
10/13/06 10:50,0.475
10/13/06 10:55,0.497
10/13/06 11:00,0.497
10/13/06 11:05,0.493
10/13/06 11:10,0.492
10/13/06 11:15,0.490
10/13/06 11:20,0.492
10/13/06 11:25,0.496
10/13/06 11:30,0.494
10/13/06 11:35,0.492
10/13/06 11:40,0.484
10/13/06 11:45,0.482
10/13/06 11:50,0.484
10/13/06 11:55,0.478
10/13/06 12:00,0.468
10/13/06 12:05,0.465
10/13/06 12:10,0.471
10/13/06 12:15,0.469
10/13/06 12:20,0.465
10/13/06 12:25,0.458
10/13/06 12:30,0.453
10/13/06 12:35,0.448
10/13/06 12:40,0.443
10/13/06 12:45,0.431
10/13/06 12:50,0.417
10/13/06 12:55,0.406
10/13/06 13:00,0.397
10/13/06 13:05,0.388
10/13/06 13:10,0.377
10/13/06 13:15,0.324
10/13/06 13:20,0.272
10/13/06 13:25,0.239
10/13/06 13:30,0.216
10/13/06 13:35,0.171
10/13/06 13:40,0.160
10/13/06 13:45,0.180
10/13/06 13:50,0.151
10/13/06 13:55,0.158
10/13/06 14:00,0.183
10/13/06 14:05,0.193
10/13/06 14:10,0.195
10/13/06 14:15,0.192
10/13/06 14:20,0.183
10/13/06 14:25,0.170
10/13/06 14:30,0.156
10/13/06 14:35,0.144
10/13/06 14:40,0.127
10/13/06 14:45,0.105
10/13/06 14:50,0.084
10/13/06 14:55,0.070
10/13/06 15:00,0.077
10/13/06 15:05,0.084
10/13/06 15:10,0.076
10/13/06 15:15,0.044
10/13/06 15:20,0.033
10/13/06 15:25,0.027
10/13/06 15:30,0.023
10/13/06 15:35,0.052
10/13/06 15:40,0.014
10/13/06 15:45,0.011
10/13/06 15:50,0.014
10/13/06 15:55,0.022
10/13/06 16:00,0.042
10/13/06 16:05,0.044
10/13/06 16:10,0.026
10/13/06 16:15,0.011
10/13/06 16:20,0.004
10/13/06 16:25,0.001
10/13/06 16:30,0.000
10/13/06 16:35,0.000
10/13/06 16:40,0.000
10/13/06 16:45,0.000
10/13/06 16:50,0.000
10/13/06 16:55,0.000
10/13/06 17:00,0.000
10/13/06 17:05,0.000
10/13/06 17:10,0.000
10/13/06 17:15,0.000
10/13/06 17:20,0.000
10/13/06 17:25,0.000
10/13/06 17:30,0.000
10/13/06 17:35,0.000
10/13/06 17:40,0.000
10/13/06 17:45,0.000
10/13/06 17:50,0.000
10/13/06 17:55,0.000
10/13/06 18:00,0.000
10/13/06 18:05,0.000
10/13/06 18:10,0.000
10/13/06 18:15,0.000
10/13/06 18:20,0.000
10/13/06 18:25,0.000
10/13/06 18:30,0.000
10/13/06 18:35,0.000
10/13/06 18:40,0.000
10/13/06 18:45,0.000
10/13/06 18:50,0.000
10/13/06 18:55,0.000
10/13/06 19:00,0.000
10/13/06 19:05,0.000
10/13/06 19:10,0.000
10/13/06 19:15,0.000
10/13/06 19:20,0.000
10/13/06 19:25,0.000
10/13/06 19:30,0.000
10/13/06 19:35,0.000
10/13/06 19:40,0.000
10/13/06 19:45,0.000
10/13/06 19:50,0.000
10/13/06 19:55,0.000
10/13/06 20:00,0.000
10/13/06 20:05,0.000
10/13/06 20:10,0.000
10/13/06 20:15,0.000
10/13/06 20:20,0.000
10/13/06 20:25,0.000
10/13/06 20:30,0.000
10/13/06 20:35,0.000
10/13/06 20:40,0.000
10/13/06 20:45,0.000
10/13/06 20:50,0.000
10/13/06 20:55,0.000
10/13/06 21:00,0.000
10/13/06 21:05,0.000
10/13/06 21:10,0.000
10/13/06 21:15,0.000
10/13/06 21:20,0.000
10/13/06 21:25,0.000
10/13/06 21:30,0.000
10/13/06 21:35,0.000
10/13/06 21:40,0.000
10/13/06 21:45,0.000
10/13/06 21:50,0.000
10/13/06 21:55,0.000
10/13/06 22:00,0.000
10/13/06 22:05,0.000
10/13/06 22:10,0.000
10/13/06 22:15,0.000
10/13/06 22:20,0.000
10/13/06 22:25,0.000
10/13/06 22:30,0.000
10/13/06 22:35,0.000
10/13/06 22:40,0.000
10/13/06 22:45,0.000
10/13/06 22:50,0.000
10/13/06 22:55,0.000
10/13/06 23:00,0.000
10/13/06 23:05,0.000
10/13/06 23:10,0.000
10/13/06 23:15,0.000
10/13/06 23:20,0.000
10/13/06 23:25,0.000
10/13/06 23:30,0.000
10/13/06 23:35,0.000
10/13/06 23:40,0.000
10/13/06 23:45,0.000
10/13/06 23:50,0.000
10/13/06 23:55,0.000
10/14/06 00:00,0.000
10/14/06 00:05,0.000
10/14/06 00:10,0.000
10/14/06 00:15,0.000
10/14/06 00:20,0.000
10/14/06 00:25,0.000
10/14/06 00:30,0.000
10/14/06 00:35,0.000
10/14/06 00:40,0.000
10/14/06 00:45,0.000
10/14/06 00:50,0.000
10/14/06 00:55,0.000
10/14/06 01:00,0.000
10/14/06 01:05,0.000
10/14/06 01:10,0.000
10/14/06 01:15,0.000
10/14/06 01:20,0.000
10/14/06 01:25,0.000
10/14/06 01:30,0.000
10/14/06 01:35,0.000
10/14/06 01:40,0.000
10/14/06 01:45,0.000
10/14/06 01:50,0.000
10/14/06 01:55,0.000
10/14/06 02:00,0.000
10/14/06 02:05,0.000
10/14/06 02:10,0.000
10/14/06 02:15,0.000
10/14/06 02:20,0.000
10/14/06 02:25,0.000
10/14/06 02:30,0.000
10/14/06 02:35,0.000
10/14/06 02:40,0.000
10/14/06 02:45,0.000
10/14/06 02:50,0.000
10/14/06 02:55,0.000
10/14/06 03:00,0.000
10/14/06 03:05,0.000
10/14/06 03:10,0.000
10/14/06 03:15,0.000
10/14/06 03:20,0.000
10/14/06 03:25,0.000
10/14/06 03:30,0.000
10/14/06 03:35,0.000
10/14/06 03:40,0.000
10/14/06 03:45,0.000
10/14/06 03:50,0.000
10/14/06 03:55,0.000
10/14/06 04:00,0.000
10/14/06 04:05,0.000
10/14/06 04:10,0.000
10/14/06 04:15,0.000
10/14/06 04:20,0.000
10/14/06 04:25,0.000
10/14/06 04:30,0.000
10/14/06 04:35,0.000
10/14/06 04:40,0.000
10/14/06 04:45,0.000
10/14/06 04:50,0.000
10/14/06 04:55,0.000
10/14/06 05:00,0.000
10/14/06 05:05,0.000
10/14/06 05:10,0.000
10/14/06 05:15,0.000
10/14/06 05:20,0.000
10/14/06 05:25,0.000
10/14/06 05:30,0.000
10/14/06 05:35,0.000
10/14/06 05:40,0.000
10/14/06 05:45,0.000
10/14/06 05:50,0.000
10/14/06 05:55,0.000
10/14/06 06:00,0.000
10/14/06 06:05,0.000
10/14/06 06:10,0.000
10/14/06 06:15,0.000
10/14/06 06:20,0.000
10/14/06 06:25,0.000
10/14/06 06:30,0.000
10/14/06 06:35,0.000
10/14/06 06:40,0.000
10/14/06 06:45,0.000
10/14/06 06:50,0.001
10/14/06 06:55,0.005
10/14/06 07:00,0.023
10/14/06 07:05,0.056
10/14/06 07:10,0.087
10/14/06 07:15,0.102
10/14/06 07:20,0.117
10/14/06 07:25,0.131
10/14/06 07:30,0.147
10/14/06 07:35,0.161
10/14/06 07:40,0.175
10/14/06 07:45,0.189
10/14/06 07:50,0.203
10/14/06 07:55,0.216
10/14/06 08:00,0.229
10/14/06 08:05,0.242
10/14/06 08:10,0.256
10/14/06 08:15,0.269
10/14/06 08:20,0.282
10/14/06 08:25,0.295
10/14/06 08:30,0.307
10/14/06 08:35,0.319
10/14/06 08:40,0.330
10/14/06 08:45,0.342
10/14/06 08:50,0.353
10/14/06 08:55,0.365
10/14/06 09:00,0.376
10/14/06 09:05,0.387
10/14/06 09:10,0.398
10/14/06 09:15,0.406
10/14/06 09:20,0.414
10/14/06 09:25,0.421
10/14/06 09:30,0.427
10/14/06 09:35,0.433
10/14/06 09:40,0.439
10/14/06 09:45,0.444
10/14/06 09:50,0.448
10/14/06 09:55,0.451
10/14/06 10:00,0.451
10/14/06 10:05,0.450
10/14/06 10:10,0.451
10/14/06 10:15,0.453
10/14/06 10:20,0.451
10/14/06 10:25,0.451
10/14/06 10:30,0.450
10/14/06 10:35,0.448
10/14/06 10:40,0.446
10/14/06 10:45,0.447
10/14/06 10:50,0.449
10/14/06 10:55,0.450
10/14/06 11:00,0.452
10/14/06 11:05,0.456
10/14/06 11:10,0.458
10/14/06 11:15,0.459
10/14/06 11:20,0.461
10/14/06 11:25,0.464
10/14/06 11:30,0.464
10/14/06 11:35,0.466
10/14/06 11:40,0.471
10/14/06 11:45,0.473
10/14/06 11:50,0.472
10/14/06 11:55,0.472
10/14/06 12:00,0.469
10/14/06 12:05,0.464
10/14/06 12:10,0.460
10/14/06 12:15,0.454
10/14/06 12:20,0.449
10/14/06 12:25,0.445
10/14/06 12:30,0.440
10/14/06 12:35,0.439
10/14/06 12:40,0.437
10/14/06 12:45,0.433
10/14/06 12:50,0.427
10/14/06 12:55,0.421
10/14/06 13:00,0.415
10/14/06 13:05,0.412
10/14/06 13:10,0.406
10/14/06 13:15,0.397
10/14/06 13:20,0.388
10/14/06 13:25,0.375
10/14/06 13:30,0.365
10/14/06 13:35,0.358
10/14/06 13:40,0.354
10/14/06 13:45,0.348
10/14/06 13:50,0.336
10/14/06 13:55,0.321
10/14/06 14:00,0.315
10/14/06 14:05,0.315
10/14/06 14:10,0.313
10/14/06 14:15,0.310
10/14/06 14:20,0.307
10/14/06 14:25,0.301
10/14/06 14:30,0.296
10/14/06 14:35,0.290
10/14/06 14:40,0.284
10/14/06 14:45,0.278
10/14/06 14:50,0.271
10/14/06 14:55,0.263
10/14/06 15:00,0.252
10/14/06 15:05,0.239
10/14/06 15:10,0.226
10/14/06 15:15,0.212
10/14/06 15:20,0.197
10/14/06 15:25,0.182
10/14/06 15:30,0.166
10/14/06 15:35,0.151
10/14/06 15:40,0.136
10/14/06 15:45,0.122
10/14/06 15:50,0.107
10/14/06 15:55,0.093
10/14/06 16:00,0.082
10/14/06 16:05,0.063
10/14/06 16:10,0.027
10/14/06 16:15,0.010
10/14/06 16:20,0.003
10/14/06 16:25,0.001
10/14/06 16:30,0.000
10/14/06 16:35,0.000
10/14/06 16:40,0.000
10/14/06 16:45,0.000
10/14/06 16:50,0.000
10/14/06 16:55,0.000
10/14/06 17:00,0.000
10/14/06 17:05,0.000
10/14/06 17:10,0.000
10/14/06 17:15,0.000
10/14/06 17:20,0.000
10/14/06 17:25,0.000
10/14/06 17:30,0.000
10/14/06 17:35,0.000
10/14/06 17:40,0.000
10/14/06 17:45,0.000
10/14/06 17:50,0.000
10/14/06 17:55,0.000
10/14/06 18:00,0.000
10/14/06 18:05,0.000
10/14/06 18:10,0.000
10/14/06 18:15,0.000
10/14/06 18:20,0.000
10/14/06 18:25,0.000
10/14/06 18:30,0.000
10/14/06 18:35,0.000
10/14/06 18:40,0.000
10/14/06 18:45,0.000
10/14/06 18:50,0.000
10/14/06 18:55,0.000
10/14/06 19:00,0.000
10/14/06 19:05,0.000
10/14/06 19:10,0.000
10/14/06 19:15,0.000
10/14/06 19:20,0.000
10/14/06 19:25,0.000
10/14/06 19:30,0.000
10/14/06 19:35,0.000
10/14/06 19:40,0.000
10/14/06 19:45,0.000
10/14/06 19:50,0.000
10/14/06 19:55,0.000
10/14/06 20:00,0.000
10/14/06 20:05,0.000
10/14/06 20:10,0.000
10/14/06 20:15,0.000
10/14/06 20:20,0.000
10/14/06 20:25,0.000
10/14/06 20:30,0.000
10/14/06 20:35,0.000
10/14/06 20:40,0.000
10/14/06 20:45,0.000
10/14/06 20:50,0.000
10/14/06 20:55,0.000
10/14/06 21:00,0.000
10/14/06 21:05,0.000
10/14/06 21:10,0.000
10/14/06 21:15,0.000
10/14/06 21:20,0.000
10/14/06 21:25,0.000
10/14/06 21:30,0.000
10/14/06 21:35,0.000
10/14/06 21:40,0.000
10/14/06 21:45,0.000
10/14/06 21:50,0.000
10/14/06 21:55,0.000
10/14/06 22:00,0.000
10/14/06 22:05,0.000
10/14/06 22:10,0.000
10/14/06 22:15,0.000
10/14/06 22:20,0.000
10/14/06 22:25,0.000
10/14/06 22:30,0.000
10/14/06 22:35,0.000
10/14/06 22:40,0.000
10/14/06 22:45,0.000
10/14/06 22:50,0.000
10/14/06 22:55,0.000
10/14/06 23:00,0.000
10/14/06 23:05,0.000
10/14/06 23:10,0.000
10/14/06 23:15,0.000
10/14/06 23:20,0.000
10/14/06 23:25,0.000
10/14/06 23:30,0.000
10/14/06 23:35,0.000
10/14/06 23:40,0.000
10/14/06 23:45,0.000
10/14/06 23:50,0.000
10/14/06 23:55,0.000
10/15/06 00:00,0.000
10/15/06 00:05,0.000
10/15/06 00:10,0.000
10/15/06 00:15,0.000
10/15/06 00:20,0.000
10/15/06 00:25,0.000
10/15/06 00:30,0.000
10/15/06 00:35,0.000
10/15/06 00:40,0.000
10/15/06 00:45,0.000
10/15/06 00:50,0.000
10/15/06 00:55,0.000
10/15/06 01:00,0.000
10/15/06 01:05,0.000
10/15/06 01:10,0.000
10/15/06 01:15,0.000
10/15/06 01:20,0.000
10/15/06 01:25,0.000
10/15/06 01:30,0.000
10/15/06 01:35,0.000
10/15/06 01:40,0.000
10/15/06 01:45,0.000
10/15/06 01:50,0.000
10/15/06 01:55,0.000
10/15/06 02:00,0.000
10/15/06 02:05,0.000
10/15/06 02:10,0.000
10/15/06 02:15,0.000
10/15/06 02:20,0.000
10/15/06 02:25,0.000
10/15/06 02:30,0.000
10/15/06 02:35,0.000
10/15/06 02:40,0.000
10/15/06 02:45,0.000
10/15/06 02:50,0.000
10/15/06 02:55,0.000
10/15/06 03:00,0.000
10/15/06 03:05,0.000
10/15/06 03:10,0.000
10/15/06 03:15,0.000
10/15/06 03:20,0.000
10/15/06 03:25,0.000
10/15/06 03:30,0.000
10/15/06 03:35,0.000
10/15/06 03:40,0.000
10/15/06 03:45,0.000
10/15/06 03:50,0.000
10/15/06 03:55,0.000
10/15/06 04:00,0.000
10/15/06 04:05,0.000
10/15/06 04:10,0.000
10/15/06 04:15,0.000
10/15/06 04:20,0.000
10/15/06 04:25,0.000
10/15/06 04:30,0.000
10/15/06 04:35,0.000
10/15/06 04:40,0.000
10/15/06 04:45,0.000
10/15/06 04:50,0.000
10/15/06 04:55,0.000
10/15/06 05:00,0.000
10/15/06 05:05,0.000
10/15/06 05:10,0.000
10/15/06 05:15,0.000
10/15/06 05:20,0.000
10/15/06 05:25,0.000
10/15/06 05:30,0.000
10/15/06 05:35,0.000
10/15/06 05:40,0.000
10/15/06 05:45,0.000
10/15/06 05:50,0.000
10/15/06 05:55,0.000
10/15/06 06:00,0.000
10/15/06 06:05,0.000
10/15/06 06:10,0.000
10/15/06 06:15,0.000
10/15/06 06:20,0.000
10/15/06 06:25,0.000
10/15/06 06:30,0.000
10/15/06 06:35,0.000
10/15/06 06:40,0.000
10/15/06 06:45,0.000
10/15/06 06:50,0.000
10/15/06 06:55,0.000
10/15/06 07:00,0.001
10/15/06 07:05,0.004
10/15/06 07:10,0.011
10/15/06 07:15,0.019
10/15/06 07:20,0.043
10/15/06 07:25,0.074
10/15/06 07:30,0.089
10/15/06 07:35,0.103
10/15/06 07:40,0.119
10/15/06 07:45,0.130
10/15/06 07:50,0.138
10/15/06 07:55,0.144
10/15/06 08:00,0.142
10/15/06 08:05,0.142
10/15/06 08:10,0.139
10/15/06 08:15,0.136
10/15/06 08:20,0.132
10/15/06 08:25,0.128
10/15/06 08:30,0.122
10/15/06 08:35,0.108
10/15/06 08:40,0.099
10/15/06 08:45,0.086
10/15/06 08:50,0.045
10/15/06 08:55,0.010
10/15/06 09:00,0.010
10/15/06 09:05,0.017
10/15/06 09:10,0.026
10/15/06 09:15,0.029
10/15/06 09:20,0.024
10/15/06 09:25,0.021
10/15/06 09:30,0.020
10/15/06 09:35,0.015
10/15/06 09:40,0.010
10/15/06 09:45,0.009
10/15/06 09:50,0.007
10/15/06 09:55,0.006
10/15/06 10:00,0.011
10/15/06 10:05,0.015
10/15/06 10:10,0.019
10/15/06 10:15,0.018
10/15/06 10:20,0.024
10/15/06 10:25,0.038
10/15/06 10:30,0.079
10/15/06 10:35,0.114
10/15/06 10:40,0.124
10/15/06 10:45,0.112
10/15/06 10:50,0.104
10/15/06 10:55,0.098
10/15/06 11:00,0.111
10/15/06 11:05,0.126
10/15/06 11:10,0.133
10/15/06 11:15,0.140
10/15/06 11:20,0.143
10/15/06 11:25,0.142
10/15/06 11:30,0.118
10/15/06 11:35,0.101
10/15/06 11:40,0.089
10/15/06 11:45,0.087
10/15/06 11:50,0.079
10/15/06 11:55,0.053
10/15/06 12:00,0.041
10/15/06 12:05,0.039
10/15/06 12:10,0.041
10/15/06 12:15,0.038
10/15/06 12:20,0.028
10/15/06 12:25,0.019
10/15/06 12:30,0.013
10/15/06 12:35,0.012
10/15/06 12:40,0.010
10/15/06 12:45,0.008
10/15/06 12:50,0.006
10/15/06 12:55,0.005
10/15/06 13:00,0.008
10/15/06 13:05,0.010
10/15/06 13:10,0.010
10/15/06 13:15,0.010
10/15/06 13:20,0.009
10/15/06 13:25,0.008
10/15/06 13:30,0.007
10/15/06 13:35,0.006
10/15/06 13:40,0.005
10/15/06 13:45,0.005
10/15/06 13:50,0.004
10/15/06 13:55,0.004
10/15/06 14:00,0.005
10/15/06 14:05,0.005
10/15/06 14:10,0.005
10/15/06 14:15,0.006
10/15/06 14:20,0.007
10/15/06 14:25,0.008
10/15/06 14:30,0.007
10/15/06 14:35,0.007
10/15/06 14:40,0.008
10/15/06 14:45,0.008
10/15/06 14:50,0.008
10/15/06 14:55,0.008
10/15/06 15:00,0.005
10/15/06 15:05,0.003
10/15/06 15:10,0.001
10/15/06 15:15,0.001
10/15/06 15:20,0.001
10/15/06 15:25,0.000
10/15/06 15:30,0.000
10/15/06 15:35,0.000
10/15/06 15:40,0.000
10/15/06 15:45,0.000
10/15/06 15:50,0.000
10/15/06 15:55,0.000
10/15/06 16:00,0.000
10/15/06 16:05,0.000
10/15/06 16:10,0.000
10/15/06 16:15,0.000
10/15/06 16:20,0.000
10/15/06 16:25,0.000
10/15/06 16:30,0.000
10/15/06 16:35,0.000
10/15/06 16:40,0.000
10/15/06 16:45,0.000
10/15/06 16:50,0.000
10/15/06 16:55,0.000
10/15/06 17:00,0.000
10/15/06 17:05,0.000
10/15/06 17:10,0.000
10/15/06 17:15,0.000
10/15/06 17:20,0.000
10/15/06 17:25,0.000
10/15/06 17:30,0.000
10/15/06 17:35,0.000
10/15/06 17:40,0.000
10/15/06 17:45,0.000
10/15/06 17:50,0.000
10/15/06 17:55,0.000
10/15/06 18:00,0.000
10/15/06 18:05,0.000
10/15/06 18:10,0.000
10/15/06 18:15,0.000
10/15/06 18:20,0.000
10/15/06 18:25,0.000
10/15/06 18:30,0.000
10/15/06 18:35,0.000
10/15/06 18:40,0.000
10/15/06 18:45,0.000
10/15/06 18:50,0.000
10/15/06 18:55,0.000
10/15/06 19:00,0.000
10/15/06 19:05,0.000
10/15/06 19:10,0.000
10/15/06 19:15,0.000
10/15/06 19:20,0.000
10/15/06 19:25,0.000
10/15/06 19:30,0.000
10/15/06 19:35,0.000
10/15/06 19:40,0.000
10/15/06 19:45,0.000
10/15/06 19:50,0.000
10/15/06 19:55,0.000
10/15/06 20:00,0.000
10/15/06 20:05,0.000
10/15/06 20:10,0.000
10/15/06 20:15,0.000
10/15/06 20:20,0.000
10/15/06 20:25,0.000
10/15/06 20:30,0.000
10/15/06 20:35,0.000
10/15/06 20:40,0.000
10/15/06 20:45,0.000
10/15/06 20:50,0.000
10/15/06 20:55,0.000
10/15/06 21:00,0.000
10/15/06 21:05,0.000
10/15/06 21:10,0.000
10/15/06 21:15,0.000
10/15/06 21:20,0.000
10/15/06 21:25,0.000
10/15/06 21:30,0.000
10/15/06 21:35,0.000
10/15/06 21:40,0.000
10/15/06 21:45,0.000
10/15/06 21:50,0.000
10/15/06 21:55,0.000
10/15/06 22:00,0.000
10/15/06 22:05,0.000
10/15/06 22:10,0.000
10/15/06 22:15,0.000
10/15/06 22:20,0.000
10/15/06 22:25,0.000
10/15/06 22:30,0.000
10/15/06 22:35,0.000
10/15/06 22:40,0.000
10/15/06 22:45,0.000
10/15/06 22:50,0.000
10/15/06 22:55,0.000
10/15/06 23:00,0.000
10/15/06 23:05,0.000
10/15/06 23:10,0.000
10/15/06 23:15,0.000
10/15/06 23:20,0.000
10/15/06 23:25,0.000
10/15/06 23:30,0.000
10/15/06 23:35,0.000
10/15/06 23:40,0.000
10/15/06 23:45,0.000
10/15/06 23:50,0.000
10/15/06 23:55,0.000
10/16/06 00:00,0.000
10/16/06 00:05,0.000
10/16/06 00:10,0.000
10/16/06 00:15,0.000
10/16/06 00:20,0.000
10/16/06 00:25,0.000
10/16/06 00:30,0.000
10/16/06 00:35,0.000
10/16/06 00:40,0.000
10/16/06 00:45,0.000
10/16/06 00:50,0.000
10/16/06 00:55,0.000
10/16/06 01:00,0.000
10/16/06 01:05,0.000
10/16/06 01:10,0.000
10/16/06 01:15,0.000
10/16/06 01:20,0.000
10/16/06 01:25,0.000
10/16/06 01:30,0.000
10/16/06 01:35,0.000
10/16/06 01:40,0.000
10/16/06 01:45,0.000
10/16/06 01:50,0.000
10/16/06 01:55,0.000
10/16/06 02:00,0.000
10/16/06 02:05,0.000
10/16/06 02:10,0.000
10/16/06 02:15,0.000
10/16/06 02:20,0.000
10/16/06 02:25,0.000
10/16/06 02:30,0.000
10/16/06 02:35,0.000
10/16/06 02:40,0.000
10/16/06 02:45,0.000
10/16/06 02:50,0.000
10/16/06 02:55,0.000
10/16/06 03:00,0.000
10/16/06 03:05,0.000
10/16/06 03:10,0.000
10/16/06 03:15,0.000
10/16/06 03:20,0.000
10/16/06 03:25,0.000
10/16/06 03:30,0.000
10/16/06 03:35,0.000
10/16/06 03:40,0.000
10/16/06 03:45,0.000
10/16/06 03:50,0.000
10/16/06 03:55,0.000
10/16/06 04:00,0.000
10/16/06 04:05,0.000
10/16/06 04:10,0.000
10/16/06 04:15,0.000
10/16/06 04:20,0.000
10/16/06 04:25,0.000
10/16/06 04:30,0.000
10/16/06 04:35,0.000
10/16/06 04:40,0.000
10/16/06 04:45,0.000
10/16/06 04:50,0.000
10/16/06 04:55,0.000
10/16/06 05:00,0.000
10/16/06 05:05,0.000
10/16/06 05:10,0.000
10/16/06 05:15,0.000
10/16/06 05:20,0.000
10/16/06 05:25,0.000
10/16/06 05:30,0.000
10/16/06 05:35,0.000
10/16/06 05:40,0.000
10/16/06 05:45,0.000
10/16/06 05:50,0.000
10/16/06 05:55,0.000
10/16/06 06:00,0.000
10/16/06 06:05,0.000
10/16/06 06:10,0.000
10/16/06 06:15,0.000
10/16/06 06:20,0.000
10/16/06 06:25,0.000
10/16/06 06:30,0.000
10/16/06 06:35,0.000
10/16/06 06:40,0.000
10/16/06 06:45,0.000
10/16/06 06:50,0.000
10/16/06 06:55,0.000
10/16/06 07:00,0.000
10/16/06 07:05,0.000
10/16/06 07:10,0.000
10/16/06 07:15,0.000
10/16/06 07:20,0.000
10/16/06 07:25,0.000
10/16/06 07:30,0.000
10/16/06 07:35,0.000
10/16/06 07:40,0.001
10/16/06 07:45,0.001
10/16/06 07:50,0.001
10/16/06 07:55,0.001
10/16/06 08:00,0.002
10/16/06 08:05,0.006
10/16/06 08:10,0.018
10/16/06 08:15,0.034
10/16/06 08:20,0.069
10/16/06 08:25,0.083
10/16/06 08:30,0.089
10/16/06 08:35,0.093
10/16/06 08:40,0.096
10/16/06 08:45,0.103
10/16/06 08:50,0.106
10/16/06 08:55,0.107
10/16/06 09:00,0.104
10/16/06 09:05,0.103
10/16/06 09:10,0.107
10/16/06 09:15,0.103
10/16/06 09:20,0.099
10/16/06 09:25,0.112
10/16/06 09:30,0.124
10/16/06 09:35,0.139
10/16/06 09:40,0.161
10/16/06 09:45,0.168
10/16/06 09:50,0.167
10/16/06 09:55,0.159
10/16/06 10:00,0.132
10/16/06 10:05,0.121
10/16/06 10:10,0.116
10/16/06 10:15,0.122
10/16/06 10:20,0.128
10/16/06 10:25,0.133
10/16/06 10:30,0.140
10/16/06 10:35,0.151
10/16/06 10:40,0.171
10/16/06 10:45,0.183
10/16/06 10:50,0.195
10/16/06 10:55,0.204
10/16/06 11:00,0.159
10/16/06 11:05,0.121
10/16/06 11:10,0.099
10/16/06 11:15,0.091
10/16/06 11:20,0.087
10/16/06 11:25,0.086
10/16/06 11:30,0.087
10/16/06 11:35,0.088
10/16/06 11:40,0.094
10/16/06 11:45,0.097
10/16/06 11:50,0.100
10/16/06 11:55,0.107
10/16/06 12:00,0.097
10/16/06 12:05,0.095
10/16/06 12:10,0.109
10/16/06 12:15,0.171
10/16/06 12:20,0.151
10/16/06 12:25,0.109
10/16/06 12:30,0.091
10/16/06 12:35,0.079
10/16/06 12:40,0.068
10/16/06 12:45,0.079
10/16/06 12:50,0.107
10/16/06 12:55,0.123
10/16/06 13:00,0.110
10/16/06 13:05,0.101
10/16/06 13:10,0.090
10/16/06 13:15,0.076
10/16/06 13:20,0.050
10/16/06 13:25,0.035
10/16/06 13:30,0.028
10/16/06 13:35,0.024
10/16/06 13:40,0.018
10/16/06 13:45,0.012
10/16/06 13:50,0.010
10/16/06 13:55,0.018
10/16/06 14:00,0.086
10/16/06 14:05,0.110
10/16/06 14:10,0.134
10/16/06 14:15,0.152
10/16/06 14:20,0.157
10/16/06 14:25,0.155
10/16/06 14:30,0.150
10/16/06 14:35,0.141
10/16/06 14:40,0.131
10/16/06 14:45,0.120
10/16/06 14:50,0.110
10/16/06 14:55,0.100
10/16/06 15:00,0.083
10/16/06 15:05,0.056
10/16/06 15:10,0.009
10/16/06 15:15,0.002
10/16/06 15:20,0.000
10/16/06 15:25,0.000
10/16/06 15:30,0.000
10/16/06 15:35,0.000
10/16/06 15:40,0.004
10/16/06 15:45,0.020
10/16/06 15:50,0.030
10/16/06 15:55,0.030
10/16/06 16:00,0.014
10/16/06 16:05,0.005
10/16/06 16:10,0.003
10/16/06 16:15,0.003
10/16/06 16:20,0.002
10/16/06 16:25,0.001
10/16/06 16:30,0.000
10/16/06 16:35,0.000
10/16/06 16:40,0.000
10/16/06 16:45,0.000
10/16/06 16:50,0.000
10/16/06 16:55,0.000
10/16/06 17:00,0.000
10/16/06 17:05,0.000
10/16/06 17:10,0.000
10/16/06 17:15,0.000
10/16/06 17:20,0.000
10/16/06 17:25,0.000
10/16/06 17:30,0.000
10/16/06 17:35,0.000
10/16/06 17:40,0.000
10/16/06 17:45,0.000
10/16/06 17:50,0.000
10/16/06 17:55,0.000
10/16/06 18:00,0.000
10/16/06 18:05,0.000
10/16/06 18:10,0.000
10/16/06 18:15,0.000
10/16/06 18:20,0.000
10/16/06 18:25,0.000
10/16/06 18:30,0.000
10/16/06 18:35,0.000
10/16/06 18:40,0.000
10/16/06 18:45,0.000
10/16/06 18:50,0.000
10/16/06 18:55,0.000
10/16/06 19:00,0.000
10/16/06 19:05,0.000
10/16/06 19:10,0.000
10/16/06 19:15,0.000
10/16/06 19:20,0.000
10/16/06 19:25,0.000
10/16/06 19:30,0.000
10/16/06 19:35,0.000
10/16/06 19:40,0.000
10/16/06 19:45,0.000
10/16/06 19:50,0.000
10/16/06 19:55,0.000
10/16/06 20:00,0.000
10/16/06 20:05,0.000
10/16/06 20:10,0.000
10/16/06 20:15,0.000
10/16/06 20:20,0.000
10/16/06 20:25,0.000
10/16/06 20:30,0.000
10/16/06 20:35,0.000
10/16/06 20:40,0.000
10/16/06 20:45,0.000
10/16/06 20:50,0.000
10/16/06 20:55,0.000
10/16/06 21:00,0.000
10/16/06 21:05,0.000
10/16/06 21:10,0.000
10/16/06 21:15,0.000
10/16/06 21:20,0.000
10/16/06 21:25,0.000
10/16/06 21:30,0.000
10/16/06 21:35,0.000
10/16/06 21:40,0.000
10/16/06 21:45,0.000
10/16/06 21:50,0.000
10/16/06 21:55,0.000
10/16/06 22:00,0.000
10/16/06 22:05,0.000
10/16/06 22:10,0.000
10/16/06 22:15,0.000
10/16/06 22:20,0.000
10/16/06 22:25,0.000
10/16/06 22:30,0.000
10/16/06 22:35,0.000
10/16/06 22:40,0.000
10/16/06 22:45,0.000
10/16/06 22:50,0.000
10/16/06 22:55,0.000
10/16/06 23:00,0.000
10/16/06 23:05,0.000
10/16/06 23:10,0.000
10/16/06 23:15,0.000
10/16/06 23:20,0.000
10/16/06 23:25,0.000
10/16/06 23:30,0.000
10/16/06 23:35,0.000
10/16/06 23:40,0.000
10/16/06 23:45,0.000
10/16/06 23:50,0.000
10/16/06 23:55,0.000
10/17/06 00:00,0.000
10/17/06 00:05,0.000
10/17/06 00:10,0.000
10/17/06 00:15,0.000
10/17/06 00:20,0.000
10/17/06 00:25,0.000
10/17/06 00:30,0.000
10/17/06 00:35,0.000
10/17/06 00:40,0.000
10/17/06 00:45,0.000
10/17/06 00:50,0.000
10/17/06 00:55,0.000
10/17/06 01:00,0.000
10/17/06 01:05,0.000
10/17/06 01:10,0.000
10/17/06 01:15,0.000
10/17/06 01:20,0.000
10/17/06 01:25,0.000
10/17/06 01:30,0.000
10/17/06 01:35,0.000
10/17/06 01:40,0.000
10/17/06 01:45,0.000
10/17/06 01:50,0.000
10/17/06 01:55,0.000
10/17/06 02:00,0.000
10/17/06 02:05,0.000
10/17/06 02:10,0.000
10/17/06 02:15,0.000
10/17/06 02:20,0.000
10/17/06 02:25,0.000
10/17/06 02:30,0.000
10/17/06 02:35,0.000
10/17/06 02:40,0.000
10/17/06 02:45,0.000
10/17/06 02:50,0.000
10/17/06 02:55,0.000
10/17/06 03:00,0.000
10/17/06 03:05,0.000
10/17/06 03:10,0.000
10/17/06 03:15,0.000
10/17/06 03:20,0.000
10/17/06 03:25,0.000
10/17/06 03:30,0.000
10/17/06 03:35,0.000
10/17/06 03:40,0.000
10/17/06 03:45,0.000
10/17/06 03:50,0.000
10/17/06 03:55,0.000
10/17/06 04:00,0.000
10/17/06 04:05,0.000
10/17/06 04:10,0.000
10/17/06 04:15,0.000
10/17/06 04:20,0.000
10/17/06 04:25,0.000
10/17/06 04:30,0.000
10/17/06 04:35,0.000
10/17/06 04:40,0.000
10/17/06 04:45,0.000
10/17/06 04:50,0.000
10/17/06 04:55,0.000
10/17/06 05:00,0.000
10/17/06 05:05,0.000
10/17/06 05:10,0.000
10/17/06 05:15,0.000
10/17/06 05:20,0.000
10/17/06 05:25,0.000
10/17/06 05:30,0.000
10/17/06 05:35,0.000
10/17/06 05:40,0.000
10/17/06 05:45,0.000
10/17/06 05:50,0.000
10/17/06 05:55,0.000
10/17/06 06:00,0.000
10/17/06 06:05,0.000
10/17/06 06:10,0.000
10/17/06 06:15,0.000
10/17/06 06:20,0.000
10/17/06 06:25,0.000
10/17/06 06:30,0.000
10/17/06 06:35,0.000
10/17/06 06:40,0.000
10/17/06 06:45,0.001
10/17/06 06:50,0.006
10/17/06 06:55,0.016
10/17/06 07:00,0.027
10/17/06 07:05,0.039
10/17/06 07:10,0.052
10/17/06 07:15,0.063
10/17/06 07:20,0.041
10/17/06 07:25,0.075
10/17/06 07:30,0.098
10/17/06 07:35,0.093
10/17/06 07:40,0.064
10/17/06 07:45,0.059
10/17/06 07:50,0.097
10/17/06 07:55,0.122
10/17/06 08:00,0.137
10/17/06 08:05,0.151
10/17/06 08:10,0.202
10/17/06 08:15,0.248
10/17/06 08:20,0.281
10/17/06 08:25,0.301
10/17/06 08:30,0.315
10/17/06 08:35,0.329
10/17/06 08:40,0.344
10/17/06 08:45,0.355
10/17/06 08:50,0.367
10/17/06 08:55,0.376
10/17/06 09:00,0.377
10/17/06 09:05,0.388
10/17/06 09:10,0.403
10/17/06 09:15,0.417
10/17/06 09:20,0.426
10/17/06 09:25,0.434
10/17/06 09:30,0.438
10/17/06 09:35,0.441
10/17/06 09:40,0.452
10/17/06 09:45,0.460
10/17/06 09:50,0.467
10/17/06 09:55,0.469
10/17/06 10:00,0.429
10/17/06 10:05,0.351
10/17/06 10:10,0.255
10/17/06 10:15,0.185
10/17/06 10:20,0.216
10/17/06 10:25,0.228
10/17/06 10:30,0.264
10/17/06 10:35,0.279
10/17/06 10:40,0.264
10/17/06 10:45,0.303
10/17/06 10:50,0.350
10/17/06 10:55,0.319
10/17/06 11:00,0.316
10/17/06 11:05,0.355
10/17/06 11:10,0.400
10/17/06 11:15,0.354
10/17/06 11:20,0.326
10/17/06 11:25,0.307
10/17/06 11:30,0.341
10/17/06 11:35,0.361
10/17/06 11:40,0.373
10/17/06 11:45,0.365
10/17/06 11:50,0.287
10/17/06 11:55,0.312
10/17/06 12:00,0.354
10/17/06 12:05,0.373
10/17/06 12:10,0.378
10/17/06 12:15,0.373
10/17/06 12:20,0.362
10/17/06 12:25,0.347
10/17/06 12:30,0.332
10/17/06 12:35,0.313
10/17/06 12:40,0.292
10/17/06 12:45,0.265
10/17/06 12:50,0.242
10/17/06 12:55,0.219
10/17/06 13:00,0.221
10/17/06 13:05,0.236
10/17/06 13:10,0.249
10/17/06 13:15,0.254
10/17/06 13:20,0.262
10/17/06 13:25,0.258
10/17/06 13:30,0.256
10/17/06 13:35,0.254
10/17/06 13:40,0.244
10/17/06 13:45,0.237
10/17/06 13:50,0.235
10/17/06 13:55,0.236
10/17/06 14:00,0.187
10/17/06 14:05,0.151
10/17/06 14:10,0.121
10/17/06 14:15,0.094
10/17/06 14:20,0.076
10/17/06 14:25,0.049
10/17/06 14:30,0.038
10/17/06 14:35,0.105
10/17/06 14:40,0.134
10/17/06 14:45,0.147
10/17/06 14:50,0.153
10/17/06 14:55,0.160
10/17/06 15:00,0.156
10/17/06 15:05,0.148
10/17/06 15:10,0.137
10/17/06 15:15,0.121
10/17/06 15:20,0.105
10/17/06 15:25,0.088
10/17/06 15:30,0.066
10/17/06 15:35,0.027
10/17/06 15:40,0.012
10/17/06 15:45,0.006
10/17/06 15:50,0.003
10/17/06 15:55,0.001
10/17/06 16:00,0.000
10/17/06 16:05,0.001
10/17/06 16:10,0.002
10/17/06 16:15,0.001
10/17/06 16:20,0.000
10/17/06 16:25,0.000
10/17/06 16:30,0.000
10/17/06 16:35,0.000
10/17/06 16:40,0.000
10/17/06 16:45,0.000
10/17/06 16:50,0.000
10/17/06 16:55,0.000
10/17/06 17:00,0.000
10/17/06 17:05,0.000
10/17/06 17:10,0.000
10/17/06 17:15,0.000
10/17/06 17:20,0.000
10/17/06 17:25,0.000
10/17/06 17:30,0.000
10/17/06 17:35,0.000
10/17/06 17:40,0.000
10/17/06 17:45,0.000
10/17/06 17:50,0.000
10/17/06 17:55,0.000
10/17/06 18:00,0.000
10/17/06 18:05,0.000
10/17/06 18:10,0.000
10/17/06 18:15,0.000
10/17/06 18:20,0.000
10/17/06 18:25,0.000
10/17/06 18:30,0.000
10/17/06 18:35,0.000
10/17/06 18:40,0.000
10/17/06 18:45,0.000
10/17/06 18:50,0.000
10/17/06 18:55,0.000
10/17/06 19:00,0.000
10/17/06 19:05,0.000
10/17/06 19:10,0.000
10/17/06 19:15,0.000
10/17/06 19:20,0.000
10/17/06 19:25,0.000
10/17/06 19:30,0.000
10/17/06 19:35,0.000
10/17/06 19:40,0.000
10/17/06 19:45,0.000
10/17/06 19:50,0.000
10/17/06 19:55,0.000
10/17/06 20:00,0.000
10/17/06 20:05,0.000
10/17/06 20:10,0.000
10/17/06 20:15,0.000
10/17/06 20:20,0.000
10/17/06 20:25,0.000
10/17/06 20:30,0.000
10/17/06 20:35,0.000
10/17/06 20:40,0.000
10/17/06 20:45,0.000
10/17/06 20:50,0.000
10/17/06 20:55,0.000
10/17/06 21:00,0.000
10/17/06 21:05,0.000
10/17/06 21:10,0.000
10/17/06 21:15,0.000
10/17/06 21:20,0.000
10/17/06 21:25,0.000
10/17/06 21:30,0.000
10/17/06 21:35,0.000
10/17/06 21:40,0.000
10/17/06 21:45,0.000
10/17/06 21:50,0.000
10/17/06 21:55,0.000
10/17/06 22:00,0.000
10/17/06 22:05,0.000
10/17/06 22:10,0.000
10/17/06 22:15,0.000
10/17/06 22:20,0.000
10/17/06 22:25,0.000
10/17/06 22:30,0.000
10/17/06 22:35,0.000
10/17/06 22:40,0.000
10/17/06 22:45,0.000
10/17/06 22:50,0.000
10/17/06 22:55,0.000
10/17/06 23:00,0.000
10/17/06 23:05,0.000
10/17/06 23:10,0.000
10/17/06 23:15,0.000
10/17/06 23:20,0.000
10/17/06 23:25,0.000
10/17/06 23:30,0.000
10/17/06 23:35,0.000
10/17/06 23:40,0.000
10/17/06 23:45,0.000
10/17/06 23:50,0.000
10/17/06 23:55,0.000
10/18/06 00:00,0.000
10/18/06 00:05,0.000
10/18/06 00:10,0.000
10/18/06 00:15,0.000
10/18/06 00:20,0.000
10/18/06 00:25,0.000
10/18/06 00:30,0.000
10/18/06 00:35,0.000
10/18/06 00:40,0.000
10/18/06 00:45,0.000
10/18/06 00:50,0.000
10/18/06 00:55,0.000
10/18/06 01:00,0.000
10/18/06 01:05,0.000
10/18/06 01:10,0.000
10/18/06 01:15,0.000
10/18/06 01:20,0.000
10/18/06 01:25,0.000
10/18/06 01:30,0.000
10/18/06 01:35,0.000
10/18/06 01:40,0.000
10/18/06 01:45,0.000
10/18/06 01:50,0.000
10/18/06 01:55,0.000
10/18/06 02:00,0.000
10/18/06 02:05,0.000
10/18/06 02:10,0.000
10/18/06 02:15,0.000
10/18/06 02:20,0.000
10/18/06 02:25,0.000
10/18/06 02:30,0.000
10/18/06 02:35,0.000
10/18/06 02:40,0.000
10/18/06 02:45,0.000
10/18/06 02:50,0.000
10/18/06 02:55,0.000
10/18/06 03:00,0.000
10/18/06 03:05,0.000
10/18/06 03:10,0.000
10/18/06 03:15,0.000
10/18/06 03:20,0.000
10/18/06 03:25,0.000
10/18/06 03:30,0.000
10/18/06 03:35,0.000
10/18/06 03:40,0.000
10/18/06 03:45,0.000
10/18/06 03:50,0.000
10/18/06 03:55,0.000
10/18/06 04:00,0.000
10/18/06 04:05,0.000
10/18/06 04:10,0.000
10/18/06 04:15,0.000
10/18/06 04:20,0.000
10/18/06 04:25,0.000
10/18/06 04:30,0.000
10/18/06 04:35,0.000
10/18/06 04:40,0.000
10/18/06 04:45,0.000
10/18/06 04:50,0.000
10/18/06 04:55,0.000
10/18/06 05:00,0.000
10/18/06 05:05,0.000
10/18/06 05:10,0.000
10/18/06 05:15,0.000
10/18/06 05:20,0.000
10/18/06 05:25,0.000
10/18/06 05:30,0.000
10/18/06 05:35,0.000
10/18/06 05:40,0.000
10/18/06 05:45,0.000
10/18/06 05:50,0.000
10/18/06 05:55,0.000
10/18/06 06:00,0.000
10/18/06 06:05,0.000
10/18/06 06:10,0.000
10/18/06 06:15,0.000
10/18/06 06:20,0.000
10/18/06 06:25,0.000
10/18/06 06:30,0.000
10/18/06 06:35,0.000
10/18/06 06:40,0.000
10/18/06 06:45,0.000
10/18/06 06:50,0.000
10/18/06 06:55,0.000
10/18/06 07:00,0.000
10/18/06 07:05,0.000
10/18/06 07:10,0.000
10/18/06 07:15,0.001
10/18/06 07:20,0.001
10/18/06 07:25,0.004
10/18/06 07:30,0.010
10/18/06 07:35,0.030
10/18/06 07:40,0.048
10/18/06 07:45,0.079
10/18/06 07:50,0.089
10/18/06 07:55,0.097
10/18/06 08:00,0.089
10/18/06 08:05,0.074
10/18/06 08:10,0.055
10/18/06 08:15,0.043
10/18/06 08:20,0.031
10/18/06 08:25,0.028
10/18/06 08:30,0.027
10/18/06 08:35,0.025
10/18/06 08:40,0.024
10/18/06 08:45,0.026
10/18/06 08:50,0.030
10/18/06 08:55,0.034
10/18/06 09:00,0.046
10/18/06 09:05,0.077
10/18/06 09:10,0.088
10/18/06 09:15,0.090
10/18/06 09:20,0.086
10/18/06 09:25,0.083
10/18/06 09:30,0.070
10/18/06 09:35,0.068
10/18/06 09:40,0.074
10/18/06 09:45,0.057
10/18/06 09:50,0.028
10/18/06 09:55,0.017
10/18/06 10:00,0.014
10/18/06 10:05,0.013
10/18/06 10:10,0.011
10/18/06 10:15,0.010
10/18/06 10:20,0.010
10/18/06 10:25,0.010
10/18/06 10:30,0.010
10/18/06 10:35,0.009
10/18/06 10:40,0.009
10/18/06 10:45,0.011
10/18/06 10:50,0.012
10/18/06 10:55,0.014
10/18/06 11:00,0.025
10/18/06 11:05,0.046
10/18/06 11:10,0.078
10/18/06 11:15,0.086
10/18/06 11:20,0.100
10/18/06 11:25,0.110
10/18/06 11:30,0.134
10/18/06 11:35,0.149
10/18/06 11:40,0.168
10/18/06 11:45,0.192
10/18/06 11:50,0.202
10/18/06 11:55,0.204
10/18/06 12:00,0.164
10/18/06 12:05,0.137
10/18/06 12:10,0.114
10/18/06 12:15,0.109
10/18/06 12:20,0.110
10/18/06 12:25,0.111
10/18/06 12:30,0.108
10/18/06 12:35,0.104
10/18/06 12:40,0.100
10/18/06 12:45,0.100
10/18/06 12:50,0.097
10/18/06 12:55,0.093
10/18/06 13:00,0.080
10/18/06 13:05,0.074
10/18/06 13:10,0.070
10/18/06 13:15,0.049
10/18/06 13:20,0.024
10/18/06 13:25,0.017
10/18/06 13:30,0.016
10/18/06 13:35,0.014
10/18/06 13:40,0.011
10/18/06 13:45,0.010
10/18/06 13:50,0.009
10/18/06 13:55,0.008
10/18/06 14:00,0.009
10/18/06 14:05,0.008
10/18/06 14:10,0.008
10/18/06 14:15,0.007
10/18/06 14:20,0.006
10/18/06 14:25,0.006
10/18/06 14:30,0.006
10/18/06 14:35,0.006
10/18/06 14:40,0.005
10/18/06 14:45,0.004
10/18/06 14:50,0.004
10/18/06 14:55,0.004
10/18/06 15:00,0.003
10/18/06 15:05,0.002
10/18/06 15:10,0.002
10/18/06 15:15,0.001
10/18/06 15:20,0.001
10/18/06 15:25,0.002
10/18/06 15:30,0.002
10/18/06 15:35,0.003
10/18/06 15:40,0.002
10/18/06 15:45,0.002
10/18/06 15:50,0.003
10/18/06 15:55,0.002
10/18/06 16:00,0.001
10/18/06 16:05,0.001
10/18/06 16:10,0.000
10/18/06 16:15,0.000
10/18/06 16:20,0.000
10/18/06 16:25,0.000
10/18/06 16:30,0.000
10/18/06 16:35,0.000
10/18/06 16:40,0.000
10/18/06 16:45,0.000
10/18/06 16:50,0.000
10/18/06 16:55,0.000
10/18/06 17:00,0.000
10/18/06 17:05,0.000
10/18/06 17:10,0.000
10/18/06 17:15,0.000
10/18/06 17:20,0.000
10/18/06 17:25,0.000
10/18/06 17:30,0.000
10/18/06 17:35,0.000
10/18/06 17:40,0.000
10/18/06 17:45,0.000
10/18/06 17:50,0.000
10/18/06 17:55,0.000
10/18/06 18:00,0.000
10/18/06 18:05,0.000
10/18/06 18:10,0.000
10/18/06 18:15,0.000
10/18/06 18:20,0.000
10/18/06 18:25,0.000
10/18/06 18:30,0.000
10/18/06 18:35,0.000
10/18/06 18:40,0.000
10/18/06 18:45,0.000
10/18/06 18:50,0.000
10/18/06 18:55,0.000
10/18/06 19:00,0.000
10/18/06 19:05,0.000
10/18/06 19:10,0.000
10/18/06 19:15,0.000
10/18/06 19:20,0.000
10/18/06 19:25,0.000
10/18/06 19:30,0.000
10/18/06 19:35,0.000
10/18/06 19:40,0.000
10/18/06 19:45,0.000
10/18/06 19:50,0.000
10/18/06 19:55,0.000
10/18/06 20:00,0.000
10/18/06 20:05,0.000
10/18/06 20:10,0.000
10/18/06 20:15,0.000
10/18/06 20:20,0.000
10/18/06 20:25,0.000
10/18/06 20:30,0.000
10/18/06 20:35,0.000
10/18/06 20:40,0.000
10/18/06 20:45,0.000
10/18/06 20:50,0.000
10/18/06 20:55,0.000
10/18/06 21:00,0.000
10/18/06 21:05,0.000
10/18/06 21:10,0.000
10/18/06 21:15,0.000
10/18/06 21:20,0.000
10/18/06 21:25,0.000
10/18/06 21:30,0.000
10/18/06 21:35,0.000
10/18/06 21:40,0.000
10/18/06 21:45,0.000
10/18/06 21:50,0.000
10/18/06 21:55,0.000
10/18/06 22:00,0.000
10/18/06 22:05,0.000
10/18/06 22:10,0.000
10/18/06 22:15,0.000
10/18/06 22:20,0.000
10/18/06 22:25,0.000
10/18/06 22:30,0.000
10/18/06 22:35,0.000
10/18/06 22:40,0.000
10/18/06 22:45,0.000
10/18/06 22:50,0.000
10/18/06 22:55,0.000
10/18/06 23:00,0.000
10/18/06 23:05,0.000
10/18/06 23:10,0.000
10/18/06 23:15,0.000
10/18/06 23:20,0.000
10/18/06 23:25,0.000
10/18/06 23:30,0.000
10/18/06 23:35,0.000
10/18/06 23:40,0.000
10/18/06 23:45,0.000
10/18/06 23:50,0.000
10/18/06 23:55,0.000
10/19/06 00:00,0.000
10/19/06 00:05,0.000
10/19/06 00:10,0.000
10/19/06 00:15,0.000
10/19/06 00:20,0.000
10/19/06 00:25,0.000
10/19/06 00:30,0.000
10/19/06 00:35,0.000
10/19/06 00:40,0.000
10/19/06 00:45,0.000
10/19/06 00:50,0.000
10/19/06 00:55,0.000
10/19/06 01:00,0.000
10/19/06 01:05,0.000
10/19/06 01:10,0.000
10/19/06 01:15,0.000
10/19/06 01:20,0.000
10/19/06 01:25,0.000
10/19/06 01:30,0.000
10/19/06 01:35,0.000
10/19/06 01:40,0.000
10/19/06 01:45,0.000
10/19/06 01:50,0.000
10/19/06 01:55,0.000
10/19/06 02:00,0.000
10/19/06 02:05,0.000
10/19/06 02:10,0.000
10/19/06 02:15,0.000
10/19/06 02:20,0.000
10/19/06 02:25,0.000
10/19/06 02:30,0.000
10/19/06 02:35,0.000
10/19/06 02:40,0.000
10/19/06 02:45,0.000
10/19/06 02:50,0.000
10/19/06 02:55,0.000
10/19/06 03:00,0.000
10/19/06 03:05,0.000
10/19/06 03:10,0.000
10/19/06 03:15,0.000
10/19/06 03:20,0.000
10/19/06 03:25,0.000
10/19/06 03:30,0.000
10/19/06 03:35,0.000
10/19/06 03:40,0.000
10/19/06 03:45,0.000
10/19/06 03:50,0.000
10/19/06 03:55,0.000
10/19/06 04:00,0.000
10/19/06 04:05,0.000
10/19/06 04:10,0.000
10/19/06 04:15,0.000
10/19/06 04:20,0.000
10/19/06 04:25,0.000
10/19/06 04:30,0.000
10/19/06 04:35,0.000
10/19/06 04:40,0.000
10/19/06 04:45,0.000
10/19/06 04:50,0.000
10/19/06 04:55,0.000
10/19/06 05:00,0.000
10/19/06 05:05,0.000
10/19/06 05:10,0.000
10/19/06 05:15,0.000
10/19/06 05:20,0.000
10/19/06 05:25,0.000
10/19/06 05:30,0.000
10/19/06 05:35,0.000
10/19/06 05:40,0.000
10/19/06 05:45,0.000
10/19/06 05:50,0.000
10/19/06 05:55,0.000
10/19/06 06:00,0.000
10/19/06 06:05,0.000
10/19/06 06:10,0.000
10/19/06 06:15,0.000
10/19/06 06:20,0.000
10/19/06 06:25,0.000
10/19/06 06:30,0.000
10/19/06 06:35,0.000
10/19/06 06:40,0.000
10/19/06 06:45,0.000
10/19/06 06:50,0.000
10/19/06 06:55,0.000
10/19/06 07:00,0.000
10/19/06 07:05,0.000
10/19/06 07:10,0.000
10/19/06 07:15,0.000
10/19/06 07:20,0.000
10/19/06 07:25,0.001
10/19/06 07:30,0.002
10/19/06 07:35,0.003
10/19/06 07:40,0.005
10/19/06 07:45,0.008
10/19/06 07:50,0.013
10/19/06 07:55,0.020
10/19/06 08:00,0.020
10/19/06 08:05,0.018
10/19/06 08:10,0.013
10/19/06 08:15,0.010
10/19/06 08:20,0.006
10/19/06 08:25,0.006
10/19/06 08:30,0.006
10/19/06 08:35,0.005
10/19/06 08:40,0.004
10/19/06 08:45,0.004
10/19/06 08:50,0.004
10/19/06 08:55,0.003
10/19/06 09:00,0.005
10/19/06 09:05,0.007
10/19/06 09:10,0.008
10/19/06 09:15,0.008
10/19/06 09:20,0.008
10/19/06 09:25,0.010
10/19/06 09:30,0.017
10/19/06 09:35,0.042
10/19/06 09:40,0.057
10/19/06 09:45,0.062
10/19/06 09:50,0.055
10/19/06 09:55,0.045
10/19/06 10:00,0.031
10/19/06 10:05,0.027
10/19/06 10:10,0.022
10/19/06 10:15,0.020
10/19/06 10:20,0.026
10/19/06 10:25,0.031
10/19/06 10:30,0.032
10/19/06 10:35,0.025
10/19/06 10:40,0.016
10/19/06 10:45,0.012
10/19/06 10:50,0.009
10/19/06 10:55,0.008
10/19/06 11:00,0.013
10/19/06 11:05,0.016
10/19/06 11:10,0.020
10/19/06 11:15,0.019
10/19/06 11:20,0.018
10/19/06 11:25,0.018
10/19/06 11:30,0.016
10/19/06 11:35,0.014
10/19/06 11:40,0.014
10/19/06 11:45,0.015
10/19/06 11:50,0.015
10/19/06 11:55,0.015
10/19/06 12:00,0.017
10/19/06 12:05,0.021
10/19/06 12:10,0.024
10/19/06 12:15,0.025
10/19/06 12:20,0.026
10/19/06 12:25,0.026
10/19/06 12:30,0.023
10/19/06 12:35,0.021
10/19/06 12:40,0.018
10/19/06 12:45,0.017
10/19/06 12:50,0.017
10/19/06 12:55,0.017
10/19/06 13:00,0.017
10/19/06 13:05,0.016
10/19/06 13:10,0.014
10/19/06 13:15,0.011
10/19/06 13:20,0.008
10/19/06 13:25,0.006
10/19/06 13:30,0.004
10/19/06 13:35,0.003
10/19/06 13:40,0.003
10/19/06 13:45,0.003
10/19/06 13:50,0.002
10/19/06 13:55,0.002
10/19/06 14:00,0.002
10/19/06 14:05,0.003
10/19/06 14:10,0.004
10/19/06 14:15,0.003
10/19/06 14:20,0.003
10/19/06 14:25,0.003
10/19/06 14:30,0.002
10/19/06 14:35,0.002
10/19/06 14:40,0.002
10/19/06 14:45,0.002
10/19/06 14:50,0.002
10/19/06 14:55,0.002
10/19/06 15:00,0.001
10/19/06 15:05,0.001
10/19/06 15:10,0.001
10/19/06 15:15,0.000
10/19/06 15:20,0.000
10/19/06 15:25,0.000
10/19/06 15:30,0.000
10/19/06 15:35,0.000
10/19/06 15:40,0.000
10/19/06 15:45,0.000
10/19/06 15:50,0.000
10/19/06 15:55,0.000
10/19/06 16:00,0.000
10/19/06 16:05,0.000
10/19/06 16:10,0.000
10/19/06 16:15,0.000
10/19/06 16:20,0.000
10/19/06 16:25,0.000
10/19/06 16:30,0.000
10/19/06 16:35,0.000
10/19/06 16:40,0.000
10/19/06 16:45,0.000
10/19/06 16:50,0.000
10/19/06 16:55,0.000
10/19/06 17:00,0.000
10/19/06 17:05,0.000
10/19/06 17:10,0.000
10/19/06 17:15,0.000
10/19/06 17:20,0.000
10/19/06 17:25,0.000
10/19/06 17:30,0.000
10/19/06 17:35,0.000
10/19/06 17:40,0.000
10/19/06 17:45,0.000
10/19/06 17:50,0.000
10/19/06 17:55,0.000
10/19/06 18:00,0.000
10/19/06 18:05,0.000
10/19/06 18:10,0.000
10/19/06 18:15,0.000
10/19/06 18:20,0.000
10/19/06 18:25,0.000
10/19/06 18:30,0.000
10/19/06 18:35,0.000
10/19/06 18:40,0.000
10/19/06 18:45,0.000
10/19/06 18:50,0.000
10/19/06 18:55,0.000
10/19/06 19:00,0.000
10/19/06 19:05,0.000
10/19/06 19:10,0.000
10/19/06 19:15,0.000
10/19/06 19:20,0.000
10/19/06 19:25,0.000
10/19/06 19:30,0.000
10/19/06 19:35,0.000
10/19/06 19:40,0.000
10/19/06 19:45,0.000
10/19/06 19:50,0.000
10/19/06 19:55,0.000
10/19/06 20:00,0.000
10/19/06 20:05,0.000
10/19/06 20:10,0.000
10/19/06 20:15,0.000
10/19/06 20:20,0.000
10/19/06 20:25,0.000
10/19/06 20:30,0.000
10/19/06 20:35,0.000
10/19/06 20:40,0.000
10/19/06 20:45,0.000
10/19/06 20:50,0.000
10/19/06 20:55,0.000
10/19/06 21:00,0.000
10/19/06 21:05,0.000
10/19/06 21:10,0.000
10/19/06 21:15,0.000
10/19/06 21:20,0.000
10/19/06 21:25,0.000
10/19/06 21:30,0.000
10/19/06 21:35,0.000
10/19/06 21:40,0.000
10/19/06 21:45,0.000
10/19/06 21:50,0.000
10/19/06 21:55,0.000
10/19/06 22:00,0.000
10/19/06 22:05,0.000
10/19/06 22:10,0.000
10/19/06 22:15,0.000
10/19/06 22:20,0.000
10/19/06 22:25,0.000
10/19/06 22:30,0.000
10/19/06 22:35,0.000
10/19/06 22:40,0.000
10/19/06 22:45,0.000
10/19/06 22:50,0.000
10/19/06 22:55,0.000
10/19/06 23:00,0.000
10/19/06 23:05,0.000
10/19/06 23:10,0.000
10/19/06 23:15,0.000
10/19/06 23:20,0.000
10/19/06 23:25,0.000
10/19/06 23:30,0.000
10/19/06 23:35,0.000
10/19/06 23:40,0.000
10/19/06 23:45,0.000
10/19/06 23:50,0.000
10/19/06 23:55,0.000
10/20/06 00:00,0.000
10/20/06 00:05,0.000
10/20/06 00:10,0.000
10/20/06 00:15,0.000
10/20/06 00:20,0.000
10/20/06 00:25,0.000
10/20/06 00:30,0.000
10/20/06 00:35,0.000
10/20/06 00:40,0.000
10/20/06 00:45,0.000
10/20/06 00:50,0.000
10/20/06 00:55,0.000
10/20/06 01:00,0.000
10/20/06 01:05,0.000
10/20/06 01:10,0.000
10/20/06 01:15,0.000
10/20/06 01:20,0.000
10/20/06 01:25,0.000
10/20/06 01:30,0.000
10/20/06 01:35,0.000
10/20/06 01:40,0.000
10/20/06 01:45,0.000
10/20/06 01:50,0.000
10/20/06 01:55,0.000
10/20/06 02:00,0.000
10/20/06 02:05,0.000
10/20/06 02:10,0.000
10/20/06 02:15,0.000
10/20/06 02:20,0.000
10/20/06 02:25,0.000
10/20/06 02:30,0.000
10/20/06 02:35,0.000
10/20/06 02:40,0.000
10/20/06 02:45,0.000
10/20/06 02:50,0.000
10/20/06 02:55,0.000
10/20/06 03:00,0.000
10/20/06 03:05,0.000
10/20/06 03:10,0.000
10/20/06 03:15,0.000
10/20/06 03:20,0.000
10/20/06 03:25,0.000
10/20/06 03:30,0.000
10/20/06 03:35,0.000
10/20/06 03:40,0.000
10/20/06 03:45,0.000
10/20/06 03:50,0.000
10/20/06 03:55,0.000
10/20/06 04:00,0.000
10/20/06 04:05,0.000
10/20/06 04:10,0.000
10/20/06 04:15,0.000
10/20/06 04:20,0.000
10/20/06 04:25,0.000
10/20/06 04:30,0.000
10/20/06 04:35,0.000
10/20/06 04:40,0.000
10/20/06 04:45,0.000
10/20/06 04:50,0.000
10/20/06 04:55,0.000
10/20/06 05:00,0.000
10/20/06 05:05,0.000
10/20/06 05:10,0.000
10/20/06 05:15,0.000
10/20/06 05:20,0.000
10/20/06 05:25,0.000
10/20/06 05:30,0.000
10/20/06 05:35,0.000
10/20/06 05:40,0.000
10/20/06 05:45,0.000
10/20/06 05:50,0.000
10/20/06 05:55,0.000
10/20/06 06:00,0.000
10/20/06 06:05,0.000
10/20/06 06:10,0.000
10/20/06 06:15,0.000
10/20/06 06:20,0.000
10/20/06 06:25,0.000
10/20/06 06:30,0.000
10/20/06 06:35,0.000
10/20/06 06:40,0.000
10/20/06 06:45,0.000
10/20/06 06:50,0.000
10/20/06 06:55,0.004
10/20/06 07:00,0.015
10/20/06 07:05,0.036
10/20/06 07:10,0.077
10/20/06 07:15,0.092
10/20/06 07:20,0.105
10/20/06 07:25,0.119
10/20/06 07:30,0.133
10/20/06 07:35,0.147
10/20/06 07:40,0.162
10/20/06 07:45,0.176
10/20/06 07:50,0.191
10/20/06 07:55,0.206
10/20/06 08:00,0.219
10/20/06 08:05,0.233
10/20/06 08:10,0.247
10/20/06 08:15,0.260
10/20/06 08:20,0.272
10/20/06 08:25,0.282
10/20/06 08:30,0.290
10/20/06 08:35,0.298
10/20/06 08:40,0.307
10/20/06 08:45,0.317
10/20/06 08:50,0.327
10/20/06 08:55,0.337
10/20/06 09:00,0.345
10/20/06 09:05,0.352
10/20/06 09:10,0.359
10/20/06 09:15,0.364
10/20/06 09:20,0.370
10/20/06 09:25,0.374
10/20/06 09:30,0.380
10/20/06 09:35,0.386
10/20/06 09:40,0.395
10/20/06 09:45,0.405
10/20/06 09:50,0.413
10/20/06 09:55,0.420
10/20/06 10:00,0.424
10/20/06 10:05,0.426
10/20/06 10:10,0.428
10/20/06 10:15,0.430
10/20/06 10:20,0.431
10/20/06 10:25,0.433
10/20/06 10:30,0.433
10/20/06 10:35,0.432
10/20/06 10:40,0.431
10/20/06 10:45,0.430
10/20/06 10:50,0.427
10/20/06 10:55,0.427
10/20/06 11:00,0.428
10/20/06 11:05,0.430
10/20/06 11:10,0.431
10/20/06 11:15,0.432
10/20/06 11:20,0.433
10/20/06 11:25,0.434
10/20/06 11:30,0.432
10/20/06 11:35,0.432
10/20/06 11:40,0.433
10/20/06 11:45,0.438
10/20/06 11:50,0.440
10/20/06 11:55,0.442
10/20/06 12:00,0.447
10/20/06 12:05,0.455
10/20/06 12:10,0.452
10/20/06 12:15,0.434
10/20/06 12:20,0.417
10/20/06 12:25,0.386
10/20/06 12:30,0.388
10/20/06 12:35,0.368
10/20/06 12:40,0.378
10/20/06 12:45,0.394
10/20/06 12:50,0.401
10/20/06 12:55,0.374
10/20/06 13:00,0.284
10/20/06 13:05,0.223
10/20/06 13:10,0.195
10/20/06 13:15,0.250
10/20/06 13:20,0.293
10/20/06 13:25,0.317
10/20/06 13:30,0.317
10/20/06 13:35,0.298
10/20/06 13:40,0.299
10/20/06 13:45,0.299
10/20/06 13:50,0.315
10/20/06 13:55,0.324
10/20/06 14:00,0.300
10/20/06 14:05,0.293
10/20/06 14:10,0.293
10/20/06 14:15,0.295
10/20/06 14:20,0.292
10/20/06 14:25,0.279
10/20/06 14:30,0.272
10/20/06 14:35,0.267
10/20/06 14:40,0.254
10/20/06 14:45,0.242
10/20/06 14:50,0.235
10/20/06 14:55,0.201
10/20/06 15:00,0.160
10/20/06 15:05,0.133
10/20/06 15:10,0.109
10/20/06 15:15,0.111
10/20/06 15:20,0.125
10/20/06 15:25,0.127
10/20/06 15:30,0.119
10/20/06 15:35,0.104
10/20/06 15:40,0.094
10/20/06 15:45,0.084
10/20/06 15:50,0.074
10/20/06 15:55,0.051
10/20/06 16:00,0.024
10/20/06 16:05,0.007
10/20/06 16:10,0.001
10/20/06 16:15,0.000
10/20/06 16:20,0.000
10/20/06 16:25,0.000
10/20/06 16:30,0.000
10/20/06 16:35,0.000
10/20/06 16:40,0.000
10/20/06 16:45,0.000
10/20/06 16:50,0.000
10/20/06 16:55,0.000
10/20/06 17:00,0.000
10/20/06 17:05,0.000
10/20/06 17:10,0.000
10/20/06 17:15,0.000
10/20/06 17:20,0.000
10/20/06 17:25,0.000
10/20/06 17:30,0.000
10/20/06 17:35,0.000
10/20/06 17:40,0.000
10/20/06 17:45,0.000
10/20/06 17:50,0.000
10/20/06 17:55,0.000
10/20/06 18:00,0.000
10/20/06 18:05,0.000
10/20/06 18:10,0.000
10/20/06 18:15,0.000
10/20/06 18:20,0.000
10/20/06 18:25,0.000
10/20/06 18:30,0.000
10/20/06 18:35,0.000
10/20/06 18:40,0.000
10/20/06 18:45,0.000
10/20/06 18:50,0.000
10/20/06 18:55,0.000
10/20/06 19:00,0.000
10/20/06 19:05,0.000
10/20/06 19:10,0.000
10/20/06 19:15,0.000
10/20/06 19:20,0.000
10/20/06 19:25,0.000
10/20/06 19:30,0.000
10/20/06 19:35,0.000
10/20/06 19:40,0.000
10/20/06 19:45,0.000
10/20/06 19:50,0.000
10/20/06 19:55,0.000
10/20/06 20:00,0.000
10/20/06 20:05,0.000
10/20/06 20:10,0.000
10/20/06 20:15,0.000
10/20/06 20:20,0.000
10/20/06 20:25,0.000
10/20/06 20:30,0.000
10/20/06 20:35,0.000
10/20/06 20:40,0.000
10/20/06 20:45,0.000
10/20/06 20:50,0.000
10/20/06 20:55,0.000
10/20/06 21:00,0.000
10/20/06 21:05,0.000
10/20/06 21:10,0.000
10/20/06 21:15,0.000
10/20/06 21:20,0.000
10/20/06 21:25,0.000
10/20/06 21:30,0.000
10/20/06 21:35,0.000
10/20/06 21:40,0.000
10/20/06 21:45,0.000
10/20/06 21:50,0.000
10/20/06 21:55,0.000
10/20/06 22:00,0.000
10/20/06 22:05,0.000
10/20/06 22:10,0.000
10/20/06 22:15,0.000
10/20/06 22:20,0.000
10/20/06 22:25,0.000
10/20/06 22:30,0.000
10/20/06 22:35,0.000
10/20/06 22:40,0.000
10/20/06 22:45,0.000
10/20/06 22:50,0.000
10/20/06 22:55,0.000
10/20/06 23:00,0.000
10/20/06 23:05,0.000
10/20/06 23:10,0.000
10/20/06 23:15,0.000
10/20/06 23:20,0.000
10/20/06 23:25,0.000
10/20/06 23:30,0.000
10/20/06 23:35,0.000
10/20/06 23:40,0.000
10/20/06 23:45,0.000
10/20/06 23:50,0.000
10/20/06 23:55,0.000
10/21/06 00:00,0.000
10/21/06 00:05,0.000
10/21/06 00:10,0.000
10/21/06 00:15,0.000
10/21/06 00:20,0.000
10/21/06 00:25,0.000
10/21/06 00:30,0.000
10/21/06 00:35,0.000
10/21/06 00:40,0.000
10/21/06 00:45,0.000
10/21/06 00:50,0.000
10/21/06 00:55,0.000
10/21/06 01:00,0.000
10/21/06 01:05,0.000
10/21/06 01:10,0.000
10/21/06 01:15,0.000
10/21/06 01:20,0.000
10/21/06 01:25,0.000
10/21/06 01:30,0.000
10/21/06 01:35,0.000
10/21/06 01:40,0.000
10/21/06 01:45,0.000
10/21/06 01:50,0.000
10/21/06 01:55,0.000
10/21/06 02:00,0.000
10/21/06 02:05,0.000
10/21/06 02:10,0.000
10/21/06 02:15,0.000
10/21/06 02:20,0.000
10/21/06 02:25,0.000
10/21/06 02:30,0.000
10/21/06 02:35,0.000
10/21/06 02:40,0.000
10/21/06 02:45,0.000
10/21/06 02:50,0.000
10/21/06 02:55,0.000
10/21/06 03:00,0.000
10/21/06 03:05,0.000
10/21/06 03:10,0.000
10/21/06 03:15,0.000
10/21/06 03:20,0.000
10/21/06 03:25,0.000
10/21/06 03:30,0.000
10/21/06 03:35,0.000
10/21/06 03:40,0.000
10/21/06 03:45,0.000
10/21/06 03:50,0.000
10/21/06 03:55,0.000
10/21/06 04:00,0.000
10/21/06 04:05,0.000
10/21/06 04:10,0.000
10/21/06 04:15,0.000
10/21/06 04:20,0.000
10/21/06 04:25,0.000
10/21/06 04:30,0.000
10/21/06 04:35,0.000
10/21/06 04:40,0.000
10/21/06 04:45,0.000
10/21/06 04:50,0.000
10/21/06 04:55,0.000
10/21/06 05:00,0.000
10/21/06 05:05,0.000
10/21/06 05:10,0.000
10/21/06 05:15,0.000
10/21/06 05:20,0.000
10/21/06 05:25,0.000
10/21/06 05:30,0.000
10/21/06 05:35,0.000
10/21/06 05:40,0.000
10/21/06 05:45,0.000
10/21/06 05:50,0.000
10/21/06 05:55,0.000
10/21/06 06:00,0.000
10/21/06 06:05,0.000
10/21/06 06:10,0.000
10/21/06 06:15,0.000
10/21/06 06:20,0.000
10/21/06 06:25,0.000
10/21/06 06:30,0.000
10/21/06 06:35,0.000
10/21/06 06:40,0.000
10/21/06 06:45,0.000
10/21/06 06:50,0.000
10/21/06 06:55,0.001
10/21/06 07:00,0.008
10/21/06 07:05,0.028
10/21/06 07:10,0.071
10/21/06 07:15,0.091
10/21/06 07:20,0.106
10/21/06 07:25,0.121
10/21/06 07:30,0.136
10/21/06 07:35,0.152
10/21/06 07:40,0.167
10/21/06 07:45,0.183
10/21/06 07:50,0.200
10/21/06 07:55,0.217
10/21/06 08:00,0.233
10/21/06 08:05,0.248
10/21/06 08:10,0.262
10/21/06 08:15,0.273
10/21/06 08:20,0.286
10/21/06 08:25,0.298
10/21/06 08:30,0.308
10/21/06 08:35,0.320
10/21/06 08:40,0.330
10/21/06 08:45,0.342
10/21/06 08:50,0.354
10/21/06 08:55,0.368
10/21/06 09:00,0.361
10/21/06 09:05,0.361
10/21/06 09:10,0.366
10/21/06 09:15,0.360
10/21/06 09:20,0.332
10/21/06 09:25,0.314
10/21/06 09:30,0.271
10/21/06 09:35,0.267
10/21/06 09:40,0.299
10/21/06 09:45,0.332
10/21/06 09:50,0.376
10/21/06 09:55,0.408
10/21/06 10:00,0.419
10/21/06 10:05,0.425
10/21/06 10:10,0.432
10/21/06 10:15,0.438
10/21/06 10:20,0.445
10/21/06 10:25,0.449
10/21/06 10:30,0.452
10/21/06 10:35,0.455
10/21/06 10:40,0.457
10/21/06 10:45,0.458
10/21/06 10:50,0.459
10/21/06 10:55,0.460
10/21/06 11:00,0.461
10/21/06 11:05,0.464
10/21/06 11:10,0.471
10/21/06 11:15,0.475
10/21/06 11:20,0.477
10/21/06 11:25,0.479
10/21/06 11:30,0.481
10/21/06 11:35,0.482
10/21/06 11:40,0.483
10/21/06 11:45,0.484
10/21/06 11:50,0.483
10/21/06 11:55,0.481
10/21/06 12:00,0.478
10/21/06 12:05,0.475
10/21/06 12:10,0.472
10/21/06 12:15,0.469
10/21/06 12:20,0.464
10/21/06 12:25,0.458
10/21/06 12:30,0.452
10/21/06 12:35,0.447
10/21/06 12:40,0.441
10/21/06 12:45,0.435
10/21/06 12:50,0.429
10/21/06 12:55,0.423
10/21/06 13:00,0.418
10/21/06 13:05,0.413
10/21/06 13:10,0.409
10/21/06 13:15,0.403
10/21/06 13:20,0.397
10/21/06 13:25,0.391
10/21/06 13:30,0.387
10/21/06 13:35,0.385
10/21/06 13:40,0.380
10/21/06 13:45,0.373
10/21/06 13:50,0.366
10/21/06 13:55,0.360
10/21/06 14:00,0.353
10/21/06 14:05,0.345
10/21/06 14:10,0.337
10/21/06 14:15,0.329
10/21/06 14:20,0.318
10/21/06 14:25,0.308
10/21/06 14:30,0.299
10/21/06 14:35,0.289
10/21/06 14:40,0.279
10/21/06 14:45,0.268
10/21/06 14:50,0.257
10/21/06 14:55,0.246
10/21/06 15:00,0.234
10/21/06 15:05,0.222
10/21/06 15:10,0.209
10/21/06 15:15,0.197
10/21/06 15:20,0.182
10/21/06 15:25,0.167
10/21/06 15:30,0.152
10/21/06 15:35,0.137
10/21/06 15:40,0.122
10/21/06 15:45,0.107
10/21/06 15:50,0.091
10/21/06 15:55,0.073
10/21/06 16:00,0.034
10/21/06 16:05,0.013
10/21/06 16:10,0.003
10/21/06 16:15,0.000
10/21/06 16:20,0.000
10/21/06 16:25,0.000
10/21/06 16:30,0.000
10/21/06 16:35,0.000
10/21/06 16:40,0.000
10/21/06 16:45,0.000
10/21/06 16:50,0.000
10/21/06 16:55,0.000
10/21/06 17:00,0.000
10/21/06 17:05,0.000
10/21/06 17:10,0.000
10/21/06 17:15,0.000
10/21/06 17:20,0.000
10/21/06 17:25,0.000
10/21/06 17:30,0.000
10/21/06 17:35,0.000
10/21/06 17:40,0.000
10/21/06 17:45,0.000
10/21/06 17:50,0.000
10/21/06 17:55,0.000
10/21/06 18:00,0.000
10/21/06 18:05,0.000
10/21/06 18:10,0.000
10/21/06 18:15,0.000
10/21/06 18:20,0.000
10/21/06 18:25,0.000
10/21/06 18:30,0.000
10/21/06 18:35,0.000
10/21/06 18:40,0.000
10/21/06 18:45,0.000
10/21/06 18:50,0.000
10/21/06 18:55,0.000
10/21/06 19:00,0.000
10/21/06 19:05,0.000
10/21/06 19:10,0.000
10/21/06 19:15,0.000
10/21/06 19:20,0.000
10/21/06 19:25,0.000
10/21/06 19:30,0.000
10/21/06 19:35,0.000
10/21/06 19:40,0.000
10/21/06 19:45,0.000
10/21/06 19:50,0.000
10/21/06 19:55,0.000
10/21/06 20:00,0.000
10/21/06 20:05,0.000
10/21/06 20:10,0.000
10/21/06 20:15,0.000
10/21/06 20:20,0.000
10/21/06 20:25,0.000
10/21/06 20:30,0.000
10/21/06 20:35,0.000
10/21/06 20:40,0.000
10/21/06 20:45,0.000
10/21/06 20:50,0.000
10/21/06 20:55,0.000
10/21/06 21:00,0.000
10/21/06 21:05,0.000
10/21/06 21:10,0.000
10/21/06 21:15,0.000
10/21/06 21:20,0.000
10/21/06 21:25,0.000
10/21/06 21:30,0.000
10/21/06 21:35,0.000
10/21/06 21:40,0.000
10/21/06 21:45,0.000
10/21/06 21:50,0.000
10/21/06 21:55,0.000
10/21/06 22:00,0.000
10/21/06 22:05,0.000
10/21/06 22:10,0.000
10/21/06 22:15,0.000
10/21/06 22:20,0.000
10/21/06 22:25,0.000
10/21/06 22:30,0.000
10/21/06 22:35,0.000
10/21/06 22:40,0.000
10/21/06 22:45,0.000
10/21/06 22:50,0.000
10/21/06 22:55,0.000
10/21/06 23:00,0.000
10/21/06 23:05,0.000
10/21/06 23:10,0.000
10/21/06 23:15,0.000
10/21/06 23:20,0.000
10/21/06 23:25,0.000
10/21/06 23:30,0.000
10/21/06 23:35,0.000
10/21/06 23:40,0.000
10/21/06 23:45,0.000
10/21/06 23:50,0.000
10/21/06 23:55,0.000
10/22/06 00:00,0.000
10/22/06 00:05,0.000
10/22/06 00:10,0.000
10/22/06 00:15,0.000
10/22/06 00:20,0.000
10/22/06 00:25,0.000
10/22/06 00:30,0.000
10/22/06 00:35,0.000
10/22/06 00:40,0.000
10/22/06 00:45,0.000
10/22/06 00:50,0.000
10/22/06 00:55,0.000
10/22/06 01:00,0.000
10/22/06 01:05,0.000
10/22/06 01:10,0.000
10/22/06 01:15,0.000
10/22/06 01:20,0.000
10/22/06 01:25,0.000
10/22/06 01:30,0.000
10/22/06 01:35,0.000
10/22/06 01:40,0.000
10/22/06 01:45,0.000
10/22/06 01:50,0.000
10/22/06 01:55,0.000
10/22/06 02:00,0.000
10/22/06 02:05,0.000
10/22/06 02:10,0.000
10/22/06 02:15,0.000
10/22/06 02:20,0.000
10/22/06 02:25,0.000
10/22/06 02:30,0.000
10/22/06 02:35,0.000
10/22/06 02:40,0.000
10/22/06 02:45,0.000
10/22/06 02:50,0.000
10/22/06 02:55,0.000
10/22/06 03:00,0.000
10/22/06 03:05,0.000
10/22/06 03:10,0.000
10/22/06 03:15,0.000
10/22/06 03:20,0.000
10/22/06 03:25,0.000
10/22/06 03:30,0.000
10/22/06 03:35,0.000
10/22/06 03:40,0.000
10/22/06 03:45,0.000
10/22/06 03:50,0.000
10/22/06 03:55,0.000
10/22/06 04:00,0.000
10/22/06 04:05,0.000
10/22/06 04:10,0.000
10/22/06 04:15,0.000
10/22/06 04:20,0.000
10/22/06 04:25,0.000
10/22/06 04:30,0.000
10/22/06 04:35,0.000
10/22/06 04:40,0.000
10/22/06 04:45,0.000
10/22/06 04:50,0.000
10/22/06 04:55,0.000
10/22/06 05:00,0.000
10/22/06 05:05,0.000
10/22/06 05:10,0.000
10/22/06 05:15,0.000
10/22/06 05:20,0.000
10/22/06 05:25,0.000
10/22/06 05:30,0.000
10/22/06 05:35,0.000
10/22/06 05:40,0.000
10/22/06 05:45,0.000
10/22/06 05:50,0.000
10/22/06 05:55,0.000
10/22/06 06:00,0.000
10/22/06 06:05,0.000
10/22/06 06:10,0.000
10/22/06 06:15,0.000
10/22/06 06:20,0.000
10/22/06 06:25,0.000
10/22/06 06:30,0.000
10/22/06 06:35,0.000
10/22/06 06:40,0.000
10/22/06 06:45,0.000
10/22/06 06:50,0.000
10/22/06 06:55,0.002
10/22/06 07:00,0.008
10/22/06 07:05,0.027
10/22/06 07:10,0.059
10/22/06 07:15,0.087
10/22/06 07:20,0.101
10/22/06 07:25,0.116
10/22/06 07:30,0.132
10/22/06 07:35,0.148
10/22/06 07:40,0.163
10/22/06 07:45,0.177
10/22/06 07:50,0.193
10/22/06 07:55,0.210
10/22/06 08:00,0.226
10/22/06 08:05,0.242
10/22/06 08:10,0.257
10/22/06 08:15,0.271
10/22/06 08:20,0.286
10/22/06 08:25,0.301
10/22/06 08:30,0.315
10/22/06 08:35,0.329
10/22/06 08:40,0.343
10/22/06 08:45,0.356
10/22/06 08:50,0.370
10/22/06 08:55,0.384
10/22/06 09:00,0.394
10/22/06 09:05,0.403
10/22/06 09:10,0.411
10/22/06 09:15,0.417
10/22/06 09:20,0.424
10/22/06 09:25,0.435
10/22/06 09:30,0.441
10/22/06 09:35,0.447
10/22/06 09:40,0.453
10/22/06 09:45,0.459
10/22/06 09:50,0.465
10/22/06 09:55,0.472
10/22/06 10:00,0.478
10/22/06 10:05,0.481
10/22/06 10:10,0.482
10/22/06 10:15,0.483
10/22/06 10:20,0.485
10/22/06 10:25,0.489
10/22/06 10:30,0.494
10/22/06 10:35,0.498
10/22/06 10:40,0.501
10/22/06 10:45,0.502
10/22/06 10:50,0.502
10/22/06 10:55,0.501
10/22/06 11:00,0.500
10/22/06 11:05,0.499
10/22/06 11:10,0.499
10/22/06 11:15,0.497
10/22/06 11:20,0.497
10/22/06 11:25,0.498
10/22/06 11:30,0.499
10/22/06 11:35,0.498
10/22/06 11:40,0.497
10/22/06 11:45,0.496
10/22/06 11:50,0.494
10/22/06 11:55,0.493
10/22/06 12:00,0.491
10/22/06 12:05,0.488
10/22/06 12:10,0.486
10/22/06 12:15,0.484
10/22/06 12:20,0.481
10/22/06 12:25,0.477
10/22/06 12:30,0.476
10/22/06 12:35,0.474
10/22/06 12:40,0.471
10/22/06 12:45,0.467
10/22/06 12:50,0.464
10/22/06 12:55,0.460
10/22/06 13:00,0.459
10/22/06 13:05,0.457
10/22/06 13:10,0.454
10/22/06 13:15,0.451
10/22/06 13:20,0.447
10/22/06 13:25,0.443
10/22/06 13:30,0.437
10/22/06 13:35,0.431
10/22/06 13:40,0.421
10/22/06 13:45,0.413
10/22/06 13:50,0.405
10/22/06 13:55,0.398
10/22/06 14:00,0.390
10/22/06 14:05,0.381
10/22/06 14:10,0.371
10/22/06 14:15,0.361
10/22/06 14:20,0.350
10/22/06 14:25,0.339
10/22/06 14:30,0.328
10/22/06 14:35,0.315
10/22/06 14:40,0.302
10/22/06 14:45,0.289
10/22/06 14:50,0.277
10/22/06 14:55,0.264
10/22/06 15:00,0.245
10/22/06 15:05,0.227
10/22/06 15:10,0.210
10/22/06 15:15,0.189
10/22/06 15:20,0.171
10/22/06 15:25,0.152
10/22/06 15:30,0.132
10/22/06 15:35,0.114
10/22/06 15:40,0.101
10/22/06 15:45,0.087
10/22/06 15:50,0.053
10/22/06 15:55,0.014
10/22/06 16:00,0.006
10/22/06 16:05,0.001
10/22/06 16:10,0.000
10/22/06 16:15,0.000
10/22/06 16:20,0.000
10/22/06 16:25,0.000
10/22/06 16:30,0.000
10/22/06 16:35,0.000
10/22/06 16:40,0.000
10/22/06 16:45,0.000
10/22/06 16:50,0.000
10/22/06 16:55,0.000
10/22/06 17:00,0.000
10/22/06 17:05,0.000
10/22/06 17:10,0.000
10/22/06 17:15,0.000
10/22/06 17:20,0.000
10/22/06 17:25,0.000
10/22/06 17:30,0.000
10/22/06 17:35,0.000
10/22/06 17:40,0.000
10/22/06 17:45,0.000
10/22/06 17:50,0.000
10/22/06 17:55,0.000
10/22/06 18:00,0.000
10/22/06 18:05,0.000
10/22/06 18:10,0.000
10/22/06 18:15,0.000
10/22/06 18:20,0.000
10/22/06 18:25,0.000
10/22/06 18:30,0.000
10/22/06 18:35,0.000
10/22/06 18:40,0.000
10/22/06 18:45,0.000
10/22/06 18:50,0.000
10/22/06 18:55,0.000
10/22/06 19:00,0.000
10/22/06 19:05,0.000
10/22/06 19:10,0.000
10/22/06 19:15,0.000
10/22/06 19:20,0.000
10/22/06 19:25,0.000
10/22/06 19:30,0.000
10/22/06 19:35,0.000
10/22/06 19:40,0.000
10/22/06 19:45,0.000
10/22/06 19:50,0.000
10/22/06 19:55,0.000
10/22/06 20:00,0.000
10/22/06 20:05,0.000
10/22/06 20:10,0.000
10/22/06 20:15,0.000
10/22/06 20:20,0.000
10/22/06 20:25,0.000
10/22/06 20:30,0.000
10/22/06 20:35,0.000
10/22/06 20:40,0.000
10/22/06 20:45,0.000
10/22/06 20:50,0.000
10/22/06 20:55,0.000
10/22/06 21:00,0.000
10/22/06 21:05,0.000
10/22/06 21:10,0.000
10/22/06 21:15,0.000
10/22/06 21:20,0.000
10/22/06 21:25,0.000
10/22/06 21:30,0.000
10/22/06 21:35,0.000
10/22/06 21:40,0.000
10/22/06 21:45,0.000
10/22/06 21:50,0.000
10/22/06 21:55,0.000
10/22/06 22:00,0.000
10/22/06 22:05,0.000
10/22/06 22:10,0.000
10/22/06 22:15,0.000
10/22/06 22:20,0.000
10/22/06 22:25,0.000
10/22/06 22:30,0.000
10/22/06 22:35,0.000
10/22/06 22:40,0.000
10/22/06 22:45,0.000
10/22/06 22:50,0.000
10/22/06 22:55,0.000
10/22/06 23:00,0.000
10/22/06 23:05,0.000
10/22/06 23:10,0.000
10/22/06 23:15,0.000
10/22/06 23:20,0.000
10/22/06 23:25,0.000
10/22/06 23:30,0.000
10/22/06 23:35,0.000
10/22/06 23:40,0.000
10/22/06 23:45,0.000
10/22/06 23:50,0.000
10/22/06 23:55,0.000
10/23/06 00:00,0.000
10/23/06 00:05,0.000
10/23/06 00:10,0.000
10/23/06 00:15,0.000
10/23/06 00:20,0.000
10/23/06 00:25,0.000
10/23/06 00:30,0.000
10/23/06 00:35,0.000
10/23/06 00:40,0.000
10/23/06 00:45,0.000
10/23/06 00:50,0.000
10/23/06 00:55,0.000
10/23/06 01:00,0.000
10/23/06 01:05,0.000
10/23/06 01:10,0.000
10/23/06 01:15,0.000
10/23/06 01:20,0.000
10/23/06 01:25,0.000
10/23/06 01:30,0.000
10/23/06 01:35,0.000
10/23/06 01:40,0.000
10/23/06 01:45,0.000
10/23/06 01:50,0.000
10/23/06 01:55,0.000
10/23/06 02:00,0.000
10/23/06 02:05,0.000
10/23/06 02:10,0.000
10/23/06 02:15,0.000
10/23/06 02:20,0.000
10/23/06 02:25,0.000
10/23/06 02:30,0.000
10/23/06 02:35,0.000
10/23/06 02:40,0.000
10/23/06 02:45,0.000
10/23/06 02:50,0.000
10/23/06 02:55,0.000
10/23/06 03:00,0.000
10/23/06 03:05,0.000
10/23/06 03:10,0.000
10/23/06 03:15,0.000
10/23/06 03:20,0.000
10/23/06 03:25,0.000
10/23/06 03:30,0.000
10/23/06 03:35,0.000
10/23/06 03:40,0.000
10/23/06 03:45,0.000
10/23/06 03:50,0.000
10/23/06 03:55,0.000
10/23/06 04:00,0.000
10/23/06 04:05,0.000
10/23/06 04:10,0.000
10/23/06 04:15,0.000
10/23/06 04:20,0.000
10/23/06 04:25,0.000
10/23/06 04:30,0.000
10/23/06 04:35,0.000
10/23/06 04:40,0.000
10/23/06 04:45,0.000
10/23/06 04:50,0.000
10/23/06 04:55,0.000
10/23/06 05:00,0.000
10/23/06 05:05,0.000
10/23/06 05:10,0.000
10/23/06 05:15,0.000
10/23/06 05:20,0.000
10/23/06 05:25,0.000
10/23/06 05:30,0.000
10/23/06 05:35,0.000
10/23/06 05:40,0.000
10/23/06 05:45,0.000
10/23/06 05:50,0.000
10/23/06 05:55,0.000
10/23/06 06:00,0.000
10/23/06 06:05,0.000
10/23/06 06:10,0.000
10/23/06 06:15,0.000
10/23/06 06:20,0.000
10/23/06 06:25,0.000
10/23/06 06:30,0.000
10/23/06 06:35,0.000
10/23/06 06:40,0.000
10/23/06 06:45,0.000
10/23/06 06:50,0.000
10/23/06 06:55,0.000
10/23/06 07:00,0.000
10/23/06 07:05,0.000
10/23/06 07:10,0.000
10/23/06 07:15,0.000
10/23/06 07:20,0.000
10/23/06 07:25,0.000
10/23/06 07:30,0.002
10/23/06 07:35,0.017
10/23/06 07:40,0.071
10/23/06 07:45,0.097
10/23/06 07:50,0.124
10/23/06 07:55,0.152
10/23/06 08:00,0.180
10/23/06 08:05,0.203
10/23/06 08:10,0.226
10/23/06 08:15,0.248
10/23/06 08:20,0.267
10/23/06 08:25,0.284
10/23/06 08:30,0.300
10/23/06 08:35,0.315
10/23/06 08:40,0.329
10/23/06 08:45,0.344
10/23/06 08:50,0.358
10/23/06 08:55,0.373
10/23/06 09:00,0.382
10/23/06 09:05,0.390
10/23/06 09:10,0.398
10/23/06 09:15,0.405
10/23/06 09:20,0.411
10/23/06 09:25,0.421
10/23/06 09:30,0.430
10/23/06 09:35,0.438
10/23/06 09:40,0.445
10/23/06 09:45,0.450
10/23/06 09:50,0.456
10/23/06 09:55,0.460
10/23/06 10:00,0.466
10/23/06 10:05,0.471
10/23/06 10:10,0.475
10/23/06 10:15,0.479
10/23/06 10:20,0.482
10/23/06 10:25,0.486
10/23/06 10:30,0.488
10/23/06 10:35,0.490
10/23/06 10:40,0.492
10/23/06 10:45,0.493
10/23/06 10:50,0.495
10/23/06 10:55,0.495
10/23/06 11:00,0.497
10/23/06 11:05,0.498
10/23/06 11:10,0.499
10/23/06 11:15,0.500
10/23/06 11:20,0.501
10/23/06 11:25,0.501
10/23/06 11:30,0.501
10/23/06 11:35,0.503
10/23/06 11:40,0.502
10/23/06 11:45,0.500
10/23/06 11:50,0.497
10/23/06 11:55,0.491
10/23/06 12:00,0.484
10/23/06 12:05,0.480
10/23/06 12:10,0.477
10/23/06 12:15,0.478
10/23/06 12:20,0.475
10/23/06 12:25,0.472
10/23/06 12:30,0.469
10/23/06 12:35,0.464
10/23/06 12:40,0.459
10/23/06 12:45,0.453
10/23/06 12:50,0.446
10/23/06 12:55,0.440
10/23/06 13:00,0.435
10/23/06 13:05,0.430
10/23/06 13:10,0.423
10/23/06 13:15,0.417
10/23/06 13:20,0.411
10/23/06 13:25,0.405
10/23/06 13:30,0.398
10/23/06 13:35,0.391
10/23/06 13:40,0.382
10/23/06 13:45,0.374
10/23/06 13:50,0.365
10/23/06 13:55,0.356
10/23/06 14:00,0.348
10/23/06 14:05,0.342
10/23/06 14:10,0.334
10/23/06 14:15,0.327
10/23/06 14:20,0.319
10/23/06 14:25,0.309
10/23/06 14:30,0.300
10/23/06 14:35,0.290
10/23/06 14:40,0.281
10/23/06 14:45,0.270
10/23/06 14:50,0.260
10/23/06 14:55,0.249
10/23/06 15:00,0.234
10/23/06 15:05,0.219
10/23/06 15:10,0.204
10/23/06 15:15,0.188
10/23/06 15:20,0.174
10/23/06 15:25,0.159
10/23/06 15:30,0.144
10/23/06 15:35,0.128
10/23/06 15:40,0.113
10/23/06 15:45,0.098
10/23/06 15:50,0.083
10/23/06 15:55,0.047
10/23/06 16:00,0.021
10/23/06 16:05,0.009
10/23/06 16:10,0.002
10/23/06 16:15,0.000
10/23/06 16:20,0.000
10/23/06 16:25,0.000
10/23/06 16:30,0.000
10/23/06 16:35,0.000
10/23/06 16:40,0.000
10/23/06 16:45,0.000
10/23/06 16:50,0.000
10/23/06 16:55,0.000
10/23/06 17:00,0.000
10/23/06 17:05,0.000
10/23/06 17:10,0.000
10/23/06 17:15,0.000
10/23/06 17:20,0.000
10/23/06 17:25,0.000
10/23/06 17:30,0.000
10/23/06 17:35,0.000
10/23/06 17:40,0.000
10/23/06 17:45,0.000
10/23/06 17:50,0.000
10/23/06 17:55,0.000
10/23/06 18:00,0.000
10/23/06 18:05,0.000
10/23/06 18:10,0.000
10/23/06 18:15,0.000
10/23/06 18:20,0.000
10/23/06 18:25,0.000
10/23/06 18:30,0.000
10/23/06 18:35,0.000
10/23/06 18:40,0.000
10/23/06 18:45,0.000
10/23/06 18:50,0.000
10/23/06 18:55,0.000
10/23/06 19:00,0.000
10/23/06 19:05,0.000
10/23/06 19:10,0.000
10/23/06 19:15,0.000
10/23/06 19:20,0.000
10/23/06 19:25,0.000
10/23/06 19:30,0.000
10/23/06 19:35,0.000
10/23/06 19:40,0.000
10/23/06 19:45,0.000
10/23/06 19:50,0.000
10/23/06 19:55,0.000
10/23/06 20:00,0.000
10/23/06 20:05,0.000
10/23/06 20:10,0.000
10/23/06 20:15,0.000
10/23/06 20:20,0.000
10/23/06 20:25,0.000
10/23/06 20:30,0.000
10/23/06 20:35,0.000
10/23/06 20:40,0.000
10/23/06 20:45,0.000
10/23/06 20:50,0.000
10/23/06 20:55,0.000
10/23/06 21:00,0.000
10/23/06 21:05,0.000
10/23/06 21:10,0.000
10/23/06 21:15,0.000
10/23/06 21:20,0.000
10/23/06 21:25,0.000
10/23/06 21:30,0.000
10/23/06 21:35,0.000
10/23/06 21:40,0.000
10/23/06 21:45,0.000
10/23/06 21:50,0.000
10/23/06 21:55,0.000
10/23/06 22:00,0.000
10/23/06 22:05,0.000
10/23/06 22:10,0.000
10/23/06 22:15,0.000
10/23/06 22:20,0.000
10/23/06 22:25,0.000
10/23/06 22:30,0.000
10/23/06 22:35,0.000
10/23/06 22:40,0.000
10/23/06 22:45,0.000
10/23/06 22:50,0.000
10/23/06 22:55,0.000
10/23/06 23:00,0.000
10/23/06 23:05,0.000
10/23/06 23:10,0.000
10/23/06 23:15,0.000
10/23/06 23:20,0.000
10/23/06 23:25,0.000
10/23/06 23:30,0.000
10/23/06 23:35,0.000
10/23/06 23:40,0.000
10/23/06 23:45,0.000
10/23/06 23:50,0.000
10/23/06 23:55,0.000
10/24/06 00:00,0.000
10/24/06 00:05,0.000
10/24/06 00:10,0.000
10/24/06 00:15,0.000
10/24/06 00:20,0.000
10/24/06 00:25,0.000
10/24/06 00:30,0.000
10/24/06 00:35,0.000
10/24/06 00:40,0.000
10/24/06 00:45,0.000
10/24/06 00:50,0.000
10/24/06 00:55,0.000
10/24/06 01:00,0.000
10/24/06 01:05,0.000
10/24/06 01:10,0.000
10/24/06 01:15,0.000
10/24/06 01:20,0.000
10/24/06 01:25,0.000
10/24/06 01:30,0.000
10/24/06 01:35,0.000
10/24/06 01:40,0.000
10/24/06 01:45,0.000
10/24/06 01:50,0.000
10/24/06 01:55,0.000
10/24/06 02:00,0.000
10/24/06 02:05,0.000
10/24/06 02:10,0.000
10/24/06 02:15,0.000
10/24/06 02:20,0.000
10/24/06 02:25,0.000
10/24/06 02:30,0.000
10/24/06 02:35,0.000
10/24/06 02:40,0.000
10/24/06 02:45,0.000
10/24/06 02:50,0.000
10/24/06 02:55,0.000
10/24/06 03:00,0.000
10/24/06 03:05,0.000
10/24/06 03:10,0.000
10/24/06 03:15,0.000
10/24/06 03:20,0.000
10/24/06 03:25,0.000
10/24/06 03:30,0.000
10/24/06 03:35,0.000
10/24/06 03:40,0.000
10/24/06 03:45,0.000
10/24/06 03:50,0.000
10/24/06 03:55,0.000
10/24/06 04:00,0.000
10/24/06 04:05,0.000
10/24/06 04:10,0.000
10/24/06 04:15,0.000
10/24/06 04:20,0.000
10/24/06 04:25,0.000
10/24/06 04:30,0.000
10/24/06 04:35,0.000
10/24/06 04:40,0.000
10/24/06 04:45,0.000
10/24/06 04:50,0.000
10/24/06 04:55,0.000
10/24/06 05:00,0.000
10/24/06 05:05,0.000
10/24/06 05:10,0.000
10/24/06 05:15,0.000
10/24/06 05:20,0.000
10/24/06 05:25,0.000
10/24/06 05:30,0.000
10/24/06 05:35,0.000
10/24/06 05:40,0.000
10/24/06 05:45,0.000
10/24/06 05:50,0.000
10/24/06 05:55,0.000
10/24/06 06:00,0.000
10/24/06 06:05,0.000
10/24/06 06:10,0.000
10/24/06 06:15,0.000
10/24/06 06:20,0.000
10/24/06 06:25,0.000
10/24/06 06:30,0.000
10/24/06 06:35,0.000
10/24/06 06:40,0.000
10/24/06 06:45,0.000
10/24/06 06:50,0.000
10/24/06 06:55,0.000
10/24/06 07:00,0.004
10/24/06 07:05,0.013
10/24/06 07:10,0.036
10/24/06 07:15,0.072
10/24/06 07:20,0.089
10/24/06 07:25,0.102
10/24/06 07:30,0.115
10/24/06 07:35,0.128
10/24/06 07:40,0.141
10/24/06 07:45,0.154
10/24/06 07:50,0.168
10/24/06 07:55,0.182
10/24/06 08:00,0.197
10/24/06 08:05,0.212
10/24/06 08:10,0.227
10/24/06 08:15,0.241
10/24/06 08:20,0.257
10/24/06 08:25,0.273
10/24/06 08:30,0.289
10/24/06 08:35,0.303
10/24/06 08:40,0.312
10/24/06 08:45,0.325
10/24/06 08:50,0.337
10/24/06 08:55,0.350
10/24/06 09:00,0.361
10/24/06 09:05,0.371
10/24/06 09:10,0.380
10/24/06 09:15,0.389
10/24/06 09:20,0.396
10/24/06 09:25,0.405
10/24/06 09:30,0.412
10/24/06 09:35,0.418
10/24/06 09:40,0.423
10/24/06 09:45,0.428
10/24/06 09:50,0.431
10/24/06 09:55,0.433
10/24/06 10:00,0.434
10/24/06 10:05,0.429
10/24/06 10:10,0.419
10/24/06 10:15,0.418
10/24/06 10:20,0.372
10/24/06 10:25,0.368
10/24/06 10:30,0.390
10/24/06 10:35,0.405
10/24/06 10:40,0.409
10/24/06 10:45,0.407
10/24/06 10:50,0.425
10/24/06 10:55,0.430
10/24/06 11:00,0.435
10/24/06 11:05,0.438
10/24/06 11:10,0.443
10/24/06 11:15,0.444
10/24/06 11:20,0.444
10/24/06 11:25,0.448
10/24/06 11:30,0.457
10/24/06 11:35,0.466
10/24/06 11:40,0.477
10/24/06 11:45,0.486
10/24/06 11:50,0.492
10/24/06 11:55,0.496
10/24/06 12:00,0.482
10/24/06 12:05,0.468
10/24/06 12:10,0.453
10/24/06 12:15,0.434
10/24/06 12:20,0.413
10/24/06 12:25,0.384
10/24/06 12:30,0.362
10/24/06 12:35,0.340
10/24/06 12:40,0.318
10/24/06 12:45,0.295
10/24/06 12:50,0.272
10/24/06 12:55,0.246
10/24/06 13:00,0.231
10/24/06 13:05,0.221
10/24/06 13:10,0.213
10/24/06 13:15,0.209
10/24/06 13:20,0.212
10/24/06 13:25,0.210
10/24/06 13:30,0.207
10/24/06 13:35,0.205
10/24/06 13:40,0.202
10/24/06 13:45,0.210
10/24/06 13:50,0.209
10/24/06 13:55,0.208
10/24/06 14:00,0.211
10/24/06 14:05,0.205
10/24/06 14:10,0.155
10/24/06 14:15,0.110
10/24/06 14:20,0.085
10/24/06 14:25,0.067
10/24/06 14:30,0.038
10/24/06 14:35,0.027
10/24/06 14:40,0.020
10/24/06 14:45,0.014
10/24/06 14:50,0.012
10/24/06 14:55,0.009
10/24/06 15:00,0.004
10/24/06 15:05,0.002
10/24/06 15:10,0.001
10/24/06 15:15,0.001
10/24/06 15:20,0.000
10/24/06 15:25,0.000
10/24/06 15:30,0.000
10/24/06 15:35,0.000
10/24/06 15:40,0.000
10/24/06 15:45,0.000
10/24/06 15:50,0.000
10/24/06 15:55,0.000
10/24/06 16:00,0.000
10/24/06 16:05,0.000
10/24/06 16:10,0.000
10/24/06 16:15,0.000
10/24/06 16:20,0.000
10/24/06 16:25,0.000
10/24/06 16:30,0.000
10/24/06 16:35,0.000
10/24/06 16:40,0.000
10/24/06 16:45,0.000
10/24/06 16:50,0.000
10/24/06 16:55,0.000
10/24/06 17:00,0.000
10/24/06 17:05,0.000
10/24/06 17:10,0.000
10/24/06 17:15,0.000
10/24/06 17:20,0.000
10/24/06 17:25,0.000
10/24/06 17:30,0.000
10/24/06 17:35,0.000
10/24/06 17:40,0.000
10/24/06 17:45,0.000
10/24/06 17:50,0.000
10/24/06 17:55,0.000
10/24/06 18:00,0.000
10/24/06 18:05,0.000
10/24/06 18:10,0.000
10/24/06 18:15,0.000
10/24/06 18:20,0.000
10/24/06 18:25,0.000
10/24/06 18:30,0.000
10/24/06 18:35,0.000
10/24/06 18:40,0.000
10/24/06 18:45,0.000
10/24/06 18:50,0.000
10/24/06 18:55,0.000
10/24/06 19:00,0.000
10/24/06 19:05,0.000
10/24/06 19:10,0.000
10/24/06 19:15,0.000
10/24/06 19:20,0.000
10/24/06 19:25,0.000
10/24/06 19:30,0.000
10/24/06 19:35,0.000
10/24/06 19:40,0.000
10/24/06 19:45,0.000
10/24/06 19:50,0.000
10/24/06 19:55,0.000
10/24/06 20:00,0.000
10/24/06 20:05,0.000
10/24/06 20:10,0.000
10/24/06 20:15,0.000
10/24/06 20:20,0.000
10/24/06 20:25,0.000
10/24/06 20:30,0.000
10/24/06 20:35,0.000
10/24/06 20:40,0.000
10/24/06 20:45,0.000
10/24/06 20:50,0.000
10/24/06 20:55,0.000
10/24/06 21:00,0.000
10/24/06 21:05,0.000
10/24/06 21:10,0.000
10/24/06 21:15,0.000
10/24/06 21:20,0.000
10/24/06 21:25,0.000
10/24/06 21:30,0.000
10/24/06 21:35,0.000
10/24/06 21:40,0.000
10/24/06 21:45,0.000
10/24/06 21:50,0.000
10/24/06 21:55,0.000
10/24/06 22:00,0.000
10/24/06 22:05,0.000
10/24/06 22:10,0.000
10/24/06 22:15,0.000
10/24/06 22:20,0.000
10/24/06 22:25,0.000
10/24/06 22:30,0.000
10/24/06 22:35,0.000
10/24/06 22:40,0.000
10/24/06 22:45,0.000
10/24/06 22:50,0.000
10/24/06 22:55,0.000
10/24/06 23:00,0.000
10/24/06 23:05,0.000
10/24/06 23:10,0.000
10/24/06 23:15,0.000
10/24/06 23:20,0.000
10/24/06 23:25,0.000
10/24/06 23:30,0.000
10/24/06 23:35,0.000
10/24/06 23:40,0.000
10/24/06 23:45,0.000
10/24/06 23:50,0.000
10/24/06 23:55,0.000
10/25/06 00:00,0.000
10/25/06 00:05,0.000
10/25/06 00:10,0.000
10/25/06 00:15,0.000
10/25/06 00:20,0.000
10/25/06 00:25,0.000
10/25/06 00:30,0.000
10/25/06 00:35,0.000
10/25/06 00:40,0.000
10/25/06 00:45,0.000
10/25/06 00:50,0.000
10/25/06 00:55,0.000
10/25/06 01:00,0.000
10/25/06 01:05,0.000
10/25/06 01:10,0.000
10/25/06 01:15,0.000
10/25/06 01:20,0.000
10/25/06 01:25,0.000
10/25/06 01:30,0.000
10/25/06 01:35,0.000
10/25/06 01:40,0.000
10/25/06 01:45,0.000
10/25/06 01:50,0.000
10/25/06 01:55,0.000
10/25/06 02:00,0.000
10/25/06 02:05,0.000
10/25/06 02:10,0.000
10/25/06 02:15,0.000
10/25/06 02:20,0.000
10/25/06 02:25,0.000
10/25/06 02:30,0.000
10/25/06 02:35,0.000
10/25/06 02:40,0.000
10/25/06 02:45,0.000
10/25/06 02:50,0.000
10/25/06 02:55,0.000
10/25/06 03:00,0.000
10/25/06 03:05,0.000
10/25/06 03:10,0.000
10/25/06 03:15,0.000
10/25/06 03:20,0.000
10/25/06 03:25,0.000
10/25/06 03:30,0.000
10/25/06 03:35,0.000
10/25/06 03:40,0.000
10/25/06 03:45,0.000
10/25/06 03:50,0.000
10/25/06 03:55,0.000
10/25/06 04:00,0.000
10/25/06 04:05,0.000
10/25/06 04:10,0.000
10/25/06 04:15,0.000
10/25/06 04:20,0.000
10/25/06 04:25,0.000
10/25/06 04:30,0.000
10/25/06 04:35,0.000
10/25/06 04:40,0.000
10/25/06 04:45,0.000
10/25/06 04:50,0.000
10/25/06 04:55,0.000
10/25/06 05:00,0.000
10/25/06 05:05,0.000
10/25/06 05:10,0.000
10/25/06 05:15,0.000
10/25/06 05:20,0.000
10/25/06 05:25,0.000
10/25/06 05:30,0.000
10/25/06 05:35,0.000
10/25/06 05:40,0.000
10/25/06 05:45,0.000
10/25/06 05:50,0.000
10/25/06 05:55,0.000
10/25/06 06:00,0.000
10/25/06 06:05,0.000
10/25/06 06:10,0.000
10/25/06 06:15,0.000
10/25/06 06:20,0.000
10/25/06 06:25,0.000
10/25/06 06:30,0.000
10/25/06 06:35,0.000
10/25/06 06:40,0.000
10/25/06 06:45,0.000
10/25/06 06:50,0.000
10/25/06 06:55,0.000
10/25/06 07:00,0.003
10/25/06 07:05,0.015
10/25/06 07:10,0.037
10/25/06 07:15,0.080
10/25/06 07:20,0.096
10/25/06 07:25,0.113
10/25/06 07:30,0.129
10/25/06 07:35,0.146
10/25/06 07:40,0.163
10/25/06 07:45,0.183
10/25/06 07:50,0.203
10/25/06 07:55,0.223
10/25/06 08:00,0.241
10/25/06 08:05,0.257
10/25/06 08:10,0.273
10/25/06 08:15,0.289
10/25/06 08:20,0.304
10/25/06 08:25,0.317
10/25/06 08:30,0.330
10/25/06 08:35,0.343
10/25/06 08:40,0.356
10/25/06 08:45,0.369
10/25/06 08:50,0.380
10/25/06 08:55,0.391
10/25/06 09:00,0.386
10/25/06 09:05,0.351
10/25/06 09:10,0.346
10/25/06 09:15,0.348
10/25/06 09:20,0.359
10/25/06 09:25,0.322
10/25/06 09:30,0.321
10/25/06 09:35,0.335
10/25/06 09:40,0.308
10/25/06 09:45,0.341
10/25/06 09:50,0.328
10/25/06 09:55,0.300
10/25/06 10:00,0.347
10/25/06 10:05,0.382
10/25/06 10:10,0.384
10/25/06 10:15,0.340
10/25/06 10:20,0.288
10/25/06 10:25,0.274
10/25/06 10:30,0.306
10/25/06 10:35,0.371
10/25/06 10:40,0.413
10/25/06 10:45,0.401
10/25/06 10:50,0.407
10/25/06 10:55,0.413
10/25/06 11:00,0.431
10/25/06 11:05,0.442
10/25/06 11:10,0.449
10/25/06 11:15,0.453
10/25/06 11:20,0.457
10/25/06 11:25,0.461
10/25/06 11:30,0.463
10/25/06 11:35,0.460
10/25/06 11:40,0.460
10/25/06 11:45,0.460
10/25/06 11:50,0.458
10/25/06 11:55,0.454
10/25/06 12:00,0.420
10/25/06 12:05,0.377
10/25/06 12:10,0.412
10/25/06 12:15,0.433
10/25/06 12:20,0.438
10/25/06 12:25,0.441
10/25/06 12:30,0.434
10/25/06 12:35,0.437
10/25/06 12:40,0.436
10/25/06 12:45,0.435
10/25/06 12:50,0.428
10/25/06 12:55,0.422
10/25/06 13:00,0.422
10/25/06 13:05,0.419
10/25/06 13:10,0.414
10/25/06 13:15,0.407
10/25/06 13:20,0.399
10/25/06 13:25,0.389
10/25/06 13:30,0.382
10/25/06 13:35,0.373
10/25/06 13:40,0.366
10/25/06 13:45,0.358
10/25/06 13:50,0.349
10/25/06 13:55,0.339
10/25/06 14:00,0.288
10/25/06 14:05,0.273
10/25/06 14:10,0.238
10/25/06 14:15,0.248
10/25/06 14:20,0.258
10/25/06 14:25,0.236
10/25/06 14:30,0.183
10/25/06 14:35,0.154
10/25/06 14:40,0.134
10/25/06 14:45,0.153
10/25/06 14:50,0.154
10/25/06 14:55,0.156
10/25/06 15:00,0.157
10/25/06 15:05,0.130
10/25/06 15:10,0.124
10/25/06 15:15,0.118
10/25/06 15:20,0.120
10/25/06 15:25,0.091
10/25/06 15:30,0.029
10/25/06 15:35,0.019
10/25/06 15:40,0.027
10/25/06 15:45,0.022
10/25/06 15:50,0.014
10/25/06 15:55,0.006
10/25/06 16:00,0.001
10/25/06 16:05,0.000
10/25/06 16:10,0.000
10/25/06 16:15,0.000
10/25/06 16:20,0.000
10/25/06 16:25,0.000
10/25/06 16:30,0.000
10/25/06 16:35,0.000
10/25/06 16:40,0.000
10/25/06 16:45,0.000
10/25/06 16:50,0.000
10/25/06 16:55,0.000
10/25/06 17:00,0.000
10/25/06 17:05,0.000
10/25/06 17:10,0.000
10/25/06 17:15,0.000
10/25/06 17:20,0.000
10/25/06 17:25,0.000
10/25/06 17:30,0.000
10/25/06 17:35,0.000
10/25/06 17:40,0.000
10/25/06 17:45,0.000
10/25/06 17:50,0.000
10/25/06 17:55,0.000
10/25/06 18:00,0.000
10/25/06 18:05,0.000
10/25/06 18:10,0.000
10/25/06 18:15,0.000
10/25/06 18:20,0.000
10/25/06 18:25,0.000
10/25/06 18:30,0.000
10/25/06 18:35,0.000
10/25/06 18:40,0.000
10/25/06 18:45,0.000
10/25/06 18:50,0.000
10/25/06 18:55,0.000
10/25/06 19:00,0.000
10/25/06 19:05,0.000
10/25/06 19:10,0.000
10/25/06 19:15,0.000
10/25/06 19:20,0.000
10/25/06 19:25,0.000
10/25/06 19:30,0.000
10/25/06 19:35,0.000
10/25/06 19:40,0.000
10/25/06 19:45,0.000
10/25/06 19:50,0.000
10/25/06 19:55,0.000
10/25/06 20:00,0.000
10/25/06 20:05,0.000
10/25/06 20:10,0.000
10/25/06 20:15,0.000
10/25/06 20:20,0.000
10/25/06 20:25,0.000
10/25/06 20:30,0.000
10/25/06 20:35,0.000
10/25/06 20:40,0.000
10/25/06 20:45,0.000
10/25/06 20:50,0.000
10/25/06 20:55,0.000
10/25/06 21:00,0.000
10/25/06 21:05,0.000
10/25/06 21:10,0.000
10/25/06 21:15,0.000
10/25/06 21:20,0.000
10/25/06 21:25,0.000
10/25/06 21:30,0.000
10/25/06 21:35,0.000
10/25/06 21:40,0.000
10/25/06 21:45,0.000
10/25/06 21:50,0.000
10/25/06 21:55,0.000
10/25/06 22:00,0.000
10/25/06 22:05,0.000
10/25/06 22:10,0.000
10/25/06 22:15,0.000
10/25/06 22:20,0.000
10/25/06 22:25,0.000
10/25/06 22:30,0.000
10/25/06 22:35,0.000
10/25/06 22:40,0.000
10/25/06 22:45,0.000
10/25/06 22:50,0.000
10/25/06 22:55,0.000
10/25/06 23:00,0.000
10/25/06 23:05,0.000
10/25/06 23:10,0.000
10/25/06 23:15,0.000
10/25/06 23:20,0.000
10/25/06 23:25,0.000
10/25/06 23:30,0.000
10/25/06 23:35,0.000
10/25/06 23:40,0.000
10/25/06 23:45,0.000
10/25/06 23:50,0.000
10/25/06 23:55,0.000
10/26/06 00:00,0.000
10/26/06 00:05,0.000
10/26/06 00:10,0.000
10/26/06 00:15,0.000
10/26/06 00:20,0.000
10/26/06 00:25,0.000
10/26/06 00:30,0.000
10/26/06 00:35,0.000
10/26/06 00:40,0.000
10/26/06 00:45,0.000
10/26/06 00:50,0.000
10/26/06 00:55,0.000
10/26/06 01:00,0.000
10/26/06 01:05,0.000
10/26/06 01:10,0.000
10/26/06 01:15,0.000
10/26/06 01:20,0.000
10/26/06 01:25,0.000
10/26/06 01:30,0.000
10/26/06 01:35,0.000
10/26/06 01:40,0.000
10/26/06 01:45,0.000
10/26/06 01:50,0.000
10/26/06 01:55,0.000
10/26/06 02:00,0.000
10/26/06 02:05,0.000
10/26/06 02:10,0.000
10/26/06 02:15,0.000
10/26/06 02:20,0.000
10/26/06 02:25,0.000
10/26/06 02:30,0.000
10/26/06 02:35,0.000
10/26/06 02:40,0.000
10/26/06 02:45,0.000
10/26/06 02:50,0.000
10/26/06 02:55,0.000
10/26/06 03:00,0.000
10/26/06 03:05,0.000
10/26/06 03:10,0.000
10/26/06 03:15,0.000
10/26/06 03:20,0.000
10/26/06 03:25,0.000
10/26/06 03:30,0.000
10/26/06 03:35,0.000
10/26/06 03:40,0.000
10/26/06 03:45,0.000
10/26/06 03:50,0.000
10/26/06 03:55,0.000
10/26/06 04:00,0.000
10/26/06 04:05,0.000
10/26/06 04:10,0.000
10/26/06 04:15,0.000
10/26/06 04:20,0.000
10/26/06 04:25,0.000
10/26/06 04:30,0.000
10/26/06 04:35,0.000
10/26/06 04:40,0.000
10/26/06 04:45,0.000
10/26/06 04:50,0.000
10/26/06 04:55,0.000
10/26/06 05:00,0.000
10/26/06 05:05,0.000
10/26/06 05:10,0.000
10/26/06 05:15,0.000
10/26/06 05:20,0.000
10/26/06 05:25,0.000
10/26/06 05:30,0.000
10/26/06 05:35,0.000
10/26/06 05:40,0.000
10/26/06 05:45,0.000
10/26/06 05:50,0.000
10/26/06 05:55,0.000
10/26/06 06:00,0.000
10/26/06 06:05,0.000
10/26/06 06:10,0.000
10/26/06 06:15,0.000
10/26/06 06:20,0.000
10/26/06 06:25,0.000
10/26/06 06:30,0.000
10/26/06 06:35,0.000
10/26/06 06:40,0.000
10/26/06 06:45,0.000
10/26/06 06:50,0.000
10/26/06 06:55,0.000
10/26/06 07:00,0.001
10/26/06 07:05,0.008
10/26/06 07:10,0.028
10/26/06 07:15,0.065
10/26/06 07:20,0.089
10/26/06 07:25,0.104
10/26/06 07:30,0.119
10/26/06 07:35,0.135
10/26/06 07:40,0.151
10/26/06 07:45,0.166
10/26/06 07:50,0.183
10/26/06 07:55,0.198
10/26/06 08:00,0.174
10/26/06 08:05,0.147
10/26/06 08:10,0.126
10/26/06 08:15,0.126
10/26/06 08:20,0.123
10/26/06 08:25,0.107
10/26/06 08:30,0.100
10/26/06 08:35,0.094
10/26/06 08:40,0.094
10/26/06 08:45,0.100
10/26/06 08:50,0.112
10/26/06 08:55,0.114
10/26/06 09:00,0.094
10/26/06 09:05,0.086
10/26/06 09:10,0.083
10/26/06 09:15,0.084
10/26/06 09:20,0.086
10/26/06 09:25,0.090
10/26/06 09:30,0.094
10/26/06 09:35,0.099
10/26/06 09:40,0.104
10/26/06 09:45,0.108
10/26/06 09:50,0.112
10/26/06 09:55,0.118
10/26/06 10:00,0.123
10/26/06 10:05,0.131
10/26/06 10:10,0.134
10/26/06 10:15,0.132
10/26/06 10:20,0.146
10/26/06 10:25,0.174
10/26/06 10:30,0.190
10/26/06 10:35,0.233
10/26/06 10:40,0.241
10/26/06 10:45,0.244
10/26/06 10:50,0.239
10/26/06 10:55,0.240
10/26/06 11:00,0.238
10/26/06 11:05,0.265
10/26/06 11:10,0.299
10/26/06 11:15,0.269
10/26/06 11:20,0.254
10/26/06 11:25,0.258
10/26/06 11:30,0.267
10/26/06 11:35,0.252
10/26/06 11:40,0.242
10/26/06 11:45,0.234
10/26/06 11:50,0.229
10/26/06 11:55,0.246
10/26/06 12:00,0.257
10/26/06 12:05,0.255
10/26/06 12:10,0.248
10/26/06 12:15,0.240
10/26/06 12:20,0.230
10/26/06 12:25,0.218
10/26/06 12:30,0.208
10/26/06 12:35,0.196
10/26/06 12:40,0.172
10/26/06 12:45,0.151
10/26/06 12:50,0.129
10/26/06 12:55,0.120
10/26/06 13:00,0.168
10/26/06 13:05,0.218
10/26/06 13:10,0.252
10/26/06 13:15,0.277
10/26/06 13:20,0.285
10/26/06 13:25,0.293
10/26/06 13:30,0.285
10/26/06 13:35,0.272
10/26/06 13:40,0.263
10/26/06 13:45,0.256
10/26/06 13:50,0.250
10/26/06 13:55,0.232
10/26/06 14:00,0.214
10/26/06 14:05,0.197
10/26/06 14:10,0.189
10/26/06 14:15,0.181
10/26/06 14:20,0.184
10/26/06 14:25,0.193
10/26/06 14:30,0.172
10/26/06 14:35,0.145
10/26/06 14:40,0.149
10/26/06 14:45,0.157
10/26/06 14:50,0.127
10/26/06 14:55,0.094
10/26/06 15:00,0.085
10/26/06 15:05,0.071
10/26/06 15:10,0.058
10/26/06 15:15,0.046
10/26/06 15:20,0.033
10/26/06 15:25,0.026
10/26/06 15:30,0.020
10/26/06 15:35,0.016
10/26/06 15:40,0.010
10/26/06 15:45,0.005
10/26/06 15:50,0.002
10/26/06 15:55,0.001
10/26/06 16:00,0.000
10/26/06 16:05,0.000
10/26/06 16:10,0.000
10/26/06 16:15,0.000
10/26/06 16:20,0.000
10/26/06 16:25,0.000
10/26/06 16:30,0.000
10/26/06 16:35,0.000
10/26/06 16:40,0.000
10/26/06 16:45,0.000
10/26/06 16:50,0.000
10/26/06 16:55,0.000
10/26/06 17:00,0.000
10/26/06 17:05,0.000
10/26/06 17:10,0.000
10/26/06 17:15,0.000
10/26/06 17:20,0.000
10/26/06 17:25,0.000
10/26/06 17:30,0.000
10/26/06 17:35,0.000
10/26/06 17:40,0.000
10/26/06 17:45,0.000
10/26/06 17:50,0.000
10/26/06 17:55,0.000
10/26/06 18:00,0.000
10/26/06 18:05,0.000
10/26/06 18:10,0.000
10/26/06 18:15,0.000
10/26/06 18:20,0.000
10/26/06 18:25,0.000
10/26/06 18:30,0.000
10/26/06 18:35,0.000
10/26/06 18:40,0.000
10/26/06 18:45,0.000
10/26/06 18:50,0.000
10/26/06 18:55,0.000
10/26/06 19:00,0.000
10/26/06 19:05,0.000
10/26/06 19:10,0.000
10/26/06 19:15,0.000
10/26/06 19:20,0.000
10/26/06 19:25,0.000
10/26/06 19:30,0.000
10/26/06 19:35,0.000
10/26/06 19:40,0.000
10/26/06 19:45,0.000
10/26/06 19:50,0.000
10/26/06 19:55,0.000
10/26/06 20:00,0.000
10/26/06 20:05,0.000
10/26/06 20:10,0.000
10/26/06 20:15,0.000
10/26/06 20:20,0.000
10/26/06 20:25,0.000
10/26/06 20:30,0.000
10/26/06 20:35,0.000
10/26/06 20:40,0.000
10/26/06 20:45,0.000
10/26/06 20:50,0.000
10/26/06 20:55,0.000
10/26/06 21:00,0.000
10/26/06 21:05,0.000
10/26/06 21:10,0.000
10/26/06 21:15,0.000
10/26/06 21:20,0.000
10/26/06 21:25,0.000
10/26/06 21:30,0.000
10/26/06 21:35,0.000
10/26/06 21:40,0.000
10/26/06 21:45,0.000
10/26/06 21:50,0.000
10/26/06 21:55,0.000
10/26/06 22:00,0.000
10/26/06 22:05,0.000
10/26/06 22:10,0.000
10/26/06 22:15,0.000
10/26/06 22:20,0.000
10/26/06 22:25,0.000
10/26/06 22:30,0.000
10/26/06 22:35,0.000
10/26/06 22:40,0.000
10/26/06 22:45,0.000
10/26/06 22:50,0.000
10/26/06 22:55,0.000
10/26/06 23:00,0.000
10/26/06 23:05,0.000
10/26/06 23:10,0.000
10/26/06 23:15,0.000
10/26/06 23:20,0.000
10/26/06 23:25,0.000
10/26/06 23:30,0.000
10/26/06 23:35,0.000
10/26/06 23:40,0.000
10/26/06 23:45,0.000
10/26/06 23:50,0.000
10/26/06 23:55,0.000
10/27/06 00:00,0.000
10/27/06 00:05,0.000
10/27/06 00:10,0.000
10/27/06 00:15,0.000
10/27/06 00:20,0.000
10/27/06 00:25,0.000
10/27/06 00:30,0.000
10/27/06 00:35,0.000
10/27/06 00:40,0.000
10/27/06 00:45,0.000
10/27/06 00:50,0.000
10/27/06 00:55,0.000
10/27/06 01:00,0.000
10/27/06 01:05,0.000
10/27/06 01:10,0.000
10/27/06 01:15,0.000
10/27/06 01:20,0.000
10/27/06 01:25,0.000
10/27/06 01:30,0.000
10/27/06 01:35,0.000
10/27/06 01:40,0.000
10/27/06 01:45,0.000
10/27/06 01:50,0.000
10/27/06 01:55,0.000
10/27/06 02:00,0.000
10/27/06 02:05,0.000
10/27/06 02:10,0.000
10/27/06 02:15,0.000
10/27/06 02:20,0.000
10/27/06 02:25,0.000
10/27/06 02:30,0.000
10/27/06 02:35,0.000
10/27/06 02:40,0.000
10/27/06 02:45,0.000
10/27/06 02:50,0.000
10/27/06 02:55,0.000
10/27/06 03:00,0.000
10/27/06 03:05,0.000
10/27/06 03:10,0.000
10/27/06 03:15,0.000
10/27/06 03:20,0.000
10/27/06 03:25,0.000
10/27/06 03:30,0.000
10/27/06 03:35,0.000
10/27/06 03:40,0.000
10/27/06 03:45,0.000
10/27/06 03:50,0.000
10/27/06 03:55,0.000
10/27/06 04:00,0.000
10/27/06 04:05,0.000
10/27/06 04:10,0.000
10/27/06 04:15,0.000
10/27/06 04:20,0.000
10/27/06 04:25,0.000
10/27/06 04:30,0.000
10/27/06 04:35,0.000
10/27/06 04:40,0.000
10/27/06 04:45,0.000
10/27/06 04:50,0.000
10/27/06 04:55,0.000
10/27/06 05:00,0.000
10/27/06 05:05,0.000
10/27/06 05:10,0.000
10/27/06 05:15,0.000
10/27/06 05:20,0.000
10/27/06 05:25,0.000
10/27/06 05:30,0.000
10/27/06 05:35,0.000
10/27/06 05:40,0.000
10/27/06 05:45,0.000
10/27/06 05:50,0.000
10/27/06 05:55,0.000
10/27/06 06:00,0.000
10/27/06 06:05,0.000
10/27/06 06:10,0.000
10/27/06 06:15,0.000
10/27/06 06:20,0.000
10/27/06 06:25,0.000
10/27/06 06:30,0.000
10/27/06 06:35,0.000
10/27/06 06:40,0.000
10/27/06 06:45,0.000
10/27/06 06:50,0.000
10/27/06 06:55,0.000
10/27/06 07:00,0.000
10/27/06 07:05,0.000
10/27/06 07:10,0.001
10/27/06 07:15,0.005
10/27/06 07:20,0.011
10/27/06 07:25,0.026
10/27/06 07:30,0.046
10/27/06 07:35,0.074
10/27/06 07:40,0.086
10/27/06 07:45,0.094
10/27/06 07:50,0.102
10/27/06 07:55,0.111
10/27/06 08:00,0.122
10/27/06 08:05,0.130
10/27/06 08:10,0.135
10/27/06 08:15,0.139
10/27/06 08:20,0.141
10/27/06 08:25,0.142
10/27/06 08:30,0.142
10/27/06 08:35,0.136
10/27/06 08:40,0.135
10/27/06 08:45,0.133
10/27/06 08:50,0.127
10/27/06 08:55,0.112
10/27/06 09:00,0.100
10/27/06 09:05,0.088
10/27/06 09:10,0.084
10/27/06 09:15,0.084
10/27/06 09:20,0.085
10/27/06 09:25,0.088
10/27/06 09:30,0.091
10/27/06 09:35,0.092
10/27/06 09:40,0.090
10/27/06 09:45,0.088
10/27/06 09:50,0.081
10/27/06 09:55,0.079
10/27/06 10:00,0.079
10/27/06 10:05,0.079
10/27/06 10:10,0.081
10/27/06 10:15,0.082
10/27/06 10:20,0.083
10/27/06 10:25,0.084
10/27/06 10:30,0.085
10/27/06 10:35,0.085
10/27/06 10:40,0.085
10/27/06 10:45,0.085
10/27/06 10:50,0.085
10/27/06 10:55,0.084
10/27/06 11:00,0.084
10/27/06 11:05,0.085
10/27/06 11:10,0.085
10/27/06 11:15,0.085
10/27/06 11:20,0.086
10/27/06 11:25,0.088
10/27/06 11:30,0.091
10/27/06 11:35,0.095
10/27/06 11:40,0.097
10/27/06 11:45,0.098
10/27/06 11:50,0.097
10/27/06 11:55,0.096
10/27/06 12:00,0.093
10/27/06 12:05,0.092
10/27/06 12:10,0.092
10/27/06 12:15,0.094
10/27/06 12:20,0.095
10/27/06 12:25,0.096
10/27/06 12:30,0.097
10/27/06 12:35,0.097
10/27/06 12:40,0.095
10/27/06 12:45,0.094
10/27/06 12:50,0.094
10/27/06 12:55,0.091
10/27/06 13:00,0.088
10/27/06 13:05,0.084
10/27/06 13:10,0.082
10/27/06 13:15,0.087
10/27/06 13:20,0.096
10/27/06 13:25,0.105
10/27/06 13:30,0.122
10/27/06 13:35,0.128
10/27/06 13:40,0.125
10/27/06 13:45,0.119
10/27/06 13:50,0.101
10/27/06 13:55,0.090
10/27/06 14:00,0.083
10/27/06 14:05,0.068
10/27/06 14:10,0.064
10/27/06 14:15,0.070
10/27/06 14:20,0.069
10/27/06 14:25,0.058
10/27/06 14:30,0.052
10/27/06 14:35,0.034
10/27/06 14:40,0.020
10/27/06 14:45,0.014
10/27/06 14:50,0.012
10/27/06 14:55,0.013
10/27/06 15:00,0.052
10/27/06 15:05,0.084
10/27/06 15:10,0.091
10/27/06 15:15,0.087
10/27/06 15:20,0.080
10/27/06 15:25,0.055
10/27/06 15:30,0.025
10/27/06 15:35,0.013
10/27/06 15:40,0.004
10/27/06 15:45,0.001
10/27/06 15:50,0.000
10/27/06 15:55,0.000
10/27/06 16:00,0.000
10/27/06 16:05,0.000
10/27/06 16:10,0.000
10/27/06 16:15,0.000
10/27/06 16:20,0.000
10/27/06 16:25,0.000
10/27/06 16:30,0.000
10/27/06 16:35,0.000
10/27/06 16:40,0.000
10/27/06 16:45,0.000
10/27/06 16:50,0.000
10/27/06 16:55,0.000
10/27/06 17:00,0.000
10/27/06 17:05,0.000
10/27/06 17:10,0.000
10/27/06 17:15,0.000
10/27/06 17:20,0.000
10/27/06 17:25,0.000
10/27/06 17:30,0.000
10/27/06 17:35,0.000
10/27/06 17:40,0.000
10/27/06 17:45,0.000
10/27/06 17:50,0.000
10/27/06 17:55,0.000
10/27/06 18:00,0.000
10/27/06 18:05,0.000
10/27/06 18:10,0.000
10/27/06 18:15,0.000
10/27/06 18:20,0.000
10/27/06 18:25,0.000
10/27/06 18:30,0.000
10/27/06 18:35,0.000
10/27/06 18:40,0.000
10/27/06 18:45,0.000
10/27/06 18:50,0.000
10/27/06 18:55,0.000
10/27/06 19:00,0.000
10/27/06 19:05,0.000
10/27/06 19:10,0.000
10/27/06 19:15,0.000
10/27/06 19:20,0.000
10/27/06 19:25,0.000
10/27/06 19:30,0.000
10/27/06 19:35,0.000
10/27/06 19:40,0.000
10/27/06 19:45,0.000
10/27/06 19:50,0.000
10/27/06 19:55,0.000
10/27/06 20:00,0.000
10/27/06 20:05,0.000
10/27/06 20:10,0.000
10/27/06 20:15,0.000
10/27/06 20:20,0.000
10/27/06 20:25,0.000
10/27/06 20:30,0.000
10/27/06 20:35,0.000
10/27/06 20:40,0.000
10/27/06 20:45,0.000
10/27/06 20:50,0.000
10/27/06 20:55,0.000
10/27/06 21:00,0.000
10/27/06 21:05,0.000
10/27/06 21:10,0.000
10/27/06 21:15,0.000
10/27/06 21:20,0.000
10/27/06 21:25,0.000
10/27/06 21:30,0.000
10/27/06 21:35,0.000
10/27/06 21:40,0.000
10/27/06 21:45,0.000
10/27/06 21:50,0.000
10/27/06 21:55,0.000
10/27/06 22:00,0.000
10/27/06 22:05,0.000
10/27/06 22:10,0.000
10/27/06 22:15,0.000
10/27/06 22:20,0.000
10/27/06 22:25,0.000
10/27/06 22:30,0.000
10/27/06 22:35,0.000
10/27/06 22:40,0.000
10/27/06 22:45,0.000
10/27/06 22:50,0.000
10/27/06 22:55,0.000
10/27/06 23:00,0.000
10/27/06 23:05,0.000
10/27/06 23:10,0.000
10/27/06 23:15,0.000
10/27/06 23:20,0.000
10/27/06 23:25,0.000
10/27/06 23:30,0.000
10/27/06 23:35,0.000
10/27/06 23:40,0.000
10/27/06 23:45,0.000
10/27/06 23:50,0.000
10/27/06 23:55,0.000
10/28/06 00:00,0.000
10/28/06 00:05,0.000
10/28/06 00:10,0.000
10/28/06 00:15,0.000
10/28/06 00:20,0.000
10/28/06 00:25,0.000
10/28/06 00:30,0.000
10/28/06 00:35,0.000
10/28/06 00:40,0.000
10/28/06 00:45,0.000
10/28/06 00:50,0.000
10/28/06 00:55,0.000
10/28/06 01:00,0.000
10/28/06 01:05,0.000
10/28/06 01:10,0.000
10/28/06 01:15,0.000
10/28/06 01:20,0.000
10/28/06 01:25,0.000
10/28/06 01:30,0.000
10/28/06 01:35,0.000
10/28/06 01:40,0.000
10/28/06 01:45,0.000
10/28/06 01:50,0.000
10/28/06 01:55,0.000
10/28/06 02:00,0.000
10/28/06 02:05,0.000
10/28/06 02:10,0.000
10/28/06 02:15,0.000
10/28/06 02:20,0.000
10/28/06 02:25,0.000
10/28/06 02:30,0.000
10/28/06 02:35,0.000
10/28/06 02:40,0.000
10/28/06 02:45,0.000
10/28/06 02:50,0.000
10/28/06 02:55,0.000
10/28/06 03:00,0.000
10/28/06 03:05,0.000
10/28/06 03:10,0.000
10/28/06 03:15,0.000
10/28/06 03:20,0.000
10/28/06 03:25,0.000
10/28/06 03:30,0.000
10/28/06 03:35,0.000
10/28/06 03:40,0.000
10/28/06 03:45,0.000
10/28/06 03:50,0.000
10/28/06 03:55,0.000
10/28/06 04:00,0.000
10/28/06 04:05,0.000
10/28/06 04:10,0.000
10/28/06 04:15,0.000
10/28/06 04:20,0.000
10/28/06 04:25,0.000
10/28/06 04:30,0.000
10/28/06 04:35,0.000
10/28/06 04:40,0.000
10/28/06 04:45,0.000
10/28/06 04:50,0.000
10/28/06 04:55,0.000
10/28/06 05:00,0.000
10/28/06 05:05,0.000
10/28/06 05:10,0.000
10/28/06 05:15,0.000
10/28/06 05:20,0.000
10/28/06 05:25,0.000
10/28/06 05:30,0.000
10/28/06 05:35,0.000
10/28/06 05:40,0.000
10/28/06 05:45,0.000
10/28/06 05:50,0.000
10/28/06 05:55,0.000
10/28/06 06:00,0.000
10/28/06 06:05,0.000
10/28/06 06:10,0.000
10/28/06 06:15,0.000
10/28/06 06:20,0.000
10/28/06 06:25,0.000
10/28/06 06:30,0.000
10/28/06 06:35,0.000
10/28/06 06:40,0.000
10/28/06 06:45,0.000
10/28/06 06:50,0.000
10/28/06 06:55,0.000
10/28/06 07:00,0.000
10/28/06 07:05,0.002
10/28/06 07:10,0.008
10/28/06 07:15,0.024
10/28/06 07:20,0.049
10/28/06 07:25,0.080
10/28/06 07:30,0.093
10/28/06 07:35,0.109
10/28/06 07:40,0.123
10/28/06 07:45,0.138
10/28/06 07:50,0.153
10/28/06 07:55,0.168
10/28/06 08:00,0.183
10/28/06 08:05,0.197
10/28/06 08:10,0.211
10/28/06 08:15,0.224
10/28/06 08:20,0.237
10/28/06 08:25,0.251
10/28/06 08:30,0.265
10/28/06 08:35,0.279
10/28/06 08:40,0.293
10/28/06 08:45,0.307
10/28/06 08:50,0.321
10/28/06 08:55,0.334
10/28/06 09:00,0.323
10/28/06 09:05,0.325
10/28/06 09:10,0.332
10/28/06 09:15,0.343
10/28/06 09:20,0.341
10/28/06 09:25,0.339
10/28/06 09:30,0.334
10/28/06 09:35,0.323
10/28/06 09:40,0.352
10/28/06 09:45,0.382
10/28/06 09:50,0.389
10/28/06 09:55,0.379
10/28/06 10:00,0.390
10/28/06 10:05,0.403
10/28/06 10:10,0.407
10/28/06 10:15,0.410
10/28/06 10:20,0.411
10/28/06 10:25,0.411
10/28/06 10:30,0.408
10/28/06 10:35,0.403
10/28/06 10:40,0.400
10/28/06 10:45,0.396
10/28/06 10:50,0.395
10/28/06 10:55,0.397
10/28/06 11:00,0.378
10/28/06 11:05,0.361
10/28/06 11:10,0.372
10/28/06 11:15,0.375
10/28/06 11:20,0.361
10/28/06 11:25,0.320
10/28/06 11:30,0.283
10/28/06 11:35,0.279
10/28/06 11:40,0.300
10/28/06 11:45,0.302
10/28/06 11:50,0.303
10/28/06 11:55,0.325
10/28/06 12:00,0.335
10/28/06 12:05,0.342
10/28/06 12:10,0.353
10/28/06 12:15,0.360
10/28/06 12:20,0.370
10/28/06 12:25,0.380
10/28/06 12:30,0.385
10/28/06 12:35,0.383
10/28/06 12:40,0.377
10/28/06 12:45,0.381
10/28/06 12:50,0.393
10/28/06 12:55,0.397
10/28/06 13:00,0.376
10/28/06 13:05,0.363
10/28/06 13:10,0.351
10/28/06 13:15,0.342
10/28/06 13:20,0.334
10/28/06 13:25,0.324
10/28/06 13:30,0.324
10/28/06 13:35,0.322
10/28/06 13:40,0.317
10/28/06 13:45,0.312
10/28/06 13:50,0.309
10/28/06 13:55,0.301
10/28/06 14:00,0.299
10/28/06 14:05,0.296
10/28/06 14:10,0.292
10/28/06 14:15,0.287
10/28/06 14:20,0.281
10/28/06 14:25,0.274
10/28/06 14:30,0.267
10/28/06 14:35,0.258
10/28/06 14:40,0.250
10/28/06 14:45,0.241
10/28/06 14:50,0.232
10/28/06 14:55,0.223
10/28/06 15:00,0.207
10/28/06 15:05,0.189
10/28/06 15:10,0.171
10/28/06 15:15,0.155
10/28/06 15:20,0.139
10/28/06 15:25,0.124
10/28/06 15:30,0.109
10/28/06 15:35,0.095
10/28/06 15:40,0.082
10/28/06 15:45,0.041
10/28/06 15:50,0.016
10/28/06 15:55,0.004
10/28/06 16:00,0.000
10/28/06 16:05,0.000
10/28/06 16:10,0.000
10/28/06 16:15,0.000
10/28/06 16:20,0.000
10/28/06 16:25,0.000
10/28/06 16:30,0.000
10/28/06 16:35,0.000
10/28/06 16:40,0.000
10/28/06 16:45,0.000
10/28/06 16:50,0.000
10/28/06 16:55,0.000
10/28/06 17:00,0.000
10/28/06 17:05,0.000
10/28/06 17:10,0.000
10/28/06 17:15,0.000
10/28/06 17:20,0.000
10/28/06 17:25,0.000
10/28/06 17:30,0.000
10/28/06 17:35,0.000
10/28/06 17:40,0.000
10/28/06 17:45,0.000
10/28/06 17:50,0.000
10/28/06 17:55,0.000
10/28/06 18:00,0.000
10/28/06 18:05,0.000
10/28/06 18:10,0.000
10/28/06 18:15,0.000
10/28/06 18:20,0.000
10/28/06 18:25,0.000
10/28/06 18:30,0.000
10/28/06 18:35,0.000
10/28/06 18:40,0.000
10/28/06 18:45,0.000
10/28/06 18:50,0.000
10/28/06 18:55,0.000
10/28/06 19:00,0.000
10/28/06 19:05,0.000
10/28/06 19:10,0.000
10/28/06 19:15,0.000
10/28/06 19:20,0.000
10/28/06 19:25,0.000
10/28/06 19:30,0.000
10/28/06 19:35,0.000
10/28/06 19:40,0.000
10/28/06 19:45,0.000
10/28/06 19:50,0.000
10/28/06 19:55,0.000
10/28/06 20:00,0.000
10/28/06 20:05,0.000
10/28/06 20:10,0.000
10/28/06 20:15,0.000
10/28/06 20:20,0.000
10/28/06 20:25,0.000
10/28/06 20:30,0.000
10/28/06 20:35,0.000
10/28/06 20:40,0.000
10/28/06 20:45,0.000
10/28/06 20:50,0.000
10/28/06 20:55,0.000
10/28/06 21:00,0.000
10/28/06 21:05,0.000
10/28/06 21:10,0.000
10/28/06 21:15,0.000
10/28/06 21:20,0.000
10/28/06 21:25,0.000
10/28/06 21:30,0.000
10/28/06 21:35,0.000
10/28/06 21:40,0.000
10/28/06 21:45,0.000
10/28/06 21:50,0.000
10/28/06 21:55,0.000
10/28/06 22:00,0.000
10/28/06 22:05,0.000
10/28/06 22:10,0.000
10/28/06 22:15,0.000
10/28/06 22:20,0.000
10/28/06 22:25,0.000
10/28/06 22:30,0.000
10/28/06 22:35,0.000
10/28/06 22:40,0.000
10/28/06 22:45,0.000
10/28/06 22:50,0.000
10/28/06 22:55,0.000
10/28/06 23:00,0.000
10/28/06 23:05,0.000
10/28/06 23:10,0.000
10/28/06 23:15,0.000
10/28/06 23:20,0.000
10/28/06 23:25,0.000
10/28/06 23:30,0.000
10/28/06 23:35,0.000
10/28/06 23:40,0.000
10/28/06 23:45,0.000
10/28/06 23:50,0.000
10/28/06 23:55,0.000
10/29/06 00:00,0.000
10/29/06 00:05,0.000
10/29/06 00:10,0.000
10/29/06 00:15,0.000
10/29/06 00:20,0.000
10/29/06 00:25,0.000
10/29/06 00:30,0.000
10/29/06 00:35,0.000
10/29/06 00:40,0.000
10/29/06 00:45,0.000
10/29/06 00:50,0.000
10/29/06 00:55,0.000
10/29/06 01:00,0.000
10/29/06 01:05,0.000
10/29/06 01:10,0.000
10/29/06 01:15,0.000
10/29/06 01:20,0.000
10/29/06 01:25,0.000
10/29/06 01:30,0.000
10/29/06 01:35,0.000
10/29/06 01:40,0.000
10/29/06 01:45,0.000
10/29/06 01:50,0.000
10/29/06 01:55,0.000
10/29/06 02:00,0.000
10/29/06 02:05,0.000
10/29/06 02:10,0.000
10/29/06 02:15,0.000
10/29/06 02:20,0.000
10/29/06 02:25,0.000
10/29/06 02:30,0.000
10/29/06 02:35,0.000
10/29/06 02:40,0.000
10/29/06 02:45,0.000
10/29/06 02:50,0.000
10/29/06 02:55,0.000
10/29/06 03:00,0.000
10/29/06 03:05,0.000
10/29/06 03:10,0.000
10/29/06 03:15,0.000
10/29/06 03:20,0.000
10/29/06 03:25,0.000
10/29/06 03:30,0.000
10/29/06 03:35,0.000
10/29/06 03:40,0.000
10/29/06 03:45,0.000
10/29/06 03:50,0.000
10/29/06 03:55,0.000
10/29/06 04:00,0.000
10/29/06 04:05,0.000
10/29/06 04:10,0.000
10/29/06 04:15,0.000
10/29/06 04:20,0.000
10/29/06 04:25,0.000
10/29/06 04:30,0.000
10/29/06 04:35,0.000
10/29/06 04:40,0.000
10/29/06 04:45,0.000
10/29/06 04:50,0.000
10/29/06 04:55,0.000
10/29/06 05:00,0.000
10/29/06 05:05,0.000
10/29/06 05:10,0.000
10/29/06 05:15,0.000
10/29/06 05:20,0.000
10/29/06 05:25,0.000
10/29/06 05:30,0.000
10/29/06 05:35,0.000
10/29/06 05:40,0.000
10/29/06 05:45,0.000
10/29/06 05:50,0.000
10/29/06 05:55,0.000
10/29/06 06:00,0.000
10/29/06 06:05,0.000
10/29/06 06:10,0.000
10/29/06 06:15,0.000
10/29/06 06:20,0.000
10/29/06 06:25,0.000
10/29/06 06:30,0.000
10/29/06 06:35,0.000
10/29/06 06:40,0.000
10/29/06 06:45,0.000
10/29/06 06:50,0.000
10/29/06 06:55,0.000
10/29/06 07:00,0.000
10/29/06 07:05,0.003
10/29/06 07:10,0.016
10/29/06 07:15,0.044
10/29/06 07:20,0.082
10/29/06 07:25,0.097
10/29/06 07:30,0.112
10/29/06 07:35,0.128
10/29/06 07:40,0.143
10/29/06 07:45,0.159
10/29/06 07:50,0.175
10/29/06 07:55,0.192
10/29/06 08:00,0.206
10/29/06 08:05,0.214
10/29/06 08:10,0.222
10/29/06 08:15,0.227
10/29/06 08:20,0.227
10/29/06 08:25,0.224
10/29/06 08:30,0.219
10/29/06 08:35,0.209
10/29/06 08:40,0.197
10/29/06 08:45,0.182
10/29/06 08:50,0.165
10/29/06 08:55,0.141
10/29/06 09:00,0.116
10/29/06 09:05,0.092
10/29/06 09:10,0.080
10/29/06 09:15,0.053
10/29/06 09:20,0.042
10/29/06 09:25,0.034
10/29/06 09:30,0.020
10/29/06 09:35,0.014
10/29/06 09:40,0.008
10/29/06 09:45,0.006
10/29/06 09:50,0.006
10/29/06 09:55,0.006
10/29/06 10:00,0.008
10/29/06 10:05,0.011
10/29/06 10:10,0.022
10/29/06 10:15,0.062
10/29/06 10:20,0.082
10/29/06 10:25,0.085
10/29/06 10:30,0.087
10/29/06 10:35,0.081
10/29/06 10:40,0.073
10/29/06 10:45,0.083
10/29/06 10:50,0.100
10/29/06 10:55,0.123
10/29/06 11:00,0.100
10/29/06 11:05,0.075
10/29/06 11:10,0.028
10/29/06 11:15,0.020
10/29/06 11:20,0.015
10/29/06 11:25,0.011
10/29/06 11:30,0.010
10/29/06 11:35,0.009
10/29/06 11:40,0.009
10/29/06 11:45,0.009
10/29/06 11:50,0.008
10/29/06 11:55,0.008
10/29/06 12:00,0.009
10/29/06 12:05,0.010
10/29/06 12:10,0.012
10/29/06 12:15,0.015
10/29/06 12:20,0.020
10/29/06 12:25,0.025
10/29/06 12:30,0.028
10/29/06 12:35,0.033
10/29/06 12:40,0.040
10/29/06 12:45,0.056
10/29/06 12:50,0.070
10/29/06 12:55,0.084
10/29/06 13:00,0.087
10/29/06 13:05,0.081
10/29/06 13:10,0.079
10/29/06 13:15,0.073
10/29/06 13:20,0.051
10/29/06 13:25,0.047
10/29/06 13:30,0.043
10/29/06 13:35,0.037
10/29/06 13:40,0.030
10/29/06 13:45,0.024
10/29/06 13:50,0.019
10/29/06 13:55,0.014
10/29/06 14:00,0.017
10/29/06 14:05,0.012
10/29/06 14:10,0.020
10/29/06 14:15,0.090
10/29/06 14:20,0.133
10/29/06 14:25,0.107
10/29/06 14:30,0.099
10/29/06 14:35,0.108
10/29/06 14:40,0.115
10/29/06 14:45,0.114
10/29/06 14:50,0.094
10/29/06 14:55,0.071
10/29/06 15:00,0.061
10/29/06 15:05,0.047
10/29/06 15:10,0.034
10/29/06 15:15,0.024
10/29/06 15:20,0.017
10/29/06 15:25,0.013
10/29/06 15:30,0.009
10/29/06 15:35,0.005
10/29/06 15:40,0.002
10/29/06 15:45,0.001
10/29/06 15:50,0.000
10/29/06 15:55,0.000
10/29/06 16:00,0.000
10/29/06 16:05,0.000
10/29/06 16:10,0.000
10/29/06 16:15,0.000
10/29/06 16:20,0.000
10/29/06 16:25,0.000
10/29/06 16:30,0.000
10/29/06 16:35,0.000
10/29/06 16:40,0.000
10/29/06 16:45,0.000
10/29/06 16:50,0.000
10/29/06 16:55,0.000
10/29/06 17:00,0.000
10/29/06 17:05,0.000
10/29/06 17:10,0.000
10/29/06 17:15,0.000
10/29/06 17:20,0.000
10/29/06 17:25,0.000
10/29/06 17:30,0.000
10/29/06 17:35,0.000
10/29/06 17:40,0.000
10/29/06 17:45,0.000
10/29/06 17:50,0.000
10/29/06 17:55,0.000
10/29/06 18:00,0.000
10/29/06 18:05,0.000
10/29/06 18:10,0.000
10/29/06 18:15,0.000
10/29/06 18:20,0.000
10/29/06 18:25,0.000
10/29/06 18:30,0.000
10/29/06 18:35,0.000
10/29/06 18:40,0.000
10/29/06 18:45,0.000
10/29/06 18:50,0.000
10/29/06 18:55,0.000
10/29/06 19:00,0.000
10/29/06 19:05,0.000
10/29/06 19:10,0.000
10/29/06 19:15,0.000
10/29/06 19:20,0.000
10/29/06 19:25,0.000
10/29/06 19:30,0.000
10/29/06 19:35,0.000
10/29/06 19:40,0.000
10/29/06 19:45,0.000
10/29/06 19:50,0.000
10/29/06 19:55,0.000
10/29/06 20:00,0.000
10/29/06 20:05,0.000
10/29/06 20:10,0.000
10/29/06 20:15,0.000
10/29/06 20:20,0.000
10/29/06 20:25,0.000
10/29/06 20:30,0.000
10/29/06 20:35,0.000
10/29/06 20:40,0.000
10/29/06 20:45,0.000
10/29/06 20:50,0.000
10/29/06 20:55,0.000
10/29/06 21:00,0.000
10/29/06 21:05,0.000
10/29/06 21:10,0.000
10/29/06 21:15,0.000
10/29/06 21:20,0.000
10/29/06 21:25,0.000
10/29/06 21:30,0.000
10/29/06 21:35,0.000
10/29/06 21:40,0.000
10/29/06 21:45,0.000
10/29/06 21:50,0.000
10/29/06 21:55,0.000
10/29/06 22:00,0.000
10/29/06 22:05,0.000
10/29/06 22:10,0.000
10/29/06 22:15,0.000
10/29/06 22:20,0.000
10/29/06 22:25,0.000
10/29/06 22:30,0.000
10/29/06 22:35,0.000
10/29/06 22:40,0.000
10/29/06 22:45,0.000
10/29/06 22:50,0.000
10/29/06 22:55,0.000
10/29/06 23:00,0.000
10/29/06 23:05,0.000
10/29/06 23:10,0.000
10/29/06 23:15,0.000
10/29/06 23:20,0.000
10/29/06 23:25,0.000
10/29/06 23:30,0.000
10/29/06 23:35,0.000
10/29/06 23:40,0.000
10/29/06 23:45,0.000
10/29/06 23:50,0.000
10/29/06 23:55,0.000
10/30/06 00:00,0.000
10/30/06 00:05,0.000
10/30/06 00:10,0.000
10/30/06 00:15,0.000
10/30/06 00:20,0.000
10/30/06 00:25,0.000
10/30/06 00:30,0.000
10/30/06 00:35,0.000
10/30/06 00:40,0.000
10/30/06 00:45,0.000
10/30/06 00:50,0.000
10/30/06 00:55,0.000
10/30/06 01:00,0.000
10/30/06 01:05,0.000
10/30/06 01:10,0.000
10/30/06 01:15,0.000
10/30/06 01:20,0.000
10/30/06 01:25,0.000
10/30/06 01:30,0.000
10/30/06 01:35,0.000
10/30/06 01:40,0.000
10/30/06 01:45,0.000
10/30/06 01:50,0.000
10/30/06 01:55,0.000
10/30/06 02:00,0.000
10/30/06 02:05,0.000
10/30/06 02:10,0.000
10/30/06 02:15,0.000
10/30/06 02:20,0.000
10/30/06 02:25,0.000
10/30/06 02:30,0.000
10/30/06 02:35,0.000
10/30/06 02:40,0.000
10/30/06 02:45,0.000
10/30/06 02:50,0.000
10/30/06 02:55,0.000
10/30/06 03:00,0.000
10/30/06 03:05,0.000
10/30/06 03:10,0.000
10/30/06 03:15,0.000
10/30/06 03:20,0.000
10/30/06 03:25,0.000
10/30/06 03:30,0.000
10/30/06 03:35,0.000
10/30/06 03:40,0.000
10/30/06 03:45,0.000
10/30/06 03:50,0.000
10/30/06 03:55,0.000
10/30/06 04:00,0.000
10/30/06 04:05,0.000
10/30/06 04:10,0.000
10/30/06 04:15,0.000
10/30/06 04:20,0.000
10/30/06 04:25,0.000
10/30/06 04:30,0.000
10/30/06 04:35,0.000
10/30/06 04:40,0.000
10/30/06 04:45,0.000
10/30/06 04:50,0.000
10/30/06 04:55,0.000
10/30/06 05:00,0.000
10/30/06 05:05,0.000
10/30/06 05:10,0.000
10/30/06 05:15,0.000
10/30/06 05:20,0.000
10/30/06 05:25,0.000
10/30/06 05:30,0.000
10/30/06 05:35,0.000
10/30/06 05:40,0.000
10/30/06 05:45,0.000
10/30/06 05:50,0.000
10/30/06 05:55,0.000
10/30/06 06:00,0.000
10/30/06 06:05,0.000
10/30/06 06:10,0.000
10/30/06 06:15,0.000
10/30/06 06:20,0.000
10/30/06 06:25,0.000
10/30/06 06:30,0.000
10/30/06 06:35,0.000
10/30/06 06:40,0.000
10/30/06 06:45,0.000
10/30/06 06:50,0.000
10/30/06 06:55,0.000
10/30/06 07:00,0.000
10/30/06 07:05,0.002
10/30/06 07:10,0.012
10/30/06 07:15,0.032
10/30/06 07:20,0.075
10/30/06 07:25,0.095
10/30/06 07:30,0.111
10/30/06 07:35,0.128
10/30/06 07:40,0.145
10/30/06 07:45,0.162
10/30/06 07:50,0.179
10/30/06 07:55,0.195
10/30/06 08:00,0.209
10/30/06 08:05,0.221
10/30/06 08:10,0.235
10/30/06 08:15,0.249
10/30/06 08:20,0.263
10/30/06 08:25,0.277
10/30/06 08:30,0.291
10/30/06 08:35,0.304
10/30/06 08:40,0.317
10/30/06 08:45,0.330
10/30/06 08:50,0.343
10/30/06 08:55,0.355
10/30/06 09:00,0.368
10/30/06 09:05,0.379
10/30/06 09:10,0.387
10/30/06 09:15,0.393
10/30/06 09:20,0.396
10/30/06 09:25,0.399
10/30/06 09:30,0.402
10/30/06 09:35,0.404
10/30/06 09:40,0.410
10/30/06 09:45,0.415
10/30/06 09:50,0.420
10/30/06 09:55,0.422
10/30/06 10:00,0.425
10/30/06 10:05,0.432
10/30/06 10:10,0.435
10/30/06 10:15,0.429
10/30/06 10:20,0.425
10/30/06 10:25,0.424
10/30/06 10:30,0.425
10/30/06 10:35,0.423
10/30/06 10:40,0.420
10/30/06 10:45,0.417
10/30/06 10:50,0.413
10/30/06 10:55,0.412
10/30/06 11:00,0.423
10/30/06 11:05,0.434
10/30/06 11:10,0.442
10/30/06 11:15,0.449
10/30/06 11:20,0.455
10/30/06 11:25,0.458
10/30/06 11:30,0.462
10/30/06 11:35,0.462
10/30/06 11:40,0.462
10/30/06 11:45,0.460
10/30/06 11:50,0.458
10/30/06 11:55,0.459
10/30/06 12:00,0.461
10/30/06 12:05,0.462
10/30/06 12:10,0.461
10/30/06 12:15,0.460
10/30/06 12:20,0.458
10/30/06 12:25,0.456
10/30/06 12:30,0.455
10/30/06 12:35,0.456
10/30/06 12:40,0.455
10/30/06 12:45,0.453
10/30/06 12:50,0.453
10/30/06 12:55,0.450
10/30/06 13:00,0.441
10/30/06 13:05,0.431
10/30/06 13:10,0.421
10/30/06 13:15,0.411
10/30/06 13:20,0.400
10/30/06 13:25,0.385
10/30/06 13:30,0.372
10/30/06 13:35,0.359
10/30/06 13:40,0.345
10/30/06 13:45,0.330
10/30/06 13:50,0.317
10/30/06 13:55,0.307
10/30/06 14:00,0.304
10/30/06 14:05,0.302
10/30/06 14:10,0.297
10/30/06 14:15,0.292
10/30/06 14:20,0.285
10/30/06 14:25,0.279
10/30/06 14:30,0.274
10/30/06 14:35,0.267
10/30/06 14:40,0.257
10/30/06 14:45,0.249
10/30/06 14:50,0.240
10/30/06 14:55,0.230
10/30/06 15:00,0.217
10/30/06 15:05,0.203
10/30/06 15:10,0.187
10/30/06 15:15,0.171
10/30/06 15:20,0.154
10/30/06 15:25,0.138
10/30/06 15:30,0.122
10/30/06 15:35,0.105
10/30/06 15:40,0.089
10/30/06 15:45,0.059
10/30/06 15:50,0.022
10/30/06 15:55,0.006
10/30/06 16:00,0.001
10/30/06 16:05,0.000
10/30/06 16:10,0.000
10/30/06 16:15,0.000
10/30/06 16:20,0.000
10/30/06 16:25,0.000
10/30/06 16:30,0.000
10/30/06 16:35,0.000
10/30/06 16:40,0.000
10/30/06 16:45,0.000
10/30/06 16:50,0.000
10/30/06 16:55,0.000
10/30/06 17:00,0.000
10/30/06 17:05,0.000
10/30/06 17:10,0.000
10/30/06 17:15,0.000
10/30/06 17:20,0.000
10/30/06 17:25,0.000
10/30/06 17:30,0.000
10/30/06 17:35,0.000
10/30/06 17:40,0.000
10/30/06 17:45,0.000
10/30/06 17:50,0.000
10/30/06 17:55,0.000
10/30/06 18:00,0.000
10/30/06 18:05,0.000
10/30/06 18:10,0.000
10/30/06 18:15,0.000
10/30/06 18:20,0.000
10/30/06 18:25,0.000
10/30/06 18:30,0.000
10/30/06 18:35,0.000
10/30/06 18:40,0.000
10/30/06 18:45,0.000
10/30/06 18:50,0.000
10/30/06 18:55,0.000
10/30/06 19:00,0.000
10/30/06 19:05,0.000
10/30/06 19:10,0.000
10/30/06 19:15,0.000
10/30/06 19:20,0.000
10/30/06 19:25,0.000
10/30/06 19:30,0.000
10/30/06 19:35,0.000
10/30/06 19:40,0.000
10/30/06 19:45,0.000
10/30/06 19:50,0.000
10/30/06 19:55,0.000
10/30/06 20:00,0.000
10/30/06 20:05,0.000
10/30/06 20:10,0.000
10/30/06 20:15,0.000
10/30/06 20:20,0.000
10/30/06 20:25,0.000
10/30/06 20:30,0.000
10/30/06 20:35,0.000
10/30/06 20:40,0.000
10/30/06 20:45,0.000
10/30/06 20:50,0.000
10/30/06 20:55,0.000
10/30/06 21:00,0.000
10/30/06 21:05,0.000
10/30/06 21:10,0.000
10/30/06 21:15,0.000
10/30/06 21:20,0.000
10/30/06 21:25,0.000
10/30/06 21:30,0.000
10/30/06 21:35,0.000
10/30/06 21:40,0.000
10/30/06 21:45,0.000
10/30/06 21:50,0.000
10/30/06 21:55,0.000
10/30/06 22:00,0.000
10/30/06 22:05,0.000
10/30/06 22:10,0.000
10/30/06 22:15,0.000
10/30/06 22:20,0.000
10/30/06 22:25,0.000
10/30/06 22:30,0.000
10/30/06 22:35,0.000
10/30/06 22:40,0.000
10/30/06 22:45,0.000
10/30/06 22:50,0.000
10/30/06 22:55,0.000
10/30/06 23:00,0.000
10/30/06 23:05,0.000
10/30/06 23:10,0.000
10/30/06 23:15,0.000
10/30/06 23:20,0.000
10/30/06 23:25,0.000
10/30/06 23:30,0.000
10/30/06 23:35,0.000
10/30/06 23:40,0.000
10/30/06 23:45,0.000
10/30/06 23:50,0.000
10/30/06 23:55,0.000
10/31/06 00:00,0.000
10/31/06 00:05,0.000
10/31/06 00:10,0.000
10/31/06 00:15,0.000
10/31/06 00:20,0.000
10/31/06 00:25,0.000
10/31/06 00:30,0.000
10/31/06 00:35,0.000
10/31/06 00:40,0.000
10/31/06 00:45,0.000
10/31/06 00:50,0.000
10/31/06 00:55,0.000
10/31/06 01:00,0.000
10/31/06 01:05,0.000
10/31/06 01:10,0.000
10/31/06 01:15,0.000
10/31/06 01:20,0.000
10/31/06 01:25,0.000
10/31/06 01:30,0.000
10/31/06 01:35,0.000
10/31/06 01:40,0.000
10/31/06 01:45,0.000
10/31/06 01:50,0.000
10/31/06 01:55,0.000
10/31/06 02:00,0.000
10/31/06 02:05,0.000
10/31/06 02:10,0.000
10/31/06 02:15,0.000
10/31/06 02:20,0.000
10/31/06 02:25,0.000
10/31/06 02:30,0.000
10/31/06 02:35,0.000
10/31/06 02:40,0.000
10/31/06 02:45,0.000
10/31/06 02:50,0.000
10/31/06 02:55,0.000
10/31/06 03:00,0.000
10/31/06 03:05,0.000
10/31/06 03:10,0.000
10/31/06 03:15,0.000
10/31/06 03:20,0.000
10/31/06 03:25,0.000
10/31/06 03:30,0.000
10/31/06 03:35,0.000
10/31/06 03:40,0.000
10/31/06 03:45,0.000
10/31/06 03:50,0.000
10/31/06 03:55,0.000
10/31/06 04:00,0.000
10/31/06 04:05,0.000
10/31/06 04:10,0.000
10/31/06 04:15,0.000
10/31/06 04:20,0.000
10/31/06 04:25,0.000
10/31/06 04:30,0.000
10/31/06 04:35,0.000
10/31/06 04:40,0.000
10/31/06 04:45,0.000
10/31/06 04:50,0.000
10/31/06 04:55,0.000
10/31/06 05:00,0.000
10/31/06 05:05,0.000
10/31/06 05:10,0.000
10/31/06 05:15,0.000
10/31/06 05:20,0.000
10/31/06 05:25,0.000
10/31/06 05:30,0.000
10/31/06 05:35,0.000
10/31/06 05:40,0.000
10/31/06 05:45,0.000
10/31/06 05:50,0.000
10/31/06 05:55,0.000
10/31/06 06:00,0.000
10/31/06 06:05,0.000
10/31/06 06:10,0.000
10/31/06 06:15,0.000
10/31/06 06:20,0.000
10/31/06 06:25,0.000
10/31/06 06:30,0.000
10/31/06 06:35,0.000
10/31/06 06:40,0.000
10/31/06 06:45,0.000
10/31/06 06:50,0.000
10/31/06 06:55,0.000
10/31/06 07:00,0.000
10/31/06 07:05,0.002
10/31/06 07:10,0.011
10/31/06 07:15,0.030
10/31/06 07:20,0.072
10/31/06 07:25,0.093
10/31/06 07:30,0.108
10/31/06 07:35,0.124
10/31/06 07:40,0.140
10/31/06 07:45,0.157
10/31/06 07:50,0.174
10/31/06 07:55,0.192
10/31/06 08:00,0.208
10/31/06 08:05,0.223
10/31/06 08:10,0.238
10/31/06 08:15,0.251
10/31/06 08:20,0.266
10/31/06 08:25,0.280
10/31/06 08:30,0.294
10/31/06 08:35,0.309
10/31/06 08:40,0.322
10/31/06 08:45,0.335
10/31/06 08:50,0.347
10/31/06 08:55,0.359
10/31/06 09:00,0.368
10/31/06 09:05,0.375
10/31/06 09:10,0.383
10/31/06 09:15,0.391
10/31/06 09:20,0.399
10/31/06 09:25,0.406
10/31/06 09:30,0.414
10/31/06 09:35,0.421
10/31/06 09:40,0.431
10/31/06 09:45,0.437
10/31/06 09:50,0.444
10/31/06 09:55,0.450
10/31/06 10:00,0.456
10/31/06 10:05,0.462
10/31/06 10:10,0.468
10/31/06 10:15,0.472
10/31/06 10:20,0.475
10/31/06 10:25,0.477
10/31/06 10:30,0.487
10/31/06 10:35,0.493
10/31/06 10:40,0.497
10/31/06 10:45,0.502
10/31/06 10:50,0.508
10/31/06 10:55,0.512
10/31/06 11:00,0.515
10/31/06 11:05,0.516
10/31/06 11:10,0.516
10/31/06 11:15,0.515
10/31/06 11:20,0.515
10/31/06 11:25,0.514
10/31/06 11:30,0.514
10/31/06 11:35,0.513
10/31/06 11:40,0.511
10/31/06 11:45,0.508
10/31/06 11:50,0.504
10/31/06 11:55,0.501
10/31/06 12:00,0.497
10/31/06 12:05,0.493
10/31/06 12:10,0.490
10/31/06 12:15,0.487
10/31/06 12:20,0.484
10/31/06 12:25,0.480
10/31/06 12:30,0.476
10/31/06 12:35,0.470
10/31/06 12:40,0.464
10/31/06 12:45,0.459
10/31/06 12:50,0.453
10/31/06 12:55,0.447
10/31/06 13:00,0.440
10/31/06 13:05,0.435
10/31/06 13:10,0.429
10/31/06 13:15,0.423
10/31/06 13:20,0.417
10/31/06 13:25,0.408
10/31/06 13:30,0.401
10/31/06 13:35,0.396
10/31/06 13:40,0.389
10/31/06 13:45,0.380
10/31/06 13:50,0.371
10/31/06 13:55,0.361
10/31/06 14:00,0.351
10/31/06 14:05,0.341
10/31/06 14:10,0.331
10/31/06 14:15,0.321
10/31/06 14:20,0.310
10/31/06 14:25,0.300
10/31/06 14:30,0.288
10/31/06 14:35,0.277
10/31/06 14:40,0.265
10/31/06 14:45,0.253
10/31/06 14:50,0.241
10/31/06 14:55,0.228
10/31/06 15:00,0.213
10/31/06 15:05,0.197
10/31/06 15:10,0.180
10/31/06 15:15,0.164
10/31/06 15:20,0.148
10/31/06 15:25,0.132
10/31/06 15:30,0.116
10/31/06 15:35,0.100
10/31/06 15:40,0.084
10/31/06 15:45,0.046
10/31/06 15:50,0.016
10/31/06 15:55,0.004
10/31/06 16:00,0.000
10/31/06 16:05,0.000
10/31/06 16:10,0.000
10/31/06 16:15,0.000
10/31/06 16:20,0.000
10/31/06 16:25,0.000
10/31/06 16:30,0.000
10/31/06 16:35,0.000
10/31/06 16:40,0.000
10/31/06 16:45,0.000
10/31/06 16:50,0.000
10/31/06 16:55,0.000
10/31/06 17:00,0.000
10/31/06 17:05,0.000
10/31/06 17:10,0.000
10/31/06 17:15,0.000
10/31/06 17:20,0.000
10/31/06 17:25,0.000
10/31/06 17:30,0.000
10/31/06 17:35,0.000
10/31/06 17:40,0.000
10/31/06 17:45,0.000
10/31/06 17:50,0.000
10/31/06 17:55,0.000
10/31/06 18:00,0.000
10/31/06 18:05,0.000
10/31/06 18:10,0.000
10/31/06 18:15,0.000
10/31/06 18:20,0.000
10/31/06 18:25,0.000
10/31/06 18:30,0.000
10/31/06 18:35,0.000
10/31/06 18:40,0.000
10/31/06 18:45,0.000
10/31/06 18:50,0.000
10/31/06 18:55,0.000
10/31/06 19:00,0.000
10/31/06 19:05,0.000
10/31/06 19:10,0.000
10/31/06 19:15,0.000
10/31/06 19:20,0.000
10/31/06 19:25,0.000
10/31/06 19:30,0.000
10/31/06 19:35,0.000
10/31/06 19:40,0.000
10/31/06 19:45,0.000
10/31/06 19:50,0.000
10/31/06 19:55,0.000
10/31/06 20:00,0.000
10/31/06 20:05,0.000
10/31/06 20:10,0.000
10/31/06 20:15,0.000
10/31/06 20:20,0.000
10/31/06 20:25,0.000
10/31/06 20:30,0.000
10/31/06 20:35,0.000
10/31/06 20:40,0.000
10/31/06 20:45,0.000
10/31/06 20:50,0.000
10/31/06 20:55,0.000
10/31/06 21:00,0.000
10/31/06 21:05,0.000
10/31/06 21:10,0.000
10/31/06 21:15,0.000
10/31/06 21:20,0.000
10/31/06 21:25,0.000
10/31/06 21:30,0.000
10/31/06 21:35,0.000
10/31/06 21:40,0.000
10/31/06 21:45,0.000
10/31/06 21:50,0.000
10/31/06 21:55,0.000
10/31/06 22:00,0.000
10/31/06 22:05,0.000
10/31/06 22:10,0.000
10/31/06 22:15,0.000
10/31/06 22:20,0.000
10/31/06 22:25,0.000
10/31/06 22:30,0.000
10/31/06 22:35,0.000
10/31/06 22:40,0.000
10/31/06 22:45,0.000
10/31/06 22:50,0.000
10/31/06 22:55,0.000
10/31/06 23:00,0.000
10/31/06 23:05,0.000
10/31/06 23:10,0.000
10/31/06 23:15,0.000
10/31/06 23:20,0.000
10/31/06 23:25,0.000
10/31/06 23:30,0.000
10/31/06 23:35,0.000
10/31/06 23:40,0.000
10/31/06 23:45,0.000
10/31/06 23:50,0.000
10/31/06 23:55,0.000
11/01/06 00:00,0.000
11/01/06 00:05,0.000
11/01/06 00:10,0.000
11/01/06 00:15,0.000
11/01/06 00:20,0.000
11/01/06 00:25,0.000
11/01/06 00:30,0.000
11/01/06 00:35,0.000
11/01/06 00:40,0.000
11/01/06 00:45,0.000
11/01/06 00:50,0.000
11/01/06 00:55,0.000
11/01/06 01:00,0.000
11/01/06 01:05,0.000
11/01/06 01:10,0.000
11/01/06 01:15,0.000
11/01/06 01:20,0.000
11/01/06 01:25,0.000
11/01/06 01:30,0.000
11/01/06 01:35,0.000
11/01/06 01:40,0.000
11/01/06 01:45,0.000
11/01/06 01:50,0.000
11/01/06 01:55,0.000
11/01/06 02:00,0.000
11/01/06 02:05,0.000
11/01/06 02:10,0.000
11/01/06 02:15,0.000
11/01/06 02:20,0.000
11/01/06 02:25,0.000
11/01/06 02:30,0.000
11/01/06 02:35,0.000
11/01/06 02:40,0.000
11/01/06 02:45,0.000
11/01/06 02:50,0.000
11/01/06 02:55,0.000
11/01/06 03:00,0.000
11/01/06 03:05,0.000
11/01/06 03:10,0.000
11/01/06 03:15,0.000
11/01/06 03:20,0.000
11/01/06 03:25,0.000
11/01/06 03:30,0.000
11/01/06 03:35,0.000
11/01/06 03:40,0.000
11/01/06 03:45,0.000
11/01/06 03:50,0.000
11/01/06 03:55,0.000
11/01/06 04:00,0.000
11/01/06 04:05,0.000
11/01/06 04:10,0.000
11/01/06 04:15,0.000
11/01/06 04:20,0.000
11/01/06 04:25,0.000
11/01/06 04:30,0.000
11/01/06 04:35,0.000
11/01/06 04:40,0.000
11/01/06 04:45,0.000
11/01/06 04:50,0.000
11/01/06 04:55,0.000
11/01/06 05:00,0.000
11/01/06 05:05,0.000
11/01/06 05:10,0.000
11/01/06 05:15,0.000
11/01/06 05:20,0.000
11/01/06 05:25,0.000
11/01/06 05:30,0.000
11/01/06 05:35,0.000
11/01/06 05:40,0.000
11/01/06 05:45,0.000
11/01/06 05:50,0.000
11/01/06 05:55,0.000
11/01/06 06:00,0.000
11/01/06 06:05,0.000
11/01/06 06:10,0.000
11/01/06 06:15,0.000
11/01/06 06:20,0.000
11/01/06 06:25,0.000
11/01/06 06:30,0.000
11/01/06 06:35,0.000
11/01/06 06:40,0.000
11/01/06 06:45,0.000
11/01/06 06:50,0.000
11/01/06 06:55,0.000
11/01/06 07:00,0.000
11/01/06 07:05,0.001
11/01/06 07:10,0.008
11/01/06 07:15,0.023
11/01/06 07:20,0.061
11/01/06 07:25,0.090
11/01/06 07:30,0.107
11/01/06 07:35,0.124
11/01/06 07:40,0.141
11/01/06 07:45,0.159
11/01/06 07:50,0.177
11/01/06 07:55,0.195
11/01/06 08:00,0.211
11/01/06 08:05,0.227
11/01/06 08:10,0.243
11/01/06 08:15,0.258
11/01/06 08:20,0.274
11/01/06 08:25,0.289
11/01/06 08:30,0.305
11/01/06 08:35,0.317
11/01/06 08:40,0.332
11/01/06 08:45,0.347
11/01/06 08:50,0.362
11/01/06 08:55,0.376
11/01/06 09:00,0.381
11/01/06 09:05,0.384
11/01/06 09:10,0.388
11/01/06 09:15,0.394
11/01/06 09:20,0.399
11/01/06 09:25,0.404
11/01/06 09:30,0.410
11/01/06 09:35,0.416
11/01/06 09:40,0.424
11/01/06 09:45,0.430
11/01/06 09:50,0.435
11/01/06 09:55,0.437
11/01/06 10:00,0.438
11/01/06 10:05,0.438
11/01/06 10:10,0.439
11/01/06 10:15,0.441
11/01/06 10:20,0.441
11/01/06 10:25,0.442
11/01/06 10:30,0.440
11/01/06 10:35,0.442
11/01/06 10:40,0.445
11/01/06 10:45,0.447
11/01/06 10:50,0.450
11/01/06 10:55,0.454
11/01/06 11:00,0.454
11/01/06 11:05,0.453
11/01/06 11:10,0.453
11/01/06 11:15,0.450
11/01/06 11:20,0.445
11/01/06 11:25,0.439
11/01/06 11:30,0.433
11/01/06 11:35,0.426
11/01/06 11:40,0.420
11/01/06 11:45,0.417
11/01/06 11:50,0.416
11/01/06 11:55,0.415
11/01/06 12:00,0.417
11/01/06 12:05,0.416
11/01/06 12:10,0.416
11/01/06 12:15,0.413
11/01/06 12:20,0.407
11/01/06 12:25,0.402
11/01/06 12:30,0.395
11/01/06 12:35,0.388
11/01/06 12:40,0.385
11/01/06 12:45,0.383
11/01/06 12:50,0.381
11/01/06 12:55,0.378
11/01/06 13:00,0.378
11/01/06 13:05,0.378
11/01/06 13:10,0.376
11/01/06 13:15,0.367
11/01/06 13:20,0.354
11/01/06 13:25,0.345
11/01/06 13:30,0.336
11/01/06 13:35,0.327
11/01/06 13:40,0.316
11/01/06 13:45,0.311
11/01/06 13:50,0.315
11/01/06 13:55,0.320
11/01/06 14:00,0.309
11/01/06 14:05,0.302
11/01/06 14:10,0.279
11/01/06 14:15,0.248
11/01/06 14:20,0.233
11/01/06 14:25,0.235
11/01/06 14:30,0.256
11/01/06 14:35,0.259
11/01/06 14:40,0.239
11/01/06 14:45,0.216
11/01/06 14:50,0.202
11/01/06 14:55,0.194
11/01/06 15:00,0.176
11/01/06 15:05,0.159
11/01/06 15:10,0.146
11/01/06 15:15,0.133
11/01/06 15:20,0.119
11/01/06 15:25,0.107
11/01/06 15:30,0.095
11/01/06 15:35,0.083
11/01/06 15:40,0.050
11/01/06 15:45,0.021
11/01/06 15:50,0.008
11/01/06 15:55,0.001
11/01/06 16:00,0.000
11/01/06 16:05,0.000
11/01/06 16:10,0.000
11/01/06 16:15,0.000
11/01/06 16:20,0.000
11/01/06 16:25,0.000
11/01/06 16:30,0.000
11/01/06 16:35,0.000
11/01/06 16:40,0.000
11/01/06 16:45,0.000
11/01/06 16:50,0.000
11/01/06 16:55,0.000
11/01/06 17:00,0.000
11/01/06 17:05,0.000
11/01/06 17:10,0.000
11/01/06 17:15,0.000
11/01/06 17:20,0.000
11/01/06 17:25,0.000
11/01/06 17:30,0.000
11/01/06 17:35,0.000
11/01/06 17:40,0.000
11/01/06 17:45,0.000
11/01/06 17:50,0.000
11/01/06 17:55,0.000
11/01/06 18:00,0.000
11/01/06 18:05,0.000
11/01/06 18:10,0.000
11/01/06 18:15,0.000
11/01/06 18:20,0.000
11/01/06 18:25,0.000
11/01/06 18:30,0.000
11/01/06 18:35,0.000
11/01/06 18:40,0.000
11/01/06 18:45,0.000
11/01/06 18:50,0.000
11/01/06 18:55,0.000
11/01/06 19:00,0.000
11/01/06 19:05,0.000
11/01/06 19:10,0.000
11/01/06 19:15,0.000
11/01/06 19:20,0.000
11/01/06 19:25,0.000
11/01/06 19:30,0.000
11/01/06 19:35,0.000
11/01/06 19:40,0.000
11/01/06 19:45,0.000
11/01/06 19:50,0.000
11/01/06 19:55,0.000
11/01/06 20:00,0.000
11/01/06 20:05,0.000
11/01/06 20:10,0.000
11/01/06 20:15,0.000
11/01/06 20:20,0.000
11/01/06 20:25,0.000
11/01/06 20:30,0.000
11/01/06 20:35,0.000
11/01/06 20:40,0.000
11/01/06 20:45,0.000
11/01/06 20:50,0.000
11/01/06 20:55,0.000
11/01/06 21:00,0.000
11/01/06 21:05,0.000
11/01/06 21:10,0.000
11/01/06 21:15,0.000
11/01/06 21:20,0.000
11/01/06 21:25,0.000
11/01/06 21:30,0.000
11/01/06 21:35,0.000
11/01/06 21:40,0.000
11/01/06 21:45,0.000
11/01/06 21:50,0.000
11/01/06 21:55,0.000
11/01/06 22:00,0.000
11/01/06 22:05,0.000
11/01/06 22:10,0.000
11/01/06 22:15,0.000
11/01/06 22:20,0.000
11/01/06 22:25,0.000
11/01/06 22:30,0.000
11/01/06 22:35,0.000
11/01/06 22:40,0.000
11/01/06 22:45,0.000
11/01/06 22:50,0.000
11/01/06 22:55,0.000
11/01/06 23:00,0.000
11/01/06 23:05,0.000
11/01/06 23:10,0.000
11/01/06 23:15,0.000
11/01/06 23:20,0.000
11/01/06 23:25,0.000
11/01/06 23:30,0.000
11/01/06 23:35,0.000
11/01/06 23:40,0.000
11/01/06 23:45,0.000
11/01/06 23:50,0.000
11/01/06 23:55,0.000
11/02/06 00:00,0.000
11/02/06 00:05,0.000
11/02/06 00:10,0.000
11/02/06 00:15,0.000
11/02/06 00:20,0.000
11/02/06 00:25,0.000
11/02/06 00:30,0.000
11/02/06 00:35,0.000
11/02/06 00:40,0.000
11/02/06 00:45,0.000
11/02/06 00:50,0.000
11/02/06 00:55,0.000
11/02/06 01:00,0.000
11/02/06 01:05,0.000
11/02/06 01:10,0.000
11/02/06 01:15,0.000
11/02/06 01:20,0.000
11/02/06 01:25,0.000
11/02/06 01:30,0.000
11/02/06 01:35,0.000
11/02/06 01:40,0.000
11/02/06 01:45,0.000
11/02/06 01:50,0.000
11/02/06 01:55,0.000
11/02/06 02:00,0.000
11/02/06 02:05,0.000
11/02/06 02:10,0.000
11/02/06 02:15,0.000
11/02/06 02:20,0.000
11/02/06 02:25,0.000
11/02/06 02:30,0.000
11/02/06 02:35,0.000
11/02/06 02:40,0.000
11/02/06 02:45,0.000
11/02/06 02:50,0.000
11/02/06 02:55,0.000
11/02/06 03:00,0.000
11/02/06 03:05,0.000
11/02/06 03:10,0.000
11/02/06 03:15,0.000
11/02/06 03:20,0.000
11/02/06 03:25,0.000
11/02/06 03:30,0.000
11/02/06 03:35,0.000
11/02/06 03:40,0.000
11/02/06 03:45,0.000
11/02/06 03:50,0.000
11/02/06 03:55,0.000
11/02/06 04:00,0.000
11/02/06 04:05,0.000
11/02/06 04:10,0.000
11/02/06 04:15,0.000
11/02/06 04:20,0.000
11/02/06 04:25,0.000
11/02/06 04:30,0.000
11/02/06 04:35,0.000
11/02/06 04:40,0.000
11/02/06 04:45,0.000
11/02/06 04:50,0.000
11/02/06 04:55,0.000
11/02/06 05:00,0.000
11/02/06 05:05,0.000
11/02/06 05:10,0.000
11/02/06 05:15,0.000
11/02/06 05:20,0.000
11/02/06 05:25,0.000
11/02/06 05:30,0.000
11/02/06 05:35,0.000
11/02/06 05:40,0.000
11/02/06 05:45,0.000
11/02/06 05:50,0.000
11/02/06 05:55,0.000
11/02/06 06:00,0.000
11/02/06 06:05,0.000
11/02/06 06:10,0.000
11/02/06 06:15,0.000
11/02/06 06:20,0.000
11/02/06 06:25,0.000
11/02/06 06:30,0.000
11/02/06 06:35,0.000
11/02/06 06:40,0.000
11/02/06 06:45,0.000
11/02/06 06:50,0.000
11/02/06 06:55,0.000
11/02/06 07:00,0.000
11/02/06 07:05,0.000
11/02/06 07:10,0.000
11/02/06 07:15,0.000
11/02/06 07:20,0.001
11/02/06 07:25,0.005
11/02/06 07:30,0.024
11/02/06 07:35,0.049
11/02/06 07:40,0.068
11/02/06 07:45,0.077
11/02/06 07:50,0.092
11/02/06 07:55,0.087
11/02/06 08:00,0.095
11/02/06 08:05,0.125
11/02/06 08:10,0.149
11/02/06 08:15,0.177
11/02/06 08:20,0.196
11/02/06 08:25,0.214
11/02/06 08:30,0.232
11/02/06 08:35,0.249
11/02/06 08:40,0.264
11/02/06 08:45,0.278
11/02/06 08:50,0.289
11/02/06 08:55,0.297
11/02/06 09:00,0.275
11/02/06 09:05,0.252
11/02/06 09:10,0.231
11/02/06 09:15,0.219
11/02/06 09:20,0.203
11/02/06 09:25,0.188
11/02/06 09:30,0.177
11/02/06 09:35,0.167
11/02/06 09:40,0.167
11/02/06 09:45,0.162
11/02/06 09:50,0.176
11/02/06 09:55,0.185
11/02/06 10:00,0.182
11/02/06 10:05,0.176
11/02/06 10:10,0.168
11/02/06 10:15,0.166
11/02/06 10:20,0.168
11/02/06 10:25,0.169
11/02/06 10:30,0.168
11/02/06 10:35,0.178
11/02/06 10:40,0.183
11/02/06 10:45,0.185
11/02/06 10:50,0.186
11/02/06 10:55,0.205
11/02/06 11:00,0.235
11/02/06 11:05,0.251
11/02/06 11:10,0.255
11/02/06 11:15,0.253
11/02/06 11:20,0.245
11/02/06 11:25,0.234
11/02/06 11:30,0.220
11/02/06 11:35,0.205
11/02/06 11:40,0.178
11/02/06 11:45,0.157
11/02/06 11:50,0.137
11/02/06 11:55,0.111
11/02/06 12:00,0.096
11/02/06 12:05,0.091
11/02/06 12:10,0.084
11/02/06 12:15,0.057
11/02/06 12:20,0.064
11/02/06 12:25,0.093
11/02/06 12:30,0.101
11/02/06 12:35,0.108
11/02/06 12:40,0.106
11/02/06 12:45,0.091
11/02/06 12:50,0.083
11/02/06 12:55,0.060
11/02/06 13:00,0.031
11/02/06 13:05,0.023
11/02/06 13:10,0.020
11/02/06 13:15,0.015
11/02/06 13:20,0.009
11/02/06 13:25,0.009
11/02/06 13:30,0.009
11/02/06 13:35,0.009
11/02/06 13:40,0.009
11/02/06 13:45,0.009
11/02/06 13:50,0.009
11/02/06 13:55,0.008
11/02/06 14:00,0.005
11/02/06 14:05,0.003
11/02/06 14:10,0.002
11/02/06 14:15,0.002
11/02/06 14:20,0.001
11/02/06 14:25,0.001
11/02/06 14:30,0.001
11/02/06 14:35,0.001
11/02/06 14:40,0.000
11/02/06 14:45,0.000
11/02/06 14:50,0.000
11/02/06 14:55,0.000
11/02/06 15:00,0.000
11/02/06 15:05,0.000
11/02/06 15:10,0.000
11/02/06 15:15,0.000
11/02/06 15:20,0.000
11/02/06 15:25,0.000
11/02/06 15:30,0.000
11/02/06 15:35,0.000
11/02/06 15:40,0.000
11/02/06 15:45,0.000
11/02/06 15:50,0.000
11/02/06 15:55,0.000
11/02/06 16:00,0.000
11/02/06 16:05,0.000
11/02/06 16:10,0.000
11/02/06 16:15,0.000
11/02/06 16:20,0.000
11/02/06 16:25,0.000
11/02/06 16:30,0.000
11/02/06 16:35,0.000
11/02/06 16:40,0.000
11/02/06 16:45,0.000
11/02/06 16:50,0.000
11/02/06 16:55,0.000
11/02/06 17:00,0.000
11/02/06 17:05,0.000
11/02/06 17:10,0.000
11/02/06 17:15,0.000
11/02/06 17:20,0.000
11/02/06 17:25,0.000
11/02/06 17:30,0.000
11/02/06 17:35,0.000
11/02/06 17:40,0.000
11/02/06 17:45,0.000
11/02/06 17:50,0.000
11/02/06 17:55,0.000
11/02/06 18:00,0.000
11/02/06 18:05,0.000
11/02/06 18:10,0.000
11/02/06 18:15,0.000
11/02/06 18:20,0.000
11/02/06 18:25,0.000
11/02/06 18:30,0.000
11/02/06 18:35,0.000
11/02/06 18:40,0.000
11/02/06 18:45,0.000
11/02/06 18:50,0.000
11/02/06 18:55,0.000
11/02/06 19:00,0.000
11/02/06 19:05,0.000
11/02/06 19:10,0.000
11/02/06 19:15,0.000
11/02/06 19:20,0.000
11/02/06 19:25,0.000
11/02/06 19:30,0.000
11/02/06 19:35,0.000
11/02/06 19:40,0.000
11/02/06 19:45,0.000
11/02/06 19:50,0.000
11/02/06 19:55,0.000
11/02/06 20:00,0.000
11/02/06 20:05,0.000
11/02/06 20:10,0.000
11/02/06 20:15,0.000
11/02/06 20:20,0.000
11/02/06 20:25,0.000
11/02/06 20:30,0.000
11/02/06 20:35,0.000
11/02/06 20:40,0.000
11/02/06 20:45,0.000
11/02/06 20:50,0.000
11/02/06 20:55,0.000
11/02/06 21:00,0.000
11/02/06 21:05,0.000
11/02/06 21:10,0.000
11/02/06 21:15,0.000
11/02/06 21:20,0.000
11/02/06 21:25,0.000
11/02/06 21:30,0.000
11/02/06 21:35,0.000
11/02/06 21:40,0.000
11/02/06 21:45,0.000
11/02/06 21:50,0.000
11/02/06 21:55,0.000
11/02/06 22:00,0.000
11/02/06 22:05,0.000
11/02/06 22:10,0.000
11/02/06 22:15,0.000
11/02/06 22:20,0.000
11/02/06 22:25,0.000
11/02/06 22:30,0.000
11/02/06 22:35,0.000
11/02/06 22:40,0.000
11/02/06 22:45,0.000
11/02/06 22:50,0.000
11/02/06 22:55,0.000
11/02/06 23:00,0.000
11/02/06 23:05,0.000
11/02/06 23:10,0.000
11/02/06 23:15,0.000
11/02/06 23:20,0.000
11/02/06 23:25,0.000
11/02/06 23:30,0.000
11/02/06 23:35,0.000
11/02/06 23:40,0.000
11/02/06 23:45,0.000
11/02/06 23:50,0.000
11/02/06 23:55,0.000
11/03/06 00:00,0.000
11/03/06 00:05,0.000
11/03/06 00:10,0.000
11/03/06 00:15,0.000
11/03/06 00:20,0.000
11/03/06 00:25,0.000
11/03/06 00:30,0.000
11/03/06 00:35,0.000
11/03/06 00:40,0.000
11/03/06 00:45,0.000
11/03/06 00:50,0.000
11/03/06 00:55,0.000
11/03/06 01:00,0.000
11/03/06 01:05,0.000
11/03/06 01:10,0.000
11/03/06 01:15,0.000
11/03/06 01:20,0.000
11/03/06 01:25,0.000
11/03/06 01:30,0.000
11/03/06 01:35,0.000
11/03/06 01:40,0.000
11/03/06 01:45,0.000
11/03/06 01:50,0.000
11/03/06 01:55,0.000
11/03/06 02:00,0.000
11/03/06 02:05,0.000
11/03/06 02:10,0.000
11/03/06 02:15,0.000
11/03/06 02:20,0.000
11/03/06 02:25,0.000
11/03/06 02:30,0.000
11/03/06 02:35,0.000
11/03/06 02:40,0.000
11/03/06 02:45,0.000
11/03/06 02:50,0.000
11/03/06 02:55,0.000
11/03/06 03:00,0.000
11/03/06 03:05,0.000
11/03/06 03:10,0.000
11/03/06 03:15,0.000
11/03/06 03:20,0.000
11/03/06 03:25,0.000
11/03/06 03:30,0.000
11/03/06 03:35,0.000
11/03/06 03:40,0.000
11/03/06 03:45,0.000
11/03/06 03:50,0.000
11/03/06 03:55,0.000
11/03/06 04:00,0.000
11/03/06 04:05,0.000
11/03/06 04:10,0.000
11/03/06 04:15,0.000
11/03/06 04:20,0.000
11/03/06 04:25,0.000
11/03/06 04:30,0.000
11/03/06 04:35,0.000
11/03/06 04:40,0.000
11/03/06 04:45,0.000
11/03/06 04:50,0.000
11/03/06 04:55,0.000
11/03/06 05:00,0.000
11/03/06 05:05,0.000
11/03/06 05:10,0.000
11/03/06 05:15,0.000
11/03/06 05:20,0.000
11/03/06 05:25,0.000
11/03/06 05:30,0.000
11/03/06 05:35,0.000
11/03/06 05:40,0.000
11/03/06 05:45,0.000
11/03/06 05:50,0.000
11/03/06 05:55,0.000
11/03/06 06:00,0.000
11/03/06 06:05,0.000
11/03/06 06:10,0.000
11/03/06 06:15,0.000
11/03/06 06:20,0.000
11/03/06 06:25,0.000
11/03/06 06:30,0.000
11/03/06 06:35,0.000
11/03/06 06:40,0.000
11/03/06 06:45,0.000
11/03/06 06:50,0.000
11/03/06 06:55,0.000
11/03/06 07:00,0.000
11/03/06 07:05,0.000
11/03/06 07:10,0.000
11/03/06 07:15,0.000
11/03/06 07:20,0.001
11/03/06 07:25,0.001
11/03/06 07:30,0.003
11/03/06 07:35,0.010
11/03/06 07:40,0.015
11/03/06 07:45,0.020
11/03/06 07:50,0.026
11/03/06 07:55,0.039
11/03/06 08:00,0.044
11/03/06 08:05,0.046
11/03/06 08:10,0.047
11/03/06 08:15,0.049
11/03/06 08:20,0.052
11/03/06 08:25,0.044
11/03/06 08:30,0.050
11/03/06 08:35,0.054
11/03/06 08:40,0.056
11/03/06 08:45,0.055
11/03/06 08:50,0.053
11/03/06 08:55,0.053
11/03/06 09:00,0.033
11/03/06 09:05,0.025
11/03/06 09:10,0.020
11/03/06 09:15,0.019
11/03/06 09:20,0.014
11/03/06 09:25,0.015
11/03/06 09:30,0.017
11/03/06 09:35,0.019
11/03/06 09:40,0.017
11/03/06 09:45,0.015
11/03/06 09:50,0.014
11/03/06 09:55,0.010
11/03/06 10:00,0.009
11/03/06 10:05,0.009
11/03/06 10:10,0.010
11/03/06 10:15,0.018
11/03/06 10:20,0.021
11/03/06 10:25,0.015
11/03/06 10:30,0.070
11/03/06 10:35,0.123
11/03/06 10:40,0.161
11/03/06 10:45,0.156
11/03/06 10:50,0.115
11/03/06 10:55,0.088
11/03/06 11:00,0.059
11/03/06 11:05,0.035
11/03/06 11:10,0.018
11/03/06 11:15,0.010
11/03/06 11:20,0.004
11/03/06 11:25,0.001
11/03/06 11:30,0.000
11/03/06 11:35,0.000
11/03/06 11:40,0.000
11/03/06 11:45,0.000
11/03/06 11:50,0.001
11/03/06 11:55,0.001
11/03/06 12:00,0.003
11/03/06 12:05,0.005
11/03/06 12:10,0.007
11/03/06 12:15,0.010
11/03/06 12:20,0.013
11/03/06 12:25,0.015
11/03/06 12:30,0.017
11/03/06 12:35,0.017
11/03/06 12:40,0.016
11/03/06 12:45,0.015
11/03/06 12:50,0.016
11/03/06 12:55,0.014
11/03/06 13:00,0.010
11/03/06 13:05,0.008
11/03/06 13:10,0.006
11/03/06 13:15,0.006
11/03/06 13:20,0.007
11/03/06 13:25,0.007
11/03/06 13:30,0.007
11/03/06 13:35,0.007
11/03/06 13:40,0.008
11/03/06 13:45,0.011
11/03/06 13:50,0.023
11/03/06 13:55,0.045
11/03/06 14:00,0.050
11/03/06 14:05,0.037
11/03/06 14:10,0.023
11/03/06 14:15,0.015
11/03/06 14:20,0.006
11/03/06 14:25,0.003
11/03/06 14:30,0.002
11/03/06 14:35,0.002
11/03/06 14:40,0.001
11/03/06 14:45,0.001
11/03/06 14:50,0.001
11/03/06 14:55,0.001
11/03/06 15:00,0.000
11/03/06 15:05,0.001
11/03/06 15:10,0.001
11/03/06 15:15,0.001
11/03/06 15:20,0.000
11/03/06 15:25,0.000
11/03/06 15:30,0.000
11/03/06 15:35,0.000
11/03/06 15:40,0.000
11/03/06 15:45,0.000
11/03/06 15:50,0.000
11/03/06 15:55,0.000
11/03/06 16:00,0.000
11/03/06 16:05,0.000
11/03/06 16:10,0.000
11/03/06 16:15,0.000
11/03/06 16:20,0.000
11/03/06 16:25,0.000
11/03/06 16:30,0.000
11/03/06 16:35,0.000
11/03/06 16:40,0.000
11/03/06 16:45,0.000
11/03/06 16:50,0.000
11/03/06 16:55,0.000
11/03/06 17:00,0.000
11/03/06 17:05,0.000
11/03/06 17:10,0.000
11/03/06 17:15,0.000
11/03/06 17:20,0.000
11/03/06 17:25,0.000
11/03/06 17:30,0.000
11/03/06 17:35,0.000
11/03/06 17:40,0.000
11/03/06 17:45,0.000
11/03/06 17:50,0.000
11/03/06 17:55,0.000
11/03/06 18:00,0.000
11/03/06 18:05,0.000
11/03/06 18:10,0.000
11/03/06 18:15,0.000
11/03/06 18:20,0.000
11/03/06 18:25,0.000
11/03/06 18:30,0.000
11/03/06 18:35,0.000
11/03/06 18:40,0.000
11/03/06 18:45,0.000
11/03/06 18:50,0.000
11/03/06 18:55,0.000
11/03/06 19:00,0.000
11/03/06 19:05,0.000
11/03/06 19:10,0.000
11/03/06 19:15,0.000
11/03/06 19:20,0.000
11/03/06 19:25,0.000
11/03/06 19:30,0.000
11/03/06 19:35,0.000
11/03/06 19:40,0.000
11/03/06 19:45,0.000
11/03/06 19:50,0.000
11/03/06 19:55,0.000
11/03/06 20:00,0.000
11/03/06 20:05,0.000
11/03/06 20:10,0.000
11/03/06 20:15,0.000
11/03/06 20:20,0.000
11/03/06 20:25,0.000
11/03/06 20:30,0.000
11/03/06 20:35,0.000
11/03/06 20:40,0.000
11/03/06 20:45,0.000
11/03/06 20:50,0.000
11/03/06 20:55,0.000
11/03/06 21:00,0.000
11/03/06 21:05,0.000
11/03/06 21:10,0.000
11/03/06 21:15,0.000
11/03/06 21:20,0.000
11/03/06 21:25,0.000
11/03/06 21:30,0.000
11/03/06 21:35,0.000
11/03/06 21:40,0.000
11/03/06 21:45,0.000
11/03/06 21:50,0.000
11/03/06 21:55,0.000
11/03/06 22:00,0.000
11/03/06 22:05,0.000
11/03/06 22:10,0.000
11/03/06 22:15,0.000
11/03/06 22:20,0.000
11/03/06 22:25,0.000
11/03/06 22:30,0.000
11/03/06 22:35,0.000
11/03/06 22:40,0.000
11/03/06 22:45,0.000
11/03/06 22:50,0.000
11/03/06 22:55,0.000
11/03/06 23:00,0.000
11/03/06 23:05,0.000
11/03/06 23:10,0.000
11/03/06 23:15,0.000
11/03/06 23:20,0.000
11/03/06 23:25,0.000
11/03/06 23:30,0.000
11/03/06 23:35,0.000
11/03/06 23:40,0.000
11/03/06 23:45,0.000
11/03/06 23:50,0.000
11/03/06 23:55,0.000
11/04/06 00:00,0.000
11/04/06 00:05,0.000
11/04/06 00:10,0.000
11/04/06 00:15,0.000
11/04/06 00:20,0.000
11/04/06 00:25,0.000
11/04/06 00:30,0.000
11/04/06 00:35,0.000
11/04/06 00:40,0.000
11/04/06 00:45,0.000
11/04/06 00:50,0.000
11/04/06 00:55,0.000
11/04/06 01:00,0.000
11/04/06 01:05,0.000
11/04/06 01:10,0.000
11/04/06 01:15,0.000
11/04/06 01:20,0.000
11/04/06 01:25,0.000
11/04/06 01:30,0.000
11/04/06 01:35,0.000
11/04/06 01:40,0.000
11/04/06 01:45,0.000
11/04/06 01:50,0.000
11/04/06 01:55,0.000
11/04/06 02:00,0.000
11/04/06 02:05,0.000
11/04/06 02:10,0.000
11/04/06 02:15,0.000
11/04/06 02:20,0.000
11/04/06 02:25,0.000
11/04/06 02:30,0.000
11/04/06 02:35,0.000
11/04/06 02:40,0.000
11/04/06 02:45,0.000
11/04/06 02:50,0.000
11/04/06 02:55,0.000
11/04/06 03:00,0.000
11/04/06 03:05,0.000
11/04/06 03:10,0.000
11/04/06 03:15,0.000
11/04/06 03:20,0.000
11/04/06 03:25,0.000
11/04/06 03:30,0.000
11/04/06 03:35,0.000
11/04/06 03:40,0.000
11/04/06 03:45,0.000
11/04/06 03:50,0.000
11/04/06 03:55,0.000
11/04/06 04:00,0.000
11/04/06 04:05,0.000
11/04/06 04:10,0.000
11/04/06 04:15,0.000
11/04/06 04:20,0.000
11/04/06 04:25,0.000
11/04/06 04:30,0.000
11/04/06 04:35,0.000
11/04/06 04:40,0.000
11/04/06 04:45,0.000
11/04/06 04:50,0.000
11/04/06 04:55,0.000
11/04/06 05:00,0.000
11/04/06 05:05,0.000
11/04/06 05:10,0.000
11/04/06 05:15,0.000
11/04/06 05:20,0.000
11/04/06 05:25,0.000
11/04/06 05:30,0.000
11/04/06 05:35,0.000
11/04/06 05:40,0.000
11/04/06 05:45,0.000
11/04/06 05:50,0.000
11/04/06 05:55,0.000
11/04/06 06:00,0.000
11/04/06 06:05,0.000
11/04/06 06:10,0.000
11/04/06 06:15,0.000
11/04/06 06:20,0.000
11/04/06 06:25,0.000
11/04/06 06:30,0.000
11/04/06 06:35,0.000
11/04/06 06:40,0.000
11/04/06 06:45,0.000
11/04/06 06:50,0.000
11/04/06 06:55,0.000
11/04/06 07:00,0.000
11/04/06 07:05,0.000
11/04/06 07:10,0.000
11/04/06 07:15,0.000
11/04/06 07:20,0.000
11/04/06 07:25,0.000
11/04/06 07:30,0.000
11/04/06 07:35,0.000
11/04/06 07:40,0.000
11/04/06 07:45,0.000
11/04/06 07:50,0.000
11/04/06 07:55,0.000
11/04/06 08:00,0.001
11/04/06 08:05,0.002
11/04/06 08:10,0.004
11/04/06 08:15,0.008
11/04/06 08:20,0.019
11/04/06 08:25,0.042
11/04/06 08:30,0.078
11/04/06 08:35,0.085
11/04/06 08:40,0.092
11/04/06 08:45,0.108
11/04/06 08:50,0.117
11/04/06 08:55,0.126
11/04/06 09:00,0.142
11/04/06 09:05,0.148
11/04/06 09:10,0.144
11/04/06 09:15,0.129
11/04/06 09:20,0.112
11/04/06 09:25,0.099
11/04/06 09:30,0.082
11/04/06 09:35,0.061
11/04/06 09:40,0.045
11/04/06 09:45,0.037
11/04/06 09:50,0.030
11/04/06 09:55,0.022
11/04/06 10:00,0.021
11/04/06 10:05,0.025
11/04/06 10:10,0.037
11/04/06 10:15,0.052
11/04/06 10:20,0.061
11/04/06 10:25,0.079
11/04/06 10:30,0.100
11/04/06 10:35,0.123
11/04/06 10:40,0.137
11/04/06 10:45,0.145
11/04/06 10:50,0.153
11/04/06 10:55,0.168
11/04/06 11:00,0.193
11/04/06 11:05,0.205
11/04/06 11:10,0.215
11/04/06 11:15,0.231
11/04/06 11:20,0.253
11/04/06 11:25,0.310
11/04/06 11:30,0.376
11/04/06 11:35,0.417
11/04/06 11:40,0.362
11/04/06 11:45,0.283
11/04/06 11:50,0.264
11/04/06 11:55,0.223
11/04/06 12:00,0.163
11/04/06 12:05,0.124
11/04/06 12:10,0.093
11/04/06 12:15,0.059
11/04/06 12:20,0.033
11/04/06 12:25,0.027
11/04/06 12:30,0.021
11/04/06 12:35,0.047
11/04/06 12:40,0.039
11/04/06 12:45,0.021
11/04/06 12:50,0.014
11/04/06 12:55,0.015
11/04/06 13:00,0.011
11/04/06 13:05,0.009
11/04/06 13:10,0.008
11/04/06 13:15,0.008
11/04/06 13:20,0.008
11/04/06 13:25,0.014
11/04/06 13:30,0.037
11/04/06 13:35,0.044
11/04/06 13:40,0.052
11/04/06 13:45,0.032
11/04/06 13:50,0.022
11/04/06 13:55,0.018
11/04/06 14:00,0.026
11/04/06 14:05,0.032
11/04/06 14:10,0.035
11/04/06 14:15,0.046
11/04/06 14:20,0.051
11/04/06 14:25,0.069
11/04/06 14:30,0.083
11/04/06 14:35,0.085
11/04/06 14:40,0.085
11/04/06 14:45,0.083
11/04/06 14:50,0.080
11/04/06 14:55,0.065
11/04/06 15:00,0.024
11/04/06 15:05,0.005
11/04/06 15:10,0.001
11/04/06 15:15,0.000
11/04/06 15:20,0.000
11/04/06 15:25,0.000
11/04/06 15:30,0.000
11/04/06 15:35,0.000
11/04/06 15:40,0.000
11/04/06 15:45,0.000
11/04/06 15:50,0.000
11/04/06 15:55,0.000
11/04/06 16:00,0.000
11/04/06 16:05,0.000
11/04/06 16:10,0.000
11/04/06 16:15,0.000
11/04/06 16:20,0.000
11/04/06 16:25,0.000
11/04/06 16:30,0.000
11/04/06 16:35,0.000
11/04/06 16:40,0.000
11/04/06 16:45,0.000
11/04/06 16:50,0.000
11/04/06 16:55,0.000
11/04/06 17:00,0.000
11/04/06 17:05,0.000
11/04/06 17:10,0.000
11/04/06 17:15,0.000
11/04/06 17:20,0.000
11/04/06 17:25,0.000
11/04/06 17:30,0.000
11/04/06 17:35,0.000
11/04/06 17:40,0.000
11/04/06 17:45,0.000
11/04/06 17:50,0.000
11/04/06 17:55,0.000
11/04/06 18:00,0.000
11/04/06 18:05,0.000
11/04/06 18:10,0.000
11/04/06 18:15,0.000
11/04/06 18:20,0.000
11/04/06 18:25,0.000
11/04/06 18:30,0.000
11/04/06 18:35,0.000
11/04/06 18:40,0.000
11/04/06 18:45,0.000
11/04/06 18:50,0.000
11/04/06 18:55,0.000
11/04/06 19:00,0.000
11/04/06 19:05,0.000
11/04/06 19:10,0.000
11/04/06 19:15,0.000
11/04/06 19:20,0.000
11/04/06 19:25,0.000
11/04/06 19:30,0.000
11/04/06 19:35,0.000
11/04/06 19:40,0.000
11/04/06 19:45,0.000
11/04/06 19:50,0.000
11/04/06 19:55,0.000
11/04/06 20:00,0.000
11/04/06 20:05,0.000
11/04/06 20:10,0.000
11/04/06 20:15,0.000
11/04/06 20:20,0.000
11/04/06 20:25,0.000
11/04/06 20:30,0.000
11/04/06 20:35,0.000
11/04/06 20:40,0.000
11/04/06 20:45,0.000
11/04/06 20:50,0.000
11/04/06 20:55,0.000
11/04/06 21:00,0.000
11/04/06 21:05,0.000
11/04/06 21:10,0.000
11/04/06 21:15,0.000
11/04/06 21:20,0.000
11/04/06 21:25,0.000
11/04/06 21:30,0.000
11/04/06 21:35,0.000
11/04/06 21:40,0.000
11/04/06 21:45,0.000
11/04/06 21:50,0.000
11/04/06 21:55,0.000
11/04/06 22:00,0.000
11/04/06 22:05,0.000
11/04/06 22:10,0.000
11/04/06 22:15,0.000
11/04/06 22:20,0.000
11/04/06 22:25,0.000
11/04/06 22:30,0.000
11/04/06 22:35,0.000
11/04/06 22:40,0.000
11/04/06 22:45,0.000
11/04/06 22:50,0.000
11/04/06 22:55,0.000
11/04/06 23:00,0.000
11/04/06 23:05,0.000
11/04/06 23:10,0.000
11/04/06 23:15,0.000
11/04/06 23:20,0.000
11/04/06 23:25,0.000
11/04/06 23:30,0.000
11/04/06 23:35,0.000
11/04/06 23:40,0.000
11/04/06 23:45,0.000
11/04/06 23:50,0.000
11/04/06 23:55,0.000
11/05/06 00:00,0.000
11/05/06 00:05,0.000
11/05/06 00:10,0.000
11/05/06 00:15,0.000
11/05/06 00:20,0.000
11/05/06 00:25,0.000
11/05/06 00:30,0.000
11/05/06 00:35,0.000
11/05/06 00:40,0.000
11/05/06 00:45,0.000
11/05/06 00:50,0.000
11/05/06 00:55,0.000
11/05/06 01:00,0.000
11/05/06 01:05,0.000
11/05/06 01:10,0.000
11/05/06 01:15,0.000
11/05/06 01:20,0.000
11/05/06 01:25,0.000
11/05/06 01:30,0.000
11/05/06 01:35,0.000
11/05/06 01:40,0.000
11/05/06 01:45,0.000
11/05/06 01:50,0.000
11/05/06 01:55,0.000
11/05/06 02:00,0.000
11/05/06 02:05,0.000
11/05/06 02:10,0.000
11/05/06 02:15,0.000
11/05/06 02:20,0.000
11/05/06 02:25,0.000
11/05/06 02:30,0.000
11/05/06 02:35,0.000
11/05/06 02:40,0.000
11/05/06 02:45,0.000
11/05/06 02:50,0.000
11/05/06 02:55,0.000
11/05/06 03:00,0.000
11/05/06 03:05,0.000
11/05/06 03:10,0.000
11/05/06 03:15,0.000
11/05/06 03:20,0.000
11/05/06 03:25,0.000
11/05/06 03:30,0.000
11/05/06 03:35,0.000
11/05/06 03:40,0.000
11/05/06 03:45,0.000
11/05/06 03:50,0.000
11/05/06 03:55,0.000
11/05/06 04:00,0.000
11/05/06 04:05,0.000
11/05/06 04:10,0.000
11/05/06 04:15,0.000
11/05/06 04:20,0.000
11/05/06 04:25,0.000
11/05/06 04:30,0.000
11/05/06 04:35,0.000
11/05/06 04:40,0.000
11/05/06 04:45,0.000
11/05/06 04:50,0.000
11/05/06 04:55,0.000
11/05/06 05:00,0.000
11/05/06 05:05,0.000
11/05/06 05:10,0.000
11/05/06 05:15,0.000
11/05/06 05:20,0.000
11/05/06 05:25,0.000
11/05/06 05:30,0.000
11/05/06 05:35,0.000
11/05/06 05:40,0.000
11/05/06 05:45,0.000
11/05/06 05:50,0.000
11/05/06 05:55,0.000
11/05/06 06:00,0.000
11/05/06 06:05,0.000
11/05/06 06:10,0.000
11/05/06 06:15,0.000
11/05/06 06:20,0.000
11/05/06 06:25,0.000
11/05/06 06:30,0.000
11/05/06 06:35,0.000
11/05/06 06:40,0.000
11/05/06 06:45,0.000
11/05/06 06:50,0.000
11/05/06 06:55,0.000
11/05/06 07:00,0.000
11/05/06 07:05,0.000
11/05/06 07:10,0.000
11/05/06 07:15,0.000
11/05/06 07:20,0.000
11/05/06 07:25,0.001
11/05/06 07:30,0.001
11/05/06 07:35,0.004
11/05/06 07:40,0.007
11/05/06 07:45,0.011
11/05/06 07:50,0.017
11/05/06 07:55,0.029
11/05/06 08:00,0.058
11/05/06 08:05,0.081
11/05/06 08:10,0.090
11/05/06 08:15,0.114
11/05/06 08:20,0.109
11/05/06 08:25,0.119
11/05/06 08:30,0.148
11/05/06 08:35,0.153
11/05/06 08:40,0.148
11/05/06 08:45,0.126
11/05/06 08:50,0.103
11/05/06 08:55,0.107
11/05/06 09:00,0.105
11/05/06 09:05,0.159
11/05/06 09:10,0.200
11/05/06 09:15,0.223
11/05/06 09:20,0.243
11/05/06 09:25,0.243
11/05/06 09:30,0.303
11/05/06 09:35,0.341
11/05/06 09:40,0.364
11/05/06 09:45,0.326
11/05/06 09:50,0.290
11/05/06 09:55,0.293
11/05/06 10:00,0.250
11/05/06 10:05,0.197
11/05/06 10:10,0.167
11/05/06 10:15,0.136
11/05/06 10:20,0.112
11/05/06 10:25,0.107
11/05/06 10:30,0.104
11/05/06 10:35,0.102
11/05/06 10:40,0.101
11/05/06 10:45,0.096
11/05/06 10:50,0.087
11/05/06 10:55,0.081
11/05/06 11:00,0.119
11/05/06 11:05,0.159
11/05/06 11:10,0.176
11/05/06 11:15,0.180
11/05/06 11:20,0.174
11/05/06 11:25,0.174
11/05/06 11:30,0.174
11/05/06 11:35,0.160
11/05/06 11:40,0.151
11/05/06 11:45,0.147
11/05/06 11:50,0.142
11/05/06 11:55,0.128
11/05/06 12:00,0.119
11/05/06 12:05,0.118
11/05/06 12:10,0.169
11/05/06 12:15,0.149
11/05/06 12:20,0.170
11/05/06 12:25,0.223
11/05/06 12:30,0.237
11/05/06 12:35,0.225
11/05/06 12:40,0.217
11/05/06 12:45,0.249
11/05/06 12:50,0.245
11/05/06 12:55,0.251
11/05/06 13:00,0.183
11/05/06 13:05,0.106
11/05/06 13:10,0.064
11/05/06 13:15,0.015
11/05/06 13:20,0.004
11/05/06 13:25,0.002
11/05/06 13:30,0.001
11/05/06 13:35,0.001
11/05/06 13:40,0.001
11/05/06 13:45,0.001
11/05/06 13:50,0.001
11/05/06 13:55,0.003
11/05/06 14:00,0.090
11/05/06 14:05,0.148
11/05/06 14:10,0.172
11/05/06 14:15,0.166
11/05/06 14:20,0.168
11/05/06 14:25,0.157
11/05/06 14:30,0.141
11/05/06 14:35,0.141
11/05/06 14:40,0.159
11/05/06 14:45,0.166
11/05/06 14:50,0.163
11/05/06 14:55,0.157
11/05/06 15:00,0.153
11/05/06 15:05,0.146
11/05/06 15:10,0.136
11/05/06 15:15,0.122
11/05/06 15:20,0.108
11/05/06 15:25,0.094
11/05/06 15:30,0.080
11/05/06 15:35,0.047
11/05/06 15:40,0.020
11/05/06 15:45,0.006
11/05/06 15:50,0.001
11/05/06 15:55,0.000
11/05/06 16:00,0.000
11/05/06 16:05,0.000
11/05/06 16:10,0.000
11/05/06 16:15,0.000
11/05/06 16:20,0.000
11/05/06 16:25,0.000
11/05/06 16:30,0.000
11/05/06 16:35,0.000
11/05/06 16:40,0.000
11/05/06 16:45,0.000
11/05/06 16:50,0.000
11/05/06 16:55,0.000
11/05/06 17:00,0.000
11/05/06 17:05,0.000
11/05/06 17:10,0.000
11/05/06 17:15,0.000
11/05/06 17:20,0.000
11/05/06 17:25,0.000
11/05/06 17:30,0.000
11/05/06 17:35,0.000
11/05/06 17:40,0.000
11/05/06 17:45,0.000
11/05/06 17:50,0.000
11/05/06 17:55,0.000
11/05/06 18:00,0.000
11/05/06 18:05,0.000
11/05/06 18:10,0.000
11/05/06 18:15,0.000
11/05/06 18:20,0.000
11/05/06 18:25,0.000
11/05/06 18:30,0.000
11/05/06 18:35,0.000
11/05/06 18:40,0.000
11/05/06 18:45,0.000
11/05/06 18:50,0.000
11/05/06 18:55,0.000
11/05/06 19:00,0.000
11/05/06 19:05,0.000
11/05/06 19:10,0.000
11/05/06 19:15,0.000
11/05/06 19:20,0.000
11/05/06 19:25,0.000
11/05/06 19:30,0.000
11/05/06 19:35,0.000
11/05/06 19:40,0.000
11/05/06 19:45,0.000
11/05/06 19:50,0.000
11/05/06 19:55,0.000
11/05/06 20:00,0.000
11/05/06 20:05,0.000
11/05/06 20:10,0.000
11/05/06 20:15,0.000
11/05/06 20:20,0.000
11/05/06 20:25,0.000
11/05/06 20:30,0.000
11/05/06 20:35,0.000
11/05/06 20:40,0.000
11/05/06 20:45,0.000
11/05/06 20:50,0.000
11/05/06 20:55,0.000
11/05/06 21:00,0.000
11/05/06 21:05,0.000
11/05/06 21:10,0.000
11/05/06 21:15,0.000
11/05/06 21:20,0.000
11/05/06 21:25,0.000
11/05/06 21:30,0.000
11/05/06 21:35,0.000
11/05/06 21:40,0.000
11/05/06 21:45,0.000
11/05/06 21:50,0.000
11/05/06 21:55,0.000
11/05/06 22:00,0.000
11/05/06 22:05,0.000
11/05/06 22:10,0.000
11/05/06 22:15,0.000
11/05/06 22:20,0.000
11/05/06 22:25,0.000
11/05/06 22:30,0.000
11/05/06 22:35,0.000
11/05/06 22:40,0.000
11/05/06 22:45,0.000
11/05/06 22:50,0.000
11/05/06 22:55,0.000
11/05/06 23:00,0.000
11/05/06 23:05,0.000
11/05/06 23:10,0.000
11/05/06 23:15,0.000
11/05/06 23:20,0.000
11/05/06 23:25,0.000
11/05/06 23:30,0.000
11/05/06 23:35,0.000
11/05/06 23:40,0.000
11/05/06 23:45,0.000
11/05/06 23:50,0.000
11/05/06 23:55,0.000
11/06/06 00:00,0.000
11/06/06 00:05,0.000
11/06/06 00:10,0.000
11/06/06 00:15,0.000
11/06/06 00:20,0.000
11/06/06 00:25,0.000
11/06/06 00:30,0.000
11/06/06 00:35,0.000
11/06/06 00:40,0.000
11/06/06 00:45,0.000
11/06/06 00:50,0.000
11/06/06 00:55,0.000
11/06/06 01:00,0.000
11/06/06 01:05,0.000
11/06/06 01:10,0.000
11/06/06 01:15,0.000
11/06/06 01:20,0.000
11/06/06 01:25,0.000
11/06/06 01:30,0.000
11/06/06 01:35,0.000
11/06/06 01:40,0.000
11/06/06 01:45,0.000
11/06/06 01:50,0.000
11/06/06 01:55,0.000
11/06/06 02:00,0.000
11/06/06 02:05,0.000
11/06/06 02:10,0.000
11/06/06 02:15,0.000
11/06/06 02:20,0.000
11/06/06 02:25,0.000
11/06/06 02:30,0.000
11/06/06 02:35,0.000
11/06/06 02:40,0.000
11/06/06 02:45,0.000
11/06/06 02:50,0.000
11/06/06 02:55,0.000
11/06/06 03:00,0.000
11/06/06 03:05,0.000
11/06/06 03:10,0.000
11/06/06 03:15,0.000
11/06/06 03:20,0.000
11/06/06 03:25,0.000
11/06/06 03:30,0.000
11/06/06 03:35,0.000
11/06/06 03:40,0.000
11/06/06 03:45,0.000
11/06/06 03:50,0.000
11/06/06 03:55,0.000
11/06/06 04:00,0.000
11/06/06 04:05,0.000
11/06/06 04:10,0.000
11/06/06 04:15,0.000
11/06/06 04:20,0.000
11/06/06 04:25,0.000
11/06/06 04:30,0.000
11/06/06 04:35,0.000
11/06/06 04:40,0.000
11/06/06 04:45,0.000
11/06/06 04:50,0.000
11/06/06 04:55,0.000
11/06/06 05:00,0.000
11/06/06 05:05,0.000
11/06/06 05:10,0.000
11/06/06 05:15,0.000
11/06/06 05:20,0.000
11/06/06 05:25,0.000
11/06/06 05:30,0.000
11/06/06 05:35,0.000
11/06/06 05:40,0.000
11/06/06 05:45,0.000
11/06/06 05:50,0.000
11/06/06 05:55,0.000
11/06/06 06:00,0.000
11/06/06 06:05,0.000
11/06/06 06:10,0.000
11/06/06 06:15,0.000
11/06/06 06:20,0.000
11/06/06 06:25,0.000
11/06/06 06:30,0.000
11/06/06 06:35,0.000
11/06/06 06:40,0.000
11/06/06 06:45,0.000
11/06/06 06:50,0.000
11/06/06 06:55,0.000
11/06/06 07:00,0.000
11/06/06 07:05,0.000
11/06/06 07:10,0.000
11/06/06 07:15,0.000
11/06/06 07:20,0.002
11/06/06 07:25,0.009
11/06/06 07:30,0.027
11/06/06 07:35,0.051
11/06/06 07:40,0.043
11/06/06 07:45,0.046
11/06/06 07:50,0.083
11/06/06 07:55,0.097
11/06/06 08:00,0.122
11/06/06 08:05,0.142
11/06/06 08:10,0.156
11/06/06 08:15,0.164
11/06/06 08:20,0.167
11/06/06 08:25,0.168
11/06/06 08:30,0.164
11/06/06 08:35,0.157
11/06/06 08:40,0.147
11/06/06 08:45,0.136
11/06/06 08:50,0.121
11/06/06 08:55,0.106
11/06/06 09:00,0.083
11/06/06 09:05,0.044
11/06/06 09:10,0.018
11/06/06 09:15,0.007
11/06/06 09:20,0.004
11/06/06 09:25,0.003
11/06/06 09:30,0.003
11/06/06 09:35,0.002
11/06/06 09:40,0.002
11/06/06 09:45,0.003
11/06/06 09:50,0.004
11/06/06 09:55,0.004
11/06/06 10:00,0.005
11/06/06 10:05,0.006
11/06/06 10:10,0.008
11/06/06 10:15,0.012
11/06/06 10:20,0.014
11/06/06 10:25,0.017
11/06/06 10:30,0.020
11/06/06 10:35,0.019
11/06/06 10:40,0.016
11/06/06 10:45,0.012
11/06/06 10:50,0.011
11/06/06 10:55,0.009
11/06/06 11:00,0.010
11/06/06 11:05,0.016
11/06/06 11:10,0.023
11/06/06 11:15,0.030
11/06/06 11:20,0.025
11/06/06 11:25,0.016
11/06/06 11:30,0.009
11/06/06 11:35,0.007
11/06/06 11:40,0.004
11/06/06 11:45,0.003
11/06/06 11:50,0.003
11/06/06 11:55,0.004
11/06/06 12:00,0.005
11/06/06 12:05,0.005
11/06/06 12:10,0.006
11/06/06 12:15,0.005
11/06/06 12:20,0.004
11/06/06 12:25,0.005
11/06/06 12:30,0.005
11/06/06 12:35,0.006
11/06/06 12:40,0.007
11/06/06 12:45,0.009
11/06/06 12:50,0.010
11/06/06 12:55,0.011
11/06/06 13:00,0.008
11/06/06 13:05,0.006
11/06/06 13:10,0.005
11/06/06 13:15,0.004
11/06/06 13:20,0.004
11/06/06 13:25,0.004
11/06/06 13:30,0.004
11/06/06 13:35,0.004
11/06/06 13:40,0.003
11/06/06 13:45,0.002
11/06/06 13:50,0.002
11/06/06 13:55,0.002
11/06/06 14:00,0.002
11/06/06 14:05,0.002
11/06/06 14:10,0.002
11/06/06 14:15,0.002
11/06/06 14:20,0.001
11/06/06 14:25,0.001
11/06/06 14:30,0.001
11/06/06 14:35,0.000
11/06/06 14:40,0.000
11/06/06 14:45,0.000
11/06/06 14:50,0.000
11/06/06 14:55,0.000
11/06/06 15:00,0.000
11/06/06 15:05,0.000
11/06/06 15:10,0.000
11/06/06 15:15,0.000
11/06/06 15:20,0.000
11/06/06 15:25,0.000
11/06/06 15:30,0.000
11/06/06 15:35,0.000
11/06/06 15:40,0.000
11/06/06 15:45,0.000
11/06/06 15:50,0.000
11/06/06 15:55,0.000
11/06/06 16:00,0.000
11/06/06 16:05,0.000
11/06/06 16:10,0.000
11/06/06 16:15,0.000
11/06/06 16:20,0.000
11/06/06 16:25,0.000
11/06/06 16:30,0.000
11/06/06 16:35,0.000
11/06/06 16:40,0.000
11/06/06 16:45,0.000
11/06/06 16:50,0.000
11/06/06 16:55,0.000
11/06/06 17:00,0.000
11/06/06 17:05,0.000
11/06/06 17:10,0.000
11/06/06 17:15,0.000
11/06/06 17:20,0.000
11/06/06 17:25,0.000
11/06/06 17:30,0.000
11/06/06 17:35,0.000
11/06/06 17:40,0.000
11/06/06 17:45,0.000
11/06/06 17:50,0.000
11/06/06 17:55,0.000
11/06/06 18:00,0.000
11/06/06 18:05,0.000
11/06/06 18:10,0.000
11/06/06 18:15,0.000
11/06/06 18:20,0.000
11/06/06 18:25,0.000
11/06/06 18:30,0.000
11/06/06 18:35,0.000
11/06/06 18:40,0.000
11/06/06 18:45,0.000
11/06/06 18:50,0.000
11/06/06 18:55,0.000
11/06/06 19:00,0.000
11/06/06 19:05,0.000
11/06/06 19:10,0.000
11/06/06 19:15,0.000
11/06/06 19:20,0.000
11/06/06 19:25,0.000
11/06/06 19:30,0.000
11/06/06 19:35,0.000
11/06/06 19:40,0.000
11/06/06 19:45,0.000
11/06/06 19:50,0.000
11/06/06 19:55,0.000
11/06/06 20:00,0.000
11/06/06 20:05,0.000
11/06/06 20:10,0.000
11/06/06 20:15,0.000
11/06/06 20:20,0.000
11/06/06 20:25,0.000
11/06/06 20:30,0.000
11/06/06 20:35,0.000
11/06/06 20:40,0.000
11/06/06 20:45,0.000
11/06/06 20:50,0.000
11/06/06 20:55,0.000
11/06/06 21:00,0.000
11/06/06 21:05,0.000
11/06/06 21:10,0.000
11/06/06 21:15,0.000
11/06/06 21:20,0.000
11/06/06 21:25,0.000
11/06/06 21:30,0.000
11/06/06 21:35,0.000
11/06/06 21:40,0.000
11/06/06 21:45,0.000
11/06/06 21:50,0.000
11/06/06 21:55,0.000
11/06/06 22:00,0.000
11/06/06 22:05,0.000
11/06/06 22:10,0.000
11/06/06 22:15,0.000
11/06/06 22:20,0.000
11/06/06 22:25,0.000
11/06/06 22:30,0.000
11/06/06 22:35,0.000
11/06/06 22:40,0.000
11/06/06 22:45,0.000
11/06/06 22:50,0.000
11/06/06 22:55,0.000
11/06/06 23:00,0.000
11/06/06 23:05,0.000
11/06/06 23:10,0.000
11/06/06 23:15,0.000
11/06/06 23:20,0.000
11/06/06 23:25,0.000
11/06/06 23:30,0.000
11/06/06 23:35,0.000
11/06/06 23:40,0.000
11/06/06 23:45,0.000
11/06/06 23:50,0.000
11/06/06 23:55,0.000
11/07/06 00:00,0.000
11/07/06 00:05,0.000
11/07/06 00:10,0.000
11/07/06 00:15,0.000
11/07/06 00:20,0.000
11/07/06 00:25,0.000
11/07/06 00:30,0.000
11/07/06 00:35,0.000
11/07/06 00:40,0.000
11/07/06 00:45,0.000
11/07/06 00:50,0.000
11/07/06 00:55,0.000
11/07/06 01:00,0.000
11/07/06 01:05,0.000
11/07/06 01:10,0.000
11/07/06 01:15,0.000
11/07/06 01:20,0.000
11/07/06 01:25,0.000
11/07/06 01:30,0.000
11/07/06 01:35,0.000
11/07/06 01:40,0.000
11/07/06 01:45,0.000
11/07/06 01:50,0.000
11/07/06 01:55,0.000
11/07/06 02:00,0.000
11/07/06 02:05,0.000
11/07/06 02:10,0.000
11/07/06 02:15,0.000
11/07/06 02:20,0.000
11/07/06 02:25,0.000
11/07/06 02:30,0.000
11/07/06 02:35,0.000
11/07/06 02:40,0.000
11/07/06 02:45,0.000
11/07/06 02:50,0.000
11/07/06 02:55,0.000
11/07/06 03:00,0.000
11/07/06 03:05,0.000
11/07/06 03:10,0.000
11/07/06 03:15,0.000
11/07/06 03:20,0.000
11/07/06 03:25,0.000
11/07/06 03:30,0.000
11/07/06 03:35,0.000
11/07/06 03:40,0.000
11/07/06 03:45,0.000
11/07/06 03:50,0.000
11/07/06 03:55,0.000
11/07/06 04:00,0.000
11/07/06 04:05,0.000
11/07/06 04:10,0.000
11/07/06 04:15,0.000
11/07/06 04:20,0.000
11/07/06 04:25,0.000
11/07/06 04:30,0.000
11/07/06 04:35,0.000
11/07/06 04:40,0.000
11/07/06 04:45,0.000
11/07/06 04:50,0.000
11/07/06 04:55,0.000
11/07/06 05:00,0.000
11/07/06 05:05,0.000
11/07/06 05:10,0.000
11/07/06 05:15,0.000
11/07/06 05:20,0.000
11/07/06 05:25,0.000
11/07/06 05:30,0.000
11/07/06 05:35,0.000
11/07/06 05:40,0.000
11/07/06 05:45,0.000
11/07/06 05:50,0.000
11/07/06 05:55,0.000
11/07/06 06:00,0.000
11/07/06 06:05,0.000
11/07/06 06:10,0.000
11/07/06 06:15,0.000
11/07/06 06:20,0.000
11/07/06 06:25,0.000
11/07/06 06:30,0.000
11/07/06 06:35,0.000
11/07/06 06:40,0.000
11/07/06 06:45,0.000
11/07/06 06:50,0.000
11/07/06 06:55,0.000
11/07/06 07:00,0.000
11/07/06 07:05,0.000
11/07/06 07:10,0.000
11/07/06 07:15,0.000
11/07/06 07:20,0.000
11/07/06 07:25,0.001
11/07/06 07:30,0.002
11/07/06 07:35,0.004
11/07/06 07:40,0.009
11/07/06 07:45,0.018
11/07/06 07:50,0.029
11/07/06 07:55,0.046
11/07/06 08:00,0.062
11/07/06 08:05,0.074
11/07/06 08:10,0.074
11/07/06 08:15,0.078
11/07/06 08:20,0.078
11/07/06 08:25,0.077
11/07/06 08:30,0.075
11/07/06 08:35,0.075
11/07/06 08:40,0.059
11/07/06 08:45,0.056
11/07/06 08:50,0.048
11/07/06 08:55,0.038
11/07/06 09:00,0.024
11/07/06 09:05,0.021
11/07/06 09:10,0.020
11/07/06 09:15,0.026
11/07/06 09:20,0.035
11/07/06 09:25,0.046
11/07/06 09:30,0.073
11/07/06 09:35,0.080
11/07/06 09:40,0.084
11/07/06 09:45,0.080
11/07/06 09:50,0.054
11/07/06 09:55,0.042
11/07/06 10:00,0.031
11/07/06 10:05,0.017
11/07/06 10:10,0.013
11/07/06 10:15,0.011
11/07/06 10:20,0.008
11/07/06 10:25,0.007
11/07/06 10:30,0.008
11/07/06 10:35,0.007
11/07/06 10:40,0.006
11/07/06 10:45,0.006
11/07/06 10:50,0.007
11/07/06 10:55,0.008
11/07/06 11:00,0.008
11/07/06 11:05,0.008
11/07/06 11:10,0.008
11/07/06 11:15,0.008
11/07/06 11:20,0.007
11/07/06 11:25,0.006
11/07/06 11:30,0.006
11/07/06 11:35,0.006
11/07/06 11:40,0.006
11/07/06 11:45,0.005
11/07/06 11:50,0.004
11/07/06 11:55,0.004
11/07/06 12:00,0.005
11/07/06 12:05,0.006
11/07/06 12:10,0.007
11/07/06 12:15,0.007
11/07/06 12:20,0.006
11/07/06 12:25,0.005
11/07/06 12:30,0.004
11/07/06 12:35,0.003
11/07/06 12:40,0.002
11/07/06 12:45,0.002
11/07/06 12:50,0.001
11/07/06 12:55,0.001
11/07/06 13:00,0.002
11/07/06 13:05,0.002
11/07/06 13:10,0.003
11/07/06 13:15,0.003
11/07/06 13:20,0.003
11/07/06 13:25,0.003
11/07/06 13:30,0.003
11/07/06 13:35,0.005
11/07/06 13:40,0.005
11/07/06 13:45,0.004
11/07/06 13:50,0.004
11/07/06 13:55,0.003
11/07/06 14:00,0.002
11/07/06 14:05,0.002
11/07/06 14:10,0.003
11/07/06 14:15,0.003
11/07/06 14:20,0.005
11/07/06 14:25,0.004
11/07/06 14:30,0.003
11/07/06 14:35,0.003
11/07/06 14:40,0.002
11/07/06 14:45,0.001
11/07/06 14:50,0.000
11/07/06 14:55,0.000
11/07/06 15:00,0.000
11/07/06 15:05,0.000
11/07/06 15:10,0.000
11/07/06 15:15,0.000
11/07/06 15:20,0.000
11/07/06 15:25,0.000
11/07/06 15:30,0.000
11/07/06 15:35,0.000
11/07/06 15:40,0.000
11/07/06 15:45,0.000
11/07/06 15:50,0.000
11/07/06 15:55,0.000
11/07/06 16:00,0.000
11/07/06 16:05,0.000
11/07/06 16:10,0.000
11/07/06 16:15,0.000
11/07/06 16:20,0.000
11/07/06 16:25,0.000
11/07/06 16:30,0.000
11/07/06 16:35,0.000
11/07/06 16:40,0.000
11/07/06 16:45,0.000
11/07/06 16:50,0.000
11/07/06 16:55,0.000
11/07/06 17:00,0.000
11/07/06 17:05,0.000
11/07/06 17:10,0.000
11/07/06 17:15,0.000
11/07/06 17:20,0.000
11/07/06 17:25,0.000
11/07/06 17:30,0.000
11/07/06 17:35,0.000
11/07/06 17:40,0.000
11/07/06 17:45,0.000
11/07/06 17:50,0.000
11/07/06 17:55,0.000
11/07/06 18:00,0.000
11/07/06 18:05,0.000
11/07/06 18:10,0.000
11/07/06 18:15,0.000
11/07/06 18:20,0.000
11/07/06 18:25,0.000
11/07/06 18:30,0.000
11/07/06 18:35,0.000
11/07/06 18:40,0.000
11/07/06 18:45,0.000
11/07/06 18:50,0.000
11/07/06 18:55,0.000
11/07/06 19:00,0.000
11/07/06 19:05,0.000
11/07/06 19:10,0.000
11/07/06 19:15,0.000
11/07/06 19:20,0.000
11/07/06 19:25,0.000
11/07/06 19:30,0.000
11/07/06 19:35,0.000
11/07/06 19:40,0.000
11/07/06 19:45,0.000
11/07/06 19:50,0.000
11/07/06 19:55,0.000
11/07/06 20:00,0.000
11/07/06 20:05,0.000
11/07/06 20:10,0.000
11/07/06 20:15,0.000
11/07/06 20:20,0.000
11/07/06 20:25,0.000
11/07/06 20:30,0.000
11/07/06 20:35,0.000
11/07/06 20:40,0.000
11/07/06 20:45,0.000
11/07/06 20:50,0.000
11/07/06 20:55,0.000
11/07/06 21:00,0.000
11/07/06 21:05,0.000
11/07/06 21:10,0.000
11/07/06 21:15,0.000
11/07/06 21:20,0.000
11/07/06 21:25,0.000
11/07/06 21:30,0.000
11/07/06 21:35,0.000
11/07/06 21:40,0.000
11/07/06 21:45,0.000
11/07/06 21:50,0.000
11/07/06 21:55,0.000
11/07/06 22:00,0.000
11/07/06 22:05,0.000
11/07/06 22:10,0.000
11/07/06 22:15,0.000
11/07/06 22:20,0.000
11/07/06 22:25,0.000
11/07/06 22:30,0.000
11/07/06 22:35,0.000
11/07/06 22:40,0.000
11/07/06 22:45,0.000
11/07/06 22:50,0.000
11/07/06 22:55,0.000
11/07/06 23:00,0.000
11/07/06 23:05,0.000
11/07/06 23:10,0.000
11/07/06 23:15,0.000
11/07/06 23:20,0.000
11/07/06 23:25,0.000
11/07/06 23:30,0.000
11/07/06 23:35,0.000
11/07/06 23:40,0.000
11/07/06 23:45,0.000
11/07/06 23:50,0.000
11/07/06 23:55,0.000
11/08/06 00:00,0.000
11/08/06 00:05,0.000
11/08/06 00:10,0.000
11/08/06 00:15,0.000
11/08/06 00:20,0.000
11/08/06 00:25,0.000
11/08/06 00:30,0.000
11/08/06 00:35,0.000
11/08/06 00:40,0.000
11/08/06 00:45,0.000
11/08/06 00:50,0.000
11/08/06 00:55,0.000
11/08/06 01:00,0.000
11/08/06 01:05,0.000
11/08/06 01:10,0.000
11/08/06 01:15,0.000
11/08/06 01:20,0.000
11/08/06 01:25,0.000
11/08/06 01:30,0.000
11/08/06 01:35,0.000
11/08/06 01:40,0.000
11/08/06 01:45,0.000
11/08/06 01:50,0.000
11/08/06 01:55,0.000
11/08/06 02:00,0.000
11/08/06 02:05,0.000
11/08/06 02:10,0.000
11/08/06 02:15,0.000
11/08/06 02:20,0.000
11/08/06 02:25,0.000
11/08/06 02:30,0.000
11/08/06 02:35,0.000
11/08/06 02:40,0.000
11/08/06 02:45,0.000
11/08/06 02:50,0.000
11/08/06 02:55,0.000
11/08/06 03:00,0.000
11/08/06 03:05,0.000
11/08/06 03:10,0.000
11/08/06 03:15,0.000
11/08/06 03:20,0.000
11/08/06 03:25,0.000
11/08/06 03:30,0.000
11/08/06 03:35,0.000
11/08/06 03:40,0.000
11/08/06 03:45,0.000
11/08/06 03:50,0.000
11/08/06 03:55,0.000
11/08/06 04:00,0.000
11/08/06 04:05,0.000
11/08/06 04:10,0.000
11/08/06 04:15,0.000
11/08/06 04:20,0.000
11/08/06 04:25,0.000
11/08/06 04:30,0.000
11/08/06 04:35,0.000
11/08/06 04:40,0.000
11/08/06 04:45,0.000
11/08/06 04:50,0.000
11/08/06 04:55,0.000
11/08/06 05:00,0.000
11/08/06 05:05,0.000
11/08/06 05:10,0.000
11/08/06 05:15,0.000
11/08/06 05:20,0.000
11/08/06 05:25,0.000
11/08/06 05:30,0.000
11/08/06 05:35,0.000
11/08/06 05:40,0.000
11/08/06 05:45,0.000
11/08/06 05:50,0.000
11/08/06 05:55,0.000
11/08/06 06:00,0.000
11/08/06 06:05,0.000
11/08/06 06:10,0.000
11/08/06 06:15,0.000
11/08/06 06:20,0.000
11/08/06 06:25,0.000
11/08/06 06:30,0.000
11/08/06 06:35,0.000
11/08/06 06:40,0.000
11/08/06 06:45,0.000
11/08/06 06:50,0.000
11/08/06 06:55,0.000
11/08/06 07:00,0.000
11/08/06 07:05,0.000
11/08/06 07:10,0.000
11/08/06 07:15,0.001
11/08/06 07:20,0.008
11/08/06 07:25,0.022
11/08/06 07:30,0.057
11/08/06 07:35,0.086
11/08/06 07:40,0.101
11/08/06 07:45,0.116
11/08/06 07:50,0.131
11/08/06 07:55,0.148
11/08/06 08:00,0.164
11/08/06 08:05,0.179
11/08/06 08:10,0.196
11/08/06 08:15,0.212
11/08/06 08:20,0.229
11/08/06 08:25,0.245
11/08/06 08:30,0.261
11/08/06 08:35,0.277
11/08/06 08:40,0.293
11/08/06 08:45,0.309
11/08/06 08:50,0.324
11/08/06 08:55,0.339
11/08/06 09:00,0.343
11/08/06 09:05,0.344
11/08/06 09:10,0.321
11/08/06 09:15,0.270
11/08/06 09:20,0.240
11/08/06 09:25,0.227
11/08/06 09:30,0.244
11/08/06 09:35,0.254
11/08/06 09:40,0.265
11/08/06 09:45,0.271
11/08/06 09:50,0.278
11/08/06 09:55,0.281
11/08/06 10:00,0.264
11/08/06 10:05,0.266
11/08/06 10:10,0.304
11/08/06 10:15,0.343
11/08/06 10:20,0.351
11/08/06 10:25,0.333
11/08/06 10:30,0.263
11/08/06 10:35,0.193
11/08/06 10:40,0.171
11/08/06 10:45,0.167
11/08/06 10:50,0.140
11/08/06 10:55,0.131
11/08/06 11:00,0.230
11/08/06 11:05,0.291
11/08/06 11:10,0.311
11/08/06 11:15,0.312
11/08/06 11:20,0.301
11/08/06 11:25,0.282
11/08/06 11:30,0.247
11/08/06 11:35,0.209
11/08/06 11:40,0.178
11/08/06 11:45,0.132
11/08/06 11:50,0.109
11/08/06 11:55,0.089
11/08/06 12:00,0.065
11/08/06 12:05,0.081
11/08/06 12:10,0.101
11/08/06 12:15,0.100
11/08/06 12:20,0.095
11/08/06 12:25,0.089
11/08/06 12:30,0.086
11/08/06 12:35,0.092
11/08/06 12:40,0.105
11/08/06 12:45,0.128
11/08/06 12:50,0.145
11/08/06 12:55,0.173
11/08/06 13:00,0.227
11/08/06 13:05,0.253
11/08/06 13:10,0.262
11/08/06 13:15,0.267
11/08/06 13:20,0.262
11/08/06 13:25,0.246
11/08/06 13:30,0.230
11/08/06 13:35,0.216
11/08/06 13:40,0.198
11/08/06 13:45,0.177
11/08/06 13:50,0.158
11/08/06 13:55,0.136
11/08/06 14:00,0.104
11/08/06 14:05,0.066
11/08/06 14:10,0.021
11/08/06 14:15,0.007
11/08/06 14:20,0.005
11/08/06 14:25,0.004
11/08/06 14:30,0.003
11/08/06 14:35,0.003
11/08/06 14:40,0.002
11/08/06 14:45,0.002
11/08/06 14:50,0.002
11/08/06 14:55,0.001
11/08/06 15:00,0.001
11/08/06 15:05,0.003
11/08/06 15:10,0.009
11/08/06 15:15,0.018
11/08/06 15:20,0.026
11/08/06 15:25,0.020
11/08/06 15:30,0.010
11/08/06 15:35,0.003
11/08/06 15:40,0.001
11/08/06 15:45,0.000
11/08/06 15:50,0.000
11/08/06 15:55,0.000
11/08/06 16:00,0.000
11/08/06 16:05,0.000
11/08/06 16:10,0.000
11/08/06 16:15,0.000
11/08/06 16:20,0.000
11/08/06 16:25,0.000
11/08/06 16:30,0.000
11/08/06 16:35,0.000
11/08/06 16:40,0.000
11/08/06 16:45,0.000
11/08/06 16:50,0.000
11/08/06 16:55,0.000
11/08/06 17:00,0.000
11/08/06 17:05,0.000
11/08/06 17:10,0.000
11/08/06 17:15,0.000
11/08/06 17:20,0.000
11/08/06 17:25,0.000
11/08/06 17:30,0.000
11/08/06 17:35,0.000
11/08/06 17:40,0.000
11/08/06 17:45,0.000
11/08/06 17:50,0.000
11/08/06 17:55,0.000
11/08/06 18:00,0.000
11/08/06 18:05,0.000
11/08/06 18:10,0.000
11/08/06 18:15,0.000
11/08/06 18:20,0.000
11/08/06 18:25,0.000
11/08/06 18:30,0.000
11/08/06 18:35,0.000
11/08/06 18:40,0.000
11/08/06 18:45,0.000
11/08/06 18:50,0.000
11/08/06 18:55,0.000
11/08/06 19:00,0.000
11/08/06 19:05,0.000
11/08/06 19:10,0.000
11/08/06 19:15,0.000
11/08/06 19:20,0.000
11/08/06 19:25,0.000
11/08/06 19:30,0.000
11/08/06 19:35,0.000
11/08/06 19:40,0.000
11/08/06 19:45,0.000
11/08/06 19:50,0.000
11/08/06 19:55,0.000
11/08/06 20:00,0.000
11/08/06 20:05,0.000
11/08/06 20:10,0.000
11/08/06 20:15,0.000
11/08/06 20:20,0.000
11/08/06 20:25,0.000
11/08/06 20:30,0.000
11/08/06 20:35,0.000
11/08/06 20:40,0.000
11/08/06 20:45,0.000
11/08/06 20:50,0.000
11/08/06 20:55,0.000
11/08/06 21:00,0.000
11/08/06 21:05,0.000
11/08/06 21:10,0.000
11/08/06 21:15,0.000
11/08/06 21:20,0.000
11/08/06 21:25,0.000
11/08/06 21:30,0.000
11/08/06 21:35,0.000
11/08/06 21:40,0.000
11/08/06 21:45,0.000
11/08/06 21:50,0.000
11/08/06 21:55,0.000
11/08/06 22:00,0.000
11/08/06 22:05,0.000
11/08/06 22:10,0.000
11/08/06 22:15,0.000
11/08/06 22:20,0.000
11/08/06 22:25,0.000
11/08/06 22:30,0.000
11/08/06 22:35,0.000
11/08/06 22:40,0.000
11/08/06 22:45,0.000
11/08/06 22:50,0.000
11/08/06 22:55,0.000
11/08/06 23:00,0.000
11/08/06 23:05,0.000
11/08/06 23:10,0.000
11/08/06 23:15,0.000
11/08/06 23:20,0.000
11/08/06 23:25,0.000
11/08/06 23:30,0.000
11/08/06 23:35,0.000
11/08/06 23:40,0.000
11/08/06 23:45,0.000
11/08/06 23:50,0.000
11/08/06 23:55,0.000
11/09/06 00:00,0.000
11/09/06 00:05,0.000
11/09/06 00:10,0.000
11/09/06 00:15,0.000
11/09/06 00:20,0.000
11/09/06 00:25,0.000
11/09/06 00:30,0.000
11/09/06 00:35,0.000
11/09/06 00:40,0.000
11/09/06 00:45,0.000
11/09/06 00:50,0.000
11/09/06 00:55,0.000
11/09/06 01:00,0.000
11/09/06 01:05,0.000
11/09/06 01:10,0.000
11/09/06 01:15,0.000
11/09/06 01:20,0.000
11/09/06 01:25,0.000
11/09/06 01:30,0.000
11/09/06 01:35,0.000
11/09/06 01:40,0.000
11/09/06 01:45,0.000
11/09/06 01:50,0.000
11/09/06 01:55,0.000
11/09/06 02:00,0.000
11/09/06 02:05,0.000
11/09/06 02:10,0.000
11/09/06 02:15,0.000
11/09/06 02:20,0.000
11/09/06 02:25,0.000
11/09/06 02:30,0.000
11/09/06 02:35,0.000
11/09/06 02:40,0.000
11/09/06 02:45,0.000
11/09/06 02:50,0.000
11/09/06 02:55,0.000
11/09/06 03:00,0.000
11/09/06 03:05,0.000
11/09/06 03:10,0.000
11/09/06 03:15,0.000
11/09/06 03:20,0.000
11/09/06 03:25,0.000
11/09/06 03:30,0.000
11/09/06 03:35,0.000
11/09/06 03:40,0.000
11/09/06 03:45,0.000
11/09/06 03:50,0.000
11/09/06 03:55,0.000
11/09/06 04:00,0.000
11/09/06 04:05,0.000
11/09/06 04:10,0.000
11/09/06 04:15,0.000
11/09/06 04:20,0.000
11/09/06 04:25,0.000
11/09/06 04:30,0.000
11/09/06 04:35,0.000
11/09/06 04:40,0.000
11/09/06 04:45,0.000
11/09/06 04:50,0.000
11/09/06 04:55,0.000
11/09/06 05:00,0.000
11/09/06 05:05,0.000
11/09/06 05:10,0.000
11/09/06 05:15,0.000
11/09/06 05:20,0.000
11/09/06 05:25,0.000
11/09/06 05:30,0.000
11/09/06 05:35,0.000
11/09/06 05:40,0.000
11/09/06 05:45,0.000
11/09/06 05:50,0.000
11/09/06 05:55,0.000
11/09/06 06:00,0.000
11/09/06 06:05,0.000
11/09/06 06:10,0.000
11/09/06 06:15,0.000
11/09/06 06:20,0.000
11/09/06 06:25,0.000
11/09/06 06:30,0.000
11/09/06 06:35,0.000
11/09/06 06:40,0.000
11/09/06 06:45,0.000
11/09/06 06:50,0.000
11/09/06 06:55,0.000
11/09/06 07:00,0.000
11/09/06 07:05,0.000
11/09/06 07:10,0.000
11/09/06 07:15,0.000
11/09/06 07:20,0.000
11/09/06 07:25,0.001
11/09/06 07:30,0.004
11/09/06 07:35,0.008
11/09/06 07:40,0.014
11/09/06 07:45,0.024
11/09/06 07:50,0.038
11/09/06 07:55,0.057
11/09/06 08:00,0.077
11/09/06 08:05,0.078
11/09/06 08:10,0.081
11/09/06 08:15,0.081
11/09/06 08:20,0.078
11/09/06 08:25,0.065
11/09/06 08:30,0.070
11/09/06 08:35,0.071
11/09/06 08:40,0.074
11/09/06 08:45,0.059
11/09/06 08:50,0.056
11/09/06 08:55,0.053
11/09/06 09:00,0.025
11/09/06 09:05,0.010
11/09/06 09:10,0.006
11/09/06 09:15,0.005
11/09/06 09:20,0.009
11/09/06 09:25,0.018
11/09/06 09:30,0.038
11/09/06 09:35,0.053
11/09/06 09:40,0.076
11/09/06 09:45,0.092
11/09/06 09:50,0.103
11/09/06 09:55,0.108
11/09/06 10:00,0.102
11/09/06 10:05,0.098
11/09/06 10:10,0.097
11/09/06 10:15,0.098
11/09/06 10:20,0.089
11/09/06 10:25,0.075
11/09/06 10:30,0.052
11/09/06 10:35,0.022
11/09/06 10:40,0.007
11/09/06 10:45,0.004
11/09/06 10:50,0.003
11/09/06 10:55,0.002
11/09/06 11:00,0.003
11/09/06 11:05,0.004
11/09/06 11:10,0.004
11/09/06 11:15,0.004
11/09/06 11:20,0.003
11/09/06 11:25,0.003
11/09/06 11:30,0.003
11/09/06 11:35,0.003
11/09/06 11:40,0.003
11/09/06 11:45,0.003
11/09/06 11:50,0.003
11/09/06 11:55,0.003
11/09/06 12:00,0.005
11/09/06 12:05,0.006
11/09/06 12:10,0.007
11/09/06 12:15,0.016
11/09/06 12:20,0.031
11/09/06 12:25,0.059
11/09/06 12:30,0.082
11/09/06 12:35,0.094
11/09/06 12:40,0.096
11/09/06 12:45,0.096
11/09/06 12:50,0.094
11/09/06 12:55,0.082
11/09/06 13:00,0.051
11/09/06 13:05,0.035
11/09/06 13:10,0.028
11/09/06 13:15,0.023
11/09/06 13:20,0.022
11/09/06 13:25,0.022
11/09/06 13:30,0.021
11/09/06 13:35,0.021
11/09/06 13:40,0.018
11/09/06 13:45,0.014
11/09/06 13:50,0.012
11/09/06 13:55,0.007
11/09/06 14:00,0.003
11/09/06 14:05,0.001
11/09/06 14:10,0.001
11/09/06 14:15,0.001
11/09/06 14:20,0.001
11/09/06 14:25,0.001
11/09/06 14:30,0.001
11/09/06 14:35,0.000
11/09/06 14:40,0.000
11/09/06 14:45,0.002
11/09/06 14:50,0.005
11/09/06 14:55,0.004
11/09/06 15:00,0.001
11/09/06 15:05,0.000
11/09/06 15:10,0.000
11/09/06 15:15,0.000
11/09/06 15:20,0.000
11/09/06 15:25,0.000
11/09/06 15:30,0.000
11/09/06 15:35,0.000
11/09/06 15:40,0.000
11/09/06 15:45,0.000
11/09/06 15:50,0.000
11/09/06 15:55,0.000
11/09/06 16:00,0.000
11/09/06 16:05,0.000
11/09/06 16:10,0.000
11/09/06 16:15,0.000
11/09/06 16:20,0.000
11/09/06 16:25,0.000
11/09/06 16:30,0.000
11/09/06 16:35,0.000
11/09/06 16:40,0.000
11/09/06 16:45,0.000
11/09/06 16:50,0.000
11/09/06 16:55,0.000
11/09/06 17:00,0.000
11/09/06 17:05,0.000
11/09/06 17:10,0.000
11/09/06 17:15,0.000
11/09/06 17:20,0.000
11/09/06 17:25,0.000
11/09/06 17:30,0.000
11/09/06 17:35,0.000
11/09/06 17:40,0.000
11/09/06 17:45,0.000
11/09/06 17:50,0.000
11/09/06 17:55,0.000
11/09/06 18:00,0.000
11/09/06 18:05,0.000
11/09/06 18:10,0.000
11/09/06 18:15,0.000
11/09/06 18:20,0.000
11/09/06 18:25,0.000
11/09/06 18:30,0.000
11/09/06 18:35,0.000
11/09/06 18:40,0.000
11/09/06 18:45,0.000
11/09/06 18:50,0.000
11/09/06 18:55,0.000
11/09/06 19:00,0.000
11/09/06 19:05,0.000
11/09/06 19:10,0.000
11/09/06 19:15,0.000
11/09/06 19:20,0.000
11/09/06 19:25,0.000
11/09/06 19:30,0.000
11/09/06 19:35,0.000
11/09/06 19:40,0.000
11/09/06 19:45,0.000
11/09/06 19:50,0.000
11/09/06 19:55,0.000
11/09/06 20:00,0.000
11/09/06 20:05,0.000
11/09/06 20:10,0.000
11/09/06 20:15,0.000
11/09/06 20:20,0.000
11/09/06 20:25,0.000
11/09/06 20:30,0.000
11/09/06 20:35,0.000
11/09/06 20:40,0.000
11/09/06 20:45,0.000
11/09/06 20:50,0.000
11/09/06 20:55,0.000
11/09/06 21:00,0.000
11/09/06 21:05,0.000
11/09/06 21:10,0.000
11/09/06 21:15,0.000
11/09/06 21:20,0.000
11/09/06 21:25,0.000
11/09/06 21:30,0.000
11/09/06 21:35,0.000
11/09/06 21:40,0.000
11/09/06 21:45,0.000
11/09/06 21:50,0.000
11/09/06 21:55,0.000
11/09/06 22:00,0.000
11/09/06 22:05,0.000
11/09/06 22:10,0.000
11/09/06 22:15,0.000
11/09/06 22:20,0.000
11/09/06 22:25,0.000
11/09/06 22:30,0.000
11/09/06 22:35,0.000
11/09/06 22:40,0.000
11/09/06 22:45,0.000
11/09/06 22:50,0.000
11/09/06 22:55,0.000
11/09/06 23:00,0.000
11/09/06 23:05,0.000
11/09/06 23:10,0.000
11/09/06 23:15,0.000
11/09/06 23:20,0.000
11/09/06 23:25,0.000
11/09/06 23:30,0.000
11/09/06 23:35,0.000
11/09/06 23:40,0.000
11/09/06 23:45,0.000
11/09/06 23:50,0.000
11/09/06 23:55,0.000
11/10/06 00:00,0.000
11/10/06 00:05,0.000
11/10/06 00:10,0.000
11/10/06 00:15,0.000
11/10/06 00:20,0.000
11/10/06 00:25,0.000
11/10/06 00:30,0.000
11/10/06 00:35,0.000
11/10/06 00:40,0.000
11/10/06 00:45,0.000
11/10/06 00:50,0.000
11/10/06 00:55,0.000
11/10/06 01:00,0.000
11/10/06 01:05,0.000
11/10/06 01:10,0.000
11/10/06 01:15,0.000
11/10/06 01:20,0.000
11/10/06 01:25,0.000
11/10/06 01:30,0.000
11/10/06 01:35,0.000
11/10/06 01:40,0.000
11/10/06 01:45,0.000
11/10/06 01:50,0.000
11/10/06 01:55,0.000
11/10/06 02:00,0.000
11/10/06 02:05,0.000
11/10/06 02:10,0.000
11/10/06 02:15,0.000
11/10/06 02:20,0.000
11/10/06 02:25,0.000
11/10/06 02:30,0.000
11/10/06 02:35,0.000
11/10/06 02:40,0.000
11/10/06 02:45,0.000
11/10/06 02:50,0.000
11/10/06 02:55,0.000
11/10/06 03:00,0.000
11/10/06 03:05,0.000
11/10/06 03:10,0.000
11/10/06 03:15,0.000
11/10/06 03:20,0.000
11/10/06 03:25,0.000
11/10/06 03:30,0.000
11/10/06 03:35,0.000
11/10/06 03:40,0.000
11/10/06 03:45,0.000
11/10/06 03:50,0.000
11/10/06 03:55,0.000
11/10/06 04:00,0.000
11/10/06 04:05,0.000
11/10/06 04:10,0.000
11/10/06 04:15,0.000
11/10/06 04:20,0.000
11/10/06 04:25,0.000
11/10/06 04:30,0.000
11/10/06 04:35,0.000
11/10/06 04:40,0.000
11/10/06 04:45,0.000
11/10/06 04:50,0.000
11/10/06 04:55,0.000
11/10/06 05:00,0.000
11/10/06 05:05,0.000
11/10/06 05:10,0.000
11/10/06 05:15,0.000
11/10/06 05:20,0.000
11/10/06 05:25,0.000
11/10/06 05:30,0.000
11/10/06 05:35,0.000
11/10/06 05:40,0.000
11/10/06 05:45,0.000
11/10/06 05:50,0.000
11/10/06 05:55,0.000
11/10/06 06:00,0.000
11/10/06 06:05,0.000
11/10/06 06:10,0.000
11/10/06 06:15,0.000
11/10/06 06:20,0.000
11/10/06 06:25,0.000
11/10/06 06:30,0.000
11/10/06 06:35,0.000
11/10/06 06:40,0.000
11/10/06 06:45,0.000
11/10/06 06:50,0.000
11/10/06 06:55,0.000
11/10/06 07:00,0.000
11/10/06 07:05,0.000
11/10/06 07:10,0.000
11/10/06 07:15,0.000
11/10/06 07:20,0.002
11/10/06 07:25,0.007
11/10/06 07:30,0.016
11/10/06 07:35,0.034
11/10/06 07:40,0.063
11/10/06 07:45,0.085
11/10/06 07:50,0.097
11/10/06 07:55,0.109
11/10/06 08:00,0.119
11/10/06 08:05,0.131
11/10/06 08:10,0.144
11/10/06 08:15,0.156
11/10/06 08:20,0.169
11/10/06 08:25,0.181
11/10/06 08:30,0.190
11/10/06 08:35,0.201
11/10/06 08:40,0.213
11/10/06 08:45,0.227
11/10/06 08:50,0.243
11/10/06 08:55,0.262
11/10/06 09:00,0.283
11/10/06 09:05,0.302
11/10/06 09:10,0.318
11/10/06 09:15,0.333
11/10/06 09:20,0.346
11/10/06 09:25,0.359
11/10/06 09:30,0.371
11/10/06 09:35,0.383
11/10/06 09:40,0.394
11/10/06 09:45,0.404
11/10/06 09:50,0.414
11/10/06 09:55,0.422
11/10/06 10:00,0.425
11/10/06 10:05,0.421
11/10/06 10:10,0.411
11/10/06 10:15,0.398
11/10/06 10:20,0.377
11/10/06 10:25,0.350
11/10/06 10:30,0.321
11/10/06 10:35,0.295
11/10/06 10:40,0.274
11/10/06 10:45,0.254
11/10/06 10:50,0.222
11/10/06 10:55,0.192
11/10/06 11:00,0.171
11/10/06 11:05,0.161
11/10/06 11:10,0.156
11/10/06 11:15,0.156
11/10/06 11:20,0.157
11/10/06 11:25,0.156
11/10/06 11:30,0.154
11/10/06 11:35,0.148
11/10/06 11:40,0.142
11/10/06 11:45,0.137
11/10/06 11:50,0.130
11/10/06 11:55,0.125
11/10/06 12:00,0.115
11/10/06 12:05,0.105
11/10/06 12:10,0.090
11/10/06 12:15,0.080
11/10/06 12:20,0.054
11/10/06 12:25,0.023
11/10/06 12:30,0.012
11/10/06 12:35,0.006
11/10/06 12:40,0.004
11/10/06 12:45,0.003
11/10/06 12:50,0.003
11/10/06 12:55,0.002
11/10/06 13:00,0.002
11/10/06 13:05,0.003
11/10/06 13:10,0.004
11/10/06 13:15,0.004
11/10/06 13:20,0.004
11/10/06 13:25,0.003
11/10/06 13:30,0.003
11/10/06 13:35,0.002
11/10/06 13:40,0.002
11/10/06 13:45,0.002
11/10/06 13:50,0.002
11/10/06 13:55,0.003
11/10/06 14:00,0.002
11/10/06 14:05,0.001
11/10/06 14:10,0.001
11/10/06 14:15,0.001
11/10/06 14:20,0.001
11/10/06 14:25,0.001
11/10/06 14:30,0.000
11/10/06 14:35,0.000
11/10/06 14:40,0.000
11/10/06 14:45,0.000
11/10/06 14:50,0.000
11/10/06 14:55,0.000
11/10/06 15:00,0.000
11/10/06 15:05,0.000
11/10/06 15:10,0.000
11/10/06 15:15,0.000
11/10/06 15:20,0.000
11/10/06 15:25,0.000
11/10/06 15:30,0.000
11/10/06 15:35,0.000
11/10/06 15:40,0.000
11/10/06 15:45,0.000
11/10/06 15:50,0.000
11/10/06 15:55,0.000
11/10/06 16:00,0.000
11/10/06 16:05,0.000
11/10/06 16:10,0.000
11/10/06 16:15,0.000
11/10/06 16:20,0.000
11/10/06 16:25,0.000
11/10/06 16:30,0.000
11/10/06 16:35,0.000
11/10/06 16:40,0.000
11/10/06 16:45,0.000
11/10/06 16:50,0.000
11/10/06 16:55,0.000
11/10/06 17:00,0.000
11/10/06 17:05,0.000
11/10/06 17:10,0.000
11/10/06 17:15,0.000
11/10/06 17:20,0.000
11/10/06 17:25,0.000
11/10/06 17:30,0.000
11/10/06 17:35,0.000
11/10/06 17:40,0.000
11/10/06 17:45,0.000
11/10/06 17:50,0.000
11/10/06 17:55,0.000
11/10/06 18:00,0.000
11/10/06 18:05,0.000
11/10/06 18:10,0.000
11/10/06 18:15,0.000
11/10/06 18:20,0.000
11/10/06 18:25,0.000
11/10/06 18:30,0.000
11/10/06 18:35,0.000
11/10/06 18:40,0.000
11/10/06 18:45,0.000
11/10/06 18:50,0.000
11/10/06 18:55,0.000
11/10/06 19:00,0.000
11/10/06 19:05,0.000
11/10/06 19:10,0.000
11/10/06 19:15,0.000
11/10/06 19:20,0.000
11/10/06 19:25,0.000
11/10/06 19:30,0.000
11/10/06 19:35,0.000
11/10/06 19:40,0.000
11/10/06 19:45,0.000
11/10/06 19:50,0.000
11/10/06 19:55,0.000
11/10/06 20:00,0.000
11/10/06 20:05,0.000
11/10/06 20:10,0.000
11/10/06 20:15,0.000
11/10/06 20:20,0.000
11/10/06 20:25,0.000
11/10/06 20:30,0.000
11/10/06 20:35,0.000
11/10/06 20:40,0.000
11/10/06 20:45,0.000
11/10/06 20:50,0.000
11/10/06 20:55,0.000
11/10/06 21:00,0.000
11/10/06 21:05,0.000
11/10/06 21:10,0.000
11/10/06 21:15,0.000
11/10/06 21:20,0.000
11/10/06 21:25,0.000
11/10/06 21:30,0.000
11/10/06 21:35,0.000
11/10/06 21:40,0.000
11/10/06 21:45,0.000
11/10/06 21:50,0.000
11/10/06 21:55,0.000
11/10/06 22:00,0.000
11/10/06 22:05,0.000
11/10/06 22:10,0.000
11/10/06 22:15,0.000
11/10/06 22:20,0.000
11/10/06 22:25,0.000
11/10/06 22:30,0.000
11/10/06 22:35,0.000
11/10/06 22:40,0.000
11/10/06 22:45,0.000
11/10/06 22:50,0.000
11/10/06 22:55,0.000
11/10/06 23:00,0.000
11/10/06 23:05,0.000
11/10/06 23:10,0.000
11/10/06 23:15,0.000
11/10/06 23:20,0.000
11/10/06 23:25,0.000
11/10/06 23:30,0.000
11/10/06 23:35,0.000
11/10/06 23:40,0.000
11/10/06 23:45,0.000
11/10/06 23:50,0.000
11/10/06 23:55,0.000
11/11/06 00:00,0.000
11/11/06 00:05,0.000
11/11/06 00:10,0.000
11/11/06 00:15,0.000
11/11/06 00:20,0.000
11/11/06 00:25,0.000
11/11/06 00:30,0.000
11/11/06 00:35,0.000
11/11/06 00:40,0.000
11/11/06 00:45,0.000
11/11/06 00:50,0.000
11/11/06 00:55,0.000
11/11/06 01:00,0.000
11/11/06 01:05,0.000
11/11/06 01:10,0.000
11/11/06 01:15,0.000
11/11/06 01:20,0.000
11/11/06 01:25,0.000
11/11/06 01:30,0.000
11/11/06 01:35,0.000
11/11/06 01:40,0.000
11/11/06 01:45,0.000
11/11/06 01:50,0.000
11/11/06 01:55,0.000
11/11/06 02:00,0.000
11/11/06 02:05,0.000
11/11/06 02:10,0.000
11/11/06 02:15,0.000
11/11/06 02:20,0.000
11/11/06 02:25,0.000
11/11/06 02:30,0.000
11/11/06 02:35,0.000
11/11/06 02:40,0.000
11/11/06 02:45,0.000
11/11/06 02:50,0.000
11/11/06 02:55,0.000
11/11/06 03:00,0.000
11/11/06 03:05,0.000
11/11/06 03:10,0.000
11/11/06 03:15,0.000
11/11/06 03:20,0.000
11/11/06 03:25,0.000
11/11/06 03:30,0.000
11/11/06 03:35,0.000
11/11/06 03:40,0.000
11/11/06 03:45,0.000
11/11/06 03:50,0.000
11/11/06 03:55,0.000
11/11/06 04:00,0.000
11/11/06 04:05,0.000
11/11/06 04:10,0.000
11/11/06 04:15,0.000
11/11/06 04:20,0.000
11/11/06 04:25,0.000
11/11/06 04:30,0.000
11/11/06 04:35,0.000
11/11/06 04:40,0.000
11/11/06 04:45,0.000
11/11/06 04:50,0.000
11/11/06 04:55,0.000
11/11/06 05:00,0.000
11/11/06 05:05,0.000
11/11/06 05:10,0.000
11/11/06 05:15,0.000
11/11/06 05:20,0.000
11/11/06 05:25,0.000
11/11/06 05:30,0.000
11/11/06 05:35,0.000
11/11/06 05:40,0.000
11/11/06 05:45,0.000
11/11/06 05:50,0.000
11/11/06 05:55,0.000
11/11/06 06:00,0.000
11/11/06 06:05,0.000
11/11/06 06:10,0.000
11/11/06 06:15,0.000
11/11/06 06:20,0.000
11/11/06 06:25,0.000
11/11/06 06:30,0.000
11/11/06 06:35,0.000
11/11/06 06:40,0.000
11/11/06 06:45,0.000
11/11/06 06:50,0.000
11/11/06 06:55,0.000
11/11/06 07:00,0.000
11/11/06 07:05,0.000
11/11/06 07:10,0.000
11/11/06 07:15,0.000
11/11/06 07:20,0.000
11/11/06 07:25,0.000
11/11/06 07:30,0.000
11/11/06 07:35,0.000
11/11/06 07:40,0.000
11/11/06 07:45,0.000
11/11/06 07:50,0.003
11/11/06 07:55,0.013
11/11/06 08:00,0.035
11/11/06 08:05,0.082
11/11/06 08:10,0.096
11/11/06 08:15,0.110
11/11/06 08:20,0.128
11/11/06 08:25,0.144
11/11/06 08:30,0.160
11/11/06 08:35,0.175
11/11/06 08:40,0.190
11/11/06 08:45,0.204
11/11/06 08:50,0.219
11/11/06 08:55,0.235
11/11/06 09:00,0.249
11/11/06 09:05,0.261
11/11/06 09:10,0.272
11/11/06 09:15,0.285
11/11/06 09:20,0.298
11/11/06 09:25,0.310
11/11/06 09:30,0.320
11/11/06 09:35,0.330
11/11/06 09:40,0.341
11/11/06 09:45,0.354
11/11/06 09:50,0.367
11/11/06 09:55,0.382
11/11/06 10:00,0.380
11/11/06 10:05,0.347
11/11/06 10:10,0.335
11/11/06 10:15,0.344
11/11/06 10:20,0.361
11/11/06 10:25,0.370
11/11/06 10:30,0.376
11/11/06 10:35,0.355
11/11/06 10:40,0.303
11/11/06 10:45,0.256
11/11/06 10:50,0.228
11/11/06 10:55,0.227
11/11/06 11:00,0.280
11/11/06 11:05,0.324
11/11/06 11:10,0.343
11/11/06 11:15,0.327
11/11/06 11:20,0.270
11/11/06 11:25,0.271
11/11/06 11:30,0.211
11/11/06 11:35,0.135
11/11/06 11:40,0.126
11/11/06 11:45,0.173
11/11/06 11:50,0.197
11/11/06 11:55,0.222
11/11/06 12:00,0.257
11/11/06 12:05,0.270
11/11/06 12:10,0.291
11/11/06 12:15,0.244
11/11/06 12:20,0.162
11/11/06 12:25,0.165
11/11/06 12:30,0.225
11/11/06 12:35,0.252
11/11/06 12:40,0.227
11/11/06 12:45,0.200
11/11/06 12:50,0.213
11/11/06 12:55,0.216
11/11/06 13:00,0.191
11/11/06 13:05,0.172
11/11/06 13:10,0.150
11/11/06 13:15,0.138
11/11/06 13:20,0.117
11/11/06 13:25,0.100
11/11/06 13:30,0.081
11/11/06 13:35,0.043
11/11/06 13:40,0.028
11/11/06 13:45,0.016
11/11/06 13:50,0.010
11/11/06 13:55,0.006
11/11/06 14:00,0.004
11/11/06 14:05,0.004
11/11/06 14:10,0.009
11/11/06 14:15,0.015
11/11/06 14:20,0.029
11/11/06 14:25,0.085
11/11/06 14:30,0.111
11/11/06 14:35,0.137
11/11/06 14:40,0.158
11/11/06 14:45,0.173
11/11/06 14:50,0.182
11/11/06 14:55,0.180
11/11/06 15:00,0.171
11/11/06 15:05,0.157
11/11/06 15:10,0.139
11/11/06 15:15,0.120
11/11/06 15:20,0.101
11/11/06 15:25,0.082
11/11/06 15:30,0.037
11/11/06 15:35,0.012
11/11/06 15:40,0.003
11/11/06 15:45,0.001
11/11/06 15:50,0.000
11/11/06 15:55,0.000
11/11/06 16:00,0.000
11/11/06 16:05,0.000
11/11/06 16:10,0.000
11/11/06 16:15,0.000
11/11/06 16:20,0.000
11/11/06 16:25,0.000
11/11/06 16:30,0.000
11/11/06 16:35,0.000
11/11/06 16:40,0.000
11/11/06 16:45,0.000
11/11/06 16:50,0.000
11/11/06 16:55,0.000
11/11/06 17:00,0.000
11/11/06 17:05,0.000
11/11/06 17:10,0.000
11/11/06 17:15,0.000
11/11/06 17:20,0.000
11/11/06 17:25,0.000
11/11/06 17:30,0.000
11/11/06 17:35,0.000
11/11/06 17:40,0.000
11/11/06 17:45,0.000
11/11/06 17:50,0.000
11/11/06 17:55,0.000
11/11/06 18:00,0.000
11/11/06 18:05,0.000
11/11/06 18:10,0.000
11/11/06 18:15,0.000
11/11/06 18:20,0.000
11/11/06 18:25,0.000
11/11/06 18:30,0.000
11/11/06 18:35,0.000
11/11/06 18:40,0.000
11/11/06 18:45,0.000
11/11/06 18:50,0.000
11/11/06 18:55,0.000
11/11/06 19:00,0.000
11/11/06 19:05,0.000
11/11/06 19:10,0.000
11/11/06 19:15,0.000
11/11/06 19:20,0.000
11/11/06 19:25,0.000
11/11/06 19:30,0.000
11/11/06 19:35,0.000
11/11/06 19:40,0.000
11/11/06 19:45,0.000
11/11/06 19:50,0.000
11/11/06 19:55,0.000
11/11/06 20:00,0.000
11/11/06 20:05,0.000
11/11/06 20:10,0.000
11/11/06 20:15,0.000
11/11/06 20:20,0.000
11/11/06 20:25,0.000
11/11/06 20:30,0.000
11/11/06 20:35,0.000
11/11/06 20:40,0.000
11/11/06 20:45,0.000
11/11/06 20:50,0.000
11/11/06 20:55,0.000
11/11/06 21:00,0.000
11/11/06 21:05,0.000
11/11/06 21:10,0.000
11/11/06 21:15,0.000
11/11/06 21:20,0.000
11/11/06 21:25,0.000
11/11/06 21:30,0.000
11/11/06 21:35,0.000
11/11/06 21:40,0.000
11/11/06 21:45,0.000
11/11/06 21:50,0.000
11/11/06 21:55,0.000
11/11/06 22:00,0.000
11/11/06 22:05,0.000
11/11/06 22:10,0.000
11/11/06 22:15,0.000
11/11/06 22:20,0.000
11/11/06 22:25,0.000
11/11/06 22:30,0.000
11/11/06 22:35,0.000
11/11/06 22:40,0.000
11/11/06 22:45,0.000
11/11/06 22:50,0.000
11/11/06 22:55,0.000
11/11/06 23:00,0.000
11/11/06 23:05,0.000
11/11/06 23:10,0.000
11/11/06 23:15,0.000
11/11/06 23:20,0.000
11/11/06 23:25,0.000
11/11/06 23:30,0.000
11/11/06 23:35,0.000
11/11/06 23:40,0.000
11/11/06 23:45,0.000
11/11/06 23:50,0.000
11/11/06 23:55,0.000
11/12/06 00:00,0.000
11/12/06 00:05,0.000
11/12/06 00:10,0.000
11/12/06 00:15,0.000
11/12/06 00:20,0.000
11/12/06 00:25,0.000
11/12/06 00:30,0.000
11/12/06 00:35,0.000
11/12/06 00:40,0.000
11/12/06 00:45,0.000
11/12/06 00:50,0.000
11/12/06 00:55,0.000
11/12/06 01:00,0.000
11/12/06 01:05,0.000
11/12/06 01:10,0.000
11/12/06 01:15,0.000
11/12/06 01:20,0.000
11/12/06 01:25,0.000
11/12/06 01:30,0.000
11/12/06 01:35,0.000
11/12/06 01:40,0.000
11/12/06 01:45,0.000
11/12/06 01:50,0.000
11/12/06 01:55,0.000
11/12/06 02:00,0.000
11/12/06 02:05,0.000
11/12/06 02:10,0.000
11/12/06 02:15,0.000
11/12/06 02:20,0.000
11/12/06 02:25,0.000
11/12/06 02:30,0.000
11/12/06 02:35,0.000
11/12/06 02:40,0.000
11/12/06 02:45,0.000
11/12/06 02:50,0.000
11/12/06 02:55,0.000
11/12/06 03:00,0.000
11/12/06 03:05,0.000
11/12/06 03:10,0.000
11/12/06 03:15,0.000
11/12/06 03:20,0.000
11/12/06 03:25,0.000
11/12/06 03:30,0.000
11/12/06 03:35,0.000
11/12/06 03:40,0.000
11/12/06 03:45,0.000
11/12/06 03:50,0.000
11/12/06 03:55,0.000
11/12/06 04:00,0.000
11/12/06 04:05,0.000
11/12/06 04:10,0.000
11/12/06 04:15,0.000
11/12/06 04:20,0.000
11/12/06 04:25,0.000
11/12/06 04:30,0.000
11/12/06 04:35,0.000
11/12/06 04:40,0.000
11/12/06 04:45,0.000
11/12/06 04:50,0.000
11/12/06 04:55,0.000
11/12/06 05:00,0.000
11/12/06 05:05,0.000
11/12/06 05:10,0.000
11/12/06 05:15,0.000
11/12/06 05:20,0.000
11/12/06 05:25,0.000
11/12/06 05:30,0.000
11/12/06 05:35,0.000
11/12/06 05:40,0.000
11/12/06 05:45,0.000
11/12/06 05:50,0.000
11/12/06 05:55,0.000
11/12/06 06:00,0.000
11/12/06 06:05,0.000
11/12/06 06:10,0.000
11/12/06 06:15,0.000
11/12/06 06:20,0.000
11/12/06 06:25,0.000
11/12/06 06:30,0.000
11/12/06 06:35,0.000
11/12/06 06:40,0.000
11/12/06 06:45,0.000
11/12/06 06:50,0.000
11/12/06 06:55,0.000
11/12/06 07:00,0.000
11/12/06 07:05,0.000
11/12/06 07:10,0.000
11/12/06 07:15,0.000
11/12/06 07:20,0.000
11/12/06 07:25,0.000
11/12/06 07:30,0.000
11/12/06 07:35,0.000
11/12/06 07:40,0.000
11/12/06 07:45,0.000
11/12/06 07:50,0.000
11/12/06 07:55,0.001
11/12/06 08:00,0.000
11/12/06 08:05,0.000
11/12/06 08:10,0.001
11/12/06 08:15,0.001
11/12/06 08:20,0.001
11/12/06 08:25,0.002
11/12/06 08:30,0.002
11/12/06 08:35,0.002
11/12/06 08:40,0.002
11/12/06 08:45,0.002
11/12/06 08:50,0.002
11/12/06 08:55,0.002
11/12/06 09:00,0.003
11/12/06 09:05,0.003
11/12/06 09:10,0.003
11/12/06 09:15,0.003
11/12/06 09:20,0.003
11/12/06 09:25,0.004
11/12/06 09:30,0.003
11/12/06 09:35,0.003
11/12/06 09:40,0.003
11/12/06 09:45,0.004
11/12/06 09:50,0.005
11/12/06 09:55,0.009
11/12/06 10:00,0.010
11/12/06 10:05,0.010
11/12/06 10:10,0.012
11/12/06 10:15,0.015
11/12/06 10:20,0.016
11/12/06 10:25,0.015
11/12/06 10:30,0.013
11/12/06 10:35,0.013
11/12/06 10:40,0.013
11/12/06 10:45,0.008
11/12/06 10:50,0.006
11/12/06 10:55,0.008
11/12/06 11:00,0.022
11/12/06 11:05,0.047
11/12/06 11:10,0.063
11/12/06 11:15,0.074
11/12/06 11:20,0.076
11/12/06 11:25,0.078
11/12/06 11:30,0.073
11/12/06 11:35,0.067
11/12/06 11:40,0.063
11/12/06 11:45,0.055
11/12/06 11:50,0.048
11/12/06 11:55,0.029
11/12/06 12:00,0.019
11/12/06 12:05,0.013
11/12/06 12:10,0.009
11/12/06 12:15,0.008
11/12/06 12:20,0.009
11/12/06 12:25,0.012
11/12/06 12:30,0.012
11/12/06 12:35,0.012
11/12/06 12:40,0.009
11/12/06 12:45,0.008
11/12/06 12:50,0.009
11/12/06 12:55,0.009
11/12/06 13:00,0.005
11/12/06 13:05,0.004
11/12/06 13:10,0.004
11/12/06 13:15,0.004
11/12/06 13:20,0.003
11/12/06 13:25,0.003
11/12/06 13:30,0.003
11/12/06 13:35,0.003
11/12/06 13:40,0.003
11/12/06 13:45,0.003
11/12/06 13:50,0.002
11/12/06 13:55,0.002
11/12/06 14:00,0.002
11/12/06 14:05,0.004
11/12/06 14:10,0.013
11/12/06 14:15,0.036
11/12/06 14:20,0.045
11/12/06 14:25,0.039
11/12/06 14:30,0.041
11/12/06 14:35,0.019
11/12/06 14:40,0.018
11/12/06 14:45,0.018
11/12/06 14:50,0.011
11/12/06 14:55,0.011
11/12/06 15:00,0.011
11/12/06 15:05,0.009
11/12/06 15:10,0.011
11/12/06 15:15,0.019
11/12/06 15:20,0.015
11/12/06 15:25,0.010
11/12/06 15:30,0.002
11/12/06 15:35,0.000
11/12/06 15:40,0.000
11/12/06 15:45,0.000
11/12/06 15:50,0.000
11/12/06 15:55,0.000
11/12/06 16:00,0.000
11/12/06 16:05,0.000
11/12/06 16:10,0.000
11/12/06 16:15,0.000
11/12/06 16:20,0.000
11/12/06 16:25,0.000
11/12/06 16:30,0.000
11/12/06 16:35,0.000
11/12/06 16:40,0.000
11/12/06 16:45,0.000
11/12/06 16:50,0.000
11/12/06 16:55,0.000
11/12/06 17:00,0.000
11/12/06 17:05,0.000
11/12/06 17:10,0.000
11/12/06 17:15,0.000
11/12/06 17:20,0.000
11/12/06 17:25,0.000
11/12/06 17:30,0.000
11/12/06 17:35,0.000
11/12/06 17:40,0.000
11/12/06 17:45,0.000
11/12/06 17:50,0.000
11/12/06 17:55,0.000
11/12/06 18:00,0.000
11/12/06 18:05,0.000
11/12/06 18:10,0.000
11/12/06 18:15,0.000
11/12/06 18:20,0.000
11/12/06 18:25,0.000
11/12/06 18:30,0.000
11/12/06 18:35,0.000
11/12/06 18:40,0.000
11/12/06 18:45,0.000
11/12/06 18:50,0.000
11/12/06 18:55,0.000
11/12/06 19:00,0.000
11/12/06 19:05,0.000
11/12/06 19:10,0.000
11/12/06 19:15,0.000
11/12/06 19:20,0.000
11/12/06 19:25,0.000
11/12/06 19:30,0.000
11/12/06 19:35,0.000
11/12/06 19:40,0.000
11/12/06 19:45,0.000
11/12/06 19:50,0.000
11/12/06 19:55,0.000
11/12/06 20:00,0.000
11/12/06 20:05,0.000
11/12/06 20:10,0.000
11/12/06 20:15,0.000
11/12/06 20:20,0.000
11/12/06 20:25,0.000
11/12/06 20:30,0.000
11/12/06 20:35,0.000
11/12/06 20:40,0.000
11/12/06 20:45,0.000
11/12/06 20:50,0.000
11/12/06 20:55,0.000
11/12/06 21:00,0.000
11/12/06 21:05,0.000
11/12/06 21:10,0.000
11/12/06 21:15,0.000
11/12/06 21:20,0.000
11/12/06 21:25,0.000
11/12/06 21:30,0.000
11/12/06 21:35,0.000
11/12/06 21:40,0.000
11/12/06 21:45,0.000
11/12/06 21:50,0.000
11/12/06 21:55,0.000
11/12/06 22:00,0.000
11/12/06 22:05,0.000
11/12/06 22:10,0.000
11/12/06 22:15,0.000
11/12/06 22:20,0.000
11/12/06 22:25,0.000
11/12/06 22:30,0.000
11/12/06 22:35,0.000
11/12/06 22:40,0.000
11/12/06 22:45,0.000
11/12/06 22:50,0.000
11/12/06 22:55,0.000
11/12/06 23:00,0.000
11/12/06 23:05,0.000
11/12/06 23:10,0.000
11/12/06 23:15,0.000
11/12/06 23:20,0.000
11/12/06 23:25,0.000
11/12/06 23:30,0.000
11/12/06 23:35,0.000
11/12/06 23:40,0.000
11/12/06 23:45,0.000
11/12/06 23:50,0.000
11/12/06 23:55,0.000
11/13/06 00:00,0.000
11/13/06 00:05,0.000
11/13/06 00:10,0.000
11/13/06 00:15,0.000
11/13/06 00:20,0.000
11/13/06 00:25,0.000
11/13/06 00:30,0.000
11/13/06 00:35,0.000
11/13/06 00:40,0.000
11/13/06 00:45,0.000
11/13/06 00:50,0.000
11/13/06 00:55,0.000
11/13/06 01:00,0.000
11/13/06 01:05,0.000
11/13/06 01:10,0.000
11/13/06 01:15,0.000
11/13/06 01:20,0.000
11/13/06 01:25,0.000
11/13/06 01:30,0.000
11/13/06 01:35,0.000
11/13/06 01:40,0.000
11/13/06 01:45,0.000
11/13/06 01:50,0.000
11/13/06 01:55,0.000
11/13/06 02:00,0.000
11/13/06 02:05,0.000
11/13/06 02:10,0.000
11/13/06 02:15,0.000
11/13/06 02:20,0.000
11/13/06 02:25,0.000
11/13/06 02:30,0.000
11/13/06 02:35,0.000
11/13/06 02:40,0.000
11/13/06 02:45,0.000
11/13/06 02:50,0.000
11/13/06 02:55,0.000
11/13/06 03:00,0.000
11/13/06 03:05,0.000
11/13/06 03:10,0.000
11/13/06 03:15,0.000
11/13/06 03:20,0.000
11/13/06 03:25,0.000
11/13/06 03:30,0.000
11/13/06 03:35,0.000
11/13/06 03:40,0.000
11/13/06 03:45,0.000
11/13/06 03:50,0.000
11/13/06 03:55,0.000
11/13/06 04:00,0.000
11/13/06 04:05,0.000
11/13/06 04:10,0.000
11/13/06 04:15,0.000
11/13/06 04:20,0.000
11/13/06 04:25,0.000
11/13/06 04:30,0.000
11/13/06 04:35,0.000
11/13/06 04:40,0.000
11/13/06 04:45,0.000
11/13/06 04:50,0.000
11/13/06 04:55,0.000
11/13/06 05:00,0.000
11/13/06 05:05,0.000
11/13/06 05:10,0.000
11/13/06 05:15,0.000
11/13/06 05:20,0.000
11/13/06 05:25,0.000
11/13/06 05:30,0.000
11/13/06 05:35,0.000
11/13/06 05:40,0.000
11/13/06 05:45,0.000
11/13/06 05:50,0.000
11/13/06 05:55,0.000
11/13/06 06:00,0.000
11/13/06 06:05,0.000
11/13/06 06:10,0.000
11/13/06 06:15,0.000
11/13/06 06:20,0.000
11/13/06 06:25,0.000
11/13/06 06:30,0.000
11/13/06 06:35,0.000
11/13/06 06:40,0.000
11/13/06 06:45,0.000
11/13/06 06:50,0.000
11/13/06 06:55,0.000
11/13/06 07:00,0.000
11/13/06 07:05,0.000
11/13/06 07:10,0.000
11/13/06 07:15,0.000
11/13/06 07:20,0.000
11/13/06 07:25,0.000
11/13/06 07:30,0.000
11/13/06 07:35,0.000
11/13/06 07:40,0.000
11/13/06 07:45,0.000
11/13/06 07:50,0.000
11/13/06 07:55,0.001
11/13/06 08:00,0.002
11/13/06 08:05,0.005
11/13/06 08:10,0.008
11/13/06 08:15,0.013
11/13/06 08:20,0.018
11/13/06 08:25,0.025
11/13/06 08:30,0.033
11/13/06 08:35,0.042
11/13/06 08:40,0.054
11/13/06 08:45,0.068
11/13/06 08:50,0.075
11/13/06 08:55,0.081
11/13/06 09:00,0.112
11/13/06 09:05,0.175
11/13/06 09:10,0.222
11/13/06 09:15,0.253
11/13/06 09:20,0.227
11/13/06 09:25,0.197
11/13/06 09:30,0.212
11/13/06 09:35,0.234
11/13/06 09:40,0.281
11/13/06 09:45,0.313
11/13/06 09:50,0.324
11/13/06 09:55,0.333
11/13/06 10:00,0.327
11/13/06 10:05,0.318
11/13/06 10:10,0.304
11/13/06 10:15,0.284
11/13/06 10:20,0.263
11/13/06 10:25,0.250
11/13/06 10:30,0.239
11/13/06 10:35,0.224
11/13/06 10:40,0.212
11/13/06 10:45,0.198
11/13/06 10:50,0.184
11/13/06 10:55,0.170
11/13/06 11:00,0.165
11/13/06 11:05,0.174
11/13/06 11:10,0.155
11/13/06 11:15,0.134
11/13/06 11:20,0.185
11/13/06 11:25,0.207
11/13/06 11:30,0.214
11/13/06 11:35,0.214
11/13/06 11:40,0.226
11/13/06 11:45,0.222
11/13/06 11:50,0.172
11/13/06 11:55,0.115
11/13/06 12:00,0.089
11/13/06 12:05,0.094
11/13/06 12:10,0.089
11/13/06 12:15,0.184
11/13/06 12:20,0.201
11/13/06 12:25,0.154
11/13/06 12:30,0.117
11/13/06 12:35,0.088
11/13/06 12:40,0.071
11/13/06 12:45,0.049
11/13/06 12:50,0.038
11/13/06 12:55,0.034
11/13/06 13:00,0.033
11/13/06 13:05,0.037
11/13/06 13:10,0.046
11/13/06 13:15,0.053
11/13/06 13:20,0.058
11/13/06 13:25,0.063
11/13/06 13:30,0.078
11/13/06 13:35,0.091
11/13/06 13:40,0.094
11/13/06 13:45,0.093
11/13/06 13:50,0.090
11/13/06 13:55,0.087
11/13/06 14:00,0.078
11/13/06 14:05,0.064
11/13/06 14:10,0.053
11/13/06 14:15,0.048
11/13/06 14:20,0.031
11/13/06 14:25,0.025
11/13/06 14:30,0.042
11/13/06 14:35,0.043
11/13/06 14:40,0.035
11/13/06 14:45,0.057
11/13/06 14:50,0.063
11/13/06 14:55,0.049
11/13/06 15:00,0.022
11/13/06 15:05,0.006
11/13/06 15:10,0.001
11/13/06 15:15,0.000
11/13/06 15:20,0.000
11/13/06 15:25,0.000
11/13/06 15:30,0.000
11/13/06 15:35,0.000
11/13/06 15:40,0.000
11/13/06 15:45,0.000
11/13/06 15:50,0.000
11/13/06 15:55,0.000
11/13/06 16:00,0.000
11/13/06 16:05,0.000
11/13/06 16:10,0.000
11/13/06 16:15,0.000
11/13/06 16:20,0.000
11/13/06 16:25,0.000
11/13/06 16:30,0.000
11/13/06 16:35,0.000
11/13/06 16:40,0.000
11/13/06 16:45,0.000
11/13/06 16:50,0.000
11/13/06 16:55,0.000
11/13/06 17:00,0.000
11/13/06 17:05,0.000
11/13/06 17:10,0.000
11/13/06 17:15,0.000
11/13/06 17:20,0.000
11/13/06 17:25,0.000
11/13/06 17:30,0.000
11/13/06 17:35,0.000
11/13/06 17:40,0.000
11/13/06 17:45,0.000
11/13/06 17:50,0.000
11/13/06 17:55,0.000
11/13/06 18:00,0.000
11/13/06 18:05,0.000
11/13/06 18:10,0.000
11/13/06 18:15,0.000
11/13/06 18:20,0.000
11/13/06 18:25,0.000
11/13/06 18:30,0.000
11/13/06 18:35,0.000
11/13/06 18:40,0.000
11/13/06 18:45,0.000
11/13/06 18:50,0.000
11/13/06 18:55,0.000
11/13/06 19:00,0.000
11/13/06 19:05,0.000
11/13/06 19:10,0.000
11/13/06 19:15,0.000
11/13/06 19:20,0.000
11/13/06 19:25,0.000
11/13/06 19:30,0.000
11/13/06 19:35,0.000
11/13/06 19:40,0.000
11/13/06 19:45,0.000
11/13/06 19:50,0.000
11/13/06 19:55,0.000
11/13/06 20:00,0.000
11/13/06 20:05,0.000
11/13/06 20:10,0.000
11/13/06 20:15,0.000
11/13/06 20:20,0.000
11/13/06 20:25,0.000
11/13/06 20:30,0.000
11/13/06 20:35,0.000
11/13/06 20:40,0.000
11/13/06 20:45,0.000
11/13/06 20:50,0.000
11/13/06 20:55,0.000
11/13/06 21:00,0.000
11/13/06 21:05,0.000
11/13/06 21:10,0.000
11/13/06 21:15,0.000
11/13/06 21:20,0.000
11/13/06 21:25,0.000
11/13/06 21:30,0.000
11/13/06 21:35,0.000
11/13/06 21:40,0.000
11/13/06 21:45,0.000
11/13/06 21:50,0.000
11/13/06 21:55,0.000
11/13/06 22:00,0.000
11/13/06 22:05,0.000
11/13/06 22:10,0.000
11/13/06 22:15,0.000
11/13/06 22:20,0.000
11/13/06 22:25,0.000
11/13/06 22:30,0.000
11/13/06 22:35,0.000
11/13/06 22:40,0.000
11/13/06 22:45,0.000
11/13/06 22:50,0.000
11/13/06 22:55,0.000
11/13/06 23:00,0.000
11/13/06 23:05,0.000
11/13/06 23:10,0.000
11/13/06 23:15,0.000
11/13/06 23:20,0.000
11/13/06 23:25,0.000
11/13/06 23:30,0.000
11/13/06 23:35,0.000
11/13/06 23:40,0.000
11/13/06 23:45,0.000
11/13/06 23:50,0.000
11/13/06 23:55,0.000
11/14/06 00:00,0.000
11/14/06 00:05,0.000
11/14/06 00:10,0.000
11/14/06 00:15,0.000
11/14/06 00:20,0.000
11/14/06 00:25,0.000
11/14/06 00:30,0.000
11/14/06 00:35,0.000
11/14/06 00:40,0.000
11/14/06 00:45,0.000
11/14/06 00:50,0.000
11/14/06 00:55,0.000
11/14/06 01:00,0.000
11/14/06 01:05,0.000
11/14/06 01:10,0.000
11/14/06 01:15,0.000
11/14/06 01:20,0.000
11/14/06 01:25,0.000
11/14/06 01:30,0.000
11/14/06 01:35,0.000
11/14/06 01:40,0.000
11/14/06 01:45,0.000
11/14/06 01:50,0.000
11/14/06 01:55,0.000
11/14/06 02:00,0.000
11/14/06 02:05,0.000
11/14/06 02:10,0.000
11/14/06 02:15,0.000
11/14/06 02:20,0.000
11/14/06 02:25,0.000
11/14/06 02:30,0.000
11/14/06 02:35,0.000
11/14/06 02:40,0.000
11/14/06 02:45,0.000
11/14/06 02:50,0.000
11/14/06 02:55,0.000
11/14/06 03:00,0.000
11/14/06 03:05,0.000
11/14/06 03:10,0.000
11/14/06 03:15,0.000
11/14/06 03:20,0.000
11/14/06 03:25,0.000
11/14/06 03:30,0.000
11/14/06 03:35,0.000
11/14/06 03:40,0.000
11/14/06 03:45,0.000
11/14/06 03:50,0.000
11/14/06 03:55,0.000
11/14/06 04:00,0.000
11/14/06 04:05,0.000
11/14/06 04:10,0.000
11/14/06 04:15,0.000
11/14/06 04:20,0.000
11/14/06 04:25,0.000
11/14/06 04:30,0.000
11/14/06 04:35,0.000
11/14/06 04:40,0.000
11/14/06 04:45,0.000
11/14/06 04:50,0.000
11/14/06 04:55,0.000
11/14/06 05:00,0.000
11/14/06 05:05,0.000
11/14/06 05:10,0.000
11/14/06 05:15,0.000
11/14/06 05:20,0.000
11/14/06 05:25,0.000
11/14/06 05:30,0.000
11/14/06 05:35,0.000
11/14/06 05:40,0.000
11/14/06 05:45,0.000
11/14/06 05:50,0.000
11/14/06 05:55,0.000
11/14/06 06:00,0.000
11/14/06 06:05,0.000
11/14/06 06:10,0.000
11/14/06 06:15,0.000
11/14/06 06:20,0.000
11/14/06 06:25,0.000
11/14/06 06:30,0.000
11/14/06 06:35,0.000
11/14/06 06:40,0.000
11/14/06 06:45,0.000
11/14/06 06:50,0.000
11/14/06 06:55,0.000
11/14/06 07:00,0.000
11/14/06 07:05,0.000
11/14/06 07:10,0.000
11/14/06 07:15,0.000
11/14/06 07:20,0.000
11/14/06 07:25,0.000
11/14/06 07:30,0.000
11/14/06 07:35,0.002
11/14/06 07:40,0.011
11/14/06 07:45,0.034
11/14/06 07:50,0.079
11/14/06 07:55,0.102
11/14/06 08:00,0.126
11/14/06 08:05,0.148
11/14/06 08:10,0.168
11/14/06 08:15,0.184
11/14/06 08:20,0.202
11/14/06 08:25,0.219
11/14/06 08:30,0.235
11/14/06 08:35,0.250
11/14/06 08:40,0.264
11/14/06 08:45,0.278
11/14/06 08:50,0.291
11/14/06 08:55,0.304
11/14/06 09:00,0.313
11/14/06 09:05,0.322
11/14/06 09:10,0.331
11/14/06 09:15,0.340
11/14/06 09:20,0.349
11/14/06 09:25,0.357
11/14/06 09:30,0.366
11/14/06 09:35,0.375
11/14/06 09:40,0.384
11/14/06 09:45,0.391
11/14/06 09:50,0.397
11/14/06 09:55,0.402
11/14/06 10:00,0.406
11/14/06 10:05,0.409
11/14/06 10:10,0.415
11/14/06 10:15,0.418
11/14/06 10:20,0.422
11/14/06 10:25,0.426
11/14/06 10:30,0.429
11/14/06 10:35,0.431
11/14/06 10:40,0.433
11/14/06 10:45,0.435
11/14/06 10:50,0.439
11/14/06 10:55,0.449
11/14/06 11:00,0.451
11/14/06 11:05,0.452
11/14/06 11:10,0.451
11/14/06 11:15,0.452
11/14/06 11:20,0.450
11/14/06 11:25,0.447
11/14/06 11:30,0.443
11/14/06 11:35,0.440
11/14/06 11:40,0.436
11/14/06 11:45,0.433
11/14/06 11:50,0.428
11/14/06 11:55,0.423
11/14/06 12:00,0.417
11/14/06 12:05,0.413
11/14/06 12:10,0.410
11/14/06 12:15,0.407
11/14/06 12:20,0.404
11/14/06 12:25,0.400
11/14/06 12:30,0.396
11/14/06 12:35,0.391
11/14/06 12:40,0.386
11/14/06 12:45,0.381
11/14/06 12:50,0.375
11/14/06 12:55,0.366
11/14/06 13:00,0.354
11/14/06 13:05,0.343
11/14/06 13:10,0.338
11/14/06 13:15,0.330
11/14/06 13:20,0.322
11/14/06 13:25,0.307
11/14/06 13:30,0.289
11/14/06 13:35,0.266
11/14/06 13:40,0.234
11/14/06 13:45,0.207
11/14/06 13:50,0.195
11/14/06 13:55,0.184
11/14/06 14:00,0.183
11/14/06 14:05,0.210
11/14/06 14:10,0.216
11/14/06 14:15,0.199
11/14/06 14:20,0.202
11/14/06 14:25,0.201
11/14/06 14:30,0.185
11/14/06 14:35,0.152
11/14/06 14:40,0.143
11/14/06 14:45,0.143
11/14/06 14:50,0.141
11/14/06 14:55,0.144
11/14/06 15:00,0.123
11/14/06 15:05,0.094
11/14/06 15:10,0.062
11/14/06 15:15,0.033
11/14/06 15:20,0.007
11/14/06 15:25,0.001
11/14/06 15:30,0.000
11/14/06 15:35,0.000
11/14/06 15:40,0.000
11/14/06 15:45,0.000
11/14/06 15:50,0.000
11/14/06 15:55,0.000
11/14/06 16:00,0.000
11/14/06 16:05,0.000
11/14/06 16:10,0.000
11/14/06 16:15,0.000
11/14/06 16:20,0.000
11/14/06 16:25,0.000
11/14/06 16:30,0.000
11/14/06 16:35,0.000
11/14/06 16:40,0.000
11/14/06 16:45,0.000
11/14/06 16:50,0.000
11/14/06 16:55,0.000
11/14/06 17:00,0.000
11/14/06 17:05,0.000
11/14/06 17:10,0.000
11/14/06 17:15,0.000
11/14/06 17:20,0.000
11/14/06 17:25,0.000
11/14/06 17:30,0.000
11/14/06 17:35,0.000
11/14/06 17:40,0.000
11/14/06 17:45,0.000
11/14/06 17:50,0.000
11/14/06 17:55,0.000
11/14/06 18:00,0.000
11/14/06 18:05,0.000
11/14/06 18:10,0.000
11/14/06 18:15,0.000
11/14/06 18:20,0.000
11/14/06 18:25,0.000
11/14/06 18:30,0.000
11/14/06 18:35,0.000
11/14/06 18:40,0.000
11/14/06 18:45,0.000
11/14/06 18:50,0.000
11/14/06 18:55,0.000
11/14/06 19:00,0.000
11/14/06 19:05,0.000
11/14/06 19:10,0.000
11/14/06 19:15,0.000
11/14/06 19:20,0.000
11/14/06 19:25,0.000
11/14/06 19:30,0.000
11/14/06 19:35,0.000
11/14/06 19:40,0.000
11/14/06 19:45,0.000
11/14/06 19:50,0.000
11/14/06 19:55,0.000
11/14/06 20:00,0.000
11/14/06 20:05,0.000
11/14/06 20:10,0.000
11/14/06 20:15,0.000
11/14/06 20:20,0.000
11/14/06 20:25,0.000
11/14/06 20:30,0.000
11/14/06 20:35,0.000
11/14/06 20:40,0.000
11/14/06 20:45,0.000
11/14/06 20:50,0.000
11/14/06 20:55,0.000
11/14/06 21:00,0.000
11/14/06 21:05,0.000
11/14/06 21:10,0.000
11/14/06 21:15,0.000
11/14/06 21:20,0.000
11/14/06 21:25,0.000
11/14/06 21:30,0.000
11/14/06 21:35,0.000
11/14/06 21:40,0.000
11/14/06 21:45,0.000
11/14/06 21:50,0.000
11/14/06 21:55,0.000
11/14/06 22:00,0.000
11/14/06 22:05,0.000
11/14/06 22:10,0.000
11/14/06 22:15,0.000
11/14/06 22:20,0.000
11/14/06 22:25,0.000
11/14/06 22:30,0.000
11/14/06 22:35,0.000
11/14/06 22:40,0.000
11/14/06 22:45,0.000
11/14/06 22:50,0.000
11/14/06 22:55,0.000
11/14/06 23:00,0.000
11/14/06 23:05,0.000
11/14/06 23:10,0.000
11/14/06 23:15,0.000
11/14/06 23:20,0.000
11/14/06 23:25,0.000
11/14/06 23:30,0.000
11/14/06 23:35,0.000
11/14/06 23:40,0.000
11/14/06 23:45,0.000
11/14/06 23:50,0.000
11/14/06 23:55,0.000
11/15/06 00:00,0.000
11/15/06 00:05,0.000
11/15/06 00:10,0.000
11/15/06 00:15,0.000
11/15/06 00:20,0.000
11/15/06 00:25,0.000
11/15/06 00:30,0.000
11/15/06 00:35,0.000
11/15/06 00:40,0.000
11/15/06 00:45,0.000
11/15/06 00:50,0.000
11/15/06 00:55,0.000
11/15/06 01:00,0.000
11/15/06 01:05,0.000
11/15/06 01:10,0.000
11/15/06 01:15,0.000
11/15/06 01:20,0.000
11/15/06 01:25,0.000
11/15/06 01:30,0.000
11/15/06 01:35,0.000
11/15/06 01:40,0.000
11/15/06 01:45,0.000
11/15/06 01:50,0.000
11/15/06 01:55,0.000
11/15/06 02:00,0.000
11/15/06 02:05,0.000
11/15/06 02:10,0.000
11/15/06 02:15,0.000
11/15/06 02:20,0.000
11/15/06 02:25,0.000
11/15/06 02:30,0.000
11/15/06 02:35,0.000
11/15/06 02:40,0.000
11/15/06 02:45,0.000
11/15/06 02:50,0.000
11/15/06 02:55,0.000
11/15/06 03:00,0.000
11/15/06 03:05,0.000
11/15/06 03:10,0.000
11/15/06 03:15,0.000
11/15/06 03:20,0.000
11/15/06 03:25,0.000
11/15/06 03:30,0.000
11/15/06 03:35,0.000
11/15/06 03:40,0.000
11/15/06 03:45,0.000
11/15/06 03:50,0.000
11/15/06 03:55,0.000
11/15/06 04:00,0.000
11/15/06 04:05,0.000
11/15/06 04:10,0.000
11/15/06 04:15,0.000
11/15/06 04:20,0.000
11/15/06 04:25,0.000
11/15/06 04:30,0.000
11/15/06 04:35,0.000
11/15/06 04:40,0.000
11/15/06 04:45,0.000
11/15/06 04:50,0.000
11/15/06 04:55,0.000
11/15/06 05:00,0.000
11/15/06 05:05,0.000
11/15/06 05:10,0.000
11/15/06 05:15,0.000
11/15/06 05:20,0.000
11/15/06 05:25,0.000
11/15/06 05:30,0.000
11/15/06 05:35,0.000
11/15/06 05:40,0.000
11/15/06 05:45,0.000
11/15/06 05:50,0.000
11/15/06 05:55,0.000
11/15/06 06:00,0.000
11/15/06 06:05,0.000
11/15/06 06:10,0.000
11/15/06 06:15,0.000
11/15/06 06:20,0.000
11/15/06 06:25,0.000
11/15/06 06:30,0.000
11/15/06 06:35,0.000
11/15/06 06:40,0.000
11/15/06 06:45,0.000
11/15/06 06:50,0.000
11/15/06 06:55,0.000
11/15/06 07:00,0.000
11/15/06 07:05,0.000
11/15/06 07:10,0.000
11/15/06 07:15,0.000
11/15/06 07:20,0.000
11/15/06 07:25,0.000
11/15/06 07:30,0.000
11/15/06 07:35,0.000
11/15/06 07:40,0.000
11/15/06 07:45,0.000
11/15/06 07:50,0.000
11/15/06 07:55,0.000
11/15/06 08:00,0.000
11/15/06 08:05,0.000
11/15/06 08:10,0.000
11/15/06 08:15,0.000
11/15/06 08:20,0.001
11/15/06 08:25,0.001
11/15/06 08:30,0.001
11/15/06 08:35,0.000
11/15/06 08:40,0.000
11/15/06 08:45,0.001
11/15/06 08:50,0.001
11/15/06 08:55,0.001
11/15/06 09:00,0.001
11/15/06 09:05,0.004
11/15/06 09:10,0.013
11/15/06 09:15,0.021
11/15/06 09:20,0.030
11/15/06 09:25,0.046
11/15/06 09:30,0.035
11/15/06 09:35,0.036
11/15/06 09:40,0.039
11/15/06 09:45,0.042
11/15/06 09:50,0.050
11/15/06 09:55,0.062
11/15/06 10:00,0.041
11/15/06 10:05,0.029
11/15/06 10:10,0.019
11/15/06 10:15,0.018
11/15/06 10:20,0.015
11/15/06 10:25,0.011
11/15/06 10:30,0.007
11/15/06 10:35,0.004
11/15/06 10:40,0.003
11/15/06 10:45,0.002
11/15/06 10:50,0.001
11/15/06 10:55,0.001
11/15/06 11:00,0.002
11/15/06 11:05,0.003
11/15/06 11:10,0.004
11/15/06 11:15,0.004
11/15/06 11:20,0.005
11/15/06 11:25,0.006
11/15/06 11:30,0.008
11/15/06 11:35,0.008
11/15/06 11:40,0.007
11/15/06 11:45,0.007
11/15/06 11:50,0.007
11/15/06 11:55,0.006
11/15/06 12:00,0.006
11/15/06 12:05,0.005
11/15/06 12:10,0.004
11/15/06 12:15,0.004
11/15/06 12:20,0.003
11/15/06 12:25,0.003
11/15/06 12:30,0.003
11/15/06 12:35,0.003
11/15/06 12:40,0.002
11/15/06 12:45,0.002
11/15/06 12:50,0.002
11/15/06 12:55,0.002
11/15/06 13:00,0.002
11/15/06 13:05,0.003
11/15/06 13:10,0.003
11/15/06 13:15,0.003
11/15/06 13:20,0.003
11/15/06 13:25,0.003
11/15/06 13:30,0.003
11/15/06 13:35,0.002
11/15/06 13:40,0.002
11/15/06 13:45,0.002
11/15/06 13:50,0.001
11/15/06 13:55,0.001
11/15/06 14:00,0.001
11/15/06 14:05,0.001
11/15/06 14:10,0.001
11/15/06 14:15,0.001
11/15/06 14:20,0.000
11/15/06 14:25,0.000
11/15/06 14:30,0.000
11/15/06 14:35,0.000
11/15/06 14:40,0.000
11/15/06 14:45,0.000
11/15/06 14:50,0.000
11/15/06 14:55,0.000
11/15/06 15:00,0.000
11/15/06 15:05,0.000
11/15/06 15:10,0.000
11/15/06 15:15,0.000
11/15/06 15:20,0.000
11/15/06 15:25,0.000
11/15/06 15:30,0.000
11/15/06 15:35,0.000
11/15/06 15:40,0.000
11/15/06 15:45,0.000
11/15/06 15:50,0.000
11/15/06 15:55,0.000
11/15/06 16:00,0.000
11/15/06 16:05,0.000
11/15/06 16:10,0.000
11/15/06 16:15,0.000
11/15/06 16:20,0.000
11/15/06 16:25,0.000
11/15/06 16:30,0.000
11/15/06 16:35,0.000
11/15/06 16:40,0.000
11/15/06 16:45,0.000
11/15/06 16:50,0.000
11/15/06 16:55,0.000
11/15/06 17:00,0.000
11/15/06 17:05,0.000
11/15/06 17:10,0.000
11/15/06 17:15,0.000
11/15/06 17:20,0.000
11/15/06 17:25,0.000
11/15/06 17:30,0.000
11/15/06 17:35,0.000
11/15/06 17:40,0.000
11/15/06 17:45,0.000
11/15/06 17:50,0.000
11/15/06 17:55,0.000
11/15/06 18:00,0.000
11/15/06 18:05,0.000
11/15/06 18:10,0.000
11/15/06 18:15,0.000
11/15/06 18:20,0.000
11/15/06 18:25,0.000
11/15/06 18:30,0.000
11/15/06 18:35,0.000
11/15/06 18:40,0.000
11/15/06 18:45,0.000
11/15/06 18:50,0.000
11/15/06 18:55,0.000
11/15/06 19:00,0.000
11/15/06 19:05,0.000
11/15/06 19:10,0.000
11/15/06 19:15,0.000
11/15/06 19:20,0.000
11/15/06 19:25,0.000
11/15/06 19:30,0.000
11/15/06 19:35,0.000
11/15/06 19:40,0.000
11/15/06 19:45,0.000
11/15/06 19:50,0.000
11/15/06 19:55,0.000
11/15/06 20:00,0.000
11/15/06 20:05,0.000
11/15/06 20:10,0.000
11/15/06 20:15,0.000
11/15/06 20:20,0.000
11/15/06 20:25,0.000
11/15/06 20:30,0.000
11/15/06 20:35,0.000
11/15/06 20:40,0.000
11/15/06 20:45,0.000
11/15/06 20:50,0.000
11/15/06 20:55,0.000
11/15/06 21:00,0.000
11/15/06 21:05,0.000
11/15/06 21:10,0.000
11/15/06 21:15,0.000
11/15/06 21:20,0.000
11/15/06 21:25,0.000
11/15/06 21:30,0.000
11/15/06 21:35,0.000
11/15/06 21:40,0.000
11/15/06 21:45,0.000
11/15/06 21:50,0.000
11/15/06 21:55,0.000
11/15/06 22:00,0.000
11/15/06 22:05,0.000
11/15/06 22:10,0.000
11/15/06 22:15,0.000
11/15/06 22:20,0.000
11/15/06 22:25,0.000
11/15/06 22:30,0.000
11/15/06 22:35,0.000
11/15/06 22:40,0.000
11/15/06 22:45,0.000
11/15/06 22:50,0.000
11/15/06 22:55,0.000
11/15/06 23:00,0.000
11/15/06 23:05,0.000
11/15/06 23:10,0.000
11/15/06 23:15,0.000
11/15/06 23:20,0.000
11/15/06 23:25,0.000
11/15/06 23:30,0.000
11/15/06 23:35,0.000
11/15/06 23:40,0.000
11/15/06 23:45,0.000
11/15/06 23:50,0.000
11/15/06 23:55,0.000
11/16/06 00:00,0.000
11/16/06 00:05,0.000
11/16/06 00:10,0.000
11/16/06 00:15,0.000
11/16/06 00:20,0.000
11/16/06 00:25,0.000
11/16/06 00:30,0.000
11/16/06 00:35,0.000
11/16/06 00:40,0.000
11/16/06 00:45,0.000
11/16/06 00:50,0.000
11/16/06 00:55,0.000
11/16/06 01:00,0.000
11/16/06 01:05,0.000
11/16/06 01:10,0.000
11/16/06 01:15,0.000
11/16/06 01:20,0.000
11/16/06 01:25,0.000
11/16/06 01:30,0.000
11/16/06 01:35,0.000
11/16/06 01:40,0.000
11/16/06 01:45,0.000
11/16/06 01:50,0.000
11/16/06 01:55,0.000
11/16/06 02:00,0.000
11/16/06 02:05,0.000
11/16/06 02:10,0.000
11/16/06 02:15,0.000
11/16/06 02:20,0.000
11/16/06 02:25,0.000
11/16/06 02:30,0.000
11/16/06 02:35,0.000
11/16/06 02:40,0.000
11/16/06 02:45,0.000
11/16/06 02:50,0.000
11/16/06 02:55,0.000
11/16/06 03:00,0.000
11/16/06 03:05,0.000
11/16/06 03:10,0.000
11/16/06 03:15,0.000
11/16/06 03:20,0.000
11/16/06 03:25,0.000
11/16/06 03:30,0.000
11/16/06 03:35,0.000
11/16/06 03:40,0.000
11/16/06 03:45,0.000
11/16/06 03:50,0.000
11/16/06 03:55,0.000
11/16/06 04:00,0.000
11/16/06 04:05,0.000
11/16/06 04:10,0.000
11/16/06 04:15,0.000
11/16/06 04:20,0.000
11/16/06 04:25,0.000
11/16/06 04:30,0.000
11/16/06 04:35,0.000
11/16/06 04:40,0.000
11/16/06 04:45,0.000
11/16/06 04:50,0.000
11/16/06 04:55,0.000
11/16/06 05:00,0.000
11/16/06 05:05,0.000
11/16/06 05:10,0.000
11/16/06 05:15,0.000
11/16/06 05:20,0.000
11/16/06 05:25,0.000
11/16/06 05:30,0.000
11/16/06 05:35,0.000
11/16/06 05:40,0.000
11/16/06 05:45,0.000
11/16/06 05:50,0.000
11/16/06 05:55,0.000
11/16/06 06:00,0.000
11/16/06 06:05,0.000
11/16/06 06:10,0.000
11/16/06 06:15,0.000
11/16/06 06:20,0.000
11/16/06 06:25,0.000
11/16/06 06:30,0.000
11/16/06 06:35,0.000
11/16/06 06:40,0.000
11/16/06 06:45,0.000
11/16/06 06:50,0.000
11/16/06 06:55,0.000
11/16/06 07:00,0.000
11/16/06 07:05,0.000
11/16/06 07:10,0.000
11/16/06 07:15,0.000
11/16/06 07:20,0.000
11/16/06 07:25,0.000
11/16/06 07:30,0.000
11/16/06 07:35,0.001
11/16/06 07:40,0.009
11/16/06 07:45,0.029
11/16/06 07:50,0.081
11/16/06 07:55,0.102
11/16/06 08:00,0.125
11/16/06 08:05,0.146
11/16/06 08:10,0.165
11/16/06 08:15,0.182
11/16/06 08:20,0.199
11/16/06 08:25,0.216
11/16/06 08:30,0.232
11/16/06 08:35,0.247
11/16/06 08:40,0.262
11/16/06 08:45,0.277
11/16/06 08:50,0.291
11/16/06 08:55,0.305
11/16/06 09:00,0.316
11/16/06 09:05,0.326
11/16/06 09:10,0.336
11/16/06 09:15,0.345
11/16/06 09:20,0.354
11/16/06 09:25,0.364
11/16/06 09:30,0.373
11/16/06 09:35,0.382
11/16/06 09:40,0.390
11/16/06 09:45,0.400
11/16/06 09:50,0.410
11/16/06 09:55,0.419
11/16/06 10:00,0.425
11/16/06 10:05,0.430
11/16/06 10:10,0.434
11/16/06 10:15,0.437
11/16/06 10:20,0.441
11/16/06 10:25,0.443
11/16/06 10:30,0.444
11/16/06 10:35,0.446
11/16/06 10:40,0.447
11/16/06 10:45,0.449
11/16/06 10:50,0.454
11/16/06 10:55,0.455
11/16/06 11:00,0.455
11/16/06 11:05,0.455
11/16/06 11:10,0.455
11/16/06 11:15,0.454
11/16/06 11:20,0.453
11/16/06 11:25,0.452
11/16/06 11:30,0.450
11/16/06 11:35,0.448
11/16/06 11:40,0.445
11/16/06 11:45,0.442
11/16/06 11:50,0.438
11/16/06 11:55,0.434
11/16/06 12:00,0.431
11/16/06 12:05,0.430
11/16/06 12:10,0.429
11/16/06 12:15,0.426
11/16/06 12:20,0.424
11/16/06 12:25,0.421
11/16/06 12:30,0.419
11/16/06 12:35,0.417
11/16/06 12:40,0.413
11/16/06 12:45,0.409
11/16/06 12:50,0.401
11/16/06 12:55,0.394
11/16/06 13:00,0.367
11/16/06 13:05,0.280
11/16/06 13:10,0.236
11/16/06 13:15,0.275
11/16/06 13:20,0.300
11/16/06 13:25,0.313
11/16/06 13:30,0.304
11/16/06 13:35,0.286
11/16/06 13:40,0.240
11/16/06 13:45,0.253
11/16/06 13:50,0.256
11/16/06 13:55,0.256
11/16/06 14:00,0.248
11/16/06 14:05,0.214
11/16/06 14:10,0.213
11/16/06 14:15,0.220
11/16/06 14:20,0.182
11/16/06 14:25,0.155
11/16/06 14:30,0.158
11/16/06 14:35,0.166
11/16/06 14:40,0.156
11/16/06 14:45,0.151
11/16/06 14:50,0.153
11/16/06 14:55,0.157
11/16/06 15:00,0.148
11/16/06 15:05,0.134
11/16/06 15:10,0.117
11/16/06 15:15,0.098
11/16/06 15:20,0.080
11/16/06 15:25,0.034
11/16/06 15:30,0.011
11/16/06 15:35,0.002
11/16/06 15:40,0.000
11/16/06 15:45,0.000
11/16/06 15:50,0.000
11/16/06 15:55,0.000
11/16/06 16:00,0.000
11/16/06 16:05,0.000
11/16/06 16:10,0.000
11/16/06 16:15,0.000
11/16/06 16:20,0.000
11/16/06 16:25,0.000
11/16/06 16:30,0.000
11/16/06 16:35,0.000
11/16/06 16:40,0.000
11/16/06 16:45,0.000
11/16/06 16:50,0.000
11/16/06 16:55,0.000
11/16/06 17:00,0.000
11/16/06 17:05,0.000
11/16/06 17:10,0.000
11/16/06 17:15,0.000
11/16/06 17:20,0.000
11/16/06 17:25,0.000
11/16/06 17:30,0.000
11/16/06 17:35,0.000
11/16/06 17:40,0.000
11/16/06 17:45,0.000
11/16/06 17:50,0.000
11/16/06 17:55,0.000
11/16/06 18:00,0.000
11/16/06 18:05,0.000
11/16/06 18:10,0.000
11/16/06 18:15,0.000
11/16/06 18:20,0.000
11/16/06 18:25,0.000
11/16/06 18:30,0.000
11/16/06 18:35,0.000
11/16/06 18:40,0.000
11/16/06 18:45,0.000
11/16/06 18:50,0.000
11/16/06 18:55,0.000
11/16/06 19:00,0.000
11/16/06 19:05,0.000
11/16/06 19:10,0.000
11/16/06 19:15,0.000
11/16/06 19:20,0.000
11/16/06 19:25,0.000
11/16/06 19:30,0.000
11/16/06 19:35,0.000
11/16/06 19:40,0.000
11/16/06 19:45,0.000
11/16/06 19:50,0.000
11/16/06 19:55,0.000
11/16/06 20:00,0.000
11/16/06 20:05,0.000
11/16/06 20:10,0.000
11/16/06 20:15,0.000
11/16/06 20:20,0.000
11/16/06 20:25,0.000
11/16/06 20:30,0.000
11/16/06 20:35,0.000
11/16/06 20:40,0.000
11/16/06 20:45,0.000
11/16/06 20:50,0.000
11/16/06 20:55,0.000
11/16/06 21:00,0.000
11/16/06 21:05,0.000
11/16/06 21:10,0.000
11/16/06 21:15,0.000
11/16/06 21:20,0.000
11/16/06 21:25,0.000
11/16/06 21:30,0.000
11/16/06 21:35,0.000
11/16/06 21:40,0.000
11/16/06 21:45,0.000
11/16/06 21:50,0.000
11/16/06 21:55,0.000
11/16/06 22:00,0.000
11/16/06 22:05,0.000
11/16/06 22:10,0.000
11/16/06 22:15,0.000
11/16/06 22:20,0.000
11/16/06 22:25,0.000
11/16/06 22:30,0.000
11/16/06 22:35,0.000
11/16/06 22:40,0.000
11/16/06 22:45,0.000
11/16/06 22:50,0.000
11/16/06 22:55,0.000
11/16/06 23:00,0.000
11/16/06 23:05,0.000
11/16/06 23:10,0.000
11/16/06 23:15,0.000
11/16/06 23:20,0.000
11/16/06 23:25,0.000
11/16/06 23:30,0.000
11/16/06 23:35,0.000
11/16/06 23:40,0.000
11/16/06 23:45,0.000
11/16/06 23:50,0.000
11/16/06 23:55,0.000
11/17/06 00:00,0.000
11/17/06 00:05,0.000
11/17/06 00:10,0.000
11/17/06 00:15,0.000
11/17/06 00:20,0.000
11/17/06 00:25,0.000
11/17/06 00:30,0.000
11/17/06 00:35,0.000
11/17/06 00:40,0.000
11/17/06 00:45,0.000
11/17/06 00:50,0.000
11/17/06 00:55,0.000
11/17/06 01:00,0.000
11/17/06 01:05,0.000
11/17/06 01:10,0.000
11/17/06 01:15,0.000
11/17/06 01:20,0.000
11/17/06 01:25,0.000
11/17/06 01:30,0.000
11/17/06 01:35,0.000
11/17/06 01:40,0.000
11/17/06 01:45,0.000
11/17/06 01:50,0.000
11/17/06 01:55,0.000
11/17/06 02:00,0.000
11/17/06 02:05,0.000
11/17/06 02:10,0.000
11/17/06 02:15,0.000
11/17/06 02:20,0.000
11/17/06 02:25,0.000
11/17/06 02:30,0.000
11/17/06 02:35,0.000
11/17/06 02:40,0.000
11/17/06 02:45,0.000
11/17/06 02:50,0.000
11/17/06 02:55,0.000
11/17/06 03:00,0.000
11/17/06 03:05,0.000
11/17/06 03:10,0.000
11/17/06 03:15,0.000
11/17/06 03:20,0.000
11/17/06 03:25,0.000
11/17/06 03:30,0.000
11/17/06 03:35,0.000
11/17/06 03:40,0.000
11/17/06 03:45,0.000
11/17/06 03:50,0.000
11/17/06 03:55,0.000
11/17/06 04:00,0.000
11/17/06 04:05,0.000
11/17/06 04:10,0.000
11/17/06 04:15,0.000
11/17/06 04:20,0.000
11/17/06 04:25,0.000
11/17/06 04:30,0.000
11/17/06 04:35,0.000
11/17/06 04:40,0.000
11/17/06 04:45,0.000
11/17/06 04:50,0.000
11/17/06 04:55,0.000
11/17/06 05:00,0.000
11/17/06 05:05,0.000
11/17/06 05:10,0.000
11/17/06 05:15,0.000
11/17/06 05:20,0.000
11/17/06 05:25,0.000
11/17/06 05:30,0.000
11/17/06 05:35,0.000
11/17/06 05:40,0.000
11/17/06 05:45,0.000
11/17/06 05:50,0.000
11/17/06 05:55,0.000
11/17/06 06:00,0.000
11/17/06 06:05,0.000
11/17/06 06:10,0.000
11/17/06 06:15,0.000
11/17/06 06:20,0.000
11/17/06 06:25,0.000
11/17/06 06:30,0.000
11/17/06 06:35,0.000
11/17/06 06:40,0.000
11/17/06 06:45,0.000
11/17/06 06:50,0.000
11/17/06 06:55,0.000
11/17/06 07:00,0.000
11/17/06 07:05,0.000
11/17/06 07:10,0.000
11/17/06 07:15,0.000
11/17/06 07:20,0.000
11/17/06 07:25,0.000
11/17/06 07:30,0.000
11/17/06 07:35,0.002
11/17/06 07:40,0.011
11/17/06 07:45,0.041
11/17/06 07:50,0.086
11/17/06 07:55,0.107
11/17/06 08:00,0.128
11/17/06 08:05,0.146
11/17/06 08:10,0.164
11/17/06 08:15,0.181
11/17/06 08:20,0.197
11/17/06 08:25,0.212
11/17/06 08:30,0.227
11/17/06 08:35,0.240
11/17/06 08:40,0.253
11/17/06 08:45,0.265
11/17/06 08:50,0.277
11/17/06 08:55,0.290
11/17/06 09:00,0.305
11/17/06 09:05,0.321
11/17/06 09:10,0.337
11/17/06 09:15,0.353
11/17/06 09:20,0.364
11/17/06 09:25,0.373
11/17/06 09:30,0.374
11/17/06 09:35,0.369
11/17/06 09:40,0.355
11/17/06 09:45,0.339
11/17/06 09:50,0.334
11/17/06 09:55,0.334
11/17/06 10:00,0.338
11/17/06 10:05,0.341
11/17/06 10:10,0.340
11/17/06 10:15,0.338
11/17/06 10:20,0.339
11/17/06 10:25,0.335
11/17/06 10:30,0.329
11/17/06 10:35,0.326
11/17/06 10:40,0.324
11/17/06 10:45,0.323
11/17/06 10:50,0.321
11/17/06 10:55,0.319
11/17/06 11:00,0.320
11/17/06 11:05,0.321
11/17/06 11:10,0.342
11/17/06 11:15,0.329
11/17/06 11:20,0.336
11/17/06 11:25,0.377
11/17/06 11:30,0.387
11/17/06 11:35,0.376
11/17/06 11:40,0.368
11/17/06 11:45,0.362
11/17/06 11:50,0.318
11/17/06 11:55,0.300
11/17/06 12:00,0.316
11/17/06 12:05,0.324
11/17/06 12:10,0.325
11/17/06 12:15,0.328
11/17/06 12:20,0.325
11/17/06 12:25,0.326
11/17/06 12:30,0.333
11/17/06 12:35,0.318
11/17/06 12:40,0.319
11/17/06 12:45,0.315
11/17/06 12:50,0.316
11/17/06 12:55,0.310
11/17/06 13:00,0.300
11/17/06 13:05,0.291
11/17/06 13:10,0.248
11/17/06 13:15,0.215
11/17/06 13:20,0.198
11/17/06 13:25,0.179
11/17/06 13:30,0.173
11/17/06 13:35,0.194
11/17/06 13:40,0.188
11/17/06 13:45,0.211
11/17/06 13:50,0.216
11/17/06 13:55,0.211
11/17/06 14:00,0.213
11/17/06 14:05,0.216
11/17/06 14:10,0.219
11/17/06 14:15,0.218
11/17/06 14:20,0.216
11/17/06 14:25,0.208
11/17/06 14:30,0.198
11/17/06 14:35,0.188
11/17/06 14:40,0.179
11/17/06 14:45,0.165
11/17/06 14:50,0.145
11/17/06 14:55,0.128
11/17/06 15:00,0.130
11/17/06 15:05,0.112
11/17/06 15:10,0.078
11/17/06 15:15,0.018
11/17/06 15:20,0.008
11/17/06 15:25,0.010
11/17/06 15:30,0.010
11/17/06 15:35,0.004
11/17/06 15:40,0.001
11/17/06 15:45,0.000
11/17/06 15:50,0.000
11/17/06 15:55,0.000
11/17/06 16:00,0.000
11/17/06 16:05,0.000
11/17/06 16:10,0.000
11/17/06 16:15,0.000
11/17/06 16:20,0.000
11/17/06 16:25,0.000
11/17/06 16:30,0.000
11/17/06 16:35,0.000
11/17/06 16:40,0.000
11/17/06 16:45,0.000
11/17/06 16:50,0.000
11/17/06 16:55,0.000
11/17/06 17:00,0.000
11/17/06 17:05,0.000
11/17/06 17:10,0.000
11/17/06 17:15,0.000
11/17/06 17:20,0.000
11/17/06 17:25,0.000
11/17/06 17:30,0.000
11/17/06 17:35,0.000
11/17/06 17:40,0.000
11/17/06 17:45,0.000
11/17/06 17:50,0.000
11/17/06 17:55,0.000
11/17/06 18:00,0.000
11/17/06 18:05,0.000
11/17/06 18:10,0.000
11/17/06 18:15,0.000
11/17/06 18:20,0.000
11/17/06 18:25,0.000
11/17/06 18:30,0.000
11/17/06 18:35,0.000
11/17/06 18:40,0.000
11/17/06 18:45,0.000
11/17/06 18:50,0.000
11/17/06 18:55,0.000
11/17/06 19:00,0.000
11/17/06 19:05,0.000
11/17/06 19:10,0.000
11/17/06 19:15,0.000
11/17/06 19:20,0.000
11/17/06 19:25,0.000
11/17/06 19:30,0.000
11/17/06 19:35,0.000
11/17/06 19:40,0.000
11/17/06 19:45,0.000
11/17/06 19:50,0.000
11/17/06 19:55,0.000
11/17/06 20:00,0.000
11/17/06 20:05,0.000
11/17/06 20:10,0.000
11/17/06 20:15,0.000
11/17/06 20:20,0.000
11/17/06 20:25,0.000
11/17/06 20:30,0.000
11/17/06 20:35,0.000
11/17/06 20:40,0.000
11/17/06 20:45,0.000
11/17/06 20:50,0.000
11/17/06 20:55,0.000
11/17/06 21:00,0.000
11/17/06 21:05,0.000
11/17/06 21:10,0.000
11/17/06 21:15,0.000
11/17/06 21:20,0.000
11/17/06 21:25,0.000
11/17/06 21:30,0.000
11/17/06 21:35,0.000
11/17/06 21:40,0.000
11/17/06 21:45,0.000
11/17/06 21:50,0.000
11/17/06 21:55,0.000
11/17/06 22:00,0.000
11/17/06 22:05,0.000
11/17/06 22:10,0.000
11/17/06 22:15,0.000
11/17/06 22:20,0.000
11/17/06 22:25,0.000
11/17/06 22:30,0.000
11/17/06 22:35,0.000
11/17/06 22:40,0.000
11/17/06 22:45,0.000
11/17/06 22:50,0.000
11/17/06 22:55,0.000
11/17/06 23:00,0.000
11/17/06 23:05,0.000
11/17/06 23:10,0.000
11/17/06 23:15,0.000
11/17/06 23:20,0.000
11/17/06 23:25,0.000
11/17/06 23:30,0.000
11/17/06 23:35,0.000
11/17/06 23:40,0.000
11/17/06 23:45,0.000
11/17/06 23:50,0.000
11/17/06 23:55,0.000
11/18/06 00:00,0.000
11/18/06 00:05,0.000
11/18/06 00:10,0.000
11/18/06 00:15,0.000
11/18/06 00:20,0.000
11/18/06 00:25,0.000
11/18/06 00:30,0.000
11/18/06 00:35,0.000
11/18/06 00:40,0.000
11/18/06 00:45,0.000
11/18/06 00:50,0.000
11/18/06 00:55,0.000
11/18/06 01:00,0.000
11/18/06 01:05,0.000
11/18/06 01:10,0.000
11/18/06 01:15,0.000
11/18/06 01:20,0.000
11/18/06 01:25,0.000
11/18/06 01:30,0.000
11/18/06 01:35,0.000
11/18/06 01:40,0.000
11/18/06 01:45,0.000
11/18/06 01:50,0.000
11/18/06 01:55,0.000
11/18/06 02:00,0.000
11/18/06 02:05,0.000
11/18/06 02:10,0.000
11/18/06 02:15,0.000
11/18/06 02:20,0.000
11/18/06 02:25,0.000
11/18/06 02:30,0.000
11/18/06 02:35,0.000
11/18/06 02:40,0.000
11/18/06 02:45,0.000
11/18/06 02:50,0.000
11/18/06 02:55,0.000
11/18/06 03:00,0.000
11/18/06 03:05,0.000
11/18/06 03:10,0.000
11/18/06 03:15,0.000
11/18/06 03:20,0.000
11/18/06 03:25,0.000
11/18/06 03:30,0.000
11/18/06 03:35,0.000
11/18/06 03:40,0.000
11/18/06 03:45,0.000
11/18/06 03:50,0.000
11/18/06 03:55,0.000
11/18/06 04:00,0.000
11/18/06 04:05,0.000
11/18/06 04:10,0.000
11/18/06 04:15,0.000
11/18/06 04:20,0.000
11/18/06 04:25,0.000
11/18/06 04:30,0.000
11/18/06 04:35,0.000
11/18/06 04:40,0.000
11/18/06 04:45,0.000
11/18/06 04:50,0.000
11/18/06 04:55,0.000
11/18/06 05:00,0.000
11/18/06 05:05,0.000
11/18/06 05:10,0.000
11/18/06 05:15,0.000
11/18/06 05:20,0.000
11/18/06 05:25,0.000
11/18/06 05:30,0.000
11/18/06 05:35,0.000
11/18/06 05:40,0.000
11/18/06 05:45,0.000
11/18/06 05:50,0.000
11/18/06 05:55,0.000
11/18/06 06:00,0.000
11/18/06 06:05,0.000
11/18/06 06:10,0.000
11/18/06 06:15,0.000
11/18/06 06:20,0.000
11/18/06 06:25,0.000
11/18/06 06:30,0.000
11/18/06 06:35,0.000
11/18/06 06:40,0.000
11/18/06 06:45,0.000
11/18/06 06:50,0.000
11/18/06 06:55,0.000
11/18/06 07:00,0.000
11/18/06 07:05,0.000
11/18/06 07:10,0.000
11/18/06 07:15,0.000
11/18/06 07:20,0.000
11/18/06 07:25,0.000
11/18/06 07:30,0.000
11/18/06 07:35,0.000
11/18/06 07:40,0.002
11/18/06 07:45,0.011
11/18/06 07:50,0.046
11/18/06 07:55,0.088
11/18/06 08:00,0.111
11/18/06 08:05,0.131
11/18/06 08:10,0.150
11/18/06 08:15,0.167
11/18/06 08:20,0.183
11/18/06 08:25,0.198
11/18/06 08:30,0.213
11/18/06 08:35,0.229
11/18/06 08:40,0.244
11/18/06 08:45,0.258
11/18/06 08:50,0.272
11/18/06 08:55,0.286
11/18/06 09:00,0.294
11/18/06 09:05,0.300
11/18/06 09:10,0.304
11/18/06 09:15,0.306
11/18/06 09:20,0.309
11/18/06 09:25,0.317
11/18/06 09:30,0.321
11/18/06 09:35,0.324
11/18/06 09:40,0.324
11/18/06 09:45,0.322
11/18/06 09:50,0.321
11/18/06 09:55,0.318
11/18/06 10:00,0.322
11/18/06 10:05,0.309
11/18/06 10:10,0.296
11/18/06 10:15,0.283
11/18/06 10:20,0.278
11/18/06 10:25,0.261
11/18/06 10:30,0.224
11/18/06 10:35,0.200
11/18/06 10:40,0.183
11/18/06 10:45,0.167
11/18/06 10:50,0.156
11/18/06 10:55,0.154
11/18/06 11:00,0.178
11/18/06 11:05,0.212
11/18/06 11:10,0.227
11/18/06 11:15,0.234
11/18/06 11:20,0.242
11/18/06 11:25,0.249
11/18/06 11:30,0.260
11/18/06 11:35,0.281
11/18/06 11:40,0.296
11/18/06 11:45,0.303
11/18/06 11:50,0.311
11/18/06 11:55,0.318
11/18/06 12:00,0.340
11/18/06 12:05,0.356
11/18/06 12:10,0.365
11/18/06 12:15,0.369
11/18/06 12:20,0.369
11/18/06 12:25,0.367
11/18/06 12:30,0.363
11/18/06 12:35,0.358
11/18/06 12:40,0.352
11/18/06 12:45,0.344
11/18/06 12:50,0.338
11/18/06 12:55,0.332
11/18/06 13:00,0.314
11/18/06 13:05,0.293
11/18/06 13:10,0.269
11/18/06 13:15,0.261
11/18/06 13:20,0.266
11/18/06 13:25,0.266
11/18/06 13:30,0.262
11/18/06 13:35,0.251
11/18/06 13:40,0.247
11/18/06 13:45,0.258
11/18/06 13:50,0.233
11/18/06 13:55,0.194
11/18/06 14:00,0.180
11/18/06 14:05,0.173
11/18/06 14:10,0.169
11/18/06 14:15,0.165
11/18/06 14:20,0.162
11/18/06 14:25,0.160
11/18/06 14:30,0.158
11/18/06 14:35,0.156
11/18/06 14:40,0.153
11/18/06 14:45,0.149
11/18/06 14:50,0.145
11/18/06 14:55,0.139
11/18/06 15:00,0.128
11/18/06 15:05,0.112
11/18/06 15:10,0.094
11/18/06 15:15,0.070
11/18/06 15:20,0.026
11/18/06 15:25,0.005
11/18/06 15:30,0.000
11/18/06 15:35,0.000
11/18/06 15:40,0.000
11/18/06 15:45,0.000
11/18/06 15:50,0.000
11/18/06 15:55,0.000
11/18/06 16:00,0.000
11/18/06 16:05,0.000
11/18/06 16:10,0.000
11/18/06 16:15,0.000
11/18/06 16:20,0.000
11/18/06 16:25,0.000
11/18/06 16:30,0.000
11/18/06 16:35,0.000
11/18/06 16:40,0.000
11/18/06 16:45,0.000
11/18/06 16:50,0.000
11/18/06 16:55,0.000
11/18/06 17:00,0.000
11/18/06 17:05,0.000
11/18/06 17:10,0.000
11/18/06 17:15,0.000
11/18/06 17:20,0.000
11/18/06 17:25,0.000
11/18/06 17:30,0.000
11/18/06 17:35,0.000
11/18/06 17:40,0.000
11/18/06 17:45,0.000
11/18/06 17:50,0.000
11/18/06 17:55,0.000
11/18/06 18:00,0.000
11/18/06 18:05,0.000
11/18/06 18:10,0.000
11/18/06 18:15,0.000
11/18/06 18:20,0.000
11/18/06 18:25,0.000
11/18/06 18:30,0.000
11/18/06 18:35,0.000
11/18/06 18:40,0.000
11/18/06 18:45,0.000
11/18/06 18:50,0.000
11/18/06 18:55,0.000
11/18/06 19:00,0.000
11/18/06 19:05,0.000
11/18/06 19:10,0.000
11/18/06 19:15,0.000
11/18/06 19:20,0.000
11/18/06 19:25,0.000
11/18/06 19:30,0.000
11/18/06 19:35,0.000
11/18/06 19:40,0.000
11/18/06 19:45,0.000
11/18/06 19:50,0.000
11/18/06 19:55,0.000
11/18/06 20:00,0.000
11/18/06 20:05,0.000
11/18/06 20:10,0.000
11/18/06 20:15,0.000
11/18/06 20:20,0.000
11/18/06 20:25,0.000
11/18/06 20:30,0.000
11/18/06 20:35,0.000
11/18/06 20:40,0.000
11/18/06 20:45,0.000
11/18/06 20:50,0.000
11/18/06 20:55,0.000
11/18/06 21:00,0.000
11/18/06 21:05,0.000
11/18/06 21:10,0.000
11/18/06 21:15,0.000
11/18/06 21:20,0.000
11/18/06 21:25,0.000
11/18/06 21:30,0.000
11/18/06 21:35,0.000
11/18/06 21:40,0.000
11/18/06 21:45,0.000
11/18/06 21:50,0.000
11/18/06 21:55,0.000
11/18/06 22:00,0.000
11/18/06 22:05,0.000
11/18/06 22:10,0.000
11/18/06 22:15,0.000
11/18/06 22:20,0.000
11/18/06 22:25,0.000
11/18/06 22:30,0.000
11/18/06 22:35,0.000
11/18/06 22:40,0.000
11/18/06 22:45,0.000
11/18/06 22:50,0.000
11/18/06 22:55,0.000
11/18/06 23:00,0.000
11/18/06 23:05,0.000
11/18/06 23:10,0.000
11/18/06 23:15,0.000
11/18/06 23:20,0.000
11/18/06 23:25,0.000
11/18/06 23:30,0.000
11/18/06 23:35,0.000
11/18/06 23:40,0.000
11/18/06 23:45,0.000
11/18/06 23:50,0.000
11/18/06 23:55,0.000
11/19/06 00:00,0.000
11/19/06 00:05,0.000
11/19/06 00:10,0.000
11/19/06 00:15,0.000
11/19/06 00:20,0.000
11/19/06 00:25,0.000
11/19/06 00:30,0.000
11/19/06 00:35,0.000
11/19/06 00:40,0.000
11/19/06 00:45,0.000
11/19/06 00:50,0.000
11/19/06 00:55,0.000
11/19/06 01:00,0.000
11/19/06 01:05,0.000
11/19/06 01:10,0.000
11/19/06 01:15,0.000
11/19/06 01:20,0.000
11/19/06 01:25,0.000
11/19/06 01:30,0.000
11/19/06 01:35,0.000
11/19/06 01:40,0.000
11/19/06 01:45,0.000
11/19/06 01:50,0.000
11/19/06 01:55,0.000
11/19/06 02:00,0.000
11/19/06 02:05,0.000
11/19/06 02:10,0.000
11/19/06 02:15,0.000
11/19/06 02:20,0.000
11/19/06 02:25,0.000
11/19/06 02:30,0.000
11/19/06 02:35,0.000
11/19/06 02:40,0.000
11/19/06 02:45,0.000
11/19/06 02:50,0.000
11/19/06 02:55,0.000
11/19/06 03:00,0.000
11/19/06 03:05,0.000
11/19/06 03:10,0.000
11/19/06 03:15,0.000
11/19/06 03:20,0.000
11/19/06 03:25,0.000
11/19/06 03:30,0.000
11/19/06 03:35,0.000
11/19/06 03:40,0.000
11/19/06 03:45,0.000
11/19/06 03:50,0.000
11/19/06 03:55,0.000
11/19/06 04:00,0.000
11/19/06 04:05,0.000
11/19/06 04:10,0.000
11/19/06 04:15,0.000
11/19/06 04:20,0.000
11/19/06 04:25,0.000
11/19/06 04:30,0.000
11/19/06 04:35,0.000
11/19/06 04:40,0.000
11/19/06 04:45,0.000
11/19/06 04:50,0.000
11/19/06 04:55,0.000
11/19/06 05:00,0.000
11/19/06 05:05,0.000
11/19/06 05:10,0.000
11/19/06 05:15,0.000
11/19/06 05:20,0.000
11/19/06 05:25,0.000
11/19/06 05:30,0.000
11/19/06 05:35,0.000
11/19/06 05:40,0.000
11/19/06 05:45,0.000
11/19/06 05:50,0.000
11/19/06 05:55,0.000
11/19/06 06:00,0.000
11/19/06 06:05,0.000
11/19/06 06:10,0.000
11/19/06 06:15,0.000
11/19/06 06:20,0.000
11/19/06 06:25,0.000
11/19/06 06:30,0.000
11/19/06 06:35,0.000
11/19/06 06:40,0.000
11/19/06 06:45,0.000
11/19/06 06:50,0.000
11/19/06 06:55,0.000
11/19/06 07:00,0.000
11/19/06 07:05,0.000
11/19/06 07:10,0.000
11/19/06 07:15,0.000
11/19/06 07:20,0.000
11/19/06 07:25,0.000
11/19/06 07:30,0.000
11/19/06 07:35,0.003
11/19/06 07:40,0.015
11/19/06 07:45,0.050
11/19/06 07:50,0.089
11/19/06 07:55,0.093
11/19/06 08:00,0.077
11/19/06 08:05,0.038
11/19/06 08:10,0.029
11/19/06 08:15,0.017
11/19/06 08:20,0.013
11/19/06 08:25,0.010
11/19/06 08:30,0.016
11/19/06 08:35,0.075
11/19/06 08:40,0.101
11/19/06 08:45,0.105
11/19/06 08:50,0.103
11/19/06 08:55,0.089
11/19/06 09:00,0.051
11/19/06 09:05,0.020
11/19/06 09:10,0.010
11/19/06 09:15,0.008
11/19/06 09:20,0.007
11/19/06 09:25,0.008
11/19/06 09:30,0.009
11/19/06 09:35,0.009
11/19/06 09:40,0.009
11/19/06 09:45,0.008
11/19/06 09:50,0.007
11/19/06 09:55,0.007
11/19/06 10:00,0.009
11/19/06 10:05,0.013
11/19/06 10:10,0.019
11/19/06 10:15,0.028
11/19/06 10:20,0.046
11/19/06 10:25,0.082
11/19/06 10:30,0.087
11/19/06 10:35,0.091
11/19/06 10:40,0.096
11/19/06 10:45,0.104
11/19/06 10:50,0.105
11/19/06 10:55,0.104
11/19/06 11:00,0.094
11/19/06 11:05,0.087
11/19/06 11:10,0.074
11/19/06 11:15,0.059
11/19/06 11:20,0.053
11/19/06 11:25,0.051
11/19/06 11:30,0.048
11/19/06 11:35,0.042
11/19/06 11:40,0.035
11/19/06 11:45,0.031
11/19/06 11:50,0.028
11/19/06 11:55,0.025
11/19/06 12:00,0.027
11/19/06 12:05,0.028
11/19/06 12:10,0.029
11/19/06 12:15,0.053
11/19/06 12:20,0.134
11/19/06 12:25,0.172
11/19/06 12:30,0.186
11/19/06 12:35,0.178
11/19/06 12:40,0.192
11/19/06 12:45,0.170
11/19/06 12:50,0.193
11/19/06 12:55,0.201
11/19/06 13:00,0.170
11/19/06 13:05,0.150
11/19/06 13:10,0.133
11/19/06 13:15,0.120
11/19/06 13:20,0.108
11/19/06 13:25,0.091
11/19/06 13:30,0.077
11/19/06 13:35,0.033
11/19/06 13:40,0.019
11/19/06 13:45,0.008
11/19/06 13:50,0.003
11/19/06 13:55,0.001
11/19/06 14:00,0.001
11/19/06 14:05,0.001
11/19/06 14:10,0.001
11/19/06 14:15,0.000
11/19/06 14:20,0.000
11/19/06 14:25,0.000
11/19/06 14:30,0.000
11/19/06 14:35,0.000
11/19/06 14:40,0.000
11/19/06 14:45,0.000
11/19/06 14:50,0.000
11/19/06 14:55,0.000
11/19/06 15:00,0.000
11/19/06 15:05,0.000
11/19/06 15:10,0.000
11/19/06 15:15,0.000
11/19/06 15:20,0.000
11/19/06 15:25,0.000
11/19/06 15:30,0.000
11/19/06 15:35,0.000
11/19/06 15:40,0.000
11/19/06 15:45,0.000
11/19/06 15:50,0.000
11/19/06 15:55,0.000
11/19/06 16:00,0.000
11/19/06 16:05,0.000
11/19/06 16:10,0.000
11/19/06 16:15,0.000
11/19/06 16:20,0.000
11/19/06 16:25,0.000
11/19/06 16:30,0.000
11/19/06 16:35,0.000
11/19/06 16:40,0.000
11/19/06 16:45,0.000
11/19/06 16:50,0.000
11/19/06 16:55,0.000
11/19/06 17:00,0.000
11/19/06 17:05,0.000
11/19/06 17:10,0.000
11/19/06 17:15,0.000
11/19/06 17:20,0.000
11/19/06 17:25,0.000
11/19/06 17:30,0.000
11/19/06 17:35,0.000
11/19/06 17:40,0.000
11/19/06 17:45,0.000
11/19/06 17:50,0.000
11/19/06 17:55,0.000
11/19/06 18:00,0.000
11/19/06 18:05,0.000
11/19/06 18:10,0.000
11/19/06 18:15,0.000
11/19/06 18:20,0.000
11/19/06 18:25,0.000
11/19/06 18:30,0.000
11/19/06 18:35,0.000
11/19/06 18:40,0.000
11/19/06 18:45,0.000
11/19/06 18:50,0.000
11/19/06 18:55,0.000
11/19/06 19:00,0.000
11/19/06 19:05,0.000
11/19/06 19:10,0.000
11/19/06 19:15,0.000
11/19/06 19:20,0.000
11/19/06 19:25,0.000
11/19/06 19:30,0.000
11/19/06 19:35,0.000
11/19/06 19:40,0.000
11/19/06 19:45,0.000
11/19/06 19:50,0.000
11/19/06 19:55,0.000
11/19/06 20:00,0.000
11/19/06 20:05,0.000
11/19/06 20:10,0.000
11/19/06 20:15,0.000
11/19/06 20:20,0.000
11/19/06 20:25,0.000
11/19/06 20:30,0.000
11/19/06 20:35,0.000
11/19/06 20:40,0.000
11/19/06 20:45,0.000
11/19/06 20:50,0.000
11/19/06 20:55,0.000
11/19/06 21:00,0.000
11/19/06 21:05,0.000
11/19/06 21:10,0.000
11/19/06 21:15,0.000
11/19/06 21:20,0.000
11/19/06 21:25,0.000
11/19/06 21:30,0.000
11/19/06 21:35,0.000
11/19/06 21:40,0.000
11/19/06 21:45,0.000
11/19/06 21:50,0.000
11/19/06 21:55,0.000
11/19/06 22:00,0.000
11/19/06 22:05,0.000
11/19/06 22:10,0.000
11/19/06 22:15,0.000
11/19/06 22:20,0.000
11/19/06 22:25,0.000
11/19/06 22:30,0.000
11/19/06 22:35,0.000
11/19/06 22:40,0.000
11/19/06 22:45,0.000
11/19/06 22:50,0.000
11/19/06 22:55,0.000
11/19/06 23:00,0.000
11/19/06 23:05,0.000
11/19/06 23:10,0.000
11/19/06 23:15,0.000
11/19/06 23:20,0.000
11/19/06 23:25,0.000
11/19/06 23:30,0.000
11/19/06 23:35,0.000
11/19/06 23:40,0.000
11/19/06 23:45,0.000
11/19/06 23:50,0.000
11/19/06 23:55,0.000
11/20/06 00:00,0.000
11/20/06 00:05,0.000
11/20/06 00:10,0.000
11/20/06 00:15,0.000
11/20/06 00:20,0.000
11/20/06 00:25,0.000
11/20/06 00:30,0.000
11/20/06 00:35,0.000
11/20/06 00:40,0.000
11/20/06 00:45,0.000
11/20/06 00:50,0.000
11/20/06 00:55,0.000
11/20/06 01:00,0.000
11/20/06 01:05,0.000
11/20/06 01:10,0.000
11/20/06 01:15,0.000
11/20/06 01:20,0.000
11/20/06 01:25,0.000
11/20/06 01:30,0.000
11/20/06 01:35,0.000
11/20/06 01:40,0.000
11/20/06 01:45,0.000
11/20/06 01:50,0.000
11/20/06 01:55,0.000
11/20/06 02:00,0.000
11/20/06 02:05,0.000
11/20/06 02:10,0.000
11/20/06 02:15,0.000
11/20/06 02:20,0.000
11/20/06 02:25,0.000
11/20/06 02:30,0.000
11/20/06 02:35,0.000
11/20/06 02:40,0.000
11/20/06 02:45,0.000
11/20/06 02:50,0.000
11/20/06 02:55,0.000
11/20/06 03:00,0.000
11/20/06 03:05,0.000
11/20/06 03:10,0.000
11/20/06 03:15,0.000
11/20/06 03:20,0.000
11/20/06 03:25,0.000
11/20/06 03:30,0.000
11/20/06 03:35,0.000
11/20/06 03:40,0.000
11/20/06 03:45,0.000
11/20/06 03:50,0.000
11/20/06 03:55,0.000
11/20/06 04:00,0.000
11/20/06 04:05,0.000
11/20/06 04:10,0.000
11/20/06 04:15,0.000
11/20/06 04:20,0.000
11/20/06 04:25,0.000
11/20/06 04:30,0.000
11/20/06 04:35,0.000
11/20/06 04:40,0.000
11/20/06 04:45,0.000
11/20/06 04:50,0.000
11/20/06 04:55,0.000
11/20/06 05:00,0.000
11/20/06 05:05,0.000
11/20/06 05:10,0.000
11/20/06 05:15,0.000
11/20/06 05:20,0.000
11/20/06 05:25,0.000
11/20/06 05:30,0.000
11/20/06 05:35,0.000
11/20/06 05:40,0.000
11/20/06 05:45,0.000
11/20/06 05:50,0.000
11/20/06 05:55,0.000
11/20/06 06:00,0.000
11/20/06 06:05,0.000
11/20/06 06:10,0.000
11/20/06 06:15,0.000
11/20/06 06:20,0.000
11/20/06 06:25,0.000
11/20/06 06:30,0.000
11/20/06 06:35,0.000
11/20/06 06:40,0.000
11/20/06 06:45,0.000
11/20/06 06:50,0.000
11/20/06 06:55,0.000
11/20/06 07:00,0.000
11/20/06 07:05,0.000
11/20/06 07:10,0.000
11/20/06 07:15,0.000
11/20/06 07:20,0.000
11/20/06 07:25,0.000
11/20/06 07:30,0.000
11/20/06 07:35,0.000
11/20/06 07:40,0.000
11/20/06 07:45,0.001
11/20/06 07:50,0.003
11/20/06 07:55,0.012
11/20/06 08:00,0.059
11/20/06 08:05,0.097
11/20/06 08:10,0.122
11/20/06 08:15,0.142
11/20/06 08:20,0.160
11/20/06 08:25,0.178
11/20/06 08:30,0.195
11/20/06 08:35,0.212
11/20/06 08:40,0.228
11/20/06 08:45,0.243
11/20/06 08:50,0.258
11/20/06 08:55,0.272
11/20/06 09:00,0.281
11/20/06 09:05,0.287
11/20/06 09:10,0.289
11/20/06 09:15,0.286
11/20/06 09:20,0.280
11/20/06 09:25,0.269
11/20/06 09:30,0.254
11/20/06 09:35,0.234
11/20/06 09:40,0.210
11/20/06 09:45,0.181
11/20/06 09:50,0.155
11/20/06 09:55,0.127
11/20/06 10:00,0.103
11/20/06 10:05,0.075
11/20/06 10:10,0.031
11/20/06 10:15,0.021
11/20/06 10:20,0.014
11/20/06 10:25,0.043
11/20/06 10:30,0.052
11/20/06 10:35,0.050
11/20/06 10:40,0.053
11/20/06 10:45,0.056
11/20/06 10:50,0.060
11/20/06 10:55,0.070
11/20/06 11:00,0.087
11/20/06 11:05,0.062
11/20/06 11:10,0.032
11/20/06 11:15,0.020
11/20/06 11:20,0.014
11/20/06 11:25,0.014
11/20/06 11:30,0.012
11/20/06 11:35,0.012
11/20/06 11:40,0.007
11/20/06 11:45,0.004
11/20/06 11:50,0.003
11/20/06 11:55,0.002
11/20/06 12:00,0.003
11/20/06 12:05,0.003
11/20/06 12:10,0.004
11/20/06 12:15,0.005
11/20/06 12:20,0.005
11/20/06 12:25,0.005
11/20/06 12:30,0.004
11/20/06 12:35,0.003
11/20/06 12:40,0.003
11/20/06 12:45,0.003
11/20/06 12:50,0.003
11/20/06 12:55,0.002
11/20/06 13:00,0.002
11/20/06 13:05,0.001
11/20/06 13:10,0.001
11/20/06 13:15,0.002
11/20/06 13:20,0.006
11/20/06 13:25,0.012
11/20/06 13:30,0.026
11/20/06 13:35,0.085
11/20/06 13:40,0.101
11/20/06 13:45,0.118
11/20/06 13:50,0.138
11/20/06 13:55,0.150
11/20/06 14:00,0.140
11/20/06 14:05,0.112
11/20/06 14:10,0.105
11/20/06 14:15,0.101
11/20/06 14:20,0.113
11/20/06 14:25,0.117
11/20/06 14:30,0.122
11/20/06 14:35,0.126
11/20/06 14:40,0.120
11/20/06 14:45,0.087
11/20/06 14:50,0.057
11/20/06 14:55,0.015
11/20/06 15:00,0.016
11/20/06 15:05,0.014
11/20/06 15:10,0.021
11/20/06 15:15,0.019
11/20/06 15:20,0.037
11/20/06 15:25,0.033
11/20/06 15:30,0.020
11/20/06 15:35,0.008
11/20/06 15:40,0.003
11/20/06 15:45,0.000
11/20/06 15:50,0.000
11/20/06 15:55,0.000
11/20/06 16:00,0.000
11/20/06 16:05,0.000
11/20/06 16:10,0.000
11/20/06 16:15,0.000
11/20/06 16:20,0.000
11/20/06 16:25,0.000
11/20/06 16:30,0.000
11/20/06 16:35,0.000
11/20/06 16:40,0.000
11/20/06 16:45,0.000
11/20/06 16:50,0.000
11/20/06 16:55,0.000
11/20/06 17:00,0.000
11/20/06 17:05,0.000
11/20/06 17:10,0.000
11/20/06 17:15,0.000
11/20/06 17:20,0.000
11/20/06 17:25,0.000
11/20/06 17:30,0.000
11/20/06 17:35,0.000
11/20/06 17:40,0.000
11/20/06 17:45,0.000
11/20/06 17:50,0.000
11/20/06 17:55,0.000
11/20/06 18:00,0.000
11/20/06 18:05,0.000
11/20/06 18:10,0.000
11/20/06 18:15,0.000
11/20/06 18:20,0.000
11/20/06 18:25,0.000
11/20/06 18:30,0.000
11/20/06 18:35,0.000
11/20/06 18:40,0.000
11/20/06 18:45,0.000
11/20/06 18:50,0.000
11/20/06 18:55,0.000
11/20/06 19:00,0.000
11/20/06 19:05,0.000
11/20/06 19:10,0.000
11/20/06 19:15,0.000
11/20/06 19:20,0.000
11/20/06 19:25,0.000
11/20/06 19:30,0.000
11/20/06 19:35,0.000
11/20/06 19:40,0.000
11/20/06 19:45,0.000
11/20/06 19:50,0.000
11/20/06 19:55,0.000
11/20/06 20:00,0.000
11/20/06 20:05,0.000
11/20/06 20:10,0.000
11/20/06 20:15,0.000
11/20/06 20:20,0.000
11/20/06 20:25,0.000
11/20/06 20:30,0.000
11/20/06 20:35,0.000
11/20/06 20:40,0.000
11/20/06 20:45,0.000
11/20/06 20:50,0.000
11/20/06 20:55,0.000
11/20/06 21:00,0.000
11/20/06 21:05,0.000
11/20/06 21:10,0.000
11/20/06 21:15,0.000
11/20/06 21:20,0.000
11/20/06 21:25,0.000
11/20/06 21:30,0.000
11/20/06 21:35,0.000
11/20/06 21:40,0.000
11/20/06 21:45,0.000
11/20/06 21:50,0.000
11/20/06 21:55,0.000
11/20/06 22:00,0.000
11/20/06 22:05,0.000
11/20/06 22:10,0.000
11/20/06 22:15,0.000
11/20/06 22:20,0.000
11/20/06 22:25,0.000
11/20/06 22:30,0.000
11/20/06 22:35,0.000
11/20/06 22:40,0.000
11/20/06 22:45,0.000
11/20/06 22:50,0.000
11/20/06 22:55,0.000
11/20/06 23:00,0.000
11/20/06 23:05,0.000
11/20/06 23:10,0.000
11/20/06 23:15,0.000
11/20/06 23:20,0.000
11/20/06 23:25,0.000
11/20/06 23:30,0.000
11/20/06 23:35,0.000
11/20/06 23:40,0.000
11/20/06 23:45,0.000
11/20/06 23:50,0.000
11/20/06 23:55,0.000
11/21/06 00:00,0.000
11/21/06 00:05,0.000
11/21/06 00:10,0.000
11/21/06 00:15,0.000
11/21/06 00:20,0.000
11/21/06 00:25,0.000
11/21/06 00:30,0.000
11/21/06 00:35,0.000
11/21/06 00:40,0.000
11/21/06 00:45,0.000
11/21/06 00:50,0.000
11/21/06 00:55,0.000
11/21/06 01:00,0.000
11/21/06 01:05,0.000
11/21/06 01:10,0.000
11/21/06 01:15,0.000
11/21/06 01:20,0.000
11/21/06 01:25,0.000
11/21/06 01:30,0.000
11/21/06 01:35,0.000
11/21/06 01:40,0.000
11/21/06 01:45,0.000
11/21/06 01:50,0.000
11/21/06 01:55,0.000
11/21/06 02:00,0.000
11/21/06 02:05,0.000
11/21/06 02:10,0.000
11/21/06 02:15,0.000
11/21/06 02:20,0.000
11/21/06 02:25,0.000
11/21/06 02:30,0.000
11/21/06 02:35,0.000
11/21/06 02:40,0.000
11/21/06 02:45,0.000
11/21/06 02:50,0.000
11/21/06 02:55,0.000
11/21/06 03:00,0.000
11/21/06 03:05,0.000
11/21/06 03:10,0.000
11/21/06 03:15,0.000
11/21/06 03:20,0.000
11/21/06 03:25,0.000
11/21/06 03:30,0.000
11/21/06 03:35,0.000
11/21/06 03:40,0.000
11/21/06 03:45,0.000
11/21/06 03:50,0.000
11/21/06 03:55,0.000
11/21/06 04:00,0.000
11/21/06 04:05,0.000
11/21/06 04:10,0.000
11/21/06 04:15,0.000
11/21/06 04:20,0.000
11/21/06 04:25,0.000
11/21/06 04:30,0.000
11/21/06 04:35,0.000
11/21/06 04:40,0.000
11/21/06 04:45,0.000
11/21/06 04:50,0.000
11/21/06 04:55,0.000
11/21/06 05:00,0.000
11/21/06 05:05,0.000
11/21/06 05:10,0.000
11/21/06 05:15,0.000
11/21/06 05:20,0.000
11/21/06 05:25,0.000
11/21/06 05:30,0.000
11/21/06 05:35,0.000
11/21/06 05:40,0.000
11/21/06 05:45,0.000
11/21/06 05:50,0.000
11/21/06 05:55,0.000
11/21/06 06:00,0.000
11/21/06 06:05,0.000
11/21/06 06:10,0.000
11/21/06 06:15,0.000
11/21/06 06:20,0.000
11/21/06 06:25,0.000
11/21/06 06:30,0.000
11/21/06 06:35,0.000
11/21/06 06:40,0.000
11/21/06 06:45,0.000
11/21/06 06:50,0.000
11/21/06 06:55,0.000
11/21/06 07:00,0.000
11/21/06 07:05,0.000
11/21/06 07:10,0.000
11/21/06 07:15,0.000
11/21/06 07:20,0.000
11/21/06 07:25,0.000
11/21/06 07:30,0.000
11/21/06 07:35,0.000
11/21/06 07:40,0.000
11/21/06 07:45,0.001
11/21/06 07:50,0.005
11/21/06 07:55,0.031
11/21/06 08:00,0.081
11/21/06 08:05,0.066
11/21/06 08:10,0.019
11/21/06 08:15,0.005
11/21/06 08:20,0.001
11/21/06 08:25,0.000
11/21/06 08:30,0.000
11/21/06 08:35,0.000
11/21/06 08:40,0.000
11/21/06 08:45,0.005
11/21/06 08:50,0.044
11/21/06 08:55,0.106
11/21/06 09:00,0.143
11/21/06 09:05,0.169
11/21/06 09:10,0.205
11/21/06 09:15,0.233
11/21/06 09:20,0.215
11/21/06 09:25,0.188
11/21/06 09:30,0.189
11/21/06 09:35,0.158
11/21/06 09:40,0.122
11/21/06 09:45,0.078
11/21/06 09:50,0.104
11/21/06 09:55,0.124
11/21/06 10:00,0.148
11/21/06 10:05,0.160
11/21/06 10:10,0.206
11/21/06 10:15,0.237
11/21/06 10:20,0.251
11/21/06 10:25,0.278
11/21/06 10:30,0.252
11/21/06 10:35,0.231
11/21/06 10:40,0.210
11/21/06 10:45,0.209
11/21/06 10:50,0.233
11/21/06 10:55,0.249
11/21/06 11:00,0.242
11/21/06 11:05,0.233
11/21/06 11:10,0.226
11/21/06 11:15,0.213
11/21/06 11:20,0.200
11/21/06 11:25,0.194
11/21/06 11:30,0.198
11/21/06 11:35,0.192
11/21/06 11:40,0.186
11/21/06 11:45,0.178
11/21/06 11:50,0.172
11/21/06 11:55,0.169
11/21/06 12:00,0.161
11/21/06 12:05,0.152
11/21/06 12:10,0.145
11/21/06 12:15,0.135
11/21/06 12:20,0.126
11/21/06 12:25,0.110
11/21/06 12:30,0.100
11/21/06 12:35,0.087
11/21/06 12:40,0.045
11/21/06 12:45,0.014
11/21/06 12:50,0.004
11/21/06 12:55,0.001
11/21/06 13:00,0.002
11/21/06 13:05,0.003
11/21/06 13:10,0.003
11/21/06 13:15,0.002
11/21/06 13:20,0.002
11/21/06 13:25,0.002
11/21/06 13:30,0.001
11/21/06 13:35,0.001
11/21/06 13:40,0.001
11/21/06 13:45,0.001
11/21/06 13:50,0.001
11/21/06 13:55,0.001
11/21/06 14:00,0.001
11/21/06 14:05,0.000
11/21/06 14:10,0.000
11/21/06 14:15,0.000
11/21/06 14:20,0.000
11/21/06 14:25,0.000
11/21/06 14:30,0.001
11/21/06 14:35,0.002
11/21/06 14:40,0.001
11/21/06 14:45,0.001
11/21/06 14:50,0.001
11/21/06 14:55,0.001
11/21/06 15:00,0.001
11/21/06 15:05,0.002
11/21/06 15:10,0.003
11/21/06 15:15,0.015
11/21/06 15:20,0.020
11/21/06 15:25,0.005
11/21/06 15:30,0.001
11/21/06 15:35,0.000
11/21/06 15:40,0.000
11/21/06 15:45,0.000
11/21/06 15:50,0.000
11/21/06 15:55,0.000
11/21/06 16:00,0.000
11/21/06 16:05,0.000
11/21/06 16:10,0.000
11/21/06 16:15,0.000
11/21/06 16:20,0.000
11/21/06 16:25,0.000
11/21/06 16:30,0.000
11/21/06 16:35,0.000
11/21/06 16:40,0.000
11/21/06 16:45,0.000
11/21/06 16:50,0.000
11/21/06 16:55,0.000
11/21/06 17:00,0.000
11/21/06 17:05,0.000
11/21/06 17:10,0.000
11/21/06 17:15,0.000
11/21/06 17:20,0.000
11/21/06 17:25,0.000
11/21/06 17:30,0.000
11/21/06 17:35,0.000
11/21/06 17:40,0.000
11/21/06 17:45,0.000
11/21/06 17:50,0.000
11/21/06 17:55,0.000
11/21/06 18:00,0.000
11/21/06 18:05,0.000
11/21/06 18:10,0.000
11/21/06 18:15,0.000
11/21/06 18:20,0.000
11/21/06 18:25,0.000
11/21/06 18:30,0.000
11/21/06 18:35,0.000
11/21/06 18:40,0.000
11/21/06 18:45,0.000
11/21/06 18:50,0.000
11/21/06 18:55,0.000
11/21/06 19:00,0.000
11/21/06 19:05,0.000
11/21/06 19:10,0.000
11/21/06 19:15,0.000
11/21/06 19:20,0.000
11/21/06 19:25,0.000
11/21/06 19:30,0.000
11/21/06 19:35,0.000
11/21/06 19:40,0.000
11/21/06 19:45,0.000
11/21/06 19:50,0.000
11/21/06 19:55,0.000
11/21/06 20:00,0.000
11/21/06 20:05,0.000
11/21/06 20:10,0.000
11/21/06 20:15,0.000
11/21/06 20:20,0.000
11/21/06 20:25,0.000
11/21/06 20:30,0.000
11/21/06 20:35,0.000
11/21/06 20:40,0.000
11/21/06 20:45,0.000
11/21/06 20:50,0.000
11/21/06 20:55,0.000
11/21/06 21:00,0.000
11/21/06 21:05,0.000
11/21/06 21:10,0.000
11/21/06 21:15,0.000
11/21/06 21:20,0.000
11/21/06 21:25,0.000
11/21/06 21:30,0.000
11/21/06 21:35,0.000
11/21/06 21:40,0.000
11/21/06 21:45,0.000
11/21/06 21:50,0.000
11/21/06 21:55,0.000
11/21/06 22:00,0.000
11/21/06 22:05,0.000
11/21/06 22:10,0.000
11/21/06 22:15,0.000
11/21/06 22:20,0.000
11/21/06 22:25,0.000
11/21/06 22:30,0.000
11/21/06 22:35,0.000
11/21/06 22:40,0.000
11/21/06 22:45,0.000
11/21/06 22:50,0.000
11/21/06 22:55,0.000
11/21/06 23:00,0.000
11/21/06 23:05,0.000
11/21/06 23:10,0.000
11/21/06 23:15,0.000
11/21/06 23:20,0.000
11/21/06 23:25,0.000
11/21/06 23:30,0.000
11/21/06 23:35,0.000
11/21/06 23:40,0.000
11/21/06 23:45,0.000
11/21/06 23:50,0.000
11/21/06 23:55,0.000
11/22/06 00:00,0.000
11/22/06 00:05,0.000
11/22/06 00:10,0.000
11/22/06 00:15,0.000
11/22/06 00:20,0.000
11/22/06 00:25,0.000
11/22/06 00:30,0.000
11/22/06 00:35,0.000
11/22/06 00:40,0.000
11/22/06 00:45,0.000
11/22/06 00:50,0.000
11/22/06 00:55,0.000
11/22/06 01:00,0.000
11/22/06 01:05,0.000
11/22/06 01:10,0.000
11/22/06 01:15,0.000
11/22/06 01:20,0.000
11/22/06 01:25,0.000
11/22/06 01:30,0.000
11/22/06 01:35,0.000
11/22/06 01:40,0.000
11/22/06 01:45,0.000
11/22/06 01:50,0.000
11/22/06 01:55,0.000
11/22/06 02:00,0.000
11/22/06 02:05,0.000
11/22/06 02:10,0.000
11/22/06 02:15,0.000
11/22/06 02:20,0.000
11/22/06 02:25,0.000
11/22/06 02:30,0.000
11/22/06 02:35,0.000
11/22/06 02:40,0.000
11/22/06 02:45,0.000
11/22/06 02:50,0.000
11/22/06 02:55,0.000
11/22/06 03:00,0.000
11/22/06 03:05,0.000
11/22/06 03:10,0.000
11/22/06 03:15,0.000
11/22/06 03:20,0.000
11/22/06 03:25,0.000
11/22/06 03:30,0.000
11/22/06 03:35,0.000
11/22/06 03:40,0.000
11/22/06 03:45,0.000
11/22/06 03:50,0.000
11/22/06 03:55,0.000
11/22/06 04:00,0.000
11/22/06 04:05,0.000
11/22/06 04:10,0.000
11/22/06 04:15,0.000
11/22/06 04:20,0.000
11/22/06 04:25,0.000
11/22/06 04:30,0.000
11/22/06 04:35,0.000
11/22/06 04:40,0.000
11/22/06 04:45,0.000
11/22/06 04:50,0.000
11/22/06 04:55,0.000
11/22/06 05:00,0.000
11/22/06 05:05,0.000
11/22/06 05:10,0.000
11/22/06 05:15,0.000
11/22/06 05:20,0.000
11/22/06 05:25,0.000
11/22/06 05:30,0.000
11/22/06 05:35,0.000
11/22/06 05:40,0.000
11/22/06 05:45,0.000
11/22/06 05:50,0.000
11/22/06 05:55,0.000
11/22/06 06:00,0.000
11/22/06 06:05,0.000
11/22/06 06:10,0.000
11/22/06 06:15,0.000
11/22/06 06:20,0.000
11/22/06 06:25,0.000
11/22/06 06:30,0.000
11/22/06 06:35,0.000
11/22/06 06:40,0.000
11/22/06 06:45,0.000
11/22/06 06:50,0.000
11/22/06 06:55,0.000
11/22/06 07:00,0.000
11/22/06 07:05,0.000
11/22/06 07:10,0.000
11/22/06 07:15,0.000
11/22/06 07:20,0.000
11/22/06 07:25,0.000
11/22/06 07:30,0.000
11/22/06 07:35,0.000
11/22/06 07:40,0.000
11/22/06 07:45,0.001
11/22/06 07:50,0.008
11/22/06 07:55,0.014
11/22/06 08:00,0.007
11/22/06 08:05,0.004
11/22/06 08:10,0.002
11/22/06 08:15,0.002
11/22/06 08:20,0.002
11/22/06 08:25,0.002
11/22/06 08:30,0.003
11/22/06 08:35,0.004
11/22/06 08:40,0.005
11/22/06 08:45,0.006
11/22/06 08:50,0.007
11/22/06 08:55,0.009
11/22/06 09:00,0.013
11/22/06 09:05,0.027
11/22/06 09:10,0.072
11/22/06 09:15,0.092
11/22/06 09:20,0.094
11/22/06 09:25,0.100
11/22/06 09:30,0.121
11/22/06 09:35,0.137
11/22/06 09:40,0.155
11/22/06 09:45,0.188
11/22/06 09:50,0.206
11/22/06 09:55,0.223
11/22/06 10:00,0.206
11/22/06 10:05,0.184
11/22/06 10:10,0.174
11/22/06 10:15,0.170
11/22/06 10:20,0.162
11/22/06 10:25,0.153
11/22/06 10:30,0.133
11/22/06 10:35,0.123
11/22/06 10:40,0.115
11/22/06 10:45,0.106
11/22/06 10:50,0.097
11/22/06 10:55,0.083
11/22/06 11:00,0.073
11/22/06 11:05,0.051
11/22/06 11:10,0.049
11/22/06 11:15,0.053
11/22/06 11:20,0.047
11/22/06 11:25,0.043
11/22/06 11:30,0.051
11/22/06 11:35,0.070
11/22/06 11:40,0.075
11/22/06 11:45,0.087
11/22/06 11:50,0.100
11/22/06 11:55,0.110
11/22/06 12:00,0.086
11/22/06 12:05,0.058
11/22/06 12:10,0.025
11/22/06 12:15,0.021
11/22/06 12:20,0.016
11/22/06 12:25,0.015
11/22/06 12:30,0.014
11/22/06 12:35,0.012
11/22/06 12:40,0.010
11/22/06 12:45,0.009
11/22/06 12:50,0.008
11/22/06 12:55,0.007
11/22/06 13:00,0.006
11/22/06 13:05,0.005
11/22/06 13:10,0.006
11/22/06 13:15,0.006
11/22/06 13:20,0.009
11/22/06 13:25,0.015
11/22/06 13:30,0.020
11/22/06 13:35,0.021
11/22/06 13:40,0.020
11/22/06 13:45,0.015
11/22/06 13:50,0.015
11/22/06 13:55,0.016
11/22/06 14:00,0.011
11/22/06 14:05,0.009
11/22/06 14:10,0.007
11/22/06 14:15,0.006
11/22/06 14:20,0.005
11/22/06 14:25,0.004
11/22/06 14:30,0.004
11/22/06 14:35,0.003
11/22/06 14:40,0.003
11/22/06 14:45,0.002
11/22/06 14:50,0.001
11/22/06 14:55,0.001
11/22/06 15:00,0.000
11/22/06 15:05,0.000
11/22/06 15:10,0.000
11/22/06 15:15,0.000
11/22/06 15:20,0.000
11/22/06 15:25,0.000
11/22/06 15:30,0.000
11/22/06 15:35,0.000
11/22/06 15:40,0.000
11/22/06 15:45,0.000
11/22/06 15:50,0.000
11/22/06 15:55,0.000
11/22/06 16:00,0.000
11/22/06 16:05,0.000
11/22/06 16:10,0.000
11/22/06 16:15,0.000
11/22/06 16:20,0.000
11/22/06 16:25,0.000
11/22/06 16:30,0.000
11/22/06 16:35,0.000
11/22/06 16:40,0.000
11/22/06 16:45,0.000
11/22/06 16:50,0.000
11/22/06 16:55,0.000
11/22/06 17:00,0.000
11/22/06 17:05,0.000
11/22/06 17:10,0.000
11/22/06 17:15,0.000
11/22/06 17:20,0.000
11/22/06 17:25,0.000
11/22/06 17:30,0.000
11/22/06 17:35,0.000
11/22/06 17:40,0.000
11/22/06 17:45,0.000
11/22/06 17:50,0.000
11/22/06 17:55,0.000
11/22/06 18:00,0.000
11/22/06 18:05,0.000
11/22/06 18:10,0.000
11/22/06 18:15,0.000
11/22/06 18:20,0.000
11/22/06 18:25,0.000
11/22/06 18:30,0.000
11/22/06 18:35,0.000
11/22/06 18:40,0.000
11/22/06 18:45,0.000
11/22/06 18:50,0.000
11/22/06 18:55,0.000
11/22/06 19:00,0.000
11/22/06 19:05,0.000
11/22/06 19:10,0.000
11/22/06 19:15,0.000
11/22/06 19:20,0.000
11/22/06 19:25,0.000
11/22/06 19:30,0.000
11/22/06 19:35,0.000
11/22/06 19:40,0.000
11/22/06 19:45,0.000
11/22/06 19:50,0.000
11/22/06 19:55,0.000
11/22/06 20:00,0.000
11/22/06 20:05,0.000
11/22/06 20:10,0.000
11/22/06 20:15,0.000
11/22/06 20:20,0.000
11/22/06 20:25,0.000
11/22/06 20:30,0.000
11/22/06 20:35,0.000
11/22/06 20:40,0.000
11/22/06 20:45,0.000
11/22/06 20:50,0.000
11/22/06 20:55,0.000
11/22/06 21:00,0.000
11/22/06 21:05,0.000
11/22/06 21:10,0.000
11/22/06 21:15,0.000
11/22/06 21:20,0.000
11/22/06 21:25,0.000
11/22/06 21:30,0.000
11/22/06 21:35,0.000
11/22/06 21:40,0.000
11/22/06 21:45,0.000
11/22/06 21:50,0.000
11/22/06 21:55,0.000
11/22/06 22:00,0.000
11/22/06 22:05,0.000
11/22/06 22:10,0.000
11/22/06 22:15,0.000
11/22/06 22:20,0.000
11/22/06 22:25,0.000
11/22/06 22:30,0.000
11/22/06 22:35,0.000
11/22/06 22:40,0.000
11/22/06 22:45,0.000
11/22/06 22:50,0.000
11/22/06 22:55,0.000
11/22/06 23:00,0.000
11/22/06 23:05,0.000
11/22/06 23:10,0.000
11/22/06 23:15,0.000
11/22/06 23:20,0.000
11/22/06 23:25,0.000
11/22/06 23:30,0.000
11/22/06 23:35,0.000
11/22/06 23:40,0.000
11/22/06 23:45,0.000
11/22/06 23:50,0.000
11/22/06 23:55,0.000
11/23/06 00:00,0.000
11/23/06 00:05,0.000
11/23/06 00:10,0.000
11/23/06 00:15,0.000
11/23/06 00:20,0.000
11/23/06 00:25,0.000
11/23/06 00:30,0.000
11/23/06 00:35,0.000
11/23/06 00:40,0.000
11/23/06 00:45,0.000
11/23/06 00:50,0.000
11/23/06 00:55,0.000
11/23/06 01:00,0.000
11/23/06 01:05,0.000
11/23/06 01:10,0.000
11/23/06 01:15,0.000
11/23/06 01:20,0.000
11/23/06 01:25,0.000
11/23/06 01:30,0.000
11/23/06 01:35,0.000
11/23/06 01:40,0.000
11/23/06 01:45,0.000
11/23/06 01:50,0.000
11/23/06 01:55,0.000
11/23/06 02:00,0.000
11/23/06 02:05,0.000
11/23/06 02:10,0.000
11/23/06 02:15,0.000
11/23/06 02:20,0.000
11/23/06 02:25,0.000
11/23/06 02:30,0.000
11/23/06 02:35,0.000
11/23/06 02:40,0.000
11/23/06 02:45,0.000
11/23/06 02:50,0.000
11/23/06 02:55,0.000
11/23/06 03:00,0.000
11/23/06 03:05,0.000
11/23/06 03:10,0.000
11/23/06 03:15,0.000
11/23/06 03:20,0.000
11/23/06 03:25,0.000
11/23/06 03:30,0.000
11/23/06 03:35,0.000
11/23/06 03:40,0.000
11/23/06 03:45,0.000
11/23/06 03:50,0.000
11/23/06 03:55,0.000
11/23/06 04:00,0.000
11/23/06 04:05,0.000
11/23/06 04:10,0.000
11/23/06 04:15,0.000
11/23/06 04:20,0.000
11/23/06 04:25,0.000
11/23/06 04:30,0.000
11/23/06 04:35,0.000
11/23/06 04:40,0.000
11/23/06 04:45,0.000
11/23/06 04:50,0.000
11/23/06 04:55,0.000
11/23/06 05:00,0.000
11/23/06 05:05,0.000
11/23/06 05:10,0.000
11/23/06 05:15,0.000
11/23/06 05:20,0.000
11/23/06 05:25,0.000
11/23/06 05:30,0.000
11/23/06 05:35,0.000
11/23/06 05:40,0.000
11/23/06 05:45,0.000
11/23/06 05:50,0.000
11/23/06 05:55,0.000
11/23/06 06:00,0.000
11/23/06 06:05,0.000
11/23/06 06:10,0.000
11/23/06 06:15,0.000
11/23/06 06:20,0.000
11/23/06 06:25,0.000
11/23/06 06:30,0.000
11/23/06 06:35,0.000
11/23/06 06:40,0.000
11/23/06 06:45,0.000
11/23/06 06:50,0.000
11/23/06 06:55,0.000
11/23/06 07:00,0.000
11/23/06 07:05,0.000
11/23/06 07:10,0.000
11/23/06 07:15,0.000
11/23/06 07:20,0.000
11/23/06 07:25,0.000
11/23/06 07:30,0.000
11/23/06 07:35,0.000
11/23/06 07:40,0.000
11/23/06 07:45,0.000
11/23/06 07:50,0.002
11/23/06 07:55,0.014
11/23/06 08:00,0.031
11/23/06 08:05,0.073
11/23/06 08:10,0.089
11/23/06 08:15,0.098
11/23/06 08:20,0.108
11/23/06 08:25,0.115
11/23/06 08:30,0.120
11/23/06 08:35,0.124
11/23/06 08:40,0.128
11/23/06 08:45,0.133
11/23/06 08:50,0.141
11/23/06 08:55,0.152
11/23/06 09:00,0.169
11/23/06 09:05,0.179
11/23/06 09:10,0.183
11/23/06 09:15,0.181
11/23/06 09:20,0.174
11/23/06 09:25,0.164
11/23/06 09:30,0.149
11/23/06 09:35,0.138
11/23/06 09:40,0.124
11/23/06 09:45,0.102
11/23/06 09:50,0.079
11/23/06 09:55,0.027
11/23/06 10:00,0.030
11/23/06 10:05,0.119
11/23/06 10:10,0.170
11/23/06 10:15,0.165
11/23/06 10:20,0.130
11/23/06 10:25,0.113
11/23/06 10:30,0.101
11/23/06 10:35,0.096
11/23/06 10:40,0.099
11/23/06 10:45,0.101
11/23/06 10:50,0.099
11/23/06 10:55,0.097
11/23/06 11:00,0.080
11/23/06 11:05,0.047
11/23/06 11:10,0.040
11/23/06 11:15,0.024
11/23/06 11:20,0.018
11/23/06 11:25,0.017
11/23/06 11:30,0.015
11/23/06 11:35,0.014
11/23/06 11:40,0.014
11/23/06 11:45,0.017
11/23/06 11:50,0.021
11/23/06 11:55,0.023
11/23/06 12:00,0.053
11/23/06 12:05,0.103
11/23/06 12:10,0.159
11/23/06 12:15,0.174
11/23/06 12:20,0.198
11/23/06 12:25,0.246
11/23/06 12:30,0.268
11/23/06 12:35,0.226
11/23/06 12:40,0.148
11/23/06 12:45,0.094
11/23/06 12:50,0.073
11/23/06 12:55,0.078
11/23/06 13:00,0.115
11/23/06 13:05,0.151
11/23/06 13:10,0.173
11/23/06 13:15,0.186
11/23/06 13:20,0.197
11/23/06 13:25,0.208
11/23/06 13:30,0.203
11/23/06 13:35,0.198
11/23/06 13:40,0.198
11/23/06 13:45,0.202
11/23/06 13:50,0.204
11/23/06 13:55,0.212
11/23/06 14:00,0.190
11/23/06 14:05,0.158
11/23/06 14:10,0.134
11/23/06 14:15,0.114
11/23/06 14:20,0.100
11/23/06 14:25,0.089
11/23/06 14:30,0.084
11/23/06 14:35,0.082
11/23/06 14:40,0.074
11/23/06 14:45,0.046
11/23/06 14:50,0.040
11/23/06 14:55,0.048
11/23/06 15:00,0.014
11/23/06 15:05,0.002
11/23/06 15:10,0.001
11/23/06 15:15,0.000
11/23/06 15:20,0.000
11/23/06 15:25,0.001
11/23/06 15:30,0.000
11/23/06 15:35,0.000
11/23/06 15:40,0.000
11/23/06 15:45,0.000
11/23/06 15:50,0.000
11/23/06 15:55,0.000
11/23/06 16:00,0.000
11/23/06 16:05,0.000
11/23/06 16:10,0.000
11/23/06 16:15,0.000
11/23/06 16:20,0.000
11/23/06 16:25,0.000
11/23/06 16:30,0.000
11/23/06 16:35,0.000
11/23/06 16:40,0.000
11/23/06 16:45,0.000
11/23/06 16:50,0.000
11/23/06 16:55,0.000
11/23/06 17:00,0.000
11/23/06 17:05,0.000
11/23/06 17:10,0.000
11/23/06 17:15,0.000
11/23/06 17:20,0.000
11/23/06 17:25,0.000
11/23/06 17:30,0.000
11/23/06 17:35,0.000
11/23/06 17:40,0.000
11/23/06 17:45,0.000
11/23/06 17:50,0.000
11/23/06 17:55,0.000
11/23/06 18:00,0.000
11/23/06 18:05,0.000
11/23/06 18:10,0.000
11/23/06 18:15,0.000
11/23/06 18:20,0.000
11/23/06 18:25,0.000
11/23/06 18:30,0.000
11/23/06 18:35,0.000
11/23/06 18:40,0.000
11/23/06 18:45,0.000
11/23/06 18:50,0.000
11/23/06 18:55,0.000
11/23/06 19:00,0.000
11/23/06 19:05,0.000
11/23/06 19:10,0.000
11/23/06 19:15,0.000
11/23/06 19:20,0.000
11/23/06 19:25,0.000
11/23/06 19:30,0.000
11/23/06 19:35,0.000
11/23/06 19:40,0.000
11/23/06 19:45,0.000
11/23/06 19:50,0.000
11/23/06 19:55,0.000
11/23/06 20:00,0.000
11/23/06 20:05,0.000
11/23/06 20:10,0.000
11/23/06 20:15,0.000
11/23/06 20:20,0.000
11/23/06 20:25,0.000
11/23/06 20:30,0.000
11/23/06 20:35,0.000
11/23/06 20:40,0.000
11/23/06 20:45,0.000
11/23/06 20:50,0.000
11/23/06 20:55,0.000
11/23/06 21:00,0.000
11/23/06 21:05,0.000
11/23/06 21:10,0.000
11/23/06 21:15,0.000
11/23/06 21:20,0.000
11/23/06 21:25,0.000
11/23/06 21:30,0.000
11/23/06 21:35,0.000
11/23/06 21:40,0.000
11/23/06 21:45,0.000
11/23/06 21:50,0.000
11/23/06 21:55,0.000
11/23/06 22:00,0.000
11/23/06 22:05,0.000
11/23/06 22:10,0.000
11/23/06 22:15,0.000
11/23/06 22:20,0.000
11/23/06 22:25,0.000
11/23/06 22:30,0.000
11/23/06 22:35,0.000
11/23/06 22:40,0.000
11/23/06 22:45,0.000
11/23/06 22:50,0.000
11/23/06 22:55,0.000
11/23/06 23:00,0.000
11/23/06 23:05,0.000
11/23/06 23:10,0.000
11/23/06 23:15,0.000
11/23/06 23:20,0.000
11/23/06 23:25,0.000
11/23/06 23:30,0.000
11/23/06 23:35,0.000
11/23/06 23:40,0.000
11/23/06 23:45,0.000
11/23/06 23:50,0.000
11/23/06 23:55,0.000
11/24/06 00:00,0.000
11/24/06 00:05,0.000
11/24/06 00:10,0.000
11/24/06 00:15,0.000
11/24/06 00:20,0.000
11/24/06 00:25,0.000
11/24/06 00:30,0.000
11/24/06 00:35,0.000
11/24/06 00:40,0.000
11/24/06 00:45,0.000
11/24/06 00:50,0.000
11/24/06 00:55,0.000
11/24/06 01:00,0.000
11/24/06 01:05,0.000
11/24/06 01:10,0.000
11/24/06 01:15,0.000
11/24/06 01:20,0.000
11/24/06 01:25,0.000
11/24/06 01:30,0.000
11/24/06 01:35,0.000
11/24/06 01:40,0.000
11/24/06 01:45,0.000
11/24/06 01:50,0.000
11/24/06 01:55,0.000
11/24/06 02:00,0.000
11/24/06 02:05,0.000
11/24/06 02:10,0.000
11/24/06 02:15,0.000
11/24/06 02:20,0.000
11/24/06 02:25,0.000
11/24/06 02:30,0.000
11/24/06 02:35,0.000
11/24/06 02:40,0.000
11/24/06 02:45,0.000
11/24/06 02:50,0.000
11/24/06 02:55,0.000
11/24/06 03:00,0.000
11/24/06 03:05,0.000
11/24/06 03:10,0.000
11/24/06 03:15,0.000
11/24/06 03:20,0.000
11/24/06 03:25,0.000
11/24/06 03:30,0.000
11/24/06 03:35,0.000
11/24/06 03:40,0.000
11/24/06 03:45,0.000
11/24/06 03:50,0.000
11/24/06 03:55,0.000
11/24/06 04:00,0.000
11/24/06 04:05,0.000
11/24/06 04:10,0.000
11/24/06 04:15,0.000
11/24/06 04:20,0.000
11/24/06 04:25,0.000
11/24/06 04:30,0.000
11/24/06 04:35,0.000
11/24/06 04:40,0.000
11/24/06 04:45,0.000
11/24/06 04:50,0.000
11/24/06 04:55,0.000
11/24/06 05:00,0.000
11/24/06 05:05,0.000
11/24/06 05:10,0.000
11/24/06 05:15,0.000
11/24/06 05:20,0.000
11/24/06 05:25,0.000
11/24/06 05:30,0.000
11/24/06 05:35,0.000
11/24/06 05:40,0.000
11/24/06 05:45,0.000
11/24/06 05:50,0.000
11/24/06 05:55,0.000
11/24/06 06:00,0.000
11/24/06 06:05,0.000
11/24/06 06:10,0.000
11/24/06 06:15,0.000
11/24/06 06:20,0.000
11/24/06 06:25,0.000
11/24/06 06:30,0.000
11/24/06 06:35,0.000
11/24/06 06:40,0.000
11/24/06 06:45,0.000
11/24/06 06:50,0.000
11/24/06 06:55,0.000
11/24/06 07:00,0.000
11/24/06 07:05,0.000
11/24/06 07:10,0.000
11/24/06 07:15,0.000
11/24/06 07:20,0.000
11/24/06 07:25,0.000
11/24/06 07:30,0.000
11/24/06 07:35,0.000
11/24/06 07:40,0.000
11/24/06 07:45,0.000
11/24/06 07:50,0.001
11/24/06 07:55,0.010
11/24/06 08:00,0.043
11/24/06 08:05,0.088
11/24/06 08:10,0.105
11/24/06 08:15,0.121
11/24/06 08:20,0.137
11/24/06 08:25,0.153
11/24/06 08:30,0.167
11/24/06 08:35,0.183
11/24/06 08:40,0.199
11/24/06 08:45,0.213
11/24/06 08:50,0.228
11/24/06 08:55,0.242
11/24/06 09:00,0.251
11/24/06 09:05,0.224
11/24/06 09:10,0.190
11/24/06 09:15,0.200
11/24/06 09:20,0.224
11/24/06 09:25,0.261
11/24/06 09:30,0.297
11/24/06 09:35,0.318
11/24/06 09:40,0.336
11/24/06 09:45,0.349
11/24/06 09:50,0.355
11/24/06 09:55,0.358
11/24/06 10:00,0.353
11/24/06 10:05,0.309
11/24/06 10:10,0.295
11/24/06 10:15,0.299
11/24/06 10:20,0.293
11/24/06 10:25,0.296
11/24/06 10:30,0.283
11/24/06 10:35,0.317
11/24/06 10:40,0.267
11/24/06 10:45,0.213
11/24/06 10:50,0.263
11/24/06 10:55,0.265
11/24/06 11:00,0.283
11/24/06 11:05,0.256
11/24/06 11:10,0.209
11/24/06 11:15,0.172
11/24/06 11:20,0.164
11/24/06 11:25,0.126
11/24/06 11:30,0.106
11/24/06 11:35,0.142
11/24/06 11:40,0.147
11/24/06 11:45,0.216
11/24/06 11:50,0.266
11/24/06 11:55,0.257
11/24/06 12:00,0.211
11/24/06 12:05,0.185
11/24/06 12:10,0.177
11/24/06 12:15,0.181
11/24/06 12:20,0.192
11/24/06 12:25,0.214
11/24/06 12:30,0.229
11/24/06 12:35,0.249
11/24/06 12:40,0.275
11/24/06 12:45,0.298
11/24/06 12:50,0.319
11/24/06 12:55,0.337
11/24/06 13:00,0.349
11/24/06 13:05,0.353
11/24/06 13:10,0.356
11/24/06 13:15,0.351
11/24/06 13:20,0.343
11/24/06 13:25,0.335
11/24/06 13:30,0.323
11/24/06 13:35,0.313
11/24/06 13:40,0.302
11/24/06 13:45,0.290
11/24/06 13:50,0.280
11/24/06 13:55,0.267
11/24/06 14:00,0.258
11/24/06 14:05,0.250
11/24/06 14:10,0.239
11/24/06 14:15,0.227
11/24/06 14:20,0.214
11/24/06 14:25,0.207
11/24/06 14:30,0.198
11/24/06 14:35,0.187
11/24/06 14:40,0.171
11/24/06 14:45,0.155
11/24/06 14:50,0.140
11/24/06 14:55,0.126
11/24/06 15:00,0.116
11/24/06 15:05,0.102
11/24/06 15:10,0.085
11/24/06 15:15,0.046
11/24/06 15:20,0.016
11/24/06 15:25,0.002
11/24/06 15:30,0.000
11/24/06 15:35,0.000
11/24/06 15:40,0.000
11/24/06 15:45,0.000
11/24/06 15:50,0.000
11/24/06 15:55,0.000
11/24/06 16:00,0.000
11/24/06 16:05,0.000
11/24/06 16:10,0.000
11/24/06 16:15,0.000
11/24/06 16:20,0.000
11/24/06 16:25,0.000
11/24/06 16:30,0.000
11/24/06 16:35,0.000
11/24/06 16:40,0.000
11/24/06 16:45,0.000
11/24/06 16:50,0.000
11/24/06 16:55,0.000
11/24/06 17:00,0.000
11/24/06 17:05,0.000
11/24/06 17:10,0.000
11/24/06 17:15,0.000
11/24/06 17:20,0.000
11/24/06 17:25,0.000
11/24/06 17:30,0.000
11/24/06 17:35,0.000
11/24/06 17:40,0.000
11/24/06 17:45,0.000
11/24/06 17:50,0.000
11/24/06 17:55,0.000
11/24/06 18:00,0.000
11/24/06 18:05,0.000
11/24/06 18:10,0.000
11/24/06 18:15,0.000
11/24/06 18:20,0.000
11/24/06 18:25,0.000
11/24/06 18:30,0.000
11/24/06 18:35,0.000
11/24/06 18:40,0.000
11/24/06 18:45,0.000
11/24/06 18:50,0.000
11/24/06 18:55,0.000
11/24/06 19:00,0.000
11/24/06 19:05,0.000
11/24/06 19:10,0.000
11/24/06 19:15,0.000
11/24/06 19:20,0.000
11/24/06 19:25,0.000
11/24/06 19:30,0.000
11/24/06 19:35,0.000
11/24/06 19:40,0.000
11/24/06 19:45,0.000
11/24/06 19:50,0.000
11/24/06 19:55,0.000
11/24/06 20:00,0.000
11/24/06 20:05,0.000
11/24/06 20:10,0.000
11/24/06 20:15,0.000
11/24/06 20:20,0.000
11/24/06 20:25,0.000
11/24/06 20:30,0.000
11/24/06 20:35,0.000
11/24/06 20:40,0.000
11/24/06 20:45,0.000
11/24/06 20:50,0.000
11/24/06 20:55,0.000
11/24/06 21:00,0.000
11/24/06 21:05,0.000
11/24/06 21:10,0.000
11/24/06 21:15,0.000
11/24/06 21:20,0.000
11/24/06 21:25,0.000
11/24/06 21:30,0.000
11/24/06 21:35,0.000
11/24/06 21:40,0.000
11/24/06 21:45,0.000
11/24/06 21:50,0.000
11/24/06 21:55,0.000
11/24/06 22:00,0.000
11/24/06 22:05,0.000
11/24/06 22:10,0.000
11/24/06 22:15,0.000
11/24/06 22:20,0.000
11/24/06 22:25,0.000
11/24/06 22:30,0.000
11/24/06 22:35,0.000
11/24/06 22:40,0.000
11/24/06 22:45,0.000
11/24/06 22:50,0.000
11/24/06 22:55,0.000
11/24/06 23:00,0.000
11/24/06 23:05,0.000
11/24/06 23:10,0.000
11/24/06 23:15,0.000
11/24/06 23:20,0.000
11/24/06 23:25,0.000
11/24/06 23:30,0.000
11/24/06 23:35,0.000
11/24/06 23:40,0.000
11/24/06 23:45,0.000
11/24/06 23:50,0.000
11/24/06 23:55,0.000
11/25/06 00:00,0.000
11/25/06 00:05,0.000
11/25/06 00:10,0.000
11/25/06 00:15,0.000
11/25/06 00:20,0.000
11/25/06 00:25,0.000
11/25/06 00:30,0.000
11/25/06 00:35,0.000
11/25/06 00:40,0.000
11/25/06 00:45,0.000
11/25/06 00:50,0.000
11/25/06 00:55,0.000
11/25/06 01:00,0.000
11/25/06 01:05,0.000
11/25/06 01:10,0.000
11/25/06 01:15,0.000
11/25/06 01:20,0.000
11/25/06 01:25,0.000
11/25/06 01:30,0.000
11/25/06 01:35,0.000
11/25/06 01:40,0.000
11/25/06 01:45,0.000
11/25/06 01:50,0.000
11/25/06 01:55,0.000
11/25/06 02:00,0.000
11/25/06 02:05,0.000
11/25/06 02:10,0.000
11/25/06 02:15,0.000
11/25/06 02:20,0.000
11/25/06 02:25,0.000
11/25/06 02:30,0.000
11/25/06 02:35,0.000
11/25/06 02:40,0.000
11/25/06 02:45,0.000
11/25/06 02:50,0.000
11/25/06 02:55,0.000
11/25/06 03:00,0.000
11/25/06 03:05,0.000
11/25/06 03:10,0.000
11/25/06 03:15,0.000
11/25/06 03:20,0.000
11/25/06 03:25,0.000
11/25/06 03:30,0.000
11/25/06 03:35,0.000
11/25/06 03:40,0.000
11/25/06 03:45,0.000
11/25/06 03:50,0.000
11/25/06 03:55,0.000
11/25/06 04:00,0.000
11/25/06 04:05,0.000
11/25/06 04:10,0.000
11/25/06 04:15,0.000
11/25/06 04:20,0.000
11/25/06 04:25,0.000
11/25/06 04:30,0.000
11/25/06 04:35,0.000
11/25/06 04:40,0.000
11/25/06 04:45,0.000
11/25/06 04:50,0.000
11/25/06 04:55,0.000
11/25/06 05:00,0.000
11/25/06 05:05,0.000
11/25/06 05:10,0.000
11/25/06 05:15,0.000
11/25/06 05:20,0.000
11/25/06 05:25,0.000
11/25/06 05:30,0.000
11/25/06 05:35,0.000
11/25/06 05:40,0.000
11/25/06 05:45,0.000
11/25/06 05:50,0.000
11/25/06 05:55,0.000
11/25/06 06:00,0.000
11/25/06 06:05,0.000
11/25/06 06:10,0.000
11/25/06 06:15,0.000
11/25/06 06:20,0.000
11/25/06 06:25,0.000
11/25/06 06:30,0.000
11/25/06 06:35,0.000
11/25/06 06:40,0.000
11/25/06 06:45,0.000
11/25/06 06:50,0.000
11/25/06 06:55,0.000
11/25/06 07:00,0.000
11/25/06 07:05,0.000
11/25/06 07:10,0.000
11/25/06 07:15,0.000
11/25/06 07:20,0.000
11/25/06 07:25,0.000
11/25/06 07:30,0.000
11/25/06 07:35,0.000
11/25/06 07:40,0.000
11/25/06 07:45,0.000
11/25/06 07:50,0.000
11/25/06 07:55,0.001
11/25/06 08:00,0.006
11/25/06 08:05,0.043
11/25/06 08:10,0.091
11/25/06 08:15,0.108
11/25/06 08:20,0.125
11/25/06 08:25,0.142
11/25/06 08:30,0.159
11/25/06 08:35,0.175
11/25/06 08:40,0.190
11/25/06 08:45,0.205
11/25/06 08:50,0.219
11/25/06 08:55,0.232
11/25/06 09:00,0.247
11/25/06 09:05,0.258
11/25/06 09:10,0.260
11/25/06 09:15,0.255
11/25/06 09:20,0.243
11/25/06 09:25,0.228
11/25/06 09:30,0.215
11/25/06 09:35,0.199
11/25/06 09:40,0.178
11/25/06 09:45,0.154
11/25/06 09:50,0.135
11/25/06 09:55,0.119
11/25/06 10:00,0.100
11/25/06 10:05,0.090
11/25/06 10:10,0.058
11/25/06 10:15,0.019
11/25/06 10:20,0.013
11/25/06 10:25,0.011
11/25/06 10:30,0.012
11/25/06 10:35,0.013
11/25/06 10:40,0.012
11/25/06 10:45,0.010
11/25/06 10:50,0.009
11/25/06 10:55,0.006
11/25/06 11:00,0.005
11/25/06 11:05,0.006
11/25/06 11:10,0.008
11/25/06 11:15,0.010
11/25/06 11:20,0.012
11/25/06 11:25,0.008
11/25/06 11:30,0.007
11/25/06 11:35,0.008
11/25/06 11:40,0.012
11/25/06 11:45,0.015
11/25/06 11:50,0.052
11/25/06 11:55,0.090
11/25/06 12:00,0.125
11/25/06 12:05,0.127
11/25/06 12:10,0.121
11/25/06 12:15,0.091
11/25/06 12:20,0.059
11/25/06 12:25,0.085
11/25/06 12:30,0.050
11/25/06 12:35,0.074
11/25/06 12:40,0.078
11/25/06 12:45,0.103
11/25/06 12:50,0.145
11/25/06 12:55,0.161
11/25/06 13:00,0.099
11/25/06 13:05,0.038
11/25/06 13:10,0.017
11/25/06 13:15,0.009
11/25/06 13:20,0.006
11/25/06 13:25,0.004
11/25/06 13:30,0.004
11/25/06 13:35,0.003
11/25/06 13:40,0.003
11/25/06 13:45,0.004
11/25/06 13:50,0.005
11/25/06 13:55,0.005
11/25/06 14:00,0.008
11/25/06 14:05,0.027
11/25/06 14:10,0.019
11/25/06 14:15,0.014
11/25/06 14:20,0.016
11/25/06 14:25,0.016
11/25/06 14:30,0.009
11/25/06 14:35,0.011
11/25/06 14:40,0.035
11/25/06 14:45,0.043
11/25/06 14:50,0.070
11/25/06 14:55,0.099
11/25/06 15:00,0.104
11/25/06 15:05,0.097
11/25/06 15:10,0.085
11/25/06 15:15,0.047
11/25/06 15:20,0.016
11/25/06 15:25,0.002
11/25/06 15:30,0.000
11/25/06 15:35,0.000
11/25/06 15:40,0.000
11/25/06 15:45,0.000
11/25/06 15:50,0.000
11/25/06 15:55,0.000
11/25/06 16:00,0.000
11/25/06 16:05,0.000
11/25/06 16:10,0.000
11/25/06 16:15,0.000
11/25/06 16:20,0.000
11/25/06 16:25,0.000
11/25/06 16:30,0.000
11/25/06 16:35,0.000
11/25/06 16:40,0.000
11/25/06 16:45,0.000
11/25/06 16:50,0.000
11/25/06 16:55,0.000
11/25/06 17:00,0.000
11/25/06 17:05,0.000
11/25/06 17:10,0.000
11/25/06 17:15,0.000
11/25/06 17:20,0.000
11/25/06 17:25,0.000
11/25/06 17:30,0.000
11/25/06 17:35,0.000
11/25/06 17:40,0.000
11/25/06 17:45,0.000
11/25/06 17:50,0.000
11/25/06 17:55,0.000
11/25/06 18:00,0.000
11/25/06 18:05,0.000
11/25/06 18:10,0.000
11/25/06 18:15,0.000
11/25/06 18:20,0.000
11/25/06 18:25,0.000
11/25/06 18:30,0.000
11/25/06 18:35,0.000
11/25/06 18:40,0.000
11/25/06 18:45,0.000
11/25/06 18:50,0.000
11/25/06 18:55,0.000
11/25/06 19:00,0.000
11/25/06 19:05,0.000
11/25/06 19:10,0.000
11/25/06 19:15,0.000
11/25/06 19:20,0.000
11/25/06 19:25,0.000
11/25/06 19:30,0.000
11/25/06 19:35,0.000
11/25/06 19:40,0.000
11/25/06 19:45,0.000
11/25/06 19:50,0.000
11/25/06 19:55,0.000
11/25/06 20:00,0.000
11/25/06 20:05,0.000
11/25/06 20:10,0.000
11/25/06 20:15,0.000
11/25/06 20:20,0.000
11/25/06 20:25,0.000
11/25/06 20:30,0.000
11/25/06 20:35,0.000
11/25/06 20:40,0.000
11/25/06 20:45,0.000
11/25/06 20:50,0.000
11/25/06 20:55,0.000
11/25/06 21:00,0.000
11/25/06 21:05,0.000
11/25/06 21:10,0.000
11/25/06 21:15,0.000
11/25/06 21:20,0.000
11/25/06 21:25,0.000
11/25/06 21:30,0.000
11/25/06 21:35,0.000
11/25/06 21:40,0.000
11/25/06 21:45,0.000
11/25/06 21:50,0.000
11/25/06 21:55,0.000
11/25/06 22:00,0.000
11/25/06 22:05,0.000
11/25/06 22:10,0.000
11/25/06 22:15,0.000
11/25/06 22:20,0.000
11/25/06 22:25,0.000
11/25/06 22:30,0.000
11/25/06 22:35,0.000
11/25/06 22:40,0.000
11/25/06 22:45,0.000
11/25/06 22:50,0.000
11/25/06 22:55,0.000
11/25/06 23:00,0.000
11/25/06 23:05,0.000
11/25/06 23:10,0.000
11/25/06 23:15,0.000
11/25/06 23:20,0.000
11/25/06 23:25,0.000
11/25/06 23:30,0.000
11/25/06 23:35,0.000
11/25/06 23:40,0.000
11/25/06 23:45,0.000
11/25/06 23:50,0.000
11/25/06 23:55,0.000
11/26/06 00:00,0.000
11/26/06 00:05,0.000
11/26/06 00:10,0.000
11/26/06 00:15,0.000
11/26/06 00:20,0.000
11/26/06 00:25,0.000
11/26/06 00:30,0.000
11/26/06 00:35,0.000
11/26/06 00:40,0.000
11/26/06 00:45,0.000
11/26/06 00:50,0.000
11/26/06 00:55,0.000
11/26/06 01:00,0.000
11/26/06 01:05,0.000
11/26/06 01:10,0.000
11/26/06 01:15,0.000
11/26/06 01:20,0.000
11/26/06 01:25,0.000
11/26/06 01:30,0.000
11/26/06 01:35,0.000
11/26/06 01:40,0.000
11/26/06 01:45,0.000
11/26/06 01:50,0.000
11/26/06 01:55,0.000
11/26/06 02:00,0.000
11/26/06 02:05,0.000
11/26/06 02:10,0.000
11/26/06 02:15,0.000
11/26/06 02:20,0.000
11/26/06 02:25,0.000
11/26/06 02:30,0.000
11/26/06 02:35,0.000
11/26/06 02:40,0.000
11/26/06 02:45,0.000
11/26/06 02:50,0.000
11/26/06 02:55,0.000
11/26/06 03:00,0.000
11/26/06 03:05,0.000
11/26/06 03:10,0.000
11/26/06 03:15,0.000
11/26/06 03:20,0.000
11/26/06 03:25,0.000
11/26/06 03:30,0.000
11/26/06 03:35,0.000
11/26/06 03:40,0.000
11/26/06 03:45,0.000
11/26/06 03:50,0.000
11/26/06 03:55,0.000
11/26/06 04:00,0.000
11/26/06 04:05,0.000
11/26/06 04:10,0.000
11/26/06 04:15,0.000
11/26/06 04:20,0.000
11/26/06 04:25,0.000
11/26/06 04:30,0.000
11/26/06 04:35,0.000
11/26/06 04:40,0.000
11/26/06 04:45,0.000
11/26/06 04:50,0.000
11/26/06 04:55,0.000
11/26/06 05:00,0.000
11/26/06 05:05,0.000
11/26/06 05:10,0.000
11/26/06 05:15,0.000
11/26/06 05:20,0.000
11/26/06 05:25,0.000
11/26/06 05:30,0.000
11/26/06 05:35,0.000
11/26/06 05:40,0.000
11/26/06 05:45,0.000
11/26/06 05:50,0.000
11/26/06 05:55,0.000
11/26/06 06:00,0.000
11/26/06 06:05,0.000
11/26/06 06:10,0.000
11/26/06 06:15,0.000
11/26/06 06:20,0.000
11/26/06 06:25,0.000
11/26/06 06:30,0.000
11/26/06 06:35,0.000
11/26/06 06:40,0.000
11/26/06 06:45,0.000
11/26/06 06:50,0.000
11/26/06 06:55,0.000
11/26/06 07:00,0.000
11/26/06 07:05,0.000
11/26/06 07:10,0.000
11/26/06 07:15,0.000
11/26/06 07:20,0.000
11/26/06 07:25,0.000
11/26/06 07:30,0.000
11/26/06 07:35,0.000
11/26/06 07:40,0.000
11/26/06 07:45,0.000
11/26/06 07:50,0.000
11/26/06 07:55,0.000
11/26/06 08:00,0.000
11/26/06 08:05,0.000
11/26/06 08:10,0.000
11/26/06 08:15,0.000
11/26/06 08:20,0.000
11/26/06 08:25,0.001
11/26/06 08:30,0.001
11/26/06 08:35,0.002
11/26/06 08:40,0.003
11/26/06 08:45,0.007
11/26/06 08:50,0.012
11/26/06 08:55,0.017
11/26/06 09:00,0.041
11/26/06 09:05,0.086
11/26/06 09:10,0.084
11/26/06 09:15,0.097
11/26/06 09:20,0.113
11/26/06 09:25,0.127
11/26/06 09:30,0.146
11/26/06 09:35,0.174
11/26/06 09:40,0.177
11/26/06 09:45,0.179
11/26/06 09:50,0.205
11/26/06 09:55,0.227
11/26/06 10:00,0.185
11/26/06 10:05,0.179
11/26/06 10:10,0.148
11/26/06 10:15,0.143
11/26/06 10:20,0.129
11/26/06 10:25,0.104
11/26/06 10:30,0.130
11/26/06 10:35,0.120
11/26/06 10:40,0.126
11/26/06 10:45,0.131
11/26/06 10:50,0.122
11/26/06 10:55,0.119
11/26/06 11:00,0.087
11/26/06 11:05,0.049
11/26/06 11:10,0.022
11/26/06 11:15,0.014
11/26/06 11:20,0.007
11/26/06 11:25,0.006
11/26/06 11:30,0.005
11/26/06 11:35,0.005
11/26/06 11:40,0.006
11/26/06 11:45,0.009
11/26/06 11:50,0.012
11/26/06 11:55,0.015
11/26/06 12:00,0.014
11/26/06 12:05,0.014
11/26/06 12:10,0.015
11/26/06 12:15,0.024
11/26/06 12:20,0.026
11/26/06 12:25,0.029
11/26/06 12:30,0.029
11/26/06 12:35,0.023
11/26/06 12:40,0.013
11/26/06 12:45,0.009
11/26/06 12:50,0.007
11/26/06 12:55,0.005
11/26/06 13:00,0.003
11/26/06 13:05,0.002
11/26/06 13:10,0.001
11/26/06 13:15,0.001
11/26/06 13:20,0.001
11/26/06 13:25,0.001
11/26/06 13:30,0.001
11/26/06 13:35,0.001
11/26/06 13:40,0.001
11/26/06 13:45,0.000
11/26/06 13:50,0.000
11/26/06 13:55,0.000
11/26/06 14:00,0.000
11/26/06 14:05,0.000
11/26/06 14:10,0.000
11/26/06 14:15,0.000
11/26/06 14:20,0.000
11/26/06 14:25,0.000
11/26/06 14:30,0.000
11/26/06 14:35,0.000
11/26/06 14:40,0.000
11/26/06 14:45,0.000
11/26/06 14:50,0.000
11/26/06 14:55,0.000
11/26/06 15:00,0.000
11/26/06 15:05,0.000
11/26/06 15:10,0.000
11/26/06 15:15,0.000
11/26/06 15:20,0.000
11/26/06 15:25,0.000
11/26/06 15:30,0.000
11/26/06 15:35,0.000
11/26/06 15:40,0.000
11/26/06 15:45,0.000
11/26/06 15:50,0.000
11/26/06 15:55,0.000
11/26/06 16:00,0.000
11/26/06 16:05,0.000
11/26/06 16:10,0.000
11/26/06 16:15,0.000
11/26/06 16:20,0.000
11/26/06 16:25,0.000
11/26/06 16:30,0.000
11/26/06 16:35,0.000
11/26/06 16:40,0.000
11/26/06 16:45,0.000
11/26/06 16:50,0.000
11/26/06 16:55,0.000
11/26/06 17:00,0.000
11/26/06 17:05,0.000
11/26/06 17:10,0.000
11/26/06 17:15,0.000
11/26/06 17:20,0.000
11/26/06 17:25,0.000
11/26/06 17:30,0.000
11/26/06 17:35,0.000
11/26/06 17:40,0.000
11/26/06 17:45,0.000
11/26/06 17:50,0.000
11/26/06 17:55,0.000
11/26/06 18:00,0.000
11/26/06 18:05,0.000
11/26/06 18:10,0.000
11/26/06 18:15,0.000
11/26/06 18:20,0.000
11/26/06 18:25,0.000
11/26/06 18:30,0.000
11/26/06 18:35,0.000
11/26/06 18:40,0.000
11/26/06 18:45,0.000
11/26/06 18:50,0.000
11/26/06 18:55,0.000
11/26/06 19:00,0.000
11/26/06 19:05,0.000
11/26/06 19:10,0.000
11/26/06 19:15,0.000
11/26/06 19:20,0.000
11/26/06 19:25,0.000
11/26/06 19:30,0.000
11/26/06 19:35,0.000
11/26/06 19:40,0.000
11/26/06 19:45,0.000
11/26/06 19:50,0.000
11/26/06 19:55,0.000
11/26/06 20:00,0.000
11/26/06 20:05,0.000
11/26/06 20:10,0.000
11/26/06 20:15,0.000
11/26/06 20:20,0.000
11/26/06 20:25,0.000
11/26/06 20:30,0.000
11/26/06 20:35,0.000
11/26/06 20:40,0.000
11/26/06 20:45,0.000
11/26/06 20:50,0.000
11/26/06 20:55,0.000
11/26/06 21:00,0.000
11/26/06 21:05,0.000
11/26/06 21:10,0.000
11/26/06 21:15,0.000
11/26/06 21:20,0.000
11/26/06 21:25,0.000
11/26/06 21:30,0.000
11/26/06 21:35,0.000
11/26/06 21:40,0.000
11/26/06 21:45,0.000
11/26/06 21:50,0.000
11/26/06 21:55,0.000
11/26/06 22:00,0.000
11/26/06 22:05,0.000
11/26/06 22:10,0.000
11/26/06 22:15,0.000
11/26/06 22:20,0.000
11/26/06 22:25,0.000
11/26/06 22:30,0.000
11/26/06 22:35,0.000
11/26/06 22:40,0.000
11/26/06 22:45,0.000
11/26/06 22:50,0.000
11/26/06 22:55,0.000
11/26/06 23:00,0.000
11/26/06 23:05,0.000
11/26/06 23:10,0.000
11/26/06 23:15,0.000
11/26/06 23:20,0.000
11/26/06 23:25,0.000
11/26/06 23:30,0.000
11/26/06 23:35,0.000
11/26/06 23:40,0.000
11/26/06 23:45,0.000
11/26/06 23:50,0.000
11/26/06 23:55,0.000
11/27/06 00:00,0.000
11/27/06 00:05,0.000
11/27/06 00:10,0.000
11/27/06 00:15,0.000
11/27/06 00:20,0.000
11/27/06 00:25,0.000
11/27/06 00:30,0.000
11/27/06 00:35,0.000
11/27/06 00:40,0.000
11/27/06 00:45,0.000
11/27/06 00:50,0.000
11/27/06 00:55,0.000
11/27/06 01:00,0.000
11/27/06 01:05,0.000
11/27/06 01:10,0.000
11/27/06 01:15,0.000
11/27/06 01:20,0.000
11/27/06 01:25,0.000
11/27/06 01:30,0.000
11/27/06 01:35,0.000
11/27/06 01:40,0.000
11/27/06 01:45,0.000
11/27/06 01:50,0.000
11/27/06 01:55,0.000
11/27/06 02:00,0.000
11/27/06 02:05,0.000
11/27/06 02:10,0.000
11/27/06 02:15,0.000
11/27/06 02:20,0.000
11/27/06 02:25,0.000
11/27/06 02:30,0.000
11/27/06 02:35,0.000
11/27/06 02:40,0.000
11/27/06 02:45,0.000
11/27/06 02:50,0.000
11/27/06 02:55,0.000
11/27/06 03:00,0.000
11/27/06 03:05,0.000
11/27/06 03:10,0.000
11/27/06 03:15,0.000
11/27/06 03:20,0.000
11/27/06 03:25,0.000
11/27/06 03:30,0.000
11/27/06 03:35,0.000
11/27/06 03:40,0.000
11/27/06 03:45,0.000
11/27/06 03:50,0.000
11/27/06 03:55,0.000
11/27/06 04:00,0.000
11/27/06 04:05,0.000
11/27/06 04:10,0.000
11/27/06 04:15,0.000
11/27/06 04:20,0.000
11/27/06 04:25,0.000
11/27/06 04:30,0.000
11/27/06 04:35,0.000
11/27/06 04:40,0.000
11/27/06 04:45,0.000
11/27/06 04:50,0.000
11/27/06 04:55,0.000
11/27/06 05:00,0.000
11/27/06 05:05,0.000
11/27/06 05:10,0.000
11/27/06 05:15,0.000
11/27/06 05:20,0.000
11/27/06 05:25,0.000
11/27/06 05:30,0.000
11/27/06 05:35,0.000
11/27/06 05:40,0.000
11/27/06 05:45,0.000
11/27/06 05:50,0.000
11/27/06 05:55,0.000
11/27/06 06:00,0.000
11/27/06 06:05,0.000
11/27/06 06:10,0.000
11/27/06 06:15,0.000
11/27/06 06:20,0.000
11/27/06 06:25,0.000
11/27/06 06:30,0.000
11/27/06 06:35,0.000
11/27/06 06:40,0.000
11/27/06 06:45,0.000
11/27/06 06:50,0.000
11/27/06 06:55,0.000
11/27/06 07:00,0.000
11/27/06 07:05,0.000
11/27/06 07:10,0.000
11/27/06 07:15,0.000
11/27/06 07:20,0.000
11/27/06 07:25,0.000
11/27/06 07:30,0.000
11/27/06 07:35,0.000
11/27/06 07:40,0.000
11/27/06 07:45,0.000
11/27/06 07:50,0.001
11/27/06 07:55,0.006
11/27/06 08:00,0.045
11/27/06 08:05,0.095
11/27/06 08:10,0.117
11/27/06 08:15,0.138
11/27/06 08:20,0.158
11/27/06 08:25,0.177
11/27/06 08:30,0.195
11/27/06 08:35,0.212
11/27/06 08:40,0.225
11/27/06 08:45,0.240
11/27/06 08:50,0.255
11/27/06 08:55,0.269
11/27/06 09:00,0.273
11/27/06 09:05,0.217
11/27/06 09:10,0.173
11/27/06 09:15,0.207
11/27/06 09:20,0.236
11/27/06 09:25,0.205
11/27/06 09:30,0.200
11/27/06 09:35,0.212
11/27/06 09:40,0.186
11/27/06 09:45,0.197
11/27/06 09:50,0.229
11/27/06 09:55,0.210
11/27/06 10:00,0.160
11/27/06 10:05,0.125
11/27/06 10:10,0.096
11/27/06 10:15,0.080
11/27/06 10:20,0.045
11/27/06 10:25,0.021
11/27/06 10:30,0.010
11/27/06 10:35,0.009
11/27/06 10:40,0.011
11/27/06 10:45,0.025
11/27/06 10:50,0.033
11/27/06 10:55,0.032
11/27/06 11:00,0.015
11/27/06 11:05,0.009
11/27/06 11:10,0.005
11/27/06 11:15,0.003
11/27/06 11:20,0.003
11/27/06 11:25,0.003
11/27/06 11:30,0.003
11/27/06 11:35,0.003
11/27/06 11:40,0.003
11/27/06 11:45,0.003
11/27/06 11:50,0.003
11/27/06 11:55,0.003
11/27/06 12:00,0.004
11/27/06 12:05,0.004
11/27/06 12:10,0.005
11/27/06 12:15,0.006
11/27/06 12:20,0.005
11/27/06 12:25,0.004
11/27/06 12:30,0.004
11/27/06 12:35,0.003
11/27/06 12:40,0.002
11/27/06 12:45,0.002
11/27/06 12:50,0.002
11/27/06 12:55,0.001
11/27/06 13:00,0.005
11/27/06 13:05,0.011
11/27/06 13:10,0.014
11/27/06 13:15,0.014
11/27/06 13:20,0.038
11/27/06 13:25,0.048
11/27/06 13:30,0.094
11/27/06 13:35,0.058
11/27/06 13:40,0.034
11/27/06 13:45,0.090
11/27/06 13:50,0.111
11/27/06 13:55,0.115
11/27/06 14:00,0.115
11/27/06 14:05,0.119
11/27/06 14:10,0.116
11/27/06 14:15,0.115
11/27/06 14:20,0.113
11/27/06 14:25,0.116
11/27/06 14:30,0.111
11/27/06 14:35,0.106
11/27/06 14:40,0.102
11/27/06 14:45,0.100
11/27/06 14:50,0.096
11/27/06 14:55,0.092
11/27/06 15:00,0.081
11/27/06 15:05,0.049
11/27/06 15:10,0.023
11/27/06 15:15,0.010
11/27/06 15:20,0.004
11/27/06 15:25,0.001
11/27/06 15:30,0.000
11/27/06 15:35,0.000
11/27/06 15:40,0.000
11/27/06 15:45,0.000
11/27/06 15:50,0.000
11/27/06 15:55,0.000
11/27/06 16:00,0.000
11/27/06 16:05,0.000
11/27/06 16:10,0.000
11/27/06 16:15,0.000
11/27/06 16:20,0.000
11/27/06 16:25,0.000
11/27/06 16:30,0.000
11/27/06 16:35,0.000
11/27/06 16:40,0.000
11/27/06 16:45,0.000
11/27/06 16:50,0.000
11/27/06 16:55,0.000
11/27/06 17:00,0.000
11/27/06 17:05,0.000
11/27/06 17:10,0.000
11/27/06 17:15,0.000
11/27/06 17:20,0.000
11/27/06 17:25,0.000
11/27/06 17:30,0.000
11/27/06 17:35,0.000
11/27/06 17:40,0.000
11/27/06 17:45,0.000
11/27/06 17:50,0.000
11/27/06 17:55,0.000
11/27/06 18:00,0.000
11/27/06 18:05,0.000
11/27/06 18:10,0.000
11/27/06 18:15,0.000
11/27/06 18:20,0.000
11/27/06 18:25,0.000
11/27/06 18:30,0.000
11/27/06 18:35,0.000
11/27/06 18:40,0.000
11/27/06 18:45,0.000
11/27/06 18:50,0.000
11/27/06 18:55,0.000
11/27/06 19:00,0.000
11/27/06 19:05,0.000
11/27/06 19:10,0.000
11/27/06 19:15,0.000
11/27/06 19:20,0.000
11/27/06 19:25,0.000
11/27/06 19:30,0.000
11/27/06 19:35,0.000
11/27/06 19:40,0.000
11/27/06 19:45,0.000
11/27/06 19:50,0.000
11/27/06 19:55,0.000
11/27/06 20:00,0.000
11/27/06 20:05,0.000
11/27/06 20:10,0.000
11/27/06 20:15,0.000
11/27/06 20:20,0.000
11/27/06 20:25,0.000
11/27/06 20:30,0.000
11/27/06 20:35,0.000
11/27/06 20:40,0.000
11/27/06 20:45,0.000
11/27/06 20:50,0.000
11/27/06 20:55,0.000
11/27/06 21:00,0.000
11/27/06 21:05,0.000
11/27/06 21:10,0.000
11/27/06 21:15,0.000
11/27/06 21:20,0.000
11/27/06 21:25,0.000
11/27/06 21:30,0.000
11/27/06 21:35,0.000
11/27/06 21:40,0.000
11/27/06 21:45,0.000
11/27/06 21:50,0.000
11/27/06 21:55,0.000
11/27/06 22:00,0.000
11/27/06 22:05,0.000
11/27/06 22:10,0.000
11/27/06 22:15,0.000
11/27/06 22:20,0.000
11/27/06 22:25,0.000
11/27/06 22:30,0.000
11/27/06 22:35,0.000
11/27/06 22:40,0.000
11/27/06 22:45,0.000
11/27/06 22:50,0.000
11/27/06 22:55,0.000
11/27/06 23:00,0.000
11/27/06 23:05,0.000
11/27/06 23:10,0.000
11/27/06 23:15,0.000
11/27/06 23:20,0.000
11/27/06 23:25,0.000
11/27/06 23:30,0.000
11/27/06 23:35,0.000
11/27/06 23:40,0.000
11/27/06 23:45,0.000
11/27/06 23:50,0.000
11/27/06 23:55,0.000
11/28/06 00:00,0.000
11/28/06 00:05,0.000
11/28/06 00:10,0.000
11/28/06 00:15,0.000
11/28/06 00:20,0.000
11/28/06 00:25,0.000
11/28/06 00:30,0.000
11/28/06 00:35,0.000
11/28/06 00:40,0.000
11/28/06 00:45,0.000
11/28/06 00:50,0.000
11/28/06 00:55,0.000
11/28/06 01:00,0.000
11/28/06 01:05,0.000
11/28/06 01:10,0.000
11/28/06 01:15,0.000
11/28/06 01:20,0.000
11/28/06 01:25,0.000
11/28/06 01:30,0.000
11/28/06 01:35,0.000
11/28/06 01:40,0.000
11/28/06 01:45,0.000
11/28/06 01:50,0.000
11/28/06 01:55,0.000
11/28/06 02:00,0.000
11/28/06 02:05,0.000
11/28/06 02:10,0.000
11/28/06 02:15,0.000
11/28/06 02:20,0.000
11/28/06 02:25,0.000
11/28/06 02:30,0.000
11/28/06 02:35,0.000
11/28/06 02:40,0.000
11/28/06 02:45,0.000
11/28/06 02:50,0.000
11/28/06 02:55,0.000
11/28/06 03:00,0.000
11/28/06 03:05,0.000
11/28/06 03:10,0.000
11/28/06 03:15,0.000
11/28/06 03:20,0.000
11/28/06 03:25,0.000
11/28/06 03:30,0.000
11/28/06 03:35,0.000
11/28/06 03:40,0.000
11/28/06 03:45,0.000
11/28/06 03:50,0.000
11/28/06 03:55,0.000
11/28/06 04:00,0.000
11/28/06 04:05,0.000
11/28/06 04:10,0.000
11/28/06 04:15,0.000
11/28/06 04:20,0.000
11/28/06 04:25,0.000
11/28/06 04:30,0.000
11/28/06 04:35,0.000
11/28/06 04:40,0.000
11/28/06 04:45,0.000
11/28/06 04:50,0.000
11/28/06 04:55,0.000
11/28/06 05:00,0.000
11/28/06 05:05,0.000
11/28/06 05:10,0.000
11/28/06 05:15,0.000
11/28/06 05:20,0.000
11/28/06 05:25,0.000
11/28/06 05:30,0.000
11/28/06 05:35,0.000
11/28/06 05:40,0.000
11/28/06 05:45,0.000
11/28/06 05:50,0.000
11/28/06 05:55,0.000
11/28/06 06:00,0.000
11/28/06 06:05,0.000
11/28/06 06:10,0.000
11/28/06 06:15,0.000
11/28/06 06:20,0.000
11/28/06 06:25,0.000
11/28/06 06:30,0.000
11/28/06 06:35,0.000
11/28/06 06:40,0.000
11/28/06 06:45,0.000
11/28/06 06:50,0.000
11/28/06 06:55,0.000
11/28/06 07:00,0.000
11/28/06 07:05,0.000
11/28/06 07:10,0.000
11/28/06 07:15,0.000
11/28/06 07:20,0.000
11/28/06 07:25,0.000
11/28/06 07:30,0.000
11/28/06 07:35,0.000
11/28/06 07:40,0.000
11/28/06 07:45,0.000
11/28/06 07:50,0.000
11/28/06 07:55,0.000
11/28/06 08:00,0.002
11/28/06 08:05,0.010
11/28/06 08:10,0.022
11/28/06 08:15,0.041
11/28/06 08:20,0.078
11/28/06 08:25,0.091
11/28/06 08:30,0.101
11/28/06 08:35,0.110
11/28/06 08:40,0.118
11/28/06 08:45,0.126
11/28/06 08:50,0.134
11/28/06 08:55,0.142
11/28/06 09:00,0.152
11/28/06 09:05,0.165
11/28/06 09:10,0.176
11/28/06 09:15,0.186
11/28/06 09:20,0.203
11/28/06 09:25,0.218
11/28/06 09:30,0.232
11/28/06 09:35,0.244
11/28/06 09:40,0.249
11/28/06 09:45,0.244
11/28/06 09:50,0.232
11/28/06 09:55,0.222
11/28/06 10:00,0.211
11/28/06 10:05,0.211
11/28/06 10:10,0.225
11/28/06 10:15,0.240
11/28/06 10:20,0.253
11/28/06 10:25,0.247
11/28/06 10:30,0.238
11/28/06 10:35,0.233
11/28/06 10:40,0.223
11/28/06 10:45,0.224
11/28/06 10:50,0.229
11/28/06 10:55,0.241
11/28/06 11:00,0.222
11/28/06 11:05,0.192
11/28/06 11:10,0.172
11/28/06 11:15,0.155
11/28/06 11:20,0.140
11/28/06 11:25,0.121
11/28/06 11:30,0.111
11/28/06 11:35,0.100
11/28/06 11:40,0.088
11/28/06 11:45,0.047
11/28/06 11:50,0.015
11/28/06 11:55,0.005
11/28/06 12:00,0.004
11/28/06 12:05,0.003
11/28/06 12:10,0.003
11/28/06 12:15,0.003
11/28/06 12:20,0.003
11/28/06 12:25,0.003
11/28/06 12:30,0.003
11/28/06 12:35,0.003
11/28/06 12:40,0.002
11/28/06 12:45,0.002
11/28/06 12:50,0.002
11/28/06 12:55,0.002
11/28/06 13:00,0.008
11/28/06 13:05,0.023
11/28/06 13:10,0.026
11/28/06 13:15,0.020
11/28/06 13:20,0.011
11/28/06 13:25,0.010
11/28/06 13:30,0.011
11/28/06 13:35,0.018
11/28/06 13:40,0.020
11/28/06 13:45,0.018
11/28/06 13:50,0.011
11/28/06 13:55,0.006
11/28/06 14:00,0.002
11/28/06 14:05,0.002
11/28/06 14:10,0.001
11/28/06 14:15,0.001
11/28/06 14:20,0.001
11/28/06 14:25,0.001
11/28/06 14:30,0.004
11/28/06 14:35,0.006
11/28/06 14:40,0.002
11/28/06 14:45,0.000
11/28/06 14:50,0.000
11/28/06 14:55,0.000
11/28/06 15:00,0.001
11/28/06 15:05,0.009
11/28/06 15:10,0.041
11/28/06 15:15,0.020
11/28/06 15:20,0.004
11/28/06 15:25,0.001
11/28/06 15:30,0.000
11/28/06 15:35,0.000
11/28/06 15:40,0.000
11/28/06 15:45,0.000
11/28/06 15:50,0.000
11/28/06 15:55,0.000
11/28/06 16:00,0.000
11/28/06 16:05,0.000
11/28/06 16:10,0.000
11/28/06 16:15,0.000
11/28/06 16:20,0.000
11/28/06 16:25,0.000
11/28/06 16:30,0.000
11/28/06 16:35,0.000
11/28/06 16:40,0.000
11/28/06 16:45,0.000
11/28/06 16:50,0.000
11/28/06 16:55,0.000
11/28/06 17:00,0.000
11/28/06 17:05,0.000
11/28/06 17:10,0.000
11/28/06 17:15,0.000
11/28/06 17:20,0.000
11/28/06 17:25,0.000
11/28/06 17:30,0.000
11/28/06 17:35,0.000
11/28/06 17:40,0.000
11/28/06 17:45,0.000
11/28/06 17:50,0.000
11/28/06 17:55,0.000
11/28/06 18:00,0.000
11/28/06 18:05,0.000
11/28/06 18:10,0.000
11/28/06 18:15,0.000
11/28/06 18:20,0.000
11/28/06 18:25,0.000
11/28/06 18:30,0.000
11/28/06 18:35,0.000
11/28/06 18:40,0.000
11/28/06 18:45,0.000
11/28/06 18:50,0.000
11/28/06 18:55,0.000
11/28/06 19:00,0.000
11/28/06 19:05,0.000
11/28/06 19:10,0.000
11/28/06 19:15,0.000
11/28/06 19:20,0.000
11/28/06 19:25,0.000
11/28/06 19:30,0.000
11/28/06 19:35,0.000
11/28/06 19:40,0.000
11/28/06 19:45,0.000
11/28/06 19:50,0.000
11/28/06 19:55,0.000
11/28/06 20:00,0.000
11/28/06 20:05,0.000
11/28/06 20:10,0.000
11/28/06 20:15,0.000
11/28/06 20:20,0.000
11/28/06 20:25,0.000
11/28/06 20:30,0.000
11/28/06 20:35,0.000
11/28/06 20:40,0.000
11/28/06 20:45,0.000
11/28/06 20:50,0.000
11/28/06 20:55,0.000
11/28/06 21:00,0.000
11/28/06 21:05,0.000
11/28/06 21:10,0.000
11/28/06 21:15,0.000
11/28/06 21:20,0.000
11/28/06 21:25,0.000
11/28/06 21:30,0.000
11/28/06 21:35,0.000
11/28/06 21:40,0.000
11/28/06 21:45,0.000
11/28/06 21:50,0.000
11/28/06 21:55,0.000
11/28/06 22:00,0.000
11/28/06 22:05,0.000
11/28/06 22:10,0.000
11/28/06 22:15,0.000
11/28/06 22:20,0.000
11/28/06 22:25,0.000
11/28/06 22:30,0.000
11/28/06 22:35,0.000
11/28/06 22:40,0.000
11/28/06 22:45,0.000
11/28/06 22:50,0.000
11/28/06 22:55,0.000
11/28/06 23:00,0.000
11/28/06 23:05,0.000
11/28/06 23:10,0.000
11/28/06 23:15,0.000
11/28/06 23:20,0.000
11/28/06 23:25,0.000
11/28/06 23:30,0.000
11/28/06 23:35,0.000
11/28/06 23:40,0.000
11/28/06 23:45,0.000
11/28/06 23:50,0.000
11/28/06 23:55,0.000
11/29/06 00:00,0.000
11/29/06 00:05,0.000
11/29/06 00:10,0.000
11/29/06 00:15,0.000
11/29/06 00:20,0.000
11/29/06 00:25,0.000
11/29/06 00:30,0.000
11/29/06 00:35,0.000
11/29/06 00:40,0.000
11/29/06 00:45,0.000
11/29/06 00:50,0.000
11/29/06 00:55,0.000
11/29/06 01:00,0.000
11/29/06 01:05,0.000
11/29/06 01:10,0.000
11/29/06 01:15,0.000
11/29/06 01:20,0.000
11/29/06 01:25,0.000
11/29/06 01:30,0.000
11/29/06 01:35,0.000
11/29/06 01:40,0.000
11/29/06 01:45,0.000
11/29/06 01:50,0.000
11/29/06 01:55,0.000
11/29/06 02:00,0.000
11/29/06 02:05,0.000
11/29/06 02:10,0.000
11/29/06 02:15,0.000
11/29/06 02:20,0.000
11/29/06 02:25,0.000
11/29/06 02:30,0.000
11/29/06 02:35,0.000
11/29/06 02:40,0.000
11/29/06 02:45,0.000
11/29/06 02:50,0.000
11/29/06 02:55,0.000
11/29/06 03:00,0.000
11/29/06 03:05,0.000
11/29/06 03:10,0.000
11/29/06 03:15,0.000
11/29/06 03:20,0.000
11/29/06 03:25,0.000
11/29/06 03:30,0.000
11/29/06 03:35,0.000
11/29/06 03:40,0.000
11/29/06 03:45,0.000
11/29/06 03:50,0.000
11/29/06 03:55,0.000
11/29/06 04:00,0.000
11/29/06 04:05,0.000
11/29/06 04:10,0.000
11/29/06 04:15,0.000
11/29/06 04:20,0.000
11/29/06 04:25,0.000
11/29/06 04:30,0.000
11/29/06 04:35,0.000
11/29/06 04:40,0.000
11/29/06 04:45,0.000
11/29/06 04:50,0.000
11/29/06 04:55,0.000
11/29/06 05:00,0.000
11/29/06 05:05,0.000
11/29/06 05:10,0.000
11/29/06 05:15,0.000
11/29/06 05:20,0.000
11/29/06 05:25,0.000
11/29/06 05:30,0.000
11/29/06 05:35,0.000
11/29/06 05:40,0.000
11/29/06 05:45,0.000
11/29/06 05:50,0.000
11/29/06 05:55,0.000
11/29/06 06:00,0.000
11/29/06 06:05,0.000
11/29/06 06:10,0.000
11/29/06 06:15,0.000
11/29/06 06:20,0.000
11/29/06 06:25,0.000
11/29/06 06:30,0.000
11/29/06 06:35,0.000
11/29/06 06:40,0.000
11/29/06 06:45,0.000
11/29/06 06:50,0.000
11/29/06 06:55,0.000
11/29/06 07:00,0.000
11/29/06 07:05,0.000
11/29/06 07:10,0.000
11/29/06 07:15,0.000
11/29/06 07:20,0.000
11/29/06 07:25,0.000
11/29/06 07:30,0.000
11/29/06 07:35,0.000
11/29/06 07:40,0.000
11/29/06 07:45,0.000
11/29/06 07:50,0.000
11/29/06 07:55,0.001
11/29/06 08:00,0.004
11/29/06 08:05,0.019
11/29/06 08:10,0.055
11/29/06 08:15,0.087
11/29/06 08:20,0.099
11/29/06 08:25,0.110
11/29/06 08:30,0.121
11/29/06 08:35,0.131
11/29/06 08:40,0.139
11/29/06 08:45,0.146
11/29/06 08:50,0.154
11/29/06 08:55,0.162
11/29/06 09:00,0.159
11/29/06 09:05,0.175
11/29/06 09:10,0.163
11/29/06 09:15,0.154
11/29/06 09:20,0.164
11/29/06 09:25,0.166
11/29/06 09:30,0.191
11/29/06 09:35,0.226
11/29/06 09:40,0.271
11/29/06 09:45,0.300
11/29/06 09:50,0.307
11/29/06 09:55,0.303
11/29/06 10:00,0.256
11/29/06 10:05,0.188
11/29/06 10:10,0.135
11/29/06 10:15,0.134
11/29/06 10:20,0.227
11/29/06 10:25,0.295
11/29/06 10:30,0.279
11/29/06 10:35,0.230
11/29/06 10:40,0.206
11/29/06 10:45,0.276
11/29/06 10:50,0.323
11/29/06 10:55,0.333
11/29/06 11:00,0.265
11/29/06 11:05,0.204
11/29/06 11:10,0.155
11/29/06 11:15,0.126
11/29/06 11:20,0.102
11/29/06 11:25,0.091
11/29/06 11:30,0.080
11/29/06 11:35,0.050
11/29/06 11:40,0.036
11/29/06 11:45,0.030
11/29/06 11:50,0.027
11/29/06 11:55,0.026
11/29/06 12:00,0.017
11/29/06 12:05,0.013
11/29/06 12:10,0.013
11/29/06 12:15,0.012
11/29/06 12:20,0.013
11/29/06 12:25,0.018
11/29/06 12:30,0.019
11/29/06 12:35,0.023
11/29/06 12:40,0.027
11/29/06 12:45,0.033
11/29/06 12:50,0.037
11/29/06 12:55,0.051
11/29/06 13:00,0.026
11/29/06 13:05,0.024
11/29/06 13:10,0.041
11/29/06 13:15,0.070
11/29/06 13:20,0.092
11/29/06 13:25,0.096
11/29/06 13:30,0.099
11/29/06 13:35,0.089
11/29/06 13:40,0.072
11/29/06 13:45,0.034
11/29/06 13:50,0.021
11/29/06 13:55,0.017
11/29/06 14:00,0.014
11/29/06 14:05,0.020
11/29/06 14:10,0.037
11/29/06 14:15,0.063
11/29/06 14:20,0.023
11/29/06 14:25,0.008
11/29/06 14:30,0.004
11/29/06 14:35,0.003
11/29/06 14:40,0.003
11/29/06 14:45,0.003
11/29/06 14:50,0.003
11/29/06 14:55,0.001
11/29/06 15:00,0.000
11/29/06 15:05,0.000
11/29/06 15:10,0.000
11/29/06 15:15,0.000
11/29/06 15:20,0.000
11/29/06 15:25,0.000
11/29/06 15:30,0.000
11/29/06 15:35,0.000
11/29/06 15:40,0.000
11/29/06 15:45,0.000
11/29/06 15:50,0.000
11/29/06 15:55,0.000
11/29/06 16:00,0.000
11/29/06 16:05,0.000
11/29/06 16:10,0.000
11/29/06 16:15,0.000
11/29/06 16:20,0.000
11/29/06 16:25,0.000
11/29/06 16:30,0.000
11/29/06 16:35,0.000
11/29/06 16:40,0.000
11/29/06 16:45,0.000
11/29/06 16:50,0.000
11/29/06 16:55,0.000
11/29/06 17:00,0.000
11/29/06 17:05,0.000
11/29/06 17:10,0.000
11/29/06 17:15,0.000
11/29/06 17:20,0.000
11/29/06 17:25,0.000
11/29/06 17:30,0.000
11/29/06 17:35,0.000
11/29/06 17:40,0.000
11/29/06 17:45,0.000
11/29/06 17:50,0.000
11/29/06 17:55,0.000
11/29/06 18:00,0.000
11/29/06 18:05,0.000
11/29/06 18:10,0.000
11/29/06 18:15,0.000
11/29/06 18:20,0.000
11/29/06 18:25,0.000
11/29/06 18:30,0.000
11/29/06 18:35,0.000
11/29/06 18:40,0.000
11/29/06 18:45,0.000
11/29/06 18:50,0.000
11/29/06 18:55,0.000
11/29/06 19:00,0.000
11/29/06 19:05,0.000
11/29/06 19:10,0.000
11/29/06 19:15,0.000
11/29/06 19:20,0.000
11/29/06 19:25,0.000
11/29/06 19:30,0.000
11/29/06 19:35,0.000
11/29/06 19:40,0.000
11/29/06 19:45,0.000
11/29/06 19:50,0.000
11/29/06 19:55,0.000
11/29/06 20:00,0.000
11/29/06 20:05,0.000
11/29/06 20:10,0.000
11/29/06 20:15,0.000
11/29/06 20:20,0.000
11/29/06 20:25,0.000
11/29/06 20:30,0.000
11/29/06 20:35,0.000
11/29/06 20:40,0.000
11/29/06 20:45,0.000
11/29/06 20:50,0.000
11/29/06 20:55,0.000
11/29/06 21:00,0.000
11/29/06 21:05,0.000
11/29/06 21:10,0.000
11/29/06 21:15,0.000
11/29/06 21:20,0.000
11/29/06 21:25,0.000
11/29/06 21:30,0.000
11/29/06 21:35,0.000
11/29/06 21:40,0.000
11/29/06 21:45,0.000
11/29/06 21:50,0.000
11/29/06 21:55,0.000
11/29/06 22:00,0.000
11/29/06 22:05,0.000
11/29/06 22:10,0.000
11/29/06 22:15,0.000
11/29/06 22:20,0.000
11/29/06 22:25,0.000
11/29/06 22:30,0.000
11/29/06 22:35,0.000
11/29/06 22:40,0.000
11/29/06 22:45,0.000
11/29/06 22:50,0.000
11/29/06 22:55,0.000
11/29/06 23:00,0.000
11/29/06 23:05,0.000
11/29/06 23:10,0.000
11/29/06 23:15,0.000
11/29/06 23:20,0.000
11/29/06 23:25,0.000
11/29/06 23:30,0.000
11/29/06 23:35,0.000
11/29/06 23:40,0.000
11/29/06 23:45,0.000
11/29/06 23:50,0.000
11/29/06 23:55,0.000
11/30/06 00:00,0.000
11/30/06 00:05,0.000
11/30/06 00:10,0.000
11/30/06 00:15,0.000
11/30/06 00:20,0.000
11/30/06 00:25,0.000
11/30/06 00:30,0.000
11/30/06 00:35,0.000
11/30/06 00:40,0.000
11/30/06 00:45,0.000
11/30/06 00:50,0.000
11/30/06 00:55,0.000
11/30/06 01:00,0.000
11/30/06 01:05,0.000
11/30/06 01:10,0.000
11/30/06 01:15,0.000
11/30/06 01:20,0.000
11/30/06 01:25,0.000
11/30/06 01:30,0.000
11/30/06 01:35,0.000
11/30/06 01:40,0.000
11/30/06 01:45,0.000
11/30/06 01:50,0.000
11/30/06 01:55,0.000
11/30/06 02:00,0.000
11/30/06 02:05,0.000
11/30/06 02:10,0.000
11/30/06 02:15,0.000
11/30/06 02:20,0.000
11/30/06 02:25,0.000
11/30/06 02:30,0.000
11/30/06 02:35,0.000
11/30/06 02:40,0.000
11/30/06 02:45,0.000
11/30/06 02:50,0.000
11/30/06 02:55,0.000
11/30/06 03:00,0.000
11/30/06 03:05,0.000
11/30/06 03:10,0.000
11/30/06 03:15,0.000
11/30/06 03:20,0.000
11/30/06 03:25,0.000
11/30/06 03:30,0.000
11/30/06 03:35,0.000
11/30/06 03:40,0.000
11/30/06 03:45,0.000
11/30/06 03:50,0.000
11/30/06 03:55,0.000
11/30/06 04:00,0.000
11/30/06 04:05,0.000
11/30/06 04:10,0.000
11/30/06 04:15,0.000
11/30/06 04:20,0.000
11/30/06 04:25,0.000
11/30/06 04:30,0.000
11/30/06 04:35,0.000
11/30/06 04:40,0.000
11/30/06 04:45,0.000
11/30/06 04:50,0.000
11/30/06 04:55,0.000
11/30/06 05:00,0.000
11/30/06 05:05,0.000
11/30/06 05:10,0.000
11/30/06 05:15,0.000
11/30/06 05:20,0.000
11/30/06 05:25,0.000
11/30/06 05:30,0.000
11/30/06 05:35,0.000
11/30/06 05:40,0.000
11/30/06 05:45,0.000
11/30/06 05:50,0.000
11/30/06 05:55,0.000
11/30/06 06:00,0.000
11/30/06 06:05,0.000
11/30/06 06:10,0.000
11/30/06 06:15,0.000
11/30/06 06:20,0.000
11/30/06 06:25,0.000
11/30/06 06:30,0.000
11/30/06 06:35,0.000
11/30/06 06:40,0.000
11/30/06 06:45,0.000
11/30/06 06:50,0.000
11/30/06 06:55,0.000
11/30/06 07:00,0.000
11/30/06 07:05,0.000
11/30/06 07:10,0.000
11/30/06 07:15,0.000
11/30/06 07:20,0.000
11/30/06 07:25,0.000
11/30/06 07:30,0.000
11/30/06 07:35,0.000
11/30/06 07:40,0.000
11/30/06 07:45,0.000
11/30/06 07:50,0.000
11/30/06 07:55,0.002
11/30/06 08:00,0.018
11/30/06 08:05,0.074
11/30/06 08:10,0.102
11/30/06 08:15,0.122
11/30/06 08:20,0.140
11/30/06 08:25,0.159
11/30/06 08:30,0.176
11/30/06 08:35,0.193
11/30/06 08:40,0.209
11/30/06 08:45,0.223
11/30/06 08:50,0.238
11/30/06 08:55,0.254
11/30/06 09:00,0.264
11/30/06 09:05,0.270
11/30/06 09:10,0.272
11/30/06 09:15,0.269
11/30/06 09:20,0.263
11/30/06 09:25,0.255
11/30/06 09:30,0.245
11/30/06 09:35,0.232
11/30/06 09:40,0.216
11/30/06 09:45,0.200
11/30/06 09:50,0.184
11/30/06 09:55,0.166
11/30/06 10:00,0.140
11/30/06 10:05,0.124
11/30/06 10:10,0.113
11/30/06 10:15,0.097
11/30/06 10:20,0.092
11/30/06 10:25,0.085
11/30/06 10:30,0.083
11/30/06 10:35,0.085
11/30/06 10:40,0.084
11/30/06 10:45,0.080
11/30/06 10:50,0.062
11/30/06 10:55,0.054
11/30/06 11:00,0.032
11/30/06 11:05,0.024
11/30/06 11:10,0.017
11/30/06 11:15,0.015
11/30/06 11:20,0.011
11/30/06 11:25,0.006
11/30/06 11:30,0.004
11/30/06 11:35,0.004
11/30/06 11:40,0.006
11/30/06 11:45,0.007
11/30/06 11:50,0.007
11/30/06 11:55,0.009
11/30/06 12:00,0.007
11/30/06 12:05,0.007
11/30/06 12:10,0.008
11/30/06 12:15,0.010
11/30/06 12:20,0.033
11/30/06 12:25,0.087
11/30/06 12:30,0.098
11/30/06 12:35,0.093
11/30/06 12:40,0.077
11/30/06 12:45,0.032
11/30/06 12:50,0.019
11/30/06 12:55,0.010
11/30/06 13:00,0.006
11/30/06 13:05,0.003
11/30/06 13:10,0.002
11/30/06 13:15,0.001
11/30/06 13:20,0.001
11/30/06 13:25,0.001
11/30/06 13:30,0.000
11/30/06 13:35,0.000
11/30/06 13:40,0.000
11/30/06 13:45,0.000
11/30/06 13:50,0.000
11/30/06 13:55,0.000
11/30/06 14:00,0.000
11/30/06 14:05,0.000
11/30/06 14:10,0.000
11/30/06 14:15,0.015
11/30/06 14:20,0.090
11/30/06 14:25,0.109
11/30/06 14:30,0.126
11/30/06 14:35,0.136
11/30/06 14:40,0.107
11/30/06 14:45,0.042
11/30/06 14:50,0.008
11/30/06 14:55,0.000
11/30/06 15:00,0.000
11/30/06 15:05,0.000
11/30/06 15:10,0.000
11/30/06 15:15,0.000
11/30/06 15:20,0.000
11/30/06 15:25,0.000
11/30/06 15:30,0.000
11/30/06 15:35,0.000
11/30/06 15:40,0.000
11/30/06 15:45,0.000
11/30/06 15:50,0.000
11/30/06 15:55,0.000
11/30/06 16:00,0.000
11/30/06 16:05,0.000
11/30/06 16:10,0.000
11/30/06 16:15,0.000
11/30/06 16:20,0.000
11/30/06 16:25,0.000
11/30/06 16:30,0.000
11/30/06 16:35,0.000
11/30/06 16:40,0.000
11/30/06 16:45,0.000
11/30/06 16:50,0.000
11/30/06 16:55,0.000
11/30/06 17:00,0.000
11/30/06 17:05,0.000
11/30/06 17:10,0.000
11/30/06 17:15,0.000
11/30/06 17:20,0.000
11/30/06 17:25,0.000
11/30/06 17:30,0.000
11/30/06 17:35,0.000
11/30/06 17:40,0.000
11/30/06 17:45,0.000
11/30/06 17:50,0.000
11/30/06 17:55,0.000
11/30/06 18:00,0.000
11/30/06 18:05,0.000
11/30/06 18:10,0.000
11/30/06 18:15,0.000
11/30/06 18:20,0.000
11/30/06 18:25,0.000
11/30/06 18:30,0.000
11/30/06 18:35,0.000
11/30/06 18:40,0.000
11/30/06 18:45,0.000
11/30/06 18:50,0.000
11/30/06 18:55,0.000
11/30/06 19:00,0.000
11/30/06 19:05,0.000
11/30/06 19:10,0.000
11/30/06 19:15,0.000
11/30/06 19:20,0.000
11/30/06 19:25,0.000
11/30/06 19:30,0.000
11/30/06 19:35,0.000
11/30/06 19:40,0.000
11/30/06 19:45,0.000
11/30/06 19:50,0.000
11/30/06 19:55,0.000
11/30/06 20:00,0.000
11/30/06 20:05,0.000
11/30/06 20:10,0.000
11/30/06 20:15,0.000
11/30/06 20:20,0.000
11/30/06 20:25,0.000
11/30/06 20:30,0.000
11/30/06 20:35,0.000
11/30/06 20:40,0.000
11/30/06 20:45,0.000
11/30/06 20:50,0.000
11/30/06 20:55,0.000
11/30/06 21:00,0.000
11/30/06 21:05,0.000
11/30/06 21:10,0.000
11/30/06 21:15,0.000
11/30/06 21:20,0.000
11/30/06 21:25,0.000
11/30/06 21:30,0.000
11/30/06 21:35,0.000
11/30/06 21:40,0.000
11/30/06 21:45,0.000
11/30/06 21:50,0.000
11/30/06 21:55,0.000
11/30/06 22:00,0.000
11/30/06 22:05,0.000
11/30/06 22:10,0.000
11/30/06 22:15,0.000
11/30/06 22:20,0.000
11/30/06 22:25,0.000
11/30/06 22:30,0.000
11/30/06 22:35,0.000
11/30/06 22:40,0.000
11/30/06 22:45,0.000
11/30/06 22:50,0.000
11/30/06 22:55,0.000
11/30/06 23:00,0.000
11/30/06 23:05,0.000
11/30/06 23:10,0.000
11/30/06 23:15,0.000
11/30/06 23:20,0.000
11/30/06 23:25,0.000
11/30/06 23:30,0.000
11/30/06 23:35,0.000
11/30/06 23:40,0.000
11/30/06 23:45,0.000
11/30/06 23:50,0.000
11/30/06 23:55,0.000
12/01/06 00:00,0.000
12/01/06 00:05,0.000
12/01/06 00:10,0.000
12/01/06 00:15,0.000
12/01/06 00:20,0.000
12/01/06 00:25,0.000
12/01/06 00:30,0.000
12/01/06 00:35,0.000
12/01/06 00:40,0.000
12/01/06 00:45,0.000
12/01/06 00:50,0.000
12/01/06 00:55,0.000
12/01/06 01:00,0.000
12/01/06 01:05,0.000
12/01/06 01:10,0.000
12/01/06 01:15,0.000
12/01/06 01:20,0.000
12/01/06 01:25,0.000
12/01/06 01:30,0.000
12/01/06 01:35,0.000
12/01/06 01:40,0.000
12/01/06 01:45,0.000
12/01/06 01:50,0.000
12/01/06 01:55,0.000
12/01/06 02:00,0.000
12/01/06 02:05,0.000
12/01/06 02:10,0.000
12/01/06 02:15,0.000
12/01/06 02:20,0.000
12/01/06 02:25,0.000
12/01/06 02:30,0.000
12/01/06 02:35,0.000
12/01/06 02:40,0.000
12/01/06 02:45,0.000
12/01/06 02:50,0.000
12/01/06 02:55,0.000
12/01/06 03:00,0.000
12/01/06 03:05,0.000
12/01/06 03:10,0.000
12/01/06 03:15,0.000
12/01/06 03:20,0.000
12/01/06 03:25,0.000
12/01/06 03:30,0.000
12/01/06 03:35,0.000
12/01/06 03:40,0.000
12/01/06 03:45,0.000
12/01/06 03:50,0.000
12/01/06 03:55,0.000
12/01/06 04:00,0.000
12/01/06 04:05,0.000
12/01/06 04:10,0.000
12/01/06 04:15,0.000
12/01/06 04:20,0.000
12/01/06 04:25,0.000
12/01/06 04:30,0.000
12/01/06 04:35,0.000
12/01/06 04:40,0.000
12/01/06 04:45,0.000
12/01/06 04:50,0.000
12/01/06 04:55,0.000
12/01/06 05:00,0.000
12/01/06 05:05,0.000
12/01/06 05:10,0.000
12/01/06 05:15,0.000
12/01/06 05:20,0.000
12/01/06 05:25,0.000
12/01/06 05:30,0.000
12/01/06 05:35,0.000
12/01/06 05:40,0.000
12/01/06 05:45,0.000
12/01/06 05:50,0.000
12/01/06 05:55,0.000
12/01/06 06:00,0.000
12/01/06 06:05,0.000
12/01/06 06:10,0.000
12/01/06 06:15,0.000
12/01/06 06:20,0.000
12/01/06 06:25,0.000
12/01/06 06:30,0.000
12/01/06 06:35,0.000
12/01/06 06:40,0.000
12/01/06 06:45,0.000
12/01/06 06:50,0.000
12/01/06 06:55,0.000
12/01/06 07:00,0.000
12/01/06 07:05,0.000
12/01/06 07:10,0.000
12/01/06 07:15,0.000
12/01/06 07:20,0.000
12/01/06 07:25,0.000
12/01/06 07:30,0.000
12/01/06 07:35,0.000
12/01/06 07:40,0.000
12/01/06 07:45,0.000
12/01/06 07:50,0.000
12/01/06 07:55,0.010
12/01/06 08:00,0.054
12/01/06 08:05,0.094
12/01/06 08:10,0.115
12/01/06 08:15,0.134
12/01/06 08:20,0.153
12/01/06 08:25,0.169
12/01/06 08:30,0.186
12/01/06 08:35,0.202
12/01/06 08:40,0.218
12/01/06 08:45,0.234
12/01/06 08:50,0.249
12/01/06 08:55,0.263
12/01/06 09:00,0.235
12/01/06 09:05,0.177
12/01/06 09:10,0.135
12/01/06 09:15,0.102
12/01/06 09:20,0.075
12/01/06 09:25,0.035
12/01/06 09:30,0.048
12/01/06 09:35,0.126
12/01/06 09:40,0.180
12/01/06 09:45,0.224
12/01/06 09:50,0.245
12/01/06 09:55,0.267
12/01/06 10:00,0.267
12/01/06 10:05,0.276
12/01/06 10:10,0.265
12/01/06 10:15,0.245
12/01/06 10:20,0.270
12/01/06 10:25,0.255
12/01/06 10:30,0.181
12/01/06 10:35,0.166
12/01/06 10:40,0.162
12/01/06 10:45,0.198
12/01/06 10:50,0.165
12/01/06 10:55,0.167
12/01/06 11:00,0.238
12/01/06 11:05,0.279
12/01/06 11:10,0.305
12/01/06 11:15,0.312
12/01/06 11:20,0.309
12/01/06 11:25,0.299
12/01/06 11:30,0.283
12/01/06 11:35,0.262
12/01/06 11:40,0.239
12/01/06 11:45,0.208
12/01/06 11:50,0.180
12/01/06 11:55,0.153
12/01/06 12:00,0.133
12/01/06 12:05,0.111
12/01/06 12:10,0.099
12/01/06 12:15,0.090
12/01/06 12:20,0.053
12/01/06 12:25,0.027
12/01/06 12:30,0.010
12/01/06 12:35,0.003
12/01/06 12:40,0.001
12/01/06 12:45,0.001
12/01/06 12:50,0.001
12/01/06 12:55,0.001
12/01/06 13:00,0.001
12/01/06 13:05,0.001
12/01/06 13:10,0.001
12/01/06 13:15,0.001
12/01/06 13:20,0.001
12/01/06 13:25,0.001
12/01/06 13:30,0.001
12/01/06 13:35,0.001
12/01/06 13:40,0.001
12/01/06 13:45,0.000
12/01/06 13:50,0.001
12/01/06 13:55,0.000
12/01/06 14:00,0.001
12/01/06 14:05,0.001
12/01/06 14:10,0.001
12/01/06 14:15,0.000
12/01/06 14:20,0.000
12/01/06 14:25,0.000
12/01/06 14:30,0.000
12/01/06 14:35,0.000
12/01/06 14:40,0.000
12/01/06 14:45,0.000
12/01/06 14:50,0.000
12/01/06 14:55,0.000
12/01/06 15:00,0.000
12/01/06 15:05,0.000
12/01/06 15:10,0.000
12/01/06 15:15,0.000
12/01/06 15:20,0.000
12/01/06 15:25,0.000
12/01/06 15:30,0.000
12/01/06 15:35,0.000
12/01/06 15:40,0.000
12/01/06 15:45,0.000
12/01/06 15:50,0.000
12/01/06 15:55,0.000
12/01/06 16:00,0.000
12/01/06 16:05,0.000
12/01/06 16:10,0.000
12/01/06 16:15,0.000
12/01/06 16:20,0.000
12/01/06 16:25,0.000
12/01/06 16:30,0.000
12/01/06 16:35,0.000
12/01/06 16:40,0.000
12/01/06 16:45,0.000
12/01/06 16:50,0.000
12/01/06 16:55,0.000
12/01/06 17:00,0.000
12/01/06 17:05,0.000
12/01/06 17:10,0.000
12/01/06 17:15,0.000
12/01/06 17:20,0.000
12/01/06 17:25,0.000
12/01/06 17:30,0.000
12/01/06 17:35,0.000
12/01/06 17:40,0.000
12/01/06 17:45,0.000
12/01/06 17:50,0.000
12/01/06 17:55,0.000
12/01/06 18:00,0.000
12/01/06 18:05,0.000
12/01/06 18:10,0.000
12/01/06 18:15,0.000
12/01/06 18:20,0.000
12/01/06 18:25,0.000
12/01/06 18:30,0.000
12/01/06 18:35,0.000
12/01/06 18:40,0.000
12/01/06 18:45,0.000
12/01/06 18:50,0.000
12/01/06 18:55,0.000
12/01/06 19:00,0.000
12/01/06 19:05,0.000
12/01/06 19:10,0.000
12/01/06 19:15,0.000
12/01/06 19:20,0.000
12/01/06 19:25,0.000
12/01/06 19:30,0.000
12/01/06 19:35,0.000
12/01/06 19:40,0.000
12/01/06 19:45,0.000
12/01/06 19:50,0.000
12/01/06 19:55,0.000
12/01/06 20:00,0.000
12/01/06 20:05,0.000
12/01/06 20:10,0.000
12/01/06 20:15,0.000
12/01/06 20:20,0.000
12/01/06 20:25,0.000
12/01/06 20:30,0.000
12/01/06 20:35,0.000
12/01/06 20:40,0.000
12/01/06 20:45,0.000
12/01/06 20:50,0.000
12/01/06 20:55,0.000
12/01/06 21:00,0.000
12/01/06 21:05,0.000
12/01/06 21:10,0.000
12/01/06 21:15,0.000
12/01/06 21:20,0.000
12/01/06 21:25,0.000
12/01/06 21:30,0.000
12/01/06 21:35,0.000
12/01/06 21:40,0.000
12/01/06 21:45,0.000
12/01/06 21:50,0.000
12/01/06 21:55,0.000
12/01/06 22:00,0.000
12/01/06 22:05,0.000
12/01/06 22:10,0.000
12/01/06 22:15,0.000
12/01/06 22:20,0.000
12/01/06 22:25,0.000
12/01/06 22:30,0.000
12/01/06 22:35,0.000
12/01/06 22:40,0.000
12/01/06 22:45,0.000
12/01/06 22:50,0.000
12/01/06 22:55,0.000
12/01/06 23:00,0.000
12/01/06 23:05,0.000
12/01/06 23:10,0.000
12/01/06 23:15,0.000
12/01/06 23:20,0.000
12/01/06 23:25,0.000
12/01/06 23:30,0.000
12/01/06 23:35,0.000
12/01/06 23:40,0.000
12/01/06 23:45,0.000
12/01/06 23:50,0.000
12/01/06 23:55,0.000
12/02/06 00:00,0.000
12/02/06 00:05,0.000
12/02/06 00:10,0.000
12/02/06 00:15,0.000
12/02/06 00:20,0.000
12/02/06 00:25,0.000
12/02/06 00:30,0.000
12/02/06 00:35,0.000
12/02/06 00:40,0.000
12/02/06 00:45,0.000
12/02/06 00:50,0.000
12/02/06 00:55,0.000
12/02/06 01:00,0.000
12/02/06 01:05,0.000
12/02/06 01:10,0.000
12/02/06 01:15,0.000
12/02/06 01:20,0.000
12/02/06 01:25,0.000
12/02/06 01:30,0.000
12/02/06 01:35,0.000
12/02/06 01:40,0.000
12/02/06 01:45,0.000
12/02/06 01:50,0.000
12/02/06 01:55,0.000
12/02/06 02:00,0.000
12/02/06 02:05,0.000
12/02/06 02:10,0.000
12/02/06 02:15,0.000
12/02/06 02:20,0.000
12/02/06 02:25,0.000
12/02/06 02:30,0.000
12/02/06 02:35,0.000
12/02/06 02:40,0.000
12/02/06 02:45,0.000
12/02/06 02:50,0.000
12/02/06 02:55,0.000
12/02/06 03:00,0.000
12/02/06 03:05,0.000
12/02/06 03:10,0.000
12/02/06 03:15,0.000
12/02/06 03:20,0.000
12/02/06 03:25,0.000
12/02/06 03:30,0.000
12/02/06 03:35,0.000
12/02/06 03:40,0.000
12/02/06 03:45,0.000
12/02/06 03:50,0.000
12/02/06 03:55,0.000
12/02/06 04:00,0.000
12/02/06 04:05,0.000
12/02/06 04:10,0.000
12/02/06 04:15,0.000
12/02/06 04:20,0.000
12/02/06 04:25,0.000
12/02/06 04:30,0.000
12/02/06 04:35,0.000
12/02/06 04:40,0.000
12/02/06 04:45,0.000
12/02/06 04:50,0.000
12/02/06 04:55,0.000
12/02/06 05:00,0.000
12/02/06 05:05,0.000
12/02/06 05:10,0.000
12/02/06 05:15,0.000
12/02/06 05:20,0.000
12/02/06 05:25,0.000
12/02/06 05:30,0.000
12/02/06 05:35,0.000
12/02/06 05:40,0.000
12/02/06 05:45,0.000
12/02/06 05:50,0.000
12/02/06 05:55,0.000
12/02/06 06:00,0.000
12/02/06 06:05,0.000
12/02/06 06:10,0.000
12/02/06 06:15,0.000
12/02/06 06:20,0.000
12/02/06 06:25,0.000
12/02/06 06:30,0.000
12/02/06 06:35,0.000
12/02/06 06:40,0.000
12/02/06 06:45,0.000
12/02/06 06:50,0.000
12/02/06 06:55,0.000
12/02/06 07:00,0.000
12/02/06 07:05,0.000
12/02/06 07:10,0.000
12/02/06 07:15,0.000
12/02/06 07:20,0.000
12/02/06 07:25,0.000
12/02/06 07:30,0.000
12/02/06 07:35,0.000
12/02/06 07:40,0.000
12/02/06 07:45,0.000
12/02/06 07:50,0.000
12/02/06 07:55,0.007
12/02/06 08:00,0.041
12/02/06 08:05,0.088
12/02/06 08:10,0.108
12/02/06 08:15,0.126
12/02/06 08:20,0.144
12/02/06 08:25,0.159
12/02/06 08:30,0.174
12/02/06 08:35,0.188
12/02/06 08:40,0.201
12/02/06 08:45,0.214
12/02/06 08:50,0.226
12/02/06 08:55,0.238
12/02/06 09:00,0.243
12/02/06 09:05,0.241
12/02/06 09:10,0.246
12/02/06 09:15,0.258
12/02/06 09:20,0.242
12/02/06 09:25,0.207
12/02/06 09:30,0.177
12/02/06 09:35,0.161
12/02/06 09:40,0.147
12/02/06 09:45,0.113
12/02/06 09:50,0.089
12/02/06 09:55,0.097
12/02/06 10:00,0.170
12/02/06 10:05,0.227
12/02/06 10:10,0.268
12/02/06 10:15,0.294
12/02/06 10:20,0.314
12/02/06 10:25,0.327
12/02/06 10:30,0.334
12/02/06 10:35,0.340
12/02/06 10:40,0.342
12/02/06 10:45,0.343
12/02/06 10:50,0.339
12/02/06 10:55,0.333
12/02/06 11:00,0.318
12/02/06 11:05,0.303
12/02/06 11:10,0.288
12/02/06 11:15,0.273
12/02/06 11:20,0.250
12/02/06 11:25,0.233
12/02/06 11:30,0.216
12/02/06 11:35,0.200
12/02/06 11:40,0.175
12/02/06 11:45,0.158
12/02/06 11:50,0.133
12/02/06 11:55,0.111
12/02/06 12:00,0.081
12/02/06 12:05,0.128
12/02/06 12:10,0.155
12/02/06 12:15,0.131
12/02/06 12:20,0.163
12/02/06 12:25,0.198
12/02/06 12:30,0.185
12/02/06 12:35,0.137
12/02/06 12:40,0.111
12/02/06 12:45,0.151
12/02/06 12:50,0.198
12/02/06 12:55,0.180
12/02/06 13:00,0.147
12/02/06 13:05,0.122
12/02/06 13:10,0.096
12/02/06 13:15,0.065
12/02/06 13:20,0.036
12/02/06 13:25,0.013
12/02/06 13:30,0.006
12/02/06 13:35,0.004
12/02/06 13:40,0.003
12/02/06 13:45,0.002
12/02/06 13:50,0.001
12/02/06 13:55,0.001
12/02/06 14:00,0.001
12/02/06 14:05,0.000
12/02/06 14:10,0.000
12/02/06 14:15,0.000
12/02/06 14:20,0.000
12/02/06 14:25,0.000
12/02/06 14:30,0.000
12/02/06 14:35,0.000
12/02/06 14:40,0.000
12/02/06 14:45,0.000
12/02/06 14:50,0.000
12/02/06 14:55,0.000
12/02/06 15:00,0.000
12/02/06 15:05,0.000
12/02/06 15:10,0.000
12/02/06 15:15,0.000
12/02/06 15:20,0.000
12/02/06 15:25,0.000
12/02/06 15:30,0.000
12/02/06 15:35,0.000
12/02/06 15:40,0.000
12/02/06 15:45,0.000
12/02/06 15:50,0.000
12/02/06 15:55,0.000
12/02/06 16:00,0.000
12/02/06 16:05,0.000
12/02/06 16:10,0.000
12/02/06 16:15,0.000
12/02/06 16:20,0.000
12/02/06 16:25,0.000
12/02/06 16:30,0.000
12/02/06 16:35,0.000
12/02/06 16:40,0.000
12/02/06 16:45,0.000
12/02/06 16:50,0.000
12/02/06 16:55,0.000
12/02/06 17:00,0.000
12/02/06 17:05,0.000
12/02/06 17:10,0.000
12/02/06 17:15,0.000
12/02/06 17:20,0.000
12/02/06 17:25,0.000
12/02/06 17:30,0.000
12/02/06 17:35,0.000
12/02/06 17:40,0.000
12/02/06 17:45,0.000
12/02/06 17:50,0.000
12/02/06 17:55,0.000
12/02/06 18:00,0.000
12/02/06 18:05,0.000
12/02/06 18:10,0.000
12/02/06 18:15,0.000
12/02/06 18:20,0.000
12/02/06 18:25,0.000
12/02/06 18:30,0.000
12/02/06 18:35,0.000
12/02/06 18:40,0.000
12/02/06 18:45,0.000
12/02/06 18:50,0.000
12/02/06 18:55,0.000
12/02/06 19:00,0.000
12/02/06 19:05,0.000
12/02/06 19:10,0.000
12/02/06 19:15,0.000
12/02/06 19:20,0.000
12/02/06 19:25,0.000
12/02/06 19:30,0.000
12/02/06 19:35,0.000
12/02/06 19:40,0.000
12/02/06 19:45,0.000
12/02/06 19:50,0.000
12/02/06 19:55,0.000
12/02/06 20:00,0.000
12/02/06 20:05,0.000
12/02/06 20:10,0.000
12/02/06 20:15,0.000
12/02/06 20:20,0.000
12/02/06 20:25,0.000
12/02/06 20:30,0.000
12/02/06 20:35,0.000
12/02/06 20:40,0.000
12/02/06 20:45,0.000
12/02/06 20:50,0.000
12/02/06 20:55,0.000
12/02/06 21:00,0.000
12/02/06 21:05,0.000
12/02/06 21:10,0.000
12/02/06 21:15,0.000
12/02/06 21:20,0.000
12/02/06 21:25,0.000
12/02/06 21:30,0.000
12/02/06 21:35,0.000
12/02/06 21:40,0.000
12/02/06 21:45,0.000
12/02/06 21:50,0.000
12/02/06 21:55,0.000
12/02/06 22:00,0.000
12/02/06 22:05,0.000
12/02/06 22:10,0.000
12/02/06 22:15,0.000
12/02/06 22:20,0.000
12/02/06 22:25,0.000
12/02/06 22:30,0.000
12/02/06 22:35,0.000
12/02/06 22:40,0.000
12/02/06 22:45,0.000
12/02/06 22:50,0.000
12/02/06 22:55,0.000
12/02/06 23:00,0.000
12/02/06 23:05,0.000
12/02/06 23:10,0.000
12/02/06 23:15,0.000
12/02/06 23:20,0.000
12/02/06 23:25,0.000
12/02/06 23:30,0.000
12/02/06 23:35,0.000
12/02/06 23:40,0.000
12/02/06 23:45,0.000
12/02/06 23:50,0.000
12/02/06 23:55,0.000
12/03/06 00:00,0.000
12/03/06 00:05,0.000
12/03/06 00:10,0.000
12/03/06 00:15,0.000
12/03/06 00:20,0.000
12/03/06 00:25,0.000
12/03/06 00:30,0.000
12/03/06 00:35,0.000
12/03/06 00:40,0.000
12/03/06 00:45,0.000
12/03/06 00:50,0.000
12/03/06 00:55,0.000
12/03/06 01:00,0.000
12/03/06 01:05,0.000
12/03/06 01:10,0.000
12/03/06 01:15,0.000
12/03/06 01:20,0.000
12/03/06 01:25,0.000
12/03/06 01:30,0.000
12/03/06 01:35,0.000
12/03/06 01:40,0.000
12/03/06 01:45,0.000
12/03/06 01:50,0.000
12/03/06 01:55,0.000
12/03/06 02:00,0.000
12/03/06 02:05,0.000
12/03/06 02:10,0.000
12/03/06 02:15,0.000
12/03/06 02:20,0.000
12/03/06 02:25,0.000
12/03/06 02:30,0.000
12/03/06 02:35,0.000
12/03/06 02:40,0.000
12/03/06 02:45,0.000
12/03/06 02:50,0.000
12/03/06 02:55,0.000
12/03/06 03:00,0.000
12/03/06 03:05,0.000
12/03/06 03:10,0.000
12/03/06 03:15,0.000
12/03/06 03:20,0.000
12/03/06 03:25,0.000
12/03/06 03:30,0.000
12/03/06 03:35,0.000
12/03/06 03:40,0.000
12/03/06 03:45,0.000
12/03/06 03:50,0.000
12/03/06 03:55,0.000
12/03/06 04:00,0.000
12/03/06 04:05,0.000
12/03/06 04:10,0.000
12/03/06 04:15,0.000
12/03/06 04:20,0.000
12/03/06 04:25,0.000
12/03/06 04:30,0.000
12/03/06 04:35,0.000
12/03/06 04:40,0.000
12/03/06 04:45,0.000
12/03/06 04:50,0.000
12/03/06 04:55,0.000
12/03/06 05:00,0.000
12/03/06 05:05,0.000
12/03/06 05:10,0.000
12/03/06 05:15,0.000
12/03/06 05:20,0.000
12/03/06 05:25,0.000
12/03/06 05:30,0.000
12/03/06 05:35,0.000
12/03/06 05:40,0.000
12/03/06 05:45,0.000
12/03/06 05:50,0.000
12/03/06 05:55,0.000
12/03/06 06:00,0.000
12/03/06 06:05,0.000
12/03/06 06:10,0.000
12/03/06 06:15,0.000
12/03/06 06:20,0.000
12/03/06 06:25,0.000
12/03/06 06:30,0.000
12/03/06 06:35,0.000
12/03/06 06:40,0.000
12/03/06 06:45,0.000
12/03/06 06:50,0.000
12/03/06 06:55,0.000
12/03/06 07:00,0.000
12/03/06 07:05,0.000
12/03/06 07:10,0.000
12/03/06 07:15,0.000
12/03/06 07:20,0.000
12/03/06 07:25,0.000
12/03/06 07:30,0.000
12/03/06 07:35,0.000
12/03/06 07:40,0.000
12/03/06 07:45,0.000
12/03/06 07:50,0.000
12/03/06 07:55,0.003
12/03/06 08:00,0.021
12/03/06 08:05,0.069
12/03/06 08:10,0.094
12/03/06 08:15,0.109
12/03/06 08:20,0.124
12/03/06 08:25,0.138
12/03/06 08:30,0.150
12/03/06 08:35,0.162
12/03/06 08:40,0.174
12/03/06 08:45,0.185
12/03/06 08:50,0.197
12/03/06 08:55,0.210
12/03/06 09:00,0.224
12/03/06 09:05,0.236
12/03/06 09:10,0.247
12/03/06 09:15,0.258
12/03/06 09:20,0.267
12/03/06 09:25,0.275
12/03/06 09:30,0.278
12/03/06 09:35,0.281
12/03/06 09:40,0.284
12/03/06 09:45,0.285
12/03/06 09:50,0.286
12/03/06 09:55,0.290
12/03/06 10:00,0.310
12/03/06 10:05,0.326
12/03/06 10:10,0.325
12/03/06 10:15,0.321
12/03/06 10:20,0.285
12/03/06 10:25,0.270
12/03/06 10:30,0.235
12/03/06 10:35,0.181
12/03/06 10:40,0.171
12/03/06 10:45,0.183
12/03/06 10:50,0.217
12/03/06 10:55,0.232
12/03/06 11:00,0.223
12/03/06 11:05,0.231
12/03/06 11:10,0.211
12/03/06 11:15,0.208
12/03/06 11:20,0.214
12/03/06 11:25,0.200
12/03/06 11:30,0.195
12/03/06 11:35,0.200
12/03/06 11:40,0.184
12/03/06 11:45,0.155
12/03/06 11:50,0.138
12/03/06 11:55,0.103
12/03/06 12:00,0.091
12/03/06 12:05,0.073
12/03/06 12:10,0.078
12/03/06 12:15,0.080
12/03/06 12:20,0.086
12/03/06 12:25,0.100
12/03/06 12:30,0.090
12/03/06 12:35,0.078
12/03/06 12:40,0.035
12/03/06 12:45,0.025
12/03/06 12:50,0.017
12/03/06 12:55,0.012
12/03/06 13:00,0.007
12/03/06 13:05,0.005
12/03/06 13:10,0.005
12/03/06 13:15,0.005
12/03/06 13:20,0.006
12/03/06 13:25,0.009
12/03/06 13:30,0.014
12/03/06 13:35,0.020
12/03/06 13:40,0.026
12/03/06 13:45,0.030
12/03/06 13:50,0.034
12/03/06 13:55,0.041
12/03/06 14:00,0.066
12/03/06 14:05,0.087
12/03/06 14:10,0.031
12/03/06 14:15,0.036
12/03/06 14:20,0.046
12/03/06 14:25,0.039
12/03/06 14:30,0.099
12/03/06 14:35,0.096
12/03/06 14:40,0.073
12/03/06 14:45,0.033
12/03/06 14:50,0.025
12/03/06 14:55,0.079
12/03/06 15:00,0.092
12/03/06 15:05,0.089
12/03/06 15:10,0.059
12/03/06 15:15,0.019
12/03/06 15:20,0.005
12/03/06 15:25,0.000
12/03/06 15:30,0.000
12/03/06 15:35,0.000
12/03/06 15:40,0.000
12/03/06 15:45,0.000
12/03/06 15:50,0.000
12/03/06 15:55,0.000
12/03/06 16:00,0.000
12/03/06 16:05,0.000
12/03/06 16:10,0.000
12/03/06 16:15,0.000
12/03/06 16:20,0.000
12/03/06 16:25,0.000
12/03/06 16:30,0.000
12/03/06 16:35,0.000
12/03/06 16:40,0.000
12/03/06 16:45,0.000
12/03/06 16:50,0.000
12/03/06 16:55,0.000
12/03/06 17:00,0.000
12/03/06 17:05,0.000
12/03/06 17:10,0.000
12/03/06 17:15,0.000
12/03/06 17:20,0.000
12/03/06 17:25,0.000
12/03/06 17:30,0.000
12/03/06 17:35,0.000
12/03/06 17:40,0.000
12/03/06 17:45,0.000
12/03/06 17:50,0.000
12/03/06 17:55,0.000
12/03/06 18:00,0.000
12/03/06 18:05,0.000
12/03/06 18:10,0.000
12/03/06 18:15,0.000
12/03/06 18:20,0.000
12/03/06 18:25,0.000
12/03/06 18:30,0.000
12/03/06 18:35,0.000
12/03/06 18:40,0.000
12/03/06 18:45,0.000
12/03/06 18:50,0.000
12/03/06 18:55,0.000
12/03/06 19:00,0.000
12/03/06 19:05,0.000
12/03/06 19:10,0.000
12/03/06 19:15,0.000
12/03/06 19:20,0.000
12/03/06 19:25,0.000
12/03/06 19:30,0.000
12/03/06 19:35,0.000
12/03/06 19:40,0.000
12/03/06 19:45,0.000
12/03/06 19:50,0.000
12/03/06 19:55,0.000
12/03/06 20:00,0.000
12/03/06 20:05,0.000
12/03/06 20:10,0.000
12/03/06 20:15,0.000
12/03/06 20:20,0.000
12/03/06 20:25,0.000
12/03/06 20:30,0.000
12/03/06 20:35,0.000
12/03/06 20:40,0.000
12/03/06 20:45,0.000
12/03/06 20:50,0.000
12/03/06 20:55,0.000
12/03/06 21:00,0.000
12/03/06 21:05,0.000
12/03/06 21:10,0.000
12/03/06 21:15,0.000
12/03/06 21:20,0.000
12/03/06 21:25,0.000
12/03/06 21:30,0.000
12/03/06 21:35,0.000
12/03/06 21:40,0.000
12/03/06 21:45,0.000
12/03/06 21:50,0.000
12/03/06 21:55,0.000
12/03/06 22:00,0.000
12/03/06 22:05,0.000
12/03/06 22:10,0.000
12/03/06 22:15,0.000
12/03/06 22:20,0.000
12/03/06 22:25,0.000
12/03/06 22:30,0.000
12/03/06 22:35,0.000
12/03/06 22:40,0.000
12/03/06 22:45,0.000
12/03/06 22:50,0.000
12/03/06 22:55,0.000
12/03/06 23:00,0.000
12/03/06 23:05,0.000
12/03/06 23:10,0.000
12/03/06 23:15,0.000
12/03/06 23:20,0.000
12/03/06 23:25,0.000
12/03/06 23:30,0.000
12/03/06 23:35,0.000
12/03/06 23:40,0.000
12/03/06 23:45,0.000
12/03/06 23:50,0.000
12/03/06 23:55,0.000
12/04/06 00:00,0.000
12/04/06 00:05,0.000
12/04/06 00:10,0.000
12/04/06 00:15,0.000
12/04/06 00:20,0.000
12/04/06 00:25,0.000
12/04/06 00:30,0.000
12/04/06 00:35,0.000
12/04/06 00:40,0.000
12/04/06 00:45,0.000
12/04/06 00:50,0.000
12/04/06 00:55,0.000
12/04/06 01:00,0.000
12/04/06 01:05,0.000
12/04/06 01:10,0.000
12/04/06 01:15,0.000
12/04/06 01:20,0.000
12/04/06 01:25,0.000
12/04/06 01:30,0.000
12/04/06 01:35,0.000
12/04/06 01:40,0.000
12/04/06 01:45,0.000
12/04/06 01:50,0.000
12/04/06 01:55,0.000
12/04/06 02:00,0.000
12/04/06 02:05,0.000
12/04/06 02:10,0.000
12/04/06 02:15,0.000
12/04/06 02:20,0.000
12/04/06 02:25,0.000
12/04/06 02:30,0.000
12/04/06 02:35,0.000
12/04/06 02:40,0.000
12/04/06 02:45,0.000
12/04/06 02:50,0.000
12/04/06 02:55,0.000
12/04/06 03:00,0.000
12/04/06 03:05,0.000
12/04/06 03:10,0.000
12/04/06 03:15,0.000
12/04/06 03:20,0.000
12/04/06 03:25,0.000
12/04/06 03:30,0.000
12/04/06 03:35,0.000
12/04/06 03:40,0.000
12/04/06 03:45,0.000
12/04/06 03:50,0.000
12/04/06 03:55,0.000
12/04/06 04:00,0.000
12/04/06 04:05,0.000
12/04/06 04:10,0.000
12/04/06 04:15,0.000
12/04/06 04:20,0.000
12/04/06 04:25,0.000
12/04/06 04:30,0.000
12/04/06 04:35,0.000
12/04/06 04:40,0.000
12/04/06 04:45,0.000
12/04/06 04:50,0.000
12/04/06 04:55,0.000
12/04/06 05:00,0.000
12/04/06 05:05,0.000
12/04/06 05:10,0.000
12/04/06 05:15,0.000
12/04/06 05:20,0.000
12/04/06 05:25,0.000
12/04/06 05:30,0.000
12/04/06 05:35,0.000
12/04/06 05:40,0.000
12/04/06 05:45,0.000
12/04/06 05:50,0.000
12/04/06 05:55,0.000
12/04/06 06:00,0.000
12/04/06 06:05,0.000
12/04/06 06:10,0.000
12/04/06 06:15,0.000
12/04/06 06:20,0.000
12/04/06 06:25,0.000
12/04/06 06:30,0.000
12/04/06 06:35,0.000
12/04/06 06:40,0.000
12/04/06 06:45,0.000
12/04/06 06:50,0.000
12/04/06 06:55,0.000
12/04/06 07:00,0.000
12/04/06 07:05,0.000
12/04/06 07:10,0.000
12/04/06 07:15,0.000
12/04/06 07:20,0.000
12/04/06 07:25,0.000
12/04/06 07:30,0.000
12/04/06 07:35,0.000
12/04/06 07:40,0.000
12/04/06 07:45,0.000
12/04/06 07:50,0.000
12/04/06 07:55,0.001
12/04/06 08:00,0.011
12/04/06 08:05,0.060
12/04/06 08:10,0.094
12/04/06 08:15,0.112
12/04/06 08:20,0.129
12/04/06 08:25,0.147
12/04/06 08:30,0.163
12/04/06 08:35,0.178
12/04/06 08:40,0.193
12/04/06 08:45,0.207
12/04/06 08:50,0.221
12/04/06 08:55,0.235
12/04/06 09:00,0.208
12/04/06 09:05,0.161
12/04/06 09:10,0.175
12/04/06 09:15,0.197
12/04/06 09:20,0.202
12/04/06 09:25,0.202
12/04/06 09:30,0.195
12/04/06 09:35,0.158
12/04/06 09:40,0.122
12/04/06 09:45,0.116
12/04/06 09:50,0.103
12/04/06 09:55,0.057
12/04/06 10:00,0.103
12/04/06 10:05,0.147
12/04/06 10:10,0.152
12/04/06 10:15,0.127
12/04/06 10:20,0.104
12/04/06 10:25,0.091
12/04/06 10:30,0.106
12/04/06 10:35,0.087
12/04/06 10:40,0.090
12/04/06 10:45,0.113
12/04/06 10:50,0.139
12/04/06 10:55,0.115
12/04/06 11:00,0.137
12/04/06 11:05,0.090
12/04/06 11:10,0.050
12/04/06 11:15,0.068
12/04/06 11:20,0.121
12/04/06 11:25,0.182
12/04/06 11:30,0.214
12/04/06 11:35,0.180
12/04/06 11:40,0.135
12/04/06 11:45,0.112
12/04/06 11:50,0.074
12/04/06 11:55,0.142
12/04/06 12:00,0.209
12/04/06 12:05,0.248
12/04/06 12:10,0.257
12/04/06 12:15,0.252
12/04/06 12:20,0.241
12/04/06 12:25,0.226
12/04/06 12:30,0.206
12/04/06 12:35,0.184
12/04/06 12:40,0.165
12/04/06 12:45,0.147
12/04/06 12:50,0.131
12/04/06 12:55,0.114
12/04/06 13:00,0.108
12/04/06 13:05,0.101
12/04/06 13:10,0.089
12/04/06 13:15,0.085
12/04/06 13:20,0.076
12/04/06 13:25,0.051
12/04/06 13:30,0.026
12/04/06 13:35,0.009
12/04/06 13:40,0.005
12/04/06 13:45,0.002
12/04/06 13:50,0.001
12/04/06 13:55,0.000
12/04/06 14:00,0.000
12/04/06 14:05,0.000
12/04/06 14:10,0.000
12/04/06 14:15,0.000
12/04/06 14:20,0.000
12/04/06 14:25,0.000
12/04/06 14:30,0.000
12/04/06 14:35,0.000
12/04/06 14:40,0.000
12/04/06 14:45,0.000
12/04/06 14:50,0.000
12/04/06 14:55,0.000
12/04/06 15:00,0.000
12/04/06 15:05,0.000
12/04/06 15:10,0.000
12/04/06 15:15,0.000
12/04/06 15:20,0.000
12/04/06 15:25,0.000
12/04/06 15:30,0.000
12/04/06 15:35,0.000
12/04/06 15:40,0.000
12/04/06 15:45,0.000
12/04/06 15:50,0.000
12/04/06 15:55,0.000
12/04/06 16:00,0.000
12/04/06 16:05,0.000
12/04/06 16:10,0.000
12/04/06 16:15,0.000
12/04/06 16:20,0.000
12/04/06 16:25,0.000
12/04/06 16:30,0.000
12/04/06 16:35,0.000
12/04/06 16:40,0.000
12/04/06 16:45,0.000
12/04/06 16:50,0.000
12/04/06 16:55,0.000
12/04/06 17:00,0.000
12/04/06 17:05,0.000
12/04/06 17:10,0.000
12/04/06 17:15,0.000
12/04/06 17:20,0.000
12/04/06 17:25,0.000
12/04/06 17:30,0.000
12/04/06 17:35,0.000
12/04/06 17:40,0.000
12/04/06 17:45,0.000
12/04/06 17:50,0.000
12/04/06 17:55,0.000
12/04/06 18:00,0.000
12/04/06 18:05,0.000
12/04/06 18:10,0.000
12/04/06 18:15,0.000
12/04/06 18:20,0.000
12/04/06 18:25,0.000
12/04/06 18:30,0.000
12/04/06 18:35,0.000
12/04/06 18:40,0.000
12/04/06 18:45,0.000
12/04/06 18:50,0.000
12/04/06 18:55,0.000
12/04/06 19:00,0.000
12/04/06 19:05,0.000
12/04/06 19:10,0.000
12/04/06 19:15,0.000
12/04/06 19:20,0.000
12/04/06 19:25,0.000
12/04/06 19:30,0.000
12/04/06 19:35,0.000
12/04/06 19:40,0.000
12/04/06 19:45,0.000
12/04/06 19:50,0.000
12/04/06 19:55,0.000
12/04/06 20:00,0.000
12/04/06 20:05,0.000
12/04/06 20:10,0.000
12/04/06 20:15,0.000
12/04/06 20:20,0.000
12/04/06 20:25,0.000
12/04/06 20:30,0.000
12/04/06 20:35,0.000
12/04/06 20:40,0.000
12/04/06 20:45,0.000
12/04/06 20:50,0.000
12/04/06 20:55,0.000
12/04/06 21:00,0.000
12/04/06 21:05,0.000
12/04/06 21:10,0.000
12/04/06 21:15,0.000
12/04/06 21:20,0.000
12/04/06 21:25,0.000
12/04/06 21:30,0.000
12/04/06 21:35,0.000
12/04/06 21:40,0.000
12/04/06 21:45,0.000
12/04/06 21:50,0.000
12/04/06 21:55,0.000
12/04/06 22:00,0.000
12/04/06 22:05,0.000
12/04/06 22:10,0.000
12/04/06 22:15,0.000
12/04/06 22:20,0.000
12/04/06 22:25,0.000
12/04/06 22:30,0.000
12/04/06 22:35,0.000
12/04/06 22:40,0.000
12/04/06 22:45,0.000
12/04/06 22:50,0.000
12/04/06 22:55,0.000
12/04/06 23:00,0.000
12/04/06 23:05,0.000
12/04/06 23:10,0.000
12/04/06 23:15,0.000
12/04/06 23:20,0.000
12/04/06 23:25,0.000
12/04/06 23:30,0.000
12/04/06 23:35,0.000
12/04/06 23:40,0.000
12/04/06 23:45,0.000
12/04/06 23:50,0.000
12/04/06 23:55,0.000
12/05/06 00:00,0.000
12/05/06 00:05,0.000
12/05/06 00:10,0.000
12/05/06 00:15,0.000
12/05/06 00:20,0.000
12/05/06 00:25,0.000
12/05/06 00:30,0.000
12/05/06 00:35,0.000
12/05/06 00:40,0.000
12/05/06 00:45,0.000
12/05/06 00:50,0.000
12/05/06 00:55,0.000
12/05/06 01:00,0.000
12/05/06 01:05,0.000
12/05/06 01:10,0.000
12/05/06 01:15,0.000
12/05/06 01:20,0.000
12/05/06 01:25,0.000
12/05/06 01:30,0.000
12/05/06 01:35,0.000
12/05/06 01:40,0.000
12/05/06 01:45,0.000
12/05/06 01:50,0.000
12/05/06 01:55,0.000
12/05/06 02:00,0.000
12/05/06 02:05,0.000
12/05/06 02:10,0.000
12/05/06 02:15,0.000
12/05/06 02:20,0.000
12/05/06 02:25,0.000
12/05/06 02:30,0.000
12/05/06 02:35,0.000
12/05/06 02:40,0.000
12/05/06 02:45,0.000
12/05/06 02:50,0.000
12/05/06 02:55,0.000
12/05/06 03:00,0.000
12/05/06 03:05,0.000
12/05/06 03:10,0.000
12/05/06 03:15,0.000
12/05/06 03:20,0.000
12/05/06 03:25,0.000
12/05/06 03:30,0.000
12/05/06 03:35,0.000
12/05/06 03:40,0.000
12/05/06 03:45,0.000
12/05/06 03:50,0.000
12/05/06 03:55,0.000
12/05/06 04:00,0.000
12/05/06 04:05,0.000
12/05/06 04:10,0.000
12/05/06 04:15,0.000
12/05/06 04:20,0.000
12/05/06 04:25,0.000
12/05/06 04:30,0.000
12/05/06 04:35,0.000
12/05/06 04:40,0.000
12/05/06 04:45,0.000
12/05/06 04:50,0.000
12/05/06 04:55,0.000
12/05/06 05:00,0.000
12/05/06 05:05,0.000
12/05/06 05:10,0.000
12/05/06 05:15,0.000
12/05/06 05:20,0.000
12/05/06 05:25,0.000
12/05/06 05:30,0.000
12/05/06 05:35,0.000
12/05/06 05:40,0.000
12/05/06 05:45,0.000
12/05/06 05:50,0.000
12/05/06 05:55,0.000
12/05/06 06:00,0.000
12/05/06 06:05,0.000
12/05/06 06:10,0.000
12/05/06 06:15,0.000
12/05/06 06:20,0.000
12/05/06 06:25,0.000
12/05/06 06:30,0.000
12/05/06 06:35,0.000
12/05/06 06:40,0.000
12/05/06 06:45,0.000
12/05/06 06:50,0.000
12/05/06 06:55,0.000
12/05/06 07:00,0.000
12/05/06 07:05,0.000
12/05/06 07:10,0.000
12/05/06 07:15,0.000
12/05/06 07:20,0.000
12/05/06 07:25,0.000
12/05/06 07:30,0.000
12/05/06 07:35,0.000
12/05/06 07:40,0.000
12/05/06 07:45,0.000
12/05/06 07:50,0.000
12/05/06 07:55,0.000
12/05/06 08:00,0.011
12/05/06 08:05,0.059
12/05/06 08:10,0.094
12/05/06 08:15,0.115
12/05/06 08:20,0.134
12/05/06 08:25,0.152
12/05/06 08:30,0.166
12/05/06 08:35,0.183
12/05/06 08:40,0.200
12/05/06 08:45,0.216
12/05/06 08:50,0.231
12/05/06 08:55,0.244
12/05/06 09:00,0.252
12/05/06 09:05,0.254
12/05/06 09:10,0.254
12/05/06 09:15,0.248
12/05/06 09:20,0.239
12/05/06 09:25,0.229
12/05/06 09:30,0.216
12/05/06 09:35,0.202
12/05/06 09:40,0.185
12/05/06 09:45,0.168
12/05/06 09:50,0.149
12/05/06 09:55,0.123
12/05/06 10:00,0.102
12/05/06 10:05,0.083
12/05/06 10:10,0.061
12/05/06 10:15,0.036
12/05/06 10:20,0.031
12/05/06 10:25,0.029
12/05/06 10:30,0.030
12/05/06 10:35,0.033
12/05/06 10:40,0.041
12/05/06 10:45,0.048
12/05/06 10:50,0.048
12/05/06 10:55,0.042
12/05/06 11:00,0.023
12/05/06 11:05,0.010
12/05/06 11:10,0.007
12/05/06 11:15,0.004
12/05/06 11:20,0.004
12/05/06 11:25,0.004
12/05/06 11:30,0.004
12/05/06 11:35,0.004
12/05/06 11:40,0.004
12/05/06 11:45,0.003
12/05/06 11:50,0.003
12/05/06 11:55,0.003
12/05/06 12:00,0.003
12/05/06 12:05,0.003
12/05/06 12:10,0.003
12/05/06 12:15,0.003
12/05/06 12:20,0.003
12/05/06 12:25,0.003
12/05/06 12:30,0.003
12/05/06 12:35,0.003
12/05/06 12:40,0.003
12/05/06 12:45,0.003
12/05/06 12:50,0.003
12/05/06 12:55,0.004
12/05/06 13:00,0.004
12/05/06 13:05,0.005
12/05/06 13:10,0.008
12/05/06 13:15,0.013
12/05/06 13:20,0.023
12/05/06 13:25,0.045
12/05/06 13:30,0.089
12/05/06 13:35,0.112
12/05/06 13:40,0.135
12/05/06 13:45,0.151
12/05/06 13:50,0.165
12/05/06 13:55,0.185
12/05/06 14:00,0.198
12/05/06 14:05,0.201
12/05/06 14:10,0.196
12/05/06 14:15,0.183
12/05/06 14:20,0.167
12/05/06 14:25,0.150
12/05/06 14:30,0.132
12/05/06 14:35,0.115
12/05/06 14:40,0.098
12/05/06 14:45,0.073
12/05/06 14:50,0.032
12/05/06 14:55,0.009
12/05/06 15:00,0.001
12/05/06 15:05,0.000
12/05/06 15:10,0.000
12/05/06 15:15,0.000
12/05/06 15:20,0.000
12/05/06 15:25,0.000
12/05/06 15:30,0.000
12/05/06 15:35,0.000
12/05/06 15:40,0.000
12/05/06 15:45,0.000
12/05/06 15:50,0.000
12/05/06 15:55,0.000
12/05/06 16:00,0.000
12/05/06 16:05,0.000
12/05/06 16:10,0.000
12/05/06 16:15,0.000
12/05/06 16:20,0.000
12/05/06 16:25,0.000
12/05/06 16:30,0.000
12/05/06 16:35,0.000
12/05/06 16:40,0.000
12/05/06 16:45,0.000
12/05/06 16:50,0.000
12/05/06 16:55,0.000
12/05/06 17:00,0.000
12/05/06 17:05,0.000
12/05/06 17:10,0.000
12/05/06 17:15,0.000
12/05/06 17:20,0.000
12/05/06 17:25,0.000
12/05/06 17:30,0.000
12/05/06 17:35,0.000
12/05/06 17:40,0.000
12/05/06 17:45,0.000
12/05/06 17:50,0.000
12/05/06 17:55,0.000
12/05/06 18:00,0.000
12/05/06 18:05,0.000
12/05/06 18:10,0.000
12/05/06 18:15,0.000
12/05/06 18:20,0.000
12/05/06 18:25,0.000
12/05/06 18:30,0.000
12/05/06 18:35,0.000
12/05/06 18:40,0.000
12/05/06 18:45,0.000
12/05/06 18:50,0.000
12/05/06 18:55,0.000
12/05/06 19:00,0.000
12/05/06 19:05,0.000
12/05/06 19:10,0.000
12/05/06 19:15,0.000
12/05/06 19:20,0.000
12/05/06 19:25,0.000
12/05/06 19:30,0.000
12/05/06 19:35,0.000
12/05/06 19:40,0.000
12/05/06 19:45,0.000
12/05/06 19:50,0.000
12/05/06 19:55,0.000
12/05/06 20:00,0.000
12/05/06 20:05,0.000
12/05/06 20:10,0.000
12/05/06 20:15,0.000
12/05/06 20:20,0.000
12/05/06 20:25,0.000
12/05/06 20:30,0.000
12/05/06 20:35,0.000
12/05/06 20:40,0.000
12/05/06 20:45,0.000
12/05/06 20:50,0.000
12/05/06 20:55,0.000
12/05/06 21:00,0.000
12/05/06 21:05,0.000
12/05/06 21:10,0.000
12/05/06 21:15,0.000
12/05/06 21:20,0.000
12/05/06 21:25,0.000
12/05/06 21:30,0.000
12/05/06 21:35,0.000
12/05/06 21:40,0.000
12/05/06 21:45,0.000
12/05/06 21:50,0.000
12/05/06 21:55,0.000
12/05/06 22:00,0.000
12/05/06 22:05,0.000
12/05/06 22:10,0.000
12/05/06 22:15,0.000
12/05/06 22:20,0.000
12/05/06 22:25,0.000
12/05/06 22:30,0.000
12/05/06 22:35,0.000
12/05/06 22:40,0.000
12/05/06 22:45,0.000
12/05/06 22:50,0.000
12/05/06 22:55,0.000
12/05/06 23:00,0.000
12/05/06 23:05,0.000
12/05/06 23:10,0.000
12/05/06 23:15,0.000
12/05/06 23:20,0.000
12/05/06 23:25,0.000
12/05/06 23:30,0.000
12/05/06 23:35,0.000
12/05/06 23:40,0.000
12/05/06 23:45,0.000
12/05/06 23:50,0.000
12/05/06 23:55,0.000
12/06/06 00:00,0.000
12/06/06 00:05,0.000
12/06/06 00:10,0.000
12/06/06 00:15,0.000
12/06/06 00:20,0.000
12/06/06 00:25,0.000
12/06/06 00:30,0.000
12/06/06 00:35,0.000
12/06/06 00:40,0.000
12/06/06 00:45,0.000
12/06/06 00:50,0.000
12/06/06 00:55,0.000
12/06/06 01:00,0.000
12/06/06 01:05,0.000
12/06/06 01:10,0.000
12/06/06 01:15,0.000
12/06/06 01:20,0.000
12/06/06 01:25,0.000
12/06/06 01:30,0.000
12/06/06 01:35,0.000
12/06/06 01:40,0.000
12/06/06 01:45,0.000
12/06/06 01:50,0.000
12/06/06 01:55,0.000
12/06/06 02:00,0.000
12/06/06 02:05,0.000
12/06/06 02:10,0.000
12/06/06 02:15,0.000
12/06/06 02:20,0.000
12/06/06 02:25,0.000
12/06/06 02:30,0.000
12/06/06 02:35,0.000
12/06/06 02:40,0.000
12/06/06 02:45,0.000
12/06/06 02:50,0.000
12/06/06 02:55,0.000
12/06/06 03:00,0.000
12/06/06 03:05,0.000
12/06/06 03:10,0.000
12/06/06 03:15,0.000
12/06/06 03:20,0.000
12/06/06 03:25,0.000
12/06/06 03:30,0.000
12/06/06 03:35,0.000
12/06/06 03:40,0.000
12/06/06 03:45,0.000
12/06/06 03:50,0.000
12/06/06 03:55,0.000
12/06/06 04:00,0.000
12/06/06 04:05,0.000
12/06/06 04:10,0.000
12/06/06 04:15,0.000
12/06/06 04:20,0.000
12/06/06 04:25,0.000
12/06/06 04:30,0.000
12/06/06 04:35,0.000
12/06/06 04:40,0.000
12/06/06 04:45,0.000
12/06/06 04:50,0.000
12/06/06 04:55,0.000
12/06/06 05:00,0.000
12/06/06 05:05,0.000
12/06/06 05:10,0.000
12/06/06 05:15,0.000
12/06/06 05:20,0.000
12/06/06 05:25,0.000
12/06/06 05:30,0.000
12/06/06 05:35,0.000
12/06/06 05:40,0.000
12/06/06 05:45,0.000
12/06/06 05:50,0.000
12/06/06 05:55,0.000
12/06/06 06:00,0.000
12/06/06 06:05,0.000
12/06/06 06:10,0.000
12/06/06 06:15,0.000
12/06/06 06:20,0.000
12/06/06 06:25,0.000
12/06/06 06:30,0.000
12/06/06 06:35,0.000
12/06/06 06:40,0.000
12/06/06 06:45,0.000
12/06/06 06:50,0.000
12/06/06 06:55,0.000
12/06/06 07:00,0.000
12/06/06 07:05,0.000
12/06/06 07:10,0.000
12/06/06 07:15,0.000
12/06/06 07:20,0.000
12/06/06 07:25,0.000
12/06/06 07:30,0.000
12/06/06 07:35,0.000
12/06/06 07:40,0.000
12/06/06 07:45,0.000
12/06/06 07:50,0.000
12/06/06 07:55,0.000
12/06/06 08:00,0.001
12/06/06 08:05,0.005
12/06/06 08:10,0.021
12/06/06 08:15,0.045
12/06/06 08:20,0.085
12/06/06 08:25,0.097
12/06/06 08:30,0.108
12/06/06 08:35,0.118
12/06/06 08:40,0.127
12/06/06 08:45,0.136
12/06/06 08:50,0.146
12/06/06 08:55,0.157
12/06/06 09:00,0.166
12/06/06 09:05,0.174
12/06/06 09:10,0.177
12/06/06 09:15,0.178
12/06/06 09:20,0.179
12/06/06 09:25,0.181
12/06/06 09:30,0.184
12/06/06 09:35,0.188
12/06/06 09:40,0.195
12/06/06 09:45,0.210
12/06/06 09:50,0.217
12/06/06 09:55,0.219
12/06/06 10:00,0.208
12/06/06 10:05,0.189
12/06/06 10:10,0.179
12/06/06 10:15,0.170
12/06/06 10:20,0.156
12/06/06 10:25,0.146
12/06/06 10:30,0.137
12/06/06 10:35,0.122
12/06/06 10:40,0.114
12/06/06 10:45,0.105
12/06/06 10:50,0.090
12/06/06 10:55,0.084
12/06/06 11:00,0.091
12/06/06 11:05,0.118
12/06/06 11:10,0.172
12/06/06 11:15,0.240
12/06/06 11:20,0.286
12/06/06 11:25,0.309
12/06/06 11:30,0.324
12/06/06 11:35,0.339
12/06/06 11:40,0.349
12/06/06 11:45,0.354
12/06/06 11:50,0.359
12/06/06 11:55,0.352
12/06/06 12:00,0.318
12/06/06 12:05,0.318
12/06/06 12:10,0.284
12/06/06 12:15,0.270
12/06/06 12:20,0.298
12/06/06 12:25,0.302
12/06/06 12:30,0.320
12/06/06 12:35,0.311
12/06/06 12:40,0.295
12/06/06 12:45,0.269
12/06/06 12:50,0.243
12/06/06 12:55,0.227
12/06/06 13:00,0.272
12/06/06 13:05,0.306
12/06/06 13:10,0.325
12/06/06 13:15,0.329
12/06/06 13:20,0.331
12/06/06 13:25,0.327
12/06/06 13:30,0.323
12/06/06 13:35,0.317
12/06/06 13:40,0.310
12/06/06 13:45,0.302
12/06/06 13:50,0.293
12/06/06 13:55,0.283
12/06/06 14:00,0.273
12/06/06 14:05,0.264
12/06/06 14:10,0.254
12/06/06 14:15,0.244
12/06/06 14:20,0.232
12/06/06 14:25,0.221
12/06/06 14:30,0.209
12/06/06 14:35,0.196
12/06/06 14:40,0.184
12/06/06 14:45,0.170
12/06/06 14:50,0.157
12/06/06 14:55,0.143
12/06/06 15:00,0.129
12/06/06 15:05,0.115
12/06/06 15:10,0.100
12/06/06 15:15,0.084
12/06/06 15:20,0.045
12/06/06 15:25,0.016
12/06/06 15:30,0.004
12/06/06 15:35,0.000
12/06/06 15:40,0.000
12/06/06 15:45,0.000
12/06/06 15:50,0.000
12/06/06 15:55,0.000
12/06/06 16:00,0.000
12/06/06 16:05,0.000
12/06/06 16:10,0.000
12/06/06 16:15,0.000
12/06/06 16:20,0.000
12/06/06 16:25,0.000
12/06/06 16:30,0.000
12/06/06 16:35,0.000
12/06/06 16:40,0.000
12/06/06 16:45,0.000
12/06/06 16:50,0.000
12/06/06 16:55,0.000
12/06/06 17:00,0.000
12/06/06 17:05,0.000
12/06/06 17:10,0.000
12/06/06 17:15,0.000
12/06/06 17:20,0.000
12/06/06 17:25,0.000
12/06/06 17:30,0.000
12/06/06 17:35,0.000
12/06/06 17:40,0.000
12/06/06 17:45,0.000
12/06/06 17:50,0.000
12/06/06 17:55,0.000
12/06/06 18:00,0.000
12/06/06 18:05,0.000
12/06/06 18:10,0.000
12/06/06 18:15,0.000
12/06/06 18:20,0.000
12/06/06 18:25,0.000
12/06/06 18:30,0.000
12/06/06 18:35,0.000
12/06/06 18:40,0.000
12/06/06 18:45,0.000
12/06/06 18:50,0.000
12/06/06 18:55,0.000
12/06/06 19:00,0.000
12/06/06 19:05,0.000
12/06/06 19:10,0.000
12/06/06 19:15,0.000
12/06/06 19:20,0.000
12/06/06 19:25,0.000
12/06/06 19:30,0.000
12/06/06 19:35,0.000
12/06/06 19:40,0.000
12/06/06 19:45,0.000
12/06/06 19:50,0.000
12/06/06 19:55,0.000
12/06/06 20:00,0.000
12/06/06 20:05,0.000
12/06/06 20:10,0.000
12/06/06 20:15,0.000
12/06/06 20:20,0.000
12/06/06 20:25,0.000
12/06/06 20:30,0.000
12/06/06 20:35,0.000
12/06/06 20:40,0.000
12/06/06 20:45,0.000
12/06/06 20:50,0.000
12/06/06 20:55,0.000
12/06/06 21:00,0.000
12/06/06 21:05,0.000
12/06/06 21:10,0.000
12/06/06 21:15,0.000
12/06/06 21:20,0.000
12/06/06 21:25,0.000
12/06/06 21:30,0.000
12/06/06 21:35,0.000
12/06/06 21:40,0.000
12/06/06 21:45,0.000
12/06/06 21:50,0.000
12/06/06 21:55,0.000
12/06/06 22:00,0.000
12/06/06 22:05,0.000
12/06/06 22:10,0.000
12/06/06 22:15,0.000
12/06/06 22:20,0.000
12/06/06 22:25,0.000
12/06/06 22:30,0.000
12/06/06 22:35,0.000
12/06/06 22:40,0.000
12/06/06 22:45,0.000
12/06/06 22:50,0.000
12/06/06 22:55,0.000
12/06/06 23:00,0.000
12/06/06 23:05,0.000
12/06/06 23:10,0.000
12/06/06 23:15,0.000
12/06/06 23:20,0.000
12/06/06 23:25,0.000
12/06/06 23:30,0.000
12/06/06 23:35,0.000
12/06/06 23:40,0.000
12/06/06 23:45,0.000
12/06/06 23:50,0.000
12/06/06 23:55,0.000
12/07/06 00:00,0.000
12/07/06 00:05,0.000
12/07/06 00:10,0.000
12/07/06 00:15,0.000
12/07/06 00:20,0.000
12/07/06 00:25,0.000
12/07/06 00:30,0.000
12/07/06 00:35,0.000
12/07/06 00:40,0.000
12/07/06 00:45,0.000
12/07/06 00:50,0.000
12/07/06 00:55,0.000
12/07/06 01:00,0.000
12/07/06 01:05,0.000
12/07/06 01:10,0.000
12/07/06 01:15,0.000
12/07/06 01:20,0.000
12/07/06 01:25,0.000
12/07/06 01:30,0.000
12/07/06 01:35,0.000
12/07/06 01:40,0.000
12/07/06 01:45,0.000
12/07/06 01:50,0.000
12/07/06 01:55,0.000
12/07/06 02:00,0.000
12/07/06 02:05,0.000
12/07/06 02:10,0.000
12/07/06 02:15,0.000
12/07/06 02:20,0.000
12/07/06 02:25,0.000
12/07/06 02:30,0.000
12/07/06 02:35,0.000
12/07/06 02:40,0.000
12/07/06 02:45,0.000
12/07/06 02:50,0.000
12/07/06 02:55,0.000
12/07/06 03:00,0.000
12/07/06 03:05,0.000
12/07/06 03:10,0.000
12/07/06 03:15,0.000
12/07/06 03:20,0.000
12/07/06 03:25,0.000
12/07/06 03:30,0.000
12/07/06 03:35,0.000
12/07/06 03:40,0.000
12/07/06 03:45,0.000
12/07/06 03:50,0.000
12/07/06 03:55,0.000
12/07/06 04:00,0.000
12/07/06 04:05,0.000
12/07/06 04:10,0.000
12/07/06 04:15,0.000
12/07/06 04:20,0.000
12/07/06 04:25,0.000
12/07/06 04:30,0.000
12/07/06 04:35,0.000
12/07/06 04:40,0.000
12/07/06 04:45,0.000
12/07/06 04:50,0.000
12/07/06 04:55,0.000
12/07/06 05:00,0.000
12/07/06 05:05,0.000
12/07/06 05:10,0.000
12/07/06 05:15,0.000
12/07/06 05:20,0.000
12/07/06 05:25,0.000
12/07/06 05:30,0.000
12/07/06 05:35,0.000
12/07/06 05:40,0.000
12/07/06 05:45,0.000
12/07/06 05:50,0.000
12/07/06 05:55,0.000
12/07/06 06:00,0.000
12/07/06 06:05,0.000
12/07/06 06:10,0.000
12/07/06 06:15,0.000
12/07/06 06:20,0.000
12/07/06 06:25,0.000
12/07/06 06:30,0.000
12/07/06 06:35,0.000
12/07/06 06:40,0.000
12/07/06 06:45,0.000
12/07/06 06:50,0.000
12/07/06 06:55,0.000
12/07/06 07:00,0.000
12/07/06 07:05,0.000
12/07/06 07:10,0.000
12/07/06 07:15,0.000
12/07/06 07:20,0.000
12/07/06 07:25,0.000
12/07/06 07:30,0.000
12/07/06 07:35,0.000
12/07/06 07:40,0.000
12/07/06 07:45,0.000
12/07/06 07:50,0.000
12/07/06 07:55,0.001
12/07/06 08:00,0.013
12/07/06 08:05,0.041
12/07/06 08:10,0.080
12/07/06 08:15,0.095
12/07/06 08:20,0.110
12/07/06 08:25,0.123
12/07/06 08:30,0.137
12/07/06 08:35,0.148
12/07/06 08:40,0.159
12/07/06 08:45,0.171
12/07/06 08:50,0.181
12/07/06 08:55,0.193
12/07/06 09:00,0.167
12/07/06 09:05,0.152
12/07/06 09:10,0.147
12/07/06 09:15,0.098
12/07/06 09:20,0.091
12/07/06 09:25,0.103
12/07/06 09:30,0.141
12/07/06 09:35,0.197
12/07/06 09:40,0.244
12/07/06 09:45,0.229
12/07/06 09:50,0.172
12/07/06 09:55,0.156
12/07/06 10:00,0.211
12/07/06 10:05,0.251
12/07/06 10:10,0.277
12/07/06 10:15,0.295
12/07/06 10:20,0.305
12/07/06 10:25,0.306
12/07/06 10:30,0.300
12/07/06 10:35,0.285
12/07/06 10:40,0.269
12/07/06 10:45,0.246
12/07/06 10:50,0.227
12/07/06 10:55,0.208
12/07/06 11:00,0.211
12/07/06 11:05,0.240
12/07/06 11:10,0.208
12/07/06 11:15,0.217
12/07/06 11:20,0.246
12/07/06 11:25,0.221
12/07/06 11:30,0.179
12/07/06 11:35,0.153
12/07/06 11:40,0.098
12/07/06 11:45,0.148
12/07/06 11:50,0.214
12/07/06 11:55,0.260
12/07/06 12:00,0.291
12/07/06 12:05,0.300
12/07/06 12:10,0.298
12/07/06 12:15,0.304
12/07/06 12:20,0.303
12/07/06 12:25,0.277
12/07/06 12:30,0.200
12/07/06 12:35,0.135
12/07/06 12:40,0.120
12/07/06 12:45,0.142
12/07/06 12:50,0.148
12/07/06 12:55,0.168
12/07/06 13:00,0.148
12/07/06 13:05,0.134
12/07/06 13:10,0.109
12/07/06 13:15,0.091
12/07/06 13:20,0.062
12/07/06 13:25,0.037
12/07/06 13:30,0.025
12/07/06 13:35,0.017
12/07/06 13:40,0.012
12/07/06 13:45,0.008
12/07/06 13:50,0.008
12/07/06 13:55,0.011
12/07/06 14:00,0.015
12/07/06 14:05,0.019
12/07/06 14:10,0.024
12/07/06 14:15,0.051
12/07/06 14:20,0.085
12/07/06 14:25,0.100
12/07/06 14:30,0.114
12/07/06 14:35,0.123
12/07/06 14:40,0.132
12/07/06 14:45,0.139
12/07/06 14:50,0.142
12/07/06 14:55,0.141
12/07/06 15:00,0.133
12/07/06 15:05,0.119
12/07/06 15:10,0.093
12/07/06 15:15,0.041
12/07/06 15:20,0.012
12/07/06 15:25,0.006
12/07/06 15:30,0.005
12/07/06 15:35,0.002
12/07/06 15:40,0.000
12/07/06 15:45,0.000
12/07/06 15:50,0.000
12/07/06 15:55,0.000
12/07/06 16:00,0.000
12/07/06 16:05,0.000
12/07/06 16:10,0.000
12/07/06 16:15,0.000
12/07/06 16:20,0.000
12/07/06 16:25,0.000
12/07/06 16:30,0.000
12/07/06 16:35,0.000
12/07/06 16:40,0.000
12/07/06 16:45,0.000
12/07/06 16:50,0.000
12/07/06 16:55,0.000
12/07/06 17:00,0.000
12/07/06 17:05,0.000
12/07/06 17:10,0.000
12/07/06 17:15,0.000
12/07/06 17:20,0.000
12/07/06 17:25,0.000
12/07/06 17:30,0.000
12/07/06 17:35,0.000
12/07/06 17:40,0.000
12/07/06 17:45,0.000
12/07/06 17:50,0.000
12/07/06 17:55,0.000
12/07/06 18:00,0.000
12/07/06 18:05,0.000
12/07/06 18:10,0.000
12/07/06 18:15,0.000
12/07/06 18:20,0.000
12/07/06 18:25,0.000
12/07/06 18:30,0.000
12/07/06 18:35,0.000
12/07/06 18:40,0.000
12/07/06 18:45,0.000
12/07/06 18:50,0.000
12/07/06 18:55,0.000
12/07/06 19:00,0.000
12/07/06 19:05,0.000
12/07/06 19:10,0.000
12/07/06 19:15,0.000
12/07/06 19:20,0.000
12/07/06 19:25,0.000
12/07/06 19:30,0.000
12/07/06 19:35,0.000
12/07/06 19:40,0.000
12/07/06 19:45,0.000
12/07/06 19:50,0.000
12/07/06 19:55,0.000
12/07/06 20:00,0.000
12/07/06 20:05,0.000
12/07/06 20:10,0.000
12/07/06 20:15,0.000
12/07/06 20:20,0.000
12/07/06 20:25,0.000
12/07/06 20:30,0.000
12/07/06 20:35,0.000
12/07/06 20:40,0.000
12/07/06 20:45,0.000
12/07/06 20:50,0.000
12/07/06 20:55,0.000
12/07/06 21:00,0.000
12/07/06 21:05,0.000
12/07/06 21:10,0.000
12/07/06 21:15,0.000
12/07/06 21:20,0.000
12/07/06 21:25,0.000
12/07/06 21:30,0.000
12/07/06 21:35,0.000
12/07/06 21:40,0.000
12/07/06 21:45,0.000
12/07/06 21:50,0.000
12/07/06 21:55,0.000
12/07/06 22:00,0.000
12/07/06 22:05,0.000
12/07/06 22:10,0.000
12/07/06 22:15,0.000
12/07/06 22:20,0.000
12/07/06 22:25,0.000
12/07/06 22:30,0.000
12/07/06 22:35,0.000
12/07/06 22:40,0.000
12/07/06 22:45,0.000
12/07/06 22:50,0.000
12/07/06 22:55,0.000
12/07/06 23:00,0.000
12/07/06 23:05,0.000
12/07/06 23:10,0.000
12/07/06 23:15,0.000
12/07/06 23:20,0.000
12/07/06 23:25,0.000
12/07/06 23:30,0.000
12/07/06 23:35,0.000
12/07/06 23:40,0.000
12/07/06 23:45,0.000
12/07/06 23:50,0.000
12/07/06 23:55,0.000
12/08/06 00:00,0.000
12/08/06 00:05,0.000
12/08/06 00:10,0.000
12/08/06 00:15,0.000
12/08/06 00:20,0.000
12/08/06 00:25,0.000
12/08/06 00:30,0.000
12/08/06 00:35,0.000
12/08/06 00:40,0.000
12/08/06 00:45,0.000
12/08/06 00:50,0.000
12/08/06 00:55,0.000
12/08/06 01:00,0.000
12/08/06 01:05,0.000
12/08/06 01:10,0.000
12/08/06 01:15,0.000
12/08/06 01:20,0.000
12/08/06 01:25,0.000
12/08/06 01:30,0.000
12/08/06 01:35,0.000
12/08/06 01:40,0.000
12/08/06 01:45,0.000
12/08/06 01:50,0.000
12/08/06 01:55,0.000
12/08/06 02:00,0.000
12/08/06 02:05,0.000
12/08/06 02:10,0.000
12/08/06 02:15,0.000
12/08/06 02:20,0.000
12/08/06 02:25,0.000
12/08/06 02:30,0.000
12/08/06 02:35,0.000
12/08/06 02:40,0.000
12/08/06 02:45,0.000
12/08/06 02:50,0.000
12/08/06 02:55,0.000
12/08/06 03:00,0.000
12/08/06 03:05,0.000
12/08/06 03:10,0.000
12/08/06 03:15,0.000
12/08/06 03:20,0.000
12/08/06 03:25,0.000
12/08/06 03:30,0.000
12/08/06 03:35,0.000
12/08/06 03:40,0.000
12/08/06 03:45,0.000
12/08/06 03:50,0.000
12/08/06 03:55,0.000
12/08/06 04:00,0.000
12/08/06 04:05,0.000
12/08/06 04:10,0.000
12/08/06 04:15,0.000
12/08/06 04:20,0.000
12/08/06 04:25,0.000
12/08/06 04:30,0.000
12/08/06 04:35,0.000
12/08/06 04:40,0.000
12/08/06 04:45,0.000
12/08/06 04:50,0.000
12/08/06 04:55,0.000
12/08/06 05:00,0.000
12/08/06 05:05,0.000
12/08/06 05:10,0.000
12/08/06 05:15,0.000
12/08/06 05:20,0.000
12/08/06 05:25,0.000
12/08/06 05:30,0.000
12/08/06 05:35,0.000
12/08/06 05:40,0.000
12/08/06 05:45,0.000
12/08/06 05:50,0.000
12/08/06 05:55,0.000
12/08/06 06:00,0.000
12/08/06 06:05,0.000
12/08/06 06:10,0.000
12/08/06 06:15,0.000
12/08/06 06:20,0.000
12/08/06 06:25,0.000
12/08/06 06:30,0.000
12/08/06 06:35,0.000
12/08/06 06:40,0.000
12/08/06 06:45,0.000
12/08/06 06:50,0.000
12/08/06 06:55,0.000
12/08/06 07:00,0.000
12/08/06 07:05,0.000
12/08/06 07:10,0.000
12/08/06 07:15,0.000
12/08/06 07:20,0.000
12/08/06 07:25,0.000
12/08/06 07:30,0.000
12/08/06 07:35,0.000
12/08/06 07:40,0.000
12/08/06 07:45,0.000
12/08/06 07:50,0.000
12/08/06 07:55,0.000
12/08/06 08:00,0.003
12/08/06 08:05,0.038
12/08/06 08:10,0.087
12/08/06 08:15,0.108
12/08/06 08:20,0.128
12/08/06 08:25,0.147
12/08/06 08:30,0.165
12/08/06 08:35,0.182
12/08/06 08:40,0.196
12/08/06 08:45,0.212
12/08/06 08:50,0.228
12/08/06 08:55,0.244
12/08/06 09:00,0.255
12/08/06 09:05,0.258
12/08/06 09:10,0.255
12/08/06 09:15,0.246
12/08/06 09:20,0.235
12/08/06 09:25,0.224
12/08/06 09:30,0.210
12/08/06 09:35,0.196
12/08/06 09:40,0.182
12/08/06 09:45,0.164
12/08/06 09:50,0.137
12/08/06 09:55,0.114
12/08/06 10:00,0.091
12/08/06 10:05,0.087
12/08/06 10:10,0.074
12/08/06 10:15,0.053
12/08/06 10:20,0.031
12/08/06 10:25,0.025
12/08/06 10:30,0.022
12/08/06 10:35,0.017
12/08/06 10:40,0.009
12/08/06 10:45,0.009
12/08/06 10:50,0.011
12/08/06 10:55,0.012
12/08/06 11:00,0.011
12/08/06 11:05,0.014
12/08/06 11:10,0.022
12/08/06 11:15,0.037
12/08/06 11:20,0.058
12/08/06 11:25,0.082
12/08/06 11:30,0.094
12/08/06 11:35,0.116
12/08/06 11:40,0.132
12/08/06 11:45,0.154
12/08/06 11:50,0.171
12/08/06 11:55,0.185
12/08/06 12:00,0.203
12/08/06 12:05,0.206
12/08/06 12:10,0.204
12/08/06 12:15,0.199
12/08/06 12:20,0.193
12/08/06 12:25,0.186
12/08/06 12:30,0.173
12/08/06 12:35,0.166
12/08/06 12:40,0.157
12/08/06 12:45,0.145
12/08/06 12:50,0.133
12/08/06 12:55,0.116
12/08/06 13:00,0.114
12/08/06 13:05,0.142
12/08/06 13:10,0.121
12/08/06 13:15,0.104
12/08/06 13:20,0.165
12/08/06 13:25,0.211
12/08/06 13:30,0.246
12/08/06 13:35,0.231
12/08/06 13:40,0.223
12/08/06 13:45,0.193
12/08/06 13:50,0.122
12/08/06 13:55,0.089
12/08/06 14:00,0.098
12/08/06 14:05,0.112
12/08/06 14:10,0.092
12/08/06 14:15,0.101
12/08/06 14:20,0.119
12/08/06 14:25,0.130
12/08/06 14:30,0.119
12/08/06 14:35,0.125
12/08/06 14:40,0.123
12/08/06 14:45,0.118
12/08/06 14:50,0.109
12/08/06 14:55,0.101
12/08/06 15:00,0.101
12/08/06 15:05,0.093
12/08/06 15:10,0.076
12/08/06 15:15,0.029
12/08/06 15:20,0.006
12/08/06 15:25,0.000
12/08/06 15:30,0.000
12/08/06 15:35,0.000
12/08/06 15:40,0.000
12/08/06 15:45,0.000
12/08/06 15:50,0.000
12/08/06 15:55,0.000
12/08/06 16:00,0.000
12/08/06 16:05,0.000
12/08/06 16:10,0.000
12/08/06 16:15,0.000
12/08/06 16:20,0.000
12/08/06 16:25,0.000
12/08/06 16:30,0.000
12/08/06 16:35,0.000
12/08/06 16:40,0.000
12/08/06 16:45,0.000
12/08/06 16:50,0.000
12/08/06 16:55,0.000
12/08/06 17:00,0.000
12/08/06 17:05,0.000
12/08/06 17:10,0.000
12/08/06 17:15,0.000
12/08/06 17:20,0.000
12/08/06 17:25,0.000
12/08/06 17:30,0.000
12/08/06 17:35,0.000
12/08/06 17:40,0.000
12/08/06 17:45,0.000
12/08/06 17:50,0.000
12/08/06 17:55,0.000
12/08/06 18:00,0.000
12/08/06 18:05,0.000
12/08/06 18:10,0.000
12/08/06 18:15,0.000
12/08/06 18:20,0.000
12/08/06 18:25,0.000
12/08/06 18:30,0.000
12/08/06 18:35,0.000
12/08/06 18:40,0.000
12/08/06 18:45,0.000
12/08/06 18:50,0.000
12/08/06 18:55,0.000
12/08/06 19:00,0.000
12/08/06 19:05,0.000
12/08/06 19:10,0.000
12/08/06 19:15,0.000
12/08/06 19:20,0.000
12/08/06 19:25,0.000
12/08/06 19:30,0.000
12/08/06 19:35,0.000
12/08/06 19:40,0.000
12/08/06 19:45,0.000
12/08/06 19:50,0.000
12/08/06 19:55,0.000
12/08/06 20:00,0.000
12/08/06 20:05,0.000
12/08/06 20:10,0.000
12/08/06 20:15,0.000
12/08/06 20:20,0.000
12/08/06 20:25,0.000
12/08/06 20:30,0.000
12/08/06 20:35,0.000
12/08/06 20:40,0.000
12/08/06 20:45,0.000
12/08/06 20:50,0.000
12/08/06 20:55,0.000
12/08/06 21:00,0.000
12/08/06 21:05,0.000
12/08/06 21:10,0.000
12/08/06 21:15,0.000
12/08/06 21:20,0.000
12/08/06 21:25,0.000
12/08/06 21:30,0.000
12/08/06 21:35,0.000
12/08/06 21:40,0.000
12/08/06 21:45,0.000
12/08/06 21:50,0.000
12/08/06 21:55,0.000
12/08/06 22:00,0.000
12/08/06 22:05,0.000
12/08/06 22:10,0.000
12/08/06 22:15,0.000
12/08/06 22:20,0.000
12/08/06 22:25,0.000
12/08/06 22:30,0.000
12/08/06 22:35,0.000
12/08/06 22:40,0.000
12/08/06 22:45,0.000
12/08/06 22:50,0.000
12/08/06 22:55,0.000
12/08/06 23:00,0.000
12/08/06 23:05,0.000
12/08/06 23:10,0.000
12/08/06 23:15,0.000
12/08/06 23:20,0.000
12/08/06 23:25,0.000
12/08/06 23:30,0.000
12/08/06 23:35,0.000
12/08/06 23:40,0.000
12/08/06 23:45,0.000
12/08/06 23:50,0.000
12/08/06 23:55,0.000
12/09/06 00:00,0.000
12/09/06 00:05,0.000
12/09/06 00:10,0.000
12/09/06 00:15,0.000
12/09/06 00:20,0.000
12/09/06 00:25,0.000
12/09/06 00:30,0.000
12/09/06 00:35,0.000
12/09/06 00:40,0.000
12/09/06 00:45,0.000
12/09/06 00:50,0.000
12/09/06 00:55,0.000
12/09/06 01:00,0.000
12/09/06 01:05,0.000
12/09/06 01:10,0.000
12/09/06 01:15,0.000
12/09/06 01:20,0.000
12/09/06 01:25,0.000
12/09/06 01:30,0.000
12/09/06 01:35,0.000
12/09/06 01:40,0.000
12/09/06 01:45,0.000
12/09/06 01:50,0.000
12/09/06 01:55,0.000
12/09/06 02:00,0.000
12/09/06 02:05,0.000
12/09/06 02:10,0.000
12/09/06 02:15,0.000
12/09/06 02:20,0.000
12/09/06 02:25,0.000
12/09/06 02:30,0.000
12/09/06 02:35,0.000
12/09/06 02:40,0.000
12/09/06 02:45,0.000
12/09/06 02:50,0.000
12/09/06 02:55,0.000
12/09/06 03:00,0.000
12/09/06 03:05,0.000
12/09/06 03:10,0.000
12/09/06 03:15,0.000
12/09/06 03:20,0.000
12/09/06 03:25,0.000
12/09/06 03:30,0.000
12/09/06 03:35,0.000
12/09/06 03:40,0.000
12/09/06 03:45,0.000
12/09/06 03:50,0.000
12/09/06 03:55,0.000
12/09/06 04:00,0.000
12/09/06 04:05,0.000
12/09/06 04:10,0.000
12/09/06 04:15,0.000
12/09/06 04:20,0.000
12/09/06 04:25,0.000
12/09/06 04:30,0.000
12/09/06 04:35,0.000
12/09/06 04:40,0.000
12/09/06 04:45,0.000
12/09/06 04:50,0.000
12/09/06 04:55,0.000
12/09/06 05:00,0.000
12/09/06 05:05,0.000
12/09/06 05:10,0.000
12/09/06 05:15,0.000
12/09/06 05:20,0.000
12/09/06 05:25,0.000
12/09/06 05:30,0.000
12/09/06 05:35,0.000
12/09/06 05:40,0.000
12/09/06 05:45,0.000
12/09/06 05:50,0.000
12/09/06 05:55,0.000
12/09/06 06:00,0.000
12/09/06 06:05,0.000
12/09/06 06:10,0.000
12/09/06 06:15,0.000
12/09/06 06:20,0.000
12/09/06 06:25,0.000
12/09/06 06:30,0.000
12/09/06 06:35,0.000
12/09/06 06:40,0.000
12/09/06 06:45,0.000
12/09/06 06:50,0.000
12/09/06 06:55,0.000
12/09/06 07:00,0.000
12/09/06 07:05,0.000
12/09/06 07:10,0.000
12/09/06 07:15,0.000
12/09/06 07:20,0.000
12/09/06 07:25,0.000
12/09/06 07:30,0.000
12/09/06 07:35,0.000
12/09/06 07:40,0.000
12/09/06 07:45,0.000
12/09/06 07:50,0.000
12/09/06 07:55,0.000
12/09/06 08:00,0.001
12/09/06 08:05,0.011
12/09/06 08:10,0.047
12/09/06 08:15,0.089
12/09/06 08:20,0.106
12/09/06 08:25,0.121
12/09/06 08:30,0.135
12/09/06 08:35,0.149
12/09/06 08:40,0.163
12/09/06 08:45,0.177
12/09/06 08:50,0.190
12/09/06 08:55,0.203
12/09/06 09:00,0.215
12/09/06 09:05,0.221
12/09/06 09:10,0.223
12/09/06 09:15,0.220
12/09/06 09:20,0.214
12/09/06 09:25,0.206
12/09/06 09:30,0.200
12/09/06 09:35,0.189
12/09/06 09:40,0.179
12/09/06 09:45,0.166
12/09/06 09:50,0.149
12/09/06 09:55,0.137
12/09/06 10:00,0.125
12/09/06 10:05,0.153
12/09/06 10:10,0.197
12/09/06 10:15,0.226
12/09/06 10:20,0.196
12/09/06 10:25,0.178
12/09/06 10:30,0.188
12/09/06 10:35,0.202
12/09/06 10:40,0.174
12/09/06 10:45,0.181
12/09/06 10:50,0.221
12/09/06 10:55,0.246
12/09/06 11:00,0.248
12/09/06 11:05,0.253
12/09/06 11:10,0.263
12/09/06 11:15,0.271
12/09/06 11:20,0.223
12/09/06 11:25,0.159
12/09/06 11:30,0.115
12/09/06 11:35,0.072
12/09/06 11:40,0.080
12/09/06 11:45,0.048
12/09/06 11:50,0.009
12/09/06 11:55,0.103
12/09/06 12:00,0.112
12/09/06 12:05,0.146
12/09/06 12:10,0.160
12/09/06 12:15,0.142
12/09/06 12:20,0.138
12/09/06 12:25,0.150
12/09/06 12:30,0.124
12/09/06 12:35,0.136
12/09/06 12:40,0.142
12/09/06 12:45,0.138
12/09/06 12:50,0.099
12/09/06 12:55,0.092
12/09/06 13:00,0.036
12/09/06 13:05,0.019
12/09/06 13:10,0.015
12/09/06 13:15,0.020
12/09/06 13:20,0.040
12/09/06 13:25,0.060
12/09/06 13:30,0.083
12/09/06 13:35,0.086
12/09/06 13:40,0.097
12/09/06 13:45,0.100
12/09/06 13:50,0.101
12/09/06 13:55,0.101
12/09/06 14:00,0.088
12/09/06 14:05,0.066
12/09/06 14:10,0.024
12/09/06 14:15,0.005
12/09/06 14:20,0.001
12/09/06 14:25,0.000
12/09/06 14:30,0.000
12/09/06 14:35,0.000
12/09/06 14:40,0.000
12/09/06 14:45,0.000
12/09/06 14:50,0.000
12/09/06 14:55,0.000
12/09/06 15:00,0.000
12/09/06 15:05,0.000
12/09/06 15:10,0.000
12/09/06 15:15,0.000
12/09/06 15:20,0.000
12/09/06 15:25,0.000
12/09/06 15:30,0.000
12/09/06 15:35,0.000
12/09/06 15:40,0.000
12/09/06 15:45,0.000
12/09/06 15:50,0.000
12/09/06 15:55,0.000
12/09/06 16:00,0.000
12/09/06 16:05,0.000
12/09/06 16:10,0.000
12/09/06 16:15,0.000
12/09/06 16:20,0.000
12/09/06 16:25,0.000
12/09/06 16:30,0.000
12/09/06 16:35,0.000
12/09/06 16:40,0.000
12/09/06 16:45,0.000
12/09/06 16:50,0.000
12/09/06 16:55,0.000
12/09/06 17:00,0.000
12/09/06 17:05,0.000
12/09/06 17:10,0.000
12/09/06 17:15,0.000
12/09/06 17:20,0.000
12/09/06 17:25,0.000
12/09/06 17:30,0.000
12/09/06 17:35,0.000
12/09/06 17:40,0.000
12/09/06 17:45,0.000
12/09/06 17:50,0.000
12/09/06 17:55,0.000
12/09/06 18:00,0.000
12/09/06 18:05,0.000
12/09/06 18:10,0.000
12/09/06 18:15,0.000
12/09/06 18:20,0.000
12/09/06 18:25,0.000
12/09/06 18:30,0.000
12/09/06 18:35,0.000
12/09/06 18:40,0.000
12/09/06 18:45,0.000
12/09/06 18:50,0.000
12/09/06 18:55,0.000
12/09/06 19:00,0.000
12/09/06 19:05,0.000
12/09/06 19:10,0.000
12/09/06 19:15,0.000
12/09/06 19:20,0.000
12/09/06 19:25,0.000
12/09/06 19:30,0.000
12/09/06 19:35,0.000
12/09/06 19:40,0.000
12/09/06 19:45,0.000
12/09/06 19:50,0.000
12/09/06 19:55,0.000
12/09/06 20:00,0.000
12/09/06 20:05,0.000
12/09/06 20:10,0.000
12/09/06 20:15,0.000
12/09/06 20:20,0.000
12/09/06 20:25,0.000
12/09/06 20:30,0.000
12/09/06 20:35,0.000
12/09/06 20:40,0.000
12/09/06 20:45,0.000
12/09/06 20:50,0.000
12/09/06 20:55,0.000
12/09/06 21:00,0.000
12/09/06 21:05,0.000
12/09/06 21:10,0.000
12/09/06 21:15,0.000
12/09/06 21:20,0.000
12/09/06 21:25,0.000
12/09/06 21:30,0.000
12/09/06 21:35,0.000
12/09/06 21:40,0.000
12/09/06 21:45,0.000
12/09/06 21:50,0.000
12/09/06 21:55,0.000
12/09/06 22:00,0.000
12/09/06 22:05,0.000
12/09/06 22:10,0.000
12/09/06 22:15,0.000
12/09/06 22:20,0.000
12/09/06 22:25,0.000
12/09/06 22:30,0.000
12/09/06 22:35,0.000
12/09/06 22:40,0.000
12/09/06 22:45,0.000
12/09/06 22:50,0.000
12/09/06 22:55,0.000
12/09/06 23:00,0.000
12/09/06 23:05,0.000
12/09/06 23:10,0.000
12/09/06 23:15,0.000
12/09/06 23:20,0.000
12/09/06 23:25,0.000
12/09/06 23:30,0.000
12/09/06 23:35,0.000
12/09/06 23:40,0.000
12/09/06 23:45,0.000
12/09/06 23:50,0.000
12/09/06 23:55,0.000
12/10/06 00:00,0.000
12/10/06 00:05,0.000
12/10/06 00:10,0.000
12/10/06 00:15,0.000
12/10/06 00:20,0.000
12/10/06 00:25,0.000
12/10/06 00:30,0.000
12/10/06 00:35,0.000
12/10/06 00:40,0.000
12/10/06 00:45,0.000
12/10/06 00:50,0.000
12/10/06 00:55,0.000
12/10/06 01:00,0.000
12/10/06 01:05,0.000
12/10/06 01:10,0.000
12/10/06 01:15,0.000
12/10/06 01:20,0.000
12/10/06 01:25,0.000
12/10/06 01:30,0.000
12/10/06 01:35,0.000
12/10/06 01:40,0.000
12/10/06 01:45,0.000
12/10/06 01:50,0.000
12/10/06 01:55,0.000
12/10/06 02:00,0.000
12/10/06 02:05,0.000
12/10/06 02:10,0.000
12/10/06 02:15,0.000
12/10/06 02:20,0.000
12/10/06 02:25,0.000
12/10/06 02:30,0.000
12/10/06 02:35,0.000
12/10/06 02:40,0.000
12/10/06 02:45,0.000
12/10/06 02:50,0.000
12/10/06 02:55,0.000
12/10/06 03:00,0.000
12/10/06 03:05,0.000
12/10/06 03:10,0.000
12/10/06 03:15,0.000
12/10/06 03:20,0.000
12/10/06 03:25,0.000
12/10/06 03:30,0.000
12/10/06 03:35,0.000
12/10/06 03:40,0.000
12/10/06 03:45,0.000
12/10/06 03:50,0.000
12/10/06 03:55,0.000
12/10/06 04:00,0.000
12/10/06 04:05,0.000
12/10/06 04:10,0.000
12/10/06 04:15,0.000
12/10/06 04:20,0.000
12/10/06 04:25,0.000
12/10/06 04:30,0.000
12/10/06 04:35,0.000
12/10/06 04:40,0.000
12/10/06 04:45,0.000
12/10/06 04:50,0.000
12/10/06 04:55,0.000
12/10/06 05:00,0.000
12/10/06 05:05,0.000
12/10/06 05:10,0.000
12/10/06 05:15,0.000
12/10/06 05:20,0.000
12/10/06 05:25,0.000
12/10/06 05:30,0.000
12/10/06 05:35,0.000
12/10/06 05:40,0.000
12/10/06 05:45,0.000
12/10/06 05:50,0.000
12/10/06 05:55,0.000
12/10/06 06:00,0.000
12/10/06 06:05,0.000
12/10/06 06:10,0.000
12/10/06 06:15,0.000
12/10/06 06:20,0.000
12/10/06 06:25,0.000
12/10/06 06:30,0.000
12/10/06 06:35,0.000
12/10/06 06:40,0.000
12/10/06 06:45,0.000
12/10/06 06:50,0.000
12/10/06 06:55,0.000
12/10/06 07:00,0.000
12/10/06 07:05,0.000
12/10/06 07:10,0.000
12/10/06 07:15,0.000
12/10/06 07:20,0.000
12/10/06 07:25,0.000
12/10/06 07:30,0.000
12/10/06 07:35,0.000
12/10/06 07:40,0.000
12/10/06 07:45,0.000
12/10/06 07:50,0.000
12/10/06 07:55,0.000
12/10/06 08:00,0.000
12/10/06 08:05,0.011
12/10/06 08:10,0.051
12/10/06 08:15,0.088
12/10/06 08:20,0.105
12/10/06 08:25,0.122
12/10/06 08:30,0.138
12/10/06 08:35,0.150
12/10/06 08:40,0.163
12/10/06 08:45,0.177
12/10/06 08:50,0.190
12/10/06 08:55,0.202
12/10/06 09:00,0.213
12/10/06 09:05,0.222
12/10/06 09:10,0.242
12/10/06 09:15,0.251
12/10/06 09:20,0.263
12/10/06 09:25,0.257
12/10/06 09:30,0.250
12/10/06 09:35,0.238
12/10/06 09:40,0.223
12/10/06 09:45,0.173
12/10/06 09:50,0.133
12/10/06 09:55,0.135
12/10/06 10:00,0.168
12/10/06 10:05,0.223
12/10/06 10:10,0.202
12/10/06 10:15,0.169
12/10/06 10:20,0.169
12/10/06 10:25,0.154
12/10/06 10:30,0.189
12/10/06 10:35,0.211
12/10/06 10:40,0.211
12/10/06 10:45,0.213
12/10/06 10:50,0.189
12/10/06 10:55,0.168
12/10/06 11:00,0.171
12/10/06 11:05,0.169
12/10/06 11:10,0.163
12/10/06 11:15,0.154
12/10/06 11:20,0.143
12/10/06 11:25,0.132
12/10/06 11:30,0.115
12/10/06 11:35,0.106
12/10/06 11:40,0.096
12/10/06 11:45,0.077
12/10/06 11:50,0.048
12/10/06 11:55,0.019
12/10/06 12:00,0.010
12/10/06 12:05,0.007
12/10/06 12:10,0.004
12/10/06 12:15,0.005
12/10/06 12:20,0.004
12/10/06 12:25,0.004
12/10/06 12:30,0.011
12/10/06 12:35,0.011
12/10/06 12:40,0.003
12/10/06 12:45,0.001
12/10/06 12:50,0.000
12/10/06 12:55,0.000
12/10/06 13:00,0.001
12/10/06 13:05,0.001
12/10/06 13:10,0.001
12/10/06 13:15,0.002
12/10/06 13:20,0.002
12/10/06 13:25,0.003
12/10/06 13:30,0.003
12/10/06 13:35,0.003
12/10/06 13:40,0.002
12/10/06 13:45,0.002
12/10/06 13:50,0.001
12/10/06 13:55,0.001
12/10/06 14:00,0.003
12/10/06 14:05,0.073
12/10/06 14:10,0.100
12/10/06 14:15,0.046
12/10/06 14:20,0.005
12/10/06 14:25,0.001
12/10/06 14:30,0.001
12/10/06 14:35,0.006
12/10/06 14:40,0.004
12/10/06 14:45,0.002
12/10/06 14:50,0.009
12/10/06 14:55,0.036
12/10/06 15:00,0.037
12/10/06 15:05,0.026
12/10/06 15:10,0.015
12/10/06 15:15,0.007
12/10/06 15:20,0.002
12/10/06 15:25,0.000
12/10/06 15:30,0.000
12/10/06 15:35,0.000
12/10/06 15:40,0.000
12/10/06 15:45,0.000
12/10/06 15:50,0.000
12/10/06 15:55,0.000
12/10/06 16:00,0.000
12/10/06 16:05,0.000
12/10/06 16:10,0.000
12/10/06 16:15,0.000
12/10/06 16:20,0.000
12/10/06 16:25,0.000
12/10/06 16:30,0.000
12/10/06 16:35,0.000
12/10/06 16:40,0.000
12/10/06 16:45,0.000
12/10/06 16:50,0.000
12/10/06 16:55,0.000
12/10/06 17:00,0.000
12/10/06 17:05,0.000
12/10/06 17:10,0.000
12/10/06 17:15,0.000
12/10/06 17:20,0.000
12/10/06 17:25,0.000
12/10/06 17:30,0.000
12/10/06 17:35,0.000
12/10/06 17:40,0.000
12/10/06 17:45,0.000
12/10/06 17:50,0.000
12/10/06 17:55,0.000
12/10/06 18:00,0.000
12/10/06 18:05,0.000
12/10/06 18:10,0.000
12/10/06 18:15,0.000
12/10/06 18:20,0.000
12/10/06 18:25,0.000
12/10/06 18:30,0.000
12/10/06 18:35,0.000
12/10/06 18:40,0.000
12/10/06 18:45,0.000
12/10/06 18:50,0.000
12/10/06 18:55,0.000
12/10/06 19:00,0.000
12/10/06 19:05,0.000
12/10/06 19:10,0.000
12/10/06 19:15,0.000
12/10/06 19:20,0.000
12/10/06 19:25,0.000
12/10/06 19:30,0.000
12/10/06 19:35,0.000
12/10/06 19:40,0.000
12/10/06 19:45,0.000
12/10/06 19:50,0.000
12/10/06 19:55,0.000
12/10/06 20:00,0.000
12/10/06 20:05,0.000
12/10/06 20:10,0.000
12/10/06 20:15,0.000
12/10/06 20:20,0.000
12/10/06 20:25,0.000
12/10/06 20:30,0.000
12/10/06 20:35,0.000
12/10/06 20:40,0.000
12/10/06 20:45,0.000
12/10/06 20:50,0.000
12/10/06 20:55,0.000
12/10/06 21:00,0.000
12/10/06 21:05,0.000
12/10/06 21:10,0.000
12/10/06 21:15,0.000
12/10/06 21:20,0.000
12/10/06 21:25,0.000
12/10/06 21:30,0.000
12/10/06 21:35,0.000
12/10/06 21:40,0.000
12/10/06 21:45,0.000
12/10/06 21:50,0.000
12/10/06 21:55,0.000
12/10/06 22:00,0.000
12/10/06 22:05,0.000
12/10/06 22:10,0.000
12/10/06 22:15,0.000
12/10/06 22:20,0.000
12/10/06 22:25,0.000
12/10/06 22:30,0.000
12/10/06 22:35,0.000
12/10/06 22:40,0.000
12/10/06 22:45,0.000
12/10/06 22:50,0.000
12/10/06 22:55,0.000
12/10/06 23:00,0.000
12/10/06 23:05,0.000
12/10/06 23:10,0.000
12/10/06 23:15,0.000
12/10/06 23:20,0.000
12/10/06 23:25,0.000
12/10/06 23:30,0.000
12/10/06 23:35,0.000
12/10/06 23:40,0.000
12/10/06 23:45,0.000
12/10/06 23:50,0.000
12/10/06 23:55,0.000
12/11/06 00:00,0.000
12/11/06 00:05,0.000
12/11/06 00:10,0.000
12/11/06 00:15,0.000
12/11/06 00:20,0.000
12/11/06 00:25,0.000
12/11/06 00:30,0.000
12/11/06 00:35,0.000
12/11/06 00:40,0.000
12/11/06 00:45,0.000
12/11/06 00:50,0.000
12/11/06 00:55,0.000
12/11/06 01:00,0.000
12/11/06 01:05,0.000
12/11/06 01:10,0.000
12/11/06 01:15,0.000
12/11/06 01:20,0.000
12/11/06 01:25,0.000
12/11/06 01:30,0.000
12/11/06 01:35,0.000
12/11/06 01:40,0.000
12/11/06 01:45,0.000
12/11/06 01:50,0.000
12/11/06 01:55,0.000
12/11/06 02:00,0.000
12/11/06 02:05,0.000
12/11/06 02:10,0.000
12/11/06 02:15,0.000
12/11/06 02:20,0.000
12/11/06 02:25,0.000
12/11/06 02:30,0.000
12/11/06 02:35,0.000
12/11/06 02:40,0.000
12/11/06 02:45,0.000
12/11/06 02:50,0.000
12/11/06 02:55,0.000
12/11/06 03:00,0.000
12/11/06 03:05,0.000
12/11/06 03:10,0.000
12/11/06 03:15,0.000
12/11/06 03:20,0.000
12/11/06 03:25,0.000
12/11/06 03:30,0.000
12/11/06 03:35,0.000
12/11/06 03:40,0.000
12/11/06 03:45,0.000
12/11/06 03:50,0.000
12/11/06 03:55,0.000
12/11/06 04:00,0.000
12/11/06 04:05,0.000
12/11/06 04:10,0.000
12/11/06 04:15,0.000
12/11/06 04:20,0.000
12/11/06 04:25,0.000
12/11/06 04:30,0.000
12/11/06 04:35,0.000
12/11/06 04:40,0.000
12/11/06 04:45,0.000
12/11/06 04:50,0.000
12/11/06 04:55,0.000
12/11/06 05:00,0.000
12/11/06 05:05,0.000
12/11/06 05:10,0.000
12/11/06 05:15,0.000
12/11/06 05:20,0.000
12/11/06 05:25,0.000
12/11/06 05:30,0.000
12/11/06 05:35,0.000
12/11/06 05:40,0.000
12/11/06 05:45,0.000
12/11/06 05:50,0.000
12/11/06 05:55,0.000
12/11/06 06:00,0.000
12/11/06 06:05,0.000
12/11/06 06:10,0.000
12/11/06 06:15,0.000
12/11/06 06:20,0.000
12/11/06 06:25,0.000
12/11/06 06:30,0.000
12/11/06 06:35,0.000
12/11/06 06:40,0.000
12/11/06 06:45,0.000
12/11/06 06:50,0.000
12/11/06 06:55,0.000
12/11/06 07:00,0.000
12/11/06 07:05,0.000
12/11/06 07:10,0.000
12/11/06 07:15,0.000
12/11/06 07:20,0.000
12/11/06 07:25,0.000
12/11/06 07:30,0.000
12/11/06 07:35,0.000
12/11/06 07:40,0.000
12/11/06 07:45,0.000
12/11/06 07:50,0.000
12/11/06 07:55,0.000
12/11/06 08:00,0.003
12/11/06 08:05,0.021
12/11/06 08:10,0.064
12/11/06 08:15,0.091
12/11/06 08:20,0.106
12/11/06 08:25,0.120
12/11/06 08:30,0.135
12/11/06 08:35,0.149
12/11/06 08:40,0.163
12/11/06 08:45,0.178
12/11/06 08:50,0.192
12/11/06 08:55,0.206
12/11/06 09:00,0.217
12/11/06 09:05,0.227
12/11/06 09:10,0.236
12/11/06 09:15,0.246
12/11/06 09:20,0.255
12/11/06 09:25,0.262
12/11/06 09:30,0.268
12/11/06 09:35,0.277
12/11/06 09:40,0.285
12/11/06 09:45,0.291
12/11/06 09:50,0.297
12/11/06 09:55,0.303
12/11/06 10:00,0.307
12/11/06 10:05,0.303
12/11/06 10:10,0.301
12/11/06 10:15,0.303
12/11/06 10:20,0.307
12/11/06 10:25,0.307
12/11/06 10:30,0.304
12/11/06 10:35,0.306
12/11/06 10:40,0.302
12/11/06 10:45,0.294
12/11/06 10:50,0.290
12/11/06 10:55,0.291
12/11/06 11:00,0.290
12/11/06 11:05,0.284
12/11/06 11:10,0.268
12/11/06 11:15,0.254
12/11/06 11:20,0.233
12/11/06 11:25,0.210
12/11/06 11:30,0.185
12/11/06 11:35,0.164
12/11/06 11:40,0.135
12/11/06 11:45,0.103
12/11/06 11:50,0.074
12/11/06 11:55,0.039
12/11/06 12:00,0.029
12/11/06 12:05,0.030
12/11/06 12:10,0.040
12/11/06 12:15,0.060
12/11/06 12:20,0.080
12/11/06 12:25,0.085
12/11/06 12:30,0.089
12/11/06 12:35,0.102
12/11/06 12:40,0.109
12/11/06 12:45,0.123
12/11/06 12:50,0.134
12/11/06 12:55,0.145
12/11/06 13:00,0.159
12/11/06 13:05,0.166
12/11/06 13:10,0.172
12/11/06 13:15,0.179
12/11/06 13:20,0.191
12/11/06 13:25,0.197
12/11/06 13:30,0.203
12/11/06 13:35,0.206
12/11/06 13:40,0.209
12/11/06 13:45,0.214
12/11/06 13:50,0.215
12/11/06 13:55,0.215
12/11/06 14:00,0.208
12/11/06 14:05,0.194
12/11/06 14:10,0.175
12/11/06 14:15,0.151
12/11/06 14:20,0.129
12/11/06 14:25,0.100
12/11/06 14:30,0.076
12/11/06 14:35,0.017
12/11/06 14:40,0.004
12/11/06 14:45,0.002
12/11/06 14:50,0.001
12/11/06 14:55,0.000
12/11/06 15:00,0.000
12/11/06 15:05,0.000
12/11/06 15:10,0.000
12/11/06 15:15,0.000
12/11/06 15:20,0.000
12/11/06 15:25,0.000
12/11/06 15:30,0.000
12/11/06 15:35,0.000
12/11/06 15:40,0.000
12/11/06 15:45,0.000
12/11/06 15:50,0.000
12/11/06 15:55,0.000
12/11/06 16:00,0.000
12/11/06 16:05,0.000
12/11/06 16:10,0.000
12/11/06 16:15,0.000
12/11/06 16:20,0.000
12/11/06 16:25,0.000
12/11/06 16:30,0.000
12/11/06 16:35,0.000
12/11/06 16:40,0.000
12/11/06 16:45,0.000
12/11/06 16:50,0.000
12/11/06 16:55,0.000
12/11/06 17:00,0.000
12/11/06 17:05,0.000
12/11/06 17:10,0.000
12/11/06 17:15,0.000
12/11/06 17:20,0.000
12/11/06 17:25,0.000
12/11/06 17:30,0.000
12/11/06 17:35,0.000
12/11/06 17:40,0.000
12/11/06 17:45,0.000
12/11/06 17:50,0.000
12/11/06 17:55,0.000
12/11/06 18:00,0.000
12/11/06 18:05,0.000
12/11/06 18:10,0.000
12/11/06 18:15,0.000
12/11/06 18:20,0.000
12/11/06 18:25,0.000
12/11/06 18:30,0.000
12/11/06 18:35,0.000
12/11/06 18:40,0.000
12/11/06 18:45,0.000
12/11/06 18:50,0.000
12/11/06 18:55,0.000
12/11/06 19:00,0.000
12/11/06 19:05,0.000
12/11/06 19:10,0.000
12/11/06 19:15,0.000
12/11/06 19:20,0.000
12/11/06 19:25,0.000
12/11/06 19:30,0.000
12/11/06 19:35,0.000
12/11/06 19:40,0.000
12/11/06 19:45,0.000
12/11/06 19:50,0.000
12/11/06 19:55,0.000
12/11/06 20:00,0.000
12/11/06 20:05,0.000
12/11/06 20:10,0.000
12/11/06 20:15,0.000
12/11/06 20:20,0.000
12/11/06 20:25,0.000
12/11/06 20:30,0.000
12/11/06 20:35,0.000
12/11/06 20:40,0.000
12/11/06 20:45,0.000
12/11/06 20:50,0.000
12/11/06 20:55,0.000
12/11/06 21:00,0.000
12/11/06 21:05,0.000
12/11/06 21:10,0.000
12/11/06 21:15,0.000
12/11/06 21:20,0.000
12/11/06 21:25,0.000
12/11/06 21:30,0.000
12/11/06 21:35,0.000
12/11/06 21:40,0.000
12/11/06 21:45,0.000
12/11/06 21:50,0.000
12/11/06 21:55,0.000
12/11/06 22:00,0.000
12/11/06 22:05,0.000
12/11/06 22:10,0.000
12/11/06 22:15,0.000
12/11/06 22:20,0.000
12/11/06 22:25,0.000
12/11/06 22:30,0.000
12/11/06 22:35,0.000
12/11/06 22:40,0.000
12/11/06 22:45,0.000
12/11/06 22:50,0.000
12/11/06 22:55,0.000
12/11/06 23:00,0.000
12/11/06 23:05,0.000
12/11/06 23:10,0.000
12/11/06 23:15,0.000
12/11/06 23:20,0.000
12/11/06 23:25,0.000
12/11/06 23:30,0.000
12/11/06 23:35,0.000
12/11/06 23:40,0.000
12/11/06 23:45,0.000
12/11/06 23:50,0.000
12/11/06 23:55,0.000
12/12/06 00:00,0.000
12/12/06 00:05,0.000
12/12/06 00:10,0.000
12/12/06 00:15,0.000
12/12/06 00:20,0.000
12/12/06 00:25,0.000
12/12/06 00:30,0.000
12/12/06 00:35,0.000
12/12/06 00:40,0.000
12/12/06 00:45,0.000
12/12/06 00:50,0.000
12/12/06 00:55,0.000
12/12/06 01:00,0.000
12/12/06 01:05,0.000
12/12/06 01:10,0.000
12/12/06 01:15,0.000
12/12/06 01:20,0.000
12/12/06 01:25,0.000
12/12/06 01:30,0.000
12/12/06 01:35,0.000
12/12/06 01:40,0.000
12/12/06 01:45,0.000
12/12/06 01:50,0.000
12/12/06 01:55,0.000
12/12/06 02:00,0.000
12/12/06 02:05,0.000
12/12/06 02:10,0.000
12/12/06 02:15,0.000
12/12/06 02:20,0.000
12/12/06 02:25,0.000
12/12/06 02:30,0.000
12/12/06 02:35,0.000
12/12/06 02:40,0.000
12/12/06 02:45,0.000
12/12/06 02:50,0.000
12/12/06 02:55,0.000
12/12/06 03:00,0.000
12/12/06 03:05,0.000
12/12/06 03:10,0.000
12/12/06 03:15,0.000
12/12/06 03:20,0.000
12/12/06 03:25,0.000
12/12/06 03:30,0.000
12/12/06 03:35,0.000
12/12/06 03:40,0.000
12/12/06 03:45,0.000
12/12/06 03:50,0.000
12/12/06 03:55,0.000
12/12/06 04:00,0.000
12/12/06 04:05,0.000
12/12/06 04:10,0.000
12/12/06 04:15,0.000
12/12/06 04:20,0.000
12/12/06 04:25,0.000
12/12/06 04:30,0.000
12/12/06 04:35,0.000
12/12/06 04:40,0.000
12/12/06 04:45,0.000
12/12/06 04:50,0.000
12/12/06 04:55,0.000
12/12/06 05:00,0.000
12/12/06 05:05,0.000
12/12/06 05:10,0.000
12/12/06 05:15,0.000
12/12/06 05:20,0.000
12/12/06 05:25,0.000
12/12/06 05:30,0.000
12/12/06 05:35,0.000
12/12/06 05:40,0.000
12/12/06 05:45,0.000
12/12/06 05:50,0.000
12/12/06 05:55,0.000
12/12/06 06:00,0.000
12/12/06 06:05,0.000
12/12/06 06:10,0.000
12/12/06 06:15,0.000
12/12/06 06:20,0.000
12/12/06 06:25,0.000
12/12/06 06:30,0.000
12/12/06 06:35,0.000
12/12/06 06:40,0.000
12/12/06 06:45,0.000
12/12/06 06:50,0.000
12/12/06 06:55,0.000
12/12/06 07:00,0.000
12/12/06 07:05,0.000
12/12/06 07:10,0.000
12/12/06 07:15,0.000
12/12/06 07:20,0.000
12/12/06 07:25,0.000
12/12/06 07:30,0.000
12/12/06 07:35,0.000
12/12/06 07:40,0.000
12/12/06 07:45,0.000
12/12/06 07:50,0.000
12/12/06 07:55,0.000
12/12/06 08:00,0.000
12/12/06 08:05,0.004
12/12/06 08:10,0.028
12/12/06 08:15,0.081
12/12/06 08:20,0.098
12/12/06 08:25,0.116
12/12/06 08:30,0.130
12/12/06 08:35,0.145
12/12/06 08:40,0.159
12/12/06 08:45,0.172
12/12/06 08:50,0.185
12/12/06 08:55,0.198
12/12/06 09:00,0.209
12/12/06 09:05,0.217
12/12/06 09:10,0.223
12/12/06 09:15,0.228
12/12/06 09:20,0.233
12/12/06 09:25,0.237
12/12/06 09:30,0.239
12/12/06 09:35,0.242
12/12/06 09:40,0.243
12/12/06 09:45,0.244
12/12/06 09:50,0.243
12/12/06 09:55,0.238
12/12/06 10:00,0.233
12/12/06 10:05,0.233
12/12/06 10:10,0.242
12/12/06 10:15,0.249
12/12/06 10:20,0.257
12/12/06 10:25,0.267
12/12/06 10:30,0.277
12/12/06 10:35,0.288
12/12/06 10:40,0.299
12/12/06 10:45,0.310
12/12/06 10:50,0.323
12/12/06 10:55,0.337
12/12/06 11:00,0.351
12/12/06 11:05,0.362
12/12/06 11:10,0.369
12/12/06 11:15,0.374
12/12/06 11:20,0.376
12/12/06 11:25,0.378
12/12/06 11:30,0.378
12/12/06 11:35,0.380
12/12/06 11:40,0.381
12/12/06 11:45,0.381
12/12/06 11:50,0.380
12/12/06 11:55,0.379
12/12/06 12:00,0.378
12/12/06 12:05,0.377
12/12/06 12:10,0.378
12/12/06 12:15,0.376
12/12/06 12:20,0.374
12/12/06 12:25,0.371
12/12/06 12:30,0.367
12/12/06 12:35,0.363
12/12/06 12:40,0.358
12/12/06 12:45,0.354
12/12/06 12:50,0.350
12/12/06 12:55,0.346
12/12/06 13:00,0.341
12/12/06 13:05,0.336
12/12/06 13:10,0.331
12/12/06 13:15,0.326
12/12/06 13:20,0.320
12/12/06 13:25,0.314
12/12/06 13:30,0.308
12/12/06 13:35,0.301
12/12/06 13:40,0.293
12/12/06 13:45,0.285
12/12/06 13:50,0.275
12/12/06 13:55,0.266
12/12/06 14:00,0.257
12/12/06 14:05,0.247
12/12/06 14:10,0.237
12/12/06 14:15,0.227
12/12/06 14:20,0.217
12/12/06 14:25,0.208
12/12/06 14:30,0.197
12/12/06 14:35,0.185
12/12/06 14:40,0.173
12/12/06 14:45,0.160
12/12/06 14:50,0.147
12/12/06 14:55,0.134
12/12/06 15:00,0.121
12/12/06 15:05,0.108
12/12/06 15:10,0.094
12/12/06 15:15,0.078
12/12/06 15:20,0.036
12/12/06 15:25,0.013
12/12/06 15:30,0.003
12/12/06 15:35,0.000
12/12/06 15:40,0.000
12/12/06 15:45,0.000
12/12/06 15:50,0.000
12/12/06 15:55,0.000
12/12/06 16:00,0.000
12/12/06 16:05,0.000
12/12/06 16:10,0.000
12/12/06 16:15,0.000
12/12/06 16:20,0.000
12/12/06 16:25,0.000
12/12/06 16:30,0.000
12/12/06 16:35,0.000
12/12/06 16:40,0.000
12/12/06 16:45,0.000
12/12/06 16:50,0.000
12/12/06 16:55,0.000
12/12/06 17:00,0.000
12/12/06 17:05,0.000
12/12/06 17:10,0.000
12/12/06 17:15,0.000
12/12/06 17:20,0.000
12/12/06 17:25,0.000
12/12/06 17:30,0.000
12/12/06 17:35,0.000
12/12/06 17:40,0.000
12/12/06 17:45,0.000
12/12/06 17:50,0.000
12/12/06 17:55,0.000
12/12/06 18:00,0.000
12/12/06 18:05,0.000
12/12/06 18:10,0.000
12/12/06 18:15,0.000
12/12/06 18:20,0.000
12/12/06 18:25,0.000
12/12/06 18:30,0.000
12/12/06 18:35,0.000
12/12/06 18:40,0.000
12/12/06 18:45,0.000
12/12/06 18:50,0.000
12/12/06 18:55,0.000
12/12/06 19:00,0.000
12/12/06 19:05,0.000
12/12/06 19:10,0.000
12/12/06 19:15,0.000
12/12/06 19:20,0.000
12/12/06 19:25,0.000
12/12/06 19:30,0.000
12/12/06 19:35,0.000
12/12/06 19:40,0.000
12/12/06 19:45,0.000
12/12/06 19:50,0.000
12/12/06 19:55,0.000
12/12/06 20:00,0.000
12/12/06 20:05,0.000
12/12/06 20:10,0.000
12/12/06 20:15,0.000
12/12/06 20:20,0.000
12/12/06 20:25,0.000
12/12/06 20:30,0.000
12/12/06 20:35,0.000
12/12/06 20:40,0.000
12/12/06 20:45,0.000
12/12/06 20:50,0.000
12/12/06 20:55,0.000
12/12/06 21:00,0.000
12/12/06 21:05,0.000
12/12/06 21:10,0.000
12/12/06 21:15,0.000
12/12/06 21:20,0.000
12/12/06 21:25,0.000
12/12/06 21:30,0.000
12/12/06 21:35,0.000
12/12/06 21:40,0.000
12/12/06 21:45,0.000
12/12/06 21:50,0.000
12/12/06 21:55,0.000
12/12/06 22:00,0.000
12/12/06 22:05,0.000
12/12/06 22:10,0.000
12/12/06 22:15,0.000
12/12/06 22:20,0.000
12/12/06 22:25,0.000
12/12/06 22:30,0.000
12/12/06 22:35,0.000
12/12/06 22:40,0.000
12/12/06 22:45,0.000
12/12/06 22:50,0.000
12/12/06 22:55,0.000
12/12/06 23:00,0.000
12/12/06 23:05,0.000
12/12/06 23:10,0.000
12/12/06 23:15,0.000
12/12/06 23:20,0.000
12/12/06 23:25,0.000
12/12/06 23:30,0.000
12/12/06 23:35,0.000
12/12/06 23:40,0.000
12/12/06 23:45,0.000
12/12/06 23:50,0.000
12/12/06 23:55,0.000
12/13/06 00:00,0.000
12/13/06 00:05,0.000
12/13/06 00:10,0.000
12/13/06 00:15,0.000
12/13/06 00:20,0.000
12/13/06 00:25,0.000
12/13/06 00:30,0.000
12/13/06 00:35,0.000
12/13/06 00:40,0.000
12/13/06 00:45,0.000
12/13/06 00:50,0.000
12/13/06 00:55,0.000
12/13/06 01:00,0.000
12/13/06 01:05,0.000
12/13/06 01:10,0.000
12/13/06 01:15,0.000
12/13/06 01:20,0.000
12/13/06 01:25,0.000
12/13/06 01:30,0.000
12/13/06 01:35,0.000
12/13/06 01:40,0.000
12/13/06 01:45,0.000
12/13/06 01:50,0.000
12/13/06 01:55,0.000
12/13/06 02:00,0.000
12/13/06 02:05,0.000
12/13/06 02:10,0.000
12/13/06 02:15,0.000
12/13/06 02:20,0.000
12/13/06 02:25,0.000
12/13/06 02:30,0.000
12/13/06 02:35,0.000
12/13/06 02:40,0.000
12/13/06 02:45,0.000
12/13/06 02:50,0.000
12/13/06 02:55,0.000
12/13/06 03:00,0.000
12/13/06 03:05,0.000
12/13/06 03:10,0.000
12/13/06 03:15,0.000
12/13/06 03:20,0.000
12/13/06 03:25,0.000
12/13/06 03:30,0.000
12/13/06 03:35,0.000
12/13/06 03:40,0.000
12/13/06 03:45,0.000
12/13/06 03:50,0.000
12/13/06 03:55,0.000
12/13/06 04:00,0.000
12/13/06 04:05,0.000
12/13/06 04:10,0.000
12/13/06 04:15,0.000
12/13/06 04:20,0.000
12/13/06 04:25,0.000
12/13/06 04:30,0.000
12/13/06 04:35,0.000
12/13/06 04:40,0.000
12/13/06 04:45,0.000
12/13/06 04:50,0.000
12/13/06 04:55,0.000
12/13/06 05:00,0.000
12/13/06 05:05,0.000
12/13/06 05:10,0.000
12/13/06 05:15,0.000
12/13/06 05:20,0.000
12/13/06 05:25,0.000
12/13/06 05:30,0.000
12/13/06 05:35,0.000
12/13/06 05:40,0.000
12/13/06 05:45,0.000
12/13/06 05:50,0.000
12/13/06 05:55,0.000
12/13/06 06:00,0.000
12/13/06 06:05,0.000
12/13/06 06:10,0.000
12/13/06 06:15,0.000
12/13/06 06:20,0.000
12/13/06 06:25,0.000
12/13/06 06:30,0.000
12/13/06 06:35,0.000
12/13/06 06:40,0.000
12/13/06 06:45,0.000
12/13/06 06:50,0.000
12/13/06 06:55,0.000
12/13/06 07:00,0.000
12/13/06 07:05,0.000
12/13/06 07:10,0.000
12/13/06 07:15,0.000
12/13/06 07:20,0.000
12/13/06 07:25,0.000
12/13/06 07:30,0.000
12/13/06 07:35,0.000
12/13/06 07:40,0.000
12/13/06 07:45,0.000
12/13/06 07:50,0.000
12/13/06 07:55,0.000
12/13/06 08:00,0.001
12/13/06 08:05,0.015
12/13/06 08:10,0.060
12/13/06 08:15,0.090
12/13/06 08:20,0.107
12/13/06 08:25,0.124
12/13/06 08:30,0.140
12/13/06 08:35,0.154
12/13/06 08:40,0.169
12/13/06 08:45,0.184
12/13/06 08:50,0.197
12/13/06 08:55,0.210
12/13/06 09:00,0.222
12/13/06 09:05,0.230
12/13/06 09:10,0.239
12/13/06 09:15,0.248
12/13/06 09:20,0.257
12/13/06 09:25,0.265
12/13/06 09:30,0.273
12/13/06 09:35,0.280
12/13/06 09:40,0.286
12/13/06 09:45,0.291
12/13/06 09:50,0.297
12/13/06 09:55,0.302
12/13/06 10:00,0.261
12/13/06 10:05,0.233
12/13/06 10:10,0.239
12/13/06 10:15,0.266
12/13/06 10:20,0.292
12/13/06 10:25,0.294
12/13/06 10:30,0.260
12/13/06 10:35,0.240
12/13/06 10:40,0.228
12/13/06 10:45,0.190
12/13/06 10:50,0.165
12/13/06 10:55,0.165
12/13/06 11:00,0.213
12/13/06 11:05,0.237
12/13/06 11:10,0.242
12/13/06 11:15,0.238
12/13/06 11:20,0.229
12/13/06 11:25,0.216
12/13/06 11:30,0.190
12/13/06 11:35,0.161
12/13/06 11:40,0.137
12/13/06 11:45,0.105
12/13/06 11:50,0.081
12/13/06 11:55,0.051
12/13/06 12:00,0.027
12/13/06 12:05,0.023
12/13/06 12:10,0.033
12/13/06 12:15,0.061
12/13/06 12:20,0.086
12/13/06 12:25,0.105
12/13/06 12:30,0.139
12/13/06 12:35,0.173
12/13/06 12:40,0.207
12/13/06 12:45,0.234
12/13/06 12:50,0.262
12/13/06 12:55,0.279
12/13/06 13:00,0.286
12/13/06 13:05,0.293
12/13/06 13:10,0.298
12/13/06 13:15,0.301
12/13/06 13:20,0.302
12/13/06 13:25,0.301
12/13/06 13:30,0.298
12/13/06 13:35,0.294
12/13/06 13:40,0.289
12/13/06 13:45,0.282
12/13/06 13:50,0.278
12/13/06 13:55,0.273
12/13/06 14:00,0.265
12/13/06 14:05,0.254
12/13/06 14:10,0.242
12/13/06 14:15,0.226
12/13/06 14:20,0.173
12/13/06 14:25,0.160
12/13/06 14:30,0.144
12/13/06 14:35,0.088
12/13/06 14:40,0.059
12/13/06 14:45,0.090
12/13/06 14:50,0.093
12/13/06 14:55,0.075
12/13/06 15:00,0.004
12/13/06 15:05,0.000
12/13/06 15:10,0.000
12/13/06 15:15,0.000
12/13/06 15:20,0.000
12/13/06 15:25,0.000
12/13/06 15:30,0.000
12/13/06 15:35,0.000
12/13/06 15:40,0.000
12/13/06 15:45,0.000
12/13/06 15:50,0.000
12/13/06 15:55,0.000
12/13/06 16:00,0.000
12/13/06 16:05,0.000
12/13/06 16:10,0.000
12/13/06 16:15,0.000
12/13/06 16:20,0.000
12/13/06 16:25,0.000
12/13/06 16:30,0.000
12/13/06 16:35,0.000
12/13/06 16:40,0.000
12/13/06 16:45,0.000
12/13/06 16:50,0.000
12/13/06 16:55,0.000
12/13/06 17:00,0.000
12/13/06 17:05,0.000
12/13/06 17:10,0.000
12/13/06 17:15,0.000
12/13/06 17:20,0.000
12/13/06 17:25,0.000
12/13/06 17:30,0.000
12/13/06 17:35,0.000
12/13/06 17:40,0.000
12/13/06 17:45,0.000
12/13/06 17:50,0.000
12/13/06 17:55,0.000
12/13/06 18:00,0.000
12/13/06 18:05,0.000
12/13/06 18:10,0.000
12/13/06 18:15,0.000
12/13/06 18:20,0.000
12/13/06 18:25,0.000
12/13/06 18:30,0.000
12/13/06 18:35,0.000
12/13/06 18:40,0.000
12/13/06 18:45,0.000
12/13/06 18:50,0.000
12/13/06 18:55,0.000
12/13/06 19:00,0.000
12/13/06 19:05,0.000
12/13/06 19:10,0.000
12/13/06 19:15,0.000
12/13/06 19:20,0.000
12/13/06 19:25,0.000
12/13/06 19:30,0.000
12/13/06 19:35,0.000
12/13/06 19:40,0.000
12/13/06 19:45,0.000
12/13/06 19:50,0.000
12/13/06 19:55,0.000
12/13/06 20:00,0.000
12/13/06 20:05,0.000
12/13/06 20:10,0.000
12/13/06 20:15,0.000
12/13/06 20:20,0.000
12/13/06 20:25,0.000
12/13/06 20:30,0.000
12/13/06 20:35,0.000
12/13/06 20:40,0.000
12/13/06 20:45,0.000
12/13/06 20:50,0.000
12/13/06 20:55,0.000
12/13/06 21:00,0.000
12/13/06 21:05,0.000
12/13/06 21:10,0.000
12/13/06 21:15,0.000
12/13/06 21:20,0.000
12/13/06 21:25,0.000
12/13/06 21:30,0.000
12/13/06 21:35,0.000
12/13/06 21:40,0.000
12/13/06 21:45,0.000
12/13/06 21:50,0.000
12/13/06 21:55,0.000
12/13/06 22:00,0.000
12/13/06 22:05,0.000
12/13/06 22:10,0.000
12/13/06 22:15,0.000
12/13/06 22:20,0.000
12/13/06 22:25,0.000
12/13/06 22:30,0.000
12/13/06 22:35,0.000
12/13/06 22:40,0.000
12/13/06 22:45,0.000
12/13/06 22:50,0.000
12/13/06 22:55,0.000
12/13/06 23:00,0.000
12/13/06 23:05,0.000
12/13/06 23:10,0.000
12/13/06 23:15,0.000
12/13/06 23:20,0.000
12/13/06 23:25,0.000
12/13/06 23:30,0.000
12/13/06 23:35,0.000
12/13/06 23:40,0.000
12/13/06 23:45,0.000
12/13/06 23:50,0.000
12/13/06 23:55,0.000
12/14/06 00:00,0.000
12/14/06 00:05,0.000
12/14/06 00:10,0.000
12/14/06 00:15,0.000
12/14/06 00:20,0.000
12/14/06 00:25,0.000
12/14/06 00:30,0.000
12/14/06 00:35,0.000
12/14/06 00:40,0.000
12/14/06 00:45,0.000
12/14/06 00:50,0.000
12/14/06 00:55,0.000
12/14/06 01:00,0.000
12/14/06 01:05,0.000
12/14/06 01:10,0.000
12/14/06 01:15,0.000
12/14/06 01:20,0.000
12/14/06 01:25,0.000
12/14/06 01:30,0.000
12/14/06 01:35,0.000
12/14/06 01:40,0.000
12/14/06 01:45,0.000
12/14/06 01:50,0.000
12/14/06 01:55,0.000
12/14/06 02:00,0.000
12/14/06 02:05,0.000
12/14/06 02:10,0.000
12/14/06 02:15,0.000
12/14/06 02:20,0.000
12/14/06 02:25,0.000
12/14/06 02:30,0.000
12/14/06 02:35,0.000
12/14/06 02:40,0.000
12/14/06 02:45,0.000
12/14/06 02:50,0.000
12/14/06 02:55,0.000
12/14/06 03:00,0.000
12/14/06 03:05,0.000
12/14/06 03:10,0.000
12/14/06 03:15,0.000
12/14/06 03:20,0.000
12/14/06 03:25,0.000
12/14/06 03:30,0.000
12/14/06 03:35,0.000
12/14/06 03:40,0.000
12/14/06 03:45,0.000
12/14/06 03:50,0.000
12/14/06 03:55,0.000
12/14/06 04:00,0.000
12/14/06 04:05,0.000
12/14/06 04:10,0.000
12/14/06 04:15,0.000
12/14/06 04:20,0.000
12/14/06 04:25,0.000
12/14/06 04:30,0.000
12/14/06 04:35,0.000
12/14/06 04:40,0.000
12/14/06 04:45,0.000
12/14/06 04:50,0.000
12/14/06 04:55,0.000
12/14/06 05:00,0.000
12/14/06 05:05,0.000
12/14/06 05:10,0.000
12/14/06 05:15,0.000
12/14/06 05:20,0.000
12/14/06 05:25,0.000
12/14/06 05:30,0.000
12/14/06 05:35,0.000
12/14/06 05:40,0.000
12/14/06 05:45,0.000
12/14/06 05:50,0.000
12/14/06 05:55,0.000
12/14/06 06:00,0.000
12/14/06 06:05,0.000
12/14/06 06:10,0.000
12/14/06 06:15,0.000
12/14/06 06:20,0.000
12/14/06 06:25,0.000
12/14/06 06:30,0.000
12/14/06 06:35,0.000
12/14/06 06:40,0.000
12/14/06 06:45,0.000
12/14/06 06:50,0.000
12/14/06 06:55,0.000
12/14/06 07:00,0.000
12/14/06 07:05,0.000
12/14/06 07:10,0.000
12/14/06 07:15,0.000
12/14/06 07:20,0.000
12/14/06 07:25,0.000
12/14/06 07:30,0.000
12/14/06 07:35,0.000
12/14/06 07:40,0.000
12/14/06 07:45,0.000
12/14/06 07:50,0.000
12/14/06 07:55,0.000
12/14/06 08:00,0.000
12/14/06 08:05,0.013
12/14/06 08:10,0.061
12/14/06 08:15,0.093
12/14/06 08:20,0.111
12/14/06 08:25,0.129
12/14/06 08:30,0.146
12/14/06 08:35,0.161
12/14/06 08:40,0.177
12/14/06 08:45,0.191
12/14/06 08:50,0.206
12/14/06 08:55,0.220
12/14/06 09:00,0.228
12/14/06 09:05,0.231
12/14/06 09:10,0.228
12/14/06 09:15,0.222
12/14/06 09:20,0.212
12/14/06 09:25,0.198
12/14/06 09:30,0.181
12/14/06 09:35,0.164
12/14/06 09:40,0.139
12/14/06 09:45,0.113
12/14/06 09:50,0.087
12/14/06 09:55,0.035
12/14/06 10:00,0.015
12/14/06 10:05,0.008
12/14/06 10:10,0.007
12/14/06 10:15,0.006
12/14/06 10:20,0.007
12/14/06 10:25,0.009
12/14/06 10:30,0.012
12/14/06 10:35,0.025
12/14/06 10:40,0.060
12/14/06 10:45,0.090
12/14/06 10:50,0.100
12/14/06 10:55,0.116
12/14/06 11:00,0.129
12/14/06 11:05,0.132
12/14/06 11:10,0.132
12/14/06 11:15,0.129
12/14/06 11:20,0.123
12/14/06 11:25,0.115
12/14/06 11:30,0.100
12/14/06 11:35,0.093
12/14/06 11:40,0.087
12/14/06 11:45,0.078
12/14/06 11:50,0.045
12/14/06 11:55,0.027
12/14/06 12:00,0.011
12/14/06 12:05,0.008
12/14/06 12:10,0.007
12/14/06 12:15,0.006
12/14/06 12:20,0.003
12/14/06 12:25,0.002
12/14/06 12:30,0.002
12/14/06 12:35,0.002
12/14/06 12:40,0.001
12/14/06 12:45,0.001
12/14/06 12:50,0.001
12/14/06 12:55,0.001
12/14/06 13:00,0.001
12/14/06 13:05,0.001
12/14/06 13:10,0.001
12/14/06 13:15,0.001
12/14/06 13:20,0.001
12/14/06 13:25,0.001
12/14/06 13:30,0.001
12/14/06 13:35,0.001
12/14/06 13:40,0.001
12/14/06 13:45,0.001
12/14/06 13:50,0.001
12/14/06 13:55,0.000
12/14/06 14:00,0.000
12/14/06 14:05,0.000
12/14/06 14:10,0.000
12/14/06 14:15,0.000
12/14/06 14:20,0.000
12/14/06 14:25,0.000
12/14/06 14:30,0.000
12/14/06 14:35,0.000
12/14/06 14:40,0.000
12/14/06 14:45,0.000
12/14/06 14:50,0.000
12/14/06 14:55,0.000
12/14/06 15:00,0.000
12/14/06 15:05,0.000
12/14/06 15:10,0.000
12/14/06 15:15,0.000
12/14/06 15:20,0.000
12/14/06 15:25,0.000
12/14/06 15:30,0.000
12/14/06 15:35,0.000
12/14/06 15:40,0.000
12/14/06 15:45,0.000
12/14/06 15:50,0.000
12/14/06 15:55,0.000
12/14/06 16:00,0.000
12/14/06 16:05,0.000
12/14/06 16:10,0.000
12/14/06 16:15,0.000
12/14/06 16:20,0.000
12/14/06 16:25,0.000
12/14/06 16:30,0.000
12/14/06 16:35,0.000
12/14/06 16:40,0.000
12/14/06 16:45,0.000
12/14/06 16:50,0.000
12/14/06 16:55,0.000
12/14/06 17:00,0.000
12/14/06 17:05,0.000
12/14/06 17:10,0.000
12/14/06 17:15,0.000
12/14/06 17:20,0.000
12/14/06 17:25,0.000
12/14/06 17:30,0.000
12/14/06 17:35,0.000
12/14/06 17:40,0.000
12/14/06 17:45,0.000
12/14/06 17:50,0.000
12/14/06 17:55,0.000
12/14/06 18:00,0.000
12/14/06 18:05,0.000
12/14/06 18:10,0.000
12/14/06 18:15,0.000
12/14/06 18:20,0.000
12/14/06 18:25,0.000
12/14/06 18:30,0.000
12/14/06 18:35,0.000
12/14/06 18:40,0.000
12/14/06 18:45,0.000
12/14/06 18:50,0.000
12/14/06 18:55,0.000
12/14/06 19:00,0.000
12/14/06 19:05,0.000
12/14/06 19:10,0.000
12/14/06 19:15,0.000
12/14/06 19:20,0.000
12/14/06 19:25,0.000
12/14/06 19:30,0.000
12/14/06 19:35,0.000
12/14/06 19:40,0.000
12/14/06 19:45,0.000
12/14/06 19:50,0.000
12/14/06 19:55,0.000
12/14/06 20:00,0.000
12/14/06 20:05,0.000
12/14/06 20:10,0.000
12/14/06 20:15,0.000
12/14/06 20:20,0.000
12/14/06 20:25,0.000
12/14/06 20:30,0.000
12/14/06 20:35,0.000
12/14/06 20:40,0.000
12/14/06 20:45,0.000
12/14/06 20:50,0.000
12/14/06 20:55,0.000
12/14/06 21:00,0.000
12/14/06 21:05,0.000
12/14/06 21:10,0.000
12/14/06 21:15,0.000
12/14/06 21:20,0.000
12/14/06 21:25,0.000
12/14/06 21:30,0.000
12/14/06 21:35,0.000
12/14/06 21:40,0.000
12/14/06 21:45,0.000
12/14/06 21:50,0.000
12/14/06 21:55,0.000
12/14/06 22:00,0.000
12/14/06 22:05,0.000
12/14/06 22:10,0.000
12/14/06 22:15,0.000
12/14/06 22:20,0.000
12/14/06 22:25,0.000
12/14/06 22:30,0.000
12/14/06 22:35,0.000
12/14/06 22:40,0.000
12/14/06 22:45,0.000
12/14/06 22:50,0.000
12/14/06 22:55,0.000
12/14/06 23:00,0.000
12/14/06 23:05,0.000
12/14/06 23:10,0.000
12/14/06 23:15,0.000
12/14/06 23:20,0.000
12/14/06 23:25,0.000
12/14/06 23:30,0.000
12/14/06 23:35,0.000
12/14/06 23:40,0.000
12/14/06 23:45,0.000
12/14/06 23:50,0.000
12/14/06 23:55,0.000
12/15/06 00:00,0.000
12/15/06 00:05,0.000
12/15/06 00:10,0.000
12/15/06 00:15,0.000
12/15/06 00:20,0.000
12/15/06 00:25,0.000
12/15/06 00:30,0.000
12/15/06 00:35,0.000
12/15/06 00:40,0.000
12/15/06 00:45,0.000
12/15/06 00:50,0.000
12/15/06 00:55,0.000
12/15/06 01:00,0.000
12/15/06 01:05,0.000
12/15/06 01:10,0.000
12/15/06 01:15,0.000
12/15/06 01:20,0.000
12/15/06 01:25,0.000
12/15/06 01:30,0.000
12/15/06 01:35,0.000
12/15/06 01:40,0.000
12/15/06 01:45,0.000
12/15/06 01:50,0.000
12/15/06 01:55,0.000
12/15/06 02:00,0.000
12/15/06 02:05,0.000
12/15/06 02:10,0.000
12/15/06 02:15,0.000
12/15/06 02:20,0.000
12/15/06 02:25,0.000
12/15/06 02:30,0.000
12/15/06 02:35,0.000
12/15/06 02:40,0.000
12/15/06 02:45,0.000
12/15/06 02:50,0.000
12/15/06 02:55,0.000
12/15/06 03:00,0.000
12/15/06 03:05,0.000
12/15/06 03:10,0.000
12/15/06 03:15,0.000
12/15/06 03:20,0.000
12/15/06 03:25,0.000
12/15/06 03:30,0.000
12/15/06 03:35,0.000
12/15/06 03:40,0.000
12/15/06 03:45,0.000
12/15/06 03:50,0.000
12/15/06 03:55,0.000
12/15/06 04:00,0.000
12/15/06 04:05,0.000
12/15/06 04:10,0.000
12/15/06 04:15,0.000
12/15/06 04:20,0.000
12/15/06 04:25,0.000
12/15/06 04:30,0.000
12/15/06 04:35,0.000
12/15/06 04:40,0.000
12/15/06 04:45,0.000
12/15/06 04:50,0.000
12/15/06 04:55,0.000
12/15/06 05:00,0.000
12/15/06 05:05,0.000
12/15/06 05:10,0.000
12/15/06 05:15,0.000
12/15/06 05:20,0.000
12/15/06 05:25,0.000
12/15/06 05:30,0.000
12/15/06 05:35,0.000
12/15/06 05:40,0.000
12/15/06 05:45,0.000
12/15/06 05:50,0.000
12/15/06 05:55,0.000
12/15/06 06:00,0.000
12/15/06 06:05,0.000
12/15/06 06:10,0.000
12/15/06 06:15,0.000
12/15/06 06:20,0.000
12/15/06 06:25,0.000
12/15/06 06:30,0.000
12/15/06 06:35,0.000
12/15/06 06:40,0.000
12/15/06 06:45,0.000
12/15/06 06:50,0.000
12/15/06 06:55,0.000
12/15/06 07:00,0.000
12/15/06 07:05,0.000
12/15/06 07:10,0.000
12/15/06 07:15,0.000
12/15/06 07:20,0.000
12/15/06 07:25,0.000
12/15/06 07:30,0.000
12/15/06 07:35,0.000
12/15/06 07:40,0.000
12/15/06 07:45,0.000
12/15/06 07:50,0.000
12/15/06 07:55,0.000
12/15/06 08:00,0.000
12/15/06 08:05,0.000
12/15/06 08:10,0.000
12/15/06 08:15,0.001
12/15/06 08:20,0.002
12/15/06 08:25,0.003
12/15/06 08:30,0.006
12/15/06 08:35,0.010
12/15/06 08:40,0.017
12/15/06 08:45,0.026
12/15/06 08:50,0.037
12/15/06 08:55,0.053
12/15/06 09:00,0.079
12/15/06 09:05,0.080
12/15/06 09:10,0.094
12/15/06 09:15,0.089
12/15/06 09:20,0.101
12/15/06 09:25,0.109
12/15/06 09:30,0.115
12/15/06 09:35,0.167
12/15/06 09:40,0.165
12/15/06 09:45,0.190
12/15/06 09:50,0.238
12/15/06 09:55,0.294
12/15/06 10:00,0.311
12/15/06 10:05,0.320
12/15/06 10:10,0.336
12/15/06 10:15,0.353
12/15/06 10:20,0.312
12/15/06 10:25,0.274
12/15/06 10:30,0.266
12/15/06 10:35,0.233
12/15/06 10:40,0.217
12/15/06 10:45,0.186
12/15/06 10:50,0.135
12/15/06 10:55,0.104
12/15/06 11:00,0.127
12/15/06 11:05,0.196
12/15/06 11:10,0.194
12/15/06 11:15,0.185
12/15/06 11:20,0.198
12/15/06 11:25,0.163
12/15/06 11:30,0.144
12/15/06 11:35,0.172
12/15/06 11:40,0.146
12/15/06 11:45,0.157
12/15/06 11:50,0.169
12/15/06 11:55,0.135
12/15/06 12:00,0.098
12/15/06 12:05,0.070
12/15/06 12:10,0.023
12/15/06 12:15,0.008
12/15/06 12:20,0.004
12/15/06 12:25,0.002
12/15/06 12:30,0.002
12/15/06 12:35,0.001
12/15/06 12:40,0.001
12/15/06 12:45,0.001
12/15/06 12:50,0.001
12/15/06 12:55,0.001
12/15/06 13:00,0.001
12/15/06 13:05,0.001
12/15/06 13:10,0.000
12/15/06 13:15,0.000
12/15/06 13:20,0.000
12/15/06 13:25,0.000
12/15/06 13:30,0.000
12/15/06 13:35,0.000
12/15/06 13:40,0.000
12/15/06 13:45,0.000
12/15/06 13:50,0.000
12/15/06 13:55,0.000
12/15/06 14:00,0.001
12/15/06 14:05,0.007
12/15/06 14:10,0.053
12/15/06 14:15,0.106
12/15/06 14:20,0.121
12/15/06 14:25,0.106
12/15/06 14:30,0.117
12/15/06 14:35,0.132
12/15/06 14:40,0.128
12/15/06 14:45,0.107
12/15/06 14:50,0.074
12/15/06 14:55,0.030
12/15/06 15:00,0.010
12/15/06 15:05,0.005
12/15/06 15:10,0.003
12/15/06 15:15,0.001
12/15/06 15:20,0.000
12/15/06 15:25,0.001
12/15/06 15:30,0.000
12/15/06 15:35,0.000
12/15/06 15:40,0.000
12/15/06 15:45,0.000
12/15/06 15:50,0.000
12/15/06 15:55,0.000
12/15/06 16:00,0.000
12/15/06 16:05,0.000
12/15/06 16:10,0.000
12/15/06 16:15,0.000
12/15/06 16:20,0.000
12/15/06 16:25,0.000
12/15/06 16:30,0.000
12/15/06 16:35,0.000
12/15/06 16:40,0.000
12/15/06 16:45,0.000
12/15/06 16:50,0.000
12/15/06 16:55,0.000
12/15/06 17:00,0.000
12/15/06 17:05,0.000
12/15/06 17:10,0.000
12/15/06 17:15,0.000
12/15/06 17:20,0.000
12/15/06 17:25,0.000
12/15/06 17:30,0.000
12/15/06 17:35,0.000
12/15/06 17:40,0.000
12/15/06 17:45,0.000
12/15/06 17:50,0.000
12/15/06 17:55,0.000
12/15/06 18:00,0.000
12/15/06 18:05,0.000
12/15/06 18:10,0.000
12/15/06 18:15,0.000
12/15/06 18:20,0.000
12/15/06 18:25,0.000
12/15/06 18:30,0.000
12/15/06 18:35,0.000
12/15/06 18:40,0.000
12/15/06 18:45,0.000
12/15/06 18:50,0.000
12/15/06 18:55,0.000
12/15/06 19:00,0.000
12/15/06 19:05,0.000
12/15/06 19:10,0.000
12/15/06 19:15,0.000
12/15/06 19:20,0.000
12/15/06 19:25,0.000
12/15/06 19:30,0.000
12/15/06 19:35,0.000
12/15/06 19:40,0.000
12/15/06 19:45,0.000
12/15/06 19:50,0.000
12/15/06 19:55,0.000
12/15/06 20:00,0.000
12/15/06 20:05,0.000
12/15/06 20:10,0.000
12/15/06 20:15,0.000
12/15/06 20:20,0.000
12/15/06 20:25,0.000
12/15/06 20:30,0.000
12/15/06 20:35,0.000
12/15/06 20:40,0.000
12/15/06 20:45,0.000
12/15/06 20:50,0.000
12/15/06 20:55,0.000
12/15/06 21:00,0.000
12/15/06 21:05,0.000
12/15/06 21:10,0.000
12/15/06 21:15,0.000
12/15/06 21:20,0.000
12/15/06 21:25,0.000
12/15/06 21:30,0.000
12/15/06 21:35,0.000
12/15/06 21:40,0.000
12/15/06 21:45,0.000
12/15/06 21:50,0.000
12/15/06 21:55,0.000
12/15/06 22:00,0.000
12/15/06 22:05,0.000
12/15/06 22:10,0.000
12/15/06 22:15,0.000
12/15/06 22:20,0.000
12/15/06 22:25,0.000
12/15/06 22:30,0.000
12/15/06 22:35,0.000
12/15/06 22:40,0.000
12/15/06 22:45,0.000
12/15/06 22:50,0.000
12/15/06 22:55,0.000
12/15/06 23:00,0.000
12/15/06 23:05,0.000
12/15/06 23:10,0.000
12/15/06 23:15,0.000
12/15/06 23:20,0.000
12/15/06 23:25,0.000
12/15/06 23:30,0.000
12/15/06 23:35,0.000
12/15/06 23:40,0.000
12/15/06 23:45,0.000
12/15/06 23:50,0.000
12/15/06 23:55,0.000
12/16/06 00:00,0.000
12/16/06 00:05,0.000
12/16/06 00:10,0.000
12/16/06 00:15,0.000
12/16/06 00:20,0.000
12/16/06 00:25,0.000
12/16/06 00:30,0.000
12/16/06 00:35,0.000
12/16/06 00:40,0.000
12/16/06 00:45,0.000
12/16/06 00:50,0.000
12/16/06 00:55,0.000
12/16/06 01:00,0.000
12/16/06 01:05,0.000
12/16/06 01:10,0.000
12/16/06 01:15,0.000
12/16/06 01:20,0.000
12/16/06 01:25,0.000
12/16/06 01:30,0.000
12/16/06 01:35,0.000
12/16/06 01:40,0.000
12/16/06 01:45,0.000
12/16/06 01:50,0.000
12/16/06 01:55,0.000
12/16/06 02:00,0.000
12/16/06 02:05,0.000
12/16/06 02:10,0.000
12/16/06 02:15,0.000
12/16/06 02:20,0.000
12/16/06 02:25,0.000
12/16/06 02:30,0.000
12/16/06 02:35,0.000
12/16/06 02:40,0.000
12/16/06 02:45,0.000
12/16/06 02:50,0.000
12/16/06 02:55,0.000
12/16/06 03:00,0.000
12/16/06 03:05,0.000
12/16/06 03:10,0.000
12/16/06 03:15,0.000
12/16/06 03:20,0.000
12/16/06 03:25,0.000
12/16/06 03:30,0.000
12/16/06 03:35,0.000
12/16/06 03:40,0.000
12/16/06 03:45,0.000
12/16/06 03:50,0.000
12/16/06 03:55,0.000
12/16/06 04:00,0.000
12/16/06 04:05,0.000
12/16/06 04:10,0.000
12/16/06 04:15,0.000
12/16/06 04:20,0.000
12/16/06 04:25,0.000
12/16/06 04:30,0.000
12/16/06 04:35,0.000
12/16/06 04:40,0.000
12/16/06 04:45,0.000
12/16/06 04:50,0.000
12/16/06 04:55,0.000
12/16/06 05:00,0.000
12/16/06 05:05,0.000
12/16/06 05:10,0.000
12/16/06 05:15,0.000
12/16/06 05:20,0.000
12/16/06 05:25,0.000
12/16/06 05:30,0.000
12/16/06 05:35,0.000
12/16/06 05:40,0.000
12/16/06 05:45,0.000
12/16/06 05:50,0.000
12/16/06 05:55,0.000
12/16/06 06:00,0.000
12/16/06 06:05,0.000
12/16/06 06:10,0.000
12/16/06 06:15,0.000
12/16/06 06:20,0.000
12/16/06 06:25,0.000
12/16/06 06:30,0.000
12/16/06 06:35,0.000
12/16/06 06:40,0.000
12/16/06 06:45,0.000
12/16/06 06:50,0.000
12/16/06 06:55,0.000
12/16/06 07:00,0.000
12/16/06 07:05,0.000
12/16/06 07:10,0.000
12/16/06 07:15,0.000
12/16/06 07:20,0.000
12/16/06 07:25,0.000
12/16/06 07:30,0.000
12/16/06 07:35,0.000
12/16/06 07:40,0.000
12/16/06 07:45,0.000
12/16/06 07:50,0.000
12/16/06 07:55,0.000
12/16/06 08:00,0.001
12/16/06 08:05,0.015
12/16/06 08:10,0.058
12/16/06 08:15,0.093
12/16/06 08:20,0.109
12/16/06 08:25,0.127
12/16/06 08:30,0.144
12/16/06 08:35,0.161
12/16/06 08:40,0.178
12/16/06 08:45,0.194
12/16/06 08:50,0.210
12/16/06 08:55,0.226
12/16/06 09:00,0.239
12/16/06 09:05,0.252
12/16/06 09:10,0.264
12/16/06 09:15,0.275
12/16/06 09:20,0.286
12/16/06 09:25,0.296
12/16/06 09:30,0.305
12/16/06 09:35,0.315
12/16/06 09:40,0.324
12/16/06 09:45,0.334
12/16/06 09:50,0.341
12/16/06 09:55,0.348
12/16/06 10:00,0.352
12/16/06 10:05,0.357
12/16/06 10:10,0.361
12/16/06 10:15,0.365
12/16/06 10:20,0.369
12/16/06 10:25,0.373
12/16/06 10:30,0.376
12/16/06 10:35,0.378
12/16/06 10:40,0.381
12/16/06 10:45,0.383
12/16/06 10:50,0.385
12/16/06 10:55,0.386
12/16/06 11:00,0.386
12/16/06 11:05,0.386
12/16/06 11:10,0.387
12/16/06 11:15,0.387
12/16/06 11:20,0.387
12/16/06 11:25,0.388
12/16/06 11:30,0.386
12/16/06 11:35,0.385
12/16/06 11:40,0.383
12/16/06 11:45,0.381
12/16/06 11:50,0.378
12/16/06 11:55,0.374
12/16/06 12:00,0.375
12/16/06 12:05,0.377
12/16/06 12:10,0.378
12/16/06 12:15,0.378
12/16/06 12:20,0.377
12/16/06 12:25,0.375
12/16/06 12:30,0.373
12/16/06 12:35,0.371
12/16/06 12:40,0.368
12/16/06 12:45,0.364
12/16/06 12:50,0.360
12/16/06 12:55,0.355
12/16/06 13:00,0.350
12/16/06 13:05,0.345
12/16/06 13:10,0.340
12/16/06 13:15,0.333
12/16/06 13:20,0.326
12/16/06 13:25,0.318
12/16/06 13:30,0.309
12/16/06 13:35,0.300
12/16/06 13:40,0.290
12/16/06 13:45,0.279
12/16/06 13:50,0.268
12/16/06 13:55,0.258
12/16/06 14:00,0.252
12/16/06 14:05,0.246
12/16/06 14:10,0.238
12/16/06 14:15,0.229
12/16/06 14:20,0.219
12/16/06 14:25,0.210
12/16/06 14:30,0.198
12/16/06 14:35,0.187
12/16/06 14:40,0.175
12/16/06 14:45,0.163
12/16/06 14:50,0.151
12/16/06 14:55,0.138
12/16/06 15:00,0.125
12/16/06 15:05,0.112
12/16/06 15:10,0.099
12/16/06 15:15,0.083
12/16/06 15:20,0.044
12/16/06 15:25,0.016
12/16/06 15:30,0.004
12/16/06 15:35,0.000
12/16/06 15:40,0.000
12/16/06 15:45,0.000
12/16/06 15:50,0.000
12/16/06 15:55,0.000
12/16/06 16:00,0.000
12/16/06 16:05,0.000
12/16/06 16:10,0.000
12/16/06 16:15,0.000
12/16/06 16:20,0.000
12/16/06 16:25,0.000
12/16/06 16:30,0.000
12/16/06 16:35,0.000
12/16/06 16:40,0.000
12/16/06 16:45,0.000
12/16/06 16:50,0.000
12/16/06 16:55,0.000
12/16/06 17:00,0.000
12/16/06 17:05,0.000
12/16/06 17:10,0.000
12/16/06 17:15,0.000
12/16/06 17:20,0.000
12/16/06 17:25,0.000
12/16/06 17:30,0.000
12/16/06 17:35,0.000
12/16/06 17:40,0.000
12/16/06 17:45,0.000
12/16/06 17:50,0.000
12/16/06 17:55,0.000
12/16/06 18:00,0.000
12/16/06 18:05,0.000
12/16/06 18:10,0.000
12/16/06 18:15,0.000
12/16/06 18:20,0.000
12/16/06 18:25,0.000
12/16/06 18:30,0.000
12/16/06 18:35,0.000
12/16/06 18:40,0.000
12/16/06 18:45,0.000
12/16/06 18:50,0.000
12/16/06 18:55,0.000
12/16/06 19:00,0.000
12/16/06 19:05,0.000
12/16/06 19:10,0.000
12/16/06 19:15,0.000
12/16/06 19:20,0.000
12/16/06 19:25,0.000
12/16/06 19:30,0.000
12/16/06 19:35,0.000
12/16/06 19:40,0.000
12/16/06 19:45,0.000
12/16/06 19:50,0.000
12/16/06 19:55,0.000
12/16/06 20:00,0.000
12/16/06 20:05,0.000
12/16/06 20:10,0.000
12/16/06 20:15,0.000
12/16/06 20:20,0.000
12/16/06 20:25,0.000
12/16/06 20:30,0.000
12/16/06 20:35,0.000
12/16/06 20:40,0.000
12/16/06 20:45,0.000
12/16/06 20:50,0.000
12/16/06 20:55,0.000
12/16/06 21:00,0.000
12/16/06 21:05,0.000
12/16/06 21:10,0.000
12/16/06 21:15,0.000
12/16/06 21:20,0.000
12/16/06 21:25,0.000
12/16/06 21:30,0.000
12/16/06 21:35,0.000
12/16/06 21:40,0.000
12/16/06 21:45,0.000
12/16/06 21:50,0.000
12/16/06 21:55,0.000
12/16/06 22:00,0.000
12/16/06 22:05,0.000
12/16/06 22:10,0.000
12/16/06 22:15,0.000
12/16/06 22:20,0.000
12/16/06 22:25,0.000
12/16/06 22:30,0.000
12/16/06 22:35,0.000
12/16/06 22:40,0.000
12/16/06 22:45,0.000
12/16/06 22:50,0.000
12/16/06 22:55,0.000
12/16/06 23:00,0.000
12/16/06 23:05,0.000
12/16/06 23:10,0.000
12/16/06 23:15,0.000
12/16/06 23:20,0.000
12/16/06 23:25,0.000
12/16/06 23:30,0.000
12/16/06 23:35,0.000
12/16/06 23:40,0.000
12/16/06 23:45,0.000
12/16/06 23:50,0.000
12/16/06 23:55,0.000
12/17/06 00:00,0.000
12/17/06 00:05,0.000
12/17/06 00:10,0.000
12/17/06 00:15,0.000
12/17/06 00:20,0.000
12/17/06 00:25,0.000
12/17/06 00:30,0.000
12/17/06 00:35,0.000
12/17/06 00:40,0.000
12/17/06 00:45,0.000
12/17/06 00:50,0.000
12/17/06 00:55,0.000
12/17/06 01:00,0.000
12/17/06 01:05,0.000
12/17/06 01:10,0.000
12/17/06 01:15,0.000
12/17/06 01:20,0.000
12/17/06 01:25,0.000
12/17/06 01:30,0.000
12/17/06 01:35,0.000
12/17/06 01:40,0.000
12/17/06 01:45,0.000
12/17/06 01:50,0.000
12/17/06 01:55,0.000
12/17/06 02:00,0.000
12/17/06 02:05,0.000
12/17/06 02:10,0.000
12/17/06 02:15,0.000
12/17/06 02:20,0.000
12/17/06 02:25,0.000
12/17/06 02:30,0.000
12/17/06 02:35,0.000
12/17/06 02:40,0.000
12/17/06 02:45,0.000
12/17/06 02:50,0.000
12/17/06 02:55,0.000
12/17/06 03:00,0.000
12/17/06 03:05,0.000
12/17/06 03:10,0.000
12/17/06 03:15,0.000
12/17/06 03:20,0.000
12/17/06 03:25,0.000
12/17/06 03:30,0.000
12/17/06 03:35,0.000
12/17/06 03:40,0.000
12/17/06 03:45,0.000
12/17/06 03:50,0.000
12/17/06 03:55,0.000
12/17/06 04:00,0.000
12/17/06 04:05,0.000
12/17/06 04:10,0.000
12/17/06 04:15,0.000
12/17/06 04:20,0.000
12/17/06 04:25,0.000
12/17/06 04:30,0.000
12/17/06 04:35,0.000
12/17/06 04:40,0.000
12/17/06 04:45,0.000
12/17/06 04:50,0.000
12/17/06 04:55,0.000
12/17/06 05:00,0.000
12/17/06 05:05,0.000
12/17/06 05:10,0.000
12/17/06 05:15,0.000
12/17/06 05:20,0.000
12/17/06 05:25,0.000
12/17/06 05:30,0.000
12/17/06 05:35,0.000
12/17/06 05:40,0.000
12/17/06 05:45,0.000
12/17/06 05:50,0.000
12/17/06 05:55,0.000
12/17/06 06:00,0.000
12/17/06 06:05,0.000
12/17/06 06:10,0.000
12/17/06 06:15,0.000
12/17/06 06:20,0.000
12/17/06 06:25,0.000
12/17/06 06:30,0.000
12/17/06 06:35,0.000
12/17/06 06:40,0.000
12/17/06 06:45,0.000
12/17/06 06:50,0.000
12/17/06 06:55,0.000
12/17/06 07:00,0.000
12/17/06 07:05,0.000
12/17/06 07:10,0.000
12/17/06 07:15,0.000
12/17/06 07:20,0.000
12/17/06 07:25,0.000
12/17/06 07:30,0.000
12/17/06 07:35,0.000
12/17/06 07:40,0.000
12/17/06 07:45,0.000
12/17/06 07:50,0.000
12/17/06 07:55,0.000
12/17/06 08:00,0.000
12/17/06 08:05,0.010
12/17/06 08:10,0.047
12/17/06 08:15,0.090
12/17/06 08:20,0.107
12/17/06 08:25,0.122
12/17/06 08:30,0.138
12/17/06 08:35,0.152
12/17/06 08:40,0.166
12/17/06 08:45,0.178
12/17/06 08:50,0.187
12/17/06 08:55,0.198
12/17/06 09:00,0.208
12/17/06 09:05,0.218
12/17/06 09:10,0.228
12/17/06 09:15,0.237
12/17/06 09:20,0.247
12/17/06 09:25,0.256
12/17/06 09:30,0.265
12/17/06 09:35,0.273
12/17/06 09:40,0.279
12/17/06 09:45,0.286
12/17/06 09:50,0.293
12/17/06 09:55,0.300
12/17/06 10:00,0.303
12/17/06 10:05,0.306
12/17/06 10:10,0.310
12/17/06 10:15,0.314
12/17/06 10:20,0.317
12/17/06 10:25,0.319
12/17/06 10:30,0.321
12/17/06 10:35,0.323
12/17/06 10:40,0.323
12/17/06 10:45,0.322
12/17/06 10:50,0.323
12/17/06 10:55,0.323
12/17/06 11:00,0.324
12/17/06 11:05,0.326
12/17/06 11:10,0.327
12/17/06 11:15,0.329
12/17/06 11:20,0.330
12/17/06 11:25,0.331
12/17/06 11:30,0.332
12/17/06 11:35,0.332
12/17/06 11:40,0.332
12/17/06 11:45,0.330
12/17/06 11:50,0.327
12/17/06 11:55,0.325
12/17/06 12:00,0.323
12/17/06 12:05,0.321
12/17/06 12:10,0.320
12/17/06 12:15,0.319
12/17/06 12:20,0.317
12/17/06 12:25,0.314
12/17/06 12:30,0.310
12/17/06 12:35,0.307
12/17/06 12:40,0.303
12/17/06 12:45,0.299
12/17/06 12:50,0.295
12/17/06 12:55,0.290
12/17/06 13:00,0.286
12/17/06 13:05,0.282
12/17/06 13:10,0.278
12/17/06 13:15,0.274
12/17/06 13:20,0.269
12/17/06 13:25,0.263
12/17/06 13:30,0.258
12/17/06 13:35,0.251
12/17/06 13:40,0.244
12/17/06 13:45,0.237
12/17/06 13:50,0.230
12/17/06 13:55,0.222
12/17/06 14:00,0.217
12/17/06 14:05,0.213
12/17/06 14:10,0.207
12/17/06 14:15,0.200
12/17/06 14:20,0.193
12/17/06 14:25,0.184
12/17/06 14:30,0.176
12/17/06 14:35,0.167
12/17/06 14:40,0.157
12/17/06 14:45,0.147
12/17/06 14:50,0.136
12/17/06 14:55,0.125
12/17/06 15:00,0.112
12/17/06 15:05,0.099
12/17/06 15:10,0.086
12/17/06 15:15,0.056
12/17/06 15:20,0.027
12/17/06 15:25,0.010
12/17/06 15:30,0.003
12/17/06 15:35,0.000
12/17/06 15:40,0.000
12/17/06 15:45,0.000
12/17/06 15:50,0.000
12/17/06 15:55,0.000
12/17/06 16:00,0.000
12/17/06 16:05,0.000
12/17/06 16:10,0.000
12/17/06 16:15,0.000
12/17/06 16:20,0.000
12/17/06 16:25,0.000
12/17/06 16:30,0.000
12/17/06 16:35,0.000
12/17/06 16:40,0.000
12/17/06 16:45,0.000
12/17/06 16:50,0.000
12/17/06 16:55,0.000
12/17/06 17:00,0.000
12/17/06 17:05,0.000
12/17/06 17:10,0.000
12/17/06 17:15,0.000
12/17/06 17:20,0.000
12/17/06 17:25,0.000
12/17/06 17:30,0.000
12/17/06 17:35,0.000
12/17/06 17:40,0.000
12/17/06 17:45,0.000
12/17/06 17:50,0.000
12/17/06 17:55,0.000
12/17/06 18:00,0.000
12/17/06 18:05,0.000
12/17/06 18:10,0.000
12/17/06 18:15,0.000
12/17/06 18:20,0.000
12/17/06 18:25,0.000
12/17/06 18:30,0.000
12/17/06 18:35,0.000
12/17/06 18:40,0.000
12/17/06 18:45,0.000
12/17/06 18:50,0.000
12/17/06 18:55,0.000
12/17/06 19:00,0.000
12/17/06 19:05,0.000
12/17/06 19:10,0.000
12/17/06 19:15,0.000
12/17/06 19:20,0.000
12/17/06 19:25,0.000
12/17/06 19:30,0.000
12/17/06 19:35,0.000
12/17/06 19:40,0.000
12/17/06 19:45,0.000
12/17/06 19:50,0.000
12/17/06 19:55,0.000
12/17/06 20:00,0.000
12/17/06 20:05,0.000
12/17/06 20:10,0.000
12/17/06 20:15,0.000
12/17/06 20:20,0.000
12/17/06 20:25,0.000
12/17/06 20:30,0.000
12/17/06 20:35,0.000
12/17/06 20:40,0.000
12/17/06 20:45,0.000
12/17/06 20:50,0.000
12/17/06 20:55,0.000
12/17/06 21:00,0.000
12/17/06 21:05,0.000
12/17/06 21:10,0.000
12/17/06 21:15,0.000
12/17/06 21:20,0.000
12/17/06 21:25,0.000
12/17/06 21:30,0.000
12/17/06 21:35,0.000
12/17/06 21:40,0.000
12/17/06 21:45,0.000
12/17/06 21:50,0.000
12/17/06 21:55,0.000
12/17/06 22:00,0.000
12/17/06 22:05,0.000
12/17/06 22:10,0.000
12/17/06 22:15,0.000
12/17/06 22:20,0.000
12/17/06 22:25,0.000
12/17/06 22:30,0.000
12/17/06 22:35,0.000
12/17/06 22:40,0.000
12/17/06 22:45,0.000
12/17/06 22:50,0.000
12/17/06 22:55,0.000
12/17/06 23:00,0.000
12/17/06 23:05,0.000
12/17/06 23:10,0.000
12/17/06 23:15,0.000
12/17/06 23:20,0.000
12/17/06 23:25,0.000
12/17/06 23:30,0.000
12/17/06 23:35,0.000
12/17/06 23:40,0.000
12/17/06 23:45,0.000
12/17/06 23:50,0.000
12/17/06 23:55,0.000
12/18/06 00:00,0.000
12/18/06 00:05,0.000
12/18/06 00:10,0.000
12/18/06 00:15,0.000
12/18/06 00:20,0.000
12/18/06 00:25,0.000
12/18/06 00:30,0.000
12/18/06 00:35,0.000
12/18/06 00:40,0.000
12/18/06 00:45,0.000
12/18/06 00:50,0.000
12/18/06 00:55,0.000
12/18/06 01:00,0.000
12/18/06 01:05,0.000
12/18/06 01:10,0.000
12/18/06 01:15,0.000
12/18/06 01:20,0.000
12/18/06 01:25,0.000
12/18/06 01:30,0.000
12/18/06 01:35,0.000
12/18/06 01:40,0.000
12/18/06 01:45,0.000
12/18/06 01:50,0.000
12/18/06 01:55,0.000
12/18/06 02:00,0.000
12/18/06 02:05,0.000
12/18/06 02:10,0.000
12/18/06 02:15,0.000
12/18/06 02:20,0.000
12/18/06 02:25,0.000
12/18/06 02:30,0.000
12/18/06 02:35,0.000
12/18/06 02:40,0.000
12/18/06 02:45,0.000
12/18/06 02:50,0.000
12/18/06 02:55,0.000
12/18/06 03:00,0.000
12/18/06 03:05,0.000
12/18/06 03:10,0.000
12/18/06 03:15,0.000
12/18/06 03:20,0.000
12/18/06 03:25,0.000
12/18/06 03:30,0.000
12/18/06 03:35,0.000
12/18/06 03:40,0.000
12/18/06 03:45,0.000
12/18/06 03:50,0.000
12/18/06 03:55,0.000
12/18/06 04:00,0.000
12/18/06 04:05,0.000
12/18/06 04:10,0.000
12/18/06 04:15,0.000
12/18/06 04:20,0.000
12/18/06 04:25,0.000
12/18/06 04:30,0.000
12/18/06 04:35,0.000
12/18/06 04:40,0.000
12/18/06 04:45,0.000
12/18/06 04:50,0.000
12/18/06 04:55,0.000
12/18/06 05:00,0.000
12/18/06 05:05,0.000
12/18/06 05:10,0.000
12/18/06 05:15,0.000
12/18/06 05:20,0.000
12/18/06 05:25,0.000
12/18/06 05:30,0.000
12/18/06 05:35,0.000
12/18/06 05:40,0.000
12/18/06 05:45,0.000
12/18/06 05:50,0.000
12/18/06 05:55,0.000
12/18/06 06:00,0.000
12/18/06 06:05,0.000
12/18/06 06:10,0.000
12/18/06 06:15,0.000
12/18/06 06:20,0.000
12/18/06 06:25,0.000
12/18/06 06:30,0.000
12/18/06 06:35,0.000
12/18/06 06:40,0.000
12/18/06 06:45,0.000
12/18/06 06:50,0.000
12/18/06 06:55,0.000
12/18/06 07:00,0.000
12/18/06 07:05,0.000
12/18/06 07:10,0.000
12/18/06 07:15,0.000
12/18/06 07:20,0.000
12/18/06 07:25,0.000
12/18/06 07:30,0.000
12/18/06 07:35,0.000
12/18/06 07:40,0.000
12/18/06 07:45,0.000
12/18/06 07:50,0.000
12/18/06 07:55,0.000
12/18/06 08:00,0.000
12/18/06 08:05,0.011
12/18/06 08:10,0.044
12/18/06 08:15,0.088
12/18/06 08:20,0.103
12/18/06 08:25,0.121
12/18/06 08:30,0.137
12/18/06 08:35,0.153
12/18/06 08:40,0.168
12/18/06 08:45,0.182
12/18/06 08:50,0.195
12/18/06 08:55,0.208
12/18/06 09:00,0.218
12/18/06 09:05,0.228
12/18/06 09:10,0.238
12/18/06 09:15,0.247
12/18/06 09:20,0.257
12/18/06 09:25,0.266
12/18/06 09:30,0.276
12/18/06 09:35,0.286
12/18/06 09:40,0.295
12/18/06 09:45,0.304
12/18/06 09:50,0.312
12/18/06 09:55,0.319
12/18/06 10:00,0.323
12/18/06 10:05,0.326
12/18/06 10:10,0.329
12/18/06 10:15,0.334
12/18/06 10:20,0.337
12/18/06 10:25,0.339
12/18/06 10:30,0.342
12/18/06 10:35,0.348
12/18/06 10:40,0.356
12/18/06 10:45,0.360
12/18/06 10:50,0.362
12/18/06 10:55,0.363
12/18/06 11:00,0.364
12/18/06 11:05,0.363
12/18/06 11:10,0.363
12/18/06 11:15,0.361
12/18/06 11:20,0.360
12/18/06 11:25,0.357
12/18/06 11:30,0.354
12/18/06 11:35,0.351
12/18/06 11:40,0.349
12/18/06 11:45,0.348
12/18/06 11:50,0.349
12/18/06 11:55,0.347
12/18/06 12:00,0.347
12/18/06 12:05,0.345
12/18/06 12:10,0.341
12/18/06 12:15,0.335
12/18/06 12:20,0.327
12/18/06 12:25,0.318
12/18/06 12:30,0.306
12/18/06 12:35,0.295
12/18/06 12:40,0.285
12/18/06 12:45,0.273
12/18/06 12:50,0.261
12/18/06 12:55,0.249
12/18/06 13:00,0.244
12/18/06 13:05,0.238
12/18/06 13:10,0.229
12/18/06 13:15,0.219
12/18/06 13:20,0.203
12/18/06 13:25,0.191
12/18/06 13:30,0.178
12/18/06 13:35,0.166
12/18/06 13:40,0.155
12/18/06 13:45,0.142
12/18/06 13:50,0.129
12/18/06 13:55,0.118
12/18/06 14:00,0.112
12/18/06 14:05,0.110
12/18/06 14:10,0.111
12/18/06 14:15,0.110
12/18/06 14:20,0.110
12/18/06 14:25,0.115
12/18/06 14:30,0.116
12/18/06 14:35,0.117
12/18/06 14:40,0.116
12/18/06 14:45,0.114
12/18/06 14:50,0.113
12/18/06 14:55,0.111
12/18/06 15:00,0.099
12/18/06 15:05,0.082
12/18/06 15:10,0.036
12/18/06 15:15,0.010
12/18/06 15:20,0.001
12/18/06 15:25,0.000
12/18/06 15:30,0.000
12/18/06 15:35,0.000
12/18/06 15:40,0.000
12/18/06 15:45,0.000
12/18/06 15:50,0.000
12/18/06 15:55,0.000
12/18/06 16:00,0.000
12/18/06 16:05,0.000
12/18/06 16:10,0.000
12/18/06 16:15,0.000
12/18/06 16:20,0.000
12/18/06 16:25,0.000
12/18/06 16:30,0.000
12/18/06 16:35,0.000
12/18/06 16:40,0.000
12/18/06 16:45,0.000
12/18/06 16:50,0.000
12/18/06 16:55,0.000
12/18/06 17:00,0.000
12/18/06 17:05,0.000
12/18/06 17:10,0.000
12/18/06 17:15,0.000
12/18/06 17:20,0.000
12/18/06 17:25,0.000
12/18/06 17:30,0.000
12/18/06 17:35,0.000
12/18/06 17:40,0.000
12/18/06 17:45,0.000
12/18/06 17:50,0.000
12/18/06 17:55,0.000
12/18/06 18:00,0.000
12/18/06 18:05,0.000
12/18/06 18:10,0.000
12/18/06 18:15,0.000
12/18/06 18:20,0.000
12/18/06 18:25,0.000
12/18/06 18:30,0.000
12/18/06 18:35,0.000
12/18/06 18:40,0.000
12/18/06 18:45,0.000
12/18/06 18:50,0.000
12/18/06 18:55,0.000
12/18/06 19:00,0.000
12/18/06 19:05,0.000
12/18/06 19:10,0.000
12/18/06 19:15,0.000
12/18/06 19:20,0.000
12/18/06 19:25,0.000
12/18/06 19:30,0.000
12/18/06 19:35,0.000
12/18/06 19:40,0.000
12/18/06 19:45,0.000
12/18/06 19:50,0.000
12/18/06 19:55,0.000
12/18/06 20:00,0.000
12/18/06 20:05,0.000
12/18/06 20:10,0.000
12/18/06 20:15,0.000
12/18/06 20:20,0.000
12/18/06 20:25,0.000
12/18/06 20:30,0.000
12/18/06 20:35,0.000
12/18/06 20:40,0.000
12/18/06 20:45,0.000
12/18/06 20:50,0.000
12/18/06 20:55,0.000
12/18/06 21:00,0.000
12/18/06 21:05,0.000
12/18/06 21:10,0.000
12/18/06 21:15,0.000
12/18/06 21:20,0.000
12/18/06 21:25,0.000
12/18/06 21:30,0.000
12/18/06 21:35,0.000
12/18/06 21:40,0.000
12/18/06 21:45,0.000
12/18/06 21:50,0.000
12/18/06 21:55,0.000
12/18/06 22:00,0.000
12/18/06 22:05,0.000
12/18/06 22:10,0.000
12/18/06 22:15,0.000
12/18/06 22:20,0.000
12/18/06 22:25,0.000
12/18/06 22:30,0.000
12/18/06 22:35,0.000
12/18/06 22:40,0.000
12/18/06 22:45,0.000
12/18/06 22:50,0.000
12/18/06 22:55,0.000
12/18/06 23:00,0.000
12/18/06 23:05,0.000
12/18/06 23:10,0.000
12/18/06 23:15,0.000
12/18/06 23:20,0.000
12/18/06 23:25,0.000
12/18/06 23:30,0.000
12/18/06 23:35,0.000
12/18/06 23:40,0.000
12/18/06 23:45,0.000
12/18/06 23:50,0.000
12/18/06 23:55,0.000
12/19/06 00:00,0.000
12/19/06 00:05,0.000
12/19/06 00:10,0.000
12/19/06 00:15,0.000
12/19/06 00:20,0.000
12/19/06 00:25,0.000
12/19/06 00:30,0.000
12/19/06 00:35,0.000
12/19/06 00:40,0.000
12/19/06 00:45,0.000
12/19/06 00:50,0.000
12/19/06 00:55,0.000
12/19/06 01:00,0.000
12/19/06 01:05,0.000
12/19/06 01:10,0.000
12/19/06 01:15,0.000
12/19/06 01:20,0.000
12/19/06 01:25,0.000
12/19/06 01:30,0.000
12/19/06 01:35,0.000
12/19/06 01:40,0.000
12/19/06 01:45,0.000
12/19/06 01:50,0.000
12/19/06 01:55,0.000
12/19/06 02:00,0.000
12/19/06 02:05,0.000
12/19/06 02:10,0.000
12/19/06 02:15,0.000
12/19/06 02:20,0.000
12/19/06 02:25,0.000
12/19/06 02:30,0.000
12/19/06 02:35,0.000
12/19/06 02:40,0.000
12/19/06 02:45,0.000
12/19/06 02:50,0.000
12/19/06 02:55,0.000
12/19/06 03:00,0.000
12/19/06 03:05,0.000
12/19/06 03:10,0.000
12/19/06 03:15,0.000
12/19/06 03:20,0.000
12/19/06 03:25,0.000
12/19/06 03:30,0.000
12/19/06 03:35,0.000
12/19/06 03:40,0.000
12/19/06 03:45,0.000
12/19/06 03:50,0.000
12/19/06 03:55,0.000
12/19/06 04:00,0.000
12/19/06 04:05,0.000
12/19/06 04:10,0.000
12/19/06 04:15,0.000
12/19/06 04:20,0.000
12/19/06 04:25,0.000
12/19/06 04:30,0.000
12/19/06 04:35,0.000
12/19/06 04:40,0.000
12/19/06 04:45,0.000
12/19/06 04:50,0.000
12/19/06 04:55,0.000
12/19/06 05:00,0.000
12/19/06 05:05,0.000
12/19/06 05:10,0.000
12/19/06 05:15,0.000
12/19/06 05:20,0.000
12/19/06 05:25,0.000
12/19/06 05:30,0.000
12/19/06 05:35,0.000
12/19/06 05:40,0.000
12/19/06 05:45,0.000
12/19/06 05:50,0.000
12/19/06 05:55,0.000
12/19/06 06:00,0.000
12/19/06 06:05,0.000
12/19/06 06:10,0.000
12/19/06 06:15,0.000
12/19/06 06:20,0.000
12/19/06 06:25,0.000
12/19/06 06:30,0.000
12/19/06 06:35,0.000
12/19/06 06:40,0.000
12/19/06 06:45,0.000
12/19/06 06:50,0.000
12/19/06 06:55,0.000
12/19/06 07:00,0.000
12/19/06 07:05,0.000
12/19/06 07:10,0.000
12/19/06 07:15,0.000
12/19/06 07:20,0.000
12/19/06 07:25,0.000
12/19/06 07:30,0.000
12/19/06 07:35,0.000
12/19/06 07:40,0.000
12/19/06 07:45,0.000
12/19/06 07:50,0.000
12/19/06 07:55,0.000
12/19/06 08:00,0.000
12/19/06 08:05,0.001
12/19/06 08:10,0.012
12/19/06 08:15,0.055
12/19/06 08:20,0.089
12/19/06 08:25,0.106
12/19/06 08:30,0.122
12/19/06 08:35,0.135
12/19/06 08:40,0.150
12/19/06 08:45,0.165
12/19/06 08:50,0.180
12/19/06 08:55,0.194
12/19/06 09:00,0.207
12/19/06 09:05,0.217
12/19/06 09:10,0.225
12/19/06 09:15,0.233
12/19/06 09:20,0.239
12/19/06 09:25,0.243
12/19/06 09:30,0.246
12/19/06 09:35,0.247
12/19/06 09:40,0.250
12/19/06 09:45,0.251
12/19/06 09:50,0.253
12/19/06 09:55,0.252
12/19/06 10:00,0.250
12/19/06 10:05,0.259
12/19/06 10:10,0.271
12/19/06 10:15,0.283
12/19/06 10:20,0.284
12/19/06 10:25,0.275
12/19/06 10:30,0.269
12/19/06 10:35,0.265
12/19/06 10:40,0.260
12/19/06 10:45,0.257
12/19/06 10:50,0.256
12/19/06 10:55,0.267
12/19/06 11:00,0.296
12/19/06 11:05,0.318
12/19/06 11:10,0.332
12/19/06 11:15,0.341
12/19/06 11:20,0.344
12/19/06 11:25,0.349
12/19/06 11:30,0.358
12/19/06 11:35,0.362
12/19/06 11:40,0.364
12/19/06 11:45,0.365
12/19/06 11:50,0.366
12/19/06 11:55,0.365
12/19/06 12:00,0.366
12/19/06 12:05,0.369
12/19/06 12:10,0.371
12/19/06 12:15,0.372
12/19/06 12:20,0.372
12/19/06 12:25,0.371
12/19/06 12:30,0.369
12/19/06 12:35,0.367
12/19/06 12:40,0.365
12/19/06 12:45,0.362
12/19/06 12:50,0.359
12/19/06 12:55,0.355
12/19/06 13:00,0.351
12/19/06 13:05,0.347
12/19/06 13:10,0.342
12/19/06 13:15,0.336
12/19/06 13:20,0.330
12/19/06 13:25,0.323
12/19/06 13:30,0.315
12/19/06 13:35,0.308
12/19/06 13:40,0.300
12/19/06 13:45,0.292
12/19/06 13:50,0.286
12/19/06 13:55,0.277
12/19/06 14:00,0.269
12/19/06 14:05,0.260
12/19/06 14:10,0.250
12/19/06 14:15,0.239
12/19/06 14:20,0.228
12/19/06 14:25,0.217
12/19/06 14:30,0.206
12/19/06 14:35,0.194
12/19/06 14:40,0.181
12/19/06 14:45,0.169
12/19/06 14:50,0.155
12/19/06 14:55,0.141
12/19/06 15:00,0.128
12/19/06 15:05,0.114
12/19/06 15:10,0.101
12/19/06 15:15,0.086
12/19/06 15:20,0.049
12/19/06 15:25,0.019
12/19/06 15:30,0.005
12/19/06 15:35,0.000
12/19/06 15:40,0.000
12/19/06 15:45,0.000
12/19/06 15:50,0.000
12/19/06 15:55,0.000
12/19/06 16:00,0.000
12/19/06 16:05,0.000
12/19/06 16:10,0.000
12/19/06 16:15,0.000
12/19/06 16:20,0.000
12/19/06 16:25,0.000
12/19/06 16:30,0.000
12/19/06 16:35,0.000
12/19/06 16:40,0.000
12/19/06 16:45,0.000
12/19/06 16:50,0.000
12/19/06 16:55,0.000
12/19/06 17:00,0.000
12/19/06 17:05,0.000
12/19/06 17:10,0.000
12/19/06 17:15,0.000
12/19/06 17:20,0.000
12/19/06 17:25,0.000
12/19/06 17:30,0.000
12/19/06 17:35,0.000
12/19/06 17:40,0.000
12/19/06 17:45,0.000
12/19/06 17:50,0.000
12/19/06 17:55,0.000
12/19/06 18:00,0.000
12/19/06 18:05,0.000
12/19/06 18:10,0.000
12/19/06 18:15,0.000
12/19/06 18:20,0.000
12/19/06 18:25,0.000
12/19/06 18:30,0.000
12/19/06 18:35,0.000
12/19/06 18:40,0.000
12/19/06 18:45,0.000
12/19/06 18:50,0.000
12/19/06 18:55,0.000
12/19/06 19:00,0.000
12/19/06 19:05,0.000
12/19/06 19:10,0.000
12/19/06 19:15,0.000
12/19/06 19:20,0.000
12/19/06 19:25,0.000
12/19/06 19:30,0.000
12/19/06 19:35,0.000
12/19/06 19:40,0.000
12/19/06 19:45,0.000
12/19/06 19:50,0.000
12/19/06 19:55,0.000
12/19/06 20:00,0.000
12/19/06 20:05,0.000
12/19/06 20:10,0.000
12/19/06 20:15,0.000
12/19/06 20:20,0.000
12/19/06 20:25,0.000
12/19/06 20:30,0.000
12/19/06 20:35,0.000
12/19/06 20:40,0.000
12/19/06 20:45,0.000
12/19/06 20:50,0.000
12/19/06 20:55,0.000
12/19/06 21:00,0.000
12/19/06 21:05,0.000
12/19/06 21:10,0.000
12/19/06 21:15,0.000
12/19/06 21:20,0.000
12/19/06 21:25,0.000
12/19/06 21:30,0.000
12/19/06 21:35,0.000
12/19/06 21:40,0.000
12/19/06 21:45,0.000
12/19/06 21:50,0.000
12/19/06 21:55,0.000
12/19/06 22:00,0.000
12/19/06 22:05,0.000
12/19/06 22:10,0.000
12/19/06 22:15,0.000
12/19/06 22:20,0.000
12/19/06 22:25,0.000
12/19/06 22:30,0.000
12/19/06 22:35,0.000
12/19/06 22:40,0.000
12/19/06 22:45,0.000
12/19/06 22:50,0.000
12/19/06 22:55,0.000
12/19/06 23:00,0.000
12/19/06 23:05,0.000
12/19/06 23:10,0.000
12/19/06 23:15,0.000
12/19/06 23:20,0.000
12/19/06 23:25,0.000
12/19/06 23:30,0.000
12/19/06 23:35,0.000
12/19/06 23:40,0.000
12/19/06 23:45,0.000
12/19/06 23:50,0.000
12/19/06 23:55,0.000
12/20/06 00:00,0.000
12/20/06 00:05,0.000
12/20/06 00:10,0.000
12/20/06 00:15,0.000
12/20/06 00:20,0.000
12/20/06 00:25,0.000
12/20/06 00:30,0.000
12/20/06 00:35,0.000
12/20/06 00:40,0.000
12/20/06 00:45,0.000
12/20/06 00:50,0.000
12/20/06 00:55,0.000
12/20/06 01:00,0.000
12/20/06 01:05,0.000
12/20/06 01:10,0.000
12/20/06 01:15,0.000
12/20/06 01:20,0.000
12/20/06 01:25,0.000
12/20/06 01:30,0.000
12/20/06 01:35,0.000
12/20/06 01:40,0.000
12/20/06 01:45,0.000
12/20/06 01:50,0.000
12/20/06 01:55,0.000
12/20/06 02:00,0.000
12/20/06 02:05,0.000
12/20/06 02:10,0.000
12/20/06 02:15,0.000
12/20/06 02:20,0.000
12/20/06 02:25,0.000
12/20/06 02:30,0.000
12/20/06 02:35,0.000
12/20/06 02:40,0.000
12/20/06 02:45,0.000
12/20/06 02:50,0.000
12/20/06 02:55,0.000
12/20/06 03:00,0.000
12/20/06 03:05,0.000
12/20/06 03:10,0.000
12/20/06 03:15,0.000
12/20/06 03:20,0.000
12/20/06 03:25,0.000
12/20/06 03:30,0.000
12/20/06 03:35,0.000
12/20/06 03:40,0.000
12/20/06 03:45,0.000
12/20/06 03:50,0.000
12/20/06 03:55,0.000
12/20/06 04:00,0.000
12/20/06 04:05,0.000
12/20/06 04:10,0.000
12/20/06 04:15,0.000
12/20/06 04:20,0.000
12/20/06 04:25,0.000
12/20/06 04:30,0.000
12/20/06 04:35,0.000
12/20/06 04:40,0.000
12/20/06 04:45,0.000
12/20/06 04:50,0.000
12/20/06 04:55,0.000
12/20/06 05:00,0.000
12/20/06 05:05,0.000
12/20/06 05:10,0.000
12/20/06 05:15,0.000
12/20/06 05:20,0.000
12/20/06 05:25,0.000
12/20/06 05:30,0.000
12/20/06 05:35,0.000
12/20/06 05:40,0.000
12/20/06 05:45,0.000
12/20/06 05:50,0.000
12/20/06 05:55,0.000
12/20/06 06:00,0.000
12/20/06 06:05,0.000
12/20/06 06:10,0.000
12/20/06 06:15,0.000
12/20/06 06:20,0.000
12/20/06 06:25,0.000
12/20/06 06:30,0.000
12/20/06 06:35,0.000
12/20/06 06:40,0.000
12/20/06 06:45,0.000
12/20/06 06:50,0.000
12/20/06 06:55,0.000
12/20/06 07:00,0.000
12/20/06 07:05,0.000
12/20/06 07:10,0.000
12/20/06 07:15,0.000
12/20/06 07:20,0.000
12/20/06 07:25,0.000
12/20/06 07:30,0.000
12/20/06 07:35,0.000
12/20/06 07:40,0.000
12/20/06 07:45,0.000
12/20/06 07:50,0.000
12/20/06 07:55,0.000
12/20/06 08:00,0.000
12/20/06 08:05,0.005
12/20/06 08:10,0.030
12/20/06 08:15,0.082
12/20/06 08:20,0.098
12/20/06 08:25,0.115
12/20/06 08:30,0.132
12/20/06 08:35,0.149
12/20/06 08:40,0.165
12/20/06 08:45,0.183
12/20/06 08:50,0.199
12/20/06 08:55,0.216
12/20/06 09:00,0.228
12/20/06 09:05,0.237
12/20/06 09:10,0.246
12/20/06 09:15,0.255
12/20/06 09:20,0.264
12/20/06 09:25,0.272
12/20/06 09:30,0.281
12/20/06 09:35,0.290
12/20/06 09:40,0.301
12/20/06 09:45,0.309
12/20/06 09:50,0.316
12/20/06 09:55,0.323
12/20/06 10:00,0.326
12/20/06 10:05,0.328
12/20/06 10:10,0.329
12/20/06 10:15,0.329
12/20/06 10:20,0.328
12/20/06 10:25,0.327
12/20/06 10:30,0.325
12/20/06 10:35,0.323
12/20/06 10:40,0.320
12/20/06 10:45,0.317
12/20/06 10:50,0.312
12/20/06 10:55,0.308
12/20/06 11:00,0.307
12/20/06 11:05,0.306
12/20/06 11:10,0.305
12/20/06 11:15,0.301
12/20/06 11:20,0.295
12/20/06 11:25,0.287
12/20/06 11:30,0.278
12/20/06 11:35,0.267
12/20/06 11:40,0.251
12/20/06 11:45,0.243
12/20/06 11:50,0.236
12/20/06 11:55,0.232
12/20/06 12:00,0.235
12/20/06 12:05,0.239
12/20/06 12:10,0.241
12/20/06 12:15,0.242
12/20/06 12:20,0.242
12/20/06 12:25,0.239
12/20/06 12:30,0.235
12/20/06 12:35,0.227
12/20/06 12:40,0.219
12/20/06 12:45,0.211
12/20/06 12:50,0.202
12/20/06 12:55,0.193
12/20/06 13:00,0.186
12/20/06 13:05,0.180
12/20/06 13:10,0.177
12/20/06 13:15,0.173
12/20/06 13:20,0.171
12/20/06 13:25,0.169
12/20/06 13:30,0.165
12/20/06 13:35,0.168
12/20/06 13:40,0.165
12/20/06 13:45,0.162
12/20/06 13:50,0.160
12/20/06 13:55,0.158
12/20/06 14:00,0.150
12/20/06 14:05,0.144
12/20/06 14:10,0.162
12/20/06 14:15,0.171
12/20/06 14:20,0.171
12/20/06 14:25,0.167
12/20/06 14:30,0.161
12/20/06 14:35,0.151
12/20/06 14:40,0.152
12/20/06 14:45,0.146
12/20/06 14:50,0.138
12/20/06 14:55,0.126
12/20/06 15:00,0.114
12/20/06 15:05,0.103
12/20/06 15:10,0.090
12/20/06 15:15,0.068
12/20/06 15:20,0.028
12/20/06 15:25,0.008
12/20/06 15:30,0.001
12/20/06 15:35,0.000
12/20/06 15:40,0.000
12/20/06 15:45,0.000
12/20/06 15:50,0.000
12/20/06 15:55,0.000
12/20/06 16:00,0.000
12/20/06 16:05,0.000
12/20/06 16:10,0.000
12/20/06 16:15,0.000
12/20/06 16:20,0.000
12/20/06 16:25,0.000
12/20/06 16:30,0.000
12/20/06 16:35,0.000
12/20/06 16:40,0.000
12/20/06 16:45,0.000
12/20/06 16:50,0.000
12/20/06 16:55,0.000
12/20/06 17:00,0.000
12/20/06 17:05,0.000
12/20/06 17:10,0.000
12/20/06 17:15,0.000
12/20/06 17:20,0.000
12/20/06 17:25,0.000
12/20/06 17:30,0.000
12/20/06 17:35,0.000
12/20/06 17:40,0.000
12/20/06 17:45,0.000
12/20/06 17:50,0.000
12/20/06 17:55,0.000
12/20/06 18:00,0.000
12/20/06 18:05,0.000
12/20/06 18:10,0.000
12/20/06 18:15,0.000
12/20/06 18:20,0.000
12/20/06 18:25,0.000
12/20/06 18:30,0.000
12/20/06 18:35,0.000
12/20/06 18:40,0.000
12/20/06 18:45,0.000
12/20/06 18:50,0.000
12/20/06 18:55,0.000
12/20/06 19:00,0.000
12/20/06 19:05,0.000
12/20/06 19:10,0.000
12/20/06 19:15,0.000
12/20/06 19:20,0.000
12/20/06 19:25,0.000
12/20/06 19:30,0.000
12/20/06 19:35,0.000
12/20/06 19:40,0.000
12/20/06 19:45,0.000
12/20/06 19:50,0.000
12/20/06 19:55,0.000
12/20/06 20:00,0.000
12/20/06 20:05,0.000
12/20/06 20:10,0.000
12/20/06 20:15,0.000
12/20/06 20:20,0.000
12/20/06 20:25,0.000
12/20/06 20:30,0.000
12/20/06 20:35,0.000
12/20/06 20:40,0.000
12/20/06 20:45,0.000
12/20/06 20:50,0.000
12/20/06 20:55,0.000
12/20/06 21:00,0.000
12/20/06 21:05,0.000
12/20/06 21:10,0.000
12/20/06 21:15,0.000
12/20/06 21:20,0.000
12/20/06 21:25,0.000
12/20/06 21:30,0.000
12/20/06 21:35,0.000
12/20/06 21:40,0.000
12/20/06 21:45,0.000
12/20/06 21:50,0.000
12/20/06 21:55,0.000
12/20/06 22:00,0.000
12/20/06 22:05,0.000
12/20/06 22:10,0.000
12/20/06 22:15,0.000
12/20/06 22:20,0.000
12/20/06 22:25,0.000
12/20/06 22:30,0.000
12/20/06 22:35,0.000
12/20/06 22:40,0.000
12/20/06 22:45,0.000
12/20/06 22:50,0.000
12/20/06 22:55,0.000
12/20/06 23:00,0.000
12/20/06 23:05,0.000
12/20/06 23:10,0.000
12/20/06 23:15,0.000
12/20/06 23:20,0.000
12/20/06 23:25,0.000
12/20/06 23:30,0.000
12/20/06 23:35,0.000
12/20/06 23:40,0.000
12/20/06 23:45,0.000
12/20/06 23:50,0.000
12/20/06 23:55,0.000
12/21/06 00:00,0.000
12/21/06 00:05,0.000
12/21/06 00:10,0.000
12/21/06 00:15,0.000
12/21/06 00:20,0.000
12/21/06 00:25,0.000
12/21/06 00:30,0.000
12/21/06 00:35,0.000
12/21/06 00:40,0.000
12/21/06 00:45,0.000
12/21/06 00:50,0.000
12/21/06 00:55,0.000
12/21/06 01:00,0.000
12/21/06 01:05,0.000
12/21/06 01:10,0.000
12/21/06 01:15,0.000
12/21/06 01:20,0.000
12/21/06 01:25,0.000
12/21/06 01:30,0.000
12/21/06 01:35,0.000
12/21/06 01:40,0.000
12/21/06 01:45,0.000
12/21/06 01:50,0.000
12/21/06 01:55,0.000
12/21/06 02:00,0.000
12/21/06 02:05,0.000
12/21/06 02:10,0.000
12/21/06 02:15,0.000
12/21/06 02:20,0.000
12/21/06 02:25,0.000
12/21/06 02:30,0.000
12/21/06 02:35,0.000
12/21/06 02:40,0.000
12/21/06 02:45,0.000
12/21/06 02:50,0.000
12/21/06 02:55,0.000
12/21/06 03:00,0.000
12/21/06 03:05,0.000
12/21/06 03:10,0.000
12/21/06 03:15,0.000
12/21/06 03:20,0.000
12/21/06 03:25,0.000
12/21/06 03:30,0.000
12/21/06 03:35,0.000
12/21/06 03:40,0.000
12/21/06 03:45,0.000
12/21/06 03:50,0.000
12/21/06 03:55,0.000
12/21/06 04:00,0.000
12/21/06 04:05,0.000
12/21/06 04:10,0.000
12/21/06 04:15,0.000
12/21/06 04:20,0.000
12/21/06 04:25,0.000
12/21/06 04:30,0.000
12/21/06 04:35,0.000
12/21/06 04:40,0.000
12/21/06 04:45,0.000
12/21/06 04:50,0.000
12/21/06 04:55,0.000
12/21/06 05:00,0.000
12/21/06 05:05,0.000
12/21/06 05:10,0.000
12/21/06 05:15,0.000
12/21/06 05:20,0.000
12/21/06 05:25,0.000
12/21/06 05:30,0.000
12/21/06 05:35,0.000
12/21/06 05:40,0.000
12/21/06 05:45,0.000
12/21/06 05:50,0.000
12/21/06 05:55,0.000
12/21/06 06:00,0.000
12/21/06 06:05,0.000
12/21/06 06:10,0.000
12/21/06 06:15,0.000
12/21/06 06:20,0.000
12/21/06 06:25,0.000
12/21/06 06:30,0.000
12/21/06 06:35,0.000
12/21/06 06:40,0.000
12/21/06 06:45,0.000
12/21/06 06:50,0.000
12/21/06 06:55,0.000
12/21/06 07:00,0.000
12/21/06 07:05,0.000
12/21/06 07:10,0.000
12/21/06 07:15,0.000
12/21/06 07:20,0.000
12/21/06 07:25,0.000
12/21/06 07:30,0.000
12/21/06 07:35,0.000
12/21/06 07:40,0.000
12/21/06 07:45,0.000
12/21/06 07:50,0.000
12/21/06 07:55,0.000
12/21/06 08:00,0.000
12/21/06 08:05,0.000
12/21/06 08:10,0.011
12/21/06 08:15,0.050
12/21/06 08:20,0.090
12/21/06 08:25,0.109
12/21/06 08:30,0.128
12/21/06 08:35,0.143
12/21/06 08:40,0.161
12/21/06 08:45,0.179
12/21/06 08:50,0.196
12/21/06 08:55,0.212
12/21/06 09:00,0.222
12/21/06 09:05,0.226
12/21/06 09:10,0.226
12/21/06 09:15,0.227
12/21/06 09:20,0.217
12/21/06 09:25,0.203
12/21/06 09:30,0.189
12/21/06 09:35,0.170
12/21/06 09:40,0.152
12/21/06 09:45,0.128
12/21/06 09:50,0.112
12/21/06 09:55,0.089
12/21/06 10:00,0.047
12/21/06 10:05,0.028
12/21/06 10:10,0.021
12/21/06 10:15,0.018
12/21/06 10:20,0.018
12/21/06 10:25,0.020
12/21/06 10:30,0.026
12/21/06 10:35,0.045
12/21/06 10:40,0.062
12/21/06 10:45,0.084
12/21/06 10:50,0.089
12/21/06 10:55,0.094
12/21/06 11:00,0.091
12/21/06 11:05,0.075
12/21/06 11:10,0.027
12/21/06 11:15,0.008
12/21/06 11:20,0.005
12/21/06 11:25,0.003
12/21/06 11:30,0.001
12/21/06 11:35,0.001
12/21/06 11:40,0.001
12/21/06 11:45,0.000
12/21/06 11:50,0.001
12/21/06 11:55,0.001
12/21/06 12:00,0.001
12/21/06 12:05,0.001
12/21/06 12:10,0.001
12/21/06 12:15,0.001
12/21/06 12:20,0.001
12/21/06 12:25,0.001
12/21/06 12:30,0.001
12/21/06 12:35,0.001
12/21/06 12:40,0.001
12/21/06 12:45,0.001
12/21/06 12:50,0.001
12/21/06 12:55,0.001
12/21/06 13:00,0.001
12/21/06 13:05,0.001
12/21/06 13:10,0.001
12/21/06 13:15,0.001
12/21/06 13:20,0.001
12/21/06 13:25,0.000
12/21/06 13:30,0.000
12/21/06 13:35,0.000
12/21/06 13:40,0.000
12/21/06 13:45,0.000
12/21/06 13:50,0.000
12/21/06 13:55,0.000
12/21/06 14:00,0.000
12/21/06 14:05,0.001
12/21/06 14:10,0.002
12/21/06 14:15,0.004
12/21/06 14:20,0.006
12/21/06 14:25,0.012
12/21/06 14:30,0.028
12/21/06 14:35,0.034
12/21/06 14:40,0.036
12/21/06 14:45,0.035
12/21/06 14:50,0.043
12/21/06 14:55,0.034
12/21/06 15:00,0.005
12/21/06 15:05,0.001
12/21/06 15:10,0.000
12/21/06 15:15,0.000
12/21/06 15:20,0.000
12/21/06 15:25,0.000
12/21/06 15:30,0.000
12/21/06 15:35,0.000
12/21/06 15:40,0.000
12/21/06 15:45,0.000
12/21/06 15:50,0.000
12/21/06 15:55,0.000
12/21/06 16:00,0.000
12/21/06 16:05,0.000
12/21/06 16:10,0.000
12/21/06 16:15,0.000
12/21/06 16:20,0.000
12/21/06 16:25,0.000
12/21/06 16:30,0.000
12/21/06 16:35,0.000
12/21/06 16:40,0.000
12/21/06 16:45,0.000
12/21/06 16:50,0.000
12/21/06 16:55,0.000
12/21/06 17:00,0.000
12/21/06 17:05,0.000
12/21/06 17:10,0.000
12/21/06 17:15,0.000
12/21/06 17:20,0.000
12/21/06 17:25,0.000
12/21/06 17:30,0.000
12/21/06 17:35,0.000
12/21/06 17:40,0.000
12/21/06 17:45,0.000
12/21/06 17:50,0.000
12/21/06 17:55,0.000
12/21/06 18:00,0.000
12/21/06 18:05,0.000
12/21/06 18:10,0.000
12/21/06 18:15,0.000
12/21/06 18:20,0.000
12/21/06 18:25,0.000
12/21/06 18:30,0.000
12/21/06 18:35,0.000
12/21/06 18:40,0.000
12/21/06 18:45,0.000
12/21/06 18:50,0.000
12/21/06 18:55,0.000
12/21/06 19:00,0.000
12/21/06 19:05,0.000
12/21/06 19:10,0.000
12/21/06 19:15,0.000
12/21/06 19:20,0.000
12/21/06 19:25,0.000
12/21/06 19:30,0.000
12/21/06 19:35,0.000
12/21/06 19:40,0.000
12/21/06 19:45,0.000
12/21/06 19:50,0.000
12/21/06 19:55,0.000
12/21/06 20:00,0.000
12/21/06 20:05,0.000
12/21/06 20:10,0.000
12/21/06 20:15,0.000
12/21/06 20:20,0.000
12/21/06 20:25,0.000
12/21/06 20:30,0.000
12/21/06 20:35,0.000
12/21/06 20:40,0.000
12/21/06 20:45,0.000
12/21/06 20:50,0.000
12/21/06 20:55,0.000
12/21/06 21:00,0.000
12/21/06 21:05,0.000
12/21/06 21:10,0.000
12/21/06 21:15,0.000
12/21/06 21:20,0.000
12/21/06 21:25,0.000
12/21/06 21:30,0.000
12/21/06 21:35,0.000
12/21/06 21:40,0.000
12/21/06 21:45,0.000
12/21/06 21:50,0.000
12/21/06 21:55,0.000
12/21/06 22:00,0.000
12/21/06 22:05,0.000
12/21/06 22:10,0.000
12/21/06 22:15,0.000
12/21/06 22:20,0.000
12/21/06 22:25,0.000
12/21/06 22:30,0.000
12/21/06 22:35,0.000
12/21/06 22:40,0.000
12/21/06 22:45,0.000
12/21/06 22:50,0.000
12/21/06 22:55,0.000
12/21/06 23:00,0.000
12/21/06 23:05,0.000
12/21/06 23:10,0.000
12/21/06 23:15,0.000
12/21/06 23:20,0.000
12/21/06 23:25,0.000
12/21/06 23:30,0.000
12/21/06 23:35,0.000
12/21/06 23:40,0.000
12/21/06 23:45,0.000
12/21/06 23:50,0.000
12/21/06 23:55,0.000
12/22/06 00:00,0.000
12/22/06 00:05,0.000
12/22/06 00:10,0.000
12/22/06 00:15,0.000
12/22/06 00:20,0.000
12/22/06 00:25,0.000
12/22/06 00:30,0.000
12/22/06 00:35,0.000
12/22/06 00:40,0.000
12/22/06 00:45,0.000
12/22/06 00:50,0.000
12/22/06 00:55,0.000
12/22/06 01:00,0.000
12/22/06 01:05,0.000
12/22/06 01:10,0.000
12/22/06 01:15,0.000
12/22/06 01:20,0.000
12/22/06 01:25,0.000
12/22/06 01:30,0.000
12/22/06 01:35,0.000
12/22/06 01:40,0.000
12/22/06 01:45,0.000
12/22/06 01:50,0.000
12/22/06 01:55,0.000
12/22/06 02:00,0.000
12/22/06 02:05,0.000
12/22/06 02:10,0.000
12/22/06 02:15,0.000
12/22/06 02:20,0.000
12/22/06 02:25,0.000
12/22/06 02:30,0.000
12/22/06 02:35,0.000
12/22/06 02:40,0.000
12/22/06 02:45,0.000
12/22/06 02:50,0.000
12/22/06 02:55,0.000
12/22/06 03:00,0.000
12/22/06 03:05,0.000
12/22/06 03:10,0.000
12/22/06 03:15,0.000
12/22/06 03:20,0.000
12/22/06 03:25,0.000
12/22/06 03:30,0.000
12/22/06 03:35,0.000
12/22/06 03:40,0.000
12/22/06 03:45,0.000
12/22/06 03:50,0.000
12/22/06 03:55,0.000
12/22/06 04:00,0.000
12/22/06 04:05,0.000
12/22/06 04:10,0.000
12/22/06 04:15,0.000
12/22/06 04:20,0.000
12/22/06 04:25,0.000
12/22/06 04:30,0.000
12/22/06 04:35,0.000
12/22/06 04:40,0.000
12/22/06 04:45,0.000
12/22/06 04:50,0.000
12/22/06 04:55,0.000
12/22/06 05:00,0.000
12/22/06 05:05,0.000
12/22/06 05:10,0.000
12/22/06 05:15,0.000
12/22/06 05:20,0.000
12/22/06 05:25,0.000
12/22/06 05:30,0.000
12/22/06 05:35,0.000
12/22/06 05:40,0.000
12/22/06 05:45,0.000
12/22/06 05:50,0.000
12/22/06 05:55,0.000
12/22/06 06:00,0.000
12/22/06 06:05,0.000
12/22/06 06:10,0.000
12/22/06 06:15,0.000
12/22/06 06:20,0.000
12/22/06 06:25,0.000
12/22/06 06:30,0.000
12/22/06 06:35,0.000
12/22/06 06:40,0.000
12/22/06 06:45,0.000
12/22/06 06:50,0.000
12/22/06 06:55,0.000
12/22/06 07:00,0.000
12/22/06 07:05,0.000
12/22/06 07:10,0.000
12/22/06 07:15,0.000
12/22/06 07:20,0.000
12/22/06 07:25,0.000
12/22/06 07:30,0.000
12/22/06 07:35,0.000
12/22/06 07:40,0.000
12/22/06 07:45,0.000
12/22/06 07:50,0.000
12/22/06 07:55,0.000
12/22/06 08:00,0.000
12/22/06 08:05,0.000
12/22/06 08:10,0.004
12/22/06 08:15,0.013
12/22/06 08:20,0.035
12/22/06 08:25,0.064
12/22/06 08:30,0.085
12/22/06 08:35,0.096
12/22/06 08:40,0.106
12/22/06 08:45,0.117
12/22/06 08:50,0.126
12/22/06 08:55,0.137
12/22/06 09:00,0.147
12/22/06 09:05,0.154
12/22/06 09:10,0.157
12/22/06 09:15,0.159
12/22/06 09:20,0.162
12/22/06 09:25,0.164
12/22/06 09:30,0.166
12/22/06 09:35,0.166
12/22/06 09:40,0.160
12/22/06 09:45,0.153
12/22/06 09:50,0.139
12/22/06 09:55,0.125
12/22/06 10:00,0.108
12/22/06 10:05,0.089
12/22/06 10:10,0.073
12/22/06 10:15,0.032
12/22/06 10:20,0.013
12/22/06 10:25,0.002
12/22/06 10:30,0.001
12/22/06 10:35,0.000
12/22/06 10:40,0.000
12/22/06 10:45,0.000
12/22/06 10:50,0.000
12/22/06 10:55,0.000
12/22/06 11:00,0.000
12/22/06 11:05,0.001
12/22/06 11:10,0.001
12/22/06 11:15,0.002
12/22/06 11:20,0.002
12/22/06 11:25,0.006
12/22/06 11:30,0.012
12/22/06 11:35,0.027
12/22/06 11:40,0.034
12/22/06 11:45,0.028
12/22/06 11:50,0.023
12/22/06 11:55,0.017
12/22/06 12:00,0.008
12/22/06 12:05,0.004
12/22/06 12:10,0.002
12/22/06 12:15,0.002
12/22/06 12:20,0.002
12/22/06 12:25,0.002
12/22/06 12:30,0.001
12/22/06 12:35,0.001
12/22/06 12:40,0.001
12/22/06 12:45,0.001
12/22/06 12:50,0.001
12/22/06 12:55,0.001
12/22/06 13:00,0.001
12/22/06 13:05,0.001
12/22/06 13:10,0.001
12/22/06 13:15,0.001
12/22/06 13:20,0.001
12/22/06 13:25,0.001
12/22/06 13:30,0.001
12/22/06 13:35,0.001
12/22/06 13:40,0.000
12/22/06 13:45,0.000
12/22/06 13:50,0.000
12/22/06 13:55,0.000
12/22/06 14:00,0.000
12/22/06 14:05,0.000
12/22/06 14:10,0.000
12/22/06 14:15,0.000
12/22/06 14:20,0.000
12/22/06 14:25,0.000
12/22/06 14:30,0.000
12/22/06 14:35,0.000
12/22/06 14:40,0.000
12/22/06 14:45,0.000
12/22/06 14:50,0.000
12/22/06 14:55,0.000
12/22/06 15:00,0.000
12/22/06 15:05,0.000
12/22/06 15:10,0.000
12/22/06 15:15,0.000
12/22/06 15:20,0.000
12/22/06 15:25,0.000
12/22/06 15:30,0.000
12/22/06 15:35,0.000
12/22/06 15:40,0.000
12/22/06 15:45,0.000
12/22/06 15:50,0.000
12/22/06 15:55,0.000
12/22/06 16:00,0.000
12/22/06 16:05,0.000
12/22/06 16:10,0.000
12/22/06 16:15,0.000
12/22/06 16:20,0.000
12/22/06 16:25,0.000
12/22/06 16:30,0.000
12/22/06 16:35,0.000
12/22/06 16:40,0.000
12/22/06 16:45,0.000
12/22/06 16:50,0.000
12/22/06 16:55,0.000
12/22/06 17:00,0.000
12/22/06 17:05,0.000
12/22/06 17:10,0.000
12/22/06 17:15,0.000
12/22/06 17:20,0.000
12/22/06 17:25,0.000
12/22/06 17:30,0.000
12/22/06 17:35,0.000
12/22/06 17:40,0.000
12/22/06 17:45,0.000
12/22/06 17:50,0.000
12/22/06 17:55,0.000
12/22/06 18:00,0.000
12/22/06 18:05,0.000
12/22/06 18:10,0.000
12/22/06 18:15,0.000
12/22/06 18:20,0.000
12/22/06 18:25,0.000
12/22/06 18:30,0.000
12/22/06 18:35,0.000
12/22/06 18:40,0.000
12/22/06 18:45,0.000
12/22/06 18:50,0.000
12/22/06 18:55,0.000
12/22/06 19:00,0.000
12/22/06 19:05,0.000
12/22/06 19:10,0.000
12/22/06 19:15,0.000
12/22/06 19:20,0.000
12/22/06 19:25,0.000
12/22/06 19:30,0.000
12/22/06 19:35,0.000
12/22/06 19:40,0.000
12/22/06 19:45,0.000
12/22/06 19:50,0.000
12/22/06 19:55,0.000
12/22/06 20:00,0.000
12/22/06 20:05,0.000
12/22/06 20:10,0.000
12/22/06 20:15,0.000
12/22/06 20:20,0.000
12/22/06 20:25,0.000
12/22/06 20:30,0.000
12/22/06 20:35,0.000
12/22/06 20:40,0.000
12/22/06 20:45,0.000
12/22/06 20:50,0.000
12/22/06 20:55,0.000
12/22/06 21:00,0.000
12/22/06 21:05,0.000
12/22/06 21:10,0.000
12/22/06 21:15,0.000
12/22/06 21:20,0.000
12/22/06 21:25,0.000
12/22/06 21:30,0.000
12/22/06 21:35,0.000
12/22/06 21:40,0.000
12/22/06 21:45,0.000
12/22/06 21:50,0.000
12/22/06 21:55,0.000
12/22/06 22:00,0.000
12/22/06 22:05,0.000
12/22/06 22:10,0.000
12/22/06 22:15,0.000
12/22/06 22:20,0.000
12/22/06 22:25,0.000
12/22/06 22:30,0.000
12/22/06 22:35,0.000
12/22/06 22:40,0.000
12/22/06 22:45,0.000
12/22/06 22:50,0.000
12/22/06 22:55,0.000
12/22/06 23:00,0.000
12/22/06 23:05,0.000
12/22/06 23:10,0.000
12/22/06 23:15,0.000
12/22/06 23:20,0.000
12/22/06 23:25,0.000
12/22/06 23:30,0.000
12/22/06 23:35,0.000
12/22/06 23:40,0.000
12/22/06 23:45,0.000
12/22/06 23:50,0.000
12/22/06 23:55,0.000
12/23/06 00:00,0.000
12/23/06 00:05,0.000
12/23/06 00:10,0.000
12/23/06 00:15,0.000
12/23/06 00:20,0.000
12/23/06 00:25,0.000
12/23/06 00:30,0.000
12/23/06 00:35,0.000
12/23/06 00:40,0.000
12/23/06 00:45,0.000
12/23/06 00:50,0.000
12/23/06 00:55,0.000
12/23/06 01:00,0.000
12/23/06 01:05,0.000
12/23/06 01:10,0.000
12/23/06 01:15,0.000
12/23/06 01:20,0.000
12/23/06 01:25,0.000
12/23/06 01:30,0.000
12/23/06 01:35,0.000
12/23/06 01:40,0.000
12/23/06 01:45,0.000
12/23/06 01:50,0.000
12/23/06 01:55,0.000
12/23/06 02:00,0.000
12/23/06 02:05,0.000
12/23/06 02:10,0.000
12/23/06 02:15,0.000
12/23/06 02:20,0.000
12/23/06 02:25,0.000
12/23/06 02:30,0.000
12/23/06 02:35,0.000
12/23/06 02:40,0.000
12/23/06 02:45,0.000
12/23/06 02:50,0.000
12/23/06 02:55,0.000
12/23/06 03:00,0.000
12/23/06 03:05,0.000
12/23/06 03:10,0.000
12/23/06 03:15,0.000
12/23/06 03:20,0.000
12/23/06 03:25,0.000
12/23/06 03:30,0.000
12/23/06 03:35,0.000
12/23/06 03:40,0.000
12/23/06 03:45,0.000
12/23/06 03:50,0.000
12/23/06 03:55,0.000
12/23/06 04:00,0.000
12/23/06 04:05,0.000
12/23/06 04:10,0.000
12/23/06 04:15,0.000
12/23/06 04:20,0.000
12/23/06 04:25,0.000
12/23/06 04:30,0.000
12/23/06 04:35,0.000
12/23/06 04:40,0.000
12/23/06 04:45,0.000
12/23/06 04:50,0.000
12/23/06 04:55,0.000
12/23/06 05:00,0.000
12/23/06 05:05,0.000
12/23/06 05:10,0.000
12/23/06 05:15,0.000
12/23/06 05:20,0.000
12/23/06 05:25,0.000
12/23/06 05:30,0.000
12/23/06 05:35,0.000
12/23/06 05:40,0.000
12/23/06 05:45,0.000
12/23/06 05:50,0.000
12/23/06 05:55,0.000
12/23/06 06:00,0.000
12/23/06 06:05,0.000
12/23/06 06:10,0.000
12/23/06 06:15,0.000
12/23/06 06:20,0.000
12/23/06 06:25,0.000
12/23/06 06:30,0.000
12/23/06 06:35,0.000
12/23/06 06:40,0.000
12/23/06 06:45,0.000
12/23/06 06:50,0.000
12/23/06 06:55,0.000
12/23/06 07:00,0.000
12/23/06 07:05,0.000
12/23/06 07:10,0.000
12/23/06 07:15,0.000
12/23/06 07:20,0.000
12/23/06 07:25,0.000
12/23/06 07:30,0.000
12/23/06 07:35,0.000
12/23/06 07:40,0.000
12/23/06 07:45,0.000
12/23/06 07:50,0.000
12/23/06 07:55,0.000
12/23/06 08:00,0.000
12/23/06 08:05,0.000
12/23/06 08:10,0.000
12/23/06 08:15,0.001
12/23/06 08:20,0.002
12/23/06 08:25,0.005
12/23/06 08:30,0.009
12/23/06 08:35,0.022
12/23/06 08:40,0.034
12/23/06 08:45,0.052
12/23/06 08:50,0.073
12/23/06 08:55,0.084
12/23/06 09:00,0.091
12/23/06 09:05,0.098
12/23/06 09:10,0.105
12/23/06 09:15,0.113
12/23/06 09:20,0.121
12/23/06 09:25,0.137
12/23/06 09:30,0.146
12/23/06 09:35,0.154
12/23/06 09:40,0.163
12/23/06 09:45,0.171
12/23/06 09:50,0.178
12/23/06 09:55,0.184
12/23/06 10:00,0.144
12/23/06 10:05,0.089
12/23/06 10:10,0.021
12/23/06 10:15,0.005
12/23/06 10:20,0.002
12/23/06 10:25,0.001
12/23/06 10:30,0.001
12/23/06 10:35,0.000
12/23/06 10:40,0.000
12/23/06 10:45,0.001
12/23/06 10:50,0.001
12/23/06 10:55,0.001
12/23/06 11:00,0.021
12/23/06 11:05,0.104
12/23/06 11:10,0.149
12/23/06 11:15,0.157
12/23/06 11:20,0.162
12/23/06 11:25,0.163
12/23/06 11:30,0.133
12/23/06 11:35,0.103
12/23/06 11:40,0.031
12/23/06 11:45,0.015
12/23/06 11:50,0.020
12/23/06 11:55,0.014
12/23/06 12:00,0.007
12/23/06 12:05,0.004
12/23/06 12:10,0.003
12/23/06 12:15,0.003
12/23/06 12:20,0.003
12/23/06 12:25,0.004
12/23/06 12:30,0.005
12/23/06 12:35,0.006
12/23/06 12:40,0.006
12/23/06 12:45,0.005
12/23/06 12:50,0.004
12/23/06 12:55,0.004
12/23/06 13:00,0.009
12/23/06 13:05,0.023
12/23/06 13:10,0.070
12/23/06 13:15,0.103
12/23/06 13:20,0.131
12/23/06 13:25,0.153
12/23/06 13:30,0.181
12/23/06 13:35,0.201
12/23/06 13:40,0.223
12/23/06 13:45,0.244
12/23/06 13:50,0.262
12/23/06 13:55,0.269
12/23/06 14:00,0.262
12/23/06 14:05,0.225
12/23/06 14:10,0.196
12/23/06 14:15,0.191
12/23/06 14:20,0.186
12/23/06 14:25,0.179
12/23/06 14:30,0.171
12/23/06 14:35,0.164
12/23/06 14:40,0.156
12/23/06 14:45,0.145
12/23/06 14:50,0.127
12/23/06 14:55,0.121
12/23/06 15:00,0.122
12/23/06 15:05,0.115
12/23/06 15:10,0.101
12/23/06 15:15,0.084
12/23/06 15:20,0.037
12/23/06 15:25,0.011
12/23/06 15:30,0.002
12/23/06 15:35,0.000
12/23/06 15:40,0.000
12/23/06 15:45,0.000
12/23/06 15:50,0.000
12/23/06 15:55,0.000
12/23/06 16:00,0.000
12/23/06 16:05,0.000
12/23/06 16:10,0.000
12/23/06 16:15,0.000
12/23/06 16:20,0.000
12/23/06 16:25,0.000
12/23/06 16:30,0.000
12/23/06 16:35,0.000
12/23/06 16:40,0.000
12/23/06 16:45,0.000
12/23/06 16:50,0.000
12/23/06 16:55,0.000
12/23/06 17:00,0.000
12/23/06 17:05,0.000
12/23/06 17:10,0.000
12/23/06 17:15,0.000
12/23/06 17:20,0.000
12/23/06 17:25,0.000
12/23/06 17:30,0.000
12/23/06 17:35,0.000
12/23/06 17:40,0.000
12/23/06 17:45,0.000
12/23/06 17:50,0.000
12/23/06 17:55,0.000
12/23/06 18:00,0.000
12/23/06 18:05,0.000
12/23/06 18:10,0.000
12/23/06 18:15,0.000
12/23/06 18:20,0.000
12/23/06 18:25,0.000
12/23/06 18:30,0.000
12/23/06 18:35,0.000
12/23/06 18:40,0.000
12/23/06 18:45,0.000
12/23/06 18:50,0.000
12/23/06 18:55,0.000
12/23/06 19:00,0.000
12/23/06 19:05,0.000
12/23/06 19:10,0.000
12/23/06 19:15,0.000
12/23/06 19:20,0.000
12/23/06 19:25,0.000
12/23/06 19:30,0.000
12/23/06 19:35,0.000
12/23/06 19:40,0.000
12/23/06 19:45,0.000
12/23/06 19:50,0.000
12/23/06 19:55,0.000
12/23/06 20:00,0.000
12/23/06 20:05,0.000
12/23/06 20:10,0.000
12/23/06 20:15,0.000
12/23/06 20:20,0.000
12/23/06 20:25,0.000
12/23/06 20:30,0.000
12/23/06 20:35,0.000
12/23/06 20:40,0.000
12/23/06 20:45,0.000
12/23/06 20:50,0.000
12/23/06 20:55,0.000
12/23/06 21:00,0.000
12/23/06 21:05,0.000
12/23/06 21:10,0.000
12/23/06 21:15,0.000
12/23/06 21:20,0.000
12/23/06 21:25,0.000
12/23/06 21:30,0.000
12/23/06 21:35,0.000
12/23/06 21:40,0.000
12/23/06 21:45,0.000
12/23/06 21:50,0.000
12/23/06 21:55,0.000
12/23/06 22:00,0.000
12/23/06 22:05,0.000
12/23/06 22:10,0.000
12/23/06 22:15,0.000
12/23/06 22:20,0.000
12/23/06 22:25,0.000
12/23/06 22:30,0.000
12/23/06 22:35,0.000
12/23/06 22:40,0.000
12/23/06 22:45,0.000
12/23/06 22:50,0.000
12/23/06 22:55,0.000
12/23/06 23:00,0.000
12/23/06 23:05,0.000
12/23/06 23:10,0.000
12/23/06 23:15,0.000
12/23/06 23:20,0.000
12/23/06 23:25,0.000
12/23/06 23:30,0.000
12/23/06 23:35,0.000
12/23/06 23:40,0.000
12/23/06 23:45,0.000
12/23/06 23:50,0.000
12/23/06 23:55,0.000
12/24/06 00:00,0.000
12/24/06 00:05,0.000
12/24/06 00:10,0.000
12/24/06 00:15,0.000
12/24/06 00:20,0.000
12/24/06 00:25,0.000
12/24/06 00:30,0.000
12/24/06 00:35,0.000
12/24/06 00:40,0.000
12/24/06 00:45,0.000
12/24/06 00:50,0.000
12/24/06 00:55,0.000
12/24/06 01:00,0.000
12/24/06 01:05,0.000
12/24/06 01:10,0.000
12/24/06 01:15,0.000
12/24/06 01:20,0.000
12/24/06 01:25,0.000
12/24/06 01:30,0.000
12/24/06 01:35,0.000
12/24/06 01:40,0.000
12/24/06 01:45,0.000
12/24/06 01:50,0.000
12/24/06 01:55,0.000
12/24/06 02:00,0.000
12/24/06 02:05,0.000
12/24/06 02:10,0.000
12/24/06 02:15,0.000
12/24/06 02:20,0.000
12/24/06 02:25,0.000
12/24/06 02:30,0.000
12/24/06 02:35,0.000
12/24/06 02:40,0.000
12/24/06 02:45,0.000
12/24/06 02:50,0.000
12/24/06 02:55,0.000
12/24/06 03:00,0.000
12/24/06 03:05,0.000
12/24/06 03:10,0.000
12/24/06 03:15,0.000
12/24/06 03:20,0.000
12/24/06 03:25,0.000
12/24/06 03:30,0.000
12/24/06 03:35,0.000
12/24/06 03:40,0.000
12/24/06 03:45,0.000
12/24/06 03:50,0.000
12/24/06 03:55,0.000
12/24/06 04:00,0.000
12/24/06 04:05,0.000
12/24/06 04:10,0.000
12/24/06 04:15,0.000
12/24/06 04:20,0.000
12/24/06 04:25,0.000
12/24/06 04:30,0.000
12/24/06 04:35,0.000
12/24/06 04:40,0.000
12/24/06 04:45,0.000
12/24/06 04:50,0.000
12/24/06 04:55,0.000
12/24/06 05:00,0.000
12/24/06 05:05,0.000
12/24/06 05:10,0.000
12/24/06 05:15,0.000
12/24/06 05:20,0.000
12/24/06 05:25,0.000
12/24/06 05:30,0.000
12/24/06 05:35,0.000
12/24/06 05:40,0.000
12/24/06 05:45,0.000
12/24/06 05:50,0.000
12/24/06 05:55,0.000
12/24/06 06:00,0.000
12/24/06 06:05,0.000
12/24/06 06:10,0.000
12/24/06 06:15,0.000
12/24/06 06:20,0.000
12/24/06 06:25,0.000
12/24/06 06:30,0.000
12/24/06 06:35,0.000
12/24/06 06:40,0.000
12/24/06 06:45,0.000
12/24/06 06:50,0.000
12/24/06 06:55,0.000
12/24/06 07:00,0.000
12/24/06 07:05,0.000
12/24/06 07:10,0.000
12/24/06 07:15,0.000
12/24/06 07:20,0.000
12/24/06 07:25,0.000
12/24/06 07:30,0.000
12/24/06 07:35,0.000
12/24/06 07:40,0.000
12/24/06 07:45,0.000
12/24/06 07:50,0.000
12/24/06 07:55,0.000
12/24/06 08:00,0.000
12/24/06 08:05,0.000
12/24/06 08:10,0.002
12/24/06 08:15,0.025
12/24/06 08:20,0.075
12/24/06 08:25,0.098
12/24/06 08:30,0.117
12/24/06 08:35,0.135
12/24/06 08:40,0.152
12/24/06 08:45,0.169
12/24/06 08:50,0.186
12/24/06 08:55,0.203
12/24/06 09:00,0.213
12/24/06 09:05,0.217
12/24/06 09:10,0.214
12/24/06 09:15,0.202
12/24/06 09:20,0.184
12/24/06 09:25,0.163
12/24/06 09:30,0.136
12/24/06 09:35,0.107
12/24/06 09:40,0.073
12/24/06 09:45,0.022
12/24/06 09:50,0.009
12/24/06 09:55,0.005
12/24/06 10:00,0.014
12/24/06 10:05,0.117
12/24/06 10:10,0.182
12/24/06 10:15,0.222
12/24/06 10:20,0.254
12/24/06 10:25,0.303
12/24/06 10:30,0.315
12/24/06 10:35,0.260
12/24/06 10:40,0.224
12/24/06 10:45,0.244
12/24/06 10:50,0.256
12/24/06 10:55,0.255
12/24/06 11:00,0.259
12/24/06 11:05,0.282
12/24/06 11:10,0.311
12/24/06 11:15,0.319
12/24/06 11:20,0.303
12/24/06 11:25,0.301
12/24/06 11:30,0.292
12/24/06 11:35,0.317
12/24/06 11:40,0.341
12/24/06 11:45,0.298
12/24/06 11:50,0.251
12/24/06 11:55,0.239
12/24/06 12:00,0.271
12/24/06 12:05,0.253
12/24/06 12:10,0.242
12/24/06 12:15,0.225
12/24/06 12:20,0.242
12/24/06 12:25,0.266
12/24/06 12:30,0.273
12/24/06 12:35,0.246
12/24/06 12:40,0.197
12/24/06 12:45,0.169
12/24/06 12:50,0.203
12/24/06 12:55,0.220
12/24/06 13:00,0.252
12/24/06 13:05,0.274
12/24/06 13:10,0.286
12/24/06 13:15,0.290
12/24/06 13:20,0.290
12/24/06 13:25,0.287
12/24/06 13:30,0.280
12/24/06 13:35,0.271
12/24/06 13:40,0.262
12/24/06 13:45,0.254
12/24/06 13:50,0.245
12/24/06 13:55,0.235
12/24/06 14:00,0.231
12/24/06 14:05,0.229
12/24/06 14:10,0.224
12/24/06 14:15,0.217
12/24/06 14:20,0.210
12/24/06 14:25,0.201
12/24/06 14:30,0.195
12/24/06 14:35,0.186
12/24/06 14:40,0.179
12/24/06 14:45,0.171
12/24/06 14:50,0.160
12/24/06 14:55,0.150
12/24/06 15:00,0.137
12/24/06 15:05,0.122
12/24/06 15:10,0.103
12/24/06 15:15,0.084
12/24/06 15:20,0.038
12/24/06 15:25,0.011
12/24/06 15:30,0.002
12/24/06 15:35,0.000
12/24/06 15:40,0.000
12/24/06 15:45,0.000
12/24/06 15:50,0.000
12/24/06 15:55,0.000
12/24/06 16:00,0.000
12/24/06 16:05,0.000
12/24/06 16:10,0.000
12/24/06 16:15,0.000
12/24/06 16:20,0.000
12/24/06 16:25,0.000
12/24/06 16:30,0.000
12/24/06 16:35,0.000
12/24/06 16:40,0.000
12/24/06 16:45,0.000
12/24/06 16:50,0.000
12/24/06 16:55,0.000
12/24/06 17:00,0.000
12/24/06 17:05,0.000
12/24/06 17:10,0.000
12/24/06 17:15,0.000
12/24/06 17:20,0.000
12/24/06 17:25,0.000
12/24/06 17:30,0.000
12/24/06 17:35,0.000
12/24/06 17:40,0.000
12/24/06 17:45,0.000
12/24/06 17:50,0.000
12/24/06 17:55,0.000
12/24/06 18:00,0.000
12/24/06 18:05,0.000
12/24/06 18:10,0.000
12/24/06 18:15,0.000
12/24/06 18:20,0.000
12/24/06 18:25,0.000
12/24/06 18:30,0.000
12/24/06 18:35,0.000
12/24/06 18:40,0.000
12/24/06 18:45,0.000
12/24/06 18:50,0.000
12/24/06 18:55,0.000
12/24/06 19:00,0.000
12/24/06 19:05,0.000
12/24/06 19:10,0.000
12/24/06 19:15,0.000
12/24/06 19:20,0.000
12/24/06 19:25,0.000
12/24/06 19:30,0.000
12/24/06 19:35,0.000
12/24/06 19:40,0.000
12/24/06 19:45,0.000
12/24/06 19:50,0.000
12/24/06 19:55,0.000
12/24/06 20:00,0.000
12/24/06 20:05,0.000
12/24/06 20:10,0.000
12/24/06 20:15,0.000
12/24/06 20:20,0.000
12/24/06 20:25,0.000
12/24/06 20:30,0.000
12/24/06 20:35,0.000
12/24/06 20:40,0.000
12/24/06 20:45,0.000
12/24/06 20:50,0.000
12/24/06 20:55,0.000
12/24/06 21:00,0.000
12/24/06 21:05,0.000
12/24/06 21:10,0.000
12/24/06 21:15,0.000
12/24/06 21:20,0.000
12/24/06 21:25,0.000
12/24/06 21:30,0.000
12/24/06 21:35,0.000
12/24/06 21:40,0.000
12/24/06 21:45,0.000
12/24/06 21:50,0.000
12/24/06 21:55,0.000
12/24/06 22:00,0.000
12/24/06 22:05,0.000
12/24/06 22:10,0.000
12/24/06 22:15,0.000
12/24/06 22:20,0.000
12/24/06 22:25,0.000
12/24/06 22:30,0.000
12/24/06 22:35,0.000
12/24/06 22:40,0.000
12/24/06 22:45,0.000
12/24/06 22:50,0.000
12/24/06 22:55,0.000
12/24/06 23:00,0.000
12/24/06 23:05,0.000
12/24/06 23:10,0.000
12/24/06 23:15,0.000
12/24/06 23:20,0.000
12/24/06 23:25,0.000
12/24/06 23:30,0.000
12/24/06 23:35,0.000
12/24/06 23:40,0.000
12/24/06 23:45,0.000
12/24/06 23:50,0.000
12/24/06 23:55,0.000
12/25/06 00:00,0.000
12/25/06 00:05,0.000
12/25/06 00:10,0.000
12/25/06 00:15,0.000
12/25/06 00:20,0.000
12/25/06 00:25,0.000
12/25/06 00:30,0.000
12/25/06 00:35,0.000
12/25/06 00:40,0.000
12/25/06 00:45,0.000
12/25/06 00:50,0.000
12/25/06 00:55,0.000
12/25/06 01:00,0.000
12/25/06 01:05,0.000
12/25/06 01:10,0.000
12/25/06 01:15,0.000
12/25/06 01:20,0.000
12/25/06 01:25,0.000
12/25/06 01:30,0.000
12/25/06 01:35,0.000
12/25/06 01:40,0.000
12/25/06 01:45,0.000
12/25/06 01:50,0.000
12/25/06 01:55,0.000
12/25/06 02:00,0.000
12/25/06 02:05,0.000
12/25/06 02:10,0.000
12/25/06 02:15,0.000
12/25/06 02:20,0.000
12/25/06 02:25,0.000
12/25/06 02:30,0.000
12/25/06 02:35,0.000
12/25/06 02:40,0.000
12/25/06 02:45,0.000
12/25/06 02:50,0.000
12/25/06 02:55,0.000
12/25/06 03:00,0.000
12/25/06 03:05,0.000
12/25/06 03:10,0.000
12/25/06 03:15,0.000
12/25/06 03:20,0.000
12/25/06 03:25,0.000
12/25/06 03:30,0.000
12/25/06 03:35,0.000
12/25/06 03:40,0.000
12/25/06 03:45,0.000
12/25/06 03:50,0.000
12/25/06 03:55,0.000
12/25/06 04:00,0.000
12/25/06 04:05,0.000
12/25/06 04:10,0.000
12/25/06 04:15,0.000
12/25/06 04:20,0.000
12/25/06 04:25,0.000
12/25/06 04:30,0.000
12/25/06 04:35,0.000
12/25/06 04:40,0.000
12/25/06 04:45,0.000
12/25/06 04:50,0.000
12/25/06 04:55,0.000
12/25/06 05:00,0.000
12/25/06 05:05,0.000
12/25/06 05:10,0.000
12/25/06 05:15,0.000
12/25/06 05:20,0.000
12/25/06 05:25,0.000
12/25/06 05:30,0.000
12/25/06 05:35,0.000
12/25/06 05:40,0.000
12/25/06 05:45,0.000
12/25/06 05:50,0.000
12/25/06 05:55,0.000
12/25/06 06:00,0.000
12/25/06 06:05,0.000
12/25/06 06:10,0.000
12/25/06 06:15,0.000
12/25/06 06:20,0.000
12/25/06 06:25,0.000
12/25/06 06:30,0.000
12/25/06 06:35,0.000
12/25/06 06:40,0.000
12/25/06 06:45,0.000
12/25/06 06:50,0.000
12/25/06 06:55,0.000
12/25/06 07:00,0.000
12/25/06 07:05,0.000
12/25/06 07:10,0.000
12/25/06 07:15,0.000
12/25/06 07:20,0.000
12/25/06 07:25,0.000
12/25/06 07:30,0.000
12/25/06 07:35,0.000
12/25/06 07:40,0.000
12/25/06 07:45,0.000
12/25/06 07:50,0.000
12/25/06 07:55,0.000
12/25/06 08:00,0.000
12/25/06 08:05,0.000
12/25/06 08:10,0.000
12/25/06 08:15,0.000
12/25/06 08:20,0.001
12/25/06 08:25,0.003
12/25/06 08:30,0.005
12/25/06 08:35,0.008
12/25/06 08:40,0.013
12/25/06 08:45,0.019
12/25/06 08:50,0.028
12/25/06 08:55,0.041
12/25/06 09:00,0.055
12/25/06 09:05,0.085
12/25/06 09:10,0.109
12/25/06 09:15,0.128
12/25/06 09:20,0.114
12/25/06 09:25,0.132
12/25/06 09:30,0.161
12/25/06 09:35,0.184
12/25/06 09:40,0.192
12/25/06 09:45,0.192
12/25/06 09:50,0.189
12/25/06 09:55,0.190
12/25/06 10:00,0.147
12/25/06 10:05,0.110
12/25/06 10:10,0.101
12/25/06 10:15,0.131
12/25/06 10:20,0.189
12/25/06 10:25,0.174
12/25/06 10:30,0.156
12/25/06 10:35,0.149
12/25/06 10:40,0.141
12/25/06 10:45,0.143
12/25/06 10:50,0.130
12/25/06 10:55,0.130
12/25/06 11:00,0.100
12/25/06 11:05,0.060
12/25/06 11:10,0.018
12/25/06 11:15,0.007
12/25/06 11:20,0.004
12/25/06 11:25,0.004
12/25/06 11:30,0.004
12/25/06 11:35,0.004
12/25/06 11:40,0.003
12/25/06 11:45,0.003
12/25/06 11:50,0.004
12/25/06 11:55,0.003
12/25/06 12:00,0.003
12/25/06 12:05,0.002
12/25/06 12:10,0.001
12/25/06 12:15,0.001
12/25/06 12:20,0.001
12/25/06 12:25,0.001
12/25/06 12:30,0.001
12/25/06 12:35,0.001
12/25/06 12:40,0.001
12/25/06 12:45,0.002
12/25/06 12:50,0.003
12/25/06 12:55,0.005
12/25/06 13:00,0.007
12/25/06 13:05,0.009
12/25/06 13:10,0.008
12/25/06 13:15,0.005
12/25/06 13:20,0.004
12/25/06 13:25,0.004
12/25/06 13:30,0.004
12/25/06 13:35,0.003
12/25/06 13:40,0.003
12/25/06 13:45,0.002
12/25/06 13:50,0.002
12/25/06 13:55,0.002
12/25/06 14:00,0.001
12/25/06 14:05,0.001
12/25/06 14:10,0.000
12/25/06 14:15,0.001
12/25/06 14:20,0.001
12/25/06 14:25,0.001
12/25/06 14:30,0.002
12/25/06 14:35,0.003
12/25/06 14:40,0.007
12/25/06 14:45,0.015
12/25/06 14:50,0.028
12/25/06 14:55,0.037
12/25/06 15:00,0.060
12/25/06 15:05,0.052
12/25/06 15:10,0.034
12/25/06 15:15,0.016
12/25/06 15:20,0.003
12/25/06 15:25,0.000
12/25/06 15:30,0.000
12/25/06 15:35,0.000
12/25/06 15:40,0.000
12/25/06 15:45,0.000
12/25/06 15:50,0.000
12/25/06 15:55,0.000
12/25/06 16:00,0.000
12/25/06 16:05,0.000
12/25/06 16:10,0.000
12/25/06 16:15,0.000
12/25/06 16:20,0.000
12/25/06 16:25,0.000
12/25/06 16:30,0.000
12/25/06 16:35,0.000
12/25/06 16:40,0.000
12/25/06 16:45,0.000
12/25/06 16:50,0.000
12/25/06 16:55,0.000
12/25/06 17:00,0.000
12/25/06 17:05,0.000
12/25/06 17:10,0.000
12/25/06 17:15,0.000
12/25/06 17:20,0.000
12/25/06 17:25,0.000
12/25/06 17:30,0.000
12/25/06 17:35,0.000
12/25/06 17:40,0.000
12/25/06 17:45,0.000
12/25/06 17:50,0.000
12/25/06 17:55,0.000
12/25/06 18:00,0.000
12/25/06 18:05,0.000
12/25/06 18:10,0.000
12/25/06 18:15,0.000
12/25/06 18:20,0.000
12/25/06 18:25,0.000
12/25/06 18:30,0.000
12/25/06 18:35,0.000
12/25/06 18:40,0.000
12/25/06 18:45,0.000
12/25/06 18:50,0.000
12/25/06 18:55,0.000
12/25/06 19:00,0.000
12/25/06 19:05,0.000
12/25/06 19:10,0.000
12/25/06 19:15,0.000
12/25/06 19:20,0.000
12/25/06 19:25,0.000
12/25/06 19:30,0.000
12/25/06 19:35,0.000
12/25/06 19:40,0.000
12/25/06 19:45,0.000
12/25/06 19:50,0.000
12/25/06 19:55,0.000
12/25/06 20:00,0.000
12/25/06 20:05,0.000
12/25/06 20:10,0.000
12/25/06 20:15,0.000
12/25/06 20:20,0.000
12/25/06 20:25,0.000
12/25/06 20:30,0.000
12/25/06 20:35,0.000
12/25/06 20:40,0.000
12/25/06 20:45,0.000
12/25/06 20:50,0.000
12/25/06 20:55,0.000
12/25/06 21:00,0.000
12/25/06 21:05,0.000
12/25/06 21:10,0.000
12/25/06 21:15,0.000
12/25/06 21:20,0.000
12/25/06 21:25,0.000
12/25/06 21:30,0.000
12/25/06 21:35,0.000
12/25/06 21:40,0.000
12/25/06 21:45,0.000
12/25/06 21:50,0.000
12/25/06 21:55,0.000
12/25/06 22:00,0.000
12/25/06 22:05,0.000
12/25/06 22:10,0.000
12/25/06 22:15,0.000
12/25/06 22:20,0.000
12/25/06 22:25,0.000
12/25/06 22:30,0.000
12/25/06 22:35,0.000
12/25/06 22:40,0.000
12/25/06 22:45,0.000
12/25/06 22:50,0.000
12/25/06 22:55,0.000
12/25/06 23:00,0.000
12/25/06 23:05,0.000
12/25/06 23:10,0.000
12/25/06 23:15,0.000
12/25/06 23:20,0.000
12/25/06 23:25,0.000
12/25/06 23:30,0.000
12/25/06 23:35,0.000
12/25/06 23:40,0.000
12/25/06 23:45,0.000
12/25/06 23:50,0.000
12/25/06 23:55,0.000
12/26/06 00:00,0.000
12/26/06 00:05,0.000
12/26/06 00:10,0.000
12/26/06 00:15,0.000
12/26/06 00:20,0.000
12/26/06 00:25,0.000
12/26/06 00:30,0.000
12/26/06 00:35,0.000
12/26/06 00:40,0.000
12/26/06 00:45,0.000
12/26/06 00:50,0.000
12/26/06 00:55,0.000
12/26/06 01:00,0.000
12/26/06 01:05,0.000
12/26/06 01:10,0.000
12/26/06 01:15,0.000
12/26/06 01:20,0.000
12/26/06 01:25,0.000
12/26/06 01:30,0.000
12/26/06 01:35,0.000
12/26/06 01:40,0.000
12/26/06 01:45,0.000
12/26/06 01:50,0.000
12/26/06 01:55,0.000
12/26/06 02:00,0.000
12/26/06 02:05,0.000
12/26/06 02:10,0.000
12/26/06 02:15,0.000
12/26/06 02:20,0.000
12/26/06 02:25,0.000
12/26/06 02:30,0.000
12/26/06 02:35,0.000
12/26/06 02:40,0.000
12/26/06 02:45,0.000
12/26/06 02:50,0.000
12/26/06 02:55,0.000
12/26/06 03:00,0.000
12/26/06 03:05,0.000
12/26/06 03:10,0.000
12/26/06 03:15,0.000
12/26/06 03:20,0.000
12/26/06 03:25,0.000
12/26/06 03:30,0.000
12/26/06 03:35,0.000
12/26/06 03:40,0.000
12/26/06 03:45,0.000
12/26/06 03:50,0.000
12/26/06 03:55,0.000
12/26/06 04:00,0.000
12/26/06 04:05,0.000
12/26/06 04:10,0.000
12/26/06 04:15,0.000
12/26/06 04:20,0.000
12/26/06 04:25,0.000
12/26/06 04:30,0.000
12/26/06 04:35,0.000
12/26/06 04:40,0.000
12/26/06 04:45,0.000
12/26/06 04:50,0.000
12/26/06 04:55,0.000
12/26/06 05:00,0.000
12/26/06 05:05,0.000
12/26/06 05:10,0.000
12/26/06 05:15,0.000
12/26/06 05:20,0.000
12/26/06 05:25,0.000
12/26/06 05:30,0.000
12/26/06 05:35,0.000
12/26/06 05:40,0.000
12/26/06 05:45,0.000
12/26/06 05:50,0.000
12/26/06 05:55,0.000
12/26/06 06:00,0.000
12/26/06 06:05,0.000
12/26/06 06:10,0.000
12/26/06 06:15,0.000
12/26/06 06:20,0.000
12/26/06 06:25,0.000
12/26/06 06:30,0.000
12/26/06 06:35,0.000
12/26/06 06:40,0.000
12/26/06 06:45,0.000
12/26/06 06:50,0.000
12/26/06 06:55,0.000
12/26/06 07:00,0.000
12/26/06 07:05,0.000
12/26/06 07:10,0.000
12/26/06 07:15,0.000
12/26/06 07:20,0.000
12/26/06 07:25,0.000
12/26/06 07:30,0.000
12/26/06 07:35,0.000
12/26/06 07:40,0.000
12/26/06 07:45,0.000
12/26/06 07:50,0.000
12/26/06 07:55,0.000
12/26/06 08:00,0.000
12/26/06 08:05,0.000
12/26/06 08:10,0.001
12/26/06 08:15,0.014
12/26/06 08:20,0.062
12/26/06 08:25,0.092
12/26/06 08:30,0.108
12/26/06 08:35,0.126
12/26/06 08:40,0.143
12/26/06 08:45,0.159
12/26/06 08:50,0.175
12/26/06 08:55,0.191
12/26/06 09:00,0.190
12/26/06 09:05,0.154
12/26/06 09:10,0.120
12/26/06 09:15,0.090
12/26/06 09:20,0.058
12/26/06 09:25,0.024
12/26/06 09:30,0.007
12/26/06 09:35,0.002
12/26/06 09:40,0.003
12/26/06 09:45,0.064
12/26/06 09:50,0.114
12/26/06 09:55,0.147
12/26/06 10:00,0.151
12/26/06 10:05,0.147
12/26/06 10:10,0.142
12/26/06 10:15,0.139
12/26/06 10:20,0.135
12/26/06 10:25,0.120
12/26/06 10:30,0.110
12/26/06 10:35,0.099
12/26/06 10:40,0.079
12/26/06 10:45,0.035
12/26/06 10:50,0.021
12/26/06 10:55,0.010
12/26/06 11:00,0.007
12/26/06 11:05,0.005
12/26/06 11:10,0.005
12/26/06 11:15,0.004
12/26/06 11:20,0.004
12/26/06 11:25,0.003
12/26/06 11:30,0.002
12/26/06 11:35,0.004
12/26/06 11:40,0.005
12/26/06 11:45,0.004
12/26/06 11:50,0.003
12/26/06 11:55,0.003
12/26/06 12:00,0.006
12/26/06 12:05,0.009
12/26/06 12:10,0.012
12/26/06 12:15,0.014
12/26/06 12:20,0.022
12/26/06 12:25,0.024
12/26/06 12:30,0.023
12/26/06 12:35,0.035
12/26/06 12:40,0.048
12/26/06 12:45,0.059
12/26/06 12:50,0.084
12/26/06 12:55,0.088
12/26/06 13:00,0.080
12/26/06 13:05,0.043
12/26/06 13:10,0.018
12/26/06 13:15,0.009
12/26/06 13:20,0.008
12/26/06 13:25,0.009
12/26/06 13:30,0.009
12/26/06 13:35,0.008
12/26/06 13:40,0.006
12/26/06 13:45,0.005
12/26/06 13:50,0.004
12/26/06 13:55,0.002
12/26/06 14:00,0.001
12/26/06 14:05,0.001
12/26/06 14:10,0.002
12/26/06 14:15,0.008
12/26/06 14:20,0.028
12/26/06 14:25,0.047
12/26/06 14:30,0.060
12/26/06 14:35,0.090
12/26/06 14:40,0.110
12/26/06 14:45,0.117
12/26/06 14:50,0.096
12/26/06 14:55,0.077
12/26/06 15:00,0.092
12/26/06 15:05,0.095
12/26/06 15:10,0.090
12/26/06 15:15,0.078
12/26/06 15:20,0.037
12/26/06 15:25,0.011
12/26/06 15:30,0.002
12/26/06 15:35,0.000
12/26/06 15:40,0.000
12/26/06 15:45,0.000
12/26/06 15:50,0.000
12/26/06 15:55,0.000
12/26/06 16:00,0.000
12/26/06 16:05,0.000
12/26/06 16:10,0.000
12/26/06 16:15,0.000
12/26/06 16:20,0.000
12/26/06 16:25,0.000
12/26/06 16:30,0.000
12/26/06 16:35,0.000
12/26/06 16:40,0.000
12/26/06 16:45,0.000
12/26/06 16:50,0.000
12/26/06 16:55,0.000
12/26/06 17:00,0.000
12/26/06 17:05,0.000
12/26/06 17:10,0.000
12/26/06 17:15,0.000
12/26/06 17:20,0.000
12/26/06 17:25,0.000
12/26/06 17:30,0.000
12/26/06 17:35,0.000
12/26/06 17:40,0.000
12/26/06 17:45,0.000
12/26/06 17:50,0.000
12/26/06 17:55,0.000
12/26/06 18:00,0.000
12/26/06 18:05,0.000
12/26/06 18:10,0.000
12/26/06 18:15,0.000
12/26/06 18:20,0.000
12/26/06 18:25,0.000
12/26/06 18:30,0.000
12/26/06 18:35,0.000
12/26/06 18:40,0.000
12/26/06 18:45,0.000
12/26/06 18:50,0.000
12/26/06 18:55,0.000
12/26/06 19:00,0.000
12/26/06 19:05,0.000
12/26/06 19:10,0.000
12/26/06 19:15,0.000
12/26/06 19:20,0.000
12/26/06 19:25,0.000
12/26/06 19:30,0.000
12/26/06 19:35,0.000
12/26/06 19:40,0.000
12/26/06 19:45,0.000
12/26/06 19:50,0.000
12/26/06 19:55,0.000
12/26/06 20:00,0.000
12/26/06 20:05,0.000
12/26/06 20:10,0.000
12/26/06 20:15,0.000
12/26/06 20:20,0.000
12/26/06 20:25,0.000
12/26/06 20:30,0.000
12/26/06 20:35,0.000
12/26/06 20:40,0.000
12/26/06 20:45,0.000
12/26/06 20:50,0.000
12/26/06 20:55,0.000
12/26/06 21:00,0.000
12/26/06 21:05,0.000
12/26/06 21:10,0.000
12/26/06 21:15,0.000
12/26/06 21:20,0.000
12/26/06 21:25,0.000
12/26/06 21:30,0.000
12/26/06 21:35,0.000
12/26/06 21:40,0.000
12/26/06 21:45,0.000
12/26/06 21:50,0.000
12/26/06 21:55,0.000
12/26/06 22:00,0.000
12/26/06 22:05,0.000
12/26/06 22:10,0.000
12/26/06 22:15,0.000
12/26/06 22:20,0.000
12/26/06 22:25,0.000
12/26/06 22:30,0.000
12/26/06 22:35,0.000
12/26/06 22:40,0.000
12/26/06 22:45,0.000
12/26/06 22:50,0.000
12/26/06 22:55,0.000
12/26/06 23:00,0.000
12/26/06 23:05,0.000
12/26/06 23:10,0.000
12/26/06 23:15,0.000
12/26/06 23:20,0.000
12/26/06 23:25,0.000
12/26/06 23:30,0.000
12/26/06 23:35,0.000
12/26/06 23:40,0.000
12/26/06 23:45,0.000
12/26/06 23:50,0.000
12/26/06 23:55,0.000
12/27/06 00:00,0.000
12/27/06 00:05,0.000
12/27/06 00:10,0.000
12/27/06 00:15,0.000
12/27/06 00:20,0.000
12/27/06 00:25,0.000
12/27/06 00:30,0.000
12/27/06 00:35,0.000
12/27/06 00:40,0.000
12/27/06 00:45,0.000
12/27/06 00:50,0.000
12/27/06 00:55,0.000
12/27/06 01:00,0.000
12/27/06 01:05,0.000
12/27/06 01:10,0.000
12/27/06 01:15,0.000
12/27/06 01:20,0.000
12/27/06 01:25,0.000
12/27/06 01:30,0.000
12/27/06 01:35,0.000
12/27/06 01:40,0.000
12/27/06 01:45,0.000
12/27/06 01:50,0.000
12/27/06 01:55,0.000
12/27/06 02:00,0.000
12/27/06 02:05,0.000
12/27/06 02:10,0.000
12/27/06 02:15,0.000
12/27/06 02:20,0.000
12/27/06 02:25,0.000
12/27/06 02:30,0.000
12/27/06 02:35,0.000
12/27/06 02:40,0.000
12/27/06 02:45,0.000
12/27/06 02:50,0.000
12/27/06 02:55,0.000
12/27/06 03:00,0.000
12/27/06 03:05,0.000
12/27/06 03:10,0.000
12/27/06 03:15,0.000
12/27/06 03:20,0.000
12/27/06 03:25,0.000
12/27/06 03:30,0.000
12/27/06 03:35,0.000
12/27/06 03:40,0.000
12/27/06 03:45,0.000
12/27/06 03:50,0.000
12/27/06 03:55,0.000
12/27/06 04:00,0.000
12/27/06 04:05,0.000
12/27/06 04:10,0.000
12/27/06 04:15,0.000
12/27/06 04:20,0.000
12/27/06 04:25,0.000
12/27/06 04:30,0.000
12/27/06 04:35,0.000
12/27/06 04:40,0.000
12/27/06 04:45,0.000
12/27/06 04:50,0.000
12/27/06 04:55,0.000
12/27/06 05:00,0.000
12/27/06 05:05,0.000
12/27/06 05:10,0.000
12/27/06 05:15,0.000
12/27/06 05:20,0.000
12/27/06 05:25,0.000
12/27/06 05:30,0.000
12/27/06 05:35,0.000
12/27/06 05:40,0.000
12/27/06 05:45,0.000
12/27/06 05:50,0.000
12/27/06 05:55,0.000
12/27/06 06:00,0.000
12/27/06 06:05,0.000
12/27/06 06:10,0.000
12/27/06 06:15,0.000
12/27/06 06:20,0.000
12/27/06 06:25,0.000
12/27/06 06:30,0.000
12/27/06 06:35,0.000
12/27/06 06:40,0.000
12/27/06 06:45,0.000
12/27/06 06:50,0.000
12/27/06 06:55,0.000
12/27/06 07:00,0.000
12/27/06 07:05,0.000
12/27/06 07:10,0.000
12/27/06 07:15,0.000
12/27/06 07:20,0.000
12/27/06 07:25,0.000
12/27/06 07:30,0.000
12/27/06 07:35,0.000
12/27/06 07:40,0.000
12/27/06 07:45,0.000
12/27/06 07:50,0.000
12/27/06 07:55,0.000
12/27/06 08:00,0.000
12/27/06 08:05,0.000
12/27/06 08:10,0.001
12/27/06 08:15,0.010
12/27/06 08:20,0.035
12/27/06 08:25,0.083
12/27/06 08:30,0.098
12/27/06 08:35,0.114
12/27/06 08:40,0.130
12/27/06 08:45,0.145
12/27/06 08:50,0.160
12/27/06 08:55,0.175
12/27/06 09:00,0.182
12/27/06 09:05,0.177
12/27/06 09:10,0.163
12/27/06 09:15,0.147
12/27/06 09:20,0.138
12/27/06 09:25,0.131
12/27/06 09:30,0.118
12/27/06 09:35,0.113
12/27/06 09:40,0.111
12/27/06 09:45,0.101
12/27/06 09:50,0.094
12/27/06 09:55,0.086
12/27/06 10:00,0.141
12/27/06 10:05,0.185
12/27/06 10:10,0.210
12/27/06 10:15,0.235
12/27/06 10:20,0.247
12/27/06 10:25,0.255
12/27/06 10:30,0.262
12/27/06 10:35,0.262
12/27/06 10:40,0.260
12/27/06 10:45,0.258
12/27/06 10:50,0.251
12/27/06 10:55,0.242
12/27/06 11:00,0.238
12/27/06 11:05,0.232
12/27/06 11:10,0.225
12/27/06 11:15,0.214
12/27/06 11:20,0.201
12/27/06 11:25,0.188
12/27/06 11:30,0.172
12/27/06 11:35,0.155
12/27/06 11:40,0.139
12/27/06 11:45,0.116
12/27/06 11:50,0.100
12/27/06 11:55,0.085
12/27/06 12:00,0.075
12/27/06 12:05,0.055
12/27/06 12:10,0.049
12/27/06 12:15,0.043
12/27/06 12:20,0.037
12/27/06 12:25,0.034
12/27/06 12:30,0.028
12/27/06 12:35,0.018
12/27/06 12:40,0.016
12/27/06 12:45,0.013
12/27/06 12:50,0.009
12/27/06 12:55,0.005
12/27/06 13:00,0.004
12/27/06 13:05,0.109
12/27/06 13:10,0.193
12/27/06 13:15,0.252
12/27/06 13:20,0.281
12/27/06 13:25,0.291
12/27/06 13:30,0.291
12/27/06 13:35,0.287
12/27/06 13:40,0.278
12/27/06 13:45,0.248
12/27/06 13:50,0.160
12/27/06 13:55,0.094
12/27/06 14:00,0.069
12/27/06 14:05,0.064
12/27/06 14:10,0.088
12/27/06 14:15,0.110
12/27/06 14:20,0.063
12/27/06 14:25,0.007
12/27/06 14:30,0.007
12/27/06 14:35,0.083
12/27/06 14:40,0.117
12/27/06 14:45,0.120
12/27/06 14:50,0.074
12/27/06 14:55,0.009
12/27/06 15:00,0.004
12/27/06 15:05,0.002
12/27/06 15:10,0.000
12/27/06 15:15,0.000
12/27/06 15:20,0.000
12/27/06 15:25,0.000
12/27/06 15:30,0.000
12/27/06 15:35,0.000
12/27/06 15:40,0.000
12/27/06 15:45,0.000
12/27/06 15:50,0.000
12/27/06 15:55,0.000
12/27/06 16:00,0.000
12/27/06 16:05,0.000
12/27/06 16:10,0.000
12/27/06 16:15,0.000
12/27/06 16:20,0.000
12/27/06 16:25,0.000
12/27/06 16:30,0.000
12/27/06 16:35,0.000
12/27/06 16:40,0.000
12/27/06 16:45,0.000
12/27/06 16:50,0.000
12/27/06 16:55,0.000
12/27/06 17:00,0.000
12/27/06 17:05,0.000
12/27/06 17:10,0.000
12/27/06 17:15,0.000
12/27/06 17:20,0.000
12/27/06 17:25,0.000
12/27/06 17:30,0.000
12/27/06 17:35,0.000
12/27/06 17:40,0.000
12/27/06 17:45,0.000
12/27/06 17:50,0.000
12/27/06 17:55,0.000
12/27/06 18:00,0.000
12/27/06 18:05,0.000
12/27/06 18:10,0.000
12/27/06 18:15,0.000
12/27/06 18:20,0.000
12/27/06 18:25,0.000
12/27/06 18:30,0.000
12/27/06 18:35,0.000
12/27/06 18:40,0.000
12/27/06 18:45,0.000
12/27/06 18:50,0.000
12/27/06 18:55,0.000
12/27/06 19:00,0.000
12/27/06 19:05,0.000
12/27/06 19:10,0.000
12/27/06 19:15,0.000
12/27/06 19:20,0.000
12/27/06 19:25,0.000
12/27/06 19:30,0.000
12/27/06 19:35,0.000
12/27/06 19:40,0.000
12/27/06 19:45,0.000
12/27/06 19:50,0.000
12/27/06 19:55,0.000
12/27/06 20:00,0.000
12/27/06 20:05,0.000
12/27/06 20:10,0.000
12/27/06 20:15,0.000
12/27/06 20:20,0.000
12/27/06 20:25,0.000
12/27/06 20:30,0.000
12/27/06 20:35,0.000
12/27/06 20:40,0.000
12/27/06 20:45,0.000
12/27/06 20:50,0.000
12/27/06 20:55,0.000
12/27/06 21:00,0.000
12/27/06 21:05,0.000
12/27/06 21:10,0.000
12/27/06 21:15,0.000
12/27/06 21:20,0.000
12/27/06 21:25,0.000
12/27/06 21:30,0.000
12/27/06 21:35,0.000
12/27/06 21:40,0.000
12/27/06 21:45,0.000
12/27/06 21:50,0.000
12/27/06 21:55,0.000
12/27/06 22:00,0.000
12/27/06 22:05,0.000
12/27/06 22:10,0.000
12/27/06 22:15,0.000
12/27/06 22:20,0.000
12/27/06 22:25,0.000
12/27/06 22:30,0.000
12/27/06 22:35,0.000
12/27/06 22:40,0.000
12/27/06 22:45,0.000
12/27/06 22:50,0.000
12/27/06 22:55,0.000
12/27/06 23:00,0.000
12/27/06 23:05,0.000
12/27/06 23:10,0.000
12/27/06 23:15,0.000
12/27/06 23:20,0.000
12/27/06 23:25,0.000
12/27/06 23:30,0.000
12/27/06 23:35,0.000
12/27/06 23:40,0.000
12/27/06 23:45,0.000
12/27/06 23:50,0.000
12/27/06 23:55,0.000
12/28/06 00:00,0.000
12/28/06 00:05,0.000
12/28/06 00:10,0.000
12/28/06 00:15,0.000
12/28/06 00:20,0.000
12/28/06 00:25,0.000
12/28/06 00:30,0.000
12/28/06 00:35,0.000
12/28/06 00:40,0.000
12/28/06 00:45,0.000
12/28/06 00:50,0.000
12/28/06 00:55,0.000
12/28/06 01:00,0.000
12/28/06 01:05,0.000
12/28/06 01:10,0.000
12/28/06 01:15,0.000
12/28/06 01:20,0.000
12/28/06 01:25,0.000
12/28/06 01:30,0.000
12/28/06 01:35,0.000
12/28/06 01:40,0.000
12/28/06 01:45,0.000
12/28/06 01:50,0.000
12/28/06 01:55,0.000
12/28/06 02:00,0.000
12/28/06 02:05,0.000
12/28/06 02:10,0.000
12/28/06 02:15,0.000
12/28/06 02:20,0.000
12/28/06 02:25,0.000
12/28/06 02:30,0.000
12/28/06 02:35,0.000
12/28/06 02:40,0.000
12/28/06 02:45,0.000
12/28/06 02:50,0.000
12/28/06 02:55,0.000
12/28/06 03:00,0.000
12/28/06 03:05,0.000
12/28/06 03:10,0.000
12/28/06 03:15,0.000
12/28/06 03:20,0.000
12/28/06 03:25,0.000
12/28/06 03:30,0.000
12/28/06 03:35,0.000
12/28/06 03:40,0.000
12/28/06 03:45,0.000
12/28/06 03:50,0.000
12/28/06 03:55,0.000
12/28/06 04:00,0.000
12/28/06 04:05,0.000
12/28/06 04:10,0.000
12/28/06 04:15,0.000
12/28/06 04:20,0.000
12/28/06 04:25,0.000
12/28/06 04:30,0.000
12/28/06 04:35,0.000
12/28/06 04:40,0.000
12/28/06 04:45,0.000
12/28/06 04:50,0.000
12/28/06 04:55,0.000
12/28/06 05:00,0.000
12/28/06 05:05,0.000
12/28/06 05:10,0.000
12/28/06 05:15,0.000
12/28/06 05:20,0.000
12/28/06 05:25,0.000
12/28/06 05:30,0.000
12/28/06 05:35,0.000
12/28/06 05:40,0.000
12/28/06 05:45,0.000
12/28/06 05:50,0.000
12/28/06 05:55,0.000
12/28/06 06:00,0.000
12/28/06 06:05,0.000
12/28/06 06:10,0.000
12/28/06 06:15,0.000
12/28/06 06:20,0.000
12/28/06 06:25,0.000
12/28/06 06:30,0.000
12/28/06 06:35,0.000
12/28/06 06:40,0.000
12/28/06 06:45,0.000
12/28/06 06:50,0.000
12/28/06 06:55,0.000
12/28/06 07:00,0.000
12/28/06 07:05,0.000
12/28/06 07:10,0.000
12/28/06 07:15,0.000
12/28/06 07:20,0.000
12/28/06 07:25,0.000
12/28/06 07:30,0.000
12/28/06 07:35,0.000
12/28/06 07:40,0.000
12/28/06 07:45,0.000
12/28/06 07:50,0.000
12/28/06 07:55,0.000
12/28/06 08:00,0.000
12/28/06 08:05,0.000
12/28/06 08:10,0.010
12/28/06 08:15,0.040
12/28/06 08:20,0.084
12/28/06 08:25,0.099
12/28/06 08:30,0.115
12/28/06 08:35,0.130
12/28/06 08:40,0.146
12/28/06 08:45,0.160
12/28/06 08:50,0.175
12/28/06 08:55,0.189
12/28/06 09:00,0.200
12/28/06 09:05,0.211
12/28/06 09:10,0.221
12/28/06 09:15,0.227
12/28/06 09:20,0.234
12/28/06 09:25,0.240
12/28/06 09:30,0.247
12/28/06 09:35,0.254
12/28/06 09:40,0.260
12/28/06 09:45,0.265
12/28/06 09:50,0.268
12/28/06 09:55,0.271
12/28/06 10:00,0.274
12/28/06 10:05,0.279
12/28/06 10:10,0.283
12/28/06 10:15,0.288
12/28/06 10:20,0.292
12/28/06 10:25,0.297
12/28/06 10:30,0.301
12/28/06 10:35,0.304
12/28/06 10:40,0.307
12/28/06 10:45,0.310
12/28/06 10:50,0.312
12/28/06 10:55,0.315
12/28/06 11:00,0.316
12/28/06 11:05,0.317
12/28/06 11:10,0.318
12/28/06 11:15,0.319
12/28/06 11:20,0.319
12/28/06 11:25,0.318
12/28/06 11:30,0.317
12/28/06 11:35,0.315
12/28/06 11:40,0.313
12/28/06 11:45,0.312
12/28/06 11:50,0.310
12/28/06 11:55,0.308
12/28/06 12:00,0.309
12/28/06 12:05,0.308
12/28/06 12:10,0.308
12/28/06 12:15,0.307
12/28/06 12:20,0.306
12/28/06 12:25,0.305
12/28/06 12:30,0.304
12/28/06 12:35,0.303
12/28/06 12:40,0.301
12/28/06 12:45,0.298
12/28/06 12:50,0.295
12/28/06 12:55,0.292
12/28/06 13:00,0.289
12/28/06 13:05,0.285
12/28/06 13:10,0.281
12/28/06 13:15,0.276
12/28/06 13:20,0.271
12/28/06 13:25,0.265
12/28/06 13:30,0.259
12/28/06 13:35,0.253
12/28/06 13:40,0.246
12/28/06 13:45,0.239
12/28/06 13:50,0.232
12/28/06 13:55,0.225
12/28/06 14:00,0.220
12/28/06 14:05,0.215
12/28/06 14:10,0.208
12/28/06 14:15,0.202
12/28/06 14:20,0.195
12/28/06 14:25,0.186
12/28/06 14:30,0.177
12/28/06 14:35,0.169
12/28/06 14:40,0.160
12/28/06 14:45,0.152
12/28/06 14:50,0.143
12/28/06 14:55,0.133
12/28/06 15:00,0.123
12/28/06 15:05,0.112
12/28/06 15:10,0.101
12/28/06 15:15,0.090
12/28/06 15:20,0.074
12/28/06 15:25,0.039
12/28/06 15:30,0.018
12/28/06 15:35,0.007
12/28/06 15:40,0.001
12/28/06 15:45,0.000
12/28/06 15:50,0.000
12/28/06 15:55,0.000
12/28/06 16:00,0.000
12/28/06 16:05,0.000
12/28/06 16:10,0.000
12/28/06 16:15,0.000
12/28/06 16:20,0.000
12/28/06 16:25,0.000
12/28/06 16:30,0.000
12/28/06 16:35,0.000
12/28/06 16:40,0.000
12/28/06 16:45,0.000
12/28/06 16:50,0.000
12/28/06 16:55,0.000
12/28/06 17:00,0.000
12/28/06 17:05,0.000
12/28/06 17:10,0.000
12/28/06 17:15,0.000
12/28/06 17:20,0.000
12/28/06 17:25,0.000
12/28/06 17:30,0.000
12/28/06 17:35,0.000
12/28/06 17:40,0.000
12/28/06 17:45,0.000
12/28/06 17:50,0.000
12/28/06 17:55,0.000
12/28/06 18:00,0.000
12/28/06 18:05,0.000
12/28/06 18:10,0.000
12/28/06 18:15,0.000
12/28/06 18:20,0.000
12/28/06 18:25,0.000
12/28/06 18:30,0.000
12/28/06 18:35,0.000
12/28/06 18:40,0.000
12/28/06 18:45,0.000
12/28/06 18:50,0.000
12/28/06 18:55,0.000
12/28/06 19:00,0.000
12/28/06 19:05,0.000
12/28/06 19:10,0.000
12/28/06 19:15,0.000
12/28/06 19:20,0.000
12/28/06 19:25,0.000
12/28/06 19:30,0.000
12/28/06 19:35,0.000
12/28/06 19:40,0.000
12/28/06 19:45,0.000
12/28/06 19:50,0.000
12/28/06 19:55,0.000
12/28/06 20:00,0.000
12/28/06 20:05,0.000
12/28/06 20:10,0.000
12/28/06 20:15,0.000
12/28/06 20:20,0.000
12/28/06 20:25,0.000
12/28/06 20:30,0.000
12/28/06 20:35,0.000
12/28/06 20:40,0.000
12/28/06 20:45,0.000
12/28/06 20:50,0.000
12/28/06 20:55,0.000
12/28/06 21:00,0.000
12/28/06 21:05,0.000
12/28/06 21:10,0.000
12/28/06 21:15,0.000
12/28/06 21:20,0.000
12/28/06 21:25,0.000
12/28/06 21:30,0.000
12/28/06 21:35,0.000
12/28/06 21:40,0.000
12/28/06 21:45,0.000
12/28/06 21:50,0.000
12/28/06 21:55,0.000
12/28/06 22:00,0.000
12/28/06 22:05,0.000
12/28/06 22:10,0.000
12/28/06 22:15,0.000
12/28/06 22:20,0.000
12/28/06 22:25,0.000
12/28/06 22:30,0.000
12/28/06 22:35,0.000
12/28/06 22:40,0.000
12/28/06 22:45,0.000
12/28/06 22:50,0.000
12/28/06 22:55,0.000
12/28/06 23:00,0.000
12/28/06 23:05,0.000
12/28/06 23:10,0.000
12/28/06 23:15,0.000
12/28/06 23:20,0.000
12/28/06 23:25,0.000
12/28/06 23:30,0.000
12/28/06 23:35,0.000
12/28/06 23:40,0.000
12/28/06 23:45,0.000
12/28/06 23:50,0.000
12/28/06 23:55,0.000
12/29/06 00:00,0.000
12/29/06 00:05,0.000
12/29/06 00:10,0.000
12/29/06 00:15,0.000
12/29/06 00:20,0.000
12/29/06 00:25,0.000
12/29/06 00:30,0.000
12/29/06 00:35,0.000
12/29/06 00:40,0.000
12/29/06 00:45,0.000
12/29/06 00:50,0.000
12/29/06 00:55,0.000
12/29/06 01:00,0.000
12/29/06 01:05,0.000
12/29/06 01:10,0.000
12/29/06 01:15,0.000
12/29/06 01:20,0.000
12/29/06 01:25,0.000
12/29/06 01:30,0.000
12/29/06 01:35,0.000
12/29/06 01:40,0.000
12/29/06 01:45,0.000
12/29/06 01:50,0.000
12/29/06 01:55,0.000
12/29/06 02:00,0.000
12/29/06 02:05,0.000
12/29/06 02:10,0.000
12/29/06 02:15,0.000
12/29/06 02:20,0.000
12/29/06 02:25,0.000
12/29/06 02:30,0.000
12/29/06 02:35,0.000
12/29/06 02:40,0.000
12/29/06 02:45,0.000
12/29/06 02:50,0.000
12/29/06 02:55,0.000
12/29/06 03:00,0.000
12/29/06 03:05,0.000
12/29/06 03:10,0.000
12/29/06 03:15,0.000
12/29/06 03:20,0.000
12/29/06 03:25,0.000
12/29/06 03:30,0.000
12/29/06 03:35,0.000
12/29/06 03:40,0.000
12/29/06 03:45,0.000
12/29/06 03:50,0.000
12/29/06 03:55,0.000
12/29/06 04:00,0.000
12/29/06 04:05,0.000
12/29/06 04:10,0.000
12/29/06 04:15,0.000
12/29/06 04:20,0.000
12/29/06 04:25,0.000
12/29/06 04:30,0.000
12/29/06 04:35,0.000
12/29/06 04:40,0.000
12/29/06 04:45,0.000
12/29/06 04:50,0.000
12/29/06 04:55,0.000
12/29/06 05:00,0.000
12/29/06 05:05,0.000
12/29/06 05:10,0.000
12/29/06 05:15,0.000
12/29/06 05:20,0.000
12/29/06 05:25,0.000
12/29/06 05:30,0.000
12/29/06 05:35,0.000
12/29/06 05:40,0.000
12/29/06 05:45,0.000
12/29/06 05:50,0.000
12/29/06 05:55,0.000
12/29/06 06:00,0.000
12/29/06 06:05,0.000
12/29/06 06:10,0.000
12/29/06 06:15,0.000
12/29/06 06:20,0.000
12/29/06 06:25,0.000
12/29/06 06:30,0.000
12/29/06 06:35,0.000
12/29/06 06:40,0.000
12/29/06 06:45,0.000
12/29/06 06:50,0.000
12/29/06 06:55,0.000
12/29/06 07:00,0.000
12/29/06 07:05,0.000
12/29/06 07:10,0.000
12/29/06 07:15,0.000
12/29/06 07:20,0.000
12/29/06 07:25,0.000
12/29/06 07:30,0.000
12/29/06 07:35,0.000
12/29/06 07:40,0.000
12/29/06 07:45,0.000
12/29/06 07:50,0.000
12/29/06 07:55,0.000
12/29/06 08:00,0.000
12/29/06 08:05,0.001
12/29/06 08:10,0.013
12/29/06 08:15,0.051
12/29/06 08:20,0.090
12/29/06 08:25,0.109
12/29/06 08:30,0.127
12/29/06 08:35,0.145
12/29/06 08:40,0.162
12/29/06 08:45,0.180
12/29/06 08:50,0.197
12/29/06 08:55,0.214
12/29/06 09:00,0.227
12/29/06 09:05,0.238
12/29/06 09:10,0.248
12/29/06 09:15,0.259
12/29/06 09:20,0.269
12/29/06 09:25,0.279
12/29/06 09:30,0.288
12/29/06 09:35,0.298
12/29/06 09:40,0.306
12/29/06 09:45,0.314
12/29/06 09:50,0.322
12/29/06 09:55,0.329
12/29/06 10:00,0.333
12/29/06 10:05,0.334
12/29/06 10:10,0.338
12/29/06 10:15,0.343
12/29/06 10:20,0.348
12/29/06 10:25,0.352
12/29/06 10:30,0.355
12/29/06 10:35,0.361
12/29/06 10:40,0.365
12/29/06 10:45,0.365
12/29/06 10:50,0.363
12/29/06 10:55,0.362
12/29/06 11:00,0.360
12/29/06 11:05,0.359
12/29/06 11:10,0.360
12/29/06 11:15,0.357
12/29/06 11:20,0.354
12/29/06 11:25,0.351
12/29/06 11:30,0.348
12/29/06 11:35,0.345
12/29/06 11:40,0.339
12/29/06 11:45,0.334
12/29/06 11:50,0.329
12/29/06 11:55,0.326
12/29/06 12:00,0.339
12/29/06 12:05,0.347
12/29/06 12:10,0.344
12/29/06 12:15,0.348
12/29/06 12:20,0.332
12/29/06 12:25,0.265
12/29/06 12:30,0.236
12/29/06 12:35,0.272
12/29/06 12:40,0.278
12/29/06 12:45,0.275
12/29/06 12:50,0.292
12/29/06 12:55,0.295
12/29/06 13:00,0.304
12/29/06 13:05,0.305
12/29/06 13:10,0.301
12/29/06 13:15,0.295
12/29/06 13:20,0.287
12/29/06 13:25,0.278
12/29/06 13:30,0.267
12/29/06 13:35,0.251
12/29/06 13:40,0.234
12/29/06 13:45,0.210
12/29/06 13:50,0.180
12/29/06 13:55,0.154
12/29/06 14:00,0.127
12/29/06 14:05,0.112
12/29/06 14:10,0.098
12/29/06 14:15,0.075
12/29/06 14:20,0.028
12/29/06 14:25,0.023
12/29/06 14:30,0.044
12/29/06 14:35,0.076
12/29/06 14:40,0.085
12/29/06 14:45,0.092
12/29/06 14:50,0.090
12/29/06 14:55,0.096
12/29/06 15:00,0.111
12/29/06 15:05,0.112
12/29/06 15:10,0.105
12/29/06 15:15,0.093
12/29/06 15:20,0.067
12/29/06 15:25,0.024
12/29/06 15:30,0.006
12/29/06 15:35,0.001
12/29/06 15:40,0.000
12/29/06 15:45,0.000
12/29/06 15:50,0.000
12/29/06 15:55,0.000
12/29/06 16:00,0.000
12/29/06 16:05,0.000
12/29/06 16:10,0.000
12/29/06 16:15,0.000
12/29/06 16:20,0.000
12/29/06 16:25,0.000
12/29/06 16:30,0.000
12/29/06 16:35,0.000
12/29/06 16:40,0.000
12/29/06 16:45,0.000
12/29/06 16:50,0.000
12/29/06 16:55,0.000
12/29/06 17:00,0.000
12/29/06 17:05,0.000
12/29/06 17:10,0.000
12/29/06 17:15,0.000
12/29/06 17:20,0.000
12/29/06 17:25,0.000
12/29/06 17:30,0.000
12/29/06 17:35,0.000
12/29/06 17:40,0.000
12/29/06 17:45,0.000
12/29/06 17:50,0.000
12/29/06 17:55,0.000
12/29/06 18:00,0.000
12/29/06 18:05,0.000
12/29/06 18:10,0.000
12/29/06 18:15,0.000
12/29/06 18:20,0.000
12/29/06 18:25,0.000
12/29/06 18:30,0.000
12/29/06 18:35,0.000
12/29/06 18:40,0.000
12/29/06 18:45,0.000
12/29/06 18:50,0.000
12/29/06 18:55,0.000
12/29/06 19:00,0.000
12/29/06 19:05,0.000
12/29/06 19:10,0.000
12/29/06 19:15,0.000
12/29/06 19:20,0.000
12/29/06 19:25,0.000
12/29/06 19:30,0.000
12/29/06 19:35,0.000
12/29/06 19:40,0.000
12/29/06 19:45,0.000
12/29/06 19:50,0.000
12/29/06 19:55,0.000
12/29/06 20:00,0.000
12/29/06 20:05,0.000
12/29/06 20:10,0.000
12/29/06 20:15,0.000
12/29/06 20:20,0.000
12/29/06 20:25,0.000
12/29/06 20:30,0.000
12/29/06 20:35,0.000
12/29/06 20:40,0.000
12/29/06 20:45,0.000
12/29/06 20:50,0.000
12/29/06 20:55,0.000
12/29/06 21:00,0.000
12/29/06 21:05,0.000
12/29/06 21:10,0.000
12/29/06 21:15,0.000
12/29/06 21:20,0.000
12/29/06 21:25,0.000
12/29/06 21:30,0.000
12/29/06 21:35,0.000
12/29/06 21:40,0.000
12/29/06 21:45,0.000
12/29/06 21:50,0.000
12/29/06 21:55,0.000
12/29/06 22:00,0.000
12/29/06 22:05,0.000
12/29/06 22:10,0.000
12/29/06 22:15,0.000
12/29/06 22:20,0.000
12/29/06 22:25,0.000
12/29/06 22:30,0.000
12/29/06 22:35,0.000
12/29/06 22:40,0.000
12/29/06 22:45,0.000
12/29/06 22:50,0.000
12/29/06 22:55,0.000
12/29/06 23:00,0.000
12/29/06 23:05,0.000
12/29/06 23:10,0.000
12/29/06 23:15,0.000
12/29/06 23:20,0.000
12/29/06 23:25,0.000
12/29/06 23:30,0.000
12/29/06 23:35,0.000
12/29/06 23:40,0.000
12/29/06 23:45,0.000
12/29/06 23:50,0.000
12/29/06 23:55,0.000
12/30/06 00:00,0.000
12/30/06 00:05,0.000
12/30/06 00:10,0.000
12/30/06 00:15,0.000
12/30/06 00:20,0.000
12/30/06 00:25,0.000
12/30/06 00:30,0.000
12/30/06 00:35,0.000
12/30/06 00:40,0.000
12/30/06 00:45,0.000
12/30/06 00:50,0.000
12/30/06 00:55,0.000
12/30/06 01:00,0.000
12/30/06 01:05,0.000
12/30/06 01:10,0.000
12/30/06 01:15,0.000
12/30/06 01:20,0.000
12/30/06 01:25,0.000
12/30/06 01:30,0.000
12/30/06 01:35,0.000
12/30/06 01:40,0.000
12/30/06 01:45,0.000
12/30/06 01:50,0.000
12/30/06 01:55,0.000
12/30/06 02:00,0.000
12/30/06 02:05,0.000
12/30/06 02:10,0.000
12/30/06 02:15,0.000
12/30/06 02:20,0.000
12/30/06 02:25,0.000
12/30/06 02:30,0.000
12/30/06 02:35,0.000
12/30/06 02:40,0.000
12/30/06 02:45,0.000
12/30/06 02:50,0.000
12/30/06 02:55,0.000
12/30/06 03:00,0.000
12/30/06 03:05,0.000
12/30/06 03:10,0.000
12/30/06 03:15,0.000
12/30/06 03:20,0.000
12/30/06 03:25,0.000
12/30/06 03:30,0.000
12/30/06 03:35,0.000
12/30/06 03:40,0.000
12/30/06 03:45,0.000
12/30/06 03:50,0.000
12/30/06 03:55,0.000
12/30/06 04:00,0.000
12/30/06 04:05,0.000
12/30/06 04:10,0.000
12/30/06 04:15,0.000
12/30/06 04:20,0.000
12/30/06 04:25,0.000
12/30/06 04:30,0.000
12/30/06 04:35,0.000
12/30/06 04:40,0.000
12/30/06 04:45,0.000
12/30/06 04:50,0.000
12/30/06 04:55,0.000
12/30/06 05:00,0.000
12/30/06 05:05,0.000
12/30/06 05:10,0.000
12/30/06 05:15,0.000
12/30/06 05:20,0.000
12/30/06 05:25,0.000
12/30/06 05:30,0.000
12/30/06 05:35,0.000
12/30/06 05:40,0.000
12/30/06 05:45,0.000
12/30/06 05:50,0.000
12/30/06 05:55,0.000
12/30/06 06:00,0.000
12/30/06 06:05,0.000
12/30/06 06:10,0.000
12/30/06 06:15,0.000
12/30/06 06:20,0.000
12/30/06 06:25,0.000
12/30/06 06:30,0.000
12/30/06 06:35,0.000
12/30/06 06:40,0.000
12/30/06 06:45,0.000
12/30/06 06:50,0.000
12/30/06 06:55,0.000
12/30/06 07:00,0.000
12/30/06 07:05,0.000
12/30/06 07:10,0.000
12/30/06 07:15,0.000
12/30/06 07:20,0.000
12/30/06 07:25,0.000
12/30/06 07:30,0.000
12/30/06 07:35,0.000
12/30/06 07:40,0.000
12/30/06 07:45,0.000
12/30/06 07:50,0.000
12/30/06 07:55,0.000
12/30/06 08:00,0.000
12/30/06 08:05,0.001
12/30/06 08:10,0.011
12/30/06 08:15,0.045
12/30/06 08:20,0.087
12/30/06 08:25,0.106
12/30/06 08:30,0.124
12/30/06 08:35,0.142
12/30/06 08:40,0.159
12/30/06 08:45,0.177
12/30/06 08:50,0.195
12/30/06 08:55,0.212
12/30/06 09:00,0.223
12/30/06 09:05,0.232
12/30/06 09:10,0.242
12/30/06 09:15,0.251
12/30/06 09:20,0.260
12/30/06 09:25,0.269
12/30/06 09:30,0.276
12/30/06 09:35,0.282
12/30/06 09:40,0.289
12/30/06 09:45,0.296
12/30/06 09:50,0.303
12/30/06 09:55,0.310
12/30/06 10:00,0.316
12/30/06 10:05,0.321
12/30/06 10:10,0.327
12/30/06 10:15,0.332
12/30/06 10:20,0.337
12/30/06 10:25,0.342
12/30/06 10:30,0.347
12/30/06 10:35,0.351
12/30/06 10:40,0.354
12/30/06 10:45,0.357
12/30/06 10:50,0.359
12/30/06 10:55,0.361
12/30/06 11:00,0.363
12/30/06 11:05,0.365
12/30/06 11:10,0.366
12/30/06 11:15,0.368
12/30/06 11:20,0.370
12/30/06 11:25,0.372
12/30/06 11:30,0.373
12/30/06 11:35,0.373
12/30/06 11:40,0.373
12/30/06 11:45,0.373
12/30/06 11:50,0.370
12/30/06 11:55,0.364
12/30/06 12:00,0.361
12/30/06 12:05,0.358
12/30/06 12:10,0.355
12/30/06 12:15,0.352
12/30/06 12:20,0.349
12/30/06 12:25,0.346
12/30/06 12:30,0.342
12/30/06 12:35,0.338
12/30/06 12:40,0.332
12/30/06 12:45,0.326
12/30/06 12:50,0.320
12/30/06 12:55,0.314
12/30/06 13:00,0.310
12/30/06 13:05,0.305
12/30/06 13:10,0.300
12/30/06 13:15,0.294
12/30/06 13:20,0.287
12/30/06 13:25,0.281
12/30/06 13:30,0.274
12/30/06 13:35,0.265
12/30/06 13:40,0.255
12/30/06 13:45,0.244
12/30/06 13:50,0.235
12/30/06 13:55,0.225
12/30/06 14:00,0.216
12/30/06 14:05,0.205
12/30/06 14:10,0.194
12/30/06 14:15,0.185
12/30/06 14:20,0.175
12/30/06 14:25,0.166
12/30/06 14:30,0.158
12/30/06 14:35,0.149
12/30/06 14:40,0.140
12/30/06 14:45,0.131
12/30/06 14:50,0.124
12/30/06 14:55,0.116
12/30/06 15:00,0.106
12/30/06 15:05,0.097
12/30/06 15:10,0.087
12/30/06 15:15,0.070
12/30/06 15:20,0.040
12/30/06 15:25,0.020
12/30/06 15:30,0.009
12/30/06 15:35,0.003
12/30/06 15:40,0.001
12/30/06 15:45,0.000
12/30/06 15:50,0.000
12/30/06 15:55,0.000
12/30/06 16:00,0.000
12/30/06 16:05,0.000
12/30/06 16:10,0.000
12/30/06 16:15,0.000
12/30/06 16:20,0.000
12/30/06 16:25,0.000
12/30/06 16:30,0.000
12/30/06 16:35,0.000
12/30/06 16:40,0.000
12/30/06 16:45,0.000
12/30/06 16:50,0.000
12/30/06 16:55,0.000
12/30/06 17:00,0.000
12/30/06 17:05,0.000
12/30/06 17:10,0.000
12/30/06 17:15,0.000
12/30/06 17:20,0.000
12/30/06 17:25,0.000
12/30/06 17:30,0.000
12/30/06 17:35,0.000
12/30/06 17:40,0.000
12/30/06 17:45,0.000
12/30/06 17:50,0.000
12/30/06 17:55,0.000
12/30/06 18:00,0.000
12/30/06 18:05,0.000
12/30/06 18:10,0.000
12/30/06 18:15,0.000
12/30/06 18:20,0.000
12/30/06 18:25,0.000
12/30/06 18:30,0.000
12/30/06 18:35,0.000
12/30/06 18:40,0.000
12/30/06 18:45,0.000
12/30/06 18:50,0.000
12/30/06 18:55,0.000
12/30/06 19:00,0.000
12/30/06 19:05,0.000
12/30/06 19:10,0.000
12/30/06 19:15,0.000
12/30/06 19:20,0.000
12/30/06 19:25,0.000
12/30/06 19:30,0.000
12/30/06 19:35,0.000
12/30/06 19:40,0.000
12/30/06 19:45,0.000
12/30/06 19:50,0.000
12/30/06 19:55,0.000
12/30/06 20:00,0.000
12/30/06 20:05,0.000
12/30/06 20:10,0.000
12/30/06 20:15,0.000
12/30/06 20:20,0.000
12/30/06 20:25,0.000
12/30/06 20:30,0.000
12/30/06 20:35,0.000
12/30/06 20:40,0.000
12/30/06 20:45,0.000
12/30/06 20:50,0.000
12/30/06 20:55,0.000
12/30/06 21:00,0.000
12/30/06 21:05,0.000
12/30/06 21:10,0.000
12/30/06 21:15,0.000
12/30/06 21:20,0.000
12/30/06 21:25,0.000
12/30/06 21:30,0.000
12/30/06 21:35,0.000
12/30/06 21:40,0.000
12/30/06 21:45,0.000
12/30/06 21:50,0.000
12/30/06 21:55,0.000
12/30/06 22:00,0.000
12/30/06 22:05,0.000
12/30/06 22:10,0.000
12/30/06 22:15,0.000
12/30/06 22:20,0.000
12/30/06 22:25,0.000
12/30/06 22:30,0.000
12/30/06 22:35,0.000
12/30/06 22:40,0.000
12/30/06 22:45,0.000
12/30/06 22:50,0.000
12/30/06 22:55,0.000
12/30/06 23:00,0.000
12/30/06 23:05,0.000
12/30/06 23:10,0.000
12/30/06 23:15,0.000
12/30/06 23:20,0.000
12/30/06 23:25,0.000
12/30/06 23:30,0.000
12/30/06 23:35,0.000
12/30/06 23:40,0.000
12/30/06 23:45,0.000
12/30/06 23:50,0.000
12/30/06 23:55,0.000
12/31/06 00:00,0.000
12/31/06 00:05,0.000
12/31/06 00:10,0.000
12/31/06 00:15,0.000
12/31/06 00:20,0.000
12/31/06 00:25,0.000
12/31/06 00:30,0.000
12/31/06 00:35,0.000
12/31/06 00:40,0.000
12/31/06 00:45,0.000
12/31/06 00:50,0.000
12/31/06 00:55,0.000
12/31/06 01:00,0.000
12/31/06 01:05,0.000
12/31/06 01:10,0.000
12/31/06 01:15,0.000
12/31/06 01:20,0.000
12/31/06 01:25,0.000
12/31/06 01:30,0.000
12/31/06 01:35,0.000
12/31/06 01:40,0.000
12/31/06 01:45,0.000
12/31/06 01:50,0.000
12/31/06 01:55,0.000
12/31/06 02:00,0.000
12/31/06 02:05,0.000
12/31/06 02:10,0.000
12/31/06 02:15,0.000
12/31/06 02:20,0.000
12/31/06 02:25,0.000
12/31/06 02:30,0.000
12/31/06 02:35,0.000
12/31/06 02:40,0.000
12/31/06 02:45,0.000
12/31/06 02:50,0.000
12/31/06 02:55,0.000
12/31/06 03:00,0.000
12/31/06 03:05,0.000
12/31/06 03:10,0.000
12/31/06 03:15,0.000
12/31/06 03:20,0.000
12/31/06 03:25,0.000
12/31/06 03:30,0.000
12/31/06 03:35,0.000
12/31/06 03:40,0.000
12/31/06 03:45,0.000
12/31/06 03:50,0.000
12/31/06 03:55,0.000
12/31/06 04:00,0.000
12/31/06 04:05,0.000
12/31/06 04:10,0.000
12/31/06 04:15,0.000
12/31/06 04:20,0.000
12/31/06 04:25,0.000
12/31/06 04:30,0.000
12/31/06 04:35,0.000
12/31/06 04:40,0.000
12/31/06 04:45,0.000
12/31/06 04:50,0.000
12/31/06 04:55,0.000
12/31/06 05:00,0.000
12/31/06 05:05,0.000
12/31/06 05:10,0.000
12/31/06 05:15,0.000
12/31/06 05:20,0.000
12/31/06 05:25,0.000
12/31/06 05:30,0.000
12/31/06 05:35,0.000
12/31/06 05:40,0.000
12/31/06 05:45,0.000
12/31/06 05:50,0.000
12/31/06 05:55,0.000
12/31/06 06:00,0.000
12/31/06 06:05,0.000
12/31/06 06:10,0.000
12/31/06 06:15,0.000
12/31/06 06:20,0.000
12/31/06 06:25,0.000
12/31/06 06:30,0.000
12/31/06 06:35,0.000
12/31/06 06:40,0.000
12/31/06 06:45,0.000
12/31/06 06:50,0.000
12/31/06 06:55,0.000
12/31/06 07:00,0.000
12/31/06 07:05,0.000
12/31/06 07:10,0.000
12/31/06 07:15,0.000
12/31/06 07:20,0.000
12/31/06 07:25,0.000
12/31/06 07:30,0.000
12/31/06 07:35,0.000
12/31/06 07:40,0.000
12/31/06 07:45,0.000
12/31/06 07:50,0.000
12/31/06 07:55,0.000
12/31/06 08:00,0.000
12/31/06 08:05,0.001
12/31/06 08:10,0.011
12/31/06 08:15,0.045
12/31/06 08:20,0.087
12/31/06 08:25,0.105
12/31/06 08:30,0.124
12/31/06 08:35,0.141
12/31/06 08:40,0.159
12/31/06 08:45,0.176
12/31/06 08:50,0.193
12/31/06 08:55,0.209
12/31/06 09:00,0.218
12/31/06 09:05,0.221
12/31/06 09:10,0.229
12/31/06 09:15,0.233
12/31/06 09:20,0.238
12/31/06 09:25,0.242
12/31/06 09:30,0.246
12/31/06 09:35,0.250
12/31/06 09:40,0.254
12/31/06 09:45,0.259
12/31/06 09:50,0.264
12/31/06 09:55,0.269
12/31/06 10:00,0.277
12/31/06 10:05,0.288
12/31/06 10:10,0.299
12/31/06 10:15,0.307
12/31/06 10:20,0.314
12/31/06 10:25,0.320
12/31/06 10:30,0.326
12/31/06 10:35,0.330
12/31/06 10:40,0.335
12/31/06 10:45,0.341
12/31/06 10:50,0.345
12/31/06 10:55,0.347
12/31/06 11:00,0.336
12/31/06 11:05,0.277
12/31/06 11:10,0.231
12/31/06 11:15,0.249
12/31/06 11:20,0.211
12/31/06 11:25,0.177
12/31/06 11:30,0.159
12/31/06 11:35,0.121
12/31/06 11:40,0.087
12/31/06 11:45,0.058
12/31/06 11:50,0.065
12/31/06 11:55,0.124
12/31/06 12:00,0.153
12/31/06 12:05,0.164
12/31/06 12:10,0.114
12/31/06 12:15,0.085
12/31/06 12:20,0.124
12/31/06 12:25,0.184
12/31/06 12:30,0.201
12/31/06 12:35,0.162
12/31/06 12:40,0.128
12/31/06 12:45,0.121
12/31/06 12:50,0.075
12/31/06 12:55,0.059
12/31/06 13:00,0.106
12/31/06 13:05,0.128
12/31/06 13:10,0.138
12/31/06 13:15,0.143
12/31/06 13:20,0.150
12/31/06 13:25,0.149
12/31/06 13:30,0.146
12/31/06 13:35,0.142
12/31/06 13:40,0.138
12/31/06 13:45,0.133
12/31/06 13:50,0.128
12/31/06 13:55,0.121
12/31/06 14:00,0.110
12/31/06 14:05,0.097
12/31/06 14:10,0.074
12/31/06 14:15,0.033
12/31/06 14:20,0.021
12/31/06 14:25,0.010
12/31/06 14:30,0.006
12/31/06 14:35,0.005
12/31/06 14:40,0.003
12/31/06 14:45,0.002
12/31/06 14:50,0.001
12/31/06 14:55,0.001
12/31/06 15:00,0.000
12/31/06 15:05,0.001
12/31/06 15:10,0.000
12/31/06 15:15,0.000
12/31/06 15:20,0.000
12/31/06 15:25,0.000
12/31/06 15:30,0.000
12/31/06 15:35,0.000
12/31/06 15:40,0.000
12/31/06 15:45,0.000
12/31/06 15:50,0.000
12/31/06 15:55,0.000
12/31/06 16:00,0.000
12/31/06 16:05,0.000
12/31/06 16:10,0.000
12/31/06 16:15,0.000
12/31/06 16:20,0.000
12/31/06 16:25,0.000
12/31/06 16:30,0.000
12/31/06 16:35,0.000
12/31/06 16:40,0.000
12/31/06 16:45,0.000
12/31/06 16:50,0.000
12/31/06 16:55,0.000
12/31/06 17:00,0.000
12/31/06 17:05,0.000
12/31/06 17:10,0.000
12/31/06 17:15,0.000
12/31/06 17:20,0.000
12/31/06 17:25,0.000
12/31/06 17:30,0.000
12/31/06 17:35,0.000
12/31/06 17:40,0.000
12/31/06 17:45,0.000
12/31/06 17:50,0.000
12/31/06 17:55,0.000
12/31/06 18:00,0.000
12/31/06 18:05,0.000
12/31/06 18:10,0.000
12/31/06 18:15,0.000
12/31/06 18:20,0.000
12/31/06 18:25,0.000
12/31/06 18:30,0.000
12/31/06 18:35,0.000
12/31/06 18:40,0.000
12/31/06 18:45,0.000
12/31/06 18:50,0.000
12/31/06 18:55,0.000
12/31/06 19:00,0.000
12/31/06 19:05,0.000
12/31/06 19:10,0.000
12/31/06 19:15,0.000
12/31/06 19:20,0.000
12/31/06 19:25,0.000
12/31/06 19:30,0.000
12/31/06 19:35,0.000
12/31/06 19:40,0.000
12/31/06 19:45,0.000
12/31/06 19:50,0.000
12/31/06 19:55,0.000
12/31/06 20:00,0.000
12/31/06 20:05,0.000
12/31/06 20:10,0.000
12/31/06 20:15,0.000
12/31/06 20:20,0.000
12/31/06 20:25,0.000
12/31/06 20:30,0.000
12/31/06 20:35,0.000
12/31/06 20:40,0.000
12/31/06 20:45,0.000
12/31/06 20:50,0.000
12/31/06 20:55,0.000
12/31/06 21:00,0.000
12/31/06 21:05,0.000
12/31/06 21:10,0.000
12/31/06 21:15,0.000
12/31/06 21:20,0.000
12/31/06 21:25,0.000
12/31/06 21:30,0.000
12/31/06 21:35,0.000
12/31/06 21:40,0.000
12/31/06 21:45,0.000
12/31/06 21:50,0.000
12/31/06 21:55,0.000
12/31/06 22:00,0.000
12/31/06 22:05,0.000
12/31/06 22:10,0.000
12/31/06 22:15,0.000
12/31/06 22:20,0.000
12/31/06 22:25,0.000
12/31/06 22:30,0.000
12/31/06 22:35,0.000
12/31/06 22:40,0.000
12/31/06 22:45,0.000
12/31/06 22:50,0.000
12/31/06 22:55,0.000
12/31/06 23:00,0.000
12/31/06 23:05,0.000
12/31/06 23:10,0.000
12/31/06 23:15,0.000
12/31/06 23:20,0.000
12/31/06 23:25,0.000
12/31/06 23:30,0.000
12/31/06 23:35,0.000
12/31/06 23:40,0.000
12/31/06 23:45,0.000
12/31/06 23:50,0.000
12/31/06 23:55,0.000
