LocalTime,Power(MW)
01/01/06 00:00,0.0
01/01/06 01:00,0.0
01/01/06 02:00,0.0
01/01/06 03:00,0.0
01/01/06 04:00,0.0
01/01/06 05:00,0.0
01/01/06 06:00,0.0
01/01/06 07:00,0.0
01/01/06 08:00,0.2
01/01/06 09:00,9.8
01/01/06 10:00,21.6
01/01/06 11:00,24.4
01/01/06 12:00,20.4
01/01/06 13:00,23.2
01/01/06 14:00,22.4
01/01/06 15:00,24.5
01/01/06 16:00,9.4
01/01/06 17:00,0.0
01/01/06 18:00,0.0
01/01/06 19:00,0.0
01/01/06 20:00,0.0
01/01/06 21:00,0.0
01/01/06 22:00,0.0
01/01/06 23:00,0.0
01/02/06 00:00,0.0
01/02/06 01:00,0.0
01/02/06 02:00,0.0
01/02/06 03:00,0.0
01/02/06 04:00,0.0
01/02/06 05:00,0.0
01/02/06 06:00,0.0
01/02/06 07:00,0.0
01/02/06 08:00,0.0
01/02/06 09:00,8.5
01/02/06 10:00,15.8
01/02/06 11:00,16.8
01/02/06 12:00,3.0
01/02/06 13:00,10.3
01/02/06 14:00,0.1
01/02/06 15:00,0.0
01/02/06 16:00,0.0
01/02/06 17:00,0.0
01/02/06 18:00,0.0
01/02/06 19:00,0.0
01/02/06 20:00,0.0
01/02/06 21:00,0.0
01/02/06 22:00,0.0
01/02/06 23:00,0.0
01/03/06 00:00,0.0
01/03/06 01:00,0.0
01/03/06 02:00,0.0
01/03/06 03:00,0.0
01/03/06 04:00,0.0
01/03/06 05:00,0.0
01/03/06 06:00,0.0
01/03/06 07:00,0.0
01/03/06 08:00,0.0
01/03/06 09:00,0.0
01/03/06 10:00,0.2
01/03/06 11:00,5.4
01/03/06 12:00,8.3
01/03/06 13:00,3.7
01/03/06 14:00,2.8
01/03/06 15:00,1.6
01/03/06 16:00,0.0
01/03/06 17:00,0.0
01/03/06 18:00,0.0
01/03/06 19:00,0.0
01/03/06 20:00,0.0
01/03/06 21:00,0.0
01/03/06 22:00,0.0
01/03/06 23:00,0.0
01/04/06 00:00,0.0
01/04/06 01:00,0.0
01/04/06 02:00,0.0
01/04/06 03:00,0.0
01/04/06 04:00,0.0
01/04/06 05:00,0.0
01/04/06 06:00,0.0
01/04/06 07:00,0.0
01/04/06 08:00,9.1
01/04/06 09:00,27.9
01/04/06 10:00,31.8
01/04/06 11:00,27.5
01/04/06 12:00,20.4
01/04/06 13:00,24.7
01/04/06 14:00,30.5
01/04/06 15:00,19.3
01/04/06 16:00,0.0
01/04/06 17:00,0.0
01/04/06 18:00,0.0
01/04/06 19:00,0.0
01/04/06 20:00,0.0
01/04/06 21:00,0.0
01/04/06 22:00,0.0
01/04/06 23:00,0.0
01/05/06 00:00,0.0
01/05/06 01:00,0.0
01/05/06 02:00,0.0
01/05/06 03:00,0.0
01/05/06 04:00,0.0
01/05/06 05:00,0.0
01/05/06 06:00,0.0
01/05/06 07:00,0.0
01/05/06 08:00,0.0
01/05/06 09:00,0.1
01/05/06 10:00,14.4
01/05/06 11:00,26.7
01/05/06 12:00,27.1
01/05/06 13:00,33.1
01/05/06 14:00,35.6
01/05/06 15:00,30.2
01/05/06 16:00,10.1
01/05/06 17:00,0.0
01/05/06 18:00,0.0
01/05/06 19:00,0.0
01/05/06 20:00,0.0
01/05/06 21:00,0.0
01/05/06 22:00,0.0
01/05/06 23:00,0.0
01/06/06 00:00,0.0
01/06/06 01:00,0.0
01/06/06 02:00,0.0
01/06/06 03:00,0.0
01/06/06 04:00,0.0
01/06/06 05:00,0.0
01/06/06 06:00,0.0
01/06/06 07:00,0.0
01/06/06 08:00,8.2
01/06/06 09:00,19.6
01/06/06 10:00,24.6
01/06/06 11:00,20.8
01/06/06 12:00,19.9
01/06/06 13:00,19.7
01/06/06 14:00,25.8
01/06/06 15:00,25.8
01/06/06 16:00,0.0
01/06/06 17:00,0.0
01/06/06 18:00,0.0
01/06/06 19:00,0.0
01/06/06 20:00,0.0
01/06/06 21:00,0.0
01/06/06 22:00,0.0
01/06/06 23:00,0.0
01/07/06 00:00,0.0
01/07/06 01:00,0.0
01/07/06 02:00,0.0
01/07/06 03:00,0.0
01/07/06 04:00,0.0
01/07/06 05:00,0.0
01/07/06 06:00,0.0
01/07/06 07:00,0.0
01/07/06 08:00,14.0
01/07/06 09:00,31.4
01/07/06 10:00,33.9
01/07/06 11:00,29.9
01/07/06 12:00,28.5
01/07/06 13:00,31.5
01/07/06 14:00,27.1
01/07/06 15:00,25.5
01/07/06 16:00,12.3
01/07/06 17:00,0.0
01/07/06 18:00,0.0
01/07/06 19:00,0.0
01/07/06 20:00,0.0
01/07/06 21:00,0.0
01/07/06 22:00,0.0
01/07/06 23:00,0.0
01/08/06 00:00,0.0
01/08/06 01:00,0.0
01/08/06 02:00,0.0
01/08/06 03:00,0.0
01/08/06 04:00,0.0
01/08/06 05:00,0.0
01/08/06 06:00,0.0
01/08/06 07:00,0.0
01/08/06 08:00,0.0
01/08/06 09:00,18.9
01/08/06 10:00,30.7
01/08/06 11:00,23.7
01/08/06 12:00,24.5
01/08/06 13:00,26.0
01/08/06 14:00,22.1
01/08/06 15:00,19.5
01/08/06 16:00,7.3
01/08/06 17:00,0.0
01/08/06 18:00,0.0
01/08/06 19:00,0.0
01/08/06 20:00,0.0
01/08/06 21:00,0.0
01/08/06 22:00,0.0
01/08/06 23:00,0.0
01/09/06 00:00,0.0
01/09/06 01:00,0.0
01/09/06 02:00,0.0
01/09/06 03:00,0.0
01/09/06 04:00,0.0
01/09/06 05:00,0.0
01/09/06 06:00,0.0
01/09/06 07:00,0.0
01/09/06 08:00,0.0
01/09/06 09:00,8.6
01/09/06 10:00,24.3
01/09/06 11:00,21.9
01/09/06 12:00,20.8
01/09/06 13:00,10.3
01/09/06 14:00,30.3
01/09/06 15:00,30.9
01/09/06 16:00,10.3
01/09/06 17:00,0.0
01/09/06 18:00,0.0
01/09/06 19:00,0.0
01/09/06 20:00,0.0
01/09/06 21:00,0.0
01/09/06 22:00,0.0
01/09/06 23:00,0.0
01/10/06 00:00,0.0
01/10/06 01:00,0.0
01/10/06 02:00,0.0
01/10/06 03:00,0.0
01/10/06 04:00,0.0
01/10/06 05:00,0.0
01/10/06 06:00,0.0
01/10/06 07:00,0.0
01/10/06 08:00,4.7
01/10/06 09:00,16.7
01/10/06 10:00,26.1
01/10/06 11:00,25.7
01/10/06 12:00,22.8
01/10/06 13:00,31.5
01/10/06 14:00,32.0
01/10/06 15:00,24.3
01/10/06 16:00,12.9
01/10/06 17:00,0.0
01/10/06 18:00,0.0
01/10/06 19:00,0.0
01/10/06 20:00,0.0
01/10/06 21:00,0.0
01/10/06 22:00,0.0
01/10/06 23:00,0.0
01/11/06 00:00,0.0
01/11/06 01:00,0.0
01/11/06 02:00,0.0
01/11/06 03:00,0.0
01/11/06 04:00,0.0
01/11/06 05:00,0.0
01/11/06 06:00,0.0
01/11/06 07:00,0.0
01/11/06 08:00,0.0
01/11/06 09:00,0.0
01/11/06 10:00,0.3
01/11/06 11:00,0.7
01/11/06 12:00,1.2
01/11/06 13:00,0.1
01/11/06 14:00,0.2
01/11/06 15:00,0.4
01/11/06 16:00,0.0
01/11/06 17:00,0.0
01/11/06 18:00,0.0
01/11/06 19:00,0.0
01/11/06 20:00,0.0
01/11/06 21:00,0.0
01/11/06 22:00,0.0
01/11/06 23:00,0.0
01/12/06 00:00,0.0
01/12/06 01:00,0.0
01/12/06 02:00,0.0
01/12/06 03:00,0.0
01/12/06 04:00,0.0
01/12/06 05:00,0.0
01/12/06 06:00,0.0
01/12/06 07:00,0.0
01/12/06 08:00,8.9
01/12/06 09:00,25.9
01/12/06 10:00,26.3
01/12/06 11:00,28.0
01/12/06 12:00,26.7
01/12/06 13:00,31.4
01/12/06 14:00,36.0
01/12/06 15:00,32.2
01/12/06 16:00,13.9
01/12/06 17:00,0.0
01/12/06 18:00,0.0
01/12/06 19:00,0.0
01/12/06 20:00,0.0
01/12/06 21:00,0.0
01/12/06 22:00,0.0
01/12/06 23:00,0.0
01/13/06 00:00,0.0
01/13/06 01:00,0.0
01/13/06 02:00,0.0
01/13/06 03:00,0.0
01/13/06 04:00,0.0
01/13/06 05:00,0.0
01/13/06 06:00,0.0
01/13/06 07:00,0.0
01/13/06 08:00,0.0
01/13/06 09:00,0.0
01/13/06 10:00,0.3
01/13/06 11:00,1.6
01/13/06 12:00,1.3
01/13/06 13:00,0.1
01/13/06 14:00,0.0
01/13/06 15:00,0.0
01/13/06 16:00,0.0
01/13/06 17:00,0.0
01/13/06 18:00,0.0
01/13/06 19:00,0.0
01/13/06 20:00,0.0
01/13/06 21:00,0.0
01/13/06 22:00,0.0
01/13/06 23:00,0.0
01/14/06 00:00,0.0
01/14/06 01:00,0.0
01/14/06 02:00,0.0
01/14/06 03:00,0.0
01/14/06 04:00,0.0
01/14/06 05:00,0.0
01/14/06 06:00,0.0
01/14/06 07:00,0.0
01/14/06 08:00,0.0
01/14/06 09:00,0.0
01/14/06 10:00,0.1
01/14/06 11:00,7.3
01/14/06 12:00,7.4
01/14/06 13:00,7.9
01/14/06 14:00,0.0
01/14/06 15:00,0.0
01/14/06 16:00,0.1
01/14/06 17:00,0.0
01/14/06 18:00,0.0
01/14/06 19:00,0.0
01/14/06 20:00,0.0
01/14/06 21:00,0.0
01/14/06 22:00,0.0
01/14/06 23:00,0.0
01/15/06 00:00,0.0
01/15/06 01:00,0.0
01/15/06 02:00,0.0
01/15/06 03:00,0.0
01/15/06 04:00,0.0
01/15/06 05:00,0.0
01/15/06 06:00,0.0
01/15/06 07:00,0.0
01/15/06 08:00,0.8
01/15/06 09:00,19.0
01/15/06 10:00,27.3
01/15/06 11:00,23.7
01/15/06 12:00,27.6
01/15/06 13:00,31.9
01/15/06 14:00,35.7
01/15/06 15:00,32.9
01/15/06 16:00,18.1
01/15/06 17:00,0.0
01/15/06 18:00,0.0
01/15/06 19:00,0.0
01/15/06 20:00,0.0
01/15/06 21:00,0.0
01/15/06 22:00,0.0
01/15/06 23:00,0.0
01/16/06 00:00,0.0
01/16/06 01:00,0.0
01/16/06 02:00,0.0
01/16/06 03:00,0.0
01/16/06 04:00,0.0
01/16/06 05:00,0.0
01/16/06 06:00,0.0
01/16/06 07:00,0.0
01/16/06 08:00,16.1
01/16/06 09:00,30.8
01/16/06 10:00,23.3
01/16/06 11:00,21.1
01/16/06 12:00,22.7
01/16/06 13:00,20.8
01/16/06 14:00,20.6
01/16/06 15:00,20.4
01/16/06 16:00,16.7
01/16/06 17:00,0.0
01/16/06 18:00,0.0
01/16/06 19:00,0.0
01/16/06 20:00,0.0
01/16/06 21:00,0.0
01/16/06 22:00,0.0
01/16/06 23:00,0.0
01/17/06 00:00,0.0
01/17/06 01:00,0.0
01/17/06 02:00,0.0
01/17/06 03:00,0.0
01/17/06 04:00,0.0
01/17/06 05:00,0.0
01/17/06 06:00,0.0
01/17/06 07:00,0.0
01/17/06 08:00,0.6
01/17/06 09:00,24.3
01/17/06 10:00,13.8
01/17/06 11:00,25.2
01/17/06 12:00,26.5
01/17/06 13:00,10.6
01/17/06 14:00,12.1
01/17/06 15:00,10.5
01/17/06 16:00,7.0
01/17/06 17:00,0.0
01/17/06 18:00,0.0
01/17/06 19:00,0.0
01/17/06 20:00,0.0
01/17/06 21:00,0.0
01/17/06 22:00,0.0
01/17/06 23:00,0.0
01/18/06 00:00,0.0
01/18/06 01:00,0.0
01/18/06 02:00,0.0
01/18/06 03:00,0.0
01/18/06 04:00,0.0
01/18/06 05:00,0.0
01/18/06 06:00,0.0
01/18/06 07:00,0.0
01/18/06 08:00,0.0
01/18/06 09:00,0.3
01/18/06 10:00,0.0
01/18/06 11:00,0.6
01/18/06 12:00,17.9
01/18/06 13:00,24.4
01/18/06 14:00,32.7
01/18/06 15:00,20.7
01/18/06 16:00,15.9
01/18/06 17:00,0.0
01/18/06 18:00,0.0
01/18/06 19:00,0.0
01/18/06 20:00,0.0
01/18/06 21:00,0.0
01/18/06 22:00,0.0
01/18/06 23:00,0.0
01/19/06 00:00,0.0
01/19/06 01:00,0.0
01/19/06 02:00,0.0
01/19/06 03:00,0.0
01/19/06 04:00,0.0
01/19/06 05:00,0.0
01/19/06 06:00,0.0
01/19/06 07:00,0.0
01/19/06 08:00,15.3
01/19/06 09:00,31.2
01/19/06 10:00,33.4
01/19/06 11:00,29.7
01/19/06 12:00,29.5
01/19/06 13:00,29.3
01/19/06 14:00,26.4
01/19/06 15:00,29.5
01/19/06 16:00,18.0
01/19/06 17:00,0.0
01/19/06 18:00,0.0
01/19/06 19:00,0.0
01/19/06 20:00,0.0
01/19/06 21:00,0.0
01/19/06 22:00,0.0
01/19/06 23:00,0.0
01/20/06 00:00,0.0
01/20/06 01:00,0.0
01/20/06 02:00,0.0
01/20/06 03:00,0.0
01/20/06 04:00,0.0
01/20/06 05:00,0.0
01/20/06 06:00,0.0
01/20/06 07:00,0.0
01/20/06 08:00,13.5
01/20/06 09:00,19.4
01/20/06 10:00,29.9
01/20/06 11:00,24.3
01/20/06 12:00,22.5
01/20/06 13:00,24.1
01/20/06 14:00,21.2
01/20/06 15:00,16.5
01/20/06 16:00,7.9
01/20/06 17:00,0.0
01/20/06 18:00,0.0
01/20/06 19:00,0.0
01/20/06 20:00,0.0
01/20/06 21:00,0.0
01/20/06 22:00,0.0
01/20/06 23:00,0.0
01/21/06 00:00,0.0
01/21/06 01:00,0.0
01/21/06 02:00,0.0
01/21/06 03:00,0.0
01/21/06 04:00,0.0
01/21/06 05:00,0.0
01/21/06 06:00,0.0
01/21/06 07:00,0.0
01/21/06 08:00,3.9
01/21/06 09:00,17.8
01/21/06 10:00,26.2
01/21/06 11:00,13.5
01/21/06 12:00,19.1
01/21/06 13:00,13.7
01/21/06 14:00,7.9
01/21/06 15:00,8.9
01/21/06 16:00,18.9
01/21/06 17:00,0.0
01/21/06 18:00,0.0
01/21/06 19:00,0.0
01/21/06 20:00,0.0
01/21/06 21:00,0.0
01/21/06 22:00,0.0
01/21/06 23:00,0.0
01/22/06 00:00,0.0
01/22/06 01:00,0.0
01/22/06 02:00,0.0
01/22/06 03:00,0.0
01/22/06 04:00,0.0
01/22/06 05:00,0.0
01/22/06 06:00,0.0
01/22/06 07:00,0.0
01/22/06 08:00,16.2
01/22/06 09:00,32.6
01/22/06 10:00,34.4
01/22/06 11:00,31.4
01/22/06 12:00,31.8
01/22/06 13:00,32.6
01/22/06 14:00,28.5
01/22/06 15:00,25.1
01/22/06 16:00,18.0
01/22/06 17:00,0.0
01/22/06 18:00,0.0
01/22/06 19:00,0.0
01/22/06 20:00,0.0
01/22/06 21:00,0.0
01/22/06 22:00,0.0
01/22/06 23:00,0.0
01/23/06 00:00,0.0
01/23/06 01:00,0.0
01/23/06 02:00,0.0
01/23/06 03:00,0.0
01/23/06 04:00,0.0
01/23/06 05:00,0.0
01/23/06 06:00,0.0
01/23/06 07:00,0.0
01/23/06 08:00,0.0
01/23/06 09:00,0.0
01/23/06 10:00,0.1
01/23/06 11:00,2.8
01/23/06 12:00,12.8
01/23/06 13:00,14.8
01/23/06 14:00,3.0
01/23/06 15:00,21.4
01/23/06 16:00,15.2
01/23/06 17:00,0.0
01/23/06 18:00,0.0
01/23/06 19:00,0.0
01/23/06 20:00,0.0
01/23/06 21:00,0.0
01/23/06 22:00,0.0
01/23/06 23:00,0.0
01/24/06 00:00,0.0
01/24/06 01:00,0.0
01/24/06 02:00,0.0
01/24/06 03:00,0.0
01/24/06 04:00,0.0
01/24/06 05:00,0.0
01/24/06 06:00,0.0
01/24/06 07:00,0.0
01/24/06 08:00,15.0
01/24/06 09:00,32.0
01/24/06 10:00,29.2
01/24/06 11:00,25.2
01/24/06 12:00,32.4
01/24/06 13:00,35.9
01/24/06 14:00,38.6
01/24/06 15:00,35.1
01/24/06 16:00,20.9
01/24/06 17:00,0.0
01/24/06 18:00,0.0
01/24/06 19:00,0.0
01/24/06 20:00,0.0
01/24/06 21:00,0.0
01/24/06 22:00,0.0
01/24/06 23:00,0.0
01/25/06 00:00,0.0
01/25/06 01:00,0.0
01/25/06 02:00,0.0
01/25/06 03:00,0.0
01/25/06 04:00,0.0
01/25/06 05:00,0.0
01/25/06 06:00,0.0
01/25/06 07:00,0.0
01/25/06 08:00,17.2
01/25/06 09:00,33.4
01/25/06 10:00,28.4
01/25/06 11:00,28.2
01/25/06 12:00,21.6
01/25/06 13:00,17.7
01/25/06 14:00,23.6
01/25/06 15:00,21.9
01/25/06 16:00,15.1
01/25/06 17:00,0.0
01/25/06 18:00,0.0
01/25/06 19:00,0.0
01/25/06 20:00,0.0
01/25/06 21:00,0.0
01/25/06 22:00,0.0
01/25/06 23:00,0.0
01/26/06 00:00,0.0
01/26/06 01:00,0.0
01/26/06 02:00,0.0
01/26/06 03:00,0.0
01/26/06 04:00,0.0
01/26/06 05:00,0.0
01/26/06 06:00,0.0
01/26/06 07:00,0.0
01/26/06 08:00,17.0
01/26/06 09:00,33.5
01/26/06 10:00,36.6
01/26/06 11:00,34.3
01/26/06 12:00,34.1
01/26/06 13:00,37.9
01/26/06 14:00,39.9
01/26/06 15:00,37.0
01/26/06 16:00,22.8
01/26/06 17:00,0.0
01/26/06 18:00,0.0
01/26/06 19:00,0.0
01/26/06 20:00,0.0
01/26/06 21:00,0.0
01/26/06 22:00,0.0
01/26/06 23:00,0.0
01/27/06 00:00,0.0
01/27/06 01:00,0.0
01/27/06 02:00,0.0
01/27/06 03:00,0.0
01/27/06 04:00,0.0
01/27/06 05:00,0.0
01/27/06 06:00,0.0
01/27/06 07:00,0.0
01/27/06 08:00,18.4
01/27/06 09:00,34.8
01/27/06 10:00,37.9
01/27/06 11:00,34.8
01/27/06 12:00,33.4
01/27/06 13:00,37.1
01/27/06 14:00,39.6
01/27/06 15:00,37.2
01/27/06 16:00,22.4
01/27/06 17:00,0.0
01/27/06 18:00,0.0
01/27/06 19:00,0.0
01/27/06 20:00,0.0
01/27/06 21:00,0.0
01/27/06 22:00,0.0
01/27/06 23:00,0.0
01/28/06 00:00,0.0
01/28/06 01:00,0.0
01/28/06 02:00,0.0
01/28/06 03:00,0.0
01/28/06 04:00,0.0
01/28/06 05:00,0.0
01/28/06 06:00,0.0
01/28/06 07:00,0.0
01/28/06 08:00,0.3
01/28/06 09:00,23.3
01/28/06 10:00,28.1
01/28/06 11:00,31.4
01/28/06 12:00,30.7
01/28/06 13:00,34.5
01/28/06 14:00,40.6
01/28/06 15:00,37.8
01/28/06 16:00,22.1
01/28/06 17:00,0.0
01/28/06 18:00,0.0
01/28/06 19:00,0.0
01/28/06 20:00,0.0
01/28/06 21:00,0.0
01/28/06 22:00,0.0
01/28/06 23:00,0.0
01/29/06 00:00,0.0
01/29/06 01:00,0.0
01/29/06 02:00,0.0
01/29/06 03:00,0.0
01/29/06 04:00,0.0
01/29/06 05:00,0.0
01/29/06 06:00,0.0
01/29/06 07:00,0.0
01/29/06 08:00,0.0
01/29/06 09:00,0.3
01/29/06 10:00,1.2
01/29/06 11:00,1.9
01/29/06 12:00,1.5
01/29/06 13:00,1.0
01/29/06 14:00,1.4
01/29/06 15:00,0.0
01/29/06 16:00,0.0
01/29/06 17:00,0.0
01/29/06 18:00,0.0
01/29/06 19:00,0.0
01/29/06 20:00,0.0
01/29/06 21:00,0.0
01/29/06 22:00,0.0
01/29/06 23:00,0.0
01/30/06 00:00,0.0
01/30/06 01:00,0.0
01/30/06 02:00,0.0
01/30/06 03:00,0.0
01/30/06 04:00,0.0
01/30/06 05:00,0.0
01/30/06 06:00,0.0
01/30/06 07:00,0.0
01/30/06 08:00,0.0
01/30/06 09:00,4.0
01/30/06 10:00,9.9
01/30/06 11:00,22.2
01/30/06 12:00,30.0
01/30/06 13:00,33.3
01/30/06 14:00,30.7
01/30/06 15:00,32.2
01/30/06 16:00,15.5
01/30/06 17:00,0.0
01/30/06 18:00,0.0
01/30/06 19:00,0.0
01/30/06 20:00,0.0
01/30/06 21:00,0.0
01/30/06 22:00,0.0
01/30/06 23:00,0.0
01/31/06 00:00,0.0
01/31/06 01:00,0.0
01/31/06 02:00,0.0
01/31/06 03:00,0.0
01/31/06 04:00,0.0
01/31/06 05:00,0.0
01/31/06 06:00,0.0
01/31/06 07:00,0.0
01/31/06 08:00,0.0
01/31/06 09:00,0.0
01/31/06 10:00,0.2
01/31/06 11:00,2.9
01/31/06 12:00,5.6
01/31/06 13:00,2.1
01/31/06 14:00,0.4
01/31/06 15:00,0.2
01/31/06 16:00,0.3
01/31/06 17:00,0.0
01/31/06 18:00,0.0
01/31/06 19:00,0.0
01/31/06 20:00,0.0
01/31/06 21:00,0.0
01/31/06 22:00,0.0
01/31/06 23:00,0.0
02/01/06 00:00,0.0
02/01/06 01:00,0.0
02/01/06 02:00,0.0
02/01/06 03:00,0.0
02/01/06 04:00,0.0
02/01/06 05:00,0.0
02/01/06 06:00,0.0
02/01/06 07:00,0.0
02/01/06 08:00,19.6
02/01/06 09:00,35.0
02/01/06 10:00,36.5
02/01/06 11:00,26.6
02/01/06 12:00,24.2
02/01/06 13:00,24.9
02/01/06 14:00,26.9
02/01/06 15:00,23.7
02/01/06 16:00,18.1
02/01/06 17:00,0.0
02/01/06 18:00,0.0
02/01/06 19:00,0.0
02/01/06 20:00,0.0
02/01/06 21:00,0.0
02/01/06 22:00,0.0
02/01/06 23:00,0.0
02/02/06 00:00,0.0
02/02/06 01:00,0.0
02/02/06 02:00,0.0
02/02/06 03:00,0.0
02/02/06 04:00,0.0
02/02/06 05:00,0.0
02/02/06 06:00,0.0
02/02/06 07:00,0.0
02/02/06 08:00,14.4
02/02/06 09:00,8.6
02/02/06 10:00,33.2
02/02/06 11:00,26.5
02/02/06 12:00,22.0
02/02/06 13:00,18.5
02/02/06 14:00,27.2
02/02/06 15:00,22.1
02/02/06 16:00,15.4
02/02/06 17:00,0.0
02/02/06 18:00,0.0
02/02/06 19:00,0.0
02/02/06 20:00,0.0
02/02/06 21:00,0.0
02/02/06 22:00,0.0
02/02/06 23:00,0.0
02/03/06 00:00,0.0
02/03/06 01:00,0.0
02/03/06 02:00,0.0
02/03/06 03:00,0.0
02/03/06 04:00,0.0
02/03/06 05:00,0.0
02/03/06 06:00,0.0
02/03/06 07:00,0.0
02/03/06 08:00,0.0
02/03/06 09:00,0.0
02/03/06 10:00,0.0
02/03/06 11:00,0.0
02/03/06 12:00,12.9
02/03/06 13:00,24.4
02/03/06 14:00,12.8
02/03/06 15:00,22.4
02/03/06 16:00,23.0
02/03/06 17:00,0.0
02/03/06 18:00,0.0
02/03/06 19:00,0.0
02/03/06 20:00,0.0
02/03/06 21:00,0.0
02/03/06 22:00,0.0
02/03/06 23:00,0.0
02/04/06 00:00,0.0
02/04/06 01:00,0.0
02/04/06 02:00,0.0
02/04/06 03:00,0.0
02/04/06 04:00,0.0
02/04/06 05:00,0.0
02/04/06 06:00,0.0
02/04/06 07:00,0.0
02/04/06 08:00,0.0
02/04/06 09:00,1.7
02/04/06 10:00,8.7
02/04/06 11:00,0.0
02/04/06 12:00,10.7
02/04/06 13:00,2.2
02/04/06 14:00,0.0
02/04/06 15:00,0.0
02/04/06 16:00,0.0
02/04/06 17:00,0.0
02/04/06 18:00,0.0
02/04/06 19:00,0.0
02/04/06 20:00,0.0
02/04/06 21:00,0.0
02/04/06 22:00,0.0
02/04/06 23:00,0.0
02/05/06 00:00,0.0
02/05/06 01:00,0.0
02/05/06 02:00,0.0
02/05/06 03:00,0.0
02/05/06 04:00,0.0
02/05/06 05:00,0.0
02/05/06 06:00,0.0
02/05/06 07:00,0.0
02/05/06 08:00,24.0
02/05/06 09:00,33.8
02/05/06 10:00,30.8
02/05/06 11:00,26.2
02/05/06 12:00,24.4
02/05/06 13:00,24.6
02/05/06 14:00,26.0
02/05/06 15:00,23.1
02/05/06 16:00,18.4
02/05/06 17:00,0.0
02/05/06 18:00,0.0
02/05/06 19:00,0.0
02/05/06 20:00,0.0
02/05/06 21:00,0.0
02/05/06 22:00,0.0
02/05/06 23:00,0.0
02/06/06 00:00,0.0
02/06/06 01:00,0.0
02/06/06 02:00,0.0
02/06/06 03:00,0.0
02/06/06 04:00,0.0
02/06/06 05:00,0.0
02/06/06 06:00,0.0
02/06/06 07:00,0.0
02/06/06 08:00,21.3
02/06/06 09:00,36.4
02/06/06 10:00,30.5
02/06/06 11:00,26.3
02/06/06 12:00,26.2
02/06/06 13:00,28.7
02/06/06 14:00,29.9
02/06/06 15:00,0.0
02/06/06 16:00,23.0
02/06/06 17:00,0.0
02/06/06 18:00,0.0
02/06/06 19:00,0.0
02/06/06 20:00,0.0
02/06/06 21:00,0.0
02/06/06 22:00,0.0
02/06/06 23:00,0.0
02/07/06 00:00,0.0
02/07/06 01:00,0.0
02/07/06 02:00,0.0
02/07/06 03:00,0.0
02/07/06 04:00,0.0
02/07/06 05:00,0.0
02/07/06 06:00,0.0
02/07/06 07:00,0.0
02/07/06 08:00,22.4
02/07/06 09:00,38.6
02/07/06 10:00,31.9
02/07/06 11:00,32.9
02/07/06 12:00,37.1
02/07/06 13:00,30.6
02/07/06 14:00,39.1
02/07/06 15:00,33.1
02/07/06 16:00,20.0
02/07/06 17:00,0.0
02/07/06 18:00,0.0
02/07/06 19:00,0.0
02/07/06 20:00,0.0
02/07/06 21:00,0.0
02/07/06 22:00,0.0
02/07/06 23:00,0.0
02/08/06 00:00,0.0
02/08/06 01:00,0.0
02/08/06 02:00,0.0
02/08/06 03:00,0.0
02/08/06 04:00,0.0
02/08/06 05:00,0.0
02/08/06 06:00,0.0
02/08/06 07:00,0.0
02/08/06 08:00,17.1
02/08/06 09:00,25.1
02/08/06 10:00,32.7
02/08/06 11:00,34.4
02/08/06 12:00,24.5
02/08/06 13:00,27.6
02/08/06 14:00,31.3
02/08/06 15:00,31.3
02/08/06 16:00,19.4
02/08/06 17:00,0.0
02/08/06 18:00,0.0
02/08/06 19:00,0.0
02/08/06 20:00,0.0
02/08/06 21:00,0.0
02/08/06 22:00,0.0
02/08/06 23:00,0.0
02/09/06 00:00,0.0
02/09/06 01:00,0.0
02/09/06 02:00,0.0
02/09/06 03:00,0.0
02/09/06 04:00,0.0
02/09/06 05:00,0.0
02/09/06 06:00,0.0
02/09/06 07:00,0.0
02/09/06 08:00,20.2
02/09/06 09:00,35.8
02/09/06 10:00,42.1
02/09/06 11:00,39.0
02/09/06 12:00,35.5
02/09/06 13:00,38.4
02/09/06 14:00,42.3
02/09/06 15:00,34.6
02/09/06 16:00,21.1
02/09/06 17:00,0.0
02/09/06 18:00,0.0
02/09/06 19:00,0.0
02/09/06 20:00,0.0
02/09/06 21:00,0.0
02/09/06 22:00,0.0
02/09/06 23:00,0.0
02/10/06 00:00,0.0
02/10/06 01:00,0.0
02/10/06 02:00,0.0
02/10/06 03:00,0.0
02/10/06 04:00,0.0
02/10/06 05:00,0.0
02/10/06 06:00,0.0
02/10/06 07:00,0.0
02/10/06 08:00,10.4
02/10/06 09:00,12.4
02/10/06 10:00,15.2
02/10/06 11:00,21.8
02/10/06 12:00,24.4
02/10/06 13:00,21.1
02/10/06 14:00,20.4
02/10/06 15:00,17.9
02/10/06 16:00,11.3
02/10/06 17:00,0.0
02/10/06 18:00,0.0
02/10/06 19:00,0.0
02/10/06 20:00,0.0
02/10/06 21:00,0.0
02/10/06 22:00,0.0
02/10/06 23:00,0.0
02/11/06 00:00,0.0
02/11/06 01:00,0.0
02/11/06 02:00,0.0
02/11/06 03:00,0.0
02/11/06 04:00,0.0
02/11/06 05:00,0.0
02/11/06 06:00,0.0
02/11/06 07:00,0.0
02/11/06 08:00,20.6
02/11/06 09:00,26.8
02/11/06 10:00,34.1
02/11/06 11:00,29.4
02/11/06 12:00,29.5
02/11/06 13:00,38.2
02/11/06 14:00,29.8
02/11/06 15:00,20.8
02/11/06 16:00,9.4
02/11/06 17:00,0.0
02/11/06 18:00,0.0
02/11/06 19:00,0.0
02/11/06 20:00,0.0
02/11/06 21:00,0.0
02/11/06 22:00,0.0
02/11/06 23:00,0.0
02/12/06 00:00,0.0
02/12/06 01:00,0.0
02/12/06 02:00,0.0
02/12/06 03:00,0.0
02/12/06 04:00,0.0
02/12/06 05:00,0.0
02/12/06 06:00,0.0
02/12/06 07:00,0.0
02/12/06 08:00,0.0
02/12/06 09:00,2.5
02/12/06 10:00,10.4
02/12/06 11:00,16.3
02/12/06 12:00,17.3
02/12/06 13:00,18.9
02/12/06 14:00,26.1
02/12/06 15:00,22.6
02/12/06 16:00,18.5
02/12/06 17:00,0.0
02/12/06 18:00,0.0
02/12/06 19:00,0.0
02/12/06 20:00,0.0
02/12/06 21:00,0.0
02/12/06 22:00,0.0
02/12/06 23:00,0.0
02/13/06 00:00,0.0
02/13/06 01:00,0.0
02/13/06 02:00,0.0
02/13/06 03:00,0.0
02/13/06 04:00,0.0
02/13/06 05:00,0.0
02/13/06 06:00,0.0
02/13/06 07:00,0.0
02/13/06 08:00,31.8
02/13/06 09:00,37.6
02/13/06 10:00,32.3
02/13/06 11:00,31.7
02/13/06 12:00,29.3
02/13/06 13:00,30.4
02/13/06 14:00,31.1
02/13/06 15:00,32.9
02/13/06 16:00,27.0
02/13/06 17:00,0.0
02/13/06 18:00,0.0
02/13/06 19:00,0.0
02/13/06 20:00,0.0
02/13/06 21:00,0.0
02/13/06 22:00,0.0
02/13/06 23:00,0.0
02/14/06 00:00,0.0
02/14/06 01:00,0.0
02/14/06 02:00,0.0
02/14/06 03:00,0.0
02/14/06 04:00,0.0
02/14/06 05:00,0.0
02/14/06 06:00,0.0
02/14/06 07:00,0.0
02/14/06 08:00,31.4
02/14/06 09:00,36.9
02/14/06 10:00,33.4
02/14/06 11:00,30.1
02/14/06 12:00,29.5
02/14/06 13:00,31.0
02/14/06 14:00,32.1
02/14/06 15:00,28.4
02/14/06 16:00,27.9
02/14/06 17:00,0.0
02/14/06 18:00,0.0
02/14/06 19:00,0.0
02/14/06 20:00,0.0
02/14/06 21:00,0.0
02/14/06 22:00,0.0
02/14/06 23:00,0.0
02/15/06 00:00,0.0
02/15/06 01:00,0.0
02/15/06 02:00,0.0
02/15/06 03:00,0.0
02/15/06 04:00,0.0
02/15/06 05:00,0.0
02/15/06 06:00,0.0
02/15/06 07:00,0.0
02/15/06 08:00,0.7
02/15/06 09:00,18.5
02/15/06 10:00,37.0
02/15/06 11:00,38.3
02/15/06 12:00,36.4
02/15/06 13:00,40.4
02/15/06 14:00,41.9
02/15/06 15:00,30.8
02/15/06 16:00,26.6
02/15/06 17:00,0.0
02/15/06 18:00,0.0
02/15/06 19:00,0.0
02/15/06 20:00,0.0
02/15/06 21:00,0.0
02/15/06 22:00,0.0
02/15/06 23:00,0.0
02/16/06 00:00,0.0
02/16/06 01:00,0.0
02/16/06 02:00,0.0
02/16/06 03:00,0.0
02/16/06 04:00,0.0
02/16/06 05:00,0.0
02/16/06 06:00,0.0
02/16/06 07:00,0.0
02/16/06 08:00,0.0
02/16/06 09:00,1.6
02/16/06 10:00,8.6
02/16/06 11:00,10.2
02/16/06 12:00,11.7
02/16/06 13:00,12.0
02/16/06 14:00,10.8
02/16/06 15:00,7.5
02/16/06 16:00,0.9
02/16/06 17:00,0.0
02/16/06 18:00,0.0
02/16/06 19:00,0.0
02/16/06 20:00,0.0
02/16/06 21:00,0.0
02/16/06 22:00,0.0
02/16/06 23:00,0.0
02/17/06 00:00,0.0
02/17/06 01:00,0.0
02/17/06 02:00,0.0
02/17/06 03:00,0.0
02/17/06 04:00,0.0
02/17/06 05:00,0.0
02/17/06 06:00,0.0
02/17/06 07:00,0.0
02/17/06 08:00,0.0
02/17/06 09:00,0.0
02/17/06 10:00,8.7
02/17/06 11:00,39.5
02/17/06 12:00,34.6
02/17/06 13:00,40.2
02/17/06 14:00,42.1
02/17/06 15:00,41.3
02/17/06 16:00,32.0
02/17/06 17:00,0.0
02/17/06 18:00,0.0
02/17/06 19:00,0.0
02/17/06 20:00,0.0
02/17/06 21:00,0.0
02/17/06 22:00,0.0
02/17/06 23:00,0.0
02/18/06 00:00,0.0
02/18/06 01:00,0.0
02/18/06 02:00,0.0
02/18/06 03:00,0.0
02/18/06 04:00,0.0
02/18/06 05:00,0.0
02/18/06 06:00,0.0
02/18/06 07:00,0.0
02/18/06 08:00,12.6
02/18/06 09:00,16.6
02/18/06 10:00,32.4
02/18/06 11:00,32.8
02/18/06 12:00,27.7
02/18/06 13:00,43.5
02/18/06 14:00,27.8
02/18/06 15:00,38.2
02/18/06 16:00,32.5
02/18/06 17:00,0.0
02/18/06 18:00,0.0
02/18/06 19:00,0.0
02/18/06 20:00,0.0
02/18/06 21:00,0.0
02/18/06 22:00,0.0
02/18/06 23:00,0.0
02/19/06 00:00,0.0
02/19/06 01:00,0.0
02/19/06 02:00,0.0
02/19/06 03:00,0.0
02/19/06 04:00,0.0
02/19/06 05:00,0.0
02/19/06 06:00,0.0
02/19/06 07:00,0.0
02/19/06 08:00,35.8
02/19/06 09:00,48.8
02/19/06 10:00,43.6
02/19/06 11:00,42.0
02/19/06 12:00,36.8
02/19/06 13:00,42.0
02/19/06 14:00,43.8
02/19/06 15:00,42.0
02/19/06 16:00,33.5
02/19/06 17:00,11.3
02/19/06 18:00,0.0
02/19/06 19:00,0.0
02/19/06 20:00,0.0
02/19/06 21:00,0.0
02/19/06 22:00,0.0
02/19/06 23:00,0.0
02/20/06 00:00,0.0
02/20/06 01:00,0.0
02/20/06 02:00,0.0
02/20/06 03:00,0.0
02/20/06 04:00,0.0
02/20/06 05:00,0.0
02/20/06 06:00,0.0
02/20/06 07:00,0.0
02/20/06 08:00,29.0
02/20/06 09:00,46.8
02/20/06 10:00,44.8
02/20/06 11:00,41.3
02/20/06 12:00,37.1
02/20/06 13:00,39.7
02/20/06 14:00,43.1
02/20/06 15:00,40.8
02/20/06 16:00,32.7
02/20/06 17:00,13.3
02/20/06 18:00,0.0
02/20/06 19:00,0.0
02/20/06 20:00,0.0
02/20/06 21:00,0.0
02/20/06 22:00,0.0
02/20/06 23:00,0.0
02/21/06 00:00,0.0
02/21/06 01:00,0.0
02/21/06 02:00,0.0
02/21/06 03:00,0.0
02/21/06 04:00,0.0
02/21/06 05:00,0.0
02/21/06 06:00,0.0
02/21/06 07:00,0.0
02/21/06 08:00,33.7
02/21/06 09:00,43.8
02/21/06 10:00,37.3
02/21/06 11:00,31.5
02/21/06 12:00,34.6
02/21/06 13:00,28.3
02/21/06 14:00,33.0
02/21/06 15:00,37.7
02/21/06 16:00,21.2
02/21/06 17:00,0.4
02/21/06 18:00,0.0
02/21/06 19:00,0.0
02/21/06 20:00,0.0
02/21/06 21:00,0.0
02/21/06 22:00,0.0
02/21/06 23:00,0.0
02/22/06 00:00,0.0
02/22/06 01:00,0.0
02/22/06 02:00,0.0
02/22/06 03:00,0.0
02/22/06 04:00,0.0
02/22/06 05:00,0.0
02/22/06 06:00,0.0
02/22/06 07:00,0.0
02/22/06 08:00,35.8
02/22/06 09:00,44.6
02/22/06 10:00,41.7
02/22/06 11:00,36.5
02/22/06 12:00,37.3
02/22/06 13:00,32.1
02/22/06 14:00,29.1
02/22/06 15:00,27.7
02/22/06 16:00,16.5
02/22/06 17:00,0.0
02/22/06 18:00,0.0
02/22/06 19:00,0.0
02/22/06 20:00,0.0
02/22/06 21:00,0.0
02/22/06 22:00,0.0
02/22/06 23:00,0.0
02/23/06 00:00,0.0
02/23/06 01:00,0.0
02/23/06 02:00,0.0
02/23/06 03:00,0.0
02/23/06 04:00,0.0
02/23/06 05:00,0.0
02/23/06 06:00,0.0
02/23/06 07:00,0.0
02/23/06 08:00,0.2
02/23/06 09:00,4.1
02/23/06 10:00,16.5
02/23/06 11:00,28.3
02/23/06 12:00,27.8
02/23/06 13:00,31.6
02/23/06 14:00,31.5
02/23/06 15:00,31.5
02/23/06 16:00,1.1
02/23/06 17:00,11.7
02/23/06 18:00,0.0
02/23/06 19:00,0.0
02/23/06 20:00,0.0
02/23/06 21:00,0.0
02/23/06 22:00,0.0
02/23/06 23:00,0.0
02/24/06 00:00,0.0
02/24/06 01:00,0.0
02/24/06 02:00,0.0
02/24/06 03:00,0.0
02/24/06 04:00,0.0
02/24/06 05:00,0.0
02/24/06 06:00,0.0
02/24/06 07:00,0.9
02/24/06 08:00,36.8
02/24/06 09:00,46.6
02/24/06 10:00,43.2
02/24/06 11:00,33.3
02/24/06 12:00,38.6
02/24/06 13:00,43.1
02/24/06 14:00,45.6
02/24/06 15:00,43.5
02/24/06 16:00,35.1
02/24/06 17:00,15.8
02/24/06 18:00,0.0
02/24/06 19:00,0.0
02/24/06 20:00,0.0
02/24/06 21:00,0.0
02/24/06 22:00,0.0
02/24/06 23:00,0.0
02/25/06 00:00,0.0
02/25/06 01:00,0.0
02/25/06 02:00,0.0
02/25/06 03:00,0.0
02/25/06 04:00,0.0
02/25/06 05:00,0.0
02/25/06 06:00,0.0
02/25/06 07:00,0.0
02/25/06 08:00,0.4
02/25/06 09:00,7.4
02/25/06 10:00,14.7
02/25/06 11:00,22.5
02/25/06 12:00,22.7
02/25/06 13:00,25.1
02/25/06 14:00,15.9
02/25/06 15:00,35.4
02/25/06 16:00,11.7
02/25/06 17:00,14.0
02/25/06 18:00,0.0
02/25/06 19:00,0.0
02/25/06 20:00,0.0
02/25/06 21:00,0.0
02/25/06 22:00,0.0
02/25/06 23:00,0.0
02/26/06 00:00,0.0
02/26/06 01:00,0.0
02/26/06 02:00,0.0
02/26/06 03:00,0.0
02/26/06 04:00,0.0
02/26/06 05:00,0.0
02/26/06 06:00,0.0
02/26/06 07:00,6.6
02/26/06 08:00,38.8
02/26/06 09:00,51.5
02/26/06 10:00,45.3
02/26/06 11:00,40.9
02/26/06 12:00,31.6
02/26/06 13:00,41.6
02/26/06 14:00,40.4
02/26/06 15:00,29.6
02/26/06 16:00,39.5
02/26/06 17:00,0.0
02/26/06 18:00,0.0
02/26/06 19:00,0.0
02/26/06 20:00,0.0
02/26/06 21:00,0.0
02/26/06 22:00,0.0
02/26/06 23:00,0.0
02/27/06 00:00,0.0
02/27/06 01:00,0.0
02/27/06 02:00,0.0
02/27/06 03:00,0.0
02/27/06 04:00,0.0
02/27/06 05:00,0.0
02/27/06 06:00,0.0
02/27/06 07:00,9.2
02/27/06 08:00,41.3
02/27/06 09:00,48.6
02/27/06 10:00,45.1
02/27/06 11:00,42.8
02/27/06 12:00,37.7
02/27/06 13:00,45.1
02/27/06 14:00,42.1
02/27/06 15:00,36.6
02/27/06 16:00,41.7
02/27/06 17:00,16.0
02/27/06 18:00,0.0
02/27/06 19:00,0.0
02/27/06 20:00,0.0
02/27/06 21:00,0.0
02/27/06 22:00,0.0
02/27/06 23:00,0.0
02/28/06 00:00,0.0
02/28/06 01:00,0.0
02/28/06 02:00,0.0
02/28/06 03:00,0.0
02/28/06 04:00,0.0
02/28/06 05:00,0.0
02/28/06 06:00,0.0
02/28/06 07:00,10.2
02/28/06 08:00,40.5
02/28/06 09:00,46.9
02/28/06 10:00,35.5
02/28/06 11:00,38.8
02/28/06 12:00,37.8
02/28/06 13:00,37.4
02/28/06 14:00,49.6
02/28/06 15:00,40.4
02/28/06 16:00,23.9
02/28/06 17:00,17.0
02/28/06 18:00,0.0
02/28/06 19:00,0.0
02/28/06 20:00,0.0
02/28/06 21:00,0.0
02/28/06 22:00,0.0
02/28/06 23:00,0.0
03/01/06 00:00,0.0
03/01/06 01:00,0.0
03/01/06 02:00,0.0
03/01/06 03:00,0.0
03/01/06 04:00,0.0
03/01/06 05:00,0.0
03/01/06 06:00,0.0
03/01/06 07:00,10.6
03/01/06 08:00,39.4
03/01/06 09:00,45.8
03/01/06 10:00,43.1
03/01/06 11:00,39.3
03/01/06 12:00,36.4
03/01/06 13:00,41.1
03/01/06 14:00,42.8
03/01/06 15:00,43.2
03/01/06 16:00,35.6
03/01/06 17:00,17.4
03/01/06 18:00,0.0
03/01/06 19:00,0.0
03/01/06 20:00,0.0
03/01/06 21:00,0.0
03/01/06 22:00,0.0
03/01/06 23:00,0.0
03/02/06 00:00,0.0
03/02/06 01:00,0.0
03/02/06 02:00,0.0
03/02/06 03:00,0.0
03/02/06 04:00,0.0
03/02/06 05:00,0.0
03/02/06 06:00,0.0
03/02/06 07:00,0.0
03/02/06 08:00,0.0
03/02/06 09:00,0.4
03/02/06 10:00,13.0
03/02/06 11:00,4.6
03/02/06 12:00,13.5
03/02/06 13:00,5.9
03/02/06 14:00,0.9
03/02/06 15:00,12.3
03/02/06 16:00,10.7
03/02/06 17:00,9.2
03/02/06 18:00,0.0
03/02/06 19:00,0.0
03/02/06 20:00,0.0
03/02/06 21:00,0.0
03/02/06 22:00,0.0
03/02/06 23:00,0.0
03/03/06 00:00,0.0
03/03/06 01:00,0.0
03/03/06 02:00,0.0
03/03/06 03:00,0.0
03/03/06 04:00,0.0
03/03/06 05:00,0.0
03/03/06 06:00,0.0
03/03/06 07:00,12.9
03/03/06 08:00,41.9
03/03/06 09:00,39.3
03/03/06 10:00,36.8
03/03/06 11:00,42.1
03/03/06 12:00,44.6
03/03/06 13:00,38.4
03/03/06 14:00,53.0
03/03/06 15:00,45.7
03/03/06 16:00,35.9
03/03/06 17:00,19.2
03/03/06 18:00,0.0
03/03/06 19:00,0.0
03/03/06 20:00,0.0
03/03/06 21:00,0.0
03/03/06 22:00,0.0
03/03/06 23:00,0.0
03/04/06 00:00,0.0
03/04/06 01:00,0.0
03/04/06 02:00,0.0
03/04/06 03:00,0.0
03/04/06 04:00,0.0
03/04/06 05:00,0.0
03/04/06 06:00,0.0
03/04/06 07:00,14.9
03/04/06 08:00,38.9
03/04/06 09:00,41.6
03/04/06 10:00,35.9
03/04/06 11:00,34.6
03/04/06 12:00,30.5
03/04/06 13:00,36.0
03/04/06 14:00,44.9
03/04/06 15:00,46.1
03/04/06 16:00,36.7
03/04/06 17:00,18.5
03/04/06 18:00,0.0
03/04/06 19:00,0.0
03/04/06 20:00,0.0
03/04/06 21:00,0.0
03/04/06 22:00,0.0
03/04/06 23:00,0.0
03/05/06 00:00,0.0
03/05/06 01:00,0.0
03/05/06 02:00,0.0
03/05/06 03:00,0.0
03/05/06 04:00,0.0
03/05/06 05:00,0.0
03/05/06 06:00,0.0
03/05/06 07:00,14.2
03/05/06 08:00,41.5
03/05/06 09:00,45.8
03/05/06 10:00,38.2
03/05/06 11:00,45.6
03/05/06 12:00,35.4
03/05/06 13:00,45.5
03/05/06 14:00,46.7
03/05/06 15:00,43.8
03/05/06 16:00,35.0
03/05/06 17:00,19.0
03/05/06 18:00,0.0
03/05/06 19:00,0.0
03/05/06 20:00,0.0
03/05/06 21:00,0.0
03/05/06 22:00,0.0
03/05/06 23:00,0.0
03/06/06 00:00,0.0
03/06/06 01:00,0.0
03/06/06 02:00,0.0
03/06/06 03:00,0.0
03/06/06 04:00,0.0
03/06/06 05:00,0.0
03/06/06 06:00,0.0
03/06/06 07:00,15.5
03/06/06 08:00,41.0
03/06/06 09:00,36.0
03/06/06 10:00,37.7
03/06/06 11:00,45.4
03/06/06 12:00,38.6
03/06/06 13:00,37.4
03/06/06 14:00,42.9
03/06/06 15:00,23.9
03/06/06 16:00,15.9
03/06/06 17:00,19.0
03/06/06 18:00,0.0
03/06/06 19:00,0.0
03/06/06 20:00,0.0
03/06/06 21:00,0.0
03/06/06 22:00,0.0
03/06/06 23:00,0.0
03/07/06 00:00,0.0
03/07/06 01:00,0.0
03/07/06 02:00,0.0
03/07/06 03:00,0.0
03/07/06 04:00,0.0
03/07/06 05:00,0.0
03/07/06 06:00,0.0
03/07/06 07:00,16.8
03/07/06 08:00,39.9
03/07/06 09:00,48.8
03/07/06 10:00,46.7
03/07/06 11:00,44.8
03/07/06 12:00,43.8
03/07/06 13:00,44.4
03/07/06 14:00,46.8
03/07/06 15:00,43.3
03/07/06 16:00,36.2
03/07/06 17:00,20.4
03/07/06 18:00,0.0
03/07/06 19:00,0.0
03/07/06 20:00,0.0
03/07/06 21:00,0.0
03/07/06 22:00,0.0
03/07/06 23:00,0.0
03/08/06 00:00,0.0
03/08/06 01:00,0.0
03/08/06 02:00,0.0
03/08/06 03:00,0.0
03/08/06 04:00,0.0
03/08/06 05:00,0.0
03/08/06 06:00,0.0
03/08/06 07:00,16.5
03/08/06 08:00,37.7
03/08/06 09:00,44.7
03/08/06 10:00,46.7
03/08/06 11:00,42.6
03/08/06 12:00,42.5
03/08/06 13:00,46.8
03/08/06 14:00,43.5
03/08/06 15:00,44.5
03/08/06 16:00,36.1
03/08/06 17:00,19.7
03/08/06 18:00,0.0
03/08/06 19:00,0.0
03/08/06 20:00,0.0
03/08/06 21:00,0.0
03/08/06 22:00,0.0
03/08/06 23:00,0.0
03/09/06 00:00,0.0
03/09/06 01:00,0.0
03/09/06 02:00,0.0
03/09/06 03:00,0.0
03/09/06 04:00,0.0
03/09/06 05:00,0.0
03/09/06 06:00,0.0
03/09/06 07:00,0.0
03/09/06 08:00,0.0
03/09/06 09:00,0.0
03/09/06 10:00,0.3
03/09/06 11:00,0.1
03/09/06 12:00,6.8
03/09/06 13:00,9.9
03/09/06 14:00,0.1
03/09/06 15:00,0.1
03/09/06 16:00,0.4
03/09/06 17:00,0.2
03/09/06 18:00,0.0
03/09/06 19:00,0.0
03/09/06 20:00,0.0
03/09/06 21:00,0.0
03/09/06 22:00,0.0
03/09/06 23:00,0.0
03/10/06 00:00,0.0
03/10/06 01:00,0.0
03/10/06 02:00,0.0
03/10/06 03:00,0.0
03/10/06 04:00,0.0
03/10/06 05:00,0.0
03/10/06 06:00,0.0
03/10/06 07:00,0.0
03/10/06 08:00,0.0
03/10/06 09:00,17.7
03/10/06 10:00,41.6
03/10/06 11:00,31.4
03/10/06 12:00,18.2
03/10/06 13:00,31.5
03/10/06 14:00,32.4
03/10/06 15:00,29.7
03/10/06 16:00,29.0
03/10/06 17:00,18.4
03/10/06 18:00,0.0
03/10/06 19:00,0.0
03/10/06 20:00,0.0
03/10/06 21:00,0.0
03/10/06 22:00,0.0
03/10/06 23:00,0.0
03/11/06 00:00,0.0
03/11/06 01:00,0.0
03/11/06 02:00,0.0
03/11/06 03:00,0.0
03/11/06 04:00,0.0
03/11/06 05:00,0.0
03/11/06 06:00,0.0
03/11/06 07:00,21.0
03/11/06 08:00,42.7
03/11/06 09:00,49.3
03/11/06 10:00,45.6
03/11/06 11:00,39.7
03/11/06 12:00,38.0
03/11/06 13:00,39.2
03/11/06 14:00,32.2
03/11/06 15:00,39.1
03/11/06 16:00,24.0
03/11/06 17:00,15.0
03/11/06 18:00,0.0
03/11/06 19:00,0.0
03/11/06 20:00,0.0
03/11/06 21:00,0.0
03/11/06 22:00,0.0
03/11/06 23:00,0.0
03/12/06 00:00,0.0
03/12/06 01:00,0.0
03/12/06 02:00,0.0
03/12/06 03:00,0.0
03/12/06 04:00,0.0
03/12/06 05:00,0.0
03/12/06 06:00,0.0
03/12/06 07:00,0.0
03/12/06 08:00,0.0
03/12/06 09:00,0.9
03/12/06 10:00,9.9
03/12/06 11:00,15.9
03/12/06 12:00,1.4
03/12/06 13:00,2.4
03/12/06 14:00,1.0
03/12/06 15:00,2.7
03/12/06 16:00,0.0
03/12/06 17:00,9.9
03/12/06 18:00,0.0
03/12/06 19:00,0.0
03/12/06 20:00,0.0
03/12/06 21:00,0.0
03/12/06 22:00,0.0
03/12/06 23:00,0.0
03/13/06 00:00,0.0
03/13/06 01:00,0.0
03/13/06 02:00,0.0
03/13/06 03:00,0.0
03/13/06 04:00,0.0
03/13/06 05:00,0.0
03/13/06 06:00,0.0
03/13/06 07:00,0.0
03/13/06 08:00,0.0
03/13/06 09:00,0.0
03/13/06 10:00,1.3
03/13/06 11:00,3.7
03/13/06 12:00,1.1
03/13/06 13:00,0.3
03/13/06 14:00,0.4
03/13/06 15:00,0.5
03/13/06 16:00,0.1
03/13/06 17:00,0.0
03/13/06 18:00,0.0
03/13/06 19:00,0.0
03/13/06 20:00,0.0
03/13/06 21:00,0.0
03/13/06 22:00,0.0
03/13/06 23:00,0.0
03/14/06 00:00,0.0
03/14/06 01:00,0.0
03/14/06 02:00,0.0
03/14/06 03:00,0.0
03/14/06 04:00,0.0
03/14/06 05:00,0.0
03/14/06 06:00,0.0
03/14/06 07:00,14.1
03/14/06 08:00,34.5
03/14/06 09:00,45.2
03/14/06 10:00,45.6
03/14/06 11:00,41.6
03/14/06 12:00,34.3
03/14/06 13:00,41.9
03/14/06 14:00,40.9
03/14/06 15:00,30.7
03/14/06 16:00,33.2
03/14/06 17:00,19.5
03/14/06 18:00,0.0
03/14/06 19:00,0.0
03/14/06 20:00,0.0
03/14/06 21:00,0.0
03/14/06 22:00,0.0
03/14/06 23:00,0.0
03/15/06 00:00,0.0
03/15/06 01:00,0.0
03/15/06 02:00,0.0
03/15/06 03:00,0.0
03/15/06 04:00,0.0
03/15/06 05:00,0.0
03/15/06 06:00,0.0
03/15/06 07:00,20.7
03/15/06 08:00,33.5
03/15/06 09:00,32.1
03/15/06 10:00,35.2
03/15/06 11:00,38.0
03/15/06 12:00,35.8
03/15/06 13:00,36.2
03/15/06 14:00,38.3
03/15/06 15:00,37.2
03/15/06 16:00,39.1
03/15/06 17:00,23.2
03/15/06 18:00,0.0
03/15/06 19:00,0.0
03/15/06 20:00,0.0
03/15/06 21:00,0.0
03/15/06 22:00,0.0
03/15/06 23:00,0.0
03/16/06 00:00,0.0
03/16/06 01:00,0.0
03/16/06 02:00,0.0
03/16/06 03:00,0.0
03/16/06 04:00,0.0
03/16/06 05:00,0.0
03/16/06 06:00,0.0
03/16/06 07:00,23.3
03/16/06 08:00,43.8
03/16/06 09:00,49.6
03/16/06 10:00,35.2
03/16/06 11:00,48.9
03/16/06 12:00,35.9
03/16/06 13:00,38.1
03/16/06 14:00,34.3
03/16/06 15:00,40.1
03/16/06 16:00,37.7
03/16/06 17:00,24.7
03/16/06 18:00,0.0
03/16/06 19:00,0.0
03/16/06 20:00,0.0
03/16/06 21:00,0.0
03/16/06 22:00,0.0
03/16/06 23:00,0.0
03/17/06 00:00,0.0
03/17/06 01:00,0.0
03/17/06 02:00,0.0
03/17/06 03:00,0.0
03/17/06 04:00,0.0
03/17/06 05:00,0.0
03/17/06 06:00,0.0
03/17/06 07:00,26.1
03/17/06 08:00,49.7
03/17/06 09:00,52.4
03/17/06 10:00,45.7
03/17/06 11:00,43.9
03/17/06 12:00,42.5
03/17/06 13:00,46.2
03/17/06 14:00,48.9
03/17/06 15:00,46.6
03/17/06 16:00,38.3
03/17/06 17:00,23.1
03/17/06 18:00,0.0
03/17/06 19:00,0.0
03/17/06 20:00,0.0
03/17/06 21:00,0.0
03/17/06 22:00,0.0
03/17/06 23:00,0.0
03/18/06 00:00,0.0
03/18/06 01:00,0.0
03/18/06 02:00,0.0
03/18/06 03:00,0.0
03/18/06 04:00,0.0
03/18/06 05:00,0.0
03/18/06 06:00,0.0
03/18/06 07:00,26.3
03/18/06 08:00,46.9
03/18/06 09:00,51.8
03/18/06 10:00,48.7
03/18/06 11:00,44.8
03/18/06 12:00,41.3
03/18/06 13:00,37.7
03/18/06 14:00,38.3
03/18/06 15:00,46.3
03/18/06 16:00,39.2
03/18/06 17:00,21.2
03/18/06 18:00,0.0
03/18/06 19:00,0.0
03/18/06 20:00,0.0
03/18/06 21:00,0.0
03/18/06 22:00,0.0
03/18/06 23:00,0.0
03/19/06 00:00,0.0
03/19/06 01:00,0.0
03/19/06 02:00,0.0
03/19/06 03:00,0.0
03/19/06 04:00,0.0
03/19/06 05:00,0.0
03/19/06 06:00,0.0
03/19/06 07:00,29.5
03/19/06 08:00,45.5
03/19/06 09:00,37.4
03/19/06 10:00,33.2
03/19/06 11:00,33.9
03/19/06 12:00,32.1
03/19/06 13:00,30.9
03/19/06 14:00,32.5
03/19/06 15:00,41.4
03/19/06 16:00,31.9
03/19/06 17:00,24.2
03/19/06 18:00,0.0
03/19/06 19:00,0.0
03/19/06 20:00,0.0
03/19/06 21:00,0.0
03/19/06 22:00,0.0
03/19/06 23:00,0.0
03/20/06 00:00,0.0
03/20/06 01:00,0.0
03/20/06 02:00,0.0
03/20/06 03:00,0.0
03/20/06 04:00,0.0
03/20/06 05:00,0.0
03/20/06 06:00,0.0
03/20/06 07:00,29.4
03/20/06 08:00,48.0
03/20/06 09:00,40.6
03/20/06 10:00,46.4
03/20/06 11:00,36.0
03/20/06 12:00,35.2
03/20/06 13:00,46.6
03/20/06 14:00,48.0
03/20/06 15:00,47.4
03/20/06 16:00,39.1
03/20/06 17:00,26.1
03/20/06 18:00,0.0
03/20/06 19:00,0.0
03/20/06 20:00,0.0
03/20/06 21:00,0.0
03/20/06 22:00,0.0
03/20/06 23:00,0.0
03/21/06 00:00,0.0
03/21/06 01:00,0.0
03/21/06 02:00,0.0
03/21/06 03:00,0.0
03/21/06 04:00,0.0
03/21/06 05:00,0.0
03/21/06 06:00,0.0
03/21/06 07:00,29.0
03/21/06 08:00,49.3
03/21/06 09:00,50.9
03/21/06 10:00,33.2
03/21/06 11:00,32.0
03/21/06 12:00,44.7
03/21/06 13:00,34.2
03/21/06 14:00,43.0
03/21/06 15:00,29.3
03/21/06 16:00,26.2
03/21/06 17:00,12.7
03/21/06 18:00,0.0
03/21/06 19:00,0.0
03/21/06 20:00,0.0
03/21/06 21:00,0.0
03/21/06 22:00,0.0
03/21/06 23:00,0.0
03/22/06 00:00,0.0
03/22/06 01:00,0.0
03/22/06 02:00,0.0
03/22/06 03:00,0.0
03/22/06 04:00,0.0
03/22/06 05:00,0.0
03/22/06 06:00,0.0
03/22/06 07:00,28.3
03/22/06 08:00,40.0
03/22/06 09:00,36.2
03/22/06 10:00,36.8
03/22/06 11:00,37.1
03/22/06 12:00,31.3
03/22/06 13:00,41.3
03/22/06 14:00,32.7
03/22/06 15:00,33.6
03/22/06 16:00,26.1
03/22/06 17:00,19.0
03/22/06 18:00,0.0
03/22/06 19:00,0.0
03/22/06 20:00,0.0
03/22/06 21:00,0.0
03/22/06 22:00,0.0
03/22/06 23:00,0.0
03/23/06 00:00,0.0
03/23/06 01:00,0.0
03/23/06 02:00,0.0
03/23/06 03:00,0.0
03/23/06 04:00,0.0
03/23/06 05:00,0.0
03/23/06 06:00,0.0
03/23/06 07:00,30.8
03/23/06 08:00,48.4
03/23/06 09:00,52.6
03/23/06 10:00,44.9
03/23/06 11:00,44.3
03/23/06 12:00,31.7
03/23/06 13:00,32.0
03/23/06 14:00,34.7
03/23/06 15:00,40.4
03/23/06 16:00,31.8
03/23/06 17:00,21.6
03/23/06 18:00,0.0
03/23/06 19:00,0.0
03/23/06 20:00,0.0
03/23/06 21:00,0.0
03/23/06 22:00,0.0
03/23/06 23:00,0.0
03/24/06 00:00,0.0
03/24/06 01:00,0.0
03/24/06 02:00,0.0
03/24/06 03:00,0.0
03/24/06 04:00,0.0
03/24/06 05:00,0.0
03/24/06 06:00,0.0
03/24/06 07:00,0.1
03/24/06 08:00,5.8
03/24/06 09:00,14.1
03/24/06 10:00,25.7
03/24/06 11:00,33.7
03/24/06 12:00,30.3
03/24/06 13:00,34.9
03/24/06 14:00,36.1
03/24/06 15:00,34.7
03/24/06 16:00,8.5
03/24/06 17:00,7.3
03/24/06 18:00,0.0
03/24/06 19:00,0.0
03/24/06 20:00,0.0
03/24/06 21:00,0.0
03/24/06 22:00,0.0
03/24/06 23:00,0.0
03/25/06 00:00,0.0
03/25/06 01:00,0.0
03/25/06 02:00,0.0
03/25/06 03:00,0.0
03/25/06 04:00,0.0
03/25/06 05:00,0.0
03/25/06 06:00,0.0
03/25/06 07:00,0.1
03/25/06 08:00,4.7
03/25/06 09:00,11.8
03/25/06 10:00,28.8
03/25/06 11:00,37.7
03/25/06 12:00,31.3
03/25/06 13:00,31.6
03/25/06 14:00,33.5
03/25/06 15:00,31.4
03/25/06 16:00,17.2
03/25/06 17:00,14.1
03/25/06 18:00,0.0
03/25/06 19:00,0.0
03/25/06 20:00,0.0
03/25/06 21:00,0.0
03/25/06 22:00,0.0
03/25/06 23:00,0.0
03/26/06 00:00,0.0
03/26/06 01:00,0.0
03/26/06 02:00,0.0
03/26/06 03:00,0.0
03/26/06 04:00,0.0
03/26/06 05:00,0.0
03/26/06 06:00,0.0
03/26/06 07:00,8.1
03/26/06 08:00,20.9
03/26/06 09:00,27.5
03/26/06 10:00,35.5
03/26/06 11:00,38.1
03/26/06 12:00,35.4
03/26/06 13:00,36.3
03/26/06 14:00,35.9
03/26/06 15:00,31.0
03/26/06 16:00,24.3
03/26/06 17:00,19.2
03/26/06 18:00,0.0
03/26/06 19:00,0.0
03/26/06 20:00,0.0
03/26/06 21:00,0.0
03/26/06 22:00,0.0
03/26/06 23:00,0.0
03/27/06 00:00,0.0
03/27/06 01:00,0.0
03/27/06 02:00,0.0
03/27/06 03:00,0.0
03/27/06 04:00,0.0
03/27/06 05:00,0.0
03/27/06 06:00,0.0
03/27/06 07:00,34.0
03/27/06 08:00,48.3
03/27/06 09:00,53.4
03/27/06 10:00,49.0
03/27/06 11:00,45.3
03/27/06 12:00,43.8
03/27/06 13:00,48.3
03/27/06 14:00,52.2
03/27/06 15:00,50.3
03/27/06 16:00,40.9
03/27/06 17:00,27.5
03/27/06 18:00,0.0
03/27/06 19:00,0.0
03/27/06 20:00,0.0
03/27/06 21:00,0.0
03/27/06 22:00,0.0
03/27/06 23:00,0.0
03/28/06 00:00,0.0
03/28/06 01:00,0.0
03/28/06 02:00,0.0
03/28/06 03:00,0.0
03/28/06 04:00,0.0
03/28/06 05:00,0.0
03/28/06 06:00,0.0
03/28/06 07:00,26.3
03/28/06 08:00,38.6
03/28/06 09:00,40.2
03/28/06 10:00,41.2
03/28/06 11:00,41.6
03/28/06 12:00,34.6
03/28/06 13:00,28.4
03/28/06 14:00,31.6
03/28/06 15:00,37.3
03/28/06 16:00,29.8
03/28/06 17:00,24.9
03/28/06 18:00,0.0
03/28/06 19:00,0.0
03/28/06 20:00,0.0
03/28/06 21:00,0.0
03/28/06 22:00,0.0
03/28/06 23:00,0.0
03/29/06 00:00,0.0
03/29/06 01:00,0.0
03/29/06 02:00,0.0
03/29/06 03:00,0.0
03/29/06 04:00,0.0
03/29/06 05:00,0.0
03/29/06 06:00,0.0
03/29/06 07:00,33.0
03/29/06 08:00,43.9
03/29/06 09:00,49.1
03/29/06 10:00,47.1
03/29/06 11:00,43.9
03/29/06 12:00,43.2
03/29/06 13:00,46.5
03/29/06 14:00,45.8
03/29/06 15:00,48.4
03/29/06 16:00,43.5
03/29/06 17:00,27.1
03/29/06 18:00,0.0
03/29/06 19:00,0.0
03/29/06 20:00,0.0
03/29/06 21:00,0.0
03/29/06 22:00,0.0
03/29/06 23:00,0.0
03/30/06 00:00,0.0
03/30/06 01:00,0.0
03/30/06 02:00,0.0
03/30/06 03:00,0.0
03/30/06 04:00,0.0
03/30/06 05:00,0.0
03/30/06 06:00,0.0
03/30/06 07:00,34.4
03/30/06 08:00,42.4
03/30/06 09:00,47.8
03/30/06 10:00,48.1
03/30/06 11:00,45.8
03/30/06 12:00,46.4
03/30/06 13:00,52.6
03/30/06 14:00,49.0
03/30/06 15:00,45.5
03/30/06 16:00,39.7
03/30/06 17:00,25.6
03/30/06 18:00,0.0
03/30/06 19:00,0.0
03/30/06 20:00,0.0
03/30/06 21:00,0.0
03/30/06 22:00,0.0
03/30/06 23:00,0.0
03/31/06 00:00,0.0
03/31/06 01:00,0.0
03/31/06 02:00,0.0
03/31/06 03:00,0.0
03/31/06 04:00,0.0
03/31/06 05:00,0.0
03/31/06 06:00,0.0
03/31/06 07:00,33.1
03/31/06 08:00,43.1
03/31/06 09:00,46.6
03/31/06 10:00,48.2
03/31/06 11:00,40.6
03/31/06 12:00,41.7
03/31/06 13:00,39.2
03/31/06 14:00,51.0
03/31/06 15:00,49.7
03/31/06 16:00,41.7
03/31/06 17:00,27.5
03/31/06 18:00,0.0
03/31/06 19:00,0.0
03/31/06 20:00,0.0
03/31/06 21:00,0.0
03/31/06 22:00,0.0
03/31/06 23:00,0.0
04/01/06 00:00,0.0
04/01/06 01:00,0.0
04/01/06 02:00,0.0
04/01/06 03:00,0.0
04/01/06 04:00,0.0
04/01/06 05:00,0.0
04/01/06 06:00,0.0
04/01/06 07:00,0.0
04/01/06 08:00,0.0
04/01/06 09:00,1.0
04/01/06 10:00,27.1
04/01/06 11:00,27.8
04/01/06 12:00,0.3
04/01/06 13:00,31.1
04/01/06 14:00,31.7
04/01/06 15:00,26.8
04/01/06 16:00,27.6
04/01/06 17:00,23.9
04/01/06 18:00,0.0
04/01/06 19:00,0.0
04/01/06 20:00,0.0
04/01/06 21:00,0.0
04/01/06 22:00,0.0
04/01/06 23:00,0.0
04/02/06 00:00,0.0
04/02/06 01:00,0.0
04/02/06 02:00,0.0
04/02/06 03:00,0.0
04/02/06 04:00,0.0
04/02/06 05:00,0.0
04/02/06 06:00,0.6
04/02/06 07:00,39.9
04/02/06 08:00,50.2
04/02/06 09:00,51.5
04/02/06 10:00,48.3
04/02/06 11:00,42.8
04/02/06 12:00,43.8
04/02/06 13:00,43.5
04/02/06 14:00,46.3
04/02/06 15:00,44.0
04/02/06 16:00,37.0
04/02/06 17:00,24.8
04/02/06 18:00,0.0
04/02/06 19:00,0.0
04/02/06 20:00,0.0
04/02/06 21:00,0.0
04/02/06 22:00,0.0
04/02/06 23:00,0.0
04/03/06 00:00,0.0
04/03/06 01:00,0.0
04/03/06 02:00,0.0
04/03/06 03:00,0.0
04/03/06 04:00,0.0
04/03/06 05:00,0.0
04/03/06 06:00,0.0
04/03/06 07:00,16.3
04/03/06 08:00,8.4
04/03/06 09:00,16.1
04/03/06 10:00,16.0
04/03/06 11:00,16.7
04/03/06 12:00,21.9
04/03/06 13:00,9.3
04/03/06 14:00,0.8
04/03/06 15:00,0.2
04/03/06 16:00,0.0
04/03/06 17:00,0.0
04/03/06 18:00,0.0
04/03/06 19:00,0.0
04/03/06 20:00,0.0
04/03/06 21:00,0.0
04/03/06 22:00,0.0
04/03/06 23:00,0.0
04/04/06 00:00,0.0
04/04/06 01:00,0.0
04/04/06 02:00,0.0
04/04/06 03:00,0.0
04/04/06 04:00,0.0
04/04/06 05:00,0.0
04/04/06 06:00,0.0
04/04/06 07:00,0.0
04/04/06 08:00,8.6
04/04/06 09:00,13.6
04/04/06 10:00,26.1
04/04/06 11:00,36.4
04/04/06 12:00,29.8
04/04/06 13:00,43.6
04/04/06 14:00,36.0
04/04/06 15:00,44.5
04/04/06 16:00,36.5
04/04/06 17:00,27.5
04/04/06 18:00,0.0
04/04/06 19:00,0.0
04/04/06 20:00,0.0
04/04/06 21:00,0.0
04/04/06 22:00,0.0
04/04/06 23:00,0.0
04/05/06 00:00,0.0
04/05/06 01:00,0.0
04/05/06 02:00,0.0
04/05/06 03:00,0.0
04/05/06 04:00,0.0
04/05/06 05:00,0.0
04/05/06 06:00,0.0
04/05/06 07:00,2.3
04/05/06 08:00,33.3
04/05/06 09:00,37.0
04/05/06 10:00,35.5
04/05/06 11:00,35.7
04/05/06 12:00,46.5
04/05/06 13:00,48.4
04/05/06 14:00,38.0
04/05/06 15:00,45.7
04/05/06 16:00,39.0
04/05/06 17:00,28.9
04/05/06 18:00,0.0
04/05/06 19:00,0.0
04/05/06 20:00,0.0
04/05/06 21:00,0.0
04/05/06 22:00,0.0
04/05/06 23:00,0.0
04/06/06 00:00,0.0
04/06/06 01:00,0.0
04/06/06 02:00,0.0
04/06/06 03:00,0.0
04/06/06 04:00,0.0
04/06/06 05:00,0.0
04/06/06 06:00,9.0
04/06/06 07:00,34.6
04/06/06 08:00,38.6
04/06/06 09:00,37.2
04/06/06 10:00,33.5
04/06/06 11:00,31.9
04/06/06 12:00,30.9
04/06/06 13:00,30.5
04/06/06 14:00,32.1
04/06/06 15:00,36.4
04/06/06 16:00,34.4
04/06/06 17:00,24.9
04/06/06 18:00,0.0
04/06/06 19:00,0.0
04/06/06 20:00,0.0
04/06/06 21:00,0.0
04/06/06 22:00,0.0
04/06/06 23:00,0.0
04/07/06 00:00,0.0
04/07/06 01:00,0.0
04/07/06 02:00,0.0
04/07/06 03:00,0.0
04/07/06 04:00,0.0
04/07/06 05:00,0.0
04/07/06 06:00,0.0
04/07/06 07:00,10.4
04/07/06 08:00,10.1
04/07/06 09:00,1.6
04/07/06 10:00,0.5
04/07/06 11:00,10.0
04/07/06 12:00,0.0
04/07/06 13:00,0.0
04/07/06 14:00,0.0
04/07/06 15:00,0.0
04/07/06 16:00,16.6
04/07/06 17:00,3.9
04/07/06 18:00,0.0
04/07/06 19:00,0.0
04/07/06 20:00,0.0
04/07/06 21:00,0.0
04/07/06 22:00,0.0
04/07/06 23:00,0.0
04/08/06 00:00,0.0
04/08/06 01:00,0.0
04/08/06 02:00,0.0
04/08/06 03:00,0.0
04/08/06 04:00,0.0
04/08/06 05:00,0.0
04/08/06 06:00,0.0
04/08/06 07:00,24.1
04/08/06 08:00,15.3
04/08/06 09:00,30.7
04/08/06 10:00,37.0
04/08/06 11:00,21.7
04/08/06 12:00,29.8
04/08/06 13:00,33.5
04/08/06 14:00,34.6
04/08/06 15:00,36.2
04/08/06 16:00,26.0
04/08/06 17:00,20.6
04/08/06 18:00,0.0
04/08/06 19:00,0.0
04/08/06 20:00,0.0
04/08/06 21:00,0.0
04/08/06 22:00,0.0
04/08/06 23:00,0.0
04/09/06 00:00,0.0
04/09/06 01:00,0.0
04/09/06 02:00,0.0
04/09/06 03:00,0.0
04/09/06 04:00,0.0
04/09/06 05:00,0.0
04/09/06 06:00,13.7
04/09/06 07:00,44.0
04/09/06 08:00,53.7
04/09/06 09:00,53.4
04/09/06 10:00,52.3
04/09/06 11:00,49.0
04/09/06 12:00,45.8
04/09/06 13:00,47.6
04/09/06 14:00,49.4
04/09/06 15:00,45.0
04/09/06 16:00,37.3
04/09/06 17:00,27.9
04/09/06 18:00,0.0
04/09/06 19:00,0.0
04/09/06 20:00,0.0
04/09/06 21:00,0.0
04/09/06 22:00,0.0
04/09/06 23:00,0.0
04/10/06 00:00,0.0
04/10/06 01:00,0.0
04/10/06 02:00,0.0
04/10/06 03:00,0.0
04/10/06 04:00,0.0
04/10/06 05:00,0.0
04/10/06 06:00,14.8
04/10/06 07:00,41.4
04/10/06 08:00,50.4
04/10/06 09:00,43.3
04/10/06 10:00,46.4
04/10/06 11:00,47.0
04/10/06 12:00,45.9
04/10/06 13:00,46.7
04/10/06 14:00,47.1
04/10/06 15:00,45.9
04/10/06 16:00,38.7
04/10/06 17:00,28.3
04/10/06 18:00,0.0
04/10/06 19:00,0.0
04/10/06 20:00,0.0
04/10/06 21:00,0.0
04/10/06 22:00,0.0
04/10/06 23:00,0.0
04/11/06 00:00,0.0
04/11/06 01:00,0.0
04/11/06 02:00,0.0
04/11/06 03:00,0.0
04/11/06 04:00,0.0
04/11/06 05:00,0.0
04/11/06 06:00,11.4
04/11/06 07:00,37.3
04/11/06 08:00,46.2
04/11/06 09:00,44.2
04/11/06 10:00,45.8
04/11/06 11:00,49.5
04/11/06 12:00,49.4
04/11/06 13:00,52.9
04/11/06 14:00,47.9
04/11/06 15:00,43.9
04/11/06 16:00,37.1
04/11/06 17:00,26.6
04/11/06 18:00,0.0
04/11/06 19:00,0.0
04/11/06 20:00,0.0
04/11/06 21:00,0.0
04/11/06 22:00,0.0
04/11/06 23:00,0.0
04/12/06 00:00,0.0
04/12/06 01:00,0.0
04/12/06 02:00,0.0
04/12/06 03:00,0.0
04/12/06 04:00,0.0
04/12/06 05:00,0.0
04/12/06 06:00,13.7
04/12/06 07:00,26.2
04/12/06 08:00,19.1
04/12/06 09:00,31.0
04/12/06 10:00,34.6
04/12/06 11:00,36.0
04/12/06 12:00,41.0
04/12/06 13:00,27.4
04/12/06 14:00,36.7
04/12/06 15:00,14.2
04/12/06 16:00,16.6
04/12/06 17:00,18.2
04/12/06 18:00,0.5
04/12/06 19:00,0.0
04/12/06 20:00,0.0
04/12/06 21:00,0.0
04/12/06 22:00,0.0
04/12/06 23:00,0.0
04/13/06 00:00,0.0
04/13/06 01:00,0.0
04/13/06 02:00,0.0
04/13/06 03:00,0.0
04/13/06 04:00,0.0
04/13/06 05:00,0.0
04/13/06 06:00,2.6
04/13/06 07:00,38.8
04/13/06 08:00,50.4
04/13/06 09:00,43.2
04/13/06 10:00,38.0
04/13/06 11:00,47.7
04/13/06 12:00,29.7
04/13/06 13:00,36.7
04/13/06 14:00,34.3
04/13/06 15:00,40.7
04/13/06 16:00,32.1
04/13/06 17:00,21.2
04/13/06 18:00,7.6
04/13/06 19:00,0.0
04/13/06 20:00,0.0
04/13/06 21:00,0.0
04/13/06 22:00,0.0
04/13/06 23:00,0.0
04/14/06 00:00,0.0
04/14/06 01:00,0.0
04/14/06 02:00,0.0
04/14/06 03:00,0.0
04/14/06 04:00,0.0
04/14/06 05:00,0.0
04/14/06 06:00,14.8
04/14/06 07:00,32.9
04/14/06 08:00,36.2
04/14/06 09:00,30.5
04/14/06 10:00,32.9
04/14/06 11:00,24.3
04/14/06 12:00,0.9
04/14/06 13:00,10.2
04/14/06 14:00,0.5
04/14/06 15:00,0.2
04/14/06 16:00,0.0
04/14/06 17:00,0.0
04/14/06 18:00,0.0
04/14/06 19:00,0.0
04/14/06 20:00,0.0
04/14/06 21:00,0.0
04/14/06 22:00,0.0
04/14/06 23:00,0.0
04/15/06 00:00,0.0
04/15/06 01:00,0.0
04/15/06 02:00,0.0
04/15/06 03:00,0.0
04/15/06 04:00,0.0
04/15/06 05:00,0.0
04/15/06 06:00,7.7
04/15/06 07:00,26.0
04/15/06 08:00,30.5
04/15/06 09:00,30.2
04/15/06 10:00,27.6
04/15/06 11:00,35.7
04/15/06 12:00,35.9
04/15/06 13:00,39.4
04/15/06 14:00,53.3
04/15/06 15:00,48.8
04/15/06 16:00,38.3
04/15/06 17:00,27.7
04/15/06 18:00,9.6
04/15/06 19:00,0.0
04/15/06 20:00,0.0
04/15/06 21:00,0.0
04/15/06 22:00,0.0
04/15/06 23:00,0.0
04/16/06 00:00,0.0
04/16/06 01:00,0.0
04/16/06 02:00,0.0
04/16/06 03:00,0.0
04/16/06 04:00,0.0
04/16/06 05:00,0.0
04/16/06 06:00,21.3
04/16/06 07:00,40.6
04/16/06 08:00,49.3
04/16/06 09:00,53.0
04/16/06 10:00,51.1
04/16/06 11:00,48.3
04/16/06 12:00,48.7
04/16/06 13:00,48.5
04/16/06 14:00,50.4
04/16/06 15:00,40.4
04/16/06 16:00,35.2
04/16/06 17:00,24.4
04/16/06 18:00,9.9
04/16/06 19:00,0.0
04/16/06 20:00,0.0
04/16/06 21:00,0.0
04/16/06 22:00,0.0
04/16/06 23:00,0.0
04/17/06 00:00,0.0
04/17/06 01:00,0.0
04/17/06 02:00,0.0
04/17/06 03:00,0.0
04/17/06 04:00,0.0
04/17/06 05:00,0.0
04/17/06 06:00,20.4
04/17/06 07:00,41.0
04/17/06 08:00,53.1
04/17/06 09:00,52.6
04/17/06 10:00,50.2
04/17/06 11:00,49.8
04/17/06 12:00,51.0
04/17/06 13:00,54.2
04/17/06 14:00,53.8
04/17/06 15:00,51.0
04/17/06 16:00,42.2
04/17/06 17:00,29.2
04/17/06 18:00,10.2
04/17/06 19:00,0.0
04/17/06 20:00,0.0
04/17/06 21:00,0.0
04/17/06 22:00,0.0
04/17/06 23:00,0.0
04/18/06 00:00,0.0
04/18/06 01:00,0.0
04/18/06 02:00,0.0
04/18/06 03:00,0.0
04/18/06 04:00,0.0
04/18/06 05:00,0.0
04/18/06 06:00,20.0
04/18/06 07:00,42.5
04/18/06 08:00,51.1
04/18/06 09:00,51.7
04/18/06 10:00,51.5
04/18/06 11:00,53.0
04/18/06 12:00,54.0
04/18/06 13:00,52.7
04/18/06 14:00,53.2
04/18/06 15:00,50.0
04/18/06 16:00,41.2
04/18/06 17:00,28.6
04/18/06 18:00,10.3
04/18/06 19:00,0.0
04/18/06 20:00,0.0
04/18/06 21:00,0.0
04/18/06 22:00,0.0
04/18/06 23:00,0.0
04/19/06 00:00,0.0
04/19/06 01:00,0.0
04/19/06 02:00,0.0
04/19/06 03:00,0.0
04/19/06 04:00,0.0
04/19/06 05:00,0.0
04/19/06 06:00,21.5
04/19/06 07:00,42.8
04/19/06 08:00,47.6
04/19/06 09:00,41.0
04/19/06 10:00,42.4
04/19/06 11:00,46.9
04/19/06 12:00,53.0
04/19/06 13:00,49.5
04/19/06 14:00,54.0
04/19/06 15:00,41.6
04/19/06 16:00,41.2
04/19/06 17:00,30.5
04/19/06 18:00,8.5
04/19/06 19:00,0.0
04/19/06 20:00,0.0
04/19/06 21:00,0.0
04/19/06 22:00,0.0
04/19/06 23:00,0.0
04/20/06 00:00,0.0
04/20/06 01:00,0.0
04/20/06 02:00,0.0
04/20/06 03:00,0.0
04/20/06 04:00,0.0
04/20/06 05:00,0.0
04/20/06 06:00,22.3
04/20/06 07:00,42.4
04/20/06 08:00,47.4
04/20/06 09:00,50.4
04/20/06 10:00,51.1
04/20/06 11:00,48.0
04/20/06 12:00,47.3
04/20/06 13:00,46.9
04/20/06 14:00,49.0
04/20/06 15:00,45.4
04/20/06 16:00,38.0
04/20/06 17:00,27.0
04/20/06 18:00,11.0
04/20/06 19:00,0.0
04/20/06 20:00,0.0
04/20/06 21:00,0.0
04/20/06 22:00,0.0
04/20/06 23:00,0.0
04/21/06 00:00,0.0
04/21/06 01:00,0.0
04/21/06 02:00,0.0
04/21/06 03:00,0.0
04/21/06 04:00,0.0
04/21/06 05:00,0.0
04/21/06 06:00,19.2
04/21/06 07:00,34.8
04/21/06 08:00,42.4
04/21/06 09:00,39.1
04/21/06 10:00,36.1
04/21/06 11:00,44.3
04/21/06 12:00,38.5
04/21/06 13:00,40.5
04/21/06 14:00,35.2
04/21/06 15:00,40.2
04/21/06 16:00,31.7
04/21/06 17:00,23.6
04/21/06 18:00,2.6
04/21/06 19:00,0.0
04/21/06 20:00,0.0
04/21/06 21:00,0.0
04/21/06 22:00,0.0
04/21/06 23:00,0.0
04/22/06 00:00,0.0
04/22/06 01:00,0.0
04/22/06 02:00,0.0
04/22/06 03:00,0.0
04/22/06 04:00,0.0
04/22/06 05:00,0.0
04/22/06 06:00,0.0
04/22/06 07:00,0.0
04/22/06 08:00,0.0
04/22/06 09:00,1.8
04/22/06 10:00,1.2
04/22/06 11:00,2.1
04/22/06 12:00,0.3
04/22/06 13:00,1.6
04/22/06 14:00,0.0
04/22/06 15:00,0.0
04/22/06 16:00,0.0
04/22/06 17:00,0.0
04/22/06 18:00,0.0
04/22/06 19:00,0.0
04/22/06 20:00,0.0
04/22/06 21:00,0.0
04/22/06 22:00,0.0
04/22/06 23:00,0.0
04/23/06 00:00,0.0
04/23/06 01:00,0.0
04/23/06 02:00,0.0
04/23/06 03:00,0.0
04/23/06 04:00,0.0
04/23/06 05:00,0.0
04/23/06 06:00,0.0
04/23/06 07:00,0.0
04/23/06 08:00,0.0
04/23/06 09:00,0.0
04/23/06 10:00,0.0
04/23/06 11:00,2.8
04/23/06 12:00,1.6
04/23/06 13:00,0.3
04/23/06 14:00,1.6
04/23/06 15:00,4.0
04/23/06 16:00,2.3
04/23/06 17:00,0.0
04/23/06 18:00,6.9
04/23/06 19:00,0.0
04/23/06 20:00,0.0
04/23/06 21:00,0.0
04/23/06 22:00,0.0
04/23/06 23:00,0.0
04/24/06 00:00,0.0
04/24/06 01:00,0.0
04/24/06 02:00,0.0
04/24/06 03:00,0.0
04/24/06 04:00,0.0
04/24/06 05:00,0.0
04/24/06 06:00,0.0
04/24/06 07:00,0.0
04/24/06 08:00,0.1
04/24/06 09:00,9.4
04/24/06 10:00,35.0
04/24/06 11:00,32.0
04/24/06 12:00,24.7
04/24/06 13:00,11.0
04/24/06 14:00,28.9
04/24/06 15:00,28.5
04/24/06 16:00,24.4
04/24/06 17:00,21.7
04/24/06 18:00,11.1
04/24/06 19:00,0.0
04/24/06 20:00,0.0
04/24/06 21:00,0.0
04/24/06 22:00,0.0
04/24/06 23:00,0.0
04/25/06 00:00,0.0
04/25/06 01:00,0.0
04/25/06 02:00,0.0
04/25/06 03:00,0.0
04/25/06 04:00,0.0
04/25/06 05:00,0.0
04/25/06 06:00,24.6
04/25/06 07:00,40.3
04/25/06 08:00,51.0
04/25/06 09:00,50.3
04/25/06 10:00,52.6
04/25/06 11:00,52.9
04/25/06 12:00,39.2
04/25/06 13:00,31.1
04/25/06 14:00,12.5
04/25/06 15:00,0.6
04/25/06 16:00,4.4
04/25/06 17:00,0.9
04/25/06 18:00,0.0
04/25/06 19:00,0.0
04/25/06 20:00,0.0
04/25/06 21:00,0.0
04/25/06 22:00,0.0
04/25/06 23:00,0.0
04/26/06 00:00,0.0
04/26/06 01:00,0.0
04/26/06 02:00,0.0
04/26/06 03:00,0.0
04/26/06 04:00,0.0
04/26/06 05:00,0.0
04/26/06 06:00,29.3
04/26/06 07:00,46.9
04/26/06 08:00,52.6
04/26/06 09:00,54.8
04/26/06 10:00,54.5
04/26/06 11:00,54.4
04/26/06 12:00,54.1
04/26/06 13:00,55.0
04/26/06 14:00,54.6
04/26/06 15:00,50.5
04/26/06 16:00,42.2
04/26/06 17:00,31.1
04/26/06 18:00,15.7
04/26/06 19:00,0.0
04/26/06 20:00,0.0
04/26/06 21:00,0.0
04/26/06 22:00,0.0
04/26/06 23:00,0.0
04/27/06 00:00,0.0
04/27/06 01:00,0.0
04/27/06 02:00,0.0
04/27/06 03:00,0.0
04/27/06 04:00,0.0
04/27/06 05:00,0.0
04/27/06 06:00,26.5
04/27/06 07:00,37.5
04/27/06 08:00,51.9
04/27/06 09:00,53.7
04/27/06 10:00,54.3
04/27/06 11:00,43.0
04/27/06 12:00,53.0
04/27/06 13:00,47.8
04/27/06 14:00,31.6
04/27/06 15:00,44.9
04/27/06 16:00,42.8
04/27/06 17:00,29.2
04/27/06 18:00,14.1
04/27/06 19:00,0.0
04/27/06 20:00,0.0
04/27/06 21:00,0.0
04/27/06 22:00,0.0
04/27/06 23:00,0.0
04/28/06 00:00,0.0
04/28/06 01:00,0.0
04/28/06 02:00,0.0
04/28/06 03:00,0.0
04/28/06 04:00,0.0
04/28/06 05:00,0.0
04/28/06 06:00,31.2
04/28/06 07:00,49.2
04/28/06 08:00,56.0
04/28/06 09:00,55.9
04/28/06 10:00,54.7
04/28/06 11:00,51.2
04/28/06 12:00,53.4
04/28/06 13:00,53.8
04/28/06 14:00,54.0
04/28/06 15:00,48.3
04/28/06 16:00,42.1
04/28/06 17:00,30.0
04/28/06 18:00,15.9
04/28/06 19:00,0.0
04/28/06 20:00,0.0
04/28/06 21:00,0.0
04/28/06 22:00,0.0
04/28/06 23:00,0.0
04/29/06 00:00,0.0
04/29/06 01:00,0.0
04/29/06 02:00,0.0
04/29/06 03:00,0.0
04/29/06 04:00,0.0
04/29/06 05:00,0.0
04/29/06 06:00,31.0
04/29/06 07:00,48.6
04/29/06 08:00,54.5
04/29/06 09:00,55.2
04/29/06 10:00,53.2
04/29/06 11:00,50.8
04/29/06 12:00,49.6
04/29/06 13:00,52.4
04/29/06 14:00,52.8
04/29/06 15:00,48.7
04/29/06 16:00,41.6
04/29/06 17:00,29.2
04/29/06 18:00,16.5
04/29/06 19:00,0.0
04/29/06 20:00,0.0
04/29/06 21:00,0.0
04/29/06 22:00,0.0
04/29/06 23:00,0.0
04/30/06 00:00,0.0
04/30/06 01:00,0.0
04/30/06 02:00,0.0
04/30/06 03:00,0.0
04/30/06 04:00,0.0
04/30/06 05:00,0.0
04/30/06 06:00,29.6
04/30/06 07:00,44.2
04/30/06 08:00,54.2
04/30/06 09:00,55.7
04/30/06 10:00,52.2
04/30/06 11:00,48.7
04/30/06 12:00,50.6
04/30/06 13:00,53.5
04/30/06 14:00,49.8
04/30/06 15:00,47.1
04/30/06 16:00,42.0
04/30/06 17:00,30.4
04/30/06 18:00,16.8
04/30/06 19:00,0.0
04/30/06 20:00,0.0
04/30/06 21:00,0.0
04/30/06 22:00,0.0
04/30/06 23:00,0.0
05/01/06 00:00,0.0
05/01/06 01:00,0.0
05/01/06 02:00,0.0
05/01/06 03:00,0.0
05/01/06 04:00,0.0
05/01/06 05:00,0.0
05/01/06 06:00,30.3
05/01/06 07:00,45.8
05/01/06 08:00,52.4
05/01/06 09:00,51.5
05/01/06 10:00,50.7
05/01/06 11:00,50.3
05/01/06 12:00,49.7
05/01/06 13:00,49.6
05/01/06 14:00,51.7
05/01/06 15:00,48.4
05/01/06 16:00,41.2
05/01/06 17:00,29.3
05/01/06 18:00,16.6
05/01/06 19:00,0.0
05/01/06 20:00,0.0
05/01/06 21:00,0.0
05/01/06 22:00,0.0
05/01/06 23:00,0.0
05/02/06 00:00,0.0
05/02/06 01:00,0.0
05/02/06 02:00,0.0
05/02/06 03:00,0.0
05/02/06 04:00,0.0
05/02/06 05:00,0.0
05/02/06 06:00,26.5
05/02/06 07:00,37.8
05/02/06 08:00,40.9
05/02/06 09:00,39.1
05/02/06 10:00,38.3
05/02/06 11:00,22.8
05/02/06 12:00,17.5
05/02/06 13:00,29.9
05/02/06 14:00,50.5
05/02/06 15:00,53.7
05/02/06 16:00,33.1
05/02/06 17:00,22.4
05/02/06 18:00,14.4
05/02/06 19:00,0.0
05/02/06 20:00,0.0
05/02/06 21:00,0.0
05/02/06 22:00,0.0
05/02/06 23:00,0.0
05/03/06 00:00,0.0
05/03/06 01:00,0.0
05/03/06 02:00,0.0
05/03/06 03:00,0.0
05/03/06 04:00,0.0
05/03/06 05:00,0.0
05/03/06 06:00,22.6
05/03/06 07:00,31.8
05/03/06 08:00,31.7
05/03/06 09:00,44.7
05/03/06 10:00,42.9
05/03/06 11:00,39.0
05/03/06 12:00,48.3
05/03/06 13:00,43.4
05/03/06 14:00,47.5
05/03/06 15:00,42.8
05/03/06 16:00,28.6
05/03/06 17:00,22.7
05/03/06 18:00,12.3
05/03/06 19:00,0.0
05/03/06 20:00,0.0
05/03/06 21:00,0.0
05/03/06 22:00,0.0
05/03/06 23:00,0.0
05/04/06 00:00,0.0
05/04/06 01:00,0.0
05/04/06 02:00,0.0
05/04/06 03:00,0.0
05/04/06 04:00,0.0
05/04/06 05:00,0.0
05/04/06 06:00,9.8
05/04/06 07:00,45.4
05/04/06 08:00,52.0
05/04/06 09:00,52.0
05/04/06 10:00,51.0
05/04/06 11:00,50.9
05/04/06 12:00,48.0
05/04/06 13:00,48.2
05/04/06 14:00,52.0
05/04/06 15:00,34.5
05/04/06 16:00,41.5
05/04/06 17:00,10.8
05/04/06 18:00,17.1
05/04/06 19:00,0.0
05/04/06 20:00,0.0
05/04/06 21:00,0.0
05/04/06 22:00,0.0
05/04/06 23:00,0.0
05/05/06 00:00,0.0
05/05/06 01:00,0.0
05/05/06 02:00,0.0
05/05/06 03:00,0.0
05/05/06 04:00,0.0
05/05/06 05:00,0.0
05/05/06 06:00,23.8
05/05/06 07:00,30.2
05/05/06 08:00,35.7
05/05/06 09:00,41.4
05/05/06 10:00,46.8
05/05/06 11:00,51.3
05/05/06 12:00,48.4
05/05/06 13:00,41.1
05/05/06 14:00,39.4
05/05/06 15:00,36.7
05/05/06 16:00,28.2
05/05/06 17:00,27.6
05/05/06 18:00,16.5
05/05/06 19:00,0.0
05/05/06 20:00,0.0
05/05/06 21:00,0.0
05/05/06 22:00,0.0
05/05/06 23:00,0.0
05/06/06 00:00,0.0
05/06/06 01:00,0.0
05/06/06 02:00,0.0
05/06/06 03:00,0.0
05/06/06 04:00,0.0
05/06/06 05:00,0.0
05/06/06 06:00,0.0
05/06/06 07:00,0.2
05/06/06 08:00,21.4
05/06/06 09:00,38.0
05/06/06 10:00,37.3
05/06/06 11:00,42.0
05/06/06 12:00,29.8
05/06/06 13:00,14.6
05/06/06 14:00,37.1
05/06/06 15:00,35.4
05/06/06 16:00,41.4
05/06/06 17:00,30.5
05/06/06 18:00,17.3
05/06/06 19:00,0.0
05/06/06 20:00,0.0
05/06/06 21:00,0.0
05/06/06 22:00,0.0
05/06/06 23:00,0.0
05/07/06 00:00,0.0
05/07/06 01:00,0.0
05/07/06 02:00,0.0
05/07/06 03:00,0.0
05/07/06 04:00,0.0
05/07/06 05:00,0.0
05/07/06 06:00,32.4
05/07/06 07:00,45.0
05/07/06 08:00,51.8
05/07/06 09:00,50.2
05/07/06 10:00,50.3
05/07/06 11:00,45.4
05/07/06 12:00,42.8
05/07/06 13:00,46.8
05/07/06 14:00,47.2
05/07/06 15:00,42.5
05/07/06 16:00,25.9
05/07/06 17:00,22.8
05/07/06 18:00,14.6
05/07/06 19:00,0.0
05/07/06 20:00,0.0
05/07/06 21:00,0.0
05/07/06 22:00,0.0
05/07/06 23:00,0.0
05/08/06 00:00,0.0
05/08/06 01:00,0.0
05/08/06 02:00,0.0
05/08/06 03:00,0.0
05/08/06 04:00,0.0
05/08/06 05:00,0.0
05/08/06 06:00,26.6
05/08/06 07:00,23.5
05/08/06 08:00,35.2
05/08/06 09:00,32.9
05/08/06 10:00,45.0
05/08/06 11:00,35.7
05/08/06 12:00,27.4
05/08/06 13:00,28.2
05/08/06 14:00,32.8
05/08/06 15:00,20.3
05/08/06 16:00,21.7
05/08/06 17:00,20.0
05/08/06 18:00,13.4
05/08/06 19:00,0.0
05/08/06 20:00,0.0
05/08/06 21:00,0.0
05/08/06 22:00,0.0
05/08/06 23:00,0.0
05/09/06 00:00,0.0
05/09/06 01:00,0.0
05/09/06 02:00,0.0
05/09/06 03:00,0.0
05/09/06 04:00,0.0
05/09/06 05:00,0.0
05/09/06 06:00,18.4
05/09/06 07:00,36.2
05/09/06 08:00,37.0
05/09/06 09:00,37.4
05/09/06 10:00,36.1
05/09/06 11:00,35.2
05/09/06 12:00,36.3
05/09/06 13:00,33.2
05/09/06 14:00,34.9
05/09/06 15:00,28.8
05/09/06 16:00,24.2
05/09/06 17:00,22.3
05/09/06 18:00,14.0
05/09/06 19:00,0.0
05/09/06 20:00,0.0
05/09/06 21:00,0.0
05/09/06 22:00,0.0
05/09/06 23:00,0.0
05/10/06 00:00,0.0
05/10/06 01:00,0.0
05/10/06 02:00,0.0
05/10/06 03:00,0.0
05/10/06 04:00,0.0
05/10/06 05:00,0.0
05/10/06 06:00,0.0
05/10/06 07:00,0.0
05/10/06 08:00,0.3
05/10/06 09:00,11.8
05/10/06 10:00,30.7
05/10/06 11:00,28.0
05/10/06 12:00,26.2
05/10/06 13:00,37.9
05/10/06 14:00,33.6
05/10/06 15:00,36.9
05/10/06 16:00,45.6
05/10/06 17:00,7.7
05/10/06 18:00,8.2
05/10/06 19:00,0.0
05/10/06 20:00,0.0
05/10/06 21:00,0.0
05/10/06 22:00,0.0
05/10/06 23:00,0.0
05/11/06 00:00,0.0
05/11/06 01:00,0.0
05/11/06 02:00,0.0
05/11/06 03:00,0.0
05/11/06 04:00,0.0
05/11/06 05:00,0.0
05/11/06 06:00,0.0
05/11/06 07:00,0.0
05/11/06 08:00,3.5
05/11/06 09:00,14.4
05/11/06 10:00,18.3
05/11/06 11:00,18.1
05/11/06 12:00,21.5
05/11/06 13:00,20.3
05/11/06 14:00,2.8
05/11/06 15:00,2.6
05/11/06 16:00,0.3
05/11/06 17:00,0.0
05/11/06 18:00,0.0
05/11/06 19:00,0.0
05/11/06 20:00,0.0
05/11/06 21:00,0.0
05/11/06 22:00,0.0
05/11/06 23:00,0.0
05/12/06 00:00,0.0
05/12/06 01:00,0.0
05/12/06 02:00,0.0
05/12/06 03:00,0.0
05/12/06 04:00,0.0
05/12/06 05:00,0.0
05/12/06 06:00,0.0
05/12/06 07:00,0.0
05/12/06 08:00,0.0
05/12/06 09:00,0.2
05/12/06 10:00,7.8
05/12/06 11:00,9.0
05/12/06 12:00,12.9
05/12/06 13:00,30.3
05/12/06 14:00,36.8
05/12/06 15:00,33.4
05/12/06 16:00,24.6
05/12/06 17:00,13.0
05/12/06 18:00,0.6
05/12/06 19:00,0.0
05/12/06 20:00,0.0
05/12/06 21:00,0.0
05/12/06 22:00,0.0
05/12/06 23:00,0.0
05/13/06 00:00,0.0
05/13/06 01:00,0.0
05/13/06 02:00,0.0
05/13/06 03:00,0.0
05/13/06 04:00,0.0
05/13/06 05:00,0.0
05/13/06 06:00,8.7
05/13/06 07:00,8.7
05/13/06 08:00,14.1
05/13/06 09:00,19.1
05/13/06 10:00,22.6
05/13/06 11:00,36.8
05/13/06 12:00,29.4
05/13/06 13:00,43.9
05/13/06 14:00,38.1
05/13/06 15:00,15.3
05/13/06 16:00,14.6
05/13/06 17:00,16.9
05/13/06 18:00,8.3
05/13/06 19:00,0.0
05/13/06 20:00,0.0
05/13/06 21:00,0.0
05/13/06 22:00,0.0
05/13/06 23:00,0.0
05/14/06 00:00,0.0
05/14/06 01:00,0.0
05/14/06 02:00,0.0
05/14/06 03:00,0.0
05/14/06 04:00,0.0
05/14/06 05:00,0.0
05/14/06 06:00,0.1
05/14/06 07:00,23.0
05/14/06 08:00,6.8
05/14/06 09:00,5.3
05/14/06 10:00,9.9
05/14/06 11:00,10.6
05/14/06 12:00,9.7
05/14/06 13:00,14.0
05/14/06 14:00,18.8
05/14/06 15:00,17.8
05/14/06 16:00,7.5
05/14/06 17:00,0.4
05/14/06 18:00,0.0
05/14/06 19:00,0.0
05/14/06 20:00,0.0
05/14/06 21:00,0.0
05/14/06 22:00,0.0
05/14/06 23:00,0.0
05/15/06 00:00,0.0
05/15/06 01:00,0.0
05/15/06 02:00,0.0
05/15/06 03:00,0.0
05/15/06 04:00,0.0
05/15/06 05:00,0.0
05/15/06 06:00,0.0
05/15/06 07:00,0.3
05/15/06 08:00,9.3
05/15/06 09:00,5.1
05/15/06 10:00,2.2
05/15/06 11:00,7.0
05/15/06 12:00,11.2
05/15/06 13:00,11.5
05/15/06 14:00,16.5
05/15/06 15:00,12.0
05/15/06 16:00,14.6
05/15/06 17:00,8.9
05/15/06 18:00,6.4
05/15/06 19:00,0.0
05/15/06 20:00,0.0
05/15/06 21:00,0.0
05/15/06 22:00,0.0
05/15/06 23:00,0.0
05/16/06 00:00,0.0
05/16/06 01:00,0.0
05/16/06 02:00,0.0
05/16/06 03:00,0.0
05/16/06 04:00,0.0
05/16/06 05:00,0.0
05/16/06 06:00,0.0
05/16/06 07:00,0.3
05/16/06 08:00,12.4
05/16/06 09:00,3.0
05/16/06 10:00,1.1
05/16/06 11:00,17.4
05/16/06 12:00,35.2
05/16/06 13:00,34.0
05/16/06 14:00,36.8
05/16/06 15:00,44.7
05/16/06 16:00,31.2
05/16/06 17:00,24.0
05/16/06 18:00,18.7
05/16/06 19:00,0.0
05/16/06 20:00,0.0
05/16/06 21:00,0.0
05/16/06 22:00,0.0
05/16/06 23:00,0.0
05/17/06 00:00,0.0
05/17/06 01:00,0.0
05/17/06 02:00,0.0
05/17/06 03:00,0.0
05/17/06 04:00,0.0
05/17/06 05:00,0.6
05/17/06 06:00,31.0
05/17/06 07:00,37.9
05/17/06 08:00,49.6
05/17/06 09:00,42.8
05/17/06 10:00,37.6
05/17/06 11:00,37.7
05/17/06 12:00,33.2
05/17/06 13:00,33.9
05/17/06 14:00,32.8
05/17/06 15:00,31.2
05/17/06 16:00,38.4
05/17/06 17:00,28.6
05/17/06 18:00,14.4
05/17/06 19:00,0.0
05/17/06 20:00,0.0
05/17/06 21:00,0.0
05/17/06 22:00,0.0
05/17/06 23:00,0.0
05/18/06 00:00,0.0
05/18/06 01:00,0.0
05/18/06 02:00,0.0
05/18/06 03:00,0.0
05/18/06 04:00,0.0
05/18/06 05:00,0.5
05/18/06 06:00,28.5
05/18/06 07:00,39.1
05/18/06 08:00,52.5
05/18/06 09:00,50.4
05/18/06 10:00,53.2
05/18/06 11:00,46.8
05/18/06 12:00,50.1
05/18/06 13:00,38.5
05/18/06 14:00,36.5
05/18/06 15:00,28.6
05/18/06 16:00,30.3
05/18/06 17:00,21.2
05/18/06 18:00,14.2
05/18/06 19:00,0.0
05/18/06 20:00,0.0
05/18/06 21:00,0.0
05/18/06 22:00,0.0
05/18/06 23:00,0.0
05/19/06 00:00,0.0
05/19/06 01:00,0.0
05/19/06 02:00,0.0
05/19/06 03:00,0.0
05/19/06 04:00,0.0
05/19/06 05:00,0.0
05/19/06 06:00,0.0
05/19/06 07:00,5.5
05/19/06 08:00,16.5
05/19/06 09:00,15.2
05/19/06 10:00,38.4
05/19/06 11:00,37.7
05/19/06 12:00,37.4
05/19/06 13:00,37.0
05/19/06 14:00,37.6
05/19/06 15:00,30.4
05/19/06 16:00,7.9
05/19/06 17:00,22.0
05/19/06 18:00,12.4
05/19/06 19:00,0.0
05/19/06 20:00,0.0
05/19/06 21:00,0.0
05/19/06 22:00,0.0
05/19/06 23:00,0.0
05/20/06 00:00,0.0
05/20/06 01:00,0.0
05/20/06 02:00,0.0
05/20/06 03:00,0.0
05/20/06 04:00,0.0
05/20/06 05:00,3.7
05/20/06 06:00,34.3
05/20/06 07:00,39.2
05/20/06 08:00,38.6
05/20/06 09:00,38.6
05/20/06 10:00,37.5
05/20/06 11:00,36.8
05/20/06 12:00,42.7
05/20/06 13:00,51.1
05/20/06 14:00,47.8
05/20/06 15:00,41.2
05/20/06 16:00,34.6
05/20/06 17:00,33.2
05/20/06 18:00,20.1
05/20/06 19:00,0.0
05/20/06 20:00,0.0
05/20/06 21:00,0.0
05/20/06 22:00,0.0
05/20/06 23:00,0.0
05/21/06 00:00,0.0
05/21/06 01:00,0.0
05/21/06 02:00,0.0
05/21/06 03:00,0.0
05/21/06 04:00,0.0
05/21/06 05:00,5.5
05/21/06 06:00,36.2
05/21/06 07:00,12.3
05/21/06 08:00,37.8
05/21/06 09:00,46.7
05/21/06 10:00,26.2
05/21/06 11:00,11.9
05/21/06 12:00,36.1
05/21/06 13:00,14.5
05/21/06 14:00,43.0
05/21/06 15:00,35.6
05/21/06 16:00,39.5
05/21/06 17:00,26.0
05/21/06 18:00,19.3
05/21/06 19:00,0.0
05/21/06 20:00,0.0
05/21/06 21:00,0.0
05/21/06 22:00,0.0
05/21/06 23:00,0.0
05/22/06 00:00,0.0
05/22/06 01:00,0.0
05/22/06 02:00,0.0
05/22/06 03:00,0.0
05/22/06 04:00,0.0
05/22/06 05:00,7.7
05/22/06 06:00,35.9
05/22/06 07:00,48.8
05/22/06 08:00,55.4
05/22/06 09:00,57.5
05/22/06 10:00,46.0
05/22/06 11:00,46.1
05/22/06 12:00,57.7
05/22/06 13:00,58.3
05/22/06 14:00,57.7
05/22/06 15:00,45.5
05/22/06 16:00,39.0
05/22/06 17:00,23.0
05/22/06 18:00,16.9
05/22/06 19:00,0.0
05/22/06 20:00,0.0
05/22/06 21:00,0.0
05/22/06 22:00,0.0
05/22/06 23:00,0.0
05/23/06 00:00,0.0
05/23/06 01:00,0.0
05/23/06 02:00,0.0
05/23/06 03:00,0.0
05/23/06 04:00,0.0
05/23/06 05:00,0.0
05/23/06 06:00,0.4
05/23/06 07:00,40.6
05/23/06 08:00,50.5
05/23/06 09:00,38.1
05/23/06 10:00,49.7
05/23/06 11:00,45.1
05/23/06 12:00,45.6
05/23/06 13:00,34.1
05/23/06 14:00,44.3
05/23/06 15:00,44.9
05/23/06 16:00,26.0
05/23/06 17:00,24.2
05/23/06 18:00,19.2
05/23/06 19:00,0.0
05/23/06 20:00,0.0
05/23/06 21:00,0.0
05/23/06 22:00,0.0
05/23/06 23:00,0.0
05/24/06 00:00,0.0
05/24/06 01:00,0.0
05/24/06 02:00,0.0
05/24/06 03:00,0.0
05/24/06 04:00,0.0
05/24/06 05:00,7.6
05/24/06 06:00,33.9
05/24/06 07:00,47.9
05/24/06 08:00,54.5
05/24/06 09:00,55.9
05/24/06 10:00,51.9
05/24/06 11:00,52.4
05/24/06 12:00,38.3
05/24/06 13:00,53.5
05/24/06 14:00,51.8
05/24/06 15:00,50.0
05/24/06 16:00,41.8
05/24/06 17:00,32.8
05/24/06 18:00,20.3
05/24/06 19:00,0.0
05/24/06 20:00,0.0
05/24/06 21:00,0.0
05/24/06 22:00,0.0
05/24/06 23:00,0.0
05/25/06 00:00,0.0
05/25/06 01:00,0.0
05/25/06 02:00,0.0
05/25/06 03:00,0.0
05/25/06 04:00,0.0
05/25/06 05:00,2.4
05/25/06 06:00,13.8
05/25/06 07:00,42.2
05/25/06 08:00,52.5
05/25/06 09:00,53.9
05/25/06 10:00,49.6
05/25/06 11:00,50.3
05/25/06 12:00,46.8
05/25/06 13:00,35.0
05/25/06 14:00,32.2
05/25/06 15:00,28.9
05/25/06 16:00,25.5
05/25/06 17:00,22.0
05/25/06 18:00,16.4
05/25/06 19:00,0.0
05/25/06 20:00,0.0
05/25/06 21:00,0.0
05/25/06 22:00,0.0
05/25/06 23:00,0.0
05/26/06 00:00,0.0
05/26/06 01:00,0.0
05/26/06 02:00,0.0
05/26/06 03:00,0.0
05/26/06 04:00,0.0
05/26/06 05:00,0.0
05/26/06 06:00,0.0
05/26/06 07:00,0.0
05/26/06 08:00,0.2
05/26/06 09:00,3.7
05/26/06 10:00,10.3
05/26/06 11:00,14.3
05/26/06 12:00,18.0
05/26/06 13:00,25.0
05/26/06 14:00,28.1
05/26/06 15:00,28.6
05/26/06 16:00,27.0
05/26/06 17:00,15.5
05/26/06 18:00,8.4
05/26/06 19:00,0.0
05/26/06 20:00,0.0
05/26/06 21:00,0.0
05/26/06 22:00,0.0
05/26/06 23:00,0.0
05/27/06 00:00,0.0
05/27/06 01:00,0.0
05/27/06 02:00,0.0
05/27/06 03:00,0.0
05/27/06 04:00,0.0
05/27/06 05:00,0.0
05/27/06 06:00,27.0
05/27/06 07:00,33.5
05/27/06 08:00,38.7
05/27/06 09:00,38.5
05/27/06 10:00,40.6
05/27/06 11:00,43.0
05/27/06 12:00,48.0
05/27/06 13:00,39.0
05/27/06 14:00,33.9
05/27/06 15:00,32.5
05/27/06 16:00,43.5
05/27/06 17:00,33.0
05/27/06 18:00,20.0
05/27/06 19:00,0.0
05/27/06 20:00,0.0
05/27/06 21:00,0.0
05/27/06 22:00,0.0
05/27/06 23:00,0.0
05/28/06 00:00,0.0
05/28/06 01:00,0.0
05/28/06 02:00,0.0
05/28/06 03:00,0.0
05/28/06 04:00,0.0
05/28/06 05:00,8.0
05/28/06 06:00,32.4
05/28/06 07:00,47.2
05/28/06 08:00,52.9
05/28/06 09:00,53.2
05/28/06 10:00,49.4
05/28/06 11:00,52.3
05/28/06 12:00,49.2
05/28/06 13:00,53.2
05/28/06 14:00,50.5
05/28/06 15:00,46.4
05/28/06 16:00,39.7
05/28/06 17:00,28.1
05/28/06 18:00,20.2
05/28/06 19:00,0.0
05/28/06 20:00,0.0
05/28/06 21:00,0.0
05/28/06 22:00,0.0
05/28/06 23:00,0.0
05/29/06 00:00,0.0
05/29/06 01:00,0.0
05/29/06 02:00,0.0
05/29/06 03:00,0.0
05/29/06 04:00,0.0
05/29/06 05:00,8.4
05/29/06 06:00,32.5
05/29/06 07:00,40.8
05/29/06 08:00,26.8
05/29/06 09:00,43.7
05/29/06 10:00,43.8
05/29/06 11:00,37.2
05/29/06 12:00,26.3
05/29/06 13:00,26.8
05/29/06 14:00,34.7
05/29/06 15:00,44.2
05/29/06 16:00,39.2
05/29/06 17:00,21.3
05/29/06 18:00,17.8
05/29/06 19:00,0.0
05/29/06 20:00,0.0
05/29/06 21:00,0.0
05/29/06 22:00,0.0
05/29/06 23:00,0.0
05/30/06 00:00,0.0
05/30/06 01:00,0.0
05/30/06 02:00,0.0
05/30/06 03:00,0.0
05/30/06 04:00,0.0
05/30/06 05:00,8.1
05/30/06 06:00,28.6
05/30/06 07:00,41.0
05/30/06 08:00,44.2
05/30/06 09:00,42.5
05/30/06 10:00,43.8
05/30/06 11:00,43.9
05/30/06 12:00,42.5
05/30/06 13:00,47.1
05/30/06 14:00,45.8
05/30/06 15:00,38.9
05/30/06 16:00,32.1
05/30/06 17:00,8.8
05/30/06 18:00,2.8
05/30/06 19:00,0.0
05/30/06 20:00,0.0
05/30/06 21:00,0.0
05/30/06 22:00,0.0
05/30/06 23:00,0.0
05/31/06 00:00,0.0
05/31/06 01:00,0.0
05/31/06 02:00,0.0
05/31/06 03:00,0.0
05/31/06 04:00,0.0
05/31/06 05:00,0.0
05/31/06 06:00,0.0
05/31/06 07:00,0.5
05/31/06 08:00,6.9
05/31/06 09:00,14.2
05/31/06 10:00,22.9
05/31/06 11:00,35.9
05/31/06 12:00,39.0
05/31/06 13:00,48.6
05/31/06 14:00,46.6
05/31/06 15:00,41.9
05/31/06 16:00,39.1
05/31/06 17:00,22.7
05/31/06 18:00,19.7
05/31/06 19:00,0.0
05/31/06 20:00,0.0
05/31/06 21:00,0.0
05/31/06 22:00,0.0
05/31/06 23:00,0.0
06/01/06 00:00,0.0
06/01/06 01:00,0.0
06/01/06 02:00,0.0
06/01/06 03:00,0.0
06/01/06 04:00,0.0
06/01/06 05:00,0.0
06/01/06 06:00,1.2
06/01/06 07:00,9.4
06/01/06 08:00,15.1
06/01/06 09:00,28.6
06/01/06 10:00,49.0
06/01/06 11:00,44.2
06/01/06 12:00,39.6
06/01/06 13:00,36.7
06/01/06 14:00,31.8
06/01/06 15:00,34.4
06/01/06 16:00,15.9
06/01/06 17:00,4.2
06/01/06 18:00,0.0
06/01/06 19:00,0.0
06/01/06 20:00,0.0
06/01/06 21:00,0.0
06/01/06 22:00,0.0
06/01/06 23:00,0.0
06/02/06 00:00,0.0
06/02/06 01:00,0.0
06/02/06 02:00,0.0
06/02/06 03:00,0.0
06/02/06 04:00,0.0
06/02/06 05:00,0.1
06/02/06 06:00,0.3
06/02/06 07:00,6.3
06/02/06 08:00,16.1
06/02/06 09:00,29.3
06/02/06 10:00,31.9
06/02/06 11:00,36.6
06/02/06 12:00,36.6
06/02/06 13:00,34.9
06/02/06 14:00,8.7
06/02/06 15:00,12.2
06/02/06 16:00,9.3
06/02/06 17:00,0.0
06/02/06 18:00,0.0
06/02/06 19:00,0.0
06/02/06 20:00,0.0
06/02/06 21:00,0.0
06/02/06 22:00,0.0
06/02/06 23:00,0.0
06/03/06 00:00,0.0
06/03/06 01:00,0.0
06/03/06 02:00,0.0
06/03/06 03:00,0.0
06/03/06 04:00,0.0
06/03/06 05:00,0.0
06/03/06 06:00,0.0
06/03/06 07:00,0.0
06/03/06 08:00,0.0
06/03/06 09:00,0.0
06/03/06 10:00,1.2
06/03/06 11:00,15.3
06/03/06 12:00,21.7
06/03/06 13:00,25.4
06/03/06 14:00,32.8
06/03/06 15:00,32.5
06/03/06 16:00,8.5
06/03/06 17:00,7.6
06/03/06 18:00,0.0
06/03/06 19:00,0.0
06/03/06 20:00,0.0
06/03/06 21:00,0.0
06/03/06 22:00,0.0
06/03/06 23:00,0.0
06/04/06 00:00,0.0
06/04/06 01:00,0.0
06/04/06 02:00,0.0
06/04/06 03:00,0.0
06/04/06 04:00,0.0
06/04/06 05:00,0.0
06/04/06 06:00,0.0
06/04/06 07:00,0.1
06/04/06 08:00,3.1
06/04/06 09:00,7.4
06/04/06 10:00,17.4
06/04/06 11:00,19.6
06/04/06 12:00,19.4
06/04/06 13:00,19.7
06/04/06 14:00,11.0
06/04/06 15:00,8.0
06/04/06 16:00,3.3
06/04/06 17:00,0.4
06/04/06 18:00,0.0
06/04/06 19:00,0.0
06/04/06 20:00,0.0
06/04/06 21:00,0.0
06/04/06 22:00,0.0
06/04/06 23:00,0.0
06/05/06 00:00,0.0
06/05/06 01:00,0.0
06/05/06 02:00,0.0
06/05/06 03:00,0.0
06/05/06 04:00,0.0
06/05/06 05:00,10.6
06/05/06 06:00,30.3
06/05/06 07:00,27.6
06/05/06 08:00,51.2
06/05/06 09:00,48.2
06/05/06 10:00,43.2
06/05/06 11:00,38.9
06/05/06 12:00,38.3
06/05/06 13:00,44.2
06/05/06 14:00,35.3
06/05/06 15:00,29.4
06/05/06 16:00,26.6
06/05/06 17:00,24.5
06/05/06 18:00,21.3
06/05/06 19:00,0.0
06/05/06 20:00,0.0
06/05/06 21:00,0.0
06/05/06 22:00,0.0
06/05/06 23:00,0.0
06/06/06 00:00,0.0
06/06/06 01:00,0.0
06/06/06 02:00,0.0
06/06/06 03:00,0.0
06/06/06 04:00,0.0
06/06/06 05:00,10.5
06/06/06 06:00,31.6
06/06/06 07:00,43.5
06/06/06 08:00,46.2
06/06/06 09:00,52.1
06/06/06 10:00,44.3
06/06/06 11:00,49.2
06/06/06 12:00,45.1
06/06/06 13:00,35.6
06/06/06 14:00,34.8
06/06/06 15:00,26.3
06/06/06 16:00,22.4
06/06/06 17:00,22.9
06/06/06 18:00,17.0
06/06/06 19:00,0.0
06/06/06 20:00,0.0
06/06/06 21:00,0.0
06/06/06 22:00,0.0
06/06/06 23:00,0.0
06/07/06 00:00,0.0
06/07/06 01:00,0.0
06/07/06 02:00,0.0
06/07/06 03:00,0.0
06/07/06 04:00,0.0
06/07/06 05:00,0.0
06/07/06 06:00,2.6
06/07/06 07:00,5.2
06/07/06 08:00,12.0
06/07/06 09:00,21.5
06/07/06 10:00,25.5
06/07/06 11:00,20.8
06/07/06 12:00,2.4
06/07/06 13:00,11.4
06/07/06 14:00,12.8
06/07/06 15:00,1.2
06/07/06 16:00,0.7
06/07/06 17:00,0.1
06/07/06 18:00,0.2
06/07/06 19:00,0.0
06/07/06 20:00,0.0
06/07/06 21:00,0.0
06/07/06 22:00,0.0
06/07/06 23:00,0.0
06/08/06 00:00,0.0
06/08/06 01:00,0.0
06/08/06 02:00,0.0
06/08/06 03:00,0.0
06/08/06 04:00,0.0
06/08/06 05:00,0.0
06/08/06 06:00,0.0
06/08/06 07:00,3.7
06/08/06 08:00,9.2
06/08/06 09:00,6.0
06/08/06 10:00,8.6
06/08/06 11:00,15.5
06/08/06 12:00,25.2
06/08/06 13:00,38.0
06/08/06 14:00,34.8
06/08/06 15:00,28.8
06/08/06 16:00,24.8
06/08/06 17:00,0.2
06/08/06 18:00,0.0
06/08/06 19:00,0.0
06/08/06 20:00,0.0
06/08/06 21:00,0.0
06/08/06 22:00,0.0
06/08/06 23:00,0.0
06/09/06 00:00,0.0
06/09/06 01:00,0.0
06/09/06 02:00,0.0
06/09/06 03:00,0.0
06/09/06 04:00,0.0
06/09/06 05:00,0.0
06/09/06 06:00,0.1
06/09/06 07:00,22.2
06/09/06 08:00,37.8
06/09/06 09:00,37.8
06/09/06 10:00,38.8
06/09/06 11:00,39.6
06/09/06 12:00,13.2
06/09/06 13:00,20.7
06/09/06 14:00,22.9
06/09/06 15:00,27.0
06/09/06 16:00,18.1
06/09/06 17:00,14.9
06/09/06 18:00,8.9
06/09/06 19:00,0.0
06/09/06 20:00,0.0
06/09/06 21:00,0.0
06/09/06 22:00,0.0
06/09/06 23:00,0.0
06/10/06 00:00,0.0
06/10/06 01:00,0.0
06/10/06 02:00,0.0
06/10/06 03:00,0.0
06/10/06 04:00,0.0
06/10/06 05:00,0.8
06/10/06 06:00,11.0
06/10/06 07:00,0.2
06/10/06 08:00,7.5
06/10/06 09:00,34.6
06/10/06 10:00,52.0
06/10/06 11:00,55.3
06/10/06 12:00,51.8
06/10/06 13:00,40.8
06/10/06 14:00,53.1
06/10/06 15:00,48.2
06/10/06 16:00,32.2
06/10/06 17:00,32.8
06/10/06 18:00,21.5
06/10/06 19:00,0.0
06/10/06 20:00,0.0
06/10/06 21:00,0.0
06/10/06 22:00,0.0
06/10/06 23:00,0.0
06/11/06 00:00,0.0
06/11/06 01:00,0.0
06/11/06 02:00,0.0
06/11/06 03:00,0.0
06/11/06 04:00,0.0
06/11/06 05:00,10.7
06/11/06 06:00,31.2
06/11/06 07:00,35.2
06/11/06 08:00,51.0
06/11/06 09:00,57.1
06/11/06 10:00,49.4
06/11/06 11:00,39.9
06/11/06 12:00,30.7
06/11/06 13:00,41.8
06/11/06 14:00,41.9
06/11/06 15:00,50.6
06/11/06 16:00,42.8
06/11/06 17:00,34.1
06/11/06 18:00,19.4
06/11/06 19:00,0.0
06/11/06 20:00,0.0
06/11/06 21:00,0.0
06/11/06 22:00,0.0
06/11/06 23:00,0.0
06/12/06 00:00,0.0
06/12/06 01:00,0.0
06/12/06 02:00,0.0
06/12/06 03:00,0.0
06/12/06 04:00,0.0
06/12/06 05:00,10.5
06/12/06 06:00,33.6
06/12/06 07:00,45.8
06/12/06 08:00,43.7
06/12/06 09:00,42.1
06/12/06 10:00,27.8
06/12/06 11:00,38.4
06/12/06 12:00,40.6
06/12/06 13:00,36.5
06/12/06 14:00,52.3
06/12/06 15:00,24.3
06/12/06 16:00,8.6
06/12/06 17:00,0.8
06/12/06 18:00,10.5
06/12/06 19:00,0.0
06/12/06 20:00,0.0
06/12/06 21:00,0.0
06/12/06 22:00,0.0
06/12/06 23:00,0.0
06/13/06 00:00,0.0
06/13/06 01:00,0.0
06/13/06 02:00,0.0
06/13/06 03:00,0.0
06/13/06 04:00,0.0
06/13/06 05:00,9.8
06/13/06 06:00,27.1
06/13/06 07:00,39.9
06/13/06 08:00,47.4
06/13/06 09:00,40.9
06/13/06 10:00,27.7
06/13/06 11:00,46.0
06/13/06 12:00,25.6
06/13/06 13:00,34.2
06/13/06 14:00,46.6
06/13/06 15:00,48.3
06/13/06 16:00,24.3
06/13/06 17:00,9.0
06/13/06 18:00,20.7
06/13/06 19:00,0.0
06/13/06 20:00,0.0
06/13/06 21:00,0.0
06/13/06 22:00,0.0
06/13/06 23:00,0.0
06/14/06 00:00,0.0
06/14/06 01:00,0.0
06/14/06 02:00,0.0
06/14/06 03:00,0.0
06/14/06 04:00,0.0
06/14/06 05:00,10.3
06/14/06 06:00,30.6
06/14/06 07:00,35.7
06/14/06 08:00,41.5
06/14/06 09:00,42.3
06/14/06 10:00,43.9
06/14/06 11:00,33.4
06/14/06 12:00,36.8
06/14/06 13:00,36.2
06/14/06 14:00,36.8
06/14/06 15:00,33.3
06/14/06 16:00,29.2
06/14/06 17:00,11.7
06/14/06 18:00,1.3
06/14/06 19:00,0.0
06/14/06 20:00,0.0
06/14/06 21:00,0.0
06/14/06 22:00,0.0
06/14/06 23:00,0.0
06/15/06 00:00,0.0
06/15/06 01:00,0.0
06/15/06 02:00,0.0
06/15/06 03:00,0.0
06/15/06 04:00,0.0
06/15/06 05:00,9.4
06/15/06 06:00,27.7
06/15/06 07:00,32.5
06/15/06 08:00,42.2
06/15/06 09:00,53.2
06/15/06 10:00,50.8
06/15/06 11:00,33.1
06/15/06 12:00,32.2
06/15/06 13:00,32.4
06/15/06 14:00,54.5
06/15/06 15:00,27.2
06/15/06 16:00,23.1
06/15/06 17:00,25.4
06/15/06 18:00,11.2
06/15/06 19:00,0.0
06/15/06 20:00,0.0
06/15/06 21:00,0.0
06/15/06 22:00,0.0
06/15/06 23:00,0.0
06/16/06 00:00,0.0
06/16/06 01:00,0.0
06/16/06 02:00,0.0
06/16/06 03:00,0.0
06/16/06 04:00,0.0
06/16/06 05:00,11.5
06/16/06 06:00,35.8
06/16/06 07:00,41.0
06/16/06 08:00,37.2
06/16/06 09:00,47.0
06/16/06 10:00,50.2
06/16/06 11:00,33.7
06/16/06 12:00,31.5
06/16/06 13:00,43.7
06/16/06 14:00,40.4
06/16/06 15:00,28.3
06/16/06 16:00,31.6
06/16/06 17:00,33.8
06/16/06 18:00,23.4
06/16/06 19:00,0.0
06/16/06 20:00,0.0
06/16/06 21:00,0.0
06/16/06 22:00,0.0
06/16/06 23:00,0.0
06/17/06 00:00,0.0
06/17/06 01:00,0.0
06/17/06 02:00,0.0
06/17/06 03:00,0.0
06/17/06 04:00,0.0
06/17/06 05:00,0.0
06/17/06 06:00,0.1
06/17/06 07:00,0.0
06/17/06 08:00,11.1
06/17/06 09:00,17.8
06/17/06 10:00,10.1
06/17/06 11:00,32.1
06/17/06 12:00,45.2
06/17/06 13:00,51.1
06/17/06 14:00,46.6
06/17/06 15:00,35.1
06/17/06 16:00,28.8
06/17/06 17:00,31.8
06/17/06 18:00,19.5
06/17/06 19:00,0.0
06/17/06 20:00,0.0
06/17/06 21:00,0.0
06/17/06 22:00,0.0
06/17/06 23:00,0.0
06/18/06 00:00,0.0
06/18/06 01:00,0.0
06/18/06 02:00,0.0
06/18/06 03:00,0.0
06/18/06 04:00,0.0
06/18/06 05:00,8.7
06/18/06 06:00,32.2
06/18/06 07:00,43.8
06/18/06 08:00,45.6
06/18/06 09:00,47.4
06/18/06 10:00,47.5
06/18/06 11:00,47.8
06/18/06 12:00,50.2
06/18/06 13:00,50.4
06/18/06 14:00,52.3
06/18/06 15:00,45.7
06/18/06 16:00,37.8
06/18/06 17:00,33.2
06/18/06 18:00,22.0
06/18/06 19:00,0.0
06/18/06 20:00,0.0
06/18/06 21:00,0.0
06/18/06 22:00,0.0
06/18/06 23:00,0.0
06/19/06 00:00,0.0
06/19/06 01:00,0.0
06/19/06 02:00,0.0
06/19/06 03:00,0.0
06/19/06 04:00,0.0
06/19/06 05:00,8.9
06/19/06 06:00,26.2
06/19/06 07:00,36.1
06/19/06 08:00,39.7
06/19/06 09:00,37.1
06/19/06 10:00,40.5
06/19/06 11:00,36.3
06/19/06 12:00,46.2
06/19/06 13:00,49.8
06/19/06 14:00,51.2
06/19/06 15:00,32.4
06/19/06 16:00,10.9
06/19/06 17:00,1.4
06/19/06 18:00,0.0
06/19/06 19:00,0.0
06/19/06 20:00,0.0
06/19/06 21:00,0.0
06/19/06 22:00,0.0
06/19/06 23:00,0.0
06/20/06 00:00,0.0
06/20/06 01:00,0.0
06/20/06 02:00,0.0
06/20/06 03:00,0.0
06/20/06 04:00,0.0
06/20/06 05:00,6.5
06/20/06 06:00,18.8
06/20/06 07:00,24.0
06/20/06 08:00,36.5
06/20/06 09:00,38.6
06/20/06 10:00,37.0
06/20/06 11:00,37.4
06/20/06 12:00,39.2
06/20/06 13:00,37.6
06/20/06 14:00,36.3
06/20/06 15:00,29.6
06/20/06 16:00,32.3
06/20/06 17:00,31.1
06/20/06 18:00,20.7
06/20/06 19:00,0.0
06/20/06 20:00,0.0
06/20/06 21:00,0.0
06/20/06 22:00,0.0
06/20/06 23:00,0.0
06/21/06 00:00,0.0
06/21/06 01:00,0.0
06/21/06 02:00,0.0
06/21/06 03:00,0.0
06/21/06 04:00,0.0
06/21/06 05:00,11.3
06/21/06 06:00,30.7
06/21/06 07:00,40.7
06/21/06 08:00,44.1
06/21/06 09:00,44.3
06/21/06 10:00,48.6
06/21/06 11:00,51.4
06/21/06 12:00,51.7
06/21/06 13:00,51.7
06/21/06 14:00,40.1
06/21/06 15:00,49.1
06/21/06 16:00,41.7
06/21/06 17:00,31.5
06/21/06 18:00,21.1
06/21/06 19:00,3.3
06/21/06 20:00,0.0
06/21/06 21:00,0.0
06/21/06 22:00,0.0
06/21/06 23:00,0.0
06/22/06 00:00,0.0
06/22/06 01:00,0.0
06/22/06 02:00,0.0
06/22/06 03:00,0.0
06/22/06 04:00,0.0
06/22/06 05:00,0.0
06/22/06 06:00,25.6
06/22/06 07:00,10.1
06/22/06 08:00,18.0
06/22/06 09:00,36.5
06/22/06 10:00,36.5
06/22/06 11:00,38.2
06/22/06 12:00,27.2
06/22/06 13:00,34.7
06/22/06 14:00,38.8
06/22/06 15:00,37.0
06/22/06 16:00,33.9
06/22/06 17:00,27.2
06/22/06 18:00,18.1
06/22/06 19:00,2.0
06/22/06 20:00,0.0
06/22/06 21:00,0.0
06/22/06 22:00,0.0
06/22/06 23:00,0.0
06/23/06 00:00,0.0
06/23/06 01:00,0.0
06/23/06 02:00,0.0
06/23/06 03:00,0.0
06/23/06 04:00,0.0
06/23/06 05:00,0.0
06/23/06 06:00,1.2
06/23/06 07:00,23.0
06/23/06 08:00,40.9
06/23/06 09:00,36.9
06/23/06 10:00,35.6
06/23/06 11:00,32.6
06/23/06 12:00,37.6
06/23/06 13:00,30.4
06/23/06 14:00,19.6
06/23/06 15:00,14.7
06/23/06 16:00,14.4
06/23/06 17:00,9.5
06/23/06 18:00,5.7
06/23/06 19:00,0.0
06/23/06 20:00,0.0
06/23/06 21:00,0.0
06/23/06 22:00,0.0
06/23/06 23:00,0.0
06/24/06 00:00,0.0
06/24/06 01:00,0.0
06/24/06 02:00,0.0
06/24/06 03:00,0.0
06/24/06 04:00,0.0
06/24/06 05:00,0.0
06/24/06 06:00,0.0
06/24/06 07:00,0.0
06/24/06 08:00,0.0
06/24/06 09:00,0.8
06/24/06 10:00,18.6
06/24/06 11:00,24.7
06/24/06 12:00,28.5
06/24/06 13:00,17.6
06/24/06 14:00,10.1
06/24/06 15:00,34.2
06/24/06 16:00,27.2
06/24/06 17:00,23.3
06/24/06 18:00,17.0
06/24/06 19:00,0.0
06/24/06 20:00,0.0
06/24/06 21:00,0.0
06/24/06 22:00,0.0
06/24/06 23:00,0.0
06/25/06 00:00,0.0
06/25/06 01:00,0.0
06/25/06 02:00,0.0
06/25/06 03:00,0.0
06/25/06 04:00,0.0
06/25/06 05:00,0.0
06/25/06 06:00,0.0
06/25/06 07:00,1.1
06/25/06 08:00,0.0
06/25/06 09:00,0.3
06/25/06 10:00,0.2
06/25/06 11:00,13.4
06/25/06 12:00,9.4
06/25/06 13:00,7.6
06/25/06 14:00,9.6
06/25/06 15:00,1.0
06/25/06 16:00,0.0
06/25/06 17:00,0.8
06/25/06 18:00,0.6
06/25/06 19:00,0.0
06/25/06 20:00,0.0
06/25/06 21:00,0.0
06/25/06 22:00,0.0
06/25/06 23:00,0.0
06/26/06 00:00,0.0
06/26/06 01:00,0.0
06/26/06 02:00,0.0
06/26/06 03:00,0.0
06/26/06 04:00,0.0
06/26/06 05:00,0.0
06/26/06 06:00,0.2
06/26/06 07:00,7.4
06/26/06 08:00,19.5
06/26/06 09:00,19.3
06/26/06 10:00,35.0
06/26/06 11:00,34.3
06/26/06 12:00,34.1
06/26/06 13:00,33.1
06/26/06 14:00,31.9
06/26/06 15:00,28.5
06/26/06 16:00,24.7
06/26/06 17:00,22.3
06/26/06 18:00,17.5
06/26/06 19:00,0.0
06/26/06 20:00,0.0
06/26/06 21:00,0.0
06/26/06 22:00,0.0
06/26/06 23:00,0.0
06/27/06 00:00,0.0
06/27/06 01:00,0.0
06/27/06 02:00,0.0
06/27/06 03:00,0.0
06/27/06 04:00,0.0
06/27/06 05:00,0.0
06/27/06 06:00,0.1
06/27/06 07:00,2.5
06/27/06 08:00,8.9
06/27/06 09:00,15.8
06/27/06 10:00,31.6
06/27/06 11:00,39.0
06/27/06 12:00,32.6
06/27/06 13:00,32.8
06/27/06 14:00,32.2
06/27/06 15:00,28.7
06/27/06 16:00,25.4
06/27/06 17:00,24.0
06/27/06 18:00,18.9
06/27/06 19:00,5.4
06/27/06 20:00,0.0
06/27/06 21:00,0.0
06/27/06 22:00,0.0
06/27/06 23:00,0.0
06/28/06 00:00,0.0
06/28/06 01:00,0.0
06/28/06 02:00,0.0
06/28/06 03:00,0.0
06/28/06 04:00,0.0
06/28/06 05:00,0.0
06/28/06 06:00,0.0
06/28/06 07:00,0.0
06/28/06 08:00,0.0
06/28/06 09:00,0.0
06/28/06 10:00,0.0
06/28/06 11:00,37.3
06/28/06 12:00,22.2
06/28/06 13:00,40.2
06/28/06 14:00,35.3
06/28/06 15:00,22.9
06/28/06 16:00,13.1
06/28/06 17:00,20.1
06/28/06 18:00,19.5
06/28/06 19:00,5.4
06/28/06 20:00,0.0
06/28/06 21:00,0.0
06/28/06 22:00,0.0
06/28/06 23:00,0.0
06/29/06 00:00,0.0
06/29/06 01:00,0.0
06/29/06 02:00,0.0
06/29/06 03:00,0.0
06/29/06 04:00,0.0
06/29/06 05:00,0.0
06/29/06 06:00,4.2
06/29/06 07:00,22.5
06/29/06 08:00,44.2
06/29/06 09:00,38.1
06/29/06 10:00,50.7
06/29/06 11:00,41.6
06/29/06 12:00,35.5
06/29/06 13:00,34.9
06/29/06 14:00,36.2
06/29/06 15:00,33.5
06/29/06 16:00,28.9
06/29/06 17:00,27.0
06/29/06 18:00,11.3
06/29/06 19:00,0.5
06/29/06 20:00,0.0
06/29/06 21:00,0.0
06/29/06 22:00,0.0
06/29/06 23:00,0.0
06/30/06 00:00,0.0
06/30/06 01:00,0.0
06/30/06 02:00,0.0
06/30/06 03:00,0.0
06/30/06 04:00,0.0
06/30/06 05:00,8.8
06/30/06 06:00,29.7
06/30/06 07:00,40.1
06/30/06 08:00,39.0
06/30/06 09:00,51.1
06/30/06 10:00,52.9
06/30/06 11:00,52.0
06/30/06 12:00,52.4
06/30/06 13:00,52.7
06/30/06 14:00,43.6
06/30/06 15:00,41.4
06/30/06 16:00,26.9
06/30/06 17:00,26.4
06/30/06 18:00,17.5
06/30/06 19:00,5.8
06/30/06 20:00,0.0
06/30/06 21:00,0.0
06/30/06 22:00,0.0
06/30/06 23:00,0.0
07/01/06 00:00,0.0
07/01/06 01:00,0.0
07/01/06 02:00,0.0
07/01/06 03:00,0.0
07/01/06 04:00,0.0
07/01/06 05:00,8.7
07/01/06 06:00,31.5
07/01/06 07:00,42.2
07/01/06 08:00,46.8
07/01/06 09:00,51.3
07/01/06 10:00,50.4
07/01/06 11:00,48.0
07/01/06 12:00,0.0
07/01/06 13:00,0.0
07/01/06 14:00,0.0
07/01/06 15:00,38.9
07/01/06 16:00,26.6
07/01/06 17:00,26.7
07/01/06 18:00,21.4
07/01/06 19:00,5.5
07/01/06 20:00,0.0
07/01/06 21:00,0.0
07/01/06 22:00,0.0
07/01/06 23:00,0.0
07/02/06 00:00,0.0
07/02/06 01:00,0.0
07/02/06 02:00,0.0
07/02/06 03:00,0.0
07/02/06 04:00,0.0
07/02/06 05:00,7.7
07/02/06 06:00,28.3
07/02/06 07:00,38.3
07/02/06 08:00,44.7
07/02/06 09:00,49.6
07/02/06 10:00,40.3
07/02/06 11:00,40.9
07/02/06 12:00,42.6
07/02/06 13:00,37.6
07/02/06 14:00,39.8
07/02/06 15:00,33.4
07/02/06 16:00,21.3
07/02/06 17:00,21.9
07/02/06 18:00,14.7
07/02/06 19:00,0.3
07/02/06 20:00,0.0
07/02/06 21:00,0.0
07/02/06 22:00,0.0
07/02/06 23:00,0.0
07/03/06 00:00,0.0
07/03/06 01:00,0.0
07/03/06 02:00,0.0
07/03/06 03:00,0.0
07/03/06 04:00,0.0
07/03/06 05:00,0.0
07/03/06 06:00,28.2
07/03/06 07:00,41.0
07/03/06 08:00,45.1
07/03/06 09:00,46.2
07/03/06 10:00,41.0
07/03/06 11:00,38.8
07/03/06 12:00,49.2
07/03/06 13:00,33.7
07/03/06 14:00,36.2
07/03/06 15:00,37.6
07/03/06 16:00,26.4
07/03/06 17:00,22.2
07/03/06 18:00,13.0
07/03/06 19:00,4.3
07/03/06 20:00,0.0
07/03/06 21:00,0.0
07/03/06 22:00,0.0
07/03/06 23:00,0.0
07/04/06 00:00,0.0
07/04/06 01:00,0.0
07/04/06 02:00,0.0
07/04/06 03:00,0.0
07/04/06 04:00,0.0
07/04/06 05:00,0.0
07/04/06 06:00,3.2
07/04/06 07:00,31.8
07/04/06 08:00,9.3
07/04/06 09:00,15.8
07/04/06 10:00,14.1
07/04/06 11:00,24.9
07/04/06 12:00,31.5
07/04/06 13:00,30.0
07/04/06 14:00,27.7
07/04/06 15:00,32.2
07/04/06 16:00,28.1
07/04/06 17:00,24.2
07/04/06 18:00,13.9
07/04/06 19:00,0.0
07/04/06 20:00,0.0
07/04/06 21:00,0.0
07/04/06 22:00,0.0
07/04/06 23:00,0.0
07/05/06 00:00,0.0
07/05/06 01:00,0.0
07/05/06 02:00,0.0
07/05/06 03:00,0.0
07/05/06 04:00,0.0
07/05/06 05:00,0.3
07/05/06 06:00,3.0
07/05/06 07:00,17.2
07/05/06 08:00,27.3
07/05/06 09:00,24.9
07/05/06 10:00,28.7
07/05/06 11:00,32.3
07/05/06 12:00,32.7
07/05/06 13:00,31.3
07/05/06 14:00,31.5
07/05/06 15:00,34.8
07/05/06 16:00,21.2
07/05/06 17:00,15.0
07/05/06 18:00,15.7
07/05/06 19:00,0.0
07/05/06 20:00,0.0
07/05/06 21:00,0.0
07/05/06 22:00,0.0
07/05/06 23:00,0.0
07/06/06 00:00,0.0
07/06/06 01:00,0.0
07/06/06 02:00,0.0
07/06/06 03:00,0.0
07/06/06 04:00,0.0
07/06/06 05:00,0.0
07/06/06 06:00,0.0
07/06/06 07:00,28.3
07/06/06 08:00,38.2
07/06/06 09:00,34.2
07/06/06 10:00,44.4
07/06/06 11:00,41.4
07/06/06 12:00,36.0
07/06/06 13:00,29.4
07/06/06 14:00,24.7
07/06/06 15:00,13.6
07/06/06 16:00,36.1
07/06/06 17:00,24.0
07/06/06 18:00,13.1
07/06/06 19:00,0.0
07/06/06 20:00,0.0
07/06/06 21:00,0.0
07/06/06 22:00,0.0
07/06/06 23:00,0.0
07/07/06 00:00,0.0
07/07/06 01:00,0.0
07/07/06 02:00,0.0
07/07/06 03:00,0.0
07/07/06 04:00,0.0
07/07/06 05:00,7.0
07/07/06 06:00,27.7
07/07/06 07:00,36.1
07/07/06 08:00,43.8
07/07/06 09:00,50.9
07/07/06 10:00,50.5
07/07/06 11:00,49.3
07/07/06 12:00,48.5
07/07/06 13:00,47.4
07/07/06 14:00,30.3
07/07/06 15:00,43.7
07/07/06 16:00,43.7
07/07/06 17:00,29.3
07/07/06 18:00,19.7
07/07/06 19:00,0.0
07/07/06 20:00,0.0
07/07/06 21:00,0.0
07/07/06 22:00,0.0
07/07/06 23:00,0.0
07/08/06 00:00,0.0
07/08/06 01:00,0.0
07/08/06 02:00,0.0
07/08/06 03:00,0.0
07/08/06 04:00,0.0
07/08/06 05:00,0.2
07/08/06 06:00,17.0
07/08/06 07:00,15.7
07/08/06 08:00,24.3
07/08/06 09:00,45.9
07/08/06 10:00,40.6
07/08/06 11:00,38.1
07/08/06 12:00,41.2
07/08/06 13:00,35.8
07/08/06 14:00,43.0
07/08/06 15:00,36.0
07/08/06 16:00,39.5
07/08/06 17:00,13.7
07/08/06 18:00,6.4
07/08/06 19:00,0.0
07/08/06 20:00,0.0
07/08/06 21:00,0.0
07/08/06 22:00,0.0
07/08/06 23:00,0.0
07/09/06 00:00,0.0
07/09/06 01:00,0.0
07/09/06 02:00,0.0
07/09/06 03:00,0.0
07/09/06 04:00,0.0
07/09/06 05:00,4.0
07/09/06 06:00,30.1
07/09/06 07:00,16.8
07/09/06 08:00,38.6
07/09/06 09:00,27.1
07/09/06 10:00,30.3
07/09/06 11:00,46.0
07/09/06 12:00,42.2
07/09/06 13:00,35.5
07/09/06 14:00,44.3
07/09/06 15:00,27.3
07/09/06 16:00,28.7
07/09/06 17:00,26.9
07/09/06 18:00,18.7
07/09/06 19:00,0.0
07/09/06 20:00,0.0
07/09/06 21:00,0.0
07/09/06 22:00,0.0
07/09/06 23:00,0.0
07/10/06 00:00,0.0
07/10/06 01:00,0.0
07/10/06 02:00,0.0
07/10/06 03:00,0.0
07/10/06 04:00,0.0
07/10/06 05:00,3.4
07/10/06 06:00,27.5
07/10/06 07:00,38.8
07/10/06 08:00,45.6
07/10/06 09:00,46.9
07/10/06 10:00,51.2
07/10/06 11:00,43.3
07/10/06 12:00,36.7
07/10/06 13:00,36.6
07/10/06 14:00,35.3
07/10/06 15:00,27.5
07/10/06 16:00,35.9
07/10/06 17:00,28.2
07/10/06 18:00,18.4
07/10/06 19:00,0.0
07/10/06 20:00,0.0
07/10/06 21:00,0.0
07/10/06 22:00,0.0
07/10/06 23:00,0.0
07/11/06 00:00,0.0
07/11/06 01:00,0.0
07/11/06 02:00,0.0
07/11/06 03:00,0.0
07/11/06 04:00,0.0
07/11/06 05:00,2.3
07/11/06 06:00,21.4
07/11/06 07:00,15.2
07/11/06 08:00,30.5
07/11/06 09:00,39.4
07/11/06 10:00,39.8
07/11/06 11:00,44.5
07/11/06 12:00,42.8
07/11/06 13:00,35.2
07/11/06 14:00,33.6
07/11/06 15:00,27.1
07/11/06 16:00,33.7
07/11/06 17:00,24.6
07/11/06 18:00,10.9
07/11/06 19:00,0.0
07/11/06 20:00,0.0
07/11/06 21:00,0.0
07/11/06 22:00,0.0
07/11/06 23:00,0.0
07/12/06 00:00,0.0
07/12/06 01:00,0.0
07/12/06 02:00,0.0
07/12/06 03:00,0.0
07/12/06 04:00,0.0
07/12/06 05:00,0.0
07/12/06 06:00,0.0
07/12/06 07:00,29.1
07/12/06 08:00,11.5
07/12/06 09:00,10.0
07/12/06 10:00,26.3
07/12/06 11:00,13.4
07/12/06 12:00,11.7
07/12/06 13:00,17.5
07/12/06 14:00,20.1
07/12/06 15:00,33.2
07/12/06 16:00,14.6
07/12/06 17:00,0.3
07/12/06 18:00,0.0
07/12/06 19:00,0.0
07/12/06 20:00,0.0
07/12/06 21:00,0.0
07/12/06 22:00,0.0
07/12/06 23:00,0.0
07/13/06 00:00,0.0
07/13/06 01:00,0.0
07/13/06 02:00,0.0
07/13/06 03:00,0.0
07/13/06 04:00,0.0
07/13/06 05:00,0.0
07/13/06 06:00,6.1
07/13/06 07:00,20.6
07/13/06 08:00,31.6
07/13/06 09:00,22.4
07/13/06 10:00,34.6
07/13/06 11:00,28.4
07/13/06 12:00,19.6
07/13/06 13:00,25.2
07/13/06 14:00,35.4
07/13/06 15:00,30.6
07/13/06 16:00,33.5
07/13/06 17:00,28.1
07/13/06 18:00,21.7
07/13/06 19:00,0.0
07/13/06 20:00,0.0
07/13/06 21:00,0.0
07/13/06 22:00,0.0
07/13/06 23:00,0.0
07/14/06 00:00,0.0
07/14/06 01:00,0.0
07/14/06 02:00,0.0
07/14/06 03:00,0.0
07/14/06 04:00,0.0
07/14/06 05:00,1.3
07/14/06 06:00,28.3
07/14/06 07:00,40.1
07/14/06 08:00,45.8
07/14/06 09:00,47.1
07/14/06 10:00,46.9
07/14/06 11:00,46.1
07/14/06 12:00,43.5
07/14/06 13:00,43.7
07/14/06 14:00,40.4
07/14/06 15:00,30.2
07/14/06 16:00,40.9
07/14/06 17:00,32.8
07/14/06 18:00,20.8
07/14/06 19:00,0.0
07/14/06 20:00,0.0
07/14/06 21:00,0.0
07/14/06 22:00,0.0
07/14/06 23:00,0.0
07/15/06 00:00,0.0
07/15/06 01:00,0.0
07/15/06 02:00,0.0
07/15/06 03:00,0.0
07/15/06 04:00,0.0
07/15/06 05:00,0.2
07/15/06 06:00,26.3
07/15/06 07:00,8.3
07/15/06 08:00,36.3
07/15/06 09:00,16.7
07/15/06 10:00,32.5
07/15/06 11:00,35.0
07/15/06 12:00,32.5
07/15/06 13:00,16.5
07/15/06 14:00,26.8
07/15/06 15:00,26.7
07/15/06 16:00,23.0
07/15/06 17:00,15.5
07/15/06 18:00,20.5
07/15/06 19:00,0.0
07/15/06 20:00,0.0
07/15/06 21:00,0.0
07/15/06 22:00,0.0
07/15/06 23:00,0.0
07/16/06 00:00,0.0
07/16/06 01:00,0.0
07/16/06 02:00,0.0
07/16/06 03:00,0.0
07/16/06 04:00,0.0
07/16/06 05:00,0.3
07/16/06 06:00,27.0
07/16/06 07:00,39.0
07/16/06 08:00,46.3
07/16/06 09:00,49.6
07/16/06 10:00,49.2
07/16/06 11:00,48.3
07/16/06 12:00,47.2
07/16/06 13:00,48.0
07/16/06 14:00,46.7
07/16/06 15:00,44.9
07/16/06 16:00,38.6
07/16/06 17:00,31.2
07/16/06 18:00,20.3
07/16/06 19:00,0.0
07/16/06 20:00,0.0
07/16/06 21:00,0.0
07/16/06 22:00,0.0
07/16/06 23:00,0.0
07/17/06 00:00,0.0
07/17/06 01:00,0.0
07/17/06 02:00,0.0
07/17/06 03:00,0.0
07/17/06 04:00,0.0
07/17/06 05:00,0.1
07/17/06 06:00,25.5
07/17/06 07:00,33.2
07/17/06 08:00,45.6
07/17/06 09:00,50.0
07/17/06 10:00,49.8
07/17/06 11:00,48.3
07/17/06 12:00,49.0
07/17/06 13:00,49.8
07/17/06 14:00,49.6
07/17/06 15:00,46.1
07/17/06 16:00,41.0
07/17/06 17:00,32.0
07/17/06 18:00,19.5
07/17/06 19:00,0.0
07/17/06 20:00,0.0
07/17/06 21:00,0.0
07/17/06 22:00,0.0
07/17/06 23:00,0.0
07/18/06 00:00,0.0
07/18/06 01:00,0.0
07/18/06 02:00,0.0
07/18/06 03:00,0.0
07/18/06 04:00,0.0
07/18/06 05:00,0.1
07/18/06 06:00,18.0
07/18/06 07:00,31.0
07/18/06 08:00,42.4
07/18/06 09:00,48.4
07/18/06 10:00,46.4
07/18/06 11:00,48.7
07/18/06 12:00,48.3
07/18/06 13:00,47.3
07/18/06 14:00,44.0
07/18/06 15:00,34.6
07/18/06 16:00,18.3
07/18/06 17:00,21.8
07/18/06 18:00,10.5
07/18/06 19:00,0.0
07/18/06 20:00,0.0
07/18/06 21:00,0.0
07/18/06 22:00,0.0
07/18/06 23:00,0.0
07/19/06 00:00,0.0
07/19/06 01:00,0.0
07/19/06 02:00,0.0
07/19/06 03:00,0.0
07/19/06 04:00,0.0
07/19/06 05:00,0.0
07/19/06 06:00,0.3
07/19/06 07:00,17.5
07/19/06 08:00,16.2
07/19/06 09:00,29.2
07/19/06 10:00,46.8
07/19/06 11:00,36.4
07/19/06 12:00,39.5
07/19/06 13:00,40.5
07/19/06 14:00,36.7
07/19/06 15:00,26.6
07/19/06 16:00,25.3
07/19/06 17:00,30.4
07/19/06 18:00,18.8
07/19/06 19:00,0.0
07/19/06 20:00,0.0
07/19/06 21:00,0.0
07/19/06 22:00,0.0
07/19/06 23:00,0.0
07/20/06 00:00,0.0
07/20/06 01:00,0.0
07/20/06 02:00,0.0
07/20/06 03:00,0.0
07/20/06 04:00,0.0
07/20/06 05:00,0.0
07/20/06 06:00,0.0
07/20/06 07:00,0.3
07/20/06 08:00,6.7
07/20/06 09:00,22.5
07/20/06 10:00,33.3
07/20/06 11:00,35.6
07/20/06 12:00,32.3
07/20/06 13:00,10.6
07/20/06 14:00,20.2
07/20/06 15:00,9.5
07/20/06 16:00,2.0
07/20/06 17:00,22.8
07/20/06 18:00,18.1
07/20/06 19:00,0.0
07/20/06 20:00,0.0
07/20/06 21:00,0.0
07/20/06 22:00,0.0
07/20/06 23:00,0.0
07/21/06 00:00,0.0
07/21/06 01:00,0.0
07/21/06 02:00,0.0
07/21/06 03:00,0.0
07/21/06 04:00,0.0
07/21/06 05:00,0.0
07/21/06 06:00,0.1
07/21/06 07:00,1.3
07/21/06 08:00,9.5
07/21/06 09:00,17.5
07/21/06 10:00,27.0
07/21/06 11:00,35.5
07/21/06 12:00,34.6
07/21/06 13:00,25.9
07/21/06 14:00,34.0
07/21/06 15:00,32.6
07/21/06 16:00,15.9
07/21/06 17:00,11.9
07/21/06 18:00,7.6
07/21/06 19:00,0.0
07/21/06 20:00,0.0
07/21/06 21:00,0.0
07/21/06 22:00,0.0
07/21/06 23:00,0.0
07/22/06 00:00,0.0
07/22/06 01:00,0.0
07/22/06 02:00,0.0
07/22/06 03:00,0.0
07/22/06 04:00,0.0
07/22/06 05:00,0.0
07/22/06 06:00,0.1
07/22/06 07:00,5.7
07/22/06 08:00,0.1
07/22/06 09:00,12.5
07/22/06 10:00,0.5
07/22/06 11:00,7.2
07/22/06 12:00,15.0
07/22/06 13:00,5.1
07/22/06 14:00,21.4
07/22/06 15:00,13.4
07/22/06 16:00,26.8
07/22/06 17:00,11.2
07/22/06 18:00,0.0
07/22/06 19:00,0.0
07/22/06 20:00,0.0
07/22/06 21:00,0.0
07/22/06 22:00,0.0
07/22/06 23:00,0.0
07/23/06 00:00,0.0
07/23/06 01:00,0.0
07/23/06 02:00,0.0
07/23/06 03:00,0.0
07/23/06 04:00,0.0
07/23/06 05:00,0.0
07/23/06 06:00,0.0
07/23/06 07:00,0.0
07/23/06 08:00,1.9
07/23/06 09:00,11.5
07/23/06 10:00,32.7
07/23/06 11:00,24.1
07/23/06 12:00,31.4
07/23/06 13:00,25.8
07/23/06 14:00,34.6
07/23/06 15:00,26.7
07/23/06 16:00,13.7
07/23/06 17:00,24.8
07/23/06 18:00,19.1
07/23/06 19:00,0.0
07/23/06 20:00,0.0
07/23/06 21:00,0.0
07/23/06 22:00,0.0
07/23/06 23:00,0.0
07/24/06 00:00,0.0
07/24/06 01:00,0.0
07/24/06 02:00,0.0
07/24/06 03:00,0.0
07/24/06 04:00,0.0
07/24/06 05:00,0.0
07/24/06 06:00,27.0
07/24/06 07:00,38.8
07/24/06 08:00,46.9
07/24/06 09:00,49.4
07/24/06 10:00,47.6
07/24/06 11:00,46.6
07/24/06 12:00,34.3
07/24/06 13:00,43.8
07/24/06 14:00,46.7
07/24/06 15:00,35.1
07/24/06 16:00,36.1
07/24/06 17:00,32.3
07/24/06 18:00,19.5
07/24/06 19:00,0.0
07/24/06 20:00,0.0
07/24/06 21:00,0.0
07/24/06 22:00,0.0
07/24/06 23:00,0.0
07/25/06 00:00,0.0
07/25/06 01:00,0.0
07/25/06 02:00,0.0
07/25/06 03:00,0.0
07/25/06 04:00,0.0
07/25/06 05:00,0.0
07/25/06 06:00,16.8
07/25/06 07:00,16.5
07/25/06 08:00,24.6
07/25/06 09:00,26.1
07/25/06 10:00,36.7
07/25/06 11:00,39.7
07/25/06 12:00,37.0
07/25/06 13:00,41.0
07/25/06 14:00,40.6
07/25/06 15:00,35.3
07/25/06 16:00,35.5
07/25/06 17:00,7.3
07/25/06 18:00,14.0
07/25/06 19:00,0.0
07/25/06 20:00,0.0
07/25/06 21:00,0.0
07/25/06 22:00,0.0
07/25/06 23:00,0.0
07/26/06 00:00,0.0
07/26/06 01:00,0.0
07/26/06 02:00,0.0
07/26/06 03:00,0.0
07/26/06 04:00,0.0
07/26/06 05:00,0.0
07/26/06 06:00,12.1
07/26/06 07:00,26.0
07/26/06 08:00,46.7
07/26/06 09:00,48.7
07/26/06 10:00,47.2
07/26/06 11:00,47.3
07/26/06 12:00,35.3
07/26/06 13:00,46.4
07/26/06 14:00,34.8
07/26/06 15:00,33.3
07/26/06 16:00,35.9
07/26/06 17:00,28.4
07/26/06 18:00,18.0
07/26/06 19:00,0.0
07/26/06 20:00,0.0
07/26/06 21:00,0.0
07/26/06 22:00,0.0
07/26/06 23:00,0.0
07/27/06 00:00,0.0
07/27/06 01:00,0.0
07/27/06 02:00,0.0
07/27/06 03:00,0.0
07/27/06 04:00,0.0
07/27/06 05:00,0.0
07/27/06 06:00,12.8
07/27/06 07:00,31.8
07/27/06 08:00,26.6
07/27/06 09:00,32.7
07/27/06 10:00,38.1
07/27/06 11:00,44.3
07/27/06 12:00,42.5
07/27/06 13:00,33.1
07/27/06 14:00,41.9
07/27/06 15:00,23.7
07/27/06 16:00,25.0
07/27/06 17:00,22.9
07/27/06 18:00,12.7
07/27/06 19:00,0.0
07/27/06 20:00,0.0
07/27/06 21:00,0.0
07/27/06 22:00,0.0
07/27/06 23:00,0.0
07/28/06 00:00,0.0
07/28/06 01:00,0.0
07/28/06 02:00,0.0
07/28/06 03:00,0.0
07/28/06 04:00,0.0
07/28/06 05:00,0.0
07/28/06 06:00,21.0
07/28/06 07:00,35.5
07/28/06 08:00,36.9
07/28/06 09:00,36.6
07/28/06 10:00,43.1
07/28/06 11:00,35.3
07/28/06 12:00,34.7
07/28/06 13:00,35.5
07/28/06 14:00,21.1
07/28/06 15:00,14.9
07/28/06 16:00,0.2
07/28/06 17:00,0.0
07/28/06 18:00,0.0
07/28/06 19:00,0.0
07/28/06 20:00,0.0
07/28/06 21:00,0.0
07/28/06 22:00,0.0
07/28/06 23:00,0.0
07/29/06 00:00,0.0
07/29/06 01:00,0.0
07/29/06 02:00,0.0
07/29/06 03:00,0.0
07/29/06 04:00,0.0
07/29/06 05:00,0.0
07/29/06 06:00,24.5
07/29/06 07:00,41.0
07/29/06 08:00,47.2
07/29/06 09:00,50.7
07/29/06 10:00,50.8
07/29/06 11:00,49.1
07/29/06 12:00,47.6
07/29/06 13:00,41.4
07/29/06 14:00,30.4
07/29/06 15:00,33.7
07/29/06 16:00,14.4
07/29/06 17:00,21.6
07/29/06 18:00,10.0
07/29/06 19:00,0.0
07/29/06 20:00,0.0
07/29/06 21:00,0.0
07/29/06 22:00,0.0
07/29/06 23:00,0.0
07/30/06 00:00,0.0
07/30/06 01:00,0.0
07/30/06 02:00,0.0
07/30/06 03:00,0.0
07/30/06 04:00,0.0
07/30/06 05:00,0.0
07/30/06 06:00,23.2
07/30/06 07:00,38.8
07/30/06 08:00,44.2
07/30/06 09:00,44.2
07/30/06 10:00,40.7
07/30/06 11:00,47.3
07/30/06 12:00,37.9
07/30/06 13:00,40.9
07/30/06 14:00,32.8
07/30/06 15:00,38.9
07/30/06 16:00,41.6
07/30/06 17:00,31.7
07/30/06 18:00,17.9
07/30/06 19:00,0.0
07/30/06 20:00,0.0
07/30/06 21:00,0.0
07/30/06 22:00,0.0
07/30/06 23:00,0.0
07/31/06 00:00,0.0
07/31/06 01:00,0.0
07/31/06 02:00,0.0
07/31/06 03:00,0.0
07/31/06 04:00,0.0
07/31/06 05:00,0.0
07/31/06 06:00,25.2
07/31/06 07:00,34.5
07/31/06 08:00,38.9
07/31/06 09:00,47.7
07/31/06 10:00,48.9
07/31/06 11:00,44.9
07/31/06 12:00,47.2
07/31/06 13:00,46.3
07/31/06 14:00,46.9
07/31/06 15:00,46.0
07/31/06 16:00,36.8
07/31/06 17:00,26.8
07/31/06 18:00,16.1
07/31/06 19:00,0.0
07/31/06 20:00,0.0
07/31/06 21:00,0.0
07/31/06 22:00,0.0
07/31/06 23:00,0.0
08/01/06 00:00,0.0
08/01/06 01:00,0.0
08/01/06 02:00,0.0
08/01/06 03:00,0.0
08/01/06 04:00,0.0
08/01/06 05:00,0.0
08/01/06 06:00,22.6
08/01/06 07:00,37.1
08/01/06 08:00,42.1
08/01/06 09:00,38.9
08/01/06 10:00,42.9
08/01/06 11:00,45.6
08/01/06 12:00,41.4
08/01/06 13:00,38.7
08/01/06 14:00,27.7
08/01/06 15:00,23.4
08/01/06 16:00,13.7
08/01/06 17:00,21.7
08/01/06 18:00,17.7
08/01/06 19:00,0.0
08/01/06 20:00,0.0
08/01/06 21:00,0.0
08/01/06 22:00,0.0
08/01/06 23:00,0.0
08/02/06 00:00,0.0
08/02/06 01:00,0.0
08/02/06 02:00,0.0
08/02/06 03:00,0.0
08/02/06 04:00,0.0
08/02/06 05:00,0.0
08/02/06 06:00,21.9
08/02/06 07:00,38.0
08/02/06 08:00,43.3
08/02/06 09:00,44.3
08/02/06 10:00,39.6
08/02/06 11:00,46.3
08/02/06 12:00,46.3
08/02/06 13:00,44.7
08/02/06 14:00,35.7
08/02/06 15:00,36.2
08/02/06 16:00,33.5
08/02/06 17:00,25.0
08/02/06 18:00,16.1
08/02/06 19:00,0.0
08/02/06 20:00,0.0
08/02/06 21:00,0.0
08/02/06 22:00,0.0
08/02/06 23:00,0.0
08/03/06 00:00,0.0
08/03/06 01:00,0.0
08/03/06 02:00,0.0
08/03/06 03:00,0.0
08/03/06 04:00,0.0
08/03/06 05:00,0.0
08/03/06 06:00,20.9
08/03/06 07:00,36.1
08/03/06 08:00,42.3
08/03/06 09:00,45.1
08/03/06 10:00,45.4
08/03/06 11:00,48.0
08/03/06 12:00,47.0
08/03/06 13:00,39.1
08/03/06 14:00,41.7
08/03/06 15:00,38.7
08/03/06 16:00,27.5
08/03/06 17:00,9.1
08/03/06 18:00,0.0
08/03/06 19:00,0.0
08/03/06 20:00,0.0
08/03/06 21:00,0.0
08/03/06 22:00,0.0
08/03/06 23:00,0.0
08/04/06 00:00,0.0
08/04/06 01:00,0.0
08/04/06 02:00,0.0
08/04/06 03:00,0.0
08/04/06 04:00,0.0
08/04/06 05:00,0.0
08/04/06 06:00,13.2
08/04/06 07:00,19.6
08/04/06 08:00,36.2
08/04/06 09:00,0.0
08/04/06 10:00,7.2
08/04/06 11:00,22.4
08/04/06 12:00,17.5
08/04/06 13:00,35.0
08/04/06 14:00,32.8
08/04/06 15:00,30.8
08/04/06 16:00,35.4
08/04/06 17:00,31.0
08/04/06 18:00,18.0
08/04/06 19:00,0.0
08/04/06 20:00,0.0
08/04/06 21:00,0.0
08/04/06 22:00,0.0
08/04/06 23:00,0.0
08/05/06 00:00,0.0
08/05/06 01:00,0.0
08/05/06 02:00,0.0
08/05/06 03:00,0.0
08/05/06 04:00,0.0
08/05/06 05:00,0.0
08/05/06 06:00,20.9
08/05/06 07:00,38.7
08/05/06 08:00,45.6
08/05/06 09:00,50.3
08/05/06 10:00,49.3
08/05/06 11:00,39.4
08/05/06 12:00,45.7
08/05/06 13:00,45.3
08/05/06 14:00,45.0
08/05/06 15:00,21.5
08/05/06 16:00,17.8
08/05/06 17:00,21.1
08/05/06 18:00,16.7
08/05/06 19:00,0.0
08/05/06 20:00,0.0
08/05/06 21:00,0.0
08/05/06 22:00,0.0
08/05/06 23:00,0.0
08/06/06 00:00,0.0
08/06/06 01:00,0.0
08/06/06 02:00,0.0
08/06/06 03:00,0.0
08/06/06 04:00,0.0
08/06/06 05:00,0.0
08/06/06 06:00,20.7
08/06/06 07:00,38.4
08/06/06 08:00,42.5
08/06/06 09:00,42.4
08/06/06 10:00,50.6
08/06/06 11:00,48.5
08/06/06 12:00,48.3
08/06/06 13:00,39.8
08/06/06 14:00,32.1
08/06/06 15:00,35.9
08/06/06 16:00,14.9
08/06/06 17:00,21.4
08/06/06 18:00,11.9
08/06/06 19:00,0.0
08/06/06 20:00,0.0
08/06/06 21:00,0.0
08/06/06 22:00,0.0
08/06/06 23:00,0.0
08/07/06 00:00,0.0
08/07/06 01:00,0.0
08/07/06 02:00,0.0
08/07/06 03:00,0.0
08/07/06 04:00,0.0
08/07/06 05:00,0.0
08/07/06 06:00,0.0
08/07/06 07:00,33.5
08/07/06 08:00,2.8
08/07/06 09:00,35.3
08/07/06 10:00,30.9
08/07/06 11:00,32.4
08/07/06 12:00,35.3
08/07/06 13:00,38.7
08/07/06 14:00,36.0
08/07/06 15:00,17.3
08/07/06 16:00,8.7
08/07/06 17:00,0.1
08/07/06 18:00,0.1
08/07/06 19:00,0.0
08/07/06 20:00,0.0
08/07/06 21:00,0.0
08/07/06 22:00,0.0
08/07/06 23:00,0.0
08/08/06 00:00,0.0
08/08/06 01:00,0.0
08/08/06 02:00,0.0
08/08/06 03:00,0.0
08/08/06 04:00,0.0
08/08/06 05:00,0.0
08/08/06 06:00,20.1
08/08/06 07:00,38.3
08/08/06 08:00,46.8
08/08/06 09:00,49.0
08/08/06 10:00,49.1
08/08/06 11:00,31.7
08/08/06 12:00,41.7
08/08/06 13:00,39.6
08/08/06 14:00,38.2
08/08/06 15:00,43.5
08/08/06 16:00,40.5
08/08/06 17:00,31.3
08/08/06 18:00,16.8
08/08/06 19:00,0.0
08/08/06 20:00,0.0
08/08/06 21:00,0.0
08/08/06 22:00,0.0
08/08/06 23:00,0.0
08/09/06 00:00,0.0
08/09/06 01:00,0.0
08/09/06 02:00,0.0
08/09/06 03:00,0.0
08/09/06 04:00,0.0
08/09/06 05:00,0.0
08/09/06 06:00,19.0
08/09/06 07:00,36.3
08/09/06 08:00,45.7
08/09/06 09:00,43.4
08/09/06 10:00,43.3
08/09/06 11:00,45.7
08/09/06 12:00,47.2
08/09/06 13:00,48.0
08/09/06 14:00,46.9
08/09/06 15:00,44.5
08/09/06 16:00,40.8
08/09/06 17:00,30.9
08/09/06 18:00,16.7
08/09/06 19:00,0.0
08/09/06 20:00,0.0
08/09/06 21:00,0.0
08/09/06 22:00,0.0
08/09/06 23:00,0.0
08/10/06 00:00,0.0
08/10/06 01:00,0.0
08/10/06 02:00,0.0
08/10/06 03:00,0.0
08/10/06 04:00,0.0
08/10/06 05:00,0.0
08/10/06 06:00,17.4
08/10/06 07:00,9.9
08/10/06 08:00,44.1
08/10/06 09:00,42.3
08/10/06 10:00,43.1
08/10/06 11:00,7.7
08/10/06 12:00,45.1
08/10/06 13:00,24.9
08/10/06 14:00,13.6
08/10/06 15:00,6.5
08/10/06 16:00,30.8
08/10/06 17:00,27.2
08/10/06 18:00,15.5
08/10/06 19:00,0.0
08/10/06 20:00,0.0
08/10/06 21:00,0.0
08/10/06 22:00,0.0
08/10/06 23:00,0.0
08/11/06 00:00,0.0
08/11/06 01:00,0.0
08/11/06 02:00,0.0
08/11/06 03:00,0.0
08/11/06 04:00,0.0
08/11/06 05:00,0.0
08/11/06 06:00,0.9
08/11/06 07:00,33.8
08/11/06 08:00,36.6
08/11/06 09:00,38.4
08/11/06 10:00,37.1
08/11/06 11:00,35.0
08/11/06 12:00,35.2
08/11/06 13:00,34.8
08/11/06 14:00,45.3
08/11/06 15:00,44.1
08/11/06 16:00,39.9
08/11/06 17:00,29.5
08/11/06 18:00,14.6
08/11/06 19:00,0.0
08/11/06 20:00,0.0
08/11/06 21:00,0.0
08/11/06 22:00,0.0
08/11/06 23:00,0.0
08/12/06 00:00,0.0
08/12/06 01:00,0.0
08/12/06 02:00,0.0
08/12/06 03:00,0.0
08/12/06 04:00,0.0
08/12/06 05:00,0.0
08/12/06 06:00,17.9
08/12/06 07:00,38.2
08/12/06 08:00,47.9
08/12/06 09:00,49.4
08/12/06 10:00,49.0
08/12/06 11:00,47.9
08/12/06 12:00,48.0
08/12/06 13:00,47.1
08/12/06 14:00,46.4
08/12/06 15:00,44.7
08/12/06 16:00,38.5
08/12/06 17:00,29.4
08/12/06 18:00,15.7
08/12/06 19:00,0.0
08/12/06 20:00,0.0
08/12/06 21:00,0.0
08/12/06 22:00,0.0
08/12/06 23:00,0.0
08/13/06 00:00,0.0
08/13/06 01:00,0.0
08/13/06 02:00,0.0
08/13/06 03:00,0.0
08/13/06 04:00,0.0
08/13/06 05:00,0.0
08/13/06 06:00,17.9
08/13/06 07:00,37.9
08/13/06 08:00,48.3
08/13/06 09:00,49.1
08/13/06 10:00,49.0
08/13/06 11:00,47.8
08/13/06 12:00,46.9
08/13/06 13:00,46.1
08/13/06 14:00,47.4
08/13/06 15:00,38.2
08/13/06 16:00,38.9
08/13/06 17:00,29.5
08/13/06 18:00,14.9
08/13/06 19:00,0.0
08/13/06 20:00,0.0
08/13/06 21:00,0.0
08/13/06 22:00,0.0
08/13/06 23:00,0.0
08/14/06 00:00,0.0
08/14/06 01:00,0.0
08/14/06 02:00,0.0
08/14/06 03:00,0.0
08/14/06 04:00,0.0
08/14/06 05:00,0.0
08/14/06 06:00,16.2
08/14/06 07:00,36.1
08/14/06 08:00,47.1
08/14/06 09:00,49.7
08/14/06 10:00,48.6
08/14/06 11:00,47.5
08/14/06 12:00,47.1
08/14/06 13:00,42.3
08/14/06 14:00,32.4
08/14/06 15:00,26.1
08/14/06 16:00,33.2
08/14/06 17:00,24.8
08/14/06 18:00,14.2
08/14/06 19:00,0.0
08/14/06 20:00,0.0
08/14/06 21:00,0.0
08/14/06 22:00,0.0
08/14/06 23:00,0.0
08/15/06 00:00,0.0
08/15/06 01:00,0.0
08/15/06 02:00,0.0
08/15/06 03:00,0.0
08/15/06 04:00,0.0
08/15/06 05:00,0.0
08/15/06 06:00,0.0
08/15/06 07:00,18.0
08/15/06 08:00,1.0
08/15/06 09:00,26.6
08/15/06 10:00,35.6
08/15/06 11:00,42.2
08/15/06 12:00,44.9
08/15/06 13:00,37.7
08/15/06 14:00,42.9
08/15/06 15:00,43.2
08/15/06 16:00,39.0
08/15/06 17:00,29.2
08/15/06 18:00,13.4
08/15/06 19:00,0.0
08/15/06 20:00,0.0
08/15/06 21:00,0.0
08/15/06 22:00,0.0
08/15/06 23:00,0.0
08/16/06 00:00,0.0
08/16/06 01:00,0.0
08/16/06 02:00,0.0
08/16/06 03:00,0.0
08/16/06 04:00,0.0
08/16/06 05:00,0.0
08/16/06 06:00,15.7
08/16/06 07:00,34.7
08/16/06 08:00,43.5
08/16/06 09:00,48.1
08/16/06 10:00,49.5
08/16/06 11:00,41.7
08/16/06 12:00,37.3
08/16/06 13:00,46.4
08/16/06 14:00,32.7
08/16/06 15:00,29.6
08/16/06 16:00,24.5
08/16/06 17:00,23.1
08/16/06 18:00,11.6
08/16/06 19:00,0.0
08/16/06 20:00,0.0
08/16/06 21:00,0.0
08/16/06 22:00,0.0
08/16/06 23:00,0.0
08/17/06 00:00,0.0
08/17/06 01:00,0.0
08/17/06 02:00,0.0
08/17/06 03:00,0.0
08/17/06 04:00,0.0
08/17/06 05:00,0.0
08/17/06 06:00,14.7
08/17/06 07:00,35.2
08/17/06 08:00,42.3
08/17/06 09:00,48.3
08/17/06 10:00,45.2
08/17/06 11:00,43.7
08/17/06 12:00,29.6
08/17/06 13:00,44.9
08/17/06 14:00,31.0
08/17/06 15:00,40.0
08/17/06 16:00,34.4
08/17/06 17:00,28.7
08/17/06 18:00,12.7
08/17/06 19:00,0.0
08/17/06 20:00,0.0
08/17/06 21:00,0.0
08/17/06 22:00,0.0
08/17/06 23:00,0.0
08/18/06 00:00,0.0
08/18/06 01:00,0.0
08/18/06 02:00,0.0
08/18/06 03:00,0.0
08/18/06 04:00,0.0
08/18/06 05:00,0.0
08/18/06 06:00,0.0
08/18/06 07:00,23.3
08/18/06 08:00,20.3
08/18/06 09:00,35.1
08/18/06 10:00,40.5
08/18/06 11:00,44.1
08/18/06 12:00,38.0
08/18/06 13:00,48.2
08/18/06 14:00,46.0
08/18/06 15:00,42.0
08/18/06 16:00,35.5
08/18/06 17:00,23.2
08/18/06 18:00,10.5
08/18/06 19:00,0.0
08/18/06 20:00,0.0
08/18/06 21:00,0.0
08/18/06 22:00,0.0
08/18/06 23:00,0.0
08/19/06 00:00,0.0
08/19/06 01:00,0.0
08/19/06 02:00,0.0
08/19/06 03:00,0.0
08/19/06 04:00,0.0
08/19/06 05:00,0.0
08/19/06 06:00,0.0
08/19/06 07:00,1.3
08/19/06 08:00,10.3
08/19/06 09:00,17.0
08/19/06 10:00,30.8
08/19/06 11:00,34.3
08/19/06 12:00,34.7
08/19/06 13:00,35.1
08/19/06 14:00,33.7
08/19/06 15:00,20.8
08/19/06 16:00,8.2
08/19/06 17:00,6.8
08/19/06 18:00,6.4
08/19/06 19:00,0.0
08/19/06 20:00,0.0
08/19/06 21:00,0.0
08/19/06 22:00,0.0
08/19/06 23:00,0.0
08/20/06 00:00,0.0
08/20/06 01:00,0.0
08/20/06 02:00,0.0
08/20/06 03:00,0.0
08/20/06 04:00,0.0
08/20/06 05:00,0.0
08/20/06 06:00,0.0
08/20/06 07:00,16.9
08/20/06 08:00,22.2
08/20/06 09:00,45.8
08/20/06 10:00,45.6
08/20/06 11:00,41.3
08/20/06 12:00,42.5
08/20/06 13:00,42.7
08/20/06 14:00,34.6
08/20/06 15:00,29.9
08/20/06 16:00,34.2
08/20/06 17:00,27.0
08/20/06 18:00,11.0
08/20/06 19:00,0.0
08/20/06 20:00,0.0
08/20/06 21:00,0.0
08/20/06 22:00,0.0
08/20/06 23:00,0.0
08/21/06 00:00,0.0
08/21/06 01:00,0.0
08/21/06 02:00,0.0
08/21/06 03:00,0.0
08/21/06 04:00,0.0
08/21/06 05:00,0.0
08/21/06 06:00,13.3
08/21/06 07:00,36.0
08/21/06 08:00,46.7
08/21/06 09:00,46.5
08/21/06 10:00,39.2
08/21/06 11:00,42.6
08/21/06 12:00,43.9
08/21/06 13:00,46.6
08/21/06 14:00,45.7
08/21/06 15:00,44.1
08/21/06 16:00,38.8
08/21/06 17:00,28.8
08/21/06 18:00,11.6
08/21/06 19:00,0.0
08/21/06 20:00,0.0
08/21/06 21:00,0.0
08/21/06 22:00,0.0
08/21/06 23:00,0.0
08/22/06 00:00,0.0
08/22/06 01:00,0.0
08/22/06 02:00,0.0
08/22/06 03:00,0.0
08/22/06 04:00,0.0
08/22/06 05:00,0.0
08/22/06 06:00,8.4
08/22/06 07:00,17.0
08/22/06 08:00,39.5
08/22/06 09:00,47.0
08/22/06 10:00,48.2
08/22/06 11:00,46.6
08/22/06 12:00,45.8
08/22/06 13:00,47.2
08/22/06 14:00,43.7
08/22/06 15:00,42.4
08/22/06 16:00,38.6
08/22/06 17:00,26.3
08/22/06 18:00,8.1
08/22/06 19:00,0.0
08/22/06 20:00,0.0
08/22/06 21:00,0.0
08/22/06 22:00,0.0
08/22/06 23:00,0.0
08/23/06 00:00,0.0
08/23/06 01:00,0.0
08/23/06 02:00,0.0
08/23/06 03:00,0.0
08/23/06 04:00,0.0
08/23/06 05:00,0.0
08/23/06 06:00,12.8
08/23/06 07:00,34.7
08/23/06 08:00,41.8
08/23/06 09:00,36.4
08/23/06 10:00,49.5
08/23/06 11:00,39.7
08/23/06 12:00,40.5
08/23/06 13:00,31.0
08/23/06 14:00,34.5
08/23/06 15:00,25.2
08/23/06 16:00,28.0
08/23/06 17:00,24.3
08/23/06 18:00,7.8
08/23/06 19:00,0.0
08/23/06 20:00,0.0
08/23/06 21:00,0.0
08/23/06 22:00,0.0
08/23/06 23:00,0.0
08/24/06 00:00,0.0
08/24/06 01:00,0.0
08/24/06 02:00,0.0
08/24/06 03:00,0.0
08/24/06 04:00,0.0
08/24/06 05:00,0.0
08/24/06 06:00,4.7
08/24/06 07:00,28.2
08/24/06 08:00,43.7
08/24/06 09:00,11.3
08/24/06 10:00,17.4
08/24/06 11:00,4.0
08/24/06 12:00,0.9
08/24/06 13:00,28.7
08/24/06 14:00,21.3
08/24/06 15:00,25.5
08/24/06 16:00,23.6
08/24/06 17:00,18.8
08/24/06 18:00,1.7
08/24/06 19:00,0.0
08/24/06 20:00,0.0
08/24/06 21:00,0.0
08/24/06 22:00,0.0
08/24/06 23:00,0.0
08/25/06 00:00,0.0
08/25/06 01:00,0.0
08/25/06 02:00,0.0
08/25/06 03:00,0.0
08/25/06 04:00,0.0
08/25/06 05:00,0.0
08/25/06 06:00,0.0
08/25/06 07:00,0.1
08/25/06 08:00,14.1
08/25/06 09:00,8.1
08/25/06 10:00,20.4
08/25/06 11:00,24.5
08/25/06 12:00,33.0
08/25/06 13:00,34.3
08/25/06 14:00,35.3
08/25/06 15:00,16.1
08/25/06 16:00,15.7
08/25/06 17:00,0.0
08/25/06 18:00,0.0
08/25/06 19:00,0.0
08/25/06 20:00,0.0
08/25/06 21:00,0.0
08/25/06 22:00,0.0
08/25/06 23:00,0.0
08/26/06 00:00,0.0
08/26/06 01:00,0.0
08/26/06 02:00,0.0
08/26/06 03:00,0.0
08/26/06 04:00,0.0
08/26/06 05:00,0.0
08/26/06 06:00,0.0
08/26/06 07:00,0.0
08/26/06 08:00,0.2
08/26/06 09:00,1.5
08/26/06 10:00,8.6
08/26/06 11:00,20.7
08/26/06 12:00,30.2
08/26/06 13:00,23.1
08/26/06 14:00,13.0
08/26/06 15:00,31.2
08/26/06 16:00,10.1
08/26/06 17:00,0.1
08/26/06 18:00,0.0
08/26/06 19:00,0.0
08/26/06 20:00,0.0
08/26/06 21:00,0.0
08/26/06 22:00,0.0
08/26/06 23:00,0.0
08/27/06 00:00,0.0
08/27/06 01:00,0.0
08/27/06 02:00,0.0
08/27/06 03:00,0.0
08/27/06 04:00,0.0
08/27/06 05:00,0.0
08/27/06 06:00,0.0
08/27/06 07:00,0.0
08/27/06 08:00,0.0
08/27/06 09:00,7.7
08/27/06 10:00,0.0
08/27/06 11:00,0.0
08/27/06 12:00,0.0
08/27/06 13:00,0.1
08/27/06 14:00,0.2
08/27/06 15:00,0.3
08/27/06 16:00,0.2
08/27/06 17:00,0.1
08/27/06 18:00,0.0
08/27/06 19:00,0.0
08/27/06 20:00,0.0
08/27/06 21:00,0.0
08/27/06 22:00,0.0
08/27/06 23:00,0.0
08/28/06 00:00,0.0
08/28/06 01:00,0.0
08/28/06 02:00,0.0
08/28/06 03:00,0.0
08/28/06 04:00,0.0
08/28/06 05:00,0.0
08/28/06 06:00,2.1
08/28/06 07:00,11.3
08/28/06 08:00,19.2
08/28/06 09:00,31.2
08/28/06 10:00,37.8
08/28/06 11:00,37.4
08/28/06 12:00,37.4
08/28/06 13:00,27.4
08/28/06 14:00,26.6
08/28/06 15:00,27.0
08/28/06 16:00,23.6
08/28/06 17:00,10.6
08/28/06 18:00,0.0
08/28/06 19:00,0.0
08/28/06 20:00,0.0
08/28/06 21:00,0.0
08/28/06 22:00,0.0
08/28/06 23:00,0.0
08/29/06 00:00,0.0
08/29/06 01:00,0.0
08/29/06 02:00,0.0
08/29/06 03:00,0.0
08/29/06 04:00,0.0
08/29/06 05:00,0.0
08/29/06 06:00,0.0
08/29/06 07:00,0.0
08/29/06 08:00,0.0
08/29/06 09:00,0.9
08/29/06 10:00,0.0
08/29/06 11:00,0.0
08/29/06 12:00,0.0
08/29/06 13:00,0.0
08/29/06 14:00,0.0
08/29/06 15:00,0.0
08/29/06 16:00,0.0
08/29/06 17:00,0.0
08/29/06 18:00,0.0
08/29/06 19:00,0.0
08/29/06 20:00,0.0
08/29/06 21:00,0.0
08/29/06 22:00,0.0
08/29/06 23:00,0.0
08/30/06 00:00,0.0
08/30/06 01:00,0.0
08/30/06 02:00,0.0
08/30/06 03:00,0.0
08/30/06 04:00,0.0
08/30/06 05:00,0.0
08/30/06 06:00,2.3
08/30/06 07:00,27.4
08/30/06 08:00,34.0
08/30/06 09:00,35.0
08/30/06 10:00,35.2
08/30/06 11:00,33.7
08/30/06 12:00,33.7
08/30/06 13:00,33.3
08/30/06 14:00,40.1
08/30/06 15:00,33.1
08/30/06 16:00,30.0
08/30/06 17:00,19.8
08/30/06 18:00,0.0
08/30/06 19:00,0.0
08/30/06 20:00,0.0
08/30/06 21:00,0.0
08/30/06 22:00,0.0
08/30/06 23:00,0.0
08/31/06 00:00,0.0
08/31/06 01:00,0.0
08/31/06 02:00,0.0
08/31/06 03:00,0.0
08/31/06 04:00,0.0
08/31/06 05:00,0.0
08/31/06 06:00,0.0
08/31/06 07:00,9.9
08/31/06 08:00,22.5
08/31/06 09:00,35.3
08/31/06 10:00,37.3
08/31/06 11:00,38.9
08/31/06 12:00,43.5
08/31/06 13:00,25.5
08/31/06 14:00,44.3
08/31/06 15:00,26.1
08/31/06 16:00,18.7
08/31/06 17:00,18.2
08/31/06 18:00,0.0
08/31/06 19:00,0.0
08/31/06 20:00,0.0
08/31/06 21:00,0.0
08/31/06 22:00,0.0
08/31/06 23:00,0.0
09/01/06 00:00,0.0
09/01/06 01:00,0.0
09/01/06 02:00,0.0
09/01/06 03:00,0.0
09/01/06 04:00,0.0
09/01/06 05:00,0.0
09/01/06 06:00,0.0
09/01/06 07:00,8.1
09/01/06 08:00,16.1
09/01/06 09:00,19.6
09/01/06 10:00,36.9
09/01/06 11:00,32.5
09/01/06 12:00,32.9
09/01/06 13:00,32.5
09/01/06 14:00,15.5
09/01/06 15:00,17.6
09/01/06 16:00,7.6
09/01/06 17:00,1.6
09/01/06 18:00,0.0
09/01/06 19:00,0.0
09/01/06 20:00,0.0
09/01/06 21:00,0.0
09/01/06 22:00,0.0
09/01/06 23:00,0.0
09/02/06 00:00,0.0
09/02/06 01:00,0.0
09/02/06 02:00,0.0
09/02/06 03:00,0.0
09/02/06 04:00,0.0
09/02/06 05:00,0.0
09/02/06 06:00,0.0
09/02/06 07:00,0.0
09/02/06 08:00,0.0
09/02/06 09:00,0.0
09/02/06 10:00,0.0
09/02/06 11:00,0.0
09/02/06 12:00,0.0
09/02/06 13:00,0.0
09/02/06 14:00,0.0
09/02/06 15:00,0.0
09/02/06 16:00,0.0
09/02/06 17:00,0.0
09/02/06 18:00,0.0
09/02/06 19:00,0.0
09/02/06 20:00,0.0
09/02/06 21:00,0.0
09/02/06 22:00,0.0
09/02/06 23:00,0.0
09/03/06 00:00,0.0
09/03/06 01:00,0.0
09/03/06 02:00,0.0
09/03/06 03:00,0.0
09/03/06 04:00,0.0
09/03/06 05:00,0.0
09/03/06 06:00,0.0
09/03/06 07:00,0.2
09/03/06 08:00,5.9
09/03/06 09:00,11.6
09/03/06 10:00,27.5
09/03/06 11:00,32.2
09/03/06 12:00,33.4
09/03/06 13:00,30.8
09/03/06 14:00,28.7
09/03/06 15:00,28.2
09/03/06 16:00,26.2
09/03/06 17:00,16.0
09/03/06 18:00,0.0
09/03/06 19:00,0.0
09/03/06 20:00,0.0
09/03/06 21:00,0.0
09/03/06 22:00,0.0
09/03/06 23:00,0.0
09/04/06 00:00,0.0
09/04/06 01:00,0.0
09/04/06 02:00,0.0
09/04/06 03:00,0.0
09/04/06 04:00,0.0
09/04/06 05:00,0.0
09/04/06 06:00,7.8
09/04/06 07:00,30.1
09/04/06 08:00,34.1
09/04/06 09:00,39.1
09/04/06 10:00,34.9
09/04/06 11:00,41.2
09/04/06 12:00,47.2
09/04/06 13:00,29.8
09/04/06 14:00,35.0
09/04/06 15:00,41.0
09/04/06 16:00,29.6
09/04/06 17:00,16.5
09/04/06 18:00,0.0
09/04/06 19:00,0.0
09/04/06 20:00,0.0
09/04/06 21:00,0.0
09/04/06 22:00,0.0
09/04/06 23:00,0.0
09/05/06 00:00,0.0
09/05/06 01:00,0.0
09/05/06 02:00,0.0
09/05/06 03:00,0.0
09/05/06 04:00,0.0
09/05/06 05:00,0.0
09/05/06 06:00,0.0
09/05/06 07:00,0.0
09/05/06 08:00,1.1
09/05/06 09:00,18.0
09/05/06 10:00,23.1
09/05/06 11:00,23.6
09/05/06 12:00,25.0
09/05/06 13:00,23.7
09/05/06 14:00,21.2
09/05/06 15:00,22.6
09/05/06 16:00,6.6
09/05/06 17:00,0.7
09/05/06 18:00,0.0
09/05/06 19:00,0.0
09/05/06 20:00,0.0
09/05/06 21:00,0.0
09/05/06 22:00,0.0
09/05/06 23:00,0.0
09/06/06 00:00,0.0
09/06/06 01:00,0.0
09/06/06 02:00,0.0
09/06/06 03:00,0.0
09/06/06 04:00,0.0
09/06/06 05:00,0.0
09/06/06 06:00,0.0
09/06/06 07:00,9.9
09/06/06 08:00,33.5
09/06/06 09:00,37.0
09/06/06 10:00,43.7
09/06/06 11:00,32.6
09/06/06 12:00,22.5
09/06/06 13:00,29.3
09/06/06 14:00,19.8
09/06/06 15:00,32.7
09/06/06 16:00,24.4
09/06/06 17:00,19.6
09/06/06 18:00,0.0
09/06/06 19:00,0.0
09/06/06 20:00,0.0
09/06/06 21:00,0.0
09/06/06 22:00,0.0
09/06/06 23:00,0.0
09/07/06 00:00,0.0
09/07/06 01:00,0.0
09/07/06 02:00,0.0
09/07/06 03:00,0.0
09/07/06 04:00,0.0
09/07/06 05:00,0.0
09/07/06 06:00,5.7
09/07/06 07:00,28.6
09/07/06 08:00,27.6
09/07/06 09:00,37.8
09/07/06 10:00,41.5
09/07/06 11:00,44.0
09/07/06 12:00,43.5
09/07/06 13:00,36.2
09/07/06 14:00,47.0
09/07/06 15:00,38.1
09/07/06 16:00,30.7
09/07/06 17:00,21.0
09/07/06 18:00,0.0
09/07/06 19:00,0.0
09/07/06 20:00,0.0
09/07/06 21:00,0.0
09/07/06 22:00,0.0
09/07/06 23:00,0.0
09/08/06 00:00,0.0
09/08/06 01:00,0.0
09/08/06 02:00,0.0
09/08/06 03:00,0.0
09/08/06 04:00,0.0
09/08/06 05:00,0.0
09/08/06 06:00,4.0
09/08/06 07:00,32.7
09/08/06 08:00,44.3
09/08/06 09:00,44.4
09/08/06 10:00,45.7
09/08/06 11:00,43.4
09/08/06 12:00,45.5
09/08/06 13:00,44.2
09/08/06 14:00,47.4
09/08/06 15:00,41.0
09/08/06 16:00,34.8
09/08/06 17:00,21.1
09/08/06 18:00,0.0
09/08/06 19:00,0.0
09/08/06 20:00,0.0
09/08/06 21:00,0.0
09/08/06 22:00,0.0
09/08/06 23:00,0.0
09/09/06 00:00,0.0
09/09/06 01:00,0.0
09/09/06 02:00,0.0
09/09/06 03:00,0.0
09/09/06 04:00,0.0
09/09/06 05:00,0.0
09/09/06 06:00,1.3
09/09/06 07:00,32.7
09/09/06 08:00,43.4
09/09/06 09:00,42.3
09/09/06 10:00,42.1
09/09/06 11:00,34.7
09/09/06 12:00,35.3
09/09/06 13:00,43.8
09/09/06 14:00,37.9
09/09/06 15:00,39.1
09/09/06 16:00,22.6
09/09/06 17:00,17.1
09/09/06 18:00,0.0
09/09/06 19:00,0.0
09/09/06 20:00,0.0
09/09/06 21:00,0.0
09/09/06 22:00,0.0
09/09/06 23:00,0.0
09/10/06 00:00,0.0
09/10/06 01:00,0.0
09/10/06 02:00,0.0
09/10/06 03:00,0.0
09/10/06 04:00,0.0
09/10/06 05:00,0.0
09/10/06 06:00,1.3
09/10/06 07:00,30.6
09/10/06 08:00,35.5
09/10/06 09:00,48.0
09/10/06 10:00,46.5
09/10/06 11:00,41.4
09/10/06 12:00,33.7
09/10/06 13:00,34.5
09/10/06 14:00,45.9
09/10/06 15:00,43.7
09/10/06 16:00,35.6
09/10/06 17:00,23.1
09/10/06 18:00,0.0
09/10/06 19:00,0.0
09/10/06 20:00,0.0
09/10/06 21:00,0.0
09/10/06 22:00,0.0
09/10/06 23:00,0.0
09/11/06 00:00,0.0
09/11/06 01:00,0.0
09/11/06 02:00,0.0
09/11/06 03:00,0.0
09/11/06 04:00,0.0
09/11/06 05:00,0.0
09/11/06 06:00,1.0
09/11/06 07:00,35.4
09/11/06 08:00,45.3
09/11/06 09:00,49.0
09/11/06 10:00,44.7
09/11/06 11:00,44.4
09/11/06 12:00,36.5
09/11/06 13:00,34.3
09/11/06 14:00,29.2
09/11/06 15:00,25.4
09/11/06 16:00,33.0
09/11/06 17:00,22.5
09/11/06 18:00,0.0
09/11/06 19:00,0.0
09/11/06 20:00,0.0
09/11/06 21:00,0.0
09/11/06 22:00,0.0
09/11/06 23:00,0.0
09/12/06 00:00,0.0
09/12/06 01:00,0.0
09/12/06 02:00,0.0
09/12/06 03:00,0.0
09/12/06 04:00,0.0
09/12/06 05:00,0.0
09/12/06 06:00,0.6
09/12/06 07:00,32.6
09/12/06 08:00,44.1
09/12/06 09:00,48.6
09/12/06 10:00,46.4
09/12/06 11:00,43.7
09/12/06 12:00,44.4
09/12/06 13:00,44.4
09/12/06 14:00,45.0
09/12/06 15:00,40.8
09/12/06 16:00,34.8
09/12/06 17:00,22.4
09/12/06 18:00,0.0
09/12/06 19:00,0.0
09/12/06 20:00,0.0
09/12/06 21:00,0.0
09/12/06 22:00,0.0
09/12/06 23:00,0.0
09/13/06 00:00,0.0
09/13/06 01:00,0.0
09/13/06 02:00,0.0
09/13/06 03:00,0.0
09/13/06 04:00,0.0
09/13/06 05:00,0.0
09/13/06 06:00,0.0
09/13/06 07:00,8.3
09/13/06 08:00,8.8
09/13/06 09:00,33.2
09/13/06 10:00,33.2
09/13/06 11:00,31.0
09/13/06 12:00,28.0
09/13/06 13:00,32.8
09/13/06 14:00,31.7
09/13/06 15:00,10.6
09/13/06 16:00,17.9
09/13/06 17:00,9.5
09/13/06 18:00,0.0
09/13/06 19:00,0.0
09/13/06 20:00,0.0
09/13/06 21:00,0.0
09/13/06 22:00,0.0
09/13/06 23:00,0.0
09/14/06 00:00,0.0
09/14/06 01:00,0.0
09/14/06 02:00,0.0
09/14/06 03:00,0.0
09/14/06 04:00,0.0
09/14/06 05:00,0.0
09/14/06 06:00,0.0
09/14/06 07:00,0.0
09/14/06 08:00,2.0
09/14/06 09:00,0.8
09/14/06 10:00,1.7
09/14/06 11:00,1.5
09/14/06 12:00,8.4
09/14/06 13:00,0.2
09/14/06 14:00,3.8
09/14/06 15:00,0.0
09/14/06 16:00,0.0
09/14/06 17:00,0.1
09/14/06 18:00,0.0
09/14/06 19:00,0.0
09/14/06 20:00,0.0
09/14/06 21:00,0.0
09/14/06 22:00,0.0
09/14/06 23:00,0.0
09/15/06 00:00,0.0
09/15/06 01:00,0.0
09/15/06 02:00,0.0
09/15/06 03:00,0.0
09/15/06 04:00,0.0
09/15/06 05:00,0.0
09/15/06 06:00,0.0
09/15/06 07:00,0.0
09/15/06 08:00,1.8
09/15/06 09:00,0.0
09/15/06 10:00,10.5
09/15/06 11:00,30.7
09/15/06 12:00,32.6
09/15/06 13:00,30.7
09/15/06 14:00,29.3
09/15/06 15:00,27.7
09/15/06 16:00,20.7
09/15/06 17:00,14.6
09/15/06 18:00,0.0
09/15/06 19:00,0.0
09/15/06 20:00,0.0
09/15/06 21:00,0.0
09/15/06 22:00,0.0
09/15/06 23:00,0.0
09/16/06 00:00,0.0
09/16/06 01:00,0.0
09/16/06 02:00,0.0
09/16/06 03:00,0.0
09/16/06 04:00,0.0
09/16/06 05:00,0.0
09/16/06 06:00,0.0
09/16/06 07:00,21.0
09/16/06 08:00,19.0
09/16/06 09:00,36.4
09/16/06 10:00,44.2
09/16/06 11:00,40.5
09/16/06 12:00,32.8
09/16/06 13:00,43.1
09/16/06 14:00,46.1
09/16/06 15:00,42.8
09/16/06 16:00,33.9
09/16/06 17:00,20.2
09/16/06 18:00,0.0
09/16/06 19:00,0.0
09/16/06 20:00,0.0
09/16/06 21:00,0.0
09/16/06 22:00,0.0
09/16/06 23:00,0.0
09/17/06 00:00,0.0
09/17/06 01:00,0.0
09/17/06 02:00,0.0
09/17/06 03:00,0.0
09/17/06 04:00,0.0
09/17/06 05:00,0.0
09/17/06 06:00,0.0
09/17/06 07:00,11.4
09/17/06 08:00,16.9
09/17/06 09:00,35.4
09/17/06 10:00,31.4
09/17/06 11:00,30.6
09/17/06 12:00,37.6
09/17/06 13:00,45.0
09/17/06 14:00,43.9
09/17/06 15:00,39.0
09/17/06 16:00,29.2
09/17/06 17:00,17.2
09/17/06 18:00,0.0
09/17/06 19:00,0.0
09/17/06 20:00,0.0
09/17/06 21:00,0.0
09/17/06 22:00,0.0
09/17/06 23:00,0.0
09/18/06 00:00,0.0
09/18/06 01:00,0.0
09/18/06 02:00,0.0
09/18/06 03:00,0.0
09/18/06 04:00,0.0
09/18/06 05:00,0.0
09/18/06 06:00,0.0
09/18/06 07:00,27.4
09/18/06 08:00,36.5
09/18/06 09:00,42.9
09/18/06 10:00,40.0
09/18/06 11:00,43.5
09/18/06 12:00,44.2
09/18/06 13:00,46.1
09/18/06 14:00,44.0
09/18/06 15:00,34.7
09/18/06 16:00,31.3
09/18/06 17:00,19.0
09/18/06 18:00,0.0
09/18/06 19:00,0.0
09/18/06 20:00,0.0
09/18/06 21:00,0.0
09/18/06 22:00,0.0
09/18/06 23:00,0.0
09/19/06 00:00,0.0
09/19/06 01:00,0.0
09/19/06 02:00,0.0
09/19/06 03:00,0.0
09/19/06 04:00,0.0
09/19/06 05:00,0.0
09/19/06 06:00,0.0
09/19/06 07:00,0.0
09/19/06 08:00,1.1
09/19/06 09:00,24.4
09/19/06 10:00,17.3
09/19/06 11:00,9.9
09/19/06 12:00,22.3
09/19/06 13:00,3.7
09/19/06 14:00,11.0
09/19/06 15:00,11.0
09/19/06 16:00,20.4
09/19/06 17:00,0.0
09/19/06 18:00,0.0
09/19/06 19:00,0.0
09/19/06 20:00,0.0
09/19/06 21:00,0.0
09/19/06 22:00,0.0
09/19/06 23:00,0.0
09/20/06 00:00,0.0
09/20/06 01:00,0.0
09/20/06 02:00,0.0
09/20/06 03:00,0.0
09/20/06 04:00,0.0
09/20/06 05:00,0.0
09/20/06 06:00,0.0
09/20/06 07:00,30.0
09/20/06 08:00,43.9
09/20/06 09:00,47.1
09/20/06 10:00,42.3
09/20/06 11:00,38.6
09/20/06 12:00,41.0
09/20/06 13:00,30.5
09/20/06 14:00,26.9
09/20/06 15:00,25.5
09/20/06 16:00,23.6
09/20/06 17:00,18.5
09/20/06 18:00,0.0
09/20/06 19:00,0.0
09/20/06 20:00,0.0
09/20/06 21:00,0.0
09/20/06 22:00,0.0
09/20/06 23:00,0.0
09/21/06 00:00,0.0
09/21/06 01:00,0.0
09/21/06 02:00,0.0
09/21/06 03:00,0.0
09/21/06 04:00,0.0
09/21/06 05:00,0.0
09/21/06 06:00,0.0
09/21/06 07:00,31.6
09/21/06 08:00,44.3
09/21/06 09:00,48.1
09/21/06 10:00,46.2
09/21/06 11:00,43.5
09/21/06 12:00,42.6
09/21/06 13:00,32.1
09/21/06 14:00,38.3
09/21/06 15:00,27.6
09/21/06 16:00,29.9
09/21/06 17:00,18.0
09/21/06 18:00,0.0
09/21/06 19:00,0.0
09/21/06 20:00,0.0
09/21/06 21:00,0.0
09/21/06 22:00,0.0
09/21/06 23:00,0.0
09/22/06 00:00,0.0
09/22/06 01:00,0.0
09/22/06 02:00,0.0
09/22/06 03:00,0.0
09/22/06 04:00,0.0
09/22/06 05:00,0.0
09/22/06 06:00,0.0
09/22/06 07:00,1.2
09/22/06 08:00,7.5
09/22/06 09:00,34.0
09/22/06 10:00,38.7
09/22/06 11:00,42.7
09/22/06 12:00,42.6
09/22/06 13:00,34.1
09/22/06 14:00,37.8
09/22/06 15:00,28.3
09/22/06 16:00,23.6
09/22/06 17:00,9.9
09/22/06 18:00,0.0
09/22/06 19:00,0.0
09/22/06 20:00,0.0
09/22/06 21:00,0.0
09/22/06 22:00,0.0
09/22/06 23:00,0.0
09/23/06 00:00,0.0
09/23/06 01:00,0.0
09/23/06 02:00,0.0
09/23/06 03:00,0.0
09/23/06 04:00,0.0
09/23/06 05:00,0.0
09/23/06 06:00,0.0
09/23/06 07:00,0.0
09/23/06 08:00,0.0
09/23/06 09:00,0.0
09/23/06 10:00,4.1
09/23/06 11:00,9.1
09/23/06 12:00,9.6
09/23/06 13:00,21.2
09/23/06 14:00,31.1
09/23/06 15:00,24.8
09/23/06 16:00,19.9
09/23/06 17:00,3.1
09/23/06 18:00,0.0
09/23/06 19:00,0.0
09/23/06 20:00,0.0
09/23/06 21:00,0.0
09/23/06 22:00,0.0
09/23/06 23:00,0.0
09/24/06 00:00,0.0
09/24/06 01:00,0.0
09/24/06 02:00,0.0
09/24/06 03:00,0.0
09/24/06 04:00,0.0
09/24/06 05:00,0.0
09/24/06 06:00,0.0
09/24/06 07:00,23.4
09/24/06 08:00,32.4
09/24/06 09:00,34.2
09/24/06 10:00,32.3
09/24/06 11:00,31.4
09/24/06 12:00,30.9
09/24/06 13:00,32.9
09/24/06 14:00,28.7
09/24/06 15:00,30.7
09/24/06 16:00,28.9
09/24/06 17:00,14.6
09/24/06 18:00,0.0
09/24/06 19:00,0.0
09/24/06 20:00,0.0
09/24/06 21:00,0.0
09/24/06 22:00,0.0
09/24/06 23:00,0.0
09/25/06 00:00,0.0
09/25/06 01:00,0.0
09/25/06 02:00,0.0
09/25/06 03:00,0.0
09/25/06 04:00,0.0
09/25/06 05:00,0.0
09/25/06 06:00,0.0
09/25/06 07:00,27.4
09/25/06 08:00,42.5
09/25/06 09:00,41.8
09/25/06 10:00,42.1
09/25/06 11:00,36.9
09/25/06 12:00,33.5
09/25/06 13:00,38.9
09/25/06 14:00,42.2
09/25/06 15:00,40.0
09/25/06 16:00,31.5
09/25/06 17:00,14.7
09/25/06 18:00,0.0
09/25/06 19:00,0.0
09/25/06 20:00,0.0
09/25/06 21:00,0.0
09/25/06 22:00,0.0
09/25/06 23:00,0.0
09/26/06 00:00,0.0
09/26/06 01:00,0.0
09/26/06 02:00,0.0
09/26/06 03:00,0.0
09/26/06 04:00,0.0
09/26/06 05:00,0.0
09/26/06 06:00,0.0
09/26/06 07:00,28.6
09/26/06 08:00,44.1
09/26/06 09:00,45.6
09/26/06 10:00,42.7
09/26/06 11:00,35.3
09/26/06 12:00,37.3
09/26/06 13:00,39.6
09/26/06 14:00,38.6
09/26/06 15:00,30.0
09/26/06 16:00,28.3
09/26/06 17:00,14.4
09/26/06 18:00,0.0
09/26/06 19:00,0.0
09/26/06 20:00,0.0
09/26/06 21:00,0.0
09/26/06 22:00,0.0
09/26/06 23:00,0.0
09/27/06 00:00,0.0
09/27/06 01:00,0.0
09/27/06 02:00,0.0
09/27/06 03:00,0.0
09/27/06 04:00,0.0
09/27/06 05:00,0.0
09/27/06 06:00,0.0
09/27/06 07:00,26.7
09/27/06 08:00,39.4
09/27/06 09:00,35.6
09/27/06 10:00,36.8
09/27/06 11:00,37.5
09/27/06 12:00,23.5
09/27/06 13:00,37.3
09/27/06 14:00,41.9
09/27/06 15:00,36.0
09/27/06 16:00,28.4
09/27/06 17:00,8.5
09/27/06 18:00,0.0
09/27/06 19:00,0.0
09/27/06 20:00,0.0
09/27/06 21:00,0.0
09/27/06 22:00,0.0
09/27/06 23:00,0.0
09/28/06 00:00,0.0
09/28/06 01:00,0.0
09/28/06 02:00,0.0
09/28/06 03:00,0.0
09/28/06 04:00,0.0
09/28/06 05:00,0.0
09/28/06 06:00,0.0
09/28/06 07:00,23.5
09/28/06 08:00,31.1
09/28/06 09:00,33.2
09/28/06 10:00,39.2
09/28/06 11:00,29.9
09/28/06 12:00,29.7
09/28/06 13:00,24.9
09/28/06 14:00,21.1
09/28/06 15:00,29.5
09/28/06 16:00,25.3
09/28/06 17:00,4.8
09/28/06 18:00,0.0
09/28/06 19:00,0.0
09/28/06 20:00,0.0
09/28/06 21:00,0.0
09/28/06 22:00,0.0
09/28/06 23:00,0.0
09/29/06 00:00,0.0
09/29/06 01:00,0.0
09/29/06 02:00,0.0
09/29/06 03:00,0.0
09/29/06 04:00,0.0
09/29/06 05:00,0.0
09/29/06 06:00,0.0
09/29/06 07:00,0.0
09/29/06 08:00,0.0
09/29/06 09:00,0.8
09/29/06 10:00,27.7
09/29/06 11:00,33.6
09/29/06 12:00,33.5
09/29/06 13:00,38.4
09/29/06 14:00,41.4
09/29/06 15:00,38.9
09/29/06 16:00,30.1
09/29/06 17:00,10.3
09/29/06 18:00,0.0
09/29/06 19:00,0.0
09/29/06 20:00,0.0
09/29/06 21:00,0.0
09/29/06 22:00,0.0
09/29/06 23:00,0.0
09/30/06 00:00,0.0
09/30/06 01:00,0.0
09/30/06 02:00,0.0
09/30/06 03:00,0.0
09/30/06 04:00,0.0
09/30/06 05:00,0.0
09/30/06 06:00,0.0
09/30/06 07:00,26.6
09/30/06 08:00,38.8
09/30/06 09:00,40.8
09/30/06 10:00,32.1
09/30/06 11:00,33.7
09/30/06 12:00,20.7
09/30/06 13:00,24.1
09/30/06 14:00,29.5
09/30/06 15:00,9.4
09/30/06 16:00,9.0
09/30/06 17:00,0.5
09/30/06 18:00,0.0
09/30/06 19:00,0.0
09/30/06 20:00,0.0
09/30/06 21:00,0.0
09/30/06 22:00,0.0
09/30/06 23:00,0.0
10/01/06 00:00,0.0
10/01/06 01:00,0.0
10/01/06 02:00,0.0
10/01/06 03:00,0.0
10/01/06 04:00,0.0
10/01/06 05:00,0.0
10/01/06 06:00,0.0
10/01/06 07:00,0.0
10/01/06 08:00,1.1
10/01/06 09:00,4.9
10/01/06 10:00,20.8
10/01/06 11:00,31.6
10/01/06 12:00,34.3
10/01/06 13:00,33.0
10/01/06 14:00,40.5
10/01/06 15:00,26.1
10/01/06 16:00,19.8
10/01/06 17:00,8.4
10/01/06 18:00,0.0
10/01/06 19:00,0.0
10/01/06 20:00,0.0
10/01/06 21:00,0.0
10/01/06 22:00,0.0
10/01/06 23:00,0.0
10/02/06 00:00,0.0
10/02/06 01:00,0.0
10/02/06 02:00,0.0
10/02/06 03:00,0.0
10/02/06 04:00,0.0
10/02/06 05:00,0.0
10/02/06 06:00,0.0
10/02/06 07:00,24.6
10/02/06 08:00,38.2
10/02/06 09:00,42.8
10/02/06 10:00,44.4
10/02/06 11:00,41.8
10/02/06 12:00,33.2
10/02/06 13:00,42.5
10/02/06 14:00,35.8
10/02/06 15:00,40.6
10/02/06 16:00,31.4
10/02/06 17:00,7.9
10/02/06 18:00,0.0
10/02/06 19:00,0.0
10/02/06 20:00,0.0
10/02/06 21:00,0.0
10/02/06 22:00,0.0
10/02/06 23:00,0.0
10/03/06 00:00,0.0
10/03/06 01:00,0.0
10/03/06 02:00,0.0
10/03/06 03:00,0.0
10/03/06 04:00,0.0
10/03/06 05:00,0.0
10/03/06 06:00,0.0
10/03/06 07:00,22.8
10/03/06 08:00,34.2
10/03/06 09:00,22.8
10/03/06 10:00,36.3
10/03/06 11:00,32.8
10/03/06 12:00,34.2
10/03/06 13:00,17.8
10/03/06 14:00,9.3
10/03/06 15:00,10.8
10/03/06 16:00,3.2
10/03/06 17:00,0.0
10/03/06 18:00,0.0
10/03/06 19:00,0.0
10/03/06 20:00,0.0
10/03/06 21:00,0.0
10/03/06 22:00,0.0
10/03/06 23:00,0.0
10/04/06 00:00,0.0
10/04/06 01:00,0.0
10/04/06 02:00,0.0
10/04/06 03:00,0.0
10/04/06 04:00,0.0
10/04/06 05:00,0.0
10/04/06 06:00,0.0
10/04/06 07:00,21.3
10/04/06 08:00,15.6
10/04/06 09:00,23.6
10/04/06 10:00,35.9
10/04/06 11:00,29.5
10/04/06 12:00,33.5
10/04/06 13:00,26.4
10/04/06 14:00,28.6
10/04/06 15:00,25.2
10/04/06 16:00,17.1
10/04/06 17:00,0.0
10/04/06 18:00,0.0
10/04/06 19:00,0.0
10/04/06 20:00,0.0
10/04/06 21:00,0.0
10/04/06 22:00,0.0
10/04/06 23:00,0.0
10/05/06 00:00,0.0
10/05/06 01:00,0.0
10/05/06 02:00,0.0
10/05/06 03:00,0.0
10/05/06 04:00,0.0
10/05/06 05:00,0.0
10/05/06 06:00,0.0
10/05/06 07:00,25.2
10/05/06 08:00,39.4
10/05/06 09:00,41.7
10/05/06 10:00,44.7
10/05/06 11:00,42.9
10/05/06 12:00,43.3
10/05/06 13:00,45.5
10/05/06 14:00,46.1
10/05/06 15:00,39.6
10/05/06 16:00,29.4
10/05/06 17:00,0.0
10/05/06 18:00,0.0
10/05/06 19:00,0.0
10/05/06 20:00,0.0
10/05/06 21:00,0.0
10/05/06 22:00,0.0
10/05/06 23:00,0.0
10/06/06 00:00,0.0
10/06/06 01:00,0.0
10/06/06 02:00,0.0
10/06/06 03:00,0.0
10/06/06 04:00,0.0
10/06/06 05:00,0.0
10/06/06 06:00,0.0
10/06/06 07:00,5.5
10/06/06 08:00,20.6
10/06/06 09:00,35.4
10/06/06 10:00,33.0
10/06/06 11:00,31.5
10/06/06 12:00,32.0
10/06/06 13:00,35.5
10/06/06 14:00,21.0
10/06/06 15:00,30.4
10/06/06 16:00,26.6
10/06/06 17:00,0.0
10/06/06 18:00,0.0
10/06/06 19:00,0.0
10/06/06 20:00,0.0
10/06/06 21:00,0.0
10/06/06 22:00,0.0
10/06/06 23:00,0.0
10/07/06 00:00,0.0
10/07/06 01:00,0.0
10/07/06 02:00,0.0
10/07/06 03:00,0.0
10/07/06 04:00,0.0
10/07/06 05:00,0.0
10/07/06 06:00,0.0
10/07/06 07:00,23.0
10/07/06 08:00,37.7
10/07/06 09:00,39.9
10/07/06 10:00,37.8
10/07/06 11:00,33.4
10/07/06 12:00,31.8
10/07/06 13:00,31.3
10/07/06 14:00,40.9
10/07/06 15:00,39.8
10/07/06 16:00,28.5
10/07/06 17:00,0.0
10/07/06 18:00,0.0
10/07/06 19:00,0.0
10/07/06 20:00,0.0
10/07/06 21:00,0.0
10/07/06 22:00,0.0
10/07/06 23:00,0.0
10/08/06 00:00,0.0
10/08/06 01:00,0.0
10/08/06 02:00,0.0
10/08/06 03:00,0.0
10/08/06 04:00,0.0
10/08/06 05:00,0.0
10/08/06 06:00,0.0
10/08/06 07:00,20.5
10/08/06 08:00,35.7
10/08/06 09:00,38.2
10/08/06 10:00,39.8
10/08/06 11:00,37.2
10/08/06 12:00,39.2
10/08/06 13:00,41.3
10/08/06 14:00,42.1
10/08/06 15:00,38.7
10/08/06 16:00,26.7
10/08/06 17:00,0.0
10/08/06 18:00,0.0
10/08/06 19:00,0.0
10/08/06 20:00,0.0
10/08/06 21:00,0.0
10/08/06 22:00,0.0
10/08/06 23:00,0.0
10/09/06 00:00,0.0
10/09/06 01:00,0.0
10/09/06 02:00,0.0
10/09/06 03:00,0.0
10/09/06 04:00,0.0
10/09/06 05:00,0.0
10/09/06 06:00,0.0
10/09/06 07:00,19.9
10/09/06 08:00,34.5
10/09/06 09:00,37.9
10/09/06 10:00,35.9
10/09/06 11:00,35.6
10/09/06 12:00,38.4
10/09/06 13:00,40.7
10/09/06 14:00,43.3
10/09/06 15:00,37.5
10/09/06 16:00,27.4
10/09/06 17:00,0.0
10/09/06 18:00,0.0
10/09/06 19:00,0.0
10/09/06 20:00,0.0
10/09/06 21:00,0.0
10/09/06 22:00,0.0
10/09/06 23:00,0.0
10/10/06 00:00,0.0
10/10/06 01:00,0.0
10/10/06 02:00,0.0
10/10/06 03:00,0.0
10/10/06 04:00,0.0
10/10/06 05:00,0.0
10/10/06 06:00,0.0
10/10/06 07:00,8.7
10/10/06 08:00,19.8
10/10/06 09:00,29.4
10/10/06 10:00,30.7
10/10/06 11:00,29.8
10/10/06 12:00,30.3
10/10/06 13:00,32.9
10/10/06 14:00,35.5
10/10/06 15:00,28.3
10/10/06 16:00,25.3
10/10/06 17:00,0.0
10/10/06 18:00,0.0
10/10/06 19:00,0.0
10/10/06 20:00,0.0
10/10/06 21:00,0.0
10/10/06 22:00,0.0
10/10/06 23:00,0.0
10/11/06 00:00,0.0
10/11/06 01:00,0.0
10/11/06 02:00,0.0
10/11/06 03:00,0.0
10/11/06 04:00,0.0
10/11/06 05:00,0.0
10/11/06 06:00,0.0
10/11/06 07:00,0.0
10/11/06 08:00,0.0
10/11/06 09:00,0.3
10/11/06 10:00,2.2
10/11/06 11:00,7.7
10/11/06 12:00,4.5
10/11/06 13:00,0.6
10/11/06 14:00,1.3
10/11/06 15:00,4.3
10/11/06 16:00,1.0
10/11/06 17:00,0.0
10/11/06 18:00,0.0
10/11/06 19:00,0.0
10/11/06 20:00,0.0
10/11/06 21:00,0.0
10/11/06 22:00,0.0
10/11/06 23:00,0.0
10/12/06 00:00,0.0
10/12/06 01:00,0.0
10/12/06 02:00,0.0
10/12/06 03:00,0.0
10/12/06 04:00,0.0
10/12/06 05:00,0.0
10/12/06 06:00,0.0
10/12/06 07:00,15.0
10/12/06 08:00,3.6
10/12/06 09:00,25.7
10/12/06 10:00,9.4
10/12/06 11:00,27.6
10/12/06 12:00,29.3
10/12/06 13:00,33.0
10/12/06 14:00,37.8
10/12/06 15:00,33.4
10/12/06 16:00,22.4
10/12/06 17:00,0.0
10/12/06 18:00,0.0
10/12/06 19:00,0.0
10/12/06 20:00,0.0
10/12/06 21:00,0.0
10/12/06 22:00,0.0
10/12/06 23:00,0.0
10/13/06 00:00,0.0
10/13/06 01:00,0.0
10/13/06 02:00,0.0
10/13/06 03:00,0.0
10/13/06 04:00,0.0
10/13/06 05:00,0.0
10/13/06 06:00,0.0
10/13/06 07:00,21.7
10/13/06 08:00,41.6
10/13/06 09:00,45.4
10/13/06 10:00,42.8
10/13/06 11:00,40.6
10/13/06 12:00,39.3
10/13/06 13:00,43.3
10/13/06 14:00,43.4
10/13/06 15:00,37.5
10/13/06 16:00,25.0
10/13/06 17:00,0.0
10/13/06 18:00,0.0
10/13/06 19:00,0.0
10/13/06 20:00,0.0
10/13/06 21:00,0.0
10/13/06 22:00,0.0
10/13/06 23:00,0.0
10/14/06 00:00,0.0
10/14/06 01:00,0.0
10/14/06 02:00,0.0
10/14/06 03:00,0.0
10/14/06 04:00,0.0
10/14/06 05:00,0.0
10/14/06 06:00,0.0
10/14/06 07:00,20.6
10/14/06 08:00,39.1
10/14/06 09:00,45.6
10/14/06 10:00,43.4
10/14/06 11:00,41.0
10/14/06 12:00,39.0
10/14/06 13:00,38.0
10/14/06 14:00,25.4
10/14/06 15:00,28.3
10/14/06 16:00,22.6
10/14/06 17:00,0.0
10/14/06 18:00,0.0
10/14/06 19:00,0.0
10/14/06 20:00,0.0
10/14/06 21:00,0.0
10/14/06 22:00,0.0
10/14/06 23:00,0.0
10/15/06 00:00,0.0
10/15/06 01:00,0.0
10/15/06 02:00,0.0
10/15/06 03:00,0.0
10/15/06 04:00,0.0
10/15/06 05:00,0.0
10/15/06 06:00,0.0
10/15/06 07:00,19.5
10/15/06 08:00,40.0
10/15/06 09:00,44.6
10/15/06 10:00,40.9
10/15/06 11:00,35.6
10/15/06 12:00,34.8
10/15/06 13:00,27.0
10/15/06 14:00,31.1
10/15/06 15:00,32.0
10/15/06 16:00,25.0
10/15/06 17:00,0.0
10/15/06 18:00,0.0
10/15/06 19:00,0.0
10/15/06 20:00,0.0
10/15/06 21:00,0.0
10/15/06 22:00,0.0
10/15/06 23:00,0.0
10/16/06 00:00,0.0
10/16/06 01:00,0.0
10/16/06 02:00,0.0
10/16/06 03:00,0.0
10/16/06 04:00,0.0
10/16/06 05:00,0.0
10/16/06 06:00,0.0
10/16/06 07:00,18.3
10/16/06 08:00,34.4
10/16/06 09:00,38.6
10/16/06 10:00,40.5
10/16/06 11:00,38.3
10/16/06 12:00,39.7
10/16/06 13:00,41.9
10/16/06 14:00,41.4
10/16/06 15:00,35.8
10/16/06 16:00,25.3
10/16/06 17:00,0.0
10/16/06 18:00,0.0
10/16/06 19:00,0.0
10/16/06 20:00,0.0
10/16/06 21:00,0.0
10/16/06 22:00,0.0
10/16/06 23:00,0.0
10/17/06 00:00,0.0
10/17/06 01:00,0.0
10/17/06 02:00,0.0
10/17/06 03:00,0.0
10/17/06 04:00,0.0
10/17/06 05:00,0.0
10/17/06 06:00,0.0
10/17/06 07:00,0.0
10/17/06 08:00,0.1
10/17/06 09:00,0.8
10/17/06 10:00,1.2
10/17/06 11:00,0.3
10/17/06 12:00,0.2
10/17/06 13:00,0.7
10/17/06 14:00,0.2
10/17/06 15:00,8.1
10/17/06 16:00,0.0
10/17/06 17:00,0.0
10/17/06 18:00,0.0
10/17/06 19:00,0.0
10/17/06 20:00,0.0
10/17/06 21:00,0.0
10/17/06 22:00,0.0
10/17/06 23:00,0.0
10/18/06 00:00,0.0
10/18/06 01:00,0.0
10/18/06 02:00,0.0
10/18/06 03:00,0.0
10/18/06 04:00,0.0
10/18/06 05:00,0.0
10/18/06 06:00,0.0
10/18/06 07:00,3.7
10/18/06 08:00,28.0
10/18/06 09:00,31.3
10/18/06 10:00,29.3
10/18/06 11:00,36.5
10/18/06 12:00,35.3
10/18/06 13:00,39.2
10/18/06 14:00,40.0
10/18/06 15:00,33.6
10/18/06 16:00,22.4
10/18/06 17:00,0.0
10/18/06 18:00,0.0
10/18/06 19:00,0.0
10/18/06 20:00,0.0
10/18/06 21:00,0.0
10/18/06 22:00,0.0
10/18/06 23:00,0.0
10/19/06 00:00,0.0
10/19/06 01:00,0.0
10/19/06 02:00,0.0
10/19/06 03:00,0.0
10/19/06 04:00,0.0
10/19/06 05:00,0.0
10/19/06 06:00,0.0
10/19/06 07:00,12.2
10/19/06 08:00,28.1
10/19/06 09:00,30.3
10/19/06 10:00,29.2
10/19/06 11:00,27.8
10/19/06 12:00,27.4
10/19/06 13:00,35.2
10/19/06 14:00,25.5
10/19/06 15:00,27.9
10/19/06 16:00,7.2
10/19/06 17:00,0.0
10/19/06 18:00,0.0
10/19/06 19:00,0.0
10/19/06 20:00,0.0
10/19/06 21:00,0.0
10/19/06 22:00,0.0
10/19/06 23:00,0.0
10/20/06 00:00,0.0
10/20/06 01:00,0.0
10/20/06 02:00,0.0
10/20/06 03:00,0.0
10/20/06 04:00,0.0
10/20/06 05:00,0.0
10/20/06 06:00,0.0
10/20/06 07:00,0.0
10/20/06 08:00,0.0
10/20/06 09:00,0.0
10/20/06 10:00,0.2
10/20/06 11:00,9.6
10/20/06 12:00,0.7
10/20/06 13:00,0.1
10/20/06 14:00,0.3
10/20/06 15:00,9.5
10/20/06 16:00,21.4
10/20/06 17:00,0.0
10/20/06 18:00,0.0
10/20/06 19:00,0.0
10/20/06 20:00,0.0
10/20/06 21:00,0.0
10/20/06 22:00,0.0
10/20/06 23:00,0.0
10/21/06 00:00,0.0
10/21/06 01:00,0.0
10/21/06 02:00,0.0
10/21/06 03:00,0.0
10/21/06 04:00,0.0
10/21/06 05:00,0.0
10/21/06 06:00,0.0
10/21/06 07:00,16.2
10/21/06 08:00,35.4
10/21/06 09:00,42.0
10/21/06 10:00,40.0
10/21/06 11:00,38.3
10/21/06 12:00,38.5
10/21/06 13:00,37.9
10/21/06 14:00,31.6
10/21/06 15:00,33.5
10/21/06 16:00,21.4
10/21/06 17:00,0.0
10/21/06 18:00,0.0
10/21/06 19:00,0.0
10/21/06 20:00,0.0
10/21/06 21:00,0.0
10/21/06 22:00,0.0
10/21/06 23:00,0.0
10/22/06 00:00,0.0
10/22/06 01:00,0.0
10/22/06 02:00,0.0
10/22/06 03:00,0.0
10/22/06 04:00,0.0
10/22/06 05:00,0.0
10/22/06 06:00,0.0
10/22/06 07:00,14.4
10/22/06 08:00,33.4
10/22/06 09:00,34.0
10/22/06 10:00,25.6
10/22/06 11:00,23.9
10/22/06 12:00,31.1
10/22/06 13:00,14.9
10/22/06 14:00,22.2
10/22/06 15:00,5.8
10/22/06 16:00,0.8
10/22/06 17:00,0.0
10/22/06 18:00,0.0
10/22/06 19:00,0.0
10/22/06 20:00,0.0
10/22/06 21:00,0.0
10/22/06 22:00,0.0
10/22/06 23:00,0.0
10/23/06 00:00,0.0
10/23/06 01:00,0.0
10/23/06 02:00,0.0
10/23/06 03:00,0.0
10/23/06 04:00,0.0
10/23/06 05:00,0.0
10/23/06 06:00,0.0
10/23/06 07:00,15.9
10/23/06 08:00,32.2
10/23/06 09:00,40.8
10/23/06 10:00,36.0
10/23/06 11:00,27.1
10/23/06 12:00,29.5
10/23/06 13:00,30.4
10/23/06 14:00,29.4
10/23/06 15:00,27.5
10/23/06 16:00,20.3
10/23/06 17:00,0.0
10/23/06 18:00,0.0
10/23/06 19:00,0.0
10/23/06 20:00,0.0
10/23/06 21:00,0.0
10/23/06 22:00,0.0
10/23/06 23:00,0.0
10/24/06 00:00,0.0
10/24/06 01:00,0.0
10/24/06 02:00,0.0
10/24/06 03:00,0.0
10/24/06 04:00,0.0
10/24/06 05:00,0.0
10/24/06 06:00,0.0
10/24/06 07:00,14.6
10/24/06 08:00,35.9
10/24/06 09:00,35.8
10/24/06 10:00,30.2
10/24/06 11:00,28.8
10/24/06 12:00,34.1
10/24/06 13:00,21.9
10/24/06 14:00,28.9
10/24/06 15:00,29.6
10/24/06 16:00,12.1
10/24/06 17:00,0.0
10/24/06 18:00,0.0
10/24/06 19:00,0.0
10/24/06 20:00,0.0
10/24/06 21:00,0.0
10/24/06 22:00,0.0
10/24/06 23:00,0.0
10/25/06 00:00,0.0
10/25/06 01:00,0.0
10/25/06 02:00,0.0
10/25/06 03:00,0.0
10/25/06 04:00,0.0
10/25/06 05:00,0.0
10/25/06 06:00,0.0
10/25/06 07:00,6.5
10/25/06 08:00,35.2
10/25/06 09:00,40.2
10/25/06 10:00,38.1
10/25/06 11:00,32.5
10/25/06 12:00,26.9
10/25/06 13:00,26.9
10/25/06 14:00,28.4
10/25/06 15:00,31.5
10/25/06 16:00,20.3
10/25/06 17:00,0.0
10/25/06 18:00,0.0
10/25/06 19:00,0.0
10/25/06 20:00,0.0
10/25/06 21:00,0.0
10/25/06 22:00,0.0
10/25/06 23:00,0.0
10/26/06 00:00,0.0
10/26/06 01:00,0.0
10/26/06 02:00,0.0
10/26/06 03:00,0.0
10/26/06 04:00,0.0
10/26/06 05:00,0.0
10/26/06 06:00,0.0
10/26/06 07:00,13.0
10/26/06 08:00,35.1
10/26/06 09:00,38.1
10/26/06 10:00,37.8
10/26/06 11:00,35.5
10/26/06 12:00,34.9
10/26/06 13:00,39.6
10/26/06 14:00,38.7
10/26/06 15:00,33.0
10/26/06 16:00,18.2
10/26/06 17:00,0.0
10/26/06 18:00,0.0
10/26/06 19:00,0.0
10/26/06 20:00,0.0
10/26/06 21:00,0.0
10/26/06 22:00,0.0
10/26/06 23:00,0.0
10/27/06 00:00,0.0
10/27/06 01:00,0.0
10/27/06 02:00,0.0
10/27/06 03:00,0.0
10/27/06 04:00,0.0
10/27/06 05:00,0.0
10/27/06 06:00,0.0
10/27/06 07:00,12.3
10/27/06 08:00,32.9
10/27/06 09:00,40.3
10/27/06 10:00,38.4
10/27/06 11:00,35.8
10/27/06 12:00,37.3
10/27/06 13:00,29.7
10/27/06 14:00,26.5
10/27/06 15:00,21.9
10/27/06 16:00,7.0
10/27/06 17:00,0.0
10/27/06 18:00,0.0
10/27/06 19:00,0.0
10/27/06 20:00,0.0
10/27/06 21:00,0.0
10/27/06 22:00,0.0
10/27/06 23:00,0.0
10/28/06 00:00,0.0
10/28/06 01:00,0.0
10/28/06 02:00,0.0
10/28/06 03:00,0.0
10/28/06 04:00,0.0
10/28/06 05:00,0.0
10/28/06 06:00,0.0
10/28/06 07:00,0.0
10/28/06 08:00,0.0
10/28/06 09:00,0.0
10/28/06 10:00,0.1
10/28/06 11:00,2.1
10/28/06 12:00,0.0
10/28/06 13:00,27.5
10/28/06 14:00,25.0
10/28/06 15:00,22.7
10/28/06 16:00,13.2
10/28/06 17:00,0.0
10/28/06 18:00,0.0
10/28/06 19:00,0.0
10/28/06 20:00,0.0
10/28/06 21:00,0.0
10/28/06 22:00,0.0
10/28/06 23:00,0.0
10/29/06 00:00,0.0
10/29/06 01:00,0.0
10/29/06 02:00,0.0
10/29/06 03:00,0.0
10/29/06 04:00,0.0
10/29/06 05:00,0.0
10/29/06 06:00,0.0
10/29/06 07:00,11.6
10/29/06 08:00,31.0
10/29/06 09:00,38.8
10/29/06 10:00,31.8
10/29/06 11:00,25.4
10/29/06 12:00,27.0
10/29/06 13:00,34.2
10/29/06 14:00,36.4
10/29/06 15:00,25.4
10/29/06 16:00,17.3
10/29/06 17:00,0.0
10/29/06 18:00,0.0
10/29/06 19:00,0.0
10/29/06 20:00,0.0
10/29/06 21:00,0.0
10/29/06 22:00,0.0
10/29/06 23:00,0.0
10/30/06 00:00,0.0
10/30/06 01:00,0.0
10/30/06 02:00,0.0
10/30/06 03:00,0.0
10/30/06 04:00,0.0
10/30/06 05:00,0.0
10/30/06 06:00,0.0
10/30/06 07:00,9.2
10/30/06 08:00,31.7
10/30/06 09:00,37.8
10/30/06 10:00,37.5
10/30/06 11:00,35.2
10/30/06 12:00,36.5
10/30/06 13:00,39.3
10/30/06 14:00,37.2
10/30/06 15:00,30.5
10/30/06 16:00,16.7
10/30/06 17:00,0.0
10/30/06 18:00,0.0
10/30/06 19:00,0.0
10/30/06 20:00,0.0
10/30/06 21:00,0.0
10/30/06 22:00,0.0
10/30/06 23:00,0.0
10/31/06 00:00,0.0
10/31/06 01:00,0.0
10/31/06 02:00,0.0
10/31/06 03:00,0.0
10/31/06 04:00,0.0
10/31/06 05:00,0.0
10/31/06 06:00,0.0
10/31/06 07:00,8.0
10/31/06 08:00,28.3
10/31/06 09:00,36.4
10/31/06 10:00,33.1
10/31/06 11:00,27.5
10/31/06 12:00,31.8
10/31/06 13:00,33.8
10/31/06 14:00,26.3
10/31/06 15:00,12.8
10/31/06 16:00,8.0
10/31/06 17:00,0.0
10/31/06 18:00,0.0
10/31/06 19:00,0.0
10/31/06 20:00,0.0
10/31/06 21:00,0.0
10/31/06 22:00,0.0
10/31/06 23:00,0.0
11/01/06 00:00,0.0
11/01/06 01:00,0.0
11/01/06 02:00,0.0
11/01/06 03:00,0.0
11/01/06 04:00,0.0
11/01/06 05:00,0.0
11/01/06 06:00,0.0
11/01/06 07:00,7.0
11/01/06 08:00,15.2
11/01/06 09:00,12.6
11/01/06 10:00,31.2
11/01/06 11:00,22.2
11/01/06 12:00,8.2
11/01/06 13:00,9.6
11/01/06 14:00,9.4
11/01/06 15:00,19.0
11/01/06 16:00,14.8
11/01/06 17:00,0.0
11/01/06 18:00,0.0
11/01/06 19:00,0.0
11/01/06 20:00,0.0
11/01/06 21:00,0.0
11/01/06 22:00,0.0
11/01/06 23:00,0.0
11/02/06 00:00,0.0
11/02/06 01:00,0.0
11/02/06 02:00,0.0
11/02/06 03:00,0.0
11/02/06 04:00,0.0
11/02/06 05:00,0.0
11/02/06 06:00,0.0
11/02/06 07:00,0.0
11/02/06 08:00,0.0
11/02/06 09:00,7.9
11/02/06 10:00,21.6
11/02/06 11:00,28.2
11/02/06 12:00,34.4
11/02/06 13:00,39.4
11/02/06 14:00,40.0
11/02/06 15:00,31.8
11/02/06 16:00,15.1
11/02/06 17:00,0.0
11/02/06 18:00,0.0
11/02/06 19:00,0.0
11/02/06 20:00,0.0
11/02/06 21:00,0.0
11/02/06 22:00,0.0
11/02/06 23:00,0.0
11/03/06 00:00,0.0
11/03/06 01:00,0.0
11/03/06 02:00,0.0
11/03/06 03:00,0.0
11/03/06 04:00,0.0
11/03/06 05:00,0.0
11/03/06 06:00,0.0
11/03/06 07:00,7.0
11/03/06 08:00,31.8
11/03/06 09:00,38.4
11/03/06 10:00,38.1
11/03/06 11:00,35.8
11/03/06 12:00,28.9
11/03/06 13:00,33.6
11/03/06 14:00,27.3
11/03/06 15:00,24.8
11/03/06 16:00,16.9
11/03/06 17:00,0.0
11/03/06 18:00,0.0
11/03/06 19:00,0.0
11/03/06 20:00,0.0
11/03/06 21:00,0.0
11/03/06 22:00,0.0
11/03/06 23:00,0.0
11/04/06 00:00,0.0
11/04/06 01:00,0.0
11/04/06 02:00,0.0
11/04/06 03:00,0.0
11/04/06 04:00,0.0
11/04/06 05:00,0.0
11/04/06 06:00,0.0
11/04/06 07:00,0.0
11/04/06 08:00,30.6
11/04/06 09:00,37.7
11/04/06 10:00,37.1
11/04/06 11:00,31.6
11/04/06 12:00,35.3
11/04/06 13:00,37.4
11/04/06 14:00,38.5
11/04/06 15:00,29.8
11/04/06 16:00,15.0
11/04/06 17:00,0.0
11/04/06 18:00,0.0
11/04/06 19:00,0.0
11/04/06 20:00,0.0
11/04/06 21:00,0.0
11/04/06 22:00,0.0
11/04/06 23:00,0.0
11/05/06 00:00,0.0
11/05/06 01:00,0.0
11/05/06 02:00,0.0
11/05/06 03:00,0.0
11/05/06 04:00,0.0
11/05/06 05:00,0.0
11/05/06 06:00,0.0
11/05/06 07:00,0.2
11/05/06 08:00,29.4
11/05/06 09:00,33.4
11/05/06 10:00,34.9
11/05/06 11:00,30.5
11/05/06 12:00,26.0
11/05/06 13:00,32.1
11/05/06 14:00,34.4
11/05/06 15:00,25.4
11/05/06 16:00,11.8
11/05/06 17:00,0.0
11/05/06 18:00,0.0
11/05/06 19:00,0.0
11/05/06 20:00,0.0
11/05/06 21:00,0.0
11/05/06 22:00,0.0
11/05/06 23:00,0.0
11/06/06 00:00,0.0
11/06/06 01:00,0.0
11/06/06 02:00,0.0
11/06/06 03:00,0.0
11/06/06 04:00,0.0
11/06/06 05:00,0.0
11/06/06 06:00,0.0
11/06/06 07:00,0.8
11/06/06 08:00,27.6
11/06/06 09:00,34.0
11/06/06 10:00,32.9
11/06/06 11:00,30.0
11/06/06 12:00,31.4
11/06/06 13:00,37.4
11/06/06 14:00,37.7
11/06/06 15:00,31.6
11/06/06 16:00,12.4
11/06/06 17:00,0.0
11/06/06 18:00,0.0
11/06/06 19:00,0.0
11/06/06 20:00,0.0
11/06/06 21:00,0.0
11/06/06 22:00,0.0
11/06/06 23:00,0.0
11/07/06 00:00,0.0
11/07/06 01:00,0.0
11/07/06 02:00,0.0
11/07/06 03:00,0.0
11/07/06 04:00,0.0
11/07/06 05:00,0.0
11/07/06 06:00,0.0
11/07/06 07:00,0.0
11/07/06 08:00,1.0
11/07/06 09:00,7.1
11/07/06 10:00,17.0
11/07/06 11:00,26.3
11/07/06 12:00,17.0
11/07/06 13:00,19.0
11/07/06 14:00,14.2
11/07/06 15:00,8.1
11/07/06 16:00,0.0
11/07/06 17:00,0.0
11/07/06 18:00,0.0
11/07/06 19:00,0.0
11/07/06 20:00,0.0
11/07/06 21:00,0.0
11/07/06 22:00,0.0
11/07/06 23:00,0.0
11/08/06 00:00,0.0
11/08/06 01:00,0.0
11/08/06 02:00,0.0
11/08/06 03:00,0.0
11/08/06 04:00,0.0
11/08/06 05:00,0.0
11/08/06 06:00,0.0
11/08/06 07:00,0.0
11/08/06 08:00,0.0
11/08/06 09:00,0.1
11/08/06 10:00,0.0
11/08/06 11:00,2.7
11/08/06 12:00,10.6
11/08/06 13:00,2.3
11/08/06 14:00,0.1
11/08/06 15:00,0.0
11/08/06 16:00,0.0
11/08/06 17:00,0.0
11/08/06 18:00,0.0
11/08/06 19:00,0.0
11/08/06 20:00,0.0
11/08/06 21:00,0.0
11/08/06 22:00,0.0
11/08/06 23:00,0.0
11/09/06 00:00,0.0
11/09/06 01:00,0.0
11/09/06 02:00,0.0
11/09/06 03:00,0.0
11/09/06 04:00,0.0
11/09/06 05:00,0.0
11/09/06 06:00,0.0
11/09/06 07:00,0.0
11/09/06 08:00,24.4
11/09/06 09:00,32.7
11/09/06 10:00,27.2
11/09/06 11:00,27.4
11/09/06 12:00,30.4
11/09/06 13:00,35.7
11/09/06 14:00,37.5
11/09/06 15:00,32.0
11/09/06 16:00,10.3
11/09/06 17:00,0.0
11/09/06 18:00,0.0
11/09/06 19:00,0.0
11/09/06 20:00,0.0
11/09/06 21:00,0.0
11/09/06 22:00,0.0
11/09/06 23:00,0.0
11/10/06 00:00,0.0
11/10/06 01:00,0.0
11/10/06 02:00,0.0
11/10/06 03:00,0.0
11/10/06 04:00,0.0
11/10/06 05:00,0.0
11/10/06 06:00,0.0
11/10/06 07:00,0.0
11/10/06 08:00,27.7
11/10/06 09:00,34.4
11/10/06 10:00,31.1
11/10/06 11:00,29.0
11/10/06 12:00,32.0
11/10/06 13:00,35.8
11/10/06 14:00,38.6
11/10/06 15:00,30.7
11/10/06 16:00,9.6
11/10/06 17:00,0.0
11/10/06 18:00,0.0
11/10/06 19:00,0.0
11/10/06 20:00,0.0
11/10/06 21:00,0.0
11/10/06 22:00,0.0
11/10/06 23:00,0.0
11/11/06 00:00,0.0
11/11/06 01:00,0.0
11/11/06 02:00,0.0
11/11/06 03:00,0.0
11/11/06 04:00,0.0
11/11/06 05:00,0.0
11/11/06 06:00,0.0
11/11/06 07:00,0.0
11/11/06 08:00,18.1
11/11/06 09:00,9.6
11/11/06 10:00,14.1
11/11/06 11:00,28.7
11/11/06 12:00,26.6
11/11/06 13:00,11.3
11/11/06 14:00,17.9
11/11/06 15:00,22.7
11/11/06 16:00,7.0
11/11/06 17:00,0.0
11/11/06 18:00,0.0
11/11/06 19:00,0.0
11/11/06 20:00,0.0
11/11/06 21:00,0.0
11/11/06 22:00,0.0
11/11/06 23:00,0.0
11/12/06 00:00,0.0
11/12/06 01:00,0.0
11/12/06 02:00,0.0
11/12/06 03:00,0.0
11/12/06 04:00,0.0
11/12/06 05:00,0.0
11/12/06 06:00,0.0
11/12/06 07:00,0.0
11/12/06 08:00,1.2
11/12/06 09:00,0.2
11/12/06 10:00,0.3
11/12/06 11:00,1.1
11/12/06 12:00,0.6
11/12/06 13:00,0.5
11/12/06 14:00,0.5
11/12/06 15:00,0.0
11/12/06 16:00,0.0
11/12/06 17:00,0.0
11/12/06 18:00,0.0
11/12/06 19:00,0.0
11/12/06 20:00,0.0
11/12/06 21:00,0.0
11/12/06 22:00,0.0
11/12/06 23:00,0.0
11/13/06 00:00,0.0
11/13/06 01:00,0.0
11/13/06 02:00,0.0
11/13/06 03:00,0.0
11/13/06 04:00,0.0
11/13/06 05:00,0.0
11/13/06 06:00,0.0
11/13/06 07:00,0.0
11/13/06 08:00,0.8
11/13/06 09:00,0.2
11/13/06 10:00,0.2
11/13/06 11:00,2.4
11/13/06 12:00,0.4
11/13/06 13:00,0.3
11/13/06 14:00,0.6
11/13/06 15:00,0.0
11/13/06 16:00,0.0
11/13/06 17:00,0.0
11/13/06 18:00,0.0
11/13/06 19:00,0.0
11/13/06 20:00,0.0
11/13/06 21:00,0.0
11/13/06 22:00,0.0
11/13/06 23:00,0.0
11/14/06 00:00,0.0
11/14/06 01:00,0.0
11/14/06 02:00,0.0
11/14/06 03:00,0.0
11/14/06 04:00,0.0
11/14/06 05:00,0.0
11/14/06 06:00,0.0
11/14/06 07:00,0.0
11/14/06 08:00,1.6
11/14/06 09:00,1.2
11/14/06 10:00,1.1
11/14/06 11:00,2.8
11/14/06 12:00,17.8
11/14/06 13:00,20.1
11/14/06 14:00,8.3
11/14/06 15:00,16.2
11/14/06 16:00,0.1
11/14/06 17:00,0.0
11/14/06 18:00,0.0
11/14/06 19:00,0.0
11/14/06 20:00,0.0
11/14/06 21:00,0.0
11/14/06 22:00,0.0
11/14/06 23:00,0.0
11/15/06 00:00,0.0
11/15/06 01:00,0.0
11/15/06 02:00,0.0
11/15/06 03:00,0.0
11/15/06 04:00,0.0
11/15/06 05:00,0.0
11/15/06 06:00,0.0
11/15/06 07:00,0.0
11/15/06 08:00,0.0
11/15/06 09:00,0.1
11/15/06 10:00,0.8
11/15/06 11:00,2.3
11/15/06 12:00,0.4
11/15/06 13:00,0.9
11/15/06 14:00,1.4
11/15/06 15:00,0.0
11/15/06 16:00,6.1
11/15/06 17:00,0.0
11/15/06 18:00,0.0
11/15/06 19:00,0.0
11/15/06 20:00,0.0
11/15/06 21:00,0.0
11/15/06 22:00,0.0
11/15/06 23:00,0.0
11/16/06 00:00,0.0
11/16/06 01:00,0.0
11/16/06 02:00,0.0
11/16/06 03:00,0.0
11/16/06 04:00,0.0
11/16/06 05:00,0.0
11/16/06 06:00,0.0
11/16/06 07:00,0.0
11/16/06 08:00,0.0
11/16/06 09:00,0.0
11/16/06 10:00,15.0
11/16/06 11:00,0.1
11/16/06 12:00,0.1
11/16/06 13:00,0.1
11/16/06 14:00,0.0
11/16/06 15:00,0.0
11/16/06 16:00,0.0
11/16/06 17:00,0.0
11/16/06 18:00,0.0
11/16/06 19:00,0.0
11/16/06 20:00,0.0
11/16/06 21:00,0.0
11/16/06 22:00,0.0
11/16/06 23:00,0.0
11/17/06 00:00,0.0
11/17/06 01:00,0.0
11/17/06 02:00,0.0
11/17/06 03:00,0.0
11/17/06 04:00,0.0
11/17/06 05:00,0.0
11/17/06 06:00,0.0
11/17/06 07:00,0.0
11/17/06 08:00,22.5
11/17/06 09:00,30.0
11/17/06 10:00,31.2
11/17/06 11:00,24.2
11/17/06 12:00,23.0
11/17/06 13:00,19.3
11/17/06 14:00,14.5
11/17/06 15:00,18.4
11/17/06 16:00,6.4
11/17/06 17:00,0.0
11/17/06 18:00,0.0
11/17/06 19:00,0.0
11/17/06 20:00,0.0
11/17/06 21:00,0.0
11/17/06 22:00,0.0
11/17/06 23:00,0.0
11/18/06 00:00,0.0
11/18/06 01:00,0.0
11/18/06 02:00,0.0
11/18/06 03:00,0.0
11/18/06 04:00,0.0
11/18/06 05:00,0.0
11/18/06 06:00,0.0
11/18/06 07:00,0.0
11/18/06 08:00,23.3
11/18/06 09:00,22.3
11/18/06 10:00,20.5
11/18/06 11:00,20.9
11/18/06 12:00,20.6
11/18/06 13:00,17.9
11/18/06 14:00,21.9
11/18/06 15:00,18.7
11/18/06 16:00,0.0
11/18/06 17:00,0.0
11/18/06 18:00,0.0
11/18/06 19:00,0.0
11/18/06 20:00,0.0
11/18/06 21:00,0.0
11/18/06 22:00,0.0
11/18/06 23:00,0.0
11/19/06 00:00,0.0
11/19/06 01:00,0.0
11/19/06 02:00,0.0
11/19/06 03:00,0.0
11/19/06 04:00,0.0
11/19/06 05:00,0.0
11/19/06 06:00,0.0
11/19/06 07:00,0.0
11/19/06 08:00,21.6
11/19/06 09:00,25.5
11/19/06 10:00,24.2
11/19/06 11:00,22.1
11/19/06 12:00,24.6
11/19/06 13:00,19.4
11/19/06 14:00,13.3
11/19/06 15:00,9.7
11/19/06 16:00,0.0
11/19/06 17:00,0.0
11/19/06 18:00,0.0
11/19/06 19:00,0.0
11/19/06 20:00,0.0
11/19/06 21:00,0.0
11/19/06 22:00,0.0
11/19/06 23:00,0.0
11/20/06 00:00,0.0
11/20/06 01:00,0.0
11/20/06 02:00,0.0
11/20/06 03:00,0.0
11/20/06 04:00,0.0
11/20/06 05:00,0.0
11/20/06 06:00,0.0
11/20/06 07:00,0.0
11/20/06 08:00,23.8
11/20/06 09:00,28.2
11/20/06 10:00,26.2
11/20/06 11:00,22.6
11/20/06 12:00,22.3
11/20/06 13:00,23.4
11/20/06 14:00,22.5
11/20/06 15:00,17.4
11/20/06 16:00,0.0
11/20/06 17:00,0.0
11/20/06 18:00,0.0
11/20/06 19:00,0.0
11/20/06 20:00,0.0
11/20/06 21:00,0.0
11/20/06 22:00,0.0
11/20/06 23:00,0.0
11/21/06 00:00,0.0
11/21/06 01:00,0.0
11/21/06 02:00,0.0
11/21/06 03:00,0.0
11/21/06 04:00,0.0
11/21/06 05:00,0.0
11/21/06 06:00,0.0
11/21/06 07:00,0.0
11/21/06 08:00,24.3
11/21/06 09:00,34.5
11/21/06 10:00,33.5
11/21/06 11:00,30.1
11/21/06 12:00,30.7
11/21/06 13:00,33.8
11/21/06 14:00,34.1
11/21/06 15:00,28.1
11/21/06 16:00,0.0
11/21/06 17:00,0.0
11/21/06 18:00,0.0
11/21/06 19:00,0.0
11/21/06 20:00,0.0
11/21/06 21:00,0.0
11/21/06 22:00,0.0
11/21/06 23:00,0.0
11/22/06 00:00,0.0
11/22/06 01:00,0.0
11/22/06 02:00,0.0
11/22/06 03:00,0.0
11/22/06 04:00,0.0
11/22/06 05:00,0.0
11/22/06 06:00,0.0
11/22/06 07:00,0.0
11/22/06 08:00,22.6
11/22/06 09:00,27.8
11/22/06 10:00,18.6
11/22/06 11:00,23.5
11/22/06 12:00,22.9
11/22/06 13:00,22.3
11/22/06 14:00,21.6
11/22/06 15:00,15.5
11/22/06 16:00,0.0
11/22/06 17:00,0.0
11/22/06 18:00,0.0
11/22/06 19:00,0.0
11/22/06 20:00,0.0
11/22/06 21:00,0.0
11/22/06 22:00,0.0
11/22/06 23:00,0.0
11/23/06 00:00,0.0
11/23/06 01:00,0.0
11/23/06 02:00,0.0
11/23/06 03:00,0.0
11/23/06 04:00,0.0
11/23/06 05:00,0.0
11/23/06 06:00,0.0
11/23/06 07:00,0.0
11/23/06 08:00,0.0
11/23/06 09:00,0.0
11/23/06 10:00,0.0
11/23/06 11:00,0.0
11/23/06 12:00,0.1
11/23/06 13:00,0.0
11/23/06 14:00,0.0
11/23/06 15:00,0.0
11/23/06 16:00,0.0
11/23/06 17:00,0.0
11/23/06 18:00,0.0
11/23/06 19:00,0.0
11/23/06 20:00,0.0
11/23/06 21:00,0.0
11/23/06 22:00,0.0
11/23/06 23:00,0.0
11/24/06 00:00,0.0
11/24/06 01:00,0.0
11/24/06 02:00,0.0
11/24/06 03:00,0.0
11/24/06 04:00,0.0
11/24/06 05:00,0.0
11/24/06 06:00,0.0
11/24/06 07:00,0.0
11/24/06 08:00,21.0
11/24/06 09:00,31.7
11/24/06 10:00,31.7
11/24/06 11:00,27.7
11/24/06 12:00,28.4
11/24/06 13:00,31.7
11/24/06 14:00,31.5
11/24/06 15:00,25.2
11/24/06 16:00,0.0
11/24/06 17:00,0.0
11/24/06 18:00,0.0
11/24/06 19:00,0.0
11/24/06 20:00,0.0
11/24/06 21:00,0.0
11/24/06 22:00,0.0
11/24/06 23:00,0.0
11/25/06 00:00,0.0
11/25/06 01:00,0.0
11/25/06 02:00,0.0
11/25/06 03:00,0.0
11/25/06 04:00,0.0
11/25/06 05:00,0.0
11/25/06 06:00,0.0
11/25/06 07:00,0.0
11/25/06 08:00,21.3
11/25/06 09:00,29.8
11/25/06 10:00,28.7
11/25/06 11:00,26.2
11/25/06 12:00,30.5
11/25/06 13:00,31.5
11/25/06 14:00,31.9
11/25/06 15:00,24.9
11/25/06 16:00,0.0
11/25/06 17:00,0.0
11/25/06 18:00,0.0
11/25/06 19:00,0.0
11/25/06 20:00,0.0
11/25/06 21:00,0.0
11/25/06 22:00,0.0
11/25/06 23:00,0.0
11/26/06 00:00,0.0
11/26/06 01:00,0.0
11/26/06 02:00,0.0
11/26/06 03:00,0.0
11/26/06 04:00,0.0
11/26/06 05:00,0.0
11/26/06 06:00,0.0
11/26/06 07:00,0.0
11/26/06 08:00,0.0
11/26/06 09:00,10.9
11/26/06 10:00,11.4
11/26/06 11:00,23.8
11/26/06 12:00,23.5
11/26/06 13:00,16.8
11/26/06 14:00,14.3
11/26/06 15:00,12.0
11/26/06 16:00,0.0
11/26/06 17:00,0.0
11/26/06 18:00,0.0
11/26/06 19:00,0.0
11/26/06 20:00,0.0
11/26/06 21:00,0.0
11/26/06 22:00,0.0
11/26/06 23:00,0.0
11/27/06 00:00,0.0
11/27/06 01:00,0.0
11/27/06 02:00,0.0
11/27/06 03:00,0.0
11/27/06 04:00,0.0
11/27/06 05:00,0.0
11/27/06 06:00,0.0
11/27/06 07:00,0.0
11/27/06 08:00,0.0
11/27/06 09:00,8.7
11/27/06 10:00,9.5
11/27/06 11:00,19.1
11/27/06 12:00,7.5
11/27/06 13:00,14.4
11/27/06 14:00,12.6
11/27/06 15:00,1.4
11/27/06 16:00,0.0
11/27/06 17:00,0.0
11/27/06 18:00,0.0
11/27/06 19:00,0.0
11/27/06 20:00,0.0
11/27/06 21:00,0.0
11/27/06 22:00,0.0
11/27/06 23:00,0.0
11/28/06 00:00,0.0
11/28/06 01:00,0.0
11/28/06 02:00,0.0
11/28/06 03:00,0.0
11/28/06 04:00,0.0
11/28/06 05:00,0.0
11/28/06 06:00,0.0
11/28/06 07:00,0.0
11/28/06 08:00,6.8
11/28/06 09:00,16.1
11/28/06 10:00,23.2
11/28/06 11:00,20.3
11/28/06 12:00,18.8
11/28/06 13:00,14.2
11/28/06 14:00,11.8
11/28/06 15:00,2.8
11/28/06 16:00,0.0
11/28/06 17:00,0.0
11/28/06 18:00,0.0
11/28/06 19:00,0.0
11/28/06 20:00,0.0
11/28/06 21:00,0.0
11/28/06 22:00,0.0
11/28/06 23:00,0.0
11/29/06 00:00,0.0
11/29/06 01:00,0.0
11/29/06 02:00,0.0
11/29/06 03:00,0.0
11/29/06 04:00,0.0
11/29/06 05:00,0.0
11/29/06 06:00,0.0
11/29/06 07:00,0.0
11/29/06 08:00,0.0
11/29/06 09:00,12.6
11/29/06 10:00,10.7
11/29/06 11:00,19.8
11/29/06 12:00,13.4
11/29/06 13:00,12.4
11/29/06 14:00,7.3
11/29/06 15:00,17.8
11/29/06 16:00,0.0
11/29/06 17:00,0.0
11/29/06 18:00,0.0
11/29/06 19:00,0.0
11/29/06 20:00,0.0
11/29/06 21:00,0.0
11/29/06 22:00,0.0
11/29/06 23:00,0.0
11/30/06 00:00,0.0
11/30/06 01:00,0.0
11/30/06 02:00,0.0
11/30/06 03:00,0.0
11/30/06 04:00,0.0
11/30/06 05:00,0.0
11/30/06 06:00,0.0
11/30/06 07:00,0.0
11/30/06 08:00,0.0
11/30/06 09:00,0.0
11/30/06 10:00,0.6
11/30/06 11:00,5.5
11/30/06 12:00,3.9
11/30/06 13:00,8.4
11/30/06 14:00,3.1
11/30/06 15:00,1.5
11/30/06 16:00,0.0
11/30/06 17:00,0.0
11/30/06 18:00,0.0
11/30/06 19:00,0.0
11/30/06 20:00,0.0
11/30/06 21:00,0.0
11/30/06 22:00,0.0
11/30/06 23:00,0.0
12/01/06 00:00,0.0
12/01/06 01:00,0.0
12/01/06 02:00,0.0
12/01/06 03:00,0.0
12/01/06 04:00,0.0
12/01/06 05:00,0.0
12/01/06 06:00,0.0
12/01/06 07:00,0.0
12/01/06 08:00,0.0
12/01/06 09:00,0.0
12/01/06 10:00,0.3
12/01/06 11:00,1.0
12/01/06 12:00,0.3
12/01/06 13:00,0.0
12/01/06 14:00,2.6
12/01/06 15:00,0.0
12/01/06 16:00,0.0
12/01/06 17:00,0.0
12/01/06 18:00,0.0
12/01/06 19:00,0.0
12/01/06 20:00,0.0
12/01/06 21:00,0.0
12/01/06 22:00,0.0
12/01/06 23:00,0.0
12/02/06 00:00,0.0
12/02/06 01:00,0.0
12/02/06 02:00,0.0
12/02/06 03:00,0.0
12/02/06 04:00,0.0
12/02/06 05:00,0.0
12/02/06 06:00,0.0
12/02/06 07:00,0.0
12/02/06 08:00,19.0
12/02/06 09:00,26.6
12/02/06 10:00,25.0
12/02/06 11:00,19.5
12/02/06 12:00,20.9
12/02/06 13:00,28.4
12/02/06 14:00,23.0
12/02/06 15:00,21.3
12/02/06 16:00,0.0
12/02/06 17:00,0.0
12/02/06 18:00,0.0
12/02/06 19:00,0.0
12/02/06 20:00,0.0
12/02/06 21:00,0.0
12/02/06 22:00,0.0
12/02/06 23:00,0.0
12/03/06 00:00,0.0
12/03/06 01:00,0.0
12/03/06 02:00,0.0
12/03/06 03:00,0.0
12/03/06 04:00,0.0
12/03/06 05:00,0.0
12/03/06 06:00,0.0
12/03/06 07:00,0.0
12/03/06 08:00,17.1
12/03/06 09:00,29.0
12/03/06 10:00,27.2
12/03/06 11:00,27.0
12/03/06 12:00,27.5
12/03/06 13:00,32.0
12/03/06 14:00,33.4
12/03/06 15:00,24.2
12/03/06 16:00,0.0
12/03/06 17:00,0.0
12/03/06 18:00,0.0
12/03/06 19:00,0.0
12/03/06 20:00,0.0
12/03/06 21:00,0.0
12/03/06 22:00,0.0
12/03/06 23:00,0.0
12/04/06 00:00,0.0
12/04/06 01:00,0.0
12/04/06 02:00,0.0
12/04/06 03:00,0.0
12/04/06 04:00,0.0
12/04/06 05:00,0.0
12/04/06 06:00,0.0
12/04/06 07:00,0.0
12/04/06 08:00,17.4
12/04/06 09:00,32.2
12/04/06 10:00,30.9
12/04/06 11:00,26.3
12/04/06 12:00,27.3
12/04/06 13:00,31.0
12/04/06 14:00,32.7
12/04/06 15:00,25.9
12/04/06 16:00,0.0
12/04/06 17:00,0.0
12/04/06 18:00,0.0
12/04/06 19:00,0.0
12/04/06 20:00,0.0
12/04/06 21:00,0.0
12/04/06 22:00,0.0
12/04/06 23:00,0.0
12/05/06 00:00,0.0
12/05/06 01:00,0.0
12/05/06 02:00,0.0
12/05/06 03:00,0.0
12/05/06 04:00,0.0
12/05/06 05:00,0.0
12/05/06 06:00,0.0
12/05/06 07:00,0.0
12/05/06 08:00,19.7
12/05/06 09:00,32.2
12/05/06 10:00,28.7
12/05/06 11:00,24.0
12/05/06 12:00,25.3
12/05/06 13:00,32.3
12/05/06 14:00,31.5
12/05/06 15:00,26.1
12/05/06 16:00,0.0
12/05/06 17:00,0.0
12/05/06 18:00,0.0
12/05/06 19:00,0.0
12/05/06 20:00,0.0
12/05/06 21:00,0.0
12/05/06 22:00,0.0
12/05/06 23:00,0.0
12/06/06 00:00,0.0
12/06/06 01:00,0.0
12/06/06 02:00,0.0
12/06/06 03:00,0.0
12/06/06 04:00,0.0
12/06/06 05:00,0.0
12/06/06 06:00,0.0
12/06/06 07:00,0.0
12/06/06 08:00,0.0
12/06/06 09:00,5.9
12/06/06 10:00,15.4
12/06/06 11:00,18.0
12/06/06 12:00,13.9
12/06/06 13:00,19.4
12/06/06 14:00,20.6
12/06/06 15:00,14.9
12/06/06 16:00,0.0
12/06/06 17:00,0.0
12/06/06 18:00,0.0
12/06/06 19:00,0.0
12/06/06 20:00,0.0
12/06/06 21:00,0.0
12/06/06 22:00,0.0
12/06/06 23:00,0.0
12/07/06 00:00,0.0
12/07/06 01:00,0.0
12/07/06 02:00,0.0
12/07/06 03:00,0.0
12/07/06 04:00,0.0
12/07/06 05:00,0.0
12/07/06 06:00,0.0
12/07/06 07:00,0.0
12/07/06 08:00,8.1
12/07/06 09:00,25.2
12/07/06 10:00,25.0
12/07/06 11:00,22.5
12/07/06 12:00,19.1
12/07/06 13:00,23.4
12/07/06 14:00,23.0
12/07/06 15:00,15.7
12/07/06 16:00,0.0
12/07/06 17:00,0.0
12/07/06 18:00,0.0
12/07/06 19:00,0.0
12/07/06 20:00,0.0
12/07/06 21:00,0.0
12/07/06 22:00,0.0
12/07/06 23:00,0.0
12/08/06 00:00,0.0
12/08/06 01:00,0.0
12/08/06 02:00,0.0
12/08/06 03:00,0.0
12/08/06 04:00,0.0
12/08/06 05:00,0.0
12/08/06 06:00,0.0
12/08/06 07:00,0.0
12/08/06 08:00,16.1
12/08/06 09:00,30.3
12/08/06 10:00,32.0
12/08/06 11:00,27.3
12/08/06 12:00,28.5
12/08/06 13:00,33.4
12/08/06 14:00,34.0
12/08/06 15:00,26.2
12/08/06 16:00,0.0
12/08/06 17:00,0.0
12/08/06 18:00,0.0
12/08/06 19:00,0.0
12/08/06 20:00,0.0
12/08/06 21:00,0.0
12/08/06 22:00,0.0
12/08/06 23:00,0.0
12/09/06 00:00,0.0
12/09/06 01:00,0.0
12/09/06 02:00,0.0
12/09/06 03:00,0.0
12/09/06 04:00,0.0
12/09/06 05:00,0.0
12/09/06 06:00,0.0
12/09/06 07:00,0.0
12/09/06 08:00,15.4
12/09/06 09:00,27.8
12/09/06 10:00,29.2
12/09/06 11:00,25.8
12/09/06 12:00,27.3
12/09/06 13:00,31.9
12/09/06 14:00,31.4
12/09/06 15:00,25.2
12/09/06 16:00,0.0
12/09/06 17:00,0.0
12/09/06 18:00,0.0
12/09/06 19:00,0.0
12/09/06 20:00,0.0
12/09/06 21:00,0.0
12/09/06 22:00,0.0
12/09/06 23:00,0.0
12/10/06 00:00,0.0
12/10/06 01:00,0.0
12/10/06 02:00,0.0
12/10/06 03:00,0.0
12/10/06 04:00,0.0
12/10/06 05:00,0.0
12/10/06 06:00,0.0
12/10/06 07:00,0.0
12/10/06 08:00,11.7
12/10/06 09:00,23.4
12/10/06 10:00,27.4
12/10/06 11:00,25.1
12/10/06 12:00,25.8
12/10/06 13:00,30.8
12/10/06 14:00,30.7
12/10/06 15:00,24.3
12/10/06 16:00,0.0
12/10/06 17:00,0.0
12/10/06 18:00,0.0
12/10/06 19:00,0.0
12/10/06 20:00,0.0
12/10/06 21:00,0.0
12/10/06 22:00,0.0
12/10/06 23:00,0.0
12/11/06 00:00,0.0
12/11/06 01:00,0.0
12/11/06 02:00,0.0
12/11/06 03:00,0.0
12/11/06 04:00,0.0
12/11/06 05:00,0.0
12/11/06 06:00,0.0
12/11/06 07:00,0.0
12/11/06 08:00,0.0
12/11/06 09:00,8.0
12/11/06 10:00,11.8
12/11/06 11:00,19.4
12/11/06 12:00,13.9
12/11/06 13:00,19.3
12/11/06 14:00,20.4
12/11/06 15:00,2.6
12/11/06 16:00,0.0
12/11/06 17:00,0.0
12/11/06 18:00,0.0
12/11/06 19:00,0.0
12/11/06 20:00,0.0
12/11/06 21:00,0.0
12/11/06 22:00,0.0
12/11/06 23:00,0.0
12/12/06 00:00,0.0
12/12/06 01:00,0.0
12/12/06 02:00,0.0
12/12/06 03:00,0.0
12/12/06 04:00,0.0
12/12/06 05:00,0.0
12/12/06 06:00,0.0
12/12/06 07:00,0.0
12/12/06 08:00,0.0
12/12/06 09:00,2.8
12/12/06 10:00,14.2
12/12/06 11:00,17.3
12/12/06 12:00,18.7
12/12/06 13:00,19.7
12/12/06 14:00,16.3
12/12/06 15:00,15.4
12/12/06 16:00,0.0
12/12/06 17:00,0.0
12/12/06 18:00,0.0
12/12/06 19:00,0.0
12/12/06 20:00,0.0
12/12/06 21:00,0.0
12/12/06 22:00,0.0
12/12/06 23:00,0.0
12/13/06 00:00,0.0
12/13/06 01:00,0.0
12/13/06 02:00,0.0
12/13/06 03:00,0.0
12/13/06 04:00,0.0
12/13/06 05:00,0.0
12/13/06 06:00,0.0
12/13/06 07:00,0.0
12/13/06 08:00,0.1
12/13/06 09:00,0.0
12/13/06 10:00,0.1
12/13/06 11:00,1.3
12/13/06 12:00,9.1
12/13/06 13:00,0.0
12/13/06 14:00,0.0
12/13/06 15:00,14.4
12/13/06 16:00,0.0
12/13/06 17:00,0.0
12/13/06 18:00,0.0
12/13/06 19:00,0.0
12/13/06 20:00,0.0
12/13/06 21:00,0.0
12/13/06 22:00,0.0
12/13/06 23:00,0.0
12/14/06 00:00,0.0
12/14/06 01:00,0.0
12/14/06 02:00,0.0
12/14/06 03:00,0.0
12/14/06 04:00,0.0
12/14/06 05:00,0.0
12/14/06 06:00,0.0
12/14/06 07:00,0.0
12/14/06 08:00,13.0
12/14/06 09:00,23.6
12/14/06 10:00,22.9
12/14/06 11:00,22.0
12/14/06 12:00,26.0
12/14/06 13:00,30.5
12/14/06 14:00,31.1
12/14/06 15:00,23.8
12/14/06 16:00,0.0
12/14/06 17:00,0.0
12/14/06 18:00,0.0
12/14/06 19:00,0.0
12/14/06 20:00,0.0
12/14/06 21:00,0.0
12/14/06 22:00,0.0
12/14/06 23:00,0.0
12/15/06 00:00,0.0
12/15/06 01:00,0.0
12/15/06 02:00,0.0
12/15/06 03:00,0.0
12/15/06 04:00,0.0
12/15/06 05:00,0.0
12/15/06 06:00,0.0
12/15/06 07:00,0.0
12/15/06 08:00,0.6
12/15/06 09:00,1.7
12/15/06 10:00,8.9
12/15/06 11:00,7.2
12/15/06 12:00,10.4
12/15/06 13:00,18.6
12/15/06 14:00,20.7
12/15/06 15:00,20.3
12/15/06 16:00,0.0
12/15/06 17:00,0.0
12/15/06 18:00,0.0
12/15/06 19:00,0.0
12/15/06 20:00,0.0
12/15/06 21:00,0.0
12/15/06 22:00,0.0
12/15/06 23:00,0.0
12/16/06 00:00,0.0
12/16/06 01:00,0.0
12/16/06 02:00,0.0
12/16/06 03:00,0.0
12/16/06 04:00,0.0
12/16/06 05:00,0.0
12/16/06 06:00,0.0
12/16/06 07:00,0.0
12/16/06 08:00,12.9
12/16/06 09:00,24.6
12/16/06 10:00,27.1
12/16/06 11:00,22.5
12/16/06 12:00,25.2
12/16/06 13:00,31.2
12/16/06 14:00,33.2
12/16/06 15:00,25.1
12/16/06 16:00,0.0
12/16/06 17:00,0.0
12/16/06 18:00,0.0
12/16/06 19:00,0.0
12/16/06 20:00,0.0
12/16/06 21:00,0.0
12/16/06 22:00,0.0
12/16/06 23:00,0.0
12/17/06 00:00,0.0
12/17/06 01:00,0.0
12/17/06 02:00,0.0
12/17/06 03:00,0.0
12/17/06 04:00,0.0
12/17/06 05:00,0.0
12/17/06 06:00,0.0
12/17/06 07:00,0.0
12/17/06 08:00,0.1
12/17/06 09:00,16.5
12/17/06 10:00,17.1
12/17/06 11:00,21.1
12/17/06 12:00,20.8
12/17/06 13:00,22.9
12/17/06 14:00,18.9
12/17/06 15:00,13.0
12/17/06 16:00,0.0
12/17/06 17:00,0.0
12/17/06 18:00,0.0
12/17/06 19:00,0.0
12/17/06 20:00,0.0
12/17/06 21:00,0.0
12/17/06 22:00,0.0
12/17/06 23:00,0.0
12/18/06 00:00,0.0
12/18/06 01:00,0.0
12/18/06 02:00,0.0
12/18/06 03:00,0.0
12/18/06 04:00,0.0
12/18/06 05:00,0.0
12/18/06 06:00,0.0
12/18/06 07:00,0.0
12/18/06 08:00,0.0
12/18/06 09:00,0.0
12/18/06 10:00,0.0
12/18/06 11:00,0.0
12/18/06 12:00,7.7
12/18/06 13:00,17.5
12/18/06 14:00,16.2
12/18/06 15:00,13.0
12/18/06 16:00,0.0
12/18/06 17:00,0.0
12/18/06 18:00,0.0
12/18/06 19:00,0.0
12/18/06 20:00,0.0
12/18/06 21:00,0.0
12/18/06 22:00,0.0
12/18/06 23:00,0.0
12/19/06 00:00,0.0
12/19/06 01:00,0.0
12/19/06 02:00,0.0
12/19/06 03:00,0.0
12/19/06 04:00,0.0
12/19/06 05:00,0.0
12/19/06 06:00,0.0
12/19/06 07:00,0.0
12/19/06 08:00,1.3
12/19/06 09:00,27.7
12/19/06 10:00,28.8
12/19/06 11:00,25.0
12/19/06 12:00,25.5
12/19/06 13:00,22.1
12/19/06 14:00,27.4
12/19/06 15:00,19.0
12/19/06 16:00,0.0
12/19/06 17:00,0.0
12/19/06 18:00,0.0
12/19/06 19:00,0.0
12/19/06 20:00,0.0
12/19/06 21:00,0.0
12/19/06 22:00,0.0
12/19/06 23:00,0.0
12/20/06 00:00,0.0
12/20/06 01:00,0.0
12/20/06 02:00,0.0
12/20/06 03:00,0.0
12/20/06 04:00,0.0
12/20/06 05:00,0.0
12/20/06 06:00,0.0
12/20/06 07:00,0.0
12/20/06 08:00,12.6
12/20/06 09:00,27.8
12/20/06 10:00,29.6
12/20/06 11:00,25.8
12/20/06 12:00,25.4
12/20/06 13:00,30.3
12/20/06 14:00,32.5
12/20/06 15:00,25.6
12/20/06 16:00,0.0
12/20/06 17:00,0.0
12/20/06 18:00,0.0
12/20/06 19:00,0.0
12/20/06 20:00,0.0
12/20/06 21:00,0.0
12/20/06 22:00,0.0
12/20/06 23:00,0.0
12/21/06 00:00,0.0
12/21/06 01:00,0.0
12/21/06 02:00,0.0
12/21/06 03:00,0.0
12/21/06 04:00,0.0
12/21/06 05:00,0.0
12/21/06 06:00,0.0
12/21/06 07:00,0.0
12/21/06 08:00,0.0
12/21/06 09:00,1.3
12/21/06 10:00,4.5
12/21/06 11:00,11.9
12/21/06 12:00,20.4
12/21/06 13:00,24.9
12/21/06 14:00,28.5
12/21/06 15:00,25.3
12/21/06 16:00,0.0
12/21/06 17:00,0.0
12/21/06 18:00,0.0
12/21/06 19:00,0.0
12/21/06 20:00,0.0
12/21/06 21:00,0.0
12/21/06 22:00,0.0
12/21/06 23:00,0.0
12/22/06 00:00,0.0
12/22/06 01:00,0.0
12/22/06 02:00,0.0
12/22/06 03:00,0.0
12/22/06 04:00,0.0
12/22/06 05:00,0.0
12/22/06 06:00,0.0
12/22/06 07:00,0.0
12/22/06 08:00,0.0
12/22/06 09:00,2.5
12/22/06 10:00,2.9
12/22/06 11:00,9.6
12/22/06 12:00,0.7
12/22/06 13:00,0.2
12/22/06 14:00,0.0
12/22/06 15:00,0.0
12/22/06 16:00,0.0
12/22/06 17:00,0.0
12/22/06 18:00,0.0
12/22/06 19:00,0.0
12/22/06 20:00,0.0
12/22/06 21:00,0.0
12/22/06 22:00,0.0
12/22/06 23:00,0.0
12/23/06 00:00,0.0
12/23/06 01:00,0.0
12/23/06 02:00,0.0
12/23/06 03:00,0.0
12/23/06 04:00,0.0
12/23/06 05:00,0.0
12/23/06 06:00,0.0
12/23/06 07:00,0.0
12/23/06 08:00,0.0
12/23/06 09:00,0.0
12/23/06 10:00,13.1
12/23/06 11:00,8.7
12/23/06 12:00,17.1
12/23/06 13:00,28.3
12/23/06 14:00,32.8
12/23/06 15:00,26.1
12/23/06 16:00,0.0
12/23/06 17:00,0.0
12/23/06 18:00,0.0
12/23/06 19:00,0.0
12/23/06 20:00,0.0
12/23/06 21:00,0.0
12/23/06 22:00,0.0
12/23/06 23:00,0.0
12/24/06 00:00,0.0
12/24/06 01:00,0.0
12/24/06 02:00,0.0
12/24/06 03:00,0.0
12/24/06 04:00,0.0
12/24/06 05:00,0.0
12/24/06 06:00,0.0
12/24/06 07:00,0.0
12/24/06 08:00,4.7
12/24/06 09:00,25.7
12/24/06 10:00,27.5
12/24/06 11:00,23.8
12/24/06 12:00,24.8
12/24/06 13:00,30.3
12/24/06 14:00,32.3
12/24/06 15:00,26.2
12/24/06 16:00,0.0
12/24/06 17:00,0.0
12/24/06 18:00,0.0
12/24/06 19:00,0.0
12/24/06 20:00,0.0
12/24/06 21:00,0.0
12/24/06 22:00,0.0
12/24/06 23:00,0.0
12/25/06 00:00,0.0
12/25/06 01:00,0.0
12/25/06 02:00,0.0
12/25/06 03:00,0.0
12/25/06 04:00,0.0
12/25/06 05:00,0.0
12/25/06 06:00,0.0
12/25/06 07:00,0.0
12/25/06 08:00,0.0
12/25/06 09:00,3.9
12/25/06 10:00,12.7
12/25/06 11:00,14.8
12/25/06 12:00,11.2
12/25/06 13:00,7.6
12/25/06 14:00,1.0
12/25/06 15:00,0.0
12/25/06 16:00,0.0
12/25/06 17:00,0.0
12/25/06 18:00,0.0
12/25/06 19:00,0.0
12/25/06 20:00,0.0
12/25/06 21:00,0.0
12/25/06 22:00,0.0
12/25/06 23:00,0.0
12/26/06 00:00,0.0
12/26/06 01:00,0.0
12/26/06 02:00,0.0
12/26/06 03:00,0.0
12/26/06 04:00,0.0
12/26/06 05:00,0.0
12/26/06 06:00,0.0
12/26/06 07:00,0.0
12/26/06 08:00,0.0
12/26/06 09:00,0.0
12/26/06 10:00,0.0
12/26/06 11:00,0.0
12/26/06 12:00,0.0
12/26/06 13:00,0.5
12/26/06 14:00,26.9
12/26/06 15:00,24.3
12/26/06 16:00,0.0
12/26/06 17:00,0.0
12/26/06 18:00,0.0
12/26/06 19:00,0.0
12/26/06 20:00,0.0
12/26/06 21:00,0.0
12/26/06 22:00,0.0
12/26/06 23:00,0.0
12/27/06 00:00,0.0
12/27/06 01:00,0.0
12/27/06 02:00,0.0
12/27/06 03:00,0.0
12/27/06 04:00,0.0
12/27/06 05:00,0.0
12/27/06 06:00,0.0
12/27/06 07:00,0.0
12/27/06 08:00,11.0
12/27/06 09:00,25.5
12/27/06 10:00,28.8
12/27/06 11:00,27.7
12/27/06 12:00,27.8
12/27/06 13:00,30.1
12/27/06 14:00,22.6
12/27/06 15:00,23.8
12/27/06 16:00,0.0
12/27/06 17:00,0.0
12/27/06 18:00,0.0
12/27/06 19:00,0.0
12/27/06 20:00,0.0
12/27/06 21:00,0.0
12/27/06 22:00,0.0
12/27/06 23:00,0.0
12/28/06 00:00,0.0
12/28/06 01:00,0.0
12/28/06 02:00,0.0
12/28/06 03:00,0.0
12/28/06 04:00,0.0
12/28/06 05:00,0.0
12/28/06 06:00,0.0
12/28/06 07:00,0.0
12/28/06 08:00,11.3
12/28/06 09:00,24.7
12/28/06 10:00,26.6
12/28/06 11:00,17.3
12/28/06 12:00,19.6
12/28/06 13:00,29.2
12/28/06 14:00,32.1
12/28/06 15:00,28.5
12/28/06 16:00,0.0
12/28/06 17:00,0.0
12/28/06 18:00,0.0
12/28/06 19:00,0.0
12/28/06 20:00,0.0
12/28/06 21:00,0.0
12/28/06 22:00,0.0
12/28/06 23:00,0.0
12/29/06 00:00,0.0
12/29/06 01:00,0.0
12/29/06 02:00,0.0
12/29/06 03:00,0.0
12/29/06 04:00,0.0
12/29/06 05:00,0.0
12/29/06 06:00,0.0
12/29/06 07:00,0.0
12/29/06 08:00,10.8
12/29/06 09:00,25.3
12/29/06 10:00,23.5
12/29/06 11:00,22.5
12/29/06 12:00,21.9
12/29/06 13:00,20.8
12/29/06 14:00,18.3
12/29/06 15:00,19.6
12/29/06 16:00,7.6
12/29/06 17:00,0.0
12/29/06 18:00,0.0
12/29/06 19:00,0.0
12/29/06 20:00,0.0
12/29/06 21:00,0.0
12/29/06 22:00,0.0
12/29/06 23:00,0.0
12/30/06 00:00,0.0
12/30/06 01:00,0.0
12/30/06 02:00,0.0
12/30/06 03:00,0.0
12/30/06 04:00,0.0
12/30/06 05:00,0.0
12/30/06 06:00,0.0
12/30/06 07:00,0.0
12/30/06 08:00,0.0
12/30/06 09:00,0.0
12/30/06 10:00,0.3
12/30/06 11:00,3.8
12/30/06 12:00,4.3
12/30/06 13:00,9.9
12/30/06 14:00,8.8
12/30/06 15:00,13.9
12/30/06 16:00,0.0
12/30/06 17:00,0.0
12/30/06 18:00,0.0
12/30/06 19:00,0.0
12/30/06 20:00,0.0
12/30/06 21:00,0.0
12/30/06 22:00,0.0
12/30/06 23:00,0.0
12/31/06 00:00,0.0
12/31/06 01:00,0.0
12/31/06 02:00,0.0
12/31/06 03:00,0.0
12/31/06 04:00,0.0
12/31/06 05:00,0.0
12/31/06 06:00,0.0
12/31/06 07:00,0.0
12/31/06 08:00,11.6
12/31/06 09:00,26.1
12/31/06 10:00,21.7
12/31/06 11:00,18.8
12/31/06 12:00,22.4
12/31/06 13:00,27.8
12/31/06 14:00,32.0
12/31/06 15:00,25.1
12/31/06 16:00,0.6
12/31/06 17:00,0.0
12/31/06 18:00,0.0
12/31/06 19:00,0.0
12/31/06 20:00,0.0
12/31/06 21:00,0.0
12/31/06 22:00,0.0
12/31/06 23:00,0.0
