LocalTime,Power(MW)
01/01/06 00:00,0.0
01/01/06 01:00,0.0
01/01/06 02:00,0.0
01/01/06 03:00,0.0
01/01/06 04:00,0.0
01/01/06 05:00,0.0
01/01/06 06:00,0.0
01/01/06 07:00,0.0
01/01/06 08:00,0.0
01/01/06 09:00,0.0
01/01/06 10:00,0.0
01/01/06 11:00,0.0
01/01/06 12:00,0.0
01/01/06 13:00,0.0
01/01/06 14:00,0.0
01/01/06 15:00,0.0
01/01/06 16:00,0.0
01/01/06 17:00,0.0
01/01/06 18:00,0.0
01/01/06 19:00,0.0
01/01/06 20:00,0.0
01/01/06 21:00,0.0
01/01/06 22:00,0.0
01/01/06 23:00,0.0
01/02/06 00:00,0.0
01/02/06 01:00,0.0
01/02/06 02:00,0.0
01/02/06 03:00,0.0
01/02/06 04:00,0.0
01/02/06 05:00,0.0
01/02/06 06:00,0.0
01/02/06 07:00,0.0
01/02/06 08:00,9.7
01/02/06 09:00,11.5
01/02/06 10:00,1.7
01/02/06 11:00,68.5
01/02/06 12:00,73.1
01/02/06 13:00,64.5
01/02/06 14:00,43.2
01/02/06 15:00,30.8
01/02/06 16:00,2.4
01/02/06 17:00,0.0
01/02/06 18:00,0.0
01/02/06 19:00,0.0
01/02/06 20:00,0.0
01/02/06 21:00,0.0
01/02/06 22:00,0.0
01/02/06 23:00,0.0
01/03/06 00:00,0.0
01/03/06 01:00,0.0
01/03/06 02:00,0.0
01/03/06 03:00,0.0
01/03/06 04:00,0.0
01/03/06 05:00,0.0
01/03/06 06:00,0.0
01/03/06 07:00,0.0
01/03/06 08:00,23.6
01/03/06 09:00,57.8
01/03/06 10:00,65.7
01/03/06 11:00,19.5
01/03/06 12:00,20.0
01/03/06 13:00,15.4
01/03/06 14:00,12.2
01/03/06 15:00,0.8
01/03/06 16:00,0.0
01/03/06 17:00,0.0
01/03/06 18:00,0.0
01/03/06 19:00,0.0
01/03/06 20:00,0.0
01/03/06 21:00,0.0
01/03/06 22:00,0.0
01/03/06 23:00,0.0
01/04/06 00:00,0.0
01/04/06 01:00,0.0
01/04/06 02:00,0.0
01/04/06 03:00,0.0
01/04/06 04:00,0.0
01/04/06 05:00,0.0
01/04/06 06:00,0.0
01/04/06 07:00,0.0
01/04/06 08:00,1.8
01/04/06 09:00,11.8
01/04/06 10:00,16.9
01/04/06 11:00,51.8
01/04/06 12:00,62.4
01/04/06 13:00,30.8
01/04/06 14:00,25.1
01/04/06 15:00,27.1
01/04/06 16:00,4.3
01/04/06 17:00,0.0
01/04/06 18:00,0.0
01/04/06 19:00,0.0
01/04/06 20:00,0.0
01/04/06 21:00,0.0
01/04/06 22:00,0.0
01/04/06 23:00,0.0
01/05/06 00:00,0.0
01/05/06 01:00,0.0
01/05/06 02:00,0.0
01/05/06 03:00,0.0
01/05/06 04:00,0.0
01/05/06 05:00,0.0
01/05/06 06:00,0.0
01/05/06 07:00,0.0
01/05/06 08:00,24.2
01/05/06 09:00,42.1
01/05/06 10:00,61.5
01/05/06 11:00,6.0
01/05/06 12:00,2.4
01/05/06 13:00,3.3
01/05/06 14:00,0.7
01/05/06 15:00,0.1
01/05/06 16:00,0.0
01/05/06 17:00,0.0
01/05/06 18:00,0.0
01/05/06 19:00,0.0
01/05/06 20:00,0.0
01/05/06 21:00,0.0
01/05/06 22:00,0.0
01/05/06 23:00,0.0
01/06/06 00:00,0.0
01/06/06 01:00,0.0
01/06/06 02:00,0.0
01/06/06 03:00,0.0
01/06/06 04:00,0.0
01/06/06 05:00,0.0
01/06/06 06:00,0.0
01/06/06 07:00,0.0
01/06/06 08:00,20.7
01/06/06 09:00,0.8
01/06/06 10:00,1.2
01/06/06 11:00,10.6
01/06/06 12:00,12.9
01/06/06 13:00,14.0
01/06/06 14:00,3.3
01/06/06 15:00,4.9
01/06/06 16:00,7.9
01/06/06 17:00,0.0
01/06/06 18:00,0.0
01/06/06 19:00,0.0
01/06/06 20:00,0.0
01/06/06 21:00,0.0
01/06/06 22:00,0.0
01/06/06 23:00,0.0
01/07/06 00:00,0.0
01/07/06 01:00,0.0
01/07/06 02:00,0.0
01/07/06 03:00,0.0
01/07/06 04:00,0.0
01/07/06 05:00,0.0
01/07/06 06:00,0.0
01/07/06 07:00,0.0
01/07/06 08:00,0.0
01/07/06 09:00,1.4
01/07/06 10:00,8.4
01/07/06 11:00,72.0
01/07/06 12:00,68.8
01/07/06 13:00,66.2
01/07/06 14:00,54.0
01/07/06 15:00,34.3
01/07/06 16:00,4.4
01/07/06 17:00,0.0
01/07/06 18:00,0.0
01/07/06 19:00,0.0
01/07/06 20:00,0.0
01/07/06 21:00,0.0
01/07/06 22:00,0.0
01/07/06 23:00,0.0
01/08/06 00:00,0.0
01/08/06 01:00,0.0
01/08/06 02:00,0.0
01/08/06 03:00,0.0
01/08/06 04:00,0.0
01/08/06 05:00,0.0
01/08/06 06:00,0.0
01/08/06 07:00,0.0
01/08/06 08:00,23.6
01/08/06 09:00,57.1
01/08/06 10:00,64.6
01/08/06 11:00,50.2
01/08/06 12:00,70.6
01/08/06 13:00,56.4
01/08/06 14:00,30.2
01/08/06 15:00,11.4
01/08/06 16:00,0.0
01/08/06 17:00,0.0
01/08/06 18:00,0.0
01/08/06 19:00,0.0
01/08/06 20:00,0.0
01/08/06 21:00,0.0
01/08/06 22:00,0.0
01/08/06 23:00,0.0
01/09/06 00:00,0.0
01/09/06 01:00,0.0
01/09/06 02:00,0.0
01/09/06 03:00,0.0
01/09/06 04:00,0.0
01/09/06 05:00,0.0
01/09/06 06:00,0.0
01/09/06 07:00,0.0
01/09/06 08:00,22.6
01/09/06 09:00,40.1
01/09/06 10:00,65.5
01/09/06 11:00,75.8
01/09/06 12:00,67.5
01/09/06 13:00,61.2
01/09/06 14:00,54.4
01/09/06 15:00,34.3
01/09/06 16:00,11.6
01/09/06 17:00,0.0
01/09/06 18:00,0.0
01/09/06 19:00,0.0
01/09/06 20:00,0.0
01/09/06 21:00,0.0
01/09/06 22:00,0.0
01/09/06 23:00,0.0
01/10/06 00:00,0.0
01/10/06 01:00,0.0
01/10/06 02:00,0.0
01/10/06 03:00,0.0
01/10/06 04:00,0.0
01/10/06 05:00,0.0
01/10/06 06:00,0.0
01/10/06 07:00,0.0
01/10/06 08:00,24.2
01/10/06 09:00,58.2
01/10/06 10:00,60.8
01/10/06 11:00,2.2
01/10/06 12:00,2.6
01/10/06 13:00,1.8
01/10/06 14:00,1.0
01/10/06 15:00,0.1
01/10/06 16:00,0.0
01/10/06 17:00,0.0
01/10/06 18:00,0.0
01/10/06 19:00,0.0
01/10/06 20:00,0.0
01/10/06 21:00,0.0
01/10/06 22:00,0.0
01/10/06 23:00,0.0
01/11/06 00:00,0.0
01/11/06 01:00,0.0
01/11/06 02:00,0.0
01/11/06 03:00,0.0
01/11/06 04:00,0.0
01/11/06 05:00,0.0
01/11/06 06:00,0.0
01/11/06 07:00,0.0
01/11/06 08:00,0.0
01/11/06 09:00,0.3
01/11/06 10:00,1.2
01/11/06 11:00,74.2
01/11/06 12:00,79.9
01/11/06 13:00,72.4
01/11/06 14:00,60.6
01/11/06 15:00,36.9
01/11/06 16:00,15.1
01/11/06 17:00,0.0
01/11/06 18:00,0.0
01/11/06 19:00,0.0
01/11/06 20:00,0.0
01/11/06 21:00,0.0
01/11/06 22:00,0.0
01/11/06 23:00,0.0
01/12/06 00:00,0.0
01/12/06 01:00,0.0
01/12/06 02:00,0.0
01/12/06 03:00,0.0
01/12/06 04:00,0.0
01/12/06 05:00,0.0
01/12/06 06:00,0.0
01/12/06 07:00,0.0
01/12/06 08:00,26.0
01/12/06 09:00,58.5
01/12/06 10:00,74.3
01/12/06 11:00,79.2
01/12/06 12:00,78.2
01/12/06 13:00,71.6
01/12/06 14:00,55.4
01/12/06 15:00,30.1
01/12/06 16:00,0.0
01/12/06 17:00,0.0
01/12/06 18:00,0.0
01/12/06 19:00,0.0
01/12/06 20:00,0.0
01/12/06 21:00,0.0
01/12/06 22:00,0.0
01/12/06 23:00,0.0
01/13/06 00:00,0.0
01/13/06 01:00,0.0
01/13/06 02:00,0.0
01/13/06 03:00,0.0
01/13/06 04:00,0.0
01/13/06 05:00,0.0
01/13/06 06:00,0.0
01/13/06 07:00,0.0
01/13/06 08:00,24.3
01/13/06 09:00,60.7
01/13/06 10:00,70.1
01/13/06 11:00,2.4
01/13/06 12:00,3.2
01/13/06 13:00,11.9
01/13/06 14:00,14.0
01/13/06 15:00,8.0
01/13/06 16:00,0.0
01/13/06 17:00,0.0
01/13/06 18:00,0.0
01/13/06 19:00,0.0
01/13/06 20:00,0.0
01/13/06 21:00,0.0
01/13/06 22:00,0.0
01/13/06 23:00,0.0
01/14/06 00:00,0.0
01/14/06 01:00,0.0
01/14/06 02:00,0.0
01/14/06 03:00,0.0
01/14/06 04:00,0.0
01/14/06 05:00,0.0
01/14/06 06:00,0.0
01/14/06 07:00,0.0
01/14/06 08:00,0.0
01/14/06 09:00,0.3
01/14/06 10:00,1.5
01/14/06 11:00,75.4
01/14/06 12:00,83.8
01/14/06 13:00,75.0
01/14/06 14:00,62.1
01/14/06 15:00,38.5
01/14/06 16:00,15.2
01/14/06 17:00,0.0
01/14/06 18:00,0.0
01/14/06 19:00,0.0
01/14/06 20:00,0.0
01/14/06 21:00,0.0
01/14/06 22:00,0.0
01/14/06 23:00,0.0
01/15/06 00:00,0.0
01/15/06 01:00,0.0
01/15/06 02:00,0.0
01/15/06 03:00,0.0
01/15/06 04:00,0.0
01/15/06 05:00,0.0
01/15/06 06:00,0.0
01/15/06 07:00,0.0
01/15/06 08:00,25.9
01/15/06 09:00,60.5
01/15/06 10:00,72.8
01/15/06 11:00,14.8
01/15/06 12:00,9.5
01/15/06 13:00,29.6
01/15/06 14:00,20.8
01/15/06 15:00,2.9
01/15/06 16:00,0.1
01/15/06 17:00,0.0
01/15/06 18:00,0.0
01/15/06 19:00,0.0
01/15/06 20:00,0.0
01/15/06 21:00,0.0
01/15/06 22:00,0.0
01/15/06 23:00,0.0
01/16/06 00:00,0.0
01/16/06 01:00,0.0
01/16/06 02:00,0.0
01/16/06 03:00,0.0
01/16/06 04:00,0.0
01/16/06 05:00,0.0
01/16/06 06:00,0.0
01/16/06 07:00,0.0
01/16/06 08:00,25.5
01/16/06 09:00,3.9
01/16/06 10:00,4.0
01/16/06 11:00,72.9
01/16/06 12:00,71.8
01/16/06 13:00,36.9
01/16/06 14:00,16.0
01/16/06 15:00,4.3
01/16/06 16:00,0.0
01/16/06 17:00,0.0
01/16/06 18:00,0.0
01/16/06 19:00,0.0
01/16/06 20:00,0.0
01/16/06 21:00,0.0
01/16/06 22:00,0.0
01/16/06 23:00,0.0
01/17/06 00:00,0.0
01/17/06 01:00,0.0
01/17/06 02:00,0.0
01/17/06 03:00,0.0
01/17/06 04:00,0.0
01/17/06 05:00,0.0
01/17/06 06:00,0.0
01/17/06 07:00,0.0
01/17/06 08:00,25.0
01/17/06 09:00,61.6
01/17/06 10:00,68.1
01/17/06 11:00,5.5
01/17/06 12:00,3.3
01/17/06 13:00,7.1
01/17/06 14:00,1.0
01/17/06 15:00,0.2
01/17/06 16:00,0.0
01/17/06 17:00,0.0
01/17/06 18:00,0.0
01/17/06 19:00,0.0
01/17/06 20:00,0.0
01/17/06 21:00,0.0
01/17/06 22:00,0.0
01/17/06 23:00,0.0
01/18/06 00:00,0.0
01/18/06 01:00,0.0
01/18/06 02:00,0.0
01/18/06 03:00,0.0
01/18/06 04:00,0.0
01/18/06 05:00,0.0
01/18/06 06:00,0.0
01/18/06 07:00,0.0
01/18/06 08:00,0.0
01/18/06 09:00,0.7
01/18/06 10:00,1.5
01/18/06 11:00,75.9
01/18/06 12:00,81.3
01/18/06 13:00,73.4
01/18/06 14:00,59.7
01/18/06 15:00,38.5
01/18/06 16:00,12.8
01/18/06 17:00,0.0
01/18/06 18:00,0.0
01/18/06 19:00,0.0
01/18/06 20:00,0.0
01/18/06 21:00,0.0
01/18/06 22:00,0.0
01/18/06 23:00,0.0
01/19/06 00:00,0.0
01/19/06 01:00,0.0
01/19/06 02:00,0.0
01/19/06 03:00,0.0
01/19/06 04:00,0.0
01/19/06 05:00,0.0
01/19/06 06:00,0.0
01/19/06 07:00,0.0
01/19/06 08:00,25.4
01/19/06 09:00,60.5
01/19/06 10:00,77.3
01/19/06 11:00,78.0
01/19/06 12:00,79.9
01/19/06 13:00,60.6
01/19/06 14:00,16.5
01/19/06 15:00,9.6
01/19/06 16:00,0.6
01/19/06 17:00,0.0
01/19/06 18:00,0.0
01/19/06 19:00,0.0
01/19/06 20:00,0.0
01/19/06 21:00,0.0
01/19/06 22:00,0.0
01/19/06 23:00,0.0
01/20/06 00:00,0.0
01/20/06 01:00,0.0
01/20/06 02:00,0.0
01/20/06 03:00,0.0
01/20/06 04:00,0.0
01/20/06 05:00,0.0
01/20/06 06:00,0.0
01/20/06 07:00,0.0
01/20/06 08:00,24.3
01/20/06 09:00,57.0
01/20/06 10:00,66.8
01/20/06 11:00,5.2
01/20/06 12:00,13.7
01/20/06 13:00,10.6
01/20/06 14:00,4.5
01/20/06 15:00,0.3
01/20/06 16:00,0.5
01/20/06 17:00,0.0
01/20/06 18:00,0.0
01/20/06 19:00,0.0
01/20/06 20:00,0.0
01/20/06 21:00,0.0
01/20/06 22:00,0.0
01/20/06 23:00,0.0
01/21/06 00:00,0.0
01/21/06 01:00,0.0
01/21/06 02:00,0.0
01/21/06 03:00,0.0
01/21/06 04:00,0.0
01/21/06 05:00,0.0
01/21/06 06:00,0.0
01/21/06 07:00,0.0
01/21/06 08:00,11.3
01/21/06 09:00,0.7
01/21/06 10:00,11.3
01/21/06 11:00,50.4
01/21/06 12:00,14.7
01/21/06 13:00,5.0
01/21/06 14:00,28.1
01/21/06 15:00,30.3
01/21/06 16:00,15.3
01/21/06 17:00,0.0
01/21/06 18:00,0.0
01/21/06 19:00,0.0
01/21/06 20:00,0.0
01/21/06 21:00,0.0
01/21/06 22:00,0.0
01/21/06 23:00,0.0
01/22/06 00:00,0.0
01/22/06 01:00,0.0
01/22/06 02:00,0.0
01/22/06 03:00,0.0
01/22/06 04:00,0.0
01/22/06 05:00,0.0
01/22/06 06:00,0.0
01/22/06 07:00,0.0
01/22/06 08:00,13.2
01/22/06 09:00,39.7
01/22/06 10:00,11.8
01/22/06 11:00,3.0
01/22/06 12:00,3.9
01/22/06 13:00,5.5
01/22/06 14:00,1.2
01/22/06 15:00,0.5
01/22/06 16:00,0.0
01/22/06 17:00,0.0
01/22/06 18:00,0.0
01/22/06 19:00,0.0
01/22/06 20:00,0.0
01/22/06 21:00,0.0
01/22/06 22:00,0.0
01/22/06 23:00,0.0
01/23/06 00:00,0.0
01/23/06 01:00,0.0
01/23/06 02:00,0.0
01/23/06 03:00,0.0
01/23/06 04:00,0.0
01/23/06 05:00,0.0
01/23/06 06:00,0.0
01/23/06 07:00,0.0
01/23/06 08:00,0.0
01/23/06 09:00,0.4
01/23/06 10:00,70.7
01/23/06 11:00,82.9
01/23/06 12:00,82.7
01/23/06 13:00,76.6
01/23/06 14:00,63.0
01/23/06 15:00,42.3
01/23/06 16:00,17.4
01/23/06 17:00,0.0
01/23/06 18:00,0.0
01/23/06 19:00,0.0
01/23/06 20:00,0.0
01/23/06 21:00,0.0
01/23/06 22:00,0.0
01/23/06 23:00,0.0
01/24/06 00:00,0.0
01/24/06 01:00,0.0
01/24/06 02:00,0.0
01/24/06 03:00,0.0
01/24/06 04:00,0.0
01/24/06 05:00,0.0
01/24/06 06:00,0.0
01/24/06 07:00,0.0
01/24/06 08:00,26.0
01/24/06 09:00,63.3
01/24/06 10:00,78.1
01/24/06 11:00,84.4
01/24/06 12:00,83.8
01/24/06 13:00,76.9
01/24/06 14:00,63.7
01/24/06 15:00,41.7
01/24/06 16:00,17.3
01/24/06 17:00,0.0
01/24/06 18:00,0.0
01/24/06 19:00,0.0
01/24/06 20:00,0.0
01/24/06 21:00,0.0
01/24/06 22:00,0.0
01/24/06 23:00,0.0
01/25/06 00:00,0.0
01/25/06 01:00,0.0
01/25/06 02:00,0.0
01/25/06 03:00,0.0
01/25/06 04:00,0.0
01/25/06 05:00,0.0
01/25/06 06:00,0.0
01/25/06 07:00,0.0
01/25/06 08:00,28.1
01/25/06 09:00,62.4
01/25/06 10:00,76.6
01/25/06 11:00,84.3
01/25/06 12:00,83.2
01/25/06 13:00,76.2
01/25/06 14:00,63.0
01/25/06 15:00,43.4
01/25/06 16:00,18.1
01/25/06 17:00,0.0
01/25/06 18:00,0.0
01/25/06 19:00,0.0
01/25/06 20:00,0.0
01/25/06 21:00,0.0
01/25/06 22:00,0.0
01/25/06 23:00,0.0
01/26/06 00:00,0.0
01/26/06 01:00,0.0
01/26/06 02:00,0.0
01/26/06 03:00,0.0
01/26/06 04:00,0.0
01/26/06 05:00,0.0
01/26/06 06:00,0.0
01/26/06 07:00,0.0
01/26/06 08:00,28.2
01/26/06 09:00,60.4
01/26/06 10:00,72.9
01/26/06 11:00,76.6
01/26/06 12:00,80.0
01/26/06 13:00,72.8
01/26/06 14:00,61.9
01/26/06 15:00,41.0
01/26/06 16:00,15.7
01/26/06 17:00,0.0
01/26/06 18:00,0.0
01/26/06 19:00,0.0
01/26/06 20:00,0.0
01/26/06 21:00,0.0
01/26/06 22:00,0.0
01/26/06 23:00,0.0
01/27/06 00:00,0.0
01/27/06 01:00,0.0
01/27/06 02:00,0.0
01/27/06 03:00,0.0
01/27/06 04:00,0.0
01/27/06 05:00,0.0
01/27/06 06:00,0.0
01/27/06 07:00,0.0
01/27/06 08:00,26.3
01/27/06 09:00,51.7
01/27/06 10:00,8.2
01/27/06 11:00,38.8
01/27/06 12:00,34.6
01/27/06 13:00,31.8
01/27/06 14:00,38.8
01/27/06 15:00,41.8
01/27/06 16:00,18.6
01/27/06 17:00,0.0
01/27/06 18:00,0.0
01/27/06 19:00,0.0
01/27/06 20:00,0.0
01/27/06 21:00,0.0
01/27/06 22:00,0.0
01/27/06 23:00,0.0
01/28/06 00:00,0.0
01/28/06 01:00,0.0
01/28/06 02:00,0.0
01/28/06 03:00,0.0
01/28/06 04:00,0.0
01/28/06 05:00,0.0
01/28/06 06:00,0.0
01/28/06 07:00,0.0
01/28/06 08:00,0.1
01/28/06 09:00,26.7
01/28/06 10:00,2.3
01/28/06 11:00,19.8
01/28/06 12:00,21.3
01/28/06 13:00,13.6
01/28/06 14:00,39.3
01/28/06 15:00,7.6
01/28/06 16:00,0.0
01/28/06 17:00,0.0
01/28/06 18:00,0.0
01/28/06 19:00,0.0
01/28/06 20:00,0.0
01/28/06 21:00,0.0
01/28/06 22:00,0.0
01/28/06 23:00,0.0
01/29/06 00:00,0.0
01/29/06 01:00,0.0
01/29/06 02:00,0.0
01/29/06 03:00,0.0
01/29/06 04:00,0.0
01/29/06 05:00,0.0
01/29/06 06:00,0.0
01/29/06 07:00,0.0
01/29/06 08:00,0.0
01/29/06 09:00,13.5
01/29/06 10:00,71.6
01/29/06 11:00,85.2
01/29/06 12:00,83.3
01/29/06 13:00,75.9
01/29/06 14:00,31.0
01/29/06 15:00,27.3
01/29/06 16:00,16.0
01/29/06 17:00,0.0
01/29/06 18:00,0.0
01/29/06 19:00,0.0
01/29/06 20:00,0.0
01/29/06 21:00,0.0
01/29/06 22:00,0.0
01/29/06 23:00,0.0
01/30/06 00:00,0.0
01/30/06 01:00,0.0
01/30/06 02:00,0.0
01/30/06 03:00,0.0
01/30/06 04:00,0.0
01/30/06 05:00,0.0
01/30/06 06:00,0.0
01/30/06 07:00,0.0
01/30/06 08:00,28.9
01/30/06 09:00,62.3
01/30/06 10:00,73.7
01/30/06 11:00,83.6
01/30/06 12:00,81.6
01/30/06 13:00,75.5
01/30/06 14:00,66.1
01/30/06 15:00,45.9
01/30/06 16:00,19.8
01/30/06 17:00,0.0
01/30/06 18:00,0.0
01/30/06 19:00,0.0
01/30/06 20:00,0.0
01/30/06 21:00,0.0
01/30/06 22:00,0.0
01/30/06 23:00,0.0
01/31/06 00:00,0.0
01/31/06 01:00,0.0
01/31/06 02:00,0.0
01/31/06 03:00,0.0
01/31/06 04:00,0.0
01/31/06 05:00,0.0
01/31/06 06:00,0.0
01/31/06 07:00,0.0
01/31/06 08:00,29.6
01/31/06 09:00,62.3
01/31/06 10:00,73.3
01/31/06 11:00,81.8
01/31/06 12:00,83.3
01/31/06 13:00,76.9
01/31/06 14:00,65.3
01/31/06 15:00,45.6
01/31/06 16:00,19.9
01/31/06 17:00,0.0
01/31/06 18:00,0.0
01/31/06 19:00,0.0
01/31/06 20:00,0.0
01/31/06 21:00,0.0
01/31/06 22:00,0.0
01/31/06 23:00,0.0
02/01/06 00:00,0.0
02/01/06 01:00,0.0
02/01/06 02:00,0.0
02/01/06 03:00,0.0
02/01/06 04:00,0.0
02/01/06 05:00,0.0
02/01/06 06:00,0.0
02/01/06 07:00,0.0
02/01/06 08:00,27.8
02/01/06 09:00,60.7
02/01/06 10:00,48.6
02/01/06 11:00,76.3
02/01/06 12:00,79.1
02/01/06 13:00,75.7
02/01/06 14:00,58.1
02/01/06 15:00,42.5
02/01/06 16:00,19.5
02/01/06 17:00,0.0
02/01/06 18:00,0.0
02/01/06 19:00,0.0
02/01/06 20:00,0.0
02/01/06 21:00,0.0
02/01/06 22:00,0.0
02/01/06 23:00,0.0
02/02/06 00:00,0.0
02/02/06 01:00,0.0
02/02/06 02:00,0.0
02/02/06 03:00,0.0
02/02/06 04:00,0.0
02/02/06 05:00,0.0
02/02/06 06:00,0.0
02/02/06 07:00,0.0
02/02/06 08:00,21.9
02/02/06 09:00,51.3
02/02/06 10:00,3.3
02/02/06 11:00,4.0
02/02/06 12:00,5.0
02/02/06 13:00,3.8
02/02/06 14:00,1.9
02/02/06 15:00,0.5
02/02/06 16:00,0.0
02/02/06 17:00,0.0
02/02/06 18:00,0.0
02/02/06 19:00,0.0
02/02/06 20:00,0.0
02/02/06 21:00,0.0
02/02/06 22:00,0.0
02/02/06 23:00,0.0
02/03/06 00:00,0.0
02/03/06 01:00,0.0
02/03/06 02:00,0.0
02/03/06 03:00,0.0
02/03/06 04:00,0.0
02/03/06 05:00,0.0
02/03/06 06:00,0.0
02/03/06 07:00,0.0
02/03/06 08:00,0.0
02/03/06 09:00,0.6
02/03/06 10:00,23.2
02/03/06 11:00,19.1
02/03/06 12:00,19.0
02/03/06 13:00,26.3
02/03/06 14:00,40.8
02/03/06 15:00,25.6
02/03/06 16:00,2.7
02/03/06 17:00,0.0
02/03/06 18:00,0.0
02/03/06 19:00,0.0
02/03/06 20:00,0.0
02/03/06 21:00,0.0
02/03/06 22:00,0.0
02/03/06 23:00,0.0
02/04/06 00:00,0.0
02/04/06 01:00,0.0
02/04/06 02:00,0.0
02/04/06 03:00,0.0
02/04/06 04:00,0.0
02/04/06 05:00,0.0
02/04/06 06:00,0.0
02/04/06 07:00,0.0
02/04/06 08:00,8.5
02/04/06 09:00,13.9
02/04/06 10:00,77.6
02/04/06 11:00,90.2
02/04/06 12:00,89.5
02/04/06 13:00,78.8
02/04/06 14:00,61.3
02/04/06 15:00,43.9
02/04/06 16:00,20.2
02/04/06 17:00,0.0
02/04/06 18:00,0.0
02/04/06 19:00,0.0
02/04/06 20:00,0.0
02/04/06 21:00,0.0
02/04/06 22:00,0.0
02/04/06 23:00,0.0
02/05/06 00:00,0.0
02/05/06 01:00,0.0
02/05/06 02:00,0.0
02/05/06 03:00,0.0
02/05/06 04:00,0.0
02/05/06 05:00,0.0
02/05/06 06:00,0.0
02/05/06 07:00,0.0
02/05/06 08:00,39.9
02/05/06 09:00,66.3
02/05/06 10:00,69.2
02/05/06 11:00,62.4
02/05/06 12:00,74.4
02/05/06 13:00,78.8
02/05/06 14:00,67.0
02/05/06 15:00,48.6
02/05/06 16:00,20.0
02/05/06 17:00,0.0
02/05/06 18:00,0.0
02/05/06 19:00,0.0
02/05/06 20:00,0.0
02/05/06 21:00,0.0
02/05/06 22:00,0.0
02/05/06 23:00,0.0
02/06/06 00:00,0.0
02/06/06 01:00,0.0
02/06/06 02:00,0.0
02/06/06 03:00,0.0
02/06/06 04:00,0.0
02/06/06 05:00,0.0
02/06/06 06:00,0.0
02/06/06 07:00,0.0
02/06/06 08:00,35.4
02/06/06 09:00,46.3
02/06/06 10:00,77.7
02/06/06 11:00,85.6
02/06/06 12:00,83.0
02/06/06 13:00,76.1
02/06/06 14:00,65.5
02/06/06 15:00,44.9
02/06/06 16:00,0.0
02/06/06 17:00,0.0
02/06/06 18:00,0.0
02/06/06 19:00,0.0
02/06/06 20:00,0.0
02/06/06 21:00,0.0
02/06/06 22:00,0.0
02/06/06 23:00,0.0
02/07/06 00:00,0.0
02/07/06 01:00,0.0
02/07/06 02:00,0.0
02/07/06 03:00,0.0
02/07/06 04:00,0.0
02/07/06 05:00,0.0
02/07/06 06:00,0.0
02/07/06 07:00,0.0
02/07/06 08:00,39.3
02/07/06 09:00,64.3
02/07/06 10:00,79.8
02/07/06 11:00,83.9
02/07/06 12:00,81.5
02/07/06 13:00,75.1
02/07/06 14:00,66.5
02/07/06 15:00,44.3
02/07/06 16:00,19.4
02/07/06 17:00,0.0
02/07/06 18:00,0.0
02/07/06 19:00,0.0
02/07/06 20:00,0.0
02/07/06 21:00,0.0
02/07/06 22:00,0.0
02/07/06 23:00,0.0
02/08/06 00:00,0.0
02/08/06 01:00,0.0
02/08/06 02:00,0.0
02/08/06 03:00,0.0
02/08/06 04:00,0.0
02/08/06 05:00,0.0
02/08/06 06:00,0.0
02/08/06 07:00,0.0
02/08/06 08:00,38.5
02/08/06 09:00,56.8
02/08/06 10:00,9.1
02/08/06 11:00,11.0
02/08/06 12:00,6.5
02/08/06 13:00,5.1
02/08/06 14:00,2.5
02/08/06 15:00,16.0
02/08/06 16:00,0.4
02/08/06 17:00,0.0
02/08/06 18:00,0.0
02/08/06 19:00,0.0
02/08/06 20:00,0.0
02/08/06 21:00,0.0
02/08/06 22:00,0.0
02/08/06 23:00,0.0
02/09/06 00:00,0.0
02/09/06 01:00,0.0
02/09/06 02:00,0.0
02/09/06 03:00,0.0
02/09/06 04:00,0.0
02/09/06 05:00,0.0
02/09/06 06:00,0.0
02/09/06 07:00,0.0
02/09/06 08:00,0.2
02/09/06 09:00,1.9
02/09/06 10:00,75.5
02/09/06 11:00,83.5
02/09/06 12:00,83.0
02/09/06 13:00,66.3
02/09/06 14:00,66.4
02/09/06 15:00,46.8
02/09/06 16:00,20.6
02/09/06 17:00,0.0
02/09/06 18:00,0.0
02/09/06 19:00,0.0
02/09/06 20:00,0.0
02/09/06 21:00,0.0
02/09/06 22:00,0.0
02/09/06 23:00,0.0
02/10/06 00:00,0.0
02/10/06 01:00,0.0
02/10/06 02:00,0.0
02/10/06 03:00,0.0
02/10/06 04:00,0.0
02/10/06 05:00,0.0
02/10/06 06:00,0.0
02/10/06 07:00,0.0
02/10/06 08:00,40.9
02/10/06 09:00,61.1
02/10/06 10:00,6.8
02/10/06 11:00,6.4
02/10/06 12:00,6.8
02/10/06 13:00,5.7
02/10/06 14:00,5.1
02/10/06 15:00,0.7
02/10/06 16:00,0.0
02/10/06 17:00,0.0
02/10/06 18:00,0.0
02/10/06 19:00,0.0
02/10/06 20:00,0.0
02/10/06 21:00,0.0
02/10/06 22:00,0.0
02/10/06 23:00,0.0
02/11/06 00:00,0.0
02/11/06 01:00,0.0
02/11/06 02:00,0.0
02/11/06 03:00,0.0
02/11/06 04:00,0.0
02/11/06 05:00,0.0
02/11/06 06:00,0.0
02/11/06 07:00,0.0
02/11/06 08:00,0.1
02/11/06 09:00,1.0
02/11/06 10:00,64.8
02/11/06 11:00,89.9
02/11/06 12:00,81.8
02/11/06 13:00,24.3
02/11/06 14:00,21.2
02/11/06 15:00,9.5
02/11/06 16:00,13.2
02/11/06 17:00,0.0
02/11/06 18:00,0.0
02/11/06 19:00,0.0
02/11/06 20:00,0.0
02/11/06 21:00,0.0
02/11/06 22:00,0.0
02/11/06 23:00,0.0
02/12/06 00:00,0.0
02/12/06 01:00,0.0
02/12/06 02:00,0.0
02/12/06 03:00,0.0
02/12/06 04:00,0.0
02/12/06 05:00,0.0
02/12/06 06:00,0.0
02/12/06 07:00,0.0
02/12/06 08:00,37.5
02/12/06 09:00,68.4
02/12/06 10:00,61.6
02/12/06 11:00,80.1
02/12/06 12:00,19.7
02/12/06 13:00,26.5
02/12/06 14:00,7.8
02/12/06 15:00,5.9
02/12/06 16:00,0.1
02/12/06 17:00,0.0
02/12/06 18:00,0.0
02/12/06 19:00,0.0
02/12/06 20:00,0.0
02/12/06 21:00,0.0
02/12/06 22:00,0.0
02/12/06 23:00,0.0
02/13/06 00:00,0.0
02/13/06 01:00,0.0
02/13/06 02:00,0.0
02/13/06 03:00,0.0
02/13/06 04:00,0.0
02/13/06 05:00,0.0
02/13/06 06:00,0.0
02/13/06 07:00,0.0
02/13/06 08:00,32.6
02/13/06 09:00,63.1
02/13/06 10:00,82.1
02/13/06 11:00,93.1
02/13/06 12:00,89.9
02/13/06 13:00,87.9
02/13/06 14:00,74.7
02/13/06 15:00,52.0
02/13/06 16:00,23.5
02/13/06 17:00,0.0
02/13/06 18:00,0.0
02/13/06 19:00,0.0
02/13/06 20:00,0.0
02/13/06 21:00,0.0
02/13/06 22:00,0.0
02/13/06 23:00,0.0
02/14/06 00:00,0.0
02/14/06 01:00,0.0
02/14/06 02:00,0.0
02/14/06 03:00,0.0
02/14/06 04:00,0.0
02/14/06 05:00,0.0
02/14/06 06:00,0.0
02/14/06 07:00,0.2
02/14/06 08:00,43.0
02/14/06 09:00,69.0
02/14/06 10:00,80.9
02/14/06 11:00,85.0
02/14/06 12:00,83.4
02/14/06 13:00,76.3
02/14/06 14:00,68.1
02/14/06 15:00,49.3
02/14/06 16:00,22.4
02/14/06 17:00,0.1
02/14/06 18:00,0.0
02/14/06 19:00,0.0
02/14/06 20:00,0.0
02/14/06 21:00,0.0
02/14/06 22:00,0.0
02/14/06 23:00,0.0
02/15/06 00:00,0.0
02/15/06 01:00,0.0
02/15/06 02:00,0.0
02/15/06 03:00,0.0
02/15/06 04:00,0.0
02/15/06 05:00,0.0
02/15/06 06:00,0.0
02/15/06 07:00,0.1
02/15/06 08:00,41.8
02/15/06 09:00,67.2
02/15/06 10:00,75.8
02/15/06 11:00,31.3
02/15/06 12:00,24.7
02/15/06 13:00,15.9
02/15/06 14:00,7.2
02/15/06 15:00,13.7
02/15/06 16:00,2.5
02/15/06 17:00,0.0
02/15/06 18:00,0.0
02/15/06 19:00,0.0
02/15/06 20:00,0.0
02/15/06 21:00,0.0
02/15/06 22:00,0.0
02/15/06 23:00,0.0
02/16/06 00:00,0.0
02/16/06 01:00,0.0
02/16/06 02:00,0.0
02/16/06 03:00,0.0
02/16/06 04:00,0.0
02/16/06 05:00,0.0
02/16/06 06:00,0.0
02/16/06 07:00,0.0
02/16/06 08:00,36.1
02/16/06 09:00,20.1
02/16/06 10:00,10.2
02/16/06 11:00,6.1
02/16/06 12:00,7.1
02/16/06 13:00,5.7
02/16/06 14:00,3.0
02/16/06 15:00,2.9
02/16/06 16:00,20.5
02/16/06 17:00,0.0
02/16/06 18:00,0.0
02/16/06 19:00,0.0
02/16/06 20:00,0.0
02/16/06 21:00,0.0
02/16/06 22:00,0.0
02/16/06 23:00,0.0
02/17/06 00:00,0.0
02/17/06 01:00,0.0
02/17/06 02:00,0.0
02/17/06 03:00,0.0
02/17/06 04:00,0.0
02/17/06 05:00,0.0
02/17/06 06:00,0.0
02/17/06 07:00,0.0
02/17/06 08:00,0.3
02/17/06 09:00,1.2
02/17/06 10:00,79.6
02/17/06 11:00,42.5
02/17/06 12:00,69.8
02/17/06 13:00,80.6
02/17/06 14:00,68.4
02/17/06 15:00,34.6
02/17/06 16:00,24.6
02/17/06 17:00,0.1
02/17/06 18:00,0.0
02/17/06 19:00,0.0
02/17/06 20:00,0.0
02/17/06 21:00,0.0
02/17/06 22:00,0.0
02/17/06 23:00,0.0
02/18/06 00:00,0.0
02/18/06 01:00,0.0
02/18/06 02:00,0.0
02/18/06 03:00,0.0
02/18/06 04:00,0.0
02/18/06 05:00,0.0
02/18/06 06:00,0.0
02/18/06 07:00,0.2
02/18/06 08:00,42.0
02/18/06 09:00,31.4
02/18/06 10:00,13.0
02/18/06 11:00,8.5
02/18/06 12:00,9.9
02/18/06 13:00,8.0
02/18/06 14:00,4.1
02/18/06 15:00,1.0
02/18/06 16:00,2.0
02/18/06 17:00,0.0
02/18/06 18:00,0.0
02/18/06 19:00,0.0
02/18/06 20:00,0.0
02/18/06 21:00,0.0
02/18/06 22:00,0.0
02/18/06 23:00,0.0
02/19/06 00:00,0.0
02/19/06 01:00,0.0
02/19/06 02:00,0.0
02/19/06 03:00,0.0
02/19/06 04:00,0.0
02/19/06 05:00,0.0
02/19/06 06:00,0.0
02/19/06 07:00,0.0
02/19/06 08:00,0.5
02/19/06 09:00,1.5
02/19/06 10:00,82.6
02/19/06 11:00,11.2
02/19/06 12:00,85.3
02/19/06 13:00,15.6
02/19/06 14:00,4.1
02/19/06 15:00,1.1
02/19/06 16:00,0.1
02/19/06 17:00,0.0
02/19/06 18:00,0.0
02/19/06 19:00,0.0
02/19/06 20:00,0.0
02/19/06 21:00,0.0
02/19/06 22:00,0.0
02/19/06 23:00,0.0
02/20/06 00:00,0.0
02/20/06 01:00,0.0
02/20/06 02:00,0.0
02/20/06 03:00,0.0
02/20/06 04:00,0.0
02/20/06 05:00,0.0
02/20/06 06:00,0.0
02/20/06 07:00,1.3
02/20/06 08:00,38.3
02/20/06 09:00,2.1
02/20/06 10:00,50.8
02/20/06 11:00,8.6
02/20/06 12:00,9.9
02/20/06 13:00,8.1
02/20/06 14:00,20.5
02/20/06 15:00,9.2
02/20/06 16:00,13.4
02/20/06 17:00,0.2
02/20/06 18:00,0.0
02/20/06 19:00,0.0
02/20/06 20:00,0.0
02/20/06 21:00,0.0
02/20/06 22:00,0.0
02/20/06 23:00,0.0
02/21/06 00:00,0.0
02/21/06 01:00,0.0
02/21/06 02:00,0.0
02/21/06 03:00,0.0
02/21/06 04:00,0.0
02/21/06 05:00,0.0
02/21/06 06:00,0.0
02/21/06 07:00,9.8
02/21/06 08:00,31.6
02/21/06 09:00,1.6
02/21/06 10:00,77.6
02/21/06 11:00,48.0
02/21/06 12:00,67.0
02/21/06 13:00,84.8
02/21/06 14:00,73.9
02/21/06 15:00,54.3
02/21/06 16:00,25.7
02/21/06 17:00,0.1
02/21/06 18:00,0.0
02/21/06 19:00,0.0
02/21/06 20:00,0.0
02/21/06 21:00,0.0
02/21/06 22:00,0.0
02/21/06 23:00,0.0
02/22/06 00:00,0.0
02/22/06 01:00,0.0
02/22/06 02:00,0.0
02/22/06 03:00,0.0
02/22/06 04:00,0.0
02/22/06 05:00,0.0
02/22/06 06:00,0.0
02/22/06 07:00,6.8
02/22/06 08:00,45.1
02/22/06 09:00,35.1
02/22/06 10:00,77.2
02/22/06 11:00,54.4
02/22/06 12:00,29.6
02/22/06 13:00,68.0
02/22/06 14:00,16.3
02/22/06 15:00,6.1
02/22/06 16:00,7.9
02/22/06 17:00,0.1
02/22/06 18:00,0.0
02/22/06 19:00,0.0
02/22/06 20:00,0.0
02/22/06 21:00,0.0
02/22/06 22:00,0.0
02/22/06 23:00,0.0
02/23/06 00:00,0.0
02/23/06 01:00,0.0
02/23/06 02:00,0.0
02/23/06 03:00,0.0
02/23/06 04:00,0.0
02/23/06 05:00,0.0
02/23/06 06:00,0.0
02/23/06 07:00,11.1
02/23/06 08:00,44.3
02/23/06 09:00,40.2
02/23/06 10:00,79.2
02/23/06 11:00,89.2
02/23/06 12:00,88.6
02/23/06 13:00,69.6
02/23/06 14:00,68.5
02/23/06 15:00,27.0
02/23/06 16:00,21.2
02/23/06 17:00,0.2
02/23/06 18:00,0.0
02/23/06 19:00,0.0
02/23/06 20:00,0.0
02/23/06 21:00,0.0
02/23/06 22:00,0.0
02/23/06 23:00,0.0
02/24/06 00:00,0.0
02/24/06 01:00,0.0
02/24/06 02:00,0.0
02/24/06 03:00,0.0
02/24/06 04:00,0.0
02/24/06 05:00,0.0
02/24/06 06:00,0.0
02/24/06 07:00,11.5
02/24/06 08:00,46.8
02/24/06 09:00,72.0
02/24/06 10:00,83.3
02/24/06 11:00,88.7
02/24/06 12:00,89.5
02/24/06 13:00,82.6
02/24/06 14:00,72.6
02/24/06 15:00,52.0
02/24/06 16:00,25.3
02/24/06 17:00,0.3
02/24/06 18:00,0.0
02/24/06 19:00,0.0
02/24/06 20:00,0.0
02/24/06 21:00,0.0
02/24/06 22:00,0.0
02/24/06 23:00,0.0
02/25/06 00:00,0.0
02/25/06 01:00,0.0
02/25/06 02:00,0.0
02/25/06 03:00,0.0
02/25/06 04:00,0.0
02/25/06 05:00,0.0
02/25/06 06:00,0.0
02/25/06 07:00,10.8
02/25/06 08:00,44.6
02/25/06 09:00,63.0
02/25/06 10:00,42.3
02/25/06 11:00,41.8
02/25/06 12:00,22.7
02/25/06 13:00,23.3
02/25/06 14:00,38.1
02/25/06 15:00,15.7
02/25/06 16:00,10.9
02/25/06 17:00,0.0
02/25/06 18:00,0.0
02/25/06 19:00,0.0
02/25/06 20:00,0.0
02/25/06 21:00,0.0
02/25/06 22:00,0.0
02/25/06 23:00,0.0
02/26/06 00:00,0.0
02/26/06 01:00,0.0
02/26/06 02:00,0.0
02/26/06 03:00,0.0
02/26/06 04:00,0.0
02/26/06 05:00,0.0
02/26/06 06:00,0.0
02/26/06 07:00,2.3
02/26/06 08:00,25.0
02/26/06 09:00,31.7
02/26/06 10:00,83.5
02/26/06 11:00,93.6
02/26/06 12:00,92.8
02/26/06 13:00,80.2
02/26/06 14:00,71.9
02/26/06 15:00,52.9
02/26/06 16:00,26.6
02/26/06 17:00,1.4
02/26/06 18:00,0.0
02/26/06 19:00,0.0
02/26/06 20:00,0.0
02/26/06 21:00,0.0
02/26/06 22:00,0.0
02/26/06 23:00,0.0
02/27/06 00:00,0.0
02/27/06 01:00,0.0
02/27/06 02:00,0.0
02/27/06 03:00,0.0
02/27/06 04:00,0.0
02/27/06 05:00,0.0
02/27/06 06:00,0.0
02/27/06 07:00,12.4
02/27/06 08:00,47.6
02/27/06 09:00,71.6
02/27/06 10:00,59.9
02/27/06 11:00,88.2
02/27/06 12:00,87.3
02/27/06 13:00,75.5
02/27/06 14:00,70.9
02/27/06 15:00,51.2
02/27/06 16:00,25.8
02/27/06 17:00,0.7
02/27/06 18:00,0.0
02/27/06 19:00,0.0
02/27/06 20:00,0.0
02/27/06 21:00,0.0
02/27/06 22:00,0.0
02/27/06 23:00,0.0
02/28/06 00:00,0.0
02/28/06 01:00,0.0
02/28/06 02:00,0.0
02/28/06 03:00,0.0
02/28/06 04:00,0.0
02/28/06 05:00,0.0
02/28/06 06:00,0.0
02/28/06 07:00,12.6
02/28/06 08:00,32.7
02/28/06 09:00,61.5
02/28/06 10:00,78.5
02/28/06 11:00,84.6
02/28/06 12:00,79.2
02/28/06 13:00,62.3
02/28/06 14:00,68.8
02/28/06 15:00,41.9
02/28/06 16:00,22.0
02/28/06 17:00,0.1
02/28/06 18:00,0.0
02/28/06 19:00,0.0
02/28/06 20:00,0.0
02/28/06 21:00,0.0
02/28/06 22:00,0.0
02/28/06 23:00,0.0
03/01/06 00:00,0.0
03/01/06 01:00,0.0
03/01/06 02:00,0.0
03/01/06 03:00,0.0
03/01/06 04:00,0.0
03/01/06 05:00,0.0
03/01/06 06:00,0.0
03/01/06 07:00,12.7
03/01/06 08:00,44.5
03/01/06 09:00,64.7
03/01/06 10:00,53.7
03/01/06 11:00,78.6
03/01/06 12:00,79.0
03/01/06 13:00,61.3
03/01/06 14:00,53.2
03/01/06 15:00,11.2
03/01/06 16:00,14.3
03/01/06 17:00,0.0
03/01/06 18:00,0.0
03/01/06 19:00,0.0
03/01/06 20:00,0.0
03/01/06 21:00,0.0
03/01/06 22:00,0.0
03/01/06 23:00,0.0
03/02/06 00:00,0.0
03/02/06 01:00,0.0
03/02/06 02:00,0.0
03/02/06 03:00,0.0
03/02/06 04:00,0.0
03/02/06 05:00,0.0
03/02/06 06:00,0.0
03/02/06 07:00,8.9
03/02/06 08:00,31.9
03/02/06 09:00,62.6
03/02/06 10:00,82.8
03/02/06 11:00,84.6
03/02/06 12:00,82.6
03/02/06 13:00,36.3
03/02/06 14:00,63.6
03/02/06 15:00,49.2
03/02/06 16:00,24.7
03/02/06 17:00,1.3
03/02/06 18:00,0.0
03/02/06 19:00,0.0
03/02/06 20:00,0.0
03/02/06 21:00,0.0
03/02/06 22:00,0.0
03/02/06 23:00,0.0
03/03/06 00:00,0.0
03/03/06 01:00,0.0
03/03/06 02:00,0.0
03/03/06 03:00,0.0
03/03/06 04:00,0.0
03/03/06 05:00,0.0
03/03/06 06:00,0.0
03/03/06 07:00,13.8
03/03/06 08:00,49.2
03/03/06 09:00,68.8
03/03/06 10:00,81.9
03/03/06 11:00,29.2
03/03/06 12:00,36.0
03/03/06 13:00,70.7
03/03/06 14:00,68.9
03/03/06 15:00,51.6
03/03/06 16:00,26.5
03/03/06 17:00,1.8
03/03/06 18:00,0.0
03/03/06 19:00,0.0
03/03/06 20:00,0.0
03/03/06 21:00,0.0
03/03/06 22:00,0.0
03/03/06 23:00,0.0
03/04/06 00:00,0.0
03/04/06 01:00,0.0
03/04/06 02:00,0.0
03/04/06 03:00,0.0
03/04/06 04:00,0.0
03/04/06 05:00,0.0
03/04/06 06:00,0.0
03/04/06 07:00,15.3
03/04/06 08:00,43.7
03/04/06 09:00,20.2
03/04/06 10:00,82.0
03/04/06 11:00,81.7
03/04/06 12:00,79.5
03/04/06 13:00,70.3
03/04/06 14:00,10.9
03/04/06 15:00,1.5
03/04/06 16:00,0.8
03/04/06 17:00,0.0
03/04/06 18:00,0.0
03/04/06 19:00,0.0
03/04/06 20:00,0.0
03/04/06 21:00,0.0
03/04/06 22:00,0.0
03/04/06 23:00,0.0
03/05/06 00:00,0.0
03/05/06 01:00,0.0
03/05/06 02:00,0.0
03/05/06 03:00,0.0
03/05/06 04:00,0.0
03/05/06 05:00,0.0
03/05/06 06:00,0.0
03/05/06 07:00,14.7
03/05/06 08:00,48.5
03/05/06 09:00,64.1
03/05/06 10:00,39.3
03/05/06 11:00,16.6
03/05/06 12:00,11.7
03/05/06 13:00,57.3
03/05/06 14:00,12.8
03/05/06 15:00,1.5
03/05/06 16:00,2.3
03/05/06 17:00,0.1
03/05/06 18:00,0.0
03/05/06 19:00,0.0
03/05/06 20:00,0.0
03/05/06 21:00,0.0
03/05/06 22:00,0.0
03/05/06 23:00,0.0
03/06/06 00:00,0.0
03/06/06 01:00,0.0
03/06/06 02:00,0.0
03/06/06 03:00,0.0
03/06/06 04:00,0.0
03/06/06 05:00,0.0
03/06/06 06:00,0.0
03/06/06 07:00,0.0
03/06/06 08:00,22.3
03/06/06 09:00,10.5
03/06/06 10:00,79.1
03/06/06 11:00,76.9
03/06/06 12:00,88.7
03/06/06 13:00,82.9
03/06/06 14:00,71.8
03/06/06 15:00,54.2
03/06/06 16:00,26.5
03/06/06 17:00,3.3
03/06/06 18:00,0.0
03/06/06 19:00,0.0
03/06/06 20:00,0.0
03/06/06 21:00,0.0
03/06/06 22:00,0.0
03/06/06 23:00,0.0
03/07/06 00:00,0.0
03/07/06 01:00,0.0
03/07/06 02:00,0.0
03/07/06 03:00,0.0
03/07/06 04:00,0.0
03/07/06 05:00,0.0
03/07/06 06:00,0.0
03/07/06 07:00,17.7
03/07/06 08:00,49.6
03/07/06 09:00,59.8
03/07/06 10:00,83.9
03/07/06 11:00,89.9
03/07/06 12:00,89.3
03/07/06 13:00,75.3
03/07/06 14:00,55.6
03/07/06 15:00,32.3
03/07/06 16:00,24.9
03/07/06 17:00,3.4
03/07/06 18:00,0.0
03/07/06 19:00,0.0
03/07/06 20:00,0.0
03/07/06 21:00,0.0
03/07/06 22:00,0.0
03/07/06 23:00,0.0
03/08/06 00:00,0.0
03/08/06 01:00,0.0
03/08/06 02:00,0.0
03/08/06 03:00,0.0
03/08/06 04:00,0.0
03/08/06 05:00,0.0
03/08/06 06:00,0.0
03/08/06 07:00,15.7
03/08/06 08:00,48.8
03/08/06 09:00,66.7
03/08/06 10:00,13.7
03/08/06 11:00,12.8
03/08/06 12:00,36.6
03/08/06 13:00,27.1
03/08/06 14:00,4.8
03/08/06 15:00,1.5
03/08/06 16:00,3.9
03/08/06 17:00,0.0
03/08/06 18:00,0.0
03/08/06 19:00,0.0
03/08/06 20:00,0.0
03/08/06 21:00,0.0
03/08/06 22:00,0.0
03/08/06 23:00,0.0
03/09/06 00:00,0.0
03/09/06 01:00,0.0
03/09/06 02:00,0.0
03/09/06 03:00,0.0
03/09/06 04:00,0.0
03/09/06 05:00,0.0
03/09/06 06:00,0.0
03/09/06 07:00,0.0
03/09/06 08:00,1.3
03/09/06 09:00,4.6
03/09/06 10:00,8.3
03/09/06 11:00,22.3
03/09/06 12:00,11.8
03/09/06 13:00,10.4
03/09/06 14:00,5.2
03/09/06 15:00,1.6
03/09/06 16:00,0.2
03/09/06 17:00,0.0
03/09/06 18:00,0.0
03/09/06 19:00,0.0
03/09/06 20:00,0.0
03/09/06 21:00,0.0
03/09/06 22:00,0.0
03/09/06 23:00,0.0
03/10/06 00:00,0.0
03/10/06 01:00,0.0
03/10/06 02:00,0.0
03/10/06 03:00,0.0
03/10/06 04:00,0.0
03/10/06 05:00,0.0
03/10/06 06:00,0.0
03/10/06 07:00,0.0
03/10/06 08:00,0.6
03/10/06 09:00,15.6
03/10/06 10:00,81.3
03/10/06 11:00,87.0
03/10/06 12:00,86.1
03/10/06 13:00,82.8
03/10/06 14:00,70.6
03/10/06 15:00,51.2
03/10/06 16:00,24.6
03/10/06 17:00,3.8
03/10/06 18:00,0.0
03/10/06 19:00,0.0
03/10/06 20:00,0.0
03/10/06 21:00,0.0
03/10/06 22:00,0.0
03/10/06 23:00,0.0
03/11/06 00:00,0.0
03/11/06 01:00,0.0
03/11/06 02:00,0.0
03/11/06 03:00,0.0
03/11/06 04:00,0.0
03/11/06 05:00,0.0
03/11/06 06:00,0.0
03/11/06 07:00,16.5
03/11/06 08:00,48.0
03/11/06 09:00,68.1
03/11/06 10:00,43.7
03/11/06 11:00,21.1
03/11/06 12:00,31.0
03/11/06 13:00,24.7
03/11/06 14:00,46.5
03/11/06 15:00,30.7
03/11/06 16:00,26.3
03/11/06 17:00,4.0
03/11/06 18:00,0.0
03/11/06 19:00,0.0
03/11/06 20:00,0.0
03/11/06 21:00,0.0
03/11/06 22:00,0.0
03/11/06 23:00,0.0
03/12/06 00:00,0.0
03/12/06 01:00,0.0
03/12/06 02:00,0.0
03/12/06 03:00,0.0
03/12/06 04:00,0.0
03/12/06 05:00,0.0
03/12/06 06:00,0.0
03/12/06 07:00,13.7
03/12/06 08:00,23.4
03/12/06 09:00,14.4
03/12/06 10:00,8.7
03/12/06 11:00,11.7
03/12/06 12:00,16.4
03/12/06 13:00,13.5
03/12/06 14:00,46.3
03/12/06 15:00,25.3
03/12/06 16:00,4.8
03/12/06 17:00,0.1
03/12/06 18:00,0.0
03/12/06 19:00,0.0
03/12/06 20:00,0.0
03/12/06 21:00,0.0
03/12/06 22:00,0.0
03/12/06 23:00,0.0
03/13/06 00:00,0.0
03/13/06 01:00,0.0
03/13/06 02:00,0.0
03/13/06 03:00,0.0
03/13/06 04:00,0.0
03/13/06 05:00,0.0
03/13/06 06:00,0.0
03/13/06 07:00,0.0
03/13/06 08:00,0.5
03/13/06 09:00,3.7
03/13/06 10:00,51.0
03/13/06 11:00,43.7
03/13/06 12:00,38.8
03/13/06 13:00,74.6
03/13/06 14:00,54.9
03/13/06 15:00,13.7
03/13/06 16:00,7.1
03/13/06 17:00,3.5
03/13/06 18:00,0.0
03/13/06 19:00,0.0
03/13/06 20:00,0.0
03/13/06 21:00,0.0
03/13/06 22:00,0.0
03/13/06 23:00,0.0
03/14/06 00:00,0.0
03/14/06 01:00,0.0
03/14/06 02:00,0.0
03/14/06 03:00,0.0
03/14/06 04:00,0.0
03/14/06 05:00,0.0
03/14/06 06:00,0.0
03/14/06 07:00,0.9
03/14/06 08:00,32.3
03/14/06 09:00,34.6
03/14/06 10:00,85.8
03/14/06 11:00,93.5
03/14/06 12:00,91.6
03/14/06 13:00,84.8
03/14/06 14:00,75.8
03/14/06 15:00,56.2
03/14/06 16:00,29.9
03/14/06 17:00,5.2
03/14/06 18:00,0.0
03/14/06 19:00,0.0
03/14/06 20:00,0.0
03/14/06 21:00,0.0
03/14/06 22:00,0.0
03/14/06 23:00,0.0
03/15/06 00:00,0.0
03/15/06 01:00,0.0
03/15/06 02:00,0.0
03/15/06 03:00,0.0
03/15/06 04:00,0.0
03/15/06 05:00,0.0
03/15/06 06:00,0.0
03/15/06 07:00,21.0
03/15/06 08:00,55.0
03/15/06 09:00,70.8
03/15/06 10:00,82.3
03/15/06 11:00,83.9
03/15/06 12:00,83.7
03/15/06 13:00,78.8
03/15/06 14:00,66.0
03/15/06 15:00,50.0
03/15/06 16:00,27.9
03/15/06 17:00,4.1
03/15/06 18:00,0.0
03/15/06 19:00,0.0
03/15/06 20:00,0.0
03/15/06 21:00,0.0
03/15/06 22:00,0.0
03/15/06 23:00,0.0
03/16/06 00:00,0.0
03/16/06 01:00,0.0
03/16/06 02:00,0.0
03/16/06 03:00,0.0
03/16/06 04:00,0.0
03/16/06 05:00,0.0
03/16/06 06:00,0.0
03/16/06 07:00,19.3
03/16/06 08:00,50.2
03/16/06 09:00,30.5
03/16/06 10:00,61.8
03/16/06 11:00,91.9
03/16/06 12:00,92.9
03/16/06 13:00,84.3
03/16/06 14:00,72.0
03/16/06 15:00,53.2
03/16/06 16:00,27.9
03/16/06 17:00,4.9
03/16/06 18:00,0.0
03/16/06 19:00,0.0
03/16/06 20:00,0.0
03/16/06 21:00,0.0
03/16/06 22:00,0.0
03/16/06 23:00,0.0
03/17/06 00:00,0.0
03/17/06 01:00,0.0
03/17/06 02:00,0.0
03/17/06 03:00,0.0
03/17/06 04:00,0.0
03/17/06 05:00,0.0
03/17/06 06:00,0.0
03/17/06 07:00,2.4
03/17/06 08:00,36.7
03/17/06 09:00,33.6
03/17/06 10:00,31.4
03/17/06 11:00,26.7
03/17/06 12:00,25.7
03/17/06 13:00,27.1
03/17/06 14:00,16.2
03/17/06 15:00,32.5
03/17/06 16:00,5.8
03/17/06 17:00,0.1
03/17/06 18:00,0.0
03/17/06 19:00,0.0
03/17/06 20:00,0.0
03/17/06 21:00,0.0
03/17/06 22:00,0.0
03/17/06 23:00,0.0
03/18/06 00:00,0.0
03/18/06 01:00,0.0
03/18/06 02:00,0.0
03/18/06 03:00,0.0
03/18/06 04:00,0.0
03/18/06 05:00,0.0
03/18/06 06:00,0.0
03/18/06 07:00,6.3
03/18/06 08:00,16.0
03/18/06 09:00,75.2
03/18/06 10:00,93.9
03/18/06 11:00,49.0
03/18/06 12:00,86.0
03/18/06 13:00,82.7
03/18/06 14:00,71.0
03/18/06 15:00,46.0
03/18/06 16:00,29.4
03/18/06 17:00,1.6
03/18/06 18:00,0.0
03/18/06 19:00,0.0
03/18/06 20:00,0.0
03/18/06 21:00,0.0
03/18/06 22:00,0.0
03/18/06 23:00,0.0
03/19/06 00:00,0.0
03/19/06 01:00,0.0
03/19/06 02:00,0.0
03/19/06 03:00,0.0
03/19/06 04:00,0.0
03/19/06 05:00,0.0
03/19/06 06:00,0.0
03/19/06 07:00,22.0
03/19/06 08:00,54.8
03/19/06 09:00,17.1
03/19/06 10:00,13.0
03/19/06 11:00,14.6
03/19/06 12:00,13.0
03/19/06 13:00,12.7
03/19/06 14:00,12.1
03/19/06 15:00,8.0
03/19/06 16:00,0.8
03/19/06 17:00,0.0
03/19/06 18:00,0.0
03/19/06 19:00,0.0
03/19/06 20:00,0.0
03/19/06 21:00,0.0
03/19/06 22:00,0.0
03/19/06 23:00,0.0
03/20/06 00:00,0.0
03/20/06 01:00,0.0
03/20/06 02:00,0.0
03/20/06 03:00,0.0
03/20/06 04:00,0.0
03/20/06 05:00,0.0
03/20/06 06:00,0.0
03/20/06 07:00,0.3
03/20/06 08:00,1.5
03/20/06 09:00,10.2
03/20/06 10:00,13.1
03/20/06 11:00,12.6
03/20/06 12:00,13.2
03/20/06 13:00,12.2
03/20/06 14:00,7.5
03/20/06 15:00,2.5
03/20/06 16:00,0.3
03/20/06 17:00,0.0
03/20/06 18:00,0.0
03/20/06 19:00,0.0
03/20/06 20:00,0.0
03/20/06 21:00,0.0
03/20/06 22:00,0.0
03/20/06 23:00,0.0
03/21/06 00:00,0.0
03/21/06 01:00,0.0
03/21/06 02:00,0.0
03/21/06 03:00,0.0
03/21/06 04:00,0.0
03/21/06 05:00,0.0
03/21/06 06:00,0.0
03/21/06 07:00,0.1
03/21/06 08:00,1.5
03/21/06 09:00,18.3
03/21/06 10:00,27.2
03/21/06 11:00,15.8
03/21/06 12:00,13.3
03/21/06 13:00,12.3
03/21/06 14:00,7.6
03/21/06 15:00,2.6
03/21/06 16:00,1.2
03/21/06 17:00,0.0
03/21/06 18:00,0.0
03/21/06 19:00,0.0
03/21/06 20:00,0.0
03/21/06 21:00,0.0
03/21/06 22:00,0.0
03/21/06 23:00,0.0
03/22/06 00:00,0.0
03/22/06 01:00,0.0
03/22/06 02:00,0.0
03/22/06 03:00,0.0
03/22/06 04:00,0.0
03/22/06 05:00,0.0
03/22/06 06:00,0.0
03/22/06 07:00,0.8
03/22/06 08:00,14.3
03/22/06 09:00,75.0
03/22/06 10:00,95.6
03/22/06 11:00,94.4
03/22/06 12:00,91.6
03/22/06 13:00,89.0
03/22/06 14:00,71.7
03/22/06 15:00,58.1
03/22/06 16:00,31.4
03/22/06 17:00,10.5
03/22/06 18:00,0.0
03/22/06 19:00,0.0
03/22/06 20:00,0.0
03/22/06 21:00,0.0
03/22/06 22:00,0.0
03/22/06 23:00,0.0
03/23/06 00:00,0.0
03/23/06 01:00,0.0
03/23/06 02:00,0.0
03/23/06 03:00,0.0
03/23/06 04:00,0.0
03/23/06 05:00,0.0
03/23/06 06:00,0.0
03/23/06 07:00,26.7
03/23/06 08:00,55.9
03/23/06 09:00,29.3
03/23/06 10:00,36.8
03/23/06 11:00,40.7
03/23/06 12:00,63.8
03/23/06 13:00,29.3
03/23/06 14:00,22.6
03/23/06 15:00,27.5
03/23/06 16:00,21.1
03/23/06 17:00,1.8
03/23/06 18:00,0.0
03/23/06 19:00,0.0
03/23/06 20:00,0.0
03/23/06 21:00,0.0
03/23/06 22:00,0.0
03/23/06 23:00,0.0
03/24/06 00:00,0.0
03/24/06 01:00,0.0
03/24/06 02:00,0.0
03/24/06 03:00,0.0
03/24/06 04:00,0.0
03/24/06 05:00,0.0
03/24/06 06:00,0.0
03/24/06 07:00,8.5
03/24/06 08:00,22.4
03/24/06 09:00,75.1
03/24/06 10:00,88.3
03/24/06 11:00,97.0
03/24/06 12:00,84.6
03/24/06 13:00,33.2
03/24/06 14:00,13.0
03/24/06 15:00,12.8
03/24/06 16:00,2.9
03/24/06 17:00,0.0
03/24/06 18:00,0.0
03/24/06 19:00,0.0
03/24/06 20:00,0.0
03/24/06 21:00,0.0
03/24/06 22:00,0.0
03/24/06 23:00,0.0
03/25/06 00:00,0.0
03/25/06 01:00,0.0
03/25/06 02:00,0.0
03/25/06 03:00,0.0
03/25/06 04:00,0.0
03/25/06 05:00,0.0
03/25/06 06:00,0.0
03/25/06 07:00,27.0
03/25/06 08:00,56.3
03/25/06 09:00,77.9
03/25/06 10:00,92.5
03/25/06 11:00,93.6
03/25/06 12:00,16.0
03/25/06 13:00,56.4
03/25/06 14:00,53.3
03/25/06 15:00,13.9
03/25/06 16:00,7.1
03/25/06 17:00,4.1
03/25/06 18:00,0.0
03/25/06 19:00,0.0
03/25/06 20:00,0.0
03/25/06 21:00,0.0
03/25/06 22:00,0.0
03/25/06 23:00,0.0
03/26/06 00:00,0.0
03/26/06 01:00,0.0
03/26/06 02:00,0.0
03/26/06 03:00,0.0
03/26/06 04:00,0.0
03/26/06 05:00,0.0
03/26/06 06:00,0.0
03/26/06 07:00,30.4
03/26/06 08:00,57.6
03/26/06 09:00,73.3
03/26/06 10:00,83.3
03/26/06 11:00,86.1
03/26/06 12:00,92.4
03/26/06 13:00,82.6
03/26/06 14:00,73.5
03/26/06 15:00,54.3
03/26/06 16:00,28.4
03/26/06 17:00,10.8
03/26/06 18:00,0.0
03/26/06 19:00,0.0
03/26/06 20:00,0.0
03/26/06 21:00,0.0
03/26/06 22:00,0.0
03/26/06 23:00,0.0
03/27/06 00:00,0.0
03/27/06 01:00,0.0
03/27/06 02:00,0.0
03/27/06 03:00,0.0
03/27/06 04:00,0.0
03/27/06 05:00,0.0
03/27/06 06:00,0.0
03/27/06 07:00,31.8
03/27/06 08:00,60.4
03/27/06 09:00,78.0
03/27/06 10:00,72.8
03/27/06 11:00,87.1
03/27/06 12:00,14.6
03/27/06 13:00,12.1
03/27/06 14:00,8.1
03/27/06 15:00,2.8
03/27/06 16:00,0.4
03/27/06 17:00,0.0
03/27/06 18:00,0.0
03/27/06 19:00,0.0
03/27/06 20:00,0.0
03/27/06 21:00,0.0
03/27/06 22:00,0.0
03/27/06 23:00,0.0
03/28/06 00:00,0.0
03/28/06 01:00,0.0
03/28/06 02:00,0.0
03/28/06 03:00,0.0
03/28/06 04:00,0.0
03/28/06 05:00,0.0
03/28/06 06:00,0.1
03/28/06 07:00,30.2
03/28/06 08:00,44.6
03/28/06 09:00,75.9
03/28/06 10:00,88.3
03/28/06 11:00,92.3
03/28/06 12:00,91.4
03/28/06 13:00,79.5
03/28/06 14:00,65.4
03/28/06 15:00,51.9
03/28/06 16:00,26.4
03/28/06 17:00,7.6
03/28/06 18:00,0.0
03/28/06 19:00,0.0
03/28/06 20:00,0.0
03/28/06 21:00,0.0
03/28/06 22:00,0.0
03/28/06 23:00,0.0
03/29/06 00:00,0.0
03/29/06 01:00,0.0
03/29/06 02:00,0.0
03/29/06 03:00,0.0
03/29/06 04:00,0.0
03/29/06 05:00,0.0
03/29/06 06:00,0.0
03/29/06 07:00,30.6
03/29/06 08:00,56.7
03/29/06 09:00,71.8
03/29/06 10:00,83.3
03/29/06 11:00,88.5
03/29/06 12:00,86.0
03/29/06 13:00,80.3
03/29/06 14:00,67.2
03/29/06 15:00,51.4
03/29/06 16:00,29.1
03/29/06 17:00,7.5
03/29/06 18:00,0.0
03/29/06 19:00,0.0
03/29/06 20:00,0.0
03/29/06 21:00,0.0
03/29/06 22:00,0.0
03/29/06 23:00,0.0
03/30/06 00:00,0.0
03/30/06 01:00,0.0
03/30/06 02:00,0.0
03/30/06 03:00,0.0
03/30/06 04:00,0.0
03/30/06 05:00,0.0
03/30/06 06:00,0.1
03/30/06 07:00,30.1
03/30/06 08:00,56.5
03/30/06 09:00,31.8
03/30/06 10:00,26.8
03/30/06 11:00,20.1
03/30/06 12:00,29.2
03/30/06 13:00,42.4
03/30/06 14:00,64.2
03/30/06 15:00,52.5
03/30/06 16:00,27.8
03/30/06 17:00,6.2
03/30/06 18:00,0.0
03/30/06 19:00,0.0
03/30/06 20:00,0.0
03/30/06 21:00,0.0
03/30/06 22:00,0.0
03/30/06 23:00,0.0
03/31/06 00:00,0.0
03/31/06 01:00,0.0
03/31/06 02:00,0.0
03/31/06 03:00,0.0
03/31/06 04:00,0.0
03/31/06 05:00,0.0
03/31/06 06:00,0.0
03/31/06 07:00,7.4
03/31/06 08:00,14.2
03/31/06 09:00,21.3
03/31/06 10:00,27.9
03/31/06 11:00,49.6
03/31/06 12:00,72.7
03/31/06 13:00,65.6
03/31/06 14:00,58.9
03/31/06 15:00,30.5
03/31/06 16:00,29.7
03/31/06 17:00,10.8
03/31/06 18:00,0.0
03/31/06 19:00,0.0
03/31/06 20:00,0.0
03/31/06 21:00,0.0
03/31/06 22:00,0.0
03/31/06 23:00,0.0
04/01/06 00:00,0.0
04/01/06 01:00,0.0
04/01/06 02:00,0.0
04/01/06 03:00,0.0
04/01/06 04:00,0.0
04/01/06 05:00,0.0
04/01/06 06:00,0.0
04/01/06 07:00,3.0
04/01/06 08:00,16.3
04/01/06 09:00,73.5
04/01/06 10:00,85.1
04/01/06 11:00,89.3
04/01/06 12:00,82.2
04/01/06 13:00,77.1
04/01/06 14:00,67.3
04/01/06 15:00,50.6
04/01/06 16:00,29.3
04/01/06 17:00,11.1
04/01/06 18:00,0.0
04/01/06 19:00,0.0
04/01/06 20:00,0.0
04/01/06 21:00,0.0
04/01/06 22:00,0.0
04/01/06 23:00,0.0
04/02/06 00:00,0.0
04/02/06 01:00,0.0
04/02/06 02:00,0.0
04/02/06 03:00,0.0
04/02/06 04:00,0.0
04/02/06 05:00,0.0
04/02/06 06:00,0.0
04/02/06 07:00,28.4
04/02/06 08:00,52.6
04/02/06 09:00,40.5
04/02/06 10:00,50.1
04/02/06 11:00,44.9
04/02/06 12:00,57.2
04/02/06 13:00,34.6
04/02/06 14:00,11.9
04/02/06 15:00,11.6
04/02/06 16:00,0.8
04/02/06 17:00,0.2
04/02/06 18:00,0.0
04/02/06 19:00,0.0
04/02/06 20:00,0.0
04/02/06 21:00,0.0
04/02/06 22:00,0.0
04/02/06 23:00,0.0
04/03/06 00:00,0.0
04/03/06 01:00,0.0
04/03/06 02:00,0.0
04/03/06 03:00,0.0
04/03/06 04:00,0.0
04/03/06 05:00,0.0
04/03/06 06:00,0.0
04/03/06 07:00,15.7
04/03/06 08:00,30.5
04/03/06 09:00,45.4
04/03/06 10:00,69.3
04/03/06 11:00,35.0
04/03/06 12:00,21.1
04/03/06 13:00,29.1
04/03/06 14:00,64.1
04/03/06 15:00,43.2
04/03/06 16:00,31.1
04/03/06 17:00,11.5
04/03/06 18:00,0.0
04/03/06 19:00,0.0
04/03/06 20:00,0.0
04/03/06 21:00,0.0
04/03/06 22:00,0.0
04/03/06 23:00,0.0
04/04/06 00:00,0.0
04/04/06 01:00,0.0
04/04/06 02:00,0.0
04/04/06 03:00,0.0
04/04/06 04:00,0.0
04/04/06 05:00,0.0
04/04/06 06:00,0.8
04/04/06 07:00,18.6
04/04/06 08:00,43.6
04/04/06 09:00,73.6
04/04/06 10:00,87.4
04/04/06 11:00,90.5
04/04/06 12:00,86.1
04/04/06 13:00,83.5
04/04/06 14:00,68.4
04/04/06 15:00,52.8
04/04/06 16:00,30.8
04/04/06 17:00,11.4
04/04/06 18:00,0.0
04/04/06 19:00,0.0
04/04/06 20:00,0.0
04/04/06 21:00,0.0
04/04/06 22:00,0.0
04/04/06 23:00,0.0
04/05/06 00:00,0.0
04/05/06 01:00,0.0
04/05/06 02:00,0.0
04/05/06 03:00,0.0
04/05/06 04:00,0.0
04/05/06 05:00,0.0
04/05/06 06:00,0.9
04/05/06 07:00,32.8
04/05/06 08:00,58.4
04/05/06 09:00,72.3
04/05/06 10:00,84.9
04/05/06 11:00,58.5
04/05/06 12:00,84.7
04/05/06 13:00,75.7
04/05/06 14:00,67.8
04/05/06 15:00,52.4
04/05/06 16:00,26.0
04/05/06 17:00,9.0
04/05/06 18:00,0.0
04/05/06 19:00,0.0
04/05/06 20:00,0.0
04/05/06 21:00,0.0
04/05/06 22:00,0.0
04/05/06 23:00,0.0
04/06/06 00:00,0.0
04/06/06 01:00,0.0
04/06/06 02:00,0.0
04/06/06 03:00,0.0
04/06/06 04:00,0.0
04/06/06 05:00,0.0
04/06/06 06:00,0.9
04/06/06 07:00,32.1
04/06/06 08:00,57.7
04/06/06 09:00,48.2
04/06/06 10:00,80.5
04/06/06 11:00,39.0
04/06/06 12:00,21.3
04/06/06 13:00,41.8
04/06/06 14:00,50.6
04/06/06 15:00,23.5
04/06/06 16:00,3.5
04/06/06 17:00,0.1
04/06/06 18:00,0.0
04/06/06 19:00,0.0
04/06/06 20:00,0.0
04/06/06 21:00,0.0
04/06/06 22:00,0.0
04/06/06 23:00,0.0
04/07/06 00:00,0.0
04/07/06 01:00,0.0
04/07/06 02:00,0.0
04/07/06 03:00,0.0
04/07/06 04:00,0.0
04/07/06 05:00,0.0
04/07/06 06:00,0.7
04/07/06 07:00,19.0
04/07/06 08:00,55.2
04/07/06 09:00,74.9
04/07/06 10:00,39.2
04/07/06 11:00,75.3
04/07/06 12:00,69.2
04/07/06 13:00,79.3
04/07/06 14:00,69.4
04/07/06 15:00,48.7
04/07/06 16:00,29.5
04/07/06 17:00,9.6
04/07/06 18:00,0.0
04/07/06 19:00,0.0
04/07/06 20:00,0.0
04/07/06 21:00,0.0
04/07/06 22:00,0.0
04/07/06 23:00,0.0
04/08/06 00:00,0.0
04/08/06 01:00,0.0
04/08/06 02:00,0.0
04/08/06 03:00,0.0
04/08/06 04:00,0.0
04/08/06 05:00,0.0
04/08/06 06:00,1.5
04/08/06 07:00,32.3
04/08/06 08:00,25.6
04/08/06 09:00,11.4
04/08/06 10:00,20.5
04/08/06 11:00,25.8
04/08/06 12:00,21.1
04/08/06 13:00,33.1
04/08/06 14:00,51.7
04/08/06 15:00,57.6
04/08/06 16:00,33.3
04/08/06 17:00,11.8
04/08/06 18:00,0.0
04/08/06 19:00,0.0
04/08/06 20:00,0.0
04/08/06 21:00,0.0
04/08/06 22:00,0.0
04/08/06 23:00,0.0
04/09/06 00:00,0.0
04/09/06 01:00,0.0
04/09/06 02:00,0.0
04/09/06 03:00,0.0
04/09/06 04:00,0.0
04/09/06 05:00,0.0
04/09/06 06:00,0.0
04/09/06 07:00,0.4
04/09/06 08:00,12.0
04/09/06 09:00,76.0
04/09/06 10:00,87.6
04/09/06 11:00,89.1
04/09/06 12:00,90.2
04/09/06 13:00,79.2
04/09/06 14:00,68.9
04/09/06 15:00,54.9
04/09/06 16:00,31.7
04/09/06 17:00,11.6
04/09/06 18:00,0.0
04/09/06 19:00,0.0
04/09/06 20:00,0.0
04/09/06 21:00,0.0
04/09/06 22:00,0.0
04/09/06 23:00,0.0
04/10/06 00:00,0.0
04/10/06 01:00,0.0
04/10/06 02:00,0.0
04/10/06 03:00,0.0
04/10/06 04:00,0.0
04/10/06 05:00,0.0
04/10/06 06:00,3.1
04/10/06 07:00,35.1
04/10/06 08:00,58.1
04/10/06 09:00,77.0
04/10/06 10:00,87.6
04/10/06 11:00,92.2
04/10/06 12:00,90.4
04/10/06 13:00,83.0
04/10/06 14:00,70.9
04/10/06 15:00,53.9
04/10/06 16:00,30.6
04/10/06 17:00,11.4
04/10/06 18:00,0.0
04/10/06 19:00,0.0
04/10/06 20:00,0.0
04/10/06 21:00,0.0
04/10/06 22:00,0.0
04/10/06 23:00,0.0
04/11/06 00:00,0.0
04/11/06 01:00,0.0
04/11/06 02:00,0.0
04/11/06 03:00,0.0
04/11/06 04:00,0.0
04/11/06 05:00,0.0
04/11/06 06:00,2.6
04/11/06 07:00,33.7
04/11/06 08:00,60.4
04/11/06 09:00,76.5
04/11/06 10:00,86.9
04/11/06 11:00,82.0
04/11/06 12:00,80.8
04/11/06 13:00,82.3
04/11/06 14:00,71.2
04/11/06 15:00,50.4
04/11/06 16:00,15.3
04/11/06 17:00,4.6
04/11/06 18:00,0.0
04/11/06 19:00,0.0
04/11/06 20:00,0.0
04/11/06 21:00,0.0
04/11/06 22:00,0.0
04/11/06 23:00,0.0
04/12/06 00:00,0.0
04/12/06 01:00,0.0
04/12/06 02:00,0.0
04/12/06 03:00,0.0
04/12/06 04:00,0.0
04/12/06 05:00,0.0
04/12/06 06:00,2.2
04/12/06 07:00,33.4
04/12/06 08:00,55.6
04/12/06 09:00,74.6
04/12/06 10:00,71.8
04/12/06 11:00,82.9
04/12/06 12:00,87.3
04/12/06 13:00,78.3
04/12/06 14:00,68.2
04/12/06 15:00,50.8
04/12/06 16:00,29.8
04/12/06 17:00,11.0
04/12/06 18:00,0.0
04/12/06 19:00,0.0
04/12/06 20:00,0.0
04/12/06 21:00,0.0
04/12/06 22:00,0.0
04/12/06 23:00,0.0
04/13/06 00:00,0.0
04/13/06 01:00,0.0
04/13/06 02:00,0.0
04/13/06 03:00,0.0
04/13/06 04:00,0.0
04/13/06 05:00,0.0
04/13/06 06:00,2.9
04/13/06 07:00,31.4
04/13/06 08:00,43.8
04/13/06 09:00,73.4
04/13/06 10:00,80.8
04/13/06 11:00,82.6
04/13/06 12:00,80.4
04/13/06 13:00,75.6
04/13/06 14:00,67.2
04/13/06 15:00,22.9
04/13/06 16:00,26.1
04/13/06 17:00,9.9
04/13/06 18:00,0.0
04/13/06 19:00,0.0
04/13/06 20:00,0.0
04/13/06 21:00,0.0
04/13/06 22:00,0.0
04/13/06 23:00,0.0
04/14/06 00:00,0.0
04/14/06 01:00,0.0
04/14/06 02:00,0.0
04/14/06 03:00,0.0
04/14/06 04:00,0.0
04/14/06 05:00,0.0
04/14/06 06:00,2.8
04/14/06 07:00,34.6
04/14/06 08:00,54.1
04/14/06 09:00,74.5
04/14/06 10:00,82.0
04/14/06 11:00,82.0
04/14/06 12:00,83.9
04/14/06 13:00,78.1
04/14/06 14:00,66.9
04/14/06 15:00,43.1
04/14/06 16:00,25.2
04/14/06 17:00,10.4
04/14/06 18:00,0.0
04/14/06 19:00,0.0
04/14/06 20:00,0.0
04/14/06 21:00,0.0
04/14/06 22:00,0.0
04/14/06 23:00,0.0
04/15/06 00:00,0.0
04/15/06 01:00,0.0
04/15/06 02:00,0.0
04/15/06 03:00,0.0
04/15/06 04:00,0.0
04/15/06 05:00,0.0
04/15/06 06:00,2.6
04/15/06 07:00,30.4
04/15/06 08:00,54.2
04/15/06 09:00,58.8
04/15/06 10:00,39.2
04/15/06 11:00,23.1
04/15/06 12:00,14.8
04/15/06 13:00,18.6
04/15/06 14:00,12.9
04/15/06 15:00,3.4
04/15/06 16:00,0.7
04/15/06 17:00,4.4
04/15/06 18:00,0.0
04/15/06 19:00,0.0
04/15/06 20:00,0.0
04/15/06 21:00,0.0
04/15/06 22:00,0.0
04/15/06 23:00,0.0
04/16/06 00:00,0.0
04/16/06 01:00,0.0
04/16/06 02:00,0.0
04/16/06 03:00,0.0
04/16/06 04:00,0.0
04/16/06 05:00,0.0
04/16/06 06:00,2.1
04/16/06 07:00,26.6
04/16/06 08:00,24.5
04/16/06 09:00,75.7
04/16/06 10:00,73.6
04/16/06 11:00,49.4
04/16/06 12:00,31.8
04/16/06 13:00,50.6
04/16/06 14:00,59.8
04/16/06 15:00,51.5
04/16/06 16:00,30.3
04/16/06 17:00,11.5
04/16/06 18:00,0.0
04/16/06 19:00,0.0
04/16/06 20:00,0.0
04/16/06 21:00,0.0
04/16/06 22:00,0.0
04/16/06 23:00,0.0
04/17/06 00:00,0.0
04/17/06 01:00,0.0
04/17/06 02:00,0.0
04/17/06 03:00,0.0
04/17/06 04:00,0.0
04/17/06 05:00,0.0
04/17/06 06:00,5.5
04/17/06 07:00,34.7
04/17/06 08:00,49.5
04/17/06 09:00,77.1
04/17/06 10:00,82.9
04/17/06 11:00,88.4
04/17/06 12:00,85.5
04/17/06 13:00,80.2
04/17/06 14:00,69.8
04/17/06 15:00,51.9
04/17/06 16:00,30.5
04/17/06 17:00,11.7
04/17/06 18:00,0.0
04/17/06 19:00,0.0
04/17/06 20:00,0.0
04/17/06 21:00,0.0
04/17/06 22:00,0.0
04/17/06 23:00,0.0
04/18/06 00:00,0.0
04/18/06 01:00,0.0
04/18/06 02:00,0.0
04/18/06 03:00,0.0
04/18/06 04:00,0.0
04/18/06 05:00,0.0
04/18/06 06:00,4.6
04/18/06 07:00,34.3
04/18/06 08:00,55.3
04/18/06 09:00,76.0
04/18/06 10:00,82.0
04/18/06 11:00,87.5
04/18/06 12:00,85.9
04/18/06 13:00,81.6
04/18/06 14:00,69.3
04/18/06 15:00,50.6
04/18/06 16:00,29.7
04/18/06 17:00,11.6
04/18/06 18:00,0.0
04/18/06 19:00,0.0
04/18/06 20:00,0.0
04/18/06 21:00,0.0
04/18/06 22:00,0.0
04/18/06 23:00,0.0
04/19/06 00:00,0.0
04/19/06 01:00,0.0
04/19/06 02:00,0.0
04/19/06 03:00,0.0
04/19/06 04:00,0.0
04/19/06 05:00,0.0
04/19/06 06:00,4.2
04/19/06 07:00,31.9
04/19/06 08:00,53.2
04/19/06 09:00,41.7
04/19/06 10:00,62.7
04/19/06 11:00,82.3
04/19/06 12:00,82.5
04/19/06 13:00,79.9
04/19/06 14:00,68.5
04/19/06 15:00,50.7
04/19/06 16:00,30.8
04/19/06 17:00,11.8
04/19/06 18:00,0.0
04/19/06 19:00,0.0
04/19/06 20:00,0.0
04/19/06 21:00,0.0
04/19/06 22:00,0.0
04/19/06 23:00,0.0
04/20/06 00:00,0.0
04/20/06 01:00,0.0
04/20/06 02:00,0.0
04/20/06 03:00,0.0
04/20/06 04:00,0.0
04/20/06 05:00,0.0
04/20/06 06:00,0.9
04/20/06 07:00,16.7
04/20/06 08:00,43.7
04/20/06 09:00,17.1
04/20/06 10:00,16.5
04/20/06 11:00,13.8
04/20/06 12:00,15.8
04/20/06 13:00,30.1
04/20/06 14:00,20.2
04/20/06 15:00,35.5
04/20/06 16:00,4.0
04/20/06 17:00,0.7
04/20/06 18:00,0.0
04/20/06 19:00,0.0
04/20/06 20:00,0.0
04/20/06 21:00,0.0
04/20/06 22:00,0.0
04/20/06 23:00,0.0
04/21/06 00:00,0.0
04/21/06 01:00,0.0
04/21/06 02:00,0.0
04/21/06 03:00,0.0
04/21/06 04:00,0.0
04/21/06 05:00,0.0
04/21/06 06:00,0.0
04/21/06 07:00,2.5
04/21/06 08:00,9.3
04/21/06 09:00,19.8
04/21/06 10:00,16.1
04/21/06 11:00,15.5
04/21/06 12:00,27.4
04/21/06 13:00,18.9
04/21/06 14:00,19.5
04/21/06 15:00,25.0
04/21/06 16:00,14.4
04/21/06 17:00,11.1
04/21/06 18:00,0.0
04/21/06 19:00,0.0
04/21/06 20:00,0.0
04/21/06 21:00,0.0
04/21/06 22:00,0.0
04/21/06 23:00,0.0
04/22/06 00:00,0.0
04/22/06 01:00,0.0
04/22/06 02:00,0.0
04/22/06 03:00,0.0
04/22/06 04:00,0.0
04/22/06 05:00,0.0
04/22/06 06:00,0.1
04/22/06 07:00,5.1
04/22/06 08:00,7.8
04/22/06 09:00,72.4
04/22/06 10:00,81.1
04/22/06 11:00,87.1
04/22/06 12:00,87.6
04/22/06 13:00,79.2
04/22/06 14:00,69.8
04/22/06 15:00,52.8
04/22/06 16:00,30.4
04/22/06 17:00,11.4
04/22/06 18:00,0.0
04/22/06 19:00,0.0
04/22/06 20:00,0.0
04/22/06 21:00,0.0
04/22/06 22:00,0.0
04/22/06 23:00,0.0
04/23/06 00:00,0.0
04/23/06 01:00,0.0
04/23/06 02:00,0.0
04/23/06 03:00,0.0
04/23/06 04:00,0.0
04/23/06 05:00,0.0
04/23/06 06:00,8.7
04/23/06 07:00,36.0
04/23/06 08:00,57.1
04/23/06 09:00,15.5
04/23/06 10:00,37.3
04/23/06 11:00,88.0
04/23/06 12:00,90.6
04/23/06 13:00,79.6
04/23/06 14:00,67.4
04/23/06 15:00,53.1
04/23/06 16:00,24.2
04/23/06 17:00,10.2
04/23/06 18:00,0.0
04/23/06 19:00,0.0
04/23/06 20:00,0.0
04/23/06 21:00,0.0
04/23/06 22:00,0.0
04/23/06 23:00,0.0
04/24/06 00:00,0.0
04/24/06 01:00,0.0
04/24/06 02:00,0.0
04/24/06 03:00,0.0
04/24/06 04:00,0.0
04/24/06 05:00,0.0
04/24/06 06:00,0.0
04/24/06 07:00,1.9
04/24/06 08:00,23.5
04/24/06 09:00,25.1
04/24/06 10:00,30.7
04/24/06 11:00,13.0
04/24/06 12:00,72.2
04/24/06 13:00,81.8
04/24/06 14:00,62.9
04/24/06 15:00,48.9
04/24/06 16:00,25.7
04/24/06 17:00,6.7
04/24/06 18:00,0.0
04/24/06 19:00,0.0
04/24/06 20:00,0.0
04/24/06 21:00,0.0
04/24/06 22:00,0.0
04/24/06 23:00,0.0
04/25/06 00:00,0.0
04/25/06 01:00,0.0
04/25/06 02:00,0.0
04/25/06 03:00,0.0
04/25/06 04:00,0.0
04/25/06 05:00,0.0
04/25/06 06:00,2.0
04/25/06 07:00,11.3
04/25/06 08:00,19.1
04/25/06 09:00,14.1
04/25/06 10:00,19.5
04/25/06 11:00,19.7
04/25/06 12:00,53.8
04/25/06 13:00,80.0
04/25/06 14:00,57.3
04/25/06 15:00,36.5
04/25/06 16:00,23.6
04/25/06 17:00,3.3
04/25/06 18:00,0.0
04/25/06 19:00,0.0
04/25/06 20:00,0.0
04/25/06 21:00,0.0
04/25/06 22:00,0.0
04/25/06 23:00,0.0
04/26/06 00:00,0.0
04/26/06 01:00,0.0
04/26/06 02:00,0.0
04/26/06 03:00,0.0
04/26/06 04:00,0.0
04/26/06 05:00,0.0
04/26/06 06:00,0.1
04/26/06 07:00,1.5
04/26/06 08:00,12.8
04/26/06 09:00,16.8
04/26/06 10:00,15.7
04/26/06 11:00,20.9
04/26/06 12:00,33.6
04/26/06 13:00,68.2
04/26/06 14:00,47.2
04/26/06 15:00,51.7
04/26/06 16:00,32.9
04/26/06 17:00,13.1
04/26/06 18:00,0.1
04/26/06 19:00,0.0
04/26/06 20:00,0.0
04/26/06 21:00,0.0
04/26/06 22:00,0.0
04/26/06 23:00,0.0
04/27/06 00:00,0.0
04/27/06 01:00,0.0
04/27/06 02:00,0.0
04/27/06 03:00,0.0
04/27/06 04:00,0.0
04/27/06 05:00,0.0
04/27/06 06:00,0.3
04/27/06 07:00,3.3
04/27/06 08:00,6.9
04/27/06 09:00,73.0
04/27/06 10:00,85.0
04/27/06 11:00,84.8
04/27/06 12:00,88.1
04/27/06 13:00,81.9
04/27/06 14:00,70.9
04/27/06 15:00,53.9
04/27/06 16:00,31.0
04/27/06 17:00,12.8
04/27/06 18:00,0.1
04/27/06 19:00,0.0
04/27/06 20:00,0.0
04/27/06 21:00,0.0
04/27/06 22:00,0.0
04/27/06 23:00,0.0
04/28/06 00:00,0.0
04/28/06 01:00,0.0
04/28/06 02:00,0.0
04/28/06 03:00,0.0
04/28/06 04:00,0.0
04/28/06 05:00,0.0
04/28/06 06:00,11.7
04/28/06 07:00,39.0
04/28/06 08:00,56.6
04/28/06 09:00,73.6
04/28/06 10:00,81.0
04/28/06 11:00,88.9
04/28/06 12:00,79.9
04/28/06 13:00,84.0
04/28/06 14:00,66.0
04/28/06 15:00,47.9
04/28/06 16:00,20.0
04/28/06 17:00,7.6
04/28/06 18:00,0.0
04/28/06 19:00,0.0
04/28/06 20:00,0.0
04/28/06 21:00,0.0
04/28/06 22:00,0.0
04/28/06 23:00,0.0
04/29/06 00:00,0.0
04/29/06 01:00,0.0
04/29/06 02:00,0.0
04/29/06 03:00,0.0
04/29/06 04:00,0.0
04/29/06 05:00,0.0
04/29/06 06:00,11.1
04/29/06 07:00,35.2
04/29/06 08:00,7.3
04/29/06 09:00,12.6
04/29/06 10:00,14.8
04/29/06 11:00,13.9
04/29/06 12:00,14.2
04/29/06 13:00,12.9
04/29/06 14:00,14.0
04/29/06 15:00,4.3
04/29/06 16:00,1.0
04/29/06 17:00,0.2
04/29/06 18:00,0.0
04/29/06 19:00,0.0
04/29/06 20:00,0.0
04/29/06 21:00,0.0
04/29/06 22:00,0.0
04/29/06 23:00,0.0
04/30/06 00:00,0.0
04/30/06 01:00,0.0
04/30/06 02:00,0.0
04/30/06 03:00,0.0
04/30/06 04:00,0.0
04/30/06 05:00,0.0
04/30/06 06:00,0.0
04/30/06 07:00,1.0
04/30/06 08:00,55.3
04/30/06 09:00,25.8
04/30/06 10:00,14.6
04/30/06 11:00,92.7
04/30/06 12:00,85.9
04/30/06 13:00,80.1
04/30/06 14:00,72.6
04/30/06 15:00,52.9
04/30/06 16:00,32.4
04/30/06 17:00,13.6
04/30/06 18:00,0.0
04/30/06 19:00,0.0
04/30/06 20:00,0.0
04/30/06 21:00,0.0
04/30/06 22:00,0.0
04/30/06 23:00,0.0
05/01/06 00:00,0.0
05/01/06 01:00,0.0
05/01/06 02:00,0.0
05/01/06 03:00,0.0
05/01/06 04:00,0.0
05/01/06 05:00,0.0
05/01/06 06:00,11.1
05/01/06 07:00,11.8
05/01/06 08:00,7.2
05/01/06 09:00,28.7
05/01/06 10:00,12.0
05/01/06 11:00,26.6
05/01/06 12:00,12.8
05/01/06 13:00,21.7
05/01/06 14:00,46.4
05/01/06 15:00,30.0
05/01/06 16:00,24.5
05/01/06 17:00,12.3
05/01/06 18:00,0.0
05/01/06 19:00,0.0
05/01/06 20:00,0.0
05/01/06 21:00,0.0
05/01/06 22:00,0.0
05/01/06 23:00,0.0
05/02/06 00:00,0.0
05/02/06 01:00,0.0
05/02/06 02:00,0.0
05/02/06 03:00,0.0
05/02/06 04:00,0.0
05/02/06 05:00,0.0
05/02/06 06:00,0.0
05/02/06 07:00,12.9
05/02/06 08:00,21.8
05/02/06 09:00,47.6
05/02/06 10:00,36.7
05/02/06 11:00,58.6
05/02/06 12:00,22.4
05/02/06 13:00,47.1
05/02/06 14:00,67.8
05/02/06 15:00,51.7
05/02/06 16:00,31.0
05/02/06 17:00,12.8
05/02/06 18:00,0.0
05/02/06 19:00,0.0
05/02/06 20:00,0.0
05/02/06 21:00,0.0
05/02/06 22:00,0.0
05/02/06 23:00,0.0
05/03/06 00:00,0.0
05/03/06 01:00,0.0
05/03/06 02:00,0.0
05/03/06 03:00,0.0
05/03/06 04:00,0.0
05/03/06 05:00,0.0
05/03/06 06:00,0.8
05/03/06 07:00,22.2
05/03/06 08:00,35.1
05/03/06 09:00,71.3
05/03/06 10:00,58.6
05/03/06 11:00,79.6
05/03/06 12:00,62.7
05/03/06 13:00,72.0
05/03/06 14:00,62.0
05/03/06 15:00,20.5
05/03/06 16:00,0.9
05/03/06 17:00,0.1
05/03/06 18:00,0.0
05/03/06 19:00,0.0
05/03/06 20:00,0.0
05/03/06 21:00,0.0
05/03/06 22:00,0.0
05/03/06 23:00,0.0
05/04/06 00:00,0.0
05/04/06 01:00,0.0
05/04/06 02:00,0.0
05/04/06 03:00,0.0
05/04/06 04:00,0.0
05/04/06 05:00,0.0
05/04/06 06:00,3.7
05/04/06 07:00,32.5
05/04/06 08:00,20.8
05/04/06 09:00,39.0
05/04/06 10:00,26.3
05/04/06 11:00,21.8
05/04/06 12:00,28.7
05/04/06 13:00,14.0
05/04/06 14:00,12.2
05/04/06 15:00,10.6
05/04/06 16:00,14.8
05/04/06 17:00,11.9
05/04/06 18:00,0.0
05/04/06 19:00,0.0
05/04/06 20:00,0.0
05/04/06 21:00,0.0
05/04/06 22:00,0.0
05/04/06 23:00,0.0
05/05/06 00:00,0.0
05/05/06 01:00,0.0
05/05/06 02:00,0.0
05/05/06 03:00,0.0
05/05/06 04:00,0.0
05/05/06 05:00,0.0
05/05/06 06:00,0.9
05/05/06 07:00,18.7
05/05/06 08:00,51.1
05/05/06 09:00,66.1
05/05/06 10:00,84.1
05/05/06 11:00,84.7
05/05/06 12:00,87.9
05/05/06 13:00,81.7
05/05/06 14:00,70.0
05/05/06 15:00,34.9
05/05/06 16:00,29.7
05/05/06 17:00,12.9
05/05/06 18:00,0.0
05/05/06 19:00,0.0
05/05/06 20:00,0.0
05/05/06 21:00,0.0
05/05/06 22:00,0.0
05/05/06 23:00,0.0
05/06/06 00:00,0.0
05/06/06 01:00,0.0
05/06/06 02:00,0.0
05/06/06 03:00,0.0
05/06/06 04:00,0.0
05/06/06 05:00,0.0
05/06/06 06:00,11.2
05/06/06 07:00,33.4
05/06/06 08:00,58.0
05/06/06 09:00,73.4
05/06/06 10:00,76.9
05/06/06 11:00,74.5
05/06/06 12:00,81.3
05/06/06 13:00,82.0
05/06/06 14:00,68.1
05/06/06 15:00,4.0
05/06/06 16:00,0.9
05/06/06 17:00,0.2
05/06/06 18:00,0.0
05/06/06 19:00,0.0
05/06/06 20:00,0.0
05/06/06 21:00,0.0
05/06/06 22:00,0.0
05/06/06 23:00,0.0
05/07/06 00:00,0.0
05/07/06 01:00,0.0
05/07/06 02:00,0.0
05/07/06 03:00,0.0
05/07/06 04:00,0.0
05/07/06 05:00,0.0
05/07/06 06:00,11.8
05/07/06 07:00,35.7
05/07/06 08:00,23.8
05/07/06 09:00,27.6
05/07/06 10:00,39.5
05/07/06 11:00,17.2
05/07/06 12:00,14.1
05/07/06 13:00,29.7
05/07/06 14:00,23.0
05/07/06 15:00,49.8
05/07/06 16:00,10.8
05/07/06 17:00,12.9
05/07/06 18:00,0.1
05/07/06 19:00,0.0
05/07/06 20:00,0.0
05/07/06 21:00,0.0
05/07/06 22:00,0.0
05/07/06 23:00,0.0
05/08/06 00:00,0.0
05/08/06 01:00,0.0
05/08/06 02:00,0.0
05/08/06 03:00,0.0
05/08/06 04:00,0.0
05/08/06 05:00,0.0
05/08/06 06:00,1.5
05/08/06 07:00,13.7
05/08/06 08:00,56.5
05/08/06 09:00,69.9
05/08/06 10:00,81.5
05/08/06 11:00,81.0
05/08/06 12:00,81.4
05/08/06 13:00,76.8
05/08/06 14:00,58.0
05/08/06 15:00,38.5
05/08/06 16:00,8.4
05/08/06 17:00,1.6
05/08/06 18:00,0.0
05/08/06 19:00,0.0
05/08/06 20:00,0.0
05/08/06 21:00,0.0
05/08/06 22:00,0.0
05/08/06 23:00,0.0
05/09/06 00:00,0.0
05/09/06 01:00,0.0
05/09/06 02:00,0.0
05/09/06 03:00,0.0
05/09/06 04:00,0.0
05/09/06 05:00,0.0
05/09/06 06:00,12.2
05/09/06 07:00,38.1
05/09/06 08:00,56.7
05/09/06 09:00,50.3
05/09/06 10:00,55.5
05/09/06 11:00,43.0
05/09/06 12:00,13.0
05/09/06 13:00,12.2
05/09/06 14:00,13.0
05/09/06 15:00,17.6
05/09/06 16:00,22.7
05/09/06 17:00,10.8
05/09/06 18:00,0.1
05/09/06 19:00,0.0
05/09/06 20:00,0.0
05/09/06 21:00,0.0
05/09/06 22:00,0.0
05/09/06 23:00,0.0
05/10/06 00:00,0.0
05/10/06 01:00,0.0
05/10/06 02:00,0.0
05/10/06 03:00,0.0
05/10/06 04:00,0.0
05/10/06 05:00,0.0
05/10/06 06:00,12.1
05/10/06 07:00,24.1
05/10/06 08:00,13.0
05/10/06 09:00,9.3
05/10/06 10:00,12.7
05/10/06 11:00,14.4
05/10/06 12:00,20.9
05/10/06 13:00,19.8
05/10/06 14:00,15.0
05/10/06 15:00,23.1
05/10/06 16:00,12.3
05/10/06 17:00,5.4
05/10/06 18:00,0.0
05/10/06 19:00,0.0
05/10/06 20:00,0.0
05/10/06 21:00,0.0
05/10/06 22:00,0.0
05/10/06 23:00,0.0
05/11/06 00:00,0.0
05/11/06 01:00,0.0
05/11/06 02:00,0.0
05/11/06 03:00,0.0
05/11/06 04:00,0.0
05/11/06 05:00,0.0
05/11/06 06:00,0.2
05/11/06 07:00,0.7
05/11/06 08:00,59.7
05/11/06 09:00,77.6
05/11/06 10:00,87.2
05/11/06 11:00,90.9
05/11/06 12:00,92.8
05/11/06 13:00,65.0
05/11/06 14:00,16.9
05/11/06 15:00,55.2
05/11/06 16:00,33.1
05/11/06 17:00,12.5
05/11/06 18:00,0.1
05/11/06 19:00,0.0
05/11/06 20:00,0.0
05/11/06 21:00,0.0
05/11/06 22:00,0.0
05/11/06 23:00,0.0
05/12/06 00:00,0.0
05/12/06 01:00,0.0
05/12/06 02:00,0.0
05/12/06 03:00,0.0
05/12/06 04:00,0.0
05/12/06 05:00,0.0
05/12/06 06:00,14.5
05/12/06 07:00,40.0
05/12/06 08:00,63.9
05/12/06 09:00,79.0
05/12/06 10:00,89.2
05/12/06 11:00,93.5
05/12/06 12:00,91.5
05/12/06 13:00,84.7
05/12/06 14:00,73.2
05/12/06 15:00,54.9
05/12/06 16:00,33.2
05/12/06 17:00,13.5
05/12/06 18:00,0.1
05/12/06 19:00,0.0
05/12/06 20:00,0.0
05/12/06 21:00,0.0
05/12/06 22:00,0.0
05/12/06 23:00,0.0
05/13/06 00:00,0.0
05/13/06 01:00,0.0
05/13/06 02:00,0.0
05/13/06 03:00,0.0
05/13/06 04:00,0.0
05/13/06 05:00,0.0
05/13/06 06:00,13.2
05/13/06 07:00,38.7
05/13/06 08:00,61.5
05/13/06 09:00,76.6
05/13/06 10:00,84.6
05/13/06 11:00,87.8
05/13/06 12:00,85.7
05/13/06 13:00,82.2
05/13/06 14:00,68.9
05/13/06 15:00,53.6
05/13/06 16:00,30.1
05/13/06 17:00,13.9
05/13/06 18:00,0.1
05/13/06 19:00,0.0
05/13/06 20:00,0.0
05/13/06 21:00,0.0
05/13/06 22:00,0.0
05/13/06 23:00,0.0
05/14/06 00:00,0.0
05/14/06 01:00,0.0
05/14/06 02:00,0.0
05/14/06 03:00,0.0
05/14/06 04:00,0.0
05/14/06 05:00,0.0
05/14/06 06:00,13.2
05/14/06 07:00,39.0
05/14/06 08:00,62.3
05/14/06 09:00,79.0
05/14/06 10:00,64.5
05/14/06 11:00,90.1
05/14/06 12:00,53.2
05/14/06 13:00,35.8
05/14/06 14:00,19.7
05/14/06 15:00,20.9
05/14/06 16:00,8.1
05/14/06 17:00,3.9
05/14/06 18:00,0.1
05/14/06 19:00,0.0
05/14/06 20:00,0.0
05/14/06 21:00,0.0
05/14/06 22:00,0.0
05/14/06 23:00,0.0
05/15/06 00:00,0.0
05/15/06 01:00,0.0
05/15/06 02:00,0.0
05/15/06 03:00,0.0
05/15/06 04:00,0.0
05/15/06 05:00,0.0
05/15/06 06:00,13.2
05/15/06 07:00,38.5
05/15/06 08:00,32.0
05/15/06 09:00,34.8
05/15/06 10:00,60.8
05/15/06 11:00,27.8
05/15/06 12:00,24.6
05/15/06 13:00,14.4
05/15/06 14:00,12.2
05/15/06 15:00,4.8
05/15/06 16:00,1.7
05/15/06 17:00,13.6
05/15/06 18:00,0.2
05/15/06 19:00,0.0
05/15/06 20:00,0.0
05/15/06 21:00,0.0
05/15/06 22:00,0.0
05/15/06 23:00,0.0
05/16/06 00:00,0.0
05/16/06 01:00,0.0
05/16/06 02:00,0.0
05/16/06 03:00,0.0
05/16/06 04:00,0.0
05/16/06 05:00,0.0
05/16/06 06:00,3.9
05/16/06 07:00,17.2
05/16/06 08:00,59.2
05/16/06 09:00,75.4
05/16/06 10:00,78.8
05/16/06 11:00,83.7
05/16/06 12:00,78.9
05/16/06 13:00,25.2
05/16/06 14:00,50.2
05/16/06 15:00,42.6
05/16/06 16:00,18.1
05/16/06 17:00,13.5
05/16/06 18:00,0.2
05/16/06 19:00,0.0
05/16/06 20:00,0.0
05/16/06 21:00,0.0
05/16/06 22:00,0.0
05/16/06 23:00,0.0
05/17/06 00:00,0.0
05/17/06 01:00,0.0
05/17/06 02:00,0.0
05/17/06 03:00,0.0
05/17/06 04:00,0.0
05/17/06 05:00,0.0
05/17/06 06:00,12.6
05/17/06 07:00,37.1
05/17/06 08:00,59.7
05/17/06 09:00,76.1
05/17/06 10:00,81.7
05/17/06 11:00,85.7
05/17/06 12:00,83.2
05/17/06 13:00,71.4
05/17/06 14:00,65.3
05/17/06 15:00,49.6
05/17/06 16:00,30.5
05/17/06 17:00,13.7
05/17/06 18:00,0.2
05/17/06 19:00,0.0
05/17/06 20:00,0.0
05/17/06 21:00,0.0
05/17/06 22:00,0.0
05/17/06 23:00,0.0
05/18/06 00:00,0.0
05/18/06 01:00,0.0
05/18/06 02:00,0.0
05/18/06 03:00,0.0
05/18/06 04:00,0.0
05/18/06 05:00,0.0
05/18/06 06:00,13.2
05/18/06 07:00,38.6
05/18/06 08:00,60.6
05/18/06 09:00,71.6
05/18/06 10:00,78.9
05/18/06 11:00,82.9
05/18/06 12:00,84.9
05/18/06 13:00,77.1
05/18/06 14:00,63.9
05/18/06 15:00,50.0
05/18/06 16:00,30.5
05/18/06 17:00,13.9
05/18/06 18:00,0.2
05/18/06 19:00,0.0
05/18/06 20:00,0.0
05/18/06 21:00,0.0
05/18/06 22:00,0.0
05/18/06 23:00,0.0
05/19/06 00:00,0.0
05/19/06 01:00,0.0
05/19/06 02:00,0.0
05/19/06 03:00,0.0
05/19/06 04:00,0.0
05/19/06 05:00,0.0
05/19/06 06:00,13.3
05/19/06 07:00,35.2
05/19/06 08:00,13.7
05/19/06 09:00,45.4
05/19/06 10:00,26.8
05/19/06 11:00,29.5
05/19/06 12:00,84.3
05/19/06 13:00,78.9
05/19/06 14:00,66.1
05/19/06 15:00,50.6
05/19/06 16:00,31.5
05/19/06 17:00,13.5
05/19/06 18:00,0.1
05/19/06 19:00,0.0
05/19/06 20:00,0.0
05/19/06 21:00,0.0
05/19/06 22:00,0.0
05/19/06 23:00,0.0
05/20/06 00:00,0.0
05/20/06 01:00,0.0
05/20/06 02:00,0.0
05/20/06 03:00,0.0
05/20/06 04:00,0.0
05/20/06 05:00,0.0
05/20/06 06:00,0.3
05/20/06 07:00,22.0
05/20/06 08:00,55.8
05/20/06 09:00,72.3
05/20/06 10:00,82.2
05/20/06 11:00,85.7
05/20/06 12:00,85.4
05/20/06 13:00,79.0
05/20/06 14:00,62.1
05/20/06 15:00,15.3
05/20/06 16:00,6.1
05/20/06 17:00,1.6
05/20/06 18:00,0.0
05/20/06 19:00,0.0
05/20/06 20:00,0.0
05/20/06 21:00,0.0
05/20/06 22:00,0.0
05/20/06 23:00,0.0
05/21/06 00:00,0.0
05/21/06 01:00,0.0
05/21/06 02:00,0.0
05/21/06 03:00,0.0
05/21/06 04:00,0.0
05/21/06 05:00,0.0
05/21/06 06:00,11.2
05/21/06 07:00,31.9
05/21/06 08:00,25.1
05/21/06 09:00,11.8
05/21/06 10:00,12.6
05/21/06 11:00,19.3
05/21/06 12:00,22.0
05/21/06 13:00,22.2
05/21/06 14:00,46.0
05/21/06 15:00,35.3
05/21/06 16:00,15.6
05/21/06 17:00,0.5
05/21/06 18:00,0.1
05/21/06 19:00,0.0
05/21/06 20:00,0.0
05/21/06 21:00,0.0
05/21/06 22:00,0.0
05/21/06 23:00,0.0
05/22/06 00:00,0.0
05/22/06 01:00,0.0
05/22/06 02:00,0.0
05/22/06 03:00,0.0
05/22/06 04:00,0.0
05/22/06 05:00,0.0
05/22/06 06:00,2.2
05/22/06 07:00,0.9
05/22/06 08:00,5.0
05/22/06 09:00,23.3
05/22/06 10:00,85.7
05/22/06 11:00,82.1
05/22/06 12:00,55.0
05/22/06 13:00,78.6
05/22/06 14:00,66.9
05/22/06 15:00,53.2
05/22/06 16:00,32.1
05/22/06 17:00,13.7
05/22/06 18:00,0.3
05/22/06 19:00,0.0
05/22/06 20:00,0.0
05/22/06 21:00,0.0
05/22/06 22:00,0.0
05/22/06 23:00,0.0
05/23/06 00:00,0.0
05/23/06 01:00,0.0
05/23/06 02:00,0.0
05/23/06 03:00,0.0
05/23/06 04:00,0.0
05/23/06 05:00,0.0
05/23/06 06:00,0.0
05/23/06 07:00,9.9
05/23/06 08:00,35.9
05/23/06 09:00,68.9
05/23/06 10:00,81.1
05/23/06 11:00,82.5
05/23/06 12:00,77.6
05/23/06 13:00,73.1
05/23/06 14:00,62.9
05/23/06 15:00,51.4
05/23/06 16:00,30.6
05/23/06 17:00,14.5
05/23/06 18:00,0.2
05/23/06 19:00,0.0
05/23/06 20:00,0.0
05/23/06 21:00,0.0
05/23/06 22:00,0.0
05/23/06 23:00,0.0
05/24/06 00:00,0.0
05/24/06 01:00,0.0
05/24/06 02:00,0.0
05/24/06 03:00,0.0
05/24/06 04:00,0.0
05/24/06 05:00,0.0
05/24/06 06:00,5.4
05/24/06 07:00,30.8
05/24/06 08:00,52.4
05/24/06 09:00,74.5
05/24/06 10:00,79.5
05/24/06 11:00,82.5
05/24/06 12:00,79.1
05/24/06 13:00,71.3
05/24/06 14:00,62.2
05/24/06 15:00,50.4
05/24/06 16:00,31.1
05/24/06 17:00,13.9
05/24/06 18:00,0.3
05/24/06 19:00,0.0
05/24/06 20:00,0.0
05/24/06 21:00,0.0
05/24/06 22:00,0.0
05/24/06 23:00,0.0
05/25/06 00:00,0.0
05/25/06 01:00,0.0
05/25/06 02:00,0.0
05/25/06 03:00,0.0
05/25/06 04:00,0.0
05/25/06 05:00,0.1
05/25/06 06:00,12.9
05/25/06 07:00,37.4
05/25/06 08:00,56.5
05/25/06 09:00,74.4
05/25/06 10:00,82.2
05/25/06 11:00,83.4
05/25/06 12:00,85.2
05/25/06 13:00,77.8
05/25/06 14:00,67.4
05/25/06 15:00,52.1
05/25/06 16:00,28.0
05/25/06 17:00,14.0
05/25/06 18:00,0.4
05/25/06 19:00,0.0
05/25/06 20:00,0.0
05/25/06 21:00,0.0
05/25/06 22:00,0.0
05/25/06 23:00,0.0
05/26/06 00:00,0.0
05/26/06 01:00,0.0
05/26/06 02:00,0.0
05/26/06 03:00,0.0
05/26/06 04:00,0.0
05/26/06 05:00,0.1
05/26/06 06:00,12.6
05/26/06 07:00,36.2
05/26/06 08:00,54.7
05/26/06 09:00,70.1
05/26/06 10:00,78.2
05/26/06 11:00,81.6
05/26/06 12:00,79.6
05/26/06 13:00,75.6
05/26/06 14:00,65.8
05/26/06 15:00,30.2
05/26/06 16:00,30.2
05/26/06 17:00,13.9
05/26/06 18:00,0.3
05/26/06 19:00,0.0
05/26/06 20:00,0.0
05/26/06 21:00,0.0
05/26/06 22:00,0.0
05/26/06 23:00,0.0
05/27/06 00:00,0.0
05/27/06 01:00,0.0
05/27/06 02:00,0.0
05/27/06 03:00,0.0
05/27/06 04:00,0.0
05/27/06 05:00,0.0
05/27/06 06:00,12.1
05/27/06 07:00,35.4
05/27/06 08:00,52.6
05/27/06 09:00,71.1
05/27/06 10:00,79.0
05/27/06 11:00,82.1
05/27/06 12:00,82.3
05/27/06 13:00,73.3
05/27/06 14:00,65.8
05/27/06 15:00,39.1
05/27/06 16:00,31.9
05/27/06 17:00,13.5
05/27/06 18:00,0.1
05/27/06 19:00,0.0
05/27/06 20:00,0.0
05/27/06 21:00,0.0
05/27/06 22:00,0.0
05/27/06 23:00,0.0
05/28/06 00:00,0.0
05/28/06 01:00,0.0
05/28/06 02:00,0.0
05/28/06 03:00,0.0
05/28/06 04:00,0.0
05/28/06 05:00,0.1
05/28/06 06:00,12.5
05/28/06 07:00,34.7
05/28/06 08:00,55.1
05/28/06 09:00,71.7
05/28/06 10:00,79.5
05/28/06 11:00,79.5
05/28/06 12:00,82.6
05/28/06 13:00,54.5
05/28/06 14:00,59.6
05/28/06 15:00,36.6
05/28/06 16:00,5.9
05/28/06 17:00,6.0
05/28/06 18:00,0.4
05/28/06 19:00,0.0
05/28/06 20:00,0.0
05/28/06 21:00,0.0
05/28/06 22:00,0.0
05/28/06 23:00,0.0
05/29/06 00:00,0.0
05/29/06 01:00,0.0
05/29/06 02:00,0.0
05/29/06 03:00,0.0
05/29/06 04:00,0.0
05/29/06 05:00,0.1
05/29/06 06:00,12.1
05/29/06 07:00,36.0
05/29/06 08:00,49.9
05/29/06 09:00,72.0
05/29/06 10:00,79.4
05/29/06 11:00,78.8
05/29/06 12:00,78.0
05/29/06 13:00,76.1
05/29/06 14:00,60.3
05/29/06 15:00,47.8
05/29/06 16:00,32.4
05/29/06 17:00,0.1
05/29/06 18:00,0.3
05/29/06 19:00,0.0
05/29/06 20:00,0.0
05/29/06 21:00,0.0
05/29/06 22:00,0.0
05/29/06 23:00,0.0
05/30/06 00:00,0.0
05/30/06 01:00,0.0
05/30/06 02:00,0.0
05/30/06 03:00,0.0
05/30/06 04:00,0.0
05/30/06 05:00,0.1
05/30/06 06:00,11.2
05/30/06 07:00,35.4
05/30/06 08:00,12.7
05/30/06 09:00,25.0
05/30/06 10:00,53.5
05/30/06 11:00,51.7
05/30/06 12:00,56.9
05/30/06 13:00,48.3
05/30/06 14:00,38.7
05/30/06 15:00,25.6
05/30/06 16:00,28.8
05/30/06 17:00,11.8
05/30/06 18:00,0.1
05/30/06 19:00,0.0
05/30/06 20:00,0.0
05/30/06 21:00,0.0
05/30/06 22:00,0.0
05/30/06 23:00,0.0
05/31/06 00:00,0.0
05/31/06 01:00,0.0
05/31/06 02:00,0.0
05/31/06 03:00,0.0
05/31/06 04:00,0.0
05/31/06 05:00,0.0
05/31/06 06:00,0.3
05/31/06 07:00,12.9
05/31/06 08:00,17.7
05/31/06 09:00,65.2
05/31/06 10:00,70.6
05/31/06 11:00,29.2
05/31/06 12:00,73.4
05/31/06 13:00,56.6
05/31/06 14:00,42.9
05/31/06 15:00,45.0
05/31/06 16:00,10.7
05/31/06 17:00,12.4
05/31/06 18:00,0.0
05/31/06 19:00,0.0
05/31/06 20:00,0.0
05/31/06 21:00,0.0
05/31/06 22:00,0.0
05/31/06 23:00,0.0
06/01/06 00:00,0.0
06/01/06 01:00,0.0
06/01/06 02:00,0.0
06/01/06 03:00,0.0
06/01/06 04:00,0.0
06/01/06 05:00,0.0
06/01/06 06:00,1.1
06/01/06 07:00,34.9
06/01/06 08:00,35.9
06/01/06 09:00,43.7
06/01/06 10:00,63.0
06/01/06 11:00,40.8
06/01/06 12:00,34.7
06/01/06 13:00,50.5
06/01/06 14:00,32.5
06/01/06 15:00,44.4
06/01/06 16:00,29.6
06/01/06 17:00,6.1
06/01/06 18:00,0.5
06/01/06 19:00,0.0
06/01/06 20:00,0.0
06/01/06 21:00,0.0
06/01/06 22:00,0.0
06/01/06 23:00,0.0
06/02/06 00:00,0.0
06/02/06 01:00,0.0
06/02/06 02:00,0.0
06/02/06 03:00,0.0
06/02/06 04:00,0.0
06/02/06 05:00,0.0
06/02/06 06:00,7.6
06/02/06 07:00,23.9
06/02/06 08:00,10.4
06/02/06 09:00,24.8
06/02/06 10:00,31.4
06/02/06 11:00,27.8
06/02/06 12:00,56.4
06/02/06 13:00,75.7
06/02/06 14:00,69.1
06/02/06 15:00,52.4
06/02/06 16:00,32.6
06/02/06 17:00,14.8
06/02/06 18:00,0.5
06/02/06 19:00,0.0
06/02/06 20:00,0.0
06/02/06 21:00,0.0
06/02/06 22:00,0.0
06/02/06 23:00,0.0
06/03/06 00:00,0.0
06/03/06 01:00,0.0
06/03/06 02:00,0.0
06/03/06 03:00,0.0
06/03/06 04:00,0.0
06/03/06 05:00,0.0
06/03/06 06:00,0.1
06/03/06 07:00,12.7
06/03/06 08:00,54.8
06/03/06 09:00,68.1
06/03/06 10:00,70.9
06/03/06 11:00,78.5
06/03/06 12:00,79.0
06/03/06 13:00,76.6
06/03/06 14:00,63.6
06/03/06 15:00,50.3
06/03/06 16:00,31.7
06/03/06 17:00,14.6
06/03/06 18:00,0.5
06/03/06 19:00,0.0
06/03/06 20:00,0.0
06/03/06 21:00,0.0
06/03/06 22:00,0.0
06/03/06 23:00,0.0
06/04/06 00:00,0.0
06/04/06 01:00,0.0
06/04/06 02:00,0.0
06/04/06 03:00,0.0
06/04/06 04:00,0.0
06/04/06 05:00,0.1
06/04/06 06:00,12.5
06/04/06 07:00,36.0
06/04/06 08:00,45.3
06/04/06 09:00,42.2
06/04/06 10:00,76.6
06/04/06 11:00,65.7
06/04/06 12:00,72.3
06/04/06 13:00,52.8
06/04/06 14:00,42.9
06/04/06 15:00,34.0
06/04/06 16:00,24.0
06/04/06 17:00,13.4
06/04/06 18:00,0.5
06/04/06 19:00,0.0
06/04/06 20:00,0.0
06/04/06 21:00,0.0
06/04/06 22:00,0.0
06/04/06 23:00,0.0
06/05/06 00:00,0.0
06/05/06 01:00,0.0
06/05/06 02:00,0.0
06/05/06 03:00,0.0
06/05/06 04:00,0.0
06/05/06 05:00,0.0
06/05/06 06:00,11.8
06/05/06 07:00,21.3
06/05/06 08:00,56.1
06/05/06 09:00,70.6
06/05/06 10:00,78.1
06/05/06 11:00,83.7
06/05/06 12:00,80.6
06/05/06 13:00,74.4
06/05/06 14:00,66.2
06/05/06 15:00,50.5
06/05/06 16:00,31.0
06/05/06 17:00,15.0
06/05/06 18:00,0.6
06/05/06 19:00,0.0
06/05/06 20:00,0.0
06/05/06 21:00,0.0
06/05/06 22:00,0.0
06/05/06 23:00,0.0
06/06/06 00:00,0.0
06/06/06 01:00,0.0
06/06/06 02:00,0.0
06/06/06 03:00,0.0
06/06/06 04:00,0.0
06/06/06 05:00,0.0
06/06/06 06:00,12.7
06/06/06 07:00,35.1
06/06/06 08:00,54.8
06/06/06 09:00,68.5
06/06/06 10:00,72.1
06/06/06 11:00,73.9
06/06/06 12:00,76.8
06/06/06 13:00,69.7
06/06/06 14:00,60.4
06/06/06 15:00,48.0
06/06/06 16:00,31.6
06/06/06 17:00,14.9
06/06/06 18:00,0.6
06/06/06 19:00,0.0
06/06/06 20:00,0.0
06/06/06 21:00,0.0
06/06/06 22:00,0.0
06/06/06 23:00,0.0
06/07/06 00:00,0.0
06/07/06 01:00,0.0
06/07/06 02:00,0.0
06/07/06 03:00,0.0
06/07/06 04:00,0.0
06/07/06 05:00,0.0
06/07/06 06:00,12.4
06/07/06 07:00,33.2
06/07/06 08:00,48.6
06/07/06 09:00,50.9
06/07/06 10:00,41.8
06/07/06 11:00,79.2
06/07/06 12:00,82.7
06/07/06 13:00,68.9
06/07/06 14:00,65.2
06/07/06 15:00,50.2
06/07/06 16:00,32.2
06/07/06 17:00,14.7
06/07/06 18:00,0.6
06/07/06 19:00,0.0
06/07/06 20:00,0.0
06/07/06 21:00,0.0
06/07/06 22:00,0.0
06/07/06 23:00,0.0
06/08/06 00:00,0.0
06/08/06 01:00,0.0
06/08/06 02:00,0.0
06/08/06 03:00,0.0
06/08/06 04:00,0.0
06/08/06 05:00,0.0
06/08/06 06:00,11.6
06/08/06 07:00,24.9
06/08/06 08:00,38.2
06/08/06 09:00,59.6
06/08/06 10:00,70.1
06/08/06 11:00,73.5
06/08/06 12:00,76.7
06/08/06 13:00,69.8
06/08/06 14:00,60.1
06/08/06 15:00,45.4
06/08/06 16:00,22.4
06/08/06 17:00,14.7
06/08/06 18:00,0.6
06/08/06 19:00,0.0
06/08/06 20:00,0.0
06/08/06 21:00,0.0
06/08/06 22:00,0.0
06/08/06 23:00,0.0
06/09/06 00:00,0.0
06/09/06 01:00,0.0
06/09/06 02:00,0.0
06/09/06 03:00,0.0
06/09/06 04:00,0.0
06/09/06 05:00,0.0
06/09/06 06:00,9.5
06/09/06 07:00,32.0
06/09/06 08:00,51.5
06/09/06 09:00,70.4
06/09/06 10:00,74.2
06/09/06 11:00,77.5
06/09/06 12:00,80.6
06/09/06 13:00,73.1
06/09/06 14:00,63.2
06/09/06 15:00,40.7
06/09/06 16:00,31.7
06/09/06 17:00,14.9
06/09/06 18:00,0.6
06/09/06 19:00,0.0
06/09/06 20:00,0.0
06/09/06 21:00,0.0
06/09/06 22:00,0.0
06/09/06 23:00,0.0
06/10/06 00:00,0.0
06/10/06 01:00,0.0
06/10/06 02:00,0.0
06/10/06 03:00,0.0
06/10/06 04:00,0.0
06/10/06 05:00,0.0
06/10/06 06:00,12.9
06/10/06 07:00,34.2
06/10/06 08:00,52.3
06/10/06 09:00,67.7
06/10/06 10:00,76.0
06/10/06 11:00,83.4
06/10/06 12:00,78.6
06/10/06 13:00,74.2
06/10/06 14:00,65.7
06/10/06 15:00,50.3
06/10/06 16:00,31.7
06/10/06 17:00,14.8
06/10/06 18:00,0.6
06/10/06 19:00,0.0
06/10/06 20:00,0.0
06/10/06 21:00,0.0
06/10/06 22:00,0.0
06/10/06 23:00,0.0
06/11/06 00:00,0.0
06/11/06 01:00,0.0
06/11/06 02:00,0.0
06/11/06 03:00,0.0
06/11/06 04:00,0.0
06/11/06 05:00,0.0
06/11/06 06:00,11.9
06/11/06 07:00,34.6
06/11/06 08:00,37.5
06/11/06 09:00,46.4
06/11/06 10:00,54.8
06/11/06 11:00,42.7
06/11/06 12:00,12.7
06/11/06 13:00,18.5
06/11/06 14:00,16.3
06/11/06 15:00,36.4
06/11/06 16:00,28.1
06/11/06 17:00,12.7
06/11/06 18:00,0.5
06/11/06 19:00,0.0
06/11/06 20:00,0.0
06/11/06 21:00,0.0
06/11/06 22:00,0.0
06/11/06 23:00,0.0
06/12/06 00:00,0.0
06/12/06 01:00,0.0
06/12/06 02:00,0.0
06/12/06 03:00,0.0
06/12/06 04:00,0.0
06/12/06 05:00,0.0
06/12/06 06:00,7.7
06/12/06 07:00,23.5
06/12/06 08:00,19.3
06/12/06 09:00,14.1
06/12/06 10:00,31.3
06/12/06 11:00,26.8
06/12/06 12:00,36.0
06/12/06 13:00,70.7
06/12/06 14:00,59.3
06/12/06 15:00,26.2
06/12/06 16:00,15.0
06/12/06 17:00,6.0
06/12/06 18:00,0.2
06/12/06 19:00,0.0
06/12/06 20:00,0.0
06/12/06 21:00,0.0
06/12/06 22:00,0.0
06/12/06 23:00,0.0
06/13/06 00:00,0.0
06/13/06 01:00,0.0
06/13/06 02:00,0.0
06/13/06 03:00,0.0
06/13/06 04:00,0.0
06/13/06 05:00,0.0
06/13/06 06:00,1.4
06/13/06 07:00,2.4
06/13/06 08:00,53.3
06/13/06 09:00,45.7
06/13/06 10:00,61.6
06/13/06 11:00,71.5
06/13/06 12:00,73.8
06/13/06 13:00,49.4
06/13/06 14:00,54.9
06/13/06 15:00,44.9
06/13/06 16:00,27.1
06/13/06 17:00,15.6
06/13/06 18:00,0.7
06/13/06 19:00,0.0
06/13/06 20:00,0.0
06/13/06 21:00,0.0
06/13/06 22:00,0.0
06/13/06 23:00,0.0
06/14/06 00:00,0.0
06/14/06 01:00,0.0
06/14/06 02:00,0.0
06/14/06 03:00,0.0
06/14/06 04:00,0.0
06/14/06 05:00,0.0
06/14/06 06:00,13.4
06/14/06 07:00,22.6
06/14/06 08:00,52.6
06/14/06 09:00,69.4
06/14/06 10:00,76.7
06/14/06 11:00,81.0
06/14/06 12:00,80.1
06/14/06 13:00,74.9
06/14/06 14:00,65.5
06/14/06 15:00,50.2
06/14/06 16:00,31.8
06/14/06 17:00,15.4
06/14/06 18:00,0.8
06/14/06 19:00,0.0
06/14/06 20:00,0.0
06/14/06 21:00,0.0
06/14/06 22:00,0.0
06/14/06 23:00,0.0
06/15/06 00:00,0.0
06/15/06 01:00,0.0
06/15/06 02:00,0.0
06/15/06 03:00,0.0
06/15/06 04:00,0.0
06/15/06 05:00,0.0
06/15/06 06:00,11.9
06/15/06 07:00,33.9
06/15/06 08:00,51.4
06/15/06 09:00,68.3
06/15/06 10:00,76.9
06/15/06 11:00,81.0
06/15/06 12:00,79.9
06/15/06 13:00,75.2
06/15/06 14:00,64.9
06/15/06 15:00,50.5
06/15/06 16:00,32.5
06/15/06 17:00,15.3
06/15/06 18:00,0.7
06/15/06 19:00,0.0
06/15/06 20:00,0.0
06/15/06 21:00,0.0
06/15/06 22:00,0.0
06/15/06 23:00,0.0
06/16/06 00:00,0.0
06/16/06 01:00,0.0
06/16/06 02:00,0.0
06/16/06 03:00,0.0
06/16/06 04:00,0.0
06/16/06 05:00,0.0
06/16/06 06:00,11.5
06/16/06 07:00,32.9
06/16/06 08:00,53.7
06/16/06 09:00,68.2
06/16/06 10:00,74.3
06/16/06 11:00,77.9
06/16/06 12:00,78.6
06/16/06 13:00,72.1
06/16/06 14:00,64.6
06/16/06 15:00,50.1
06/16/06 16:00,32.3
06/16/06 17:00,15.4
06/16/06 18:00,0.7
06/16/06 19:00,0.0
06/16/06 20:00,0.0
06/16/06 21:00,0.0
06/16/06 22:00,0.0
06/16/06 23:00,0.0
06/17/06 00:00,0.0
06/17/06 01:00,0.0
06/17/06 02:00,0.0
06/17/06 03:00,0.0
06/17/06 04:00,0.0
06/17/06 05:00,0.0
06/17/06 06:00,11.3
06/17/06 07:00,32.0
06/17/06 08:00,30.3
06/17/06 09:00,53.3
06/17/06 10:00,49.2
06/17/06 11:00,78.0
06/17/06 12:00,68.0
06/17/06 13:00,36.8
06/17/06 14:00,12.6
06/17/06 15:00,35.8
06/17/06 16:00,16.4
06/17/06 17:00,14.3
06/17/06 18:00,0.1
06/17/06 19:00,0.0
06/17/06 20:00,0.0
06/17/06 21:00,0.0
06/17/06 22:00,0.0
06/17/06 23:00,0.0
06/18/06 00:00,0.0
06/18/06 01:00,0.0
06/18/06 02:00,0.0
06/18/06 03:00,0.0
06/18/06 04:00,0.0
06/18/06 05:00,0.0
06/18/06 06:00,4.6
06/18/06 07:00,25.2
06/18/06 08:00,19.0
06/18/06 09:00,24.5
06/18/06 10:00,40.6
06/18/06 11:00,20.1
06/18/06 12:00,21.9
06/18/06 13:00,47.1
06/18/06 14:00,62.4
06/18/06 15:00,51.1
06/18/06 16:00,1.3
06/18/06 17:00,13.2
06/18/06 18:00,0.7
06/18/06 19:00,0.0
06/18/06 20:00,0.0
06/18/06 21:00,0.0
06/18/06 22:00,0.0
06/18/06 23:00,0.0
06/19/06 00:00,0.0
06/19/06 01:00,0.0
06/19/06 02:00,0.0
06/19/06 03:00,0.0
06/19/06 04:00,0.0
06/19/06 05:00,0.0
06/19/06 06:00,1.2
06/19/06 07:00,11.8
06/19/06 08:00,31.7
06/19/06 09:00,40.0
06/19/06 10:00,70.6
06/19/06 11:00,80.0
06/19/06 12:00,75.1
06/19/06 13:00,74.5
06/19/06 14:00,62.5
06/19/06 15:00,51.7
06/19/06 16:00,31.7
06/19/06 17:00,15.5
06/19/06 18:00,0.8
06/19/06 19:00,0.0
06/19/06 20:00,0.0
06/19/06 21:00,0.0
06/19/06 22:00,0.0
06/19/06 23:00,0.0
06/20/06 00:00,0.0
06/20/06 01:00,0.0
06/20/06 02:00,0.0
06/20/06 03:00,0.0
06/20/06 04:00,0.0
06/20/06 05:00,0.0
06/20/06 06:00,6.1
06/20/06 07:00,20.2
06/20/06 08:00,52.6
06/20/06 09:00,63.9
06/20/06 10:00,75.1
06/20/06 11:00,80.5
06/20/06 12:00,78.8
06/20/06 13:00,74.0
06/20/06 14:00,64.9
06/20/06 15:00,49.6
06/20/06 16:00,32.3
06/20/06 17:00,15.5
06/20/06 18:00,0.8
06/20/06 19:00,0.0
06/20/06 20:00,0.0
06/20/06 21:00,0.0
06/20/06 22:00,0.0
06/20/06 23:00,0.0
06/21/06 00:00,0.0
06/21/06 01:00,0.0
06/21/06 02:00,0.0
06/21/06 03:00,0.0
06/21/06 04:00,0.0
06/21/06 05:00,0.0
06/21/06 06:00,10.4
06/21/06 07:00,32.0
06/21/06 08:00,50.5
06/21/06 09:00,71.3
06/21/06 10:00,79.4
06/21/06 11:00,77.4
06/21/06 12:00,80.5
06/21/06 13:00,71.7
06/21/06 14:00,64.7
06/21/06 15:00,50.2
06/21/06 16:00,32.4
06/21/06 17:00,15.6
06/21/06 18:00,0.8
06/21/06 19:00,0.0
06/21/06 20:00,0.0
06/21/06 21:00,0.0
06/21/06 22:00,0.0
06/21/06 23:00,0.0
06/22/06 00:00,0.0
06/22/06 01:00,0.0
06/22/06 02:00,0.0
06/22/06 03:00,0.0
06/22/06 04:00,0.0
06/22/06 05:00,0.1
06/22/06 06:00,9.6
06/22/06 07:00,32.3
06/22/06 08:00,49.1
06/22/06 09:00,70.3
06/22/06 10:00,62.4
06/22/06 11:00,75.2
06/22/06 12:00,74.7
06/22/06 13:00,72.0
06/22/06 14:00,26.6
06/22/06 15:00,44.3
06/22/06 16:00,32.3
06/22/06 17:00,15.6
06/22/06 18:00,0.8
06/22/06 19:00,0.0
06/22/06 20:00,0.0
06/22/06 21:00,0.0
06/22/06 22:00,0.0
06/22/06 23:00,0.0
06/23/06 00:00,0.0
06/23/06 01:00,0.0
06/23/06 02:00,0.0
06/23/06 03:00,0.0
06/23/06 04:00,0.0
06/23/06 05:00,0.1
06/23/06 06:00,10.0
06/23/06 07:00,34.6
06/23/06 08:00,28.3
06/23/06 09:00,34.6
06/23/06 10:00,31.9
06/23/06 11:00,26.8
06/23/06 12:00,57.0
06/23/06 13:00,50.6
06/23/06 14:00,57.8
06/23/06 15:00,45.5
06/23/06 16:00,20.9
06/23/06 17:00,15.7
06/23/06 18:00,0.2
06/23/06 19:00,0.0
06/23/06 20:00,0.0
06/23/06 21:00,0.0
06/23/06 22:00,0.0
06/23/06 23:00,0.0
06/24/06 00:00,0.0
06/24/06 01:00,0.0
06/24/06 02:00,0.0
06/24/06 03:00,0.0
06/24/06 04:00,0.0
06/24/06 05:00,0.0
06/24/06 06:00,4.0
06/24/06 07:00,16.6
06/24/06 08:00,51.5
06/24/06 09:00,71.0
06/24/06 10:00,78.3
06/24/06 11:00,81.7
06/24/06 12:00,80.8
06/24/06 13:00,71.0
06/24/06 14:00,60.2
06/24/06 15:00,51.4
06/24/06 16:00,20.8
06/24/06 17:00,15.7
06/24/06 18:00,0.9
06/24/06 19:00,0.0
06/24/06 20:00,0.0
06/24/06 21:00,0.0
06/24/06 22:00,0.0
06/24/06 23:00,0.0
06/25/06 00:00,0.0
06/25/06 01:00,0.0
06/25/06 02:00,0.0
06/25/06 03:00,0.0
06/25/06 04:00,0.0
06/25/06 05:00,0.1
06/25/06 06:00,11.1
06/25/06 07:00,34.6
06/25/06 08:00,51.1
06/25/06 09:00,62.6
06/25/06 10:00,72.3
06/25/06 11:00,76.3
06/25/06 12:00,76.5
06/25/06 13:00,73.1
06/25/06 14:00,49.5
06/25/06 15:00,28.5
06/25/06 16:00,32.3
06/25/06 17:00,15.7
06/25/06 18:00,0.9
06/25/06 19:00,0.0
06/25/06 20:00,0.0
06/25/06 21:00,0.0
06/25/06 22:00,0.0
06/25/06 23:00,0.0
06/26/06 00:00,0.0
06/26/06 01:00,0.0
06/26/06 02:00,0.0
06/26/06 03:00,0.0
06/26/06 04:00,0.0
06/26/06 05:00,0.1
06/26/06 06:00,11.0
06/26/06 07:00,31.8
06/26/06 08:00,53.6
06/26/06 09:00,69.4
06/26/06 10:00,78.3
06/26/06 11:00,80.9
06/26/06 12:00,78.5
06/26/06 13:00,43.2
06/26/06 14:00,36.5
06/26/06 15:00,34.0
06/26/06 16:00,28.0
06/26/06 17:00,16.5
06/26/06 18:00,1.0
06/26/06 19:00,0.0
06/26/06 20:00,0.0
06/26/06 21:00,0.0
06/26/06 22:00,0.0
06/26/06 23:00,0.0
06/27/06 00:00,0.0
06/27/06 01:00,0.0
06/27/06 02:00,0.0
06/27/06 03:00,0.0
06/27/06 04:00,0.0
06/27/06 05:00,0.0
06/27/06 06:00,11.2
06/27/06 07:00,34.4
06/27/06 08:00,54.6
06/27/06 09:00,69.3
06/27/06 10:00,78.3
06/27/06 11:00,84.4
06/27/06 12:00,80.0
06/27/06 13:00,75.9
06/27/06 14:00,64.0
06/27/06 15:00,51.7
06/27/06 16:00,20.9
06/27/06 17:00,16.3
06/27/06 18:00,0.9
06/27/06 19:00,0.0
06/27/06 20:00,0.0
06/27/06 21:00,0.0
06/27/06 22:00,0.0
06/27/06 23:00,0.0
06/28/06 00:00,0.0
06/28/06 01:00,0.0
06/28/06 02:00,0.0
06/28/06 03:00,0.0
06/28/06 04:00,0.0
06/28/06 05:00,0.0
06/28/06 06:00,11.8
06/28/06 07:00,33.4
06/28/06 08:00,51.3
06/28/06 09:00,65.2
06/28/06 10:00,76.3
06/28/06 11:00,80.9
06/28/06 12:00,80.6
06/28/06 13:00,76.1
06/28/06 14:00,65.6
06/28/06 15:00,51.7
06/28/06 16:00,32.9
06/28/06 17:00,16.0
06/28/06 18:00,0.8
06/28/06 19:00,0.0
06/28/06 20:00,0.0
06/28/06 21:00,0.0
06/28/06 22:00,0.0
06/28/06 23:00,0.0
06/29/06 00:00,0.0
06/29/06 01:00,0.0
06/29/06 02:00,0.0
06/29/06 03:00,0.0
06/29/06 04:00,0.0
06/29/06 05:00,0.0
06/29/06 06:00,10.8
06/29/06 07:00,33.4
06/29/06 08:00,12.0
06/29/06 09:00,32.3
06/29/06 10:00,76.1
06/29/06 11:00,77.0
06/29/06 12:00,31.2
06/29/06 13:00,71.4
06/29/06 14:00,64.5
06/29/06 15:00,49.7
06/29/06 16:00,32.5
06/29/06 17:00,15.8
06/29/06 18:00,0.9
06/29/06 19:00,0.0
06/29/06 20:00,0.0
06/29/06 21:00,0.0
06/29/06 22:00,0.0
06/29/06 23:00,0.0
06/30/06 00:00,0.0
06/30/06 01:00,0.0
06/30/06 02:00,0.0
06/30/06 03:00,0.0
06/30/06 04:00,0.0
06/30/06 05:00,0.0
06/30/06 06:00,0.2
06/30/06 07:00,15.1
06/30/06 08:00,50.7
06/30/06 09:00,68.8
06/30/06 10:00,75.7
06/30/06 11:00,76.8
06/30/06 12:00,80.8
06/30/06 13:00,73.3
06/30/06 14:00,65.4
06/30/06 15:00,51.0
06/30/06 16:00,31.4
06/30/06 17:00,10.3
06/30/06 18:00,0.9
06/30/06 19:00,0.0
06/30/06 20:00,0.0
06/30/06 21:00,0.0
06/30/06 22:00,0.0
06/30/06 23:00,0.0
07/01/06 00:00,0.0
07/01/06 01:00,0.0
07/01/06 02:00,0.0
07/01/06 03:00,0.0
07/01/06 04:00,0.0
07/01/06 05:00,0.0
07/01/06 06:00,9.2
07/01/06 07:00,31.7
07/01/06 08:00,48.4
07/01/06 09:00,66.5
07/01/06 10:00,75.7
07/01/06 11:00,78.7
07/01/06 12:00,79.4
07/01/06 13:00,0.0
07/01/06 14:00,0.0
07/01/06 15:00,0.0
07/01/06 16:00,6.0
07/01/06 17:00,16.1
07/01/06 18:00,0.8
07/01/06 19:00,0.0
07/01/06 20:00,0.0
07/01/06 21:00,0.0
07/01/06 22:00,0.0
07/01/06 23:00,0.0
07/02/06 00:00,0.0
07/02/06 01:00,0.0
07/02/06 02:00,0.0
07/02/06 03:00,0.0
07/02/06 04:00,0.0
07/02/06 05:00,0.0
07/02/06 06:00,8.3
07/02/06 07:00,30.1
07/02/06 08:00,48.3
07/02/06 09:00,67.6
07/02/06 10:00,75.2
07/02/06 11:00,75.7
07/02/06 12:00,77.1
07/02/06 13:00,72.8
07/02/06 14:00,61.9
07/02/06 15:00,49.6
07/02/06 16:00,32.0
07/02/06 17:00,15.9
07/02/06 18:00,0.2
07/02/06 19:00,0.0
07/02/06 20:00,0.0
07/02/06 21:00,0.0
07/02/06 22:00,0.0
07/02/06 23:00,0.0
07/03/06 00:00,0.0
07/03/06 01:00,0.0
07/03/06 02:00,0.0
07/03/06 03:00,0.0
07/03/06 04:00,0.0
07/03/06 05:00,0.0
07/03/06 06:00,9.1
07/03/06 07:00,32.3
07/03/06 08:00,51.4
07/03/06 09:00,64.6
07/03/06 10:00,72.7
07/03/06 11:00,77.9
07/03/06 12:00,77.5
07/03/06 13:00,71.9
07/03/06 14:00,63.0
07/03/06 15:00,49.8
07/03/06 16:00,32.6
07/03/06 17:00,15.8
07/03/06 18:00,0.8
07/03/06 19:00,0.0
07/03/06 20:00,0.0
07/03/06 21:00,0.0
07/03/06 22:00,0.0
07/03/06 23:00,0.0
07/04/06 00:00,0.0
07/04/06 01:00,0.0
07/04/06 02:00,0.0
07/04/06 03:00,0.0
07/04/06 04:00,0.0
07/04/06 05:00,0.0
07/04/06 06:00,9.0
07/04/06 07:00,29.9
07/04/06 08:00,38.0
07/04/06 09:00,67.2
07/04/06 10:00,73.6
07/04/06 11:00,31.8
07/04/06 12:00,73.4
07/04/06 13:00,69.0
07/04/06 14:00,42.5
07/04/06 15:00,49.1
07/04/06 16:00,12.9
07/04/06 17:00,0.2
07/04/06 18:00,0.0
07/04/06 19:00,0.0
07/04/06 20:00,0.0
07/04/06 21:00,0.0
07/04/06 22:00,0.0
07/04/06 23:00,0.0
07/05/06 00:00,0.0
07/05/06 01:00,0.0
07/05/06 02:00,0.0
07/05/06 03:00,0.0
07/05/06 04:00,0.0
07/05/06 05:00,0.0
07/05/06 06:00,5.7
07/05/06 07:00,31.0
07/05/06 08:00,41.6
07/05/06 09:00,29.4
07/05/06 10:00,41.0
07/05/06 11:00,54.9
07/05/06 12:00,43.3
07/05/06 13:00,39.6
07/05/06 14:00,67.1
07/05/06 15:00,52.7
07/05/06 16:00,34.6
07/05/06 17:00,16.6
07/05/06 18:00,0.9
07/05/06 19:00,0.0
07/05/06 20:00,0.0
07/05/06 21:00,0.0
07/05/06 22:00,0.0
07/05/06 23:00,0.0
07/06/06 00:00,0.0
07/06/06 01:00,0.0
07/06/06 02:00,0.0
07/06/06 03:00,0.0
07/06/06 04:00,0.0
07/06/06 05:00,0.0
07/06/06 06:00,6.8
07/06/06 07:00,14.7
07/06/06 08:00,53.5
07/06/06 09:00,68.3
07/06/06 10:00,78.7
07/06/06 11:00,84.8
07/06/06 12:00,83.9
07/06/06 13:00,77.7
07/06/06 14:00,67.9
07/06/06 15:00,53.4
07/06/06 16:00,33.9
07/06/06 17:00,16.7
07/06/06 18:00,0.9
07/06/06 19:00,0.0
07/06/06 20:00,0.0
07/06/06 21:00,0.0
07/06/06 22:00,0.0
07/06/06 23:00,0.0
07/07/06 00:00,0.0
07/07/06 01:00,0.0
07/07/06 02:00,0.0
07/07/06 03:00,0.0
07/07/06 04:00,0.0
07/07/06 05:00,0.0
07/07/06 06:00,9.3
07/07/06 07:00,31.8
07/07/06 08:00,50.8
07/07/06 09:00,67.2
07/07/06 10:00,77.2
07/07/06 11:00,78.7
07/07/06 12:00,81.7
07/07/06 13:00,77.3
07/07/06 14:00,67.0
07/07/06 15:00,52.2
07/07/06 16:00,33.8
07/07/06 17:00,16.4
07/07/06 18:00,0.9
07/07/06 19:00,0.0
07/07/06 20:00,0.0
07/07/06 21:00,0.0
07/07/06 22:00,0.0
07/07/06 23:00,0.0
07/08/06 00:00,0.0
07/08/06 01:00,0.0
07/08/06 02:00,0.0
07/08/06 03:00,0.0
07/08/06 04:00,0.0
07/08/06 05:00,0.0
07/08/06 06:00,8.4
07/08/06 07:00,29.7
07/08/06 08:00,49.6
07/08/06 09:00,69.6
07/08/06 10:00,75.8
07/08/06 11:00,73.1
07/08/06 12:00,74.2
07/08/06 13:00,71.5
07/08/06 14:00,64.3
07/08/06 15:00,50.8
07/08/06 16:00,33.3
07/08/06 17:00,15.9
07/08/06 18:00,0.8
07/08/06 19:00,0.0
07/08/06 20:00,0.0
07/08/06 21:00,0.0
07/08/06 22:00,0.0
07/08/06 23:00,0.0
07/09/06 00:00,0.0
07/09/06 01:00,0.0
07/09/06 02:00,0.0
07/09/06 03:00,0.0
07/09/06 04:00,0.0
07/09/06 05:00,0.0
07/09/06 06:00,7.4
07/09/06 07:00,31.6
07/09/06 08:00,37.2
07/09/06 09:00,47.0
07/09/06 10:00,24.9
07/09/06 11:00,27.1
07/09/06 12:00,32.6
07/09/06 13:00,30.9
07/09/06 14:00,35.4
07/09/06 15:00,31.3
07/09/06 16:00,19.2
07/09/06 17:00,14.4
07/09/06 18:00,0.2
07/09/06 19:00,0.0
07/09/06 20:00,0.0
07/09/06 21:00,0.0
07/09/06 22:00,0.0
07/09/06 23:00,0.0
07/10/06 00:00,0.0
07/10/06 01:00,0.0
07/10/06 02:00,0.0
07/10/06 03:00,0.0
07/10/06 04:00,0.0
07/10/06 05:00,0.0
07/10/06 06:00,4.0
07/10/06 07:00,21.9
07/10/06 08:00,12.4
07/10/06 09:00,26.2
07/10/06 10:00,29.3
07/10/06 11:00,12.0
07/10/06 12:00,12.4
07/10/06 13:00,12.7
07/10/06 14:00,11.3
07/10/06 15:00,13.3
07/10/06 16:00,4.4
07/10/06 17:00,0.2
07/10/06 18:00,0.1
07/10/06 19:00,0.0
07/10/06 20:00,0.0
07/10/06 21:00,0.0
07/10/06 22:00,0.0
07/10/06 23:00,0.0
07/11/06 00:00,0.0
07/11/06 01:00,0.0
07/11/06 02:00,0.0
07/11/06 03:00,0.0
07/11/06 04:00,0.0
07/11/06 05:00,0.0
07/11/06 06:00,0.2
07/11/06 07:00,12.2
07/11/06 08:00,26.2
07/11/06 09:00,24.9
07/11/06 10:00,27.6
07/11/06 11:00,28.5
07/11/06 12:00,17.2
07/11/06 13:00,15.8
07/11/06 14:00,9.7
07/11/06 15:00,4.3
07/11/06 16:00,1.4
07/11/06 17:00,0.2
07/11/06 18:00,0.0
07/11/06 19:00,0.0
07/11/06 20:00,0.0
07/11/06 21:00,0.0
07/11/06 22:00,0.0
07/11/06 23:00,0.0
07/12/06 00:00,0.0
07/12/06 01:00,0.0
07/12/06 02:00,0.0
07/12/06 03:00,0.0
07/12/06 04:00,0.0
07/12/06 05:00,0.0
07/12/06 06:00,1.9
07/12/06 07:00,11.4
07/12/06 08:00,25.8
07/12/06 09:00,34.3
07/12/06 10:00,47.2
07/12/06 11:00,66.5
07/12/06 12:00,43.8
07/12/06 13:00,69.9
07/12/06 14:00,48.9
07/12/06 15:00,42.3
07/12/06 16:00,23.1
07/12/06 17:00,17.5
07/12/06 18:00,0.0
07/12/06 19:00,0.0
07/12/06 20:00,0.0
07/12/06 21:00,0.0
07/12/06 22:00,0.0
07/12/06 23:00,0.0
07/13/06 00:00,0.0
07/13/06 01:00,0.0
07/13/06 02:00,0.0
07/13/06 03:00,0.0
07/13/06 04:00,0.0
07/13/06 05:00,0.0
07/13/06 06:00,1.8
07/13/06 07:00,15.3
07/13/06 08:00,38.7
07/13/06 09:00,50.6
07/13/06 10:00,73.5
07/13/06 11:00,76.2
07/13/06 12:00,78.1
07/13/06 13:00,74.2
07/13/06 14:00,64.8
07/13/06 15:00,48.3
07/13/06 16:00,34.1
07/13/06 17:00,15.4
07/13/06 18:00,0.0
07/13/06 19:00,0.0
07/13/06 20:00,0.0
07/13/06 21:00,0.0
07/13/06 22:00,0.0
07/13/06 23:00,0.0
07/14/06 00:00,0.0
07/14/06 01:00,0.0
07/14/06 02:00,0.0
07/14/06 03:00,0.0
07/14/06 04:00,0.0
07/14/06 05:00,0.0
07/14/06 06:00,4.0
07/14/06 07:00,22.7
07/14/06 08:00,50.7
07/14/06 09:00,70.4
07/14/06 10:00,76.2
07/14/06 11:00,79.0
07/14/06 12:00,78.5
07/14/06 13:00,74.6
07/14/06 14:00,65.8
07/14/06 15:00,52.9
07/14/06 16:00,21.3
07/14/06 17:00,0.1
07/14/06 18:00,0.5
07/14/06 19:00,0.0
07/14/06 20:00,0.0
07/14/06 21:00,0.0
07/14/06 22:00,0.0
07/14/06 23:00,0.0
07/15/06 00:00,0.0
07/15/06 01:00,0.0
07/15/06 02:00,0.0
07/15/06 03:00,0.0
07/15/06 04:00,0.0
07/15/06 05:00,0.0
07/15/06 06:00,7.0
07/15/06 07:00,32.2
07/15/06 08:00,49.1
07/15/06 09:00,63.1
07/15/06 10:00,70.1
07/15/06 11:00,79.5
07/15/06 12:00,79.5
07/15/06 13:00,75.0
07/15/06 14:00,62.9
07/15/06 15:00,48.3
07/15/06 16:00,33.0
07/15/06 17:00,15.5
07/15/06 18:00,0.7
07/15/06 19:00,0.0
07/15/06 20:00,0.0
07/15/06 21:00,0.0
07/15/06 22:00,0.0
07/15/06 23:00,0.0
07/16/06 00:00,0.0
07/16/06 01:00,0.0
07/16/06 02:00,0.0
07/16/06 03:00,0.0
07/16/06 04:00,0.0
07/16/06 05:00,0.0
07/16/06 06:00,6.8
07/16/06 07:00,30.3
07/16/06 08:00,48.8
07/16/06 09:00,62.5
07/16/06 10:00,69.7
07/16/06 11:00,72.7
07/16/06 12:00,72.8
07/16/06 13:00,72.5
07/16/06 14:00,60.2
07/16/06 15:00,20.0
07/16/06 16:00,33.2
07/16/06 17:00,15.0
07/16/06 18:00,0.7
07/16/06 19:00,0.0
07/16/06 20:00,0.0
07/16/06 21:00,0.0
07/16/06 22:00,0.0
07/16/06 23:00,0.0
07/17/06 00:00,0.0
07/17/06 01:00,0.0
07/17/06 02:00,0.0
07/17/06 03:00,0.0
07/17/06 04:00,0.0
07/17/06 05:00,0.0
07/17/06 06:00,5.7
07/17/06 07:00,28.9
07/17/06 08:00,22.3
07/17/06 09:00,65.1
07/17/06 10:00,69.9
07/17/06 11:00,73.0
07/17/06 12:00,77.0
07/17/06 13:00,71.3
07/17/06 14:00,60.2
07/17/06 15:00,48.0
07/17/06 16:00,32.4
07/17/06 17:00,15.7
07/17/06 18:00,0.7
07/17/06 19:00,0.0
07/17/06 20:00,0.0
07/17/06 21:00,0.0
07/17/06 22:00,0.0
07/17/06 23:00,0.0
07/18/06 00:00,0.0
07/18/06 01:00,0.0
07/18/06 02:00,0.0
07/18/06 03:00,0.0
07/18/06 04:00,0.0
07/18/06 05:00,0.0
07/18/06 06:00,1.1
07/18/06 07:00,29.9
07/18/06 08:00,47.7
07/18/06 09:00,60.4
07/18/06 10:00,72.9
07/18/06 11:00,75.5
07/18/06 12:00,78.1
07/18/06 13:00,70.0
07/18/06 14:00,51.4
07/18/06 15:00,50.7
07/18/06 16:00,32.7
07/18/06 17:00,15.8
07/18/06 18:00,0.6
07/18/06 19:00,0.0
07/18/06 20:00,0.0
07/18/06 21:00,0.0
07/18/06 22:00,0.0
07/18/06 23:00,0.0
07/19/06 00:00,0.0
07/19/06 01:00,0.0
07/19/06 02:00,0.0
07/19/06 03:00,0.0
07/19/06 04:00,0.0
07/19/06 05:00,0.0
07/19/06 06:00,5.9
07/19/06 07:00,28.5
07/19/06 08:00,47.9
07/19/06 09:00,62.5
07/19/06 10:00,68.4
07/19/06 11:00,72.2
07/19/06 12:00,75.5
07/19/06 13:00,68.1
07/19/06 14:00,60.2
07/19/06 15:00,47.9
07/19/06 16:00,31.0
07/19/06 17:00,15.4
07/19/06 18:00,0.6
07/19/06 19:00,0.0
07/19/06 20:00,0.0
07/19/06 21:00,0.0
07/19/06 22:00,0.0
07/19/06 23:00,0.0
07/20/06 00:00,0.0
07/20/06 01:00,0.0
07/20/06 02:00,0.0
07/20/06 03:00,0.0
07/20/06 04:00,0.0
07/20/06 05:00,0.0
07/20/06 06:00,5.4
07/20/06 07:00,29.9
07/20/06 08:00,46.2
07/20/06 09:00,59.3
07/20/06 10:00,69.0
07/20/06 11:00,47.7
07/20/06 12:00,48.2
07/20/06 13:00,70.2
07/20/06 14:00,57.0
07/20/06 15:00,49.8
07/20/06 16:00,31.9
07/20/06 17:00,14.8
07/20/06 18:00,0.4
07/20/06 19:00,0.0
07/20/06 20:00,0.0
07/20/06 21:00,0.0
07/20/06 22:00,0.0
07/20/06 23:00,0.0
07/21/06 00:00,0.0
07/21/06 01:00,0.0
07/21/06 02:00,0.0
07/21/06 03:00,0.0
07/21/06 04:00,0.0
07/21/06 05:00,0.0
07/21/06 06:00,4.4
07/21/06 07:00,29.2
07/21/06 08:00,45.8
07/21/06 09:00,61.6
07/21/06 10:00,72.6
07/21/06 11:00,77.4
07/21/06 12:00,73.6
07/21/06 13:00,71.7
07/21/06 14:00,64.6
07/21/06 15:00,19.3
07/21/06 16:00,14.1
07/21/06 17:00,9.9
07/21/06 18:00,0.2
07/21/06 19:00,0.0
07/21/06 20:00,0.0
07/21/06 21:00,0.0
07/21/06 22:00,0.0
07/21/06 23:00,0.0
07/22/06 00:00,0.0
07/22/06 01:00,0.0
07/22/06 02:00,0.0
07/22/06 03:00,0.0
07/22/06 04:00,0.0
07/22/06 05:00,0.0
07/22/06 06:00,4.1
07/22/06 07:00,29.5
07/22/06 08:00,52.8
07/22/06 09:00,71.0
07/22/06 10:00,79.1
07/22/06 11:00,81.4
07/22/06 12:00,84.1
07/22/06 13:00,77.8
07/22/06 14:00,67.7
07/22/06 15:00,53.5
07/22/06 16:00,34.2
07/22/06 17:00,16.0
07/22/06 18:00,0.6
07/22/06 19:00,0.0
07/22/06 20:00,0.0
07/22/06 21:00,0.0
07/22/06 22:00,0.0
07/22/06 23:00,0.0
07/23/06 00:00,0.0
07/23/06 01:00,0.0
07/23/06 02:00,0.0
07/23/06 03:00,0.0
07/23/06 04:00,0.0
07/23/06 05:00,0.0
07/23/06 06:00,5.8
07/23/06 07:00,31.5
07/23/06 08:00,49.1
07/23/06 09:00,64.2
07/23/06 10:00,71.6
07/23/06 11:00,79.7
07/23/06 12:00,81.0
07/23/06 13:00,72.0
07/23/06 14:00,66.5
07/23/06 15:00,52.5
07/23/06 16:00,33.8
07/23/06 17:00,15.8
07/23/06 18:00,0.6
07/23/06 19:00,0.0
07/23/06 20:00,0.0
07/23/06 21:00,0.0
07/23/06 22:00,0.0
07/23/06 23:00,0.0
07/24/06 00:00,0.0
07/24/06 01:00,0.0
07/24/06 02:00,0.0
07/24/06 03:00,0.0
07/24/06 04:00,0.0
07/24/06 05:00,0.0
07/24/06 06:00,5.3
07/24/06 07:00,31.0
07/24/06 08:00,47.9
07/24/06 09:00,64.6
07/24/06 10:00,74.9
07/24/06 11:00,77.2
07/24/06 12:00,77.3
07/24/06 13:00,69.2
07/24/06 14:00,64.4
07/24/06 15:00,51.3
07/24/06 16:00,33.5
07/24/06 17:00,15.8
07/24/06 18:00,0.5
07/24/06 19:00,0.0
07/24/06 20:00,0.0
07/24/06 21:00,0.0
07/24/06 22:00,0.0
07/24/06 23:00,0.0
07/25/06 00:00,0.0
07/25/06 01:00,0.0
07/25/06 02:00,0.0
07/25/06 03:00,0.0
07/25/06 04:00,0.0
07/25/06 05:00,0.0
07/25/06 06:00,4.8
07/25/06 07:00,30.2
07/25/06 08:00,49.8
07/25/06 09:00,63.3
07/25/06 10:00,74.9
07/25/06 11:00,79.9
07/25/06 12:00,76.9
07/25/06 13:00,74.5
07/25/06 14:00,66.3
07/25/06 15:00,51.9
07/25/06 16:00,33.0
07/25/06 17:00,15.5
07/25/06 18:00,0.5
07/25/06 19:00,0.0
07/25/06 20:00,0.0
07/25/06 21:00,0.0
07/25/06 22:00,0.0
07/25/06 23:00,0.0
07/26/06 00:00,0.0
07/26/06 01:00,0.0
07/26/06 02:00,0.0
07/26/06 03:00,0.0
07/26/06 04:00,0.0
07/26/06 05:00,0.0
07/26/06 06:00,6.7
07/26/06 07:00,29.0
07/26/06 08:00,39.3
07/26/06 09:00,68.2
07/26/06 10:00,73.9
07/26/06 11:00,81.2
07/26/06 12:00,80.7
07/26/06 13:00,77.2
07/26/06 14:00,65.7
07/26/06 15:00,52.5
07/26/06 16:00,33.2
07/26/06 17:00,15.6
07/26/06 18:00,0.5
07/26/06 19:00,0.0
07/26/06 20:00,0.0
07/26/06 21:00,0.0
07/26/06 22:00,0.0
07/26/06 23:00,0.0
07/27/06 00:00,0.0
07/27/06 01:00,0.0
07/27/06 02:00,0.0
07/27/06 03:00,0.0
07/27/06 04:00,0.0
07/27/06 05:00,0.0
07/27/06 06:00,3.3
07/27/06 07:00,30.2
07/27/06 08:00,50.6
07/27/06 09:00,70.5
07/27/06 10:00,63.9
07/27/06 11:00,55.1
07/27/06 12:00,19.0
07/27/06 13:00,16.9
07/27/06 14:00,43.6
07/27/06 15:00,50.0
07/27/06 16:00,33.6
07/27/06 17:00,15.7
07/27/06 18:00,0.4
07/27/06 19:00,0.0
07/27/06 20:00,0.0
07/27/06 21:00,0.0
07/27/06 22:00,0.0
07/27/06 23:00,0.0
07/28/06 00:00,0.0
07/28/06 01:00,0.0
07/28/06 02:00,0.0
07/28/06 03:00,0.0
07/28/06 04:00,0.0
07/28/06 05:00,0.0
07/28/06 06:00,5.9
07/28/06 07:00,30.4
07/28/06 08:00,36.1
07/28/06 09:00,24.5
07/28/06 10:00,24.6
07/28/06 11:00,18.5
07/28/06 12:00,22.6
07/28/06 13:00,23.2
07/28/06 14:00,12.4
07/28/06 15:00,22.1
07/28/06 16:00,11.8
07/28/06 17:00,1.2
07/28/06 18:00,0.3
07/28/06 19:00,0.0
07/28/06 20:00,0.0
07/28/06 21:00,0.0
07/28/06 22:00,0.0
07/28/06 23:00,0.0
07/29/06 00:00,0.0
07/29/06 01:00,0.0
07/29/06 02:00,0.0
07/29/06 03:00,0.0
07/29/06 04:00,0.0
07/29/06 05:00,0.0
07/29/06 06:00,2.5
07/29/06 07:00,8.9
07/29/06 08:00,31.5
07/29/06 09:00,31.5
07/29/06 10:00,42.5
07/29/06 11:00,42.4
07/29/06 12:00,58.6
07/29/06 13:00,48.3
07/29/06 14:00,53.5
07/29/06 15:00,49.1
07/29/06 16:00,31.4
07/29/06 17:00,15.1
07/29/06 18:00,0.4
07/29/06 19:00,0.0
07/29/06 20:00,0.0
07/29/06 21:00,0.0
07/29/06 22:00,0.0
07/29/06 23:00,0.0
07/30/06 00:00,0.0
07/30/06 01:00,0.0
07/30/06 02:00,0.0
07/30/06 03:00,0.0
07/30/06 04:00,0.0
07/30/06 05:00,0.0
07/30/06 06:00,1.9
07/30/06 07:00,13.1
07/30/06 08:00,5.5
07/30/06 09:00,8.3
07/30/06 10:00,11.5
07/30/06 11:00,18.5
07/30/06 12:00,27.1
07/30/06 13:00,54.6
07/30/06 14:00,64.3
07/30/06 15:00,48.5
07/30/06 16:00,31.2
07/30/06 17:00,15.0
07/30/06 18:00,0.4
07/30/06 19:00,0.0
07/30/06 20:00,0.0
07/30/06 21:00,0.0
07/30/06 22:00,0.0
07/30/06 23:00,0.0
07/31/06 00:00,0.0
07/31/06 01:00,0.0
07/31/06 02:00,0.0
07/31/06 03:00,0.0
07/31/06 04:00,0.0
07/31/06 05:00,0.0
07/31/06 06:00,0.0
07/31/06 07:00,0.5
07/31/06 08:00,46.7
07/31/06 09:00,64.6
07/31/06 10:00,76.5
07/31/06 11:00,79.1
07/31/06 12:00,78.9
07/31/06 13:00,75.1
07/31/06 14:00,65.7
07/31/06 15:00,51.3
07/31/06 16:00,32.8
07/31/06 17:00,14.9
07/31/06 18:00,0.3
07/31/06 19:00,0.0
07/31/06 20:00,0.0
07/31/06 21:00,0.0
07/31/06 22:00,0.0
07/31/06 23:00,0.0
08/01/06 00:00,0.0
08/01/06 01:00,0.0
08/01/06 02:00,0.0
08/01/06 03:00,0.0
08/01/06 04:00,0.0
08/01/06 05:00,0.0
08/01/06 06:00,8.0
08/01/06 07:00,29.9
08/01/06 08:00,50.7
08/01/06 09:00,66.7
08/01/06 10:00,75.2
08/01/06 11:00,79.5
08/01/06 12:00,79.0
08/01/06 13:00,74.3
08/01/06 14:00,65.6
08/01/06 15:00,51.0
08/01/06 16:00,32.7
08/01/06 17:00,14.8
08/01/06 18:00,0.3
08/01/06 19:00,0.0
08/01/06 20:00,0.0
08/01/06 21:00,0.0
08/01/06 22:00,0.0
08/01/06 23:00,0.0
08/02/06 00:00,0.0
08/02/06 01:00,0.0
08/02/06 02:00,0.0
08/02/06 03:00,0.0
08/02/06 04:00,0.0
08/02/06 05:00,0.0
08/02/06 06:00,6.5
08/02/06 07:00,29.2
08/02/06 08:00,47.6
08/02/06 09:00,67.8
08/02/06 10:00,75.2
08/02/06 11:00,80.2
08/02/06 12:00,81.1
08/02/06 13:00,75.4
08/02/06 14:00,65.9
08/02/06 15:00,51.8
08/02/06 16:00,32.4
08/02/06 17:00,14.6
08/02/06 18:00,0.3
08/02/06 19:00,0.0
08/02/06 20:00,0.0
08/02/06 21:00,0.0
08/02/06 22:00,0.0
08/02/06 23:00,0.0
08/03/06 00:00,0.0
08/03/06 01:00,0.0
08/03/06 02:00,0.0
08/03/06 03:00,0.0
08/03/06 04:00,0.0
08/03/06 05:00,0.0
08/03/06 06:00,5.8
08/03/06 07:00,29.3
08/03/06 08:00,40.5
08/03/06 09:00,62.4
08/03/06 10:00,73.1
08/03/06 11:00,78.6
08/03/06 12:00,78.6
08/03/06 13:00,71.0
08/03/06 14:00,63.4
08/03/06 15:00,49.7
08/03/06 16:00,31.8
08/03/06 17:00,14.4
08/03/06 18:00,0.3
08/03/06 19:00,0.0
08/03/06 20:00,0.0
08/03/06 21:00,0.0
08/03/06 22:00,0.0
08/03/06 23:00,0.0
08/04/06 00:00,0.0
08/04/06 01:00,0.0
08/04/06 02:00,0.0
08/04/06 03:00,0.0
08/04/06 04:00,0.0
08/04/06 05:00,0.0
08/04/06 06:00,3.0
08/04/06 07:00,26.8
08/04/06 08:00,16.1
08/04/06 09:00,41.7
08/04/06 10:00,71.1
08/04/06 11:00,14.9
08/04/06 12:00,74.0
08/04/06 13:00,48.2
08/04/06 14:00,54.1
08/04/06 15:00,41.2
08/04/06 16:00,24.9
08/04/06 17:00,14.7
08/04/06 18:00,0.2
08/04/06 19:00,0.0
08/04/06 20:00,0.0
08/04/06 21:00,0.0
08/04/06 22:00,0.0
08/04/06 23:00,0.0
08/05/06 00:00,0.0
08/05/06 01:00,0.0
08/05/06 02:00,0.0
08/05/06 03:00,0.0
08/05/06 04:00,0.0
08/05/06 05:00,0.0
08/05/06 06:00,0.3
08/05/06 07:00,19.2
08/05/06 08:00,49.2
08/05/06 09:00,66.0
08/05/06 10:00,73.6
08/05/06 11:00,80.9
08/05/06 12:00,77.4
08/05/06 13:00,69.9
08/05/06 14:00,65.1
08/05/06 15:00,51.0
08/05/06 16:00,31.9
08/05/06 17:00,14.2
08/05/06 18:00,0.2
08/05/06 19:00,0.0
08/05/06 20:00,0.0
08/05/06 21:00,0.0
08/05/06 22:00,0.0
08/05/06 23:00,0.0
08/06/06 00:00,0.0
08/06/06 01:00,0.0
08/06/06 02:00,0.0
08/06/06 03:00,0.0
08/06/06 04:00,0.0
08/06/06 05:00,0.0
08/06/06 06:00,0.0
08/06/06 07:00,29.8
08/06/06 08:00,48.9
08/06/06 09:00,63.0
08/06/06 10:00,70.9
08/06/06 11:00,73.8
08/06/06 12:00,73.8
08/06/06 13:00,73.2
08/06/06 14:00,56.2
08/06/06 15:00,50.5
08/06/06 16:00,27.6
08/06/06 17:00,13.8
08/06/06 18:00,0.2
08/06/06 19:00,0.0
08/06/06 20:00,0.0
08/06/06 21:00,0.0
08/06/06 22:00,0.0
08/06/06 23:00,0.0
08/07/06 00:00,0.0
08/07/06 01:00,0.0
08/07/06 02:00,0.0
08/07/06 03:00,0.0
08/07/06 04:00,0.0
08/07/06 05:00,0.0
08/07/06 06:00,4.7
08/07/06 07:00,29.3
08/07/06 08:00,48.3
08/07/06 09:00,63.7
08/07/06 10:00,74.4
08/07/06 11:00,79.7
08/07/06 12:00,79.4
08/07/06 13:00,75.1
08/07/06 14:00,64.6
08/07/06 15:00,50.4
08/07/06 16:00,31.8
08/07/06 17:00,13.9
08/07/06 18:00,0.2
08/07/06 19:00,0.0
08/07/06 20:00,0.0
08/07/06 21:00,0.0
08/07/06 22:00,0.0
08/07/06 23:00,0.0
08/08/06 00:00,0.0
08/08/06 01:00,0.0
08/08/06 02:00,0.0
08/08/06 03:00,0.0
08/08/06 04:00,0.0
08/08/06 05:00,0.0
08/08/06 06:00,4.2
08/08/06 07:00,29.9
08/08/06 08:00,47.7
08/08/06 09:00,62.0
08/08/06 10:00,77.0
08/08/06 11:00,78.5
08/08/06 12:00,78.1
08/08/06 13:00,70.0
08/08/06 14:00,63.1
08/08/06 15:00,47.3
08/08/06 16:00,24.9
08/08/06 17:00,13.7
08/08/06 18:00,0.2
08/08/06 19:00,0.0
08/08/06 20:00,0.0
08/08/06 21:00,0.0
08/08/06 22:00,0.0
08/08/06 23:00,0.0
08/09/06 00:00,0.0
08/09/06 01:00,0.0
08/09/06 02:00,0.0
08/09/06 03:00,0.0
08/09/06 04:00,0.0
08/09/06 05:00,0.0
08/09/06 06:00,3.9
08/09/06 07:00,28.3
08/09/06 08:00,51.0
08/09/06 09:00,62.9
08/09/06 10:00,67.5
08/09/06 11:00,68.3
08/09/06 12:00,80.3
08/09/06 13:00,74.9
08/09/06 14:00,67.6
08/09/06 15:00,37.4
08/09/06 16:00,12.8
08/09/06 17:00,0.1
08/09/06 18:00,0.1
08/09/06 19:00,0.0
08/09/06 20:00,0.0
08/09/06 21:00,0.0
08/09/06 22:00,0.0
08/09/06 23:00,0.0
08/10/06 00:00,0.0
08/10/06 01:00,0.0
08/10/06 02:00,0.0
08/10/06 03:00,0.0
08/10/06 04:00,0.0
08/10/06 05:00,0.0
08/10/06 06:00,3.6
08/10/06 07:00,27.6
08/10/06 08:00,42.2
08/10/06 09:00,63.4
08/10/06 10:00,69.9
08/10/06 11:00,50.0
08/10/06 12:00,85.0
08/10/06 13:00,45.4
08/10/06 14:00,13.5
08/10/06 15:00,3.5
08/10/06 16:00,12.1
08/10/06 17:00,12.9
08/10/06 18:00,0.1
08/10/06 19:00,0.0
08/10/06 20:00,0.0
08/10/06 21:00,0.0
08/10/06 22:00,0.0
08/10/06 23:00,0.0
08/11/06 00:00,0.0
08/11/06 01:00,0.0
08/11/06 02:00,0.0
08/11/06 03:00,0.0
08/11/06 04:00,0.0
08/11/06 05:00,0.0
08/11/06 06:00,4.0
08/11/06 07:00,27.4
08/11/06 08:00,48.3
08/11/06 09:00,39.9
08/11/06 10:00,44.5
08/11/06 11:00,47.6
08/11/06 12:00,12.0
08/11/06 13:00,11.1
08/11/06 14:00,8.2
08/11/06 15:00,3.5
08/11/06 16:00,0.8
08/11/06 17:00,1.4
08/11/06 18:00,0.0
08/11/06 19:00,0.0
08/11/06 20:00,0.0
08/11/06 21:00,0.0
08/11/06 22:00,0.0
08/11/06 23:00,0.0
08/12/06 00:00,0.0
08/12/06 01:00,0.0
08/12/06 02:00,0.0
08/12/06 03:00,0.0
08/12/06 04:00,0.0
08/12/06 05:00,0.0
08/12/06 06:00,0.4
08/12/06 07:00,16.9
08/12/06 08:00,28.1
08/12/06 09:00,26.4
08/12/06 10:00,17.2
08/12/06 11:00,20.6
08/12/06 12:00,23.3
08/12/06 13:00,58.6
08/12/06 14:00,50.8
08/12/06 15:00,48.7
08/12/06 16:00,30.5
08/12/06 17:00,13.0
08/12/06 18:00,0.0
08/12/06 19:00,0.0
08/12/06 20:00,0.0
08/12/06 21:00,0.0
08/12/06 22:00,0.0
08/12/06 23:00,0.0
08/13/06 00:00,0.0
08/13/06 01:00,0.0
08/13/06 02:00,0.0
08/13/06 03:00,0.0
08/13/06 04:00,0.0
08/13/06 05:00,0.0
08/13/06 06:00,0.5
08/13/06 07:00,10.7
08/13/06 08:00,9.6
08/13/06 09:00,60.9
08/13/06 10:00,64.7
08/13/06 11:00,76.8
08/13/06 12:00,73.3
08/13/06 13:00,71.7
08/13/06 14:00,59.8
08/13/06 15:00,46.4
08/13/06 16:00,29.9
08/13/06 17:00,13.2
08/13/06 18:00,0.1
08/13/06 19:00,0.0
08/13/06 20:00,0.0
08/13/06 21:00,0.0
08/13/06 22:00,0.0
08/13/06 23:00,0.0
08/14/06 00:00,0.0
08/14/06 01:00,0.0
08/14/06 02:00,0.0
08/14/06 03:00,0.0
08/14/06 04:00,0.0
08/14/06 05:00,0.0
08/14/06 06:00,3.7
08/14/06 07:00,27.9
08/14/06 08:00,43.6
08/14/06 09:00,27.0
08/14/06 10:00,10.9
08/14/06 11:00,77.9
08/14/06 12:00,78.0
08/14/06 13:00,33.3
08/14/06 14:00,60.1
08/14/06 15:00,49.1
08/14/06 16:00,31.6
08/14/06 17:00,13.8
08/14/06 18:00,0.1
08/14/06 19:00,0.0
08/14/06 20:00,0.0
08/14/06 21:00,0.0
08/14/06 22:00,0.0
08/14/06 23:00,0.0
08/15/06 00:00,0.0
08/15/06 01:00,0.0
08/15/06 02:00,0.0
08/15/06 03:00,0.0
08/15/06 04:00,0.0
08/15/06 05:00,0.0
08/15/06 06:00,0.0
08/15/06 07:00,0.0
08/15/06 08:00,1.7
08/15/06 09:00,65.7
08/15/06 10:00,80.7
08/15/06 11:00,81.7
08/15/06 12:00,83.9
08/15/06 13:00,75.2
08/15/06 14:00,61.8
08/15/06 15:00,49.5
08/15/06 16:00,31.0
08/15/06 17:00,13.2
08/15/06 18:00,0.1
08/15/06 19:00,0.0
08/15/06 20:00,0.0
08/15/06 21:00,0.0
08/15/06 22:00,0.0
08/15/06 23:00,0.0
08/16/06 00:00,0.0
08/16/06 01:00,0.0
08/16/06 02:00,0.0
08/16/06 03:00,0.0
08/16/06 04:00,0.0
08/16/06 05:00,0.0
08/16/06 06:00,3.8
08/16/06 07:00,30.6
08/16/06 08:00,52.2
08/16/06 09:00,67.4
08/16/06 10:00,71.6
08/16/06 11:00,81.8
08/16/06 12:00,82.6
08/16/06 13:00,77.3
08/16/06 14:00,65.3
08/16/06 15:00,50.7
08/16/06 16:00,30.7
08/16/06 17:00,12.8
08/16/06 18:00,0.1
08/16/06 19:00,0.0
08/16/06 20:00,0.0
08/16/06 21:00,0.0
08/16/06 22:00,0.0
08/16/06 23:00,0.0
08/17/06 00:00,0.0
08/17/06 01:00,0.0
08/17/06 02:00,0.0
08/17/06 03:00,0.0
08/17/06 04:00,0.0
08/17/06 05:00,0.0
08/17/06 06:00,3.7
08/17/06 07:00,28.7
08/17/06 08:00,49.2
08/17/06 09:00,63.3
08/17/06 10:00,71.8
08/17/06 11:00,77.7
08/17/06 12:00,78.9
08/17/06 13:00,69.5
08/17/06 14:00,63.8
08/17/06 15:00,46.7
08/17/06 16:00,28.4
08/17/06 17:00,12.6
08/17/06 18:00,0.0
08/17/06 19:00,0.0
08/17/06 20:00,0.0
08/17/06 21:00,0.0
08/17/06 22:00,0.0
08/17/06 23:00,0.0
08/18/06 00:00,0.0
08/18/06 01:00,0.0
08/18/06 02:00,0.0
08/18/06 03:00,0.0
08/18/06 04:00,0.0
08/18/06 05:00,0.0
08/18/06 06:00,2.8
08/18/06 07:00,28.3
08/18/06 08:00,48.6
08/18/06 09:00,62.3
08/18/06 10:00,74.5
08/18/06 11:00,79.4
08/18/06 12:00,77.5
08/18/06 13:00,72.5
08/18/06 14:00,62.7
08/18/06 15:00,48.4
08/18/06 16:00,27.9
08/18/06 17:00,12.1
08/18/06 18:00,0.0
08/18/06 19:00,0.0
08/18/06 20:00,0.0
08/18/06 21:00,0.0
08/18/06 22:00,0.0
08/18/06 23:00,0.0
08/19/06 00:00,0.0
08/19/06 01:00,0.0
08/19/06 02:00,0.0
08/19/06 03:00,0.0
08/19/06 04:00,0.0
08/19/06 05:00,0.0
08/19/06 06:00,2.6
08/19/06 07:00,28.4
08/19/06 08:00,49.0
08/19/06 09:00,61.8
08/19/06 10:00,67.1
08/19/06 11:00,71.5
08/19/06 12:00,76.7
08/19/06 13:00,71.7
08/19/06 14:00,59.8
08/19/06 15:00,47.8
08/19/06 16:00,28.6
08/19/06 17:00,12.4
08/19/06 18:00,0.0
08/19/06 19:00,0.0
08/19/06 20:00,0.0
08/19/06 21:00,0.0
08/19/06 22:00,0.0
08/19/06 23:00,0.0
08/20/06 00:00,0.0
08/20/06 01:00,0.0
08/20/06 02:00,0.0
08/20/06 03:00,0.0
08/20/06 04:00,0.0
08/20/06 05:00,0.0
08/20/06 06:00,2.7
08/20/06 07:00,27.4
08/20/06 08:00,47.8
08/20/06 09:00,65.8
08/20/06 10:00,69.3
08/20/06 11:00,71.1
08/20/06 12:00,60.6
08/20/06 13:00,59.8
08/20/06 14:00,34.0
08/20/06 15:00,18.6
08/20/06 16:00,25.2
08/20/06 17:00,12.1
08/20/06 18:00,0.0
08/20/06 19:00,0.0
08/20/06 20:00,0.0
08/20/06 21:00,0.0
08/20/06 22:00,0.0
08/20/06 23:00,0.0
08/21/06 00:00,0.0
08/21/06 01:00,0.0
08/21/06 02:00,0.0
08/21/06 03:00,0.0
08/21/06 04:00,0.0
08/21/06 05:00,0.0
08/21/06 06:00,0.6
08/21/06 07:00,27.7
08/21/06 08:00,47.8
08/21/06 09:00,31.0
08/21/06 10:00,10.7
08/21/06 11:00,11.6
08/21/06 12:00,11.7
08/21/06 13:00,67.6
08/21/06 14:00,37.9
08/21/06 15:00,14.2
08/21/06 16:00,25.7
08/21/06 17:00,4.3
08/21/06 18:00,0.0
08/21/06 19:00,0.0
08/21/06 20:00,0.0
08/21/06 21:00,0.0
08/21/06 22:00,0.0
08/21/06 23:00,0.0
08/22/06 00:00,0.0
08/22/06 01:00,0.0
08/22/06 02:00,0.0
08/22/06 03:00,0.0
08/22/06 04:00,0.0
08/22/06 05:00,0.0
08/22/06 06:00,0.0
08/22/06 07:00,12.8
08/22/06 08:00,1.6
08/22/06 09:00,61.8
08/22/06 10:00,59.4
08/22/06 11:00,73.9
08/22/06 12:00,75.8
08/22/06 13:00,68.8
08/22/06 14:00,58.0
08/22/06 15:00,45.5
08/22/06 16:00,29.1
08/22/06 17:00,12.1
08/22/06 18:00,0.0
08/22/06 19:00,0.0
08/22/06 20:00,0.0
08/22/06 21:00,0.0
08/22/06 22:00,0.0
08/22/06 23:00,0.0
08/23/06 00:00,0.0
08/23/06 01:00,0.0
08/23/06 02:00,0.0
08/23/06 03:00,0.0
08/23/06 04:00,0.0
08/23/06 05:00,0.0
08/23/06 06:00,0.0
08/23/06 07:00,28.0
08/23/06 08:00,36.7
08/23/06 09:00,64.1
08/23/06 10:00,70.4
08/23/06 11:00,73.1
08/23/06 12:00,75.3
08/23/06 13:00,73.6
08/23/06 14:00,61.7
08/23/06 15:00,46.0
08/23/06 16:00,25.3
08/23/06 17:00,11.1
08/23/06 18:00,0.0
08/23/06 19:00,0.0
08/23/06 20:00,0.0
08/23/06 21:00,0.0
08/23/06 22:00,0.0
08/23/06 23:00,0.0
08/24/06 00:00,0.0
08/24/06 01:00,0.0
08/24/06 02:00,0.0
08/24/06 03:00,0.0
08/24/06 04:00,0.0
08/24/06 05:00,0.0
08/24/06 06:00,2.6
08/24/06 07:00,29.9
08/24/06 08:00,48.2
08/24/06 09:00,64.8
08/24/06 10:00,77.0
08/24/06 11:00,81.3
08/24/06 12:00,80.4
08/24/06 13:00,69.2
08/24/06 14:00,63.6
08/24/06 15:00,48.2
08/24/06 16:00,29.1
08/24/06 17:00,11.4
08/24/06 18:00,0.0
08/24/06 19:00,0.0
08/24/06 20:00,0.0
08/24/06 21:00,0.0
08/24/06 22:00,0.0
08/24/06 23:00,0.0
08/25/06 00:00,0.0
08/25/06 01:00,0.0
08/25/06 02:00,0.0
08/25/06 03:00,0.0
08/25/06 04:00,0.0
08/25/06 05:00,0.0
08/25/06 06:00,2.5
08/25/06 07:00,28.4
08/25/06 08:00,50.5
08/25/06 09:00,62.4
08/25/06 10:00,74.4
08/25/06 11:00,68.1
08/25/06 12:00,70.5
08/25/06 13:00,42.2
08/25/06 14:00,36.2
08/25/06 15:00,22.3
08/25/06 16:00,19.0
08/25/06 17:00,3.5
08/25/06 18:00,0.0
08/25/06 19:00,0.0
08/25/06 20:00,0.0
08/25/06 21:00,0.0
08/25/06 22:00,0.0
08/25/06 23:00,0.0
08/26/06 00:00,0.0
08/26/06 01:00,0.0
08/26/06 02:00,0.0
08/26/06 03:00,0.0
08/26/06 04:00,0.0
08/26/06 05:00,0.0
08/26/06 06:00,2.4
08/26/06 07:00,27.6
08/26/06 08:00,46.8
08/26/06 09:00,23.2
08/26/06 10:00,27.1
08/26/06 11:00,51.5
08/26/06 12:00,37.5
08/26/06 13:00,44.9
08/26/06 14:00,40.2
08/26/06 15:00,35.3
08/26/06 16:00,8.1
08/26/06 17:00,0.1
08/26/06 18:00,0.0
08/26/06 19:00,0.0
08/26/06 20:00,0.0
08/26/06 21:00,0.0
08/26/06 22:00,0.0
08/26/06 23:00,0.0
08/27/06 00:00,0.0
08/27/06 01:00,0.0
08/27/06 02:00,0.0
08/27/06 03:00,0.0
08/27/06 04:00,0.0
08/27/06 05:00,0.0
08/27/06 06:00,0.0
08/27/06 07:00,5.5
08/27/06 08:00,16.4
08/27/06 09:00,59.0
08/27/06 10:00,54.0
08/27/06 11:00,19.5
08/27/06 12:00,55.3
08/27/06 13:00,62.3
08/27/06 14:00,56.8
08/27/06 15:00,36.8
08/27/06 16:00,26.8
08/27/06 17:00,10.1
08/27/06 18:00,0.0
08/27/06 19:00,0.0
08/27/06 20:00,0.0
08/27/06 21:00,0.0
08/27/06 22:00,0.0
08/27/06 23:00,0.0
08/28/06 00:00,0.0
08/28/06 01:00,0.0
08/28/06 02:00,0.0
08/28/06 03:00,0.0
08/28/06 04:00,0.0
08/28/06 05:00,0.0
08/28/06 06:00,2.0
08/28/06 07:00,25.4
08/28/06 08:00,34.2
08/28/06 09:00,24.3
08/28/06 10:00,22.1
08/28/06 11:00,11.3
08/28/06 12:00,23.9
08/28/06 13:00,37.9
08/28/06 14:00,42.8
08/28/06 15:00,23.1
08/28/06 16:00,27.6
08/28/06 17:00,10.2
08/28/06 18:00,0.0
08/28/06 19:00,0.0
08/28/06 20:00,0.0
08/28/06 21:00,0.0
08/28/06 22:00,0.0
08/28/06 23:00,0.0
08/29/06 00:00,0.0
08/29/06 01:00,0.0
08/29/06 02:00,0.0
08/29/06 03:00,0.0
08/29/06 04:00,0.0
08/29/06 05:00,0.0
08/29/06 06:00,0.1
08/29/06 07:00,5.8
08/29/06 08:00,12.9
08/29/06 09:00,41.5
08/29/06 10:00,18.2
08/29/06 11:00,27.4
08/29/06 12:00,54.0
08/29/06 13:00,10.6
08/29/06 14:00,29.6
08/29/06 15:00,14.4
08/29/06 16:00,11.6
08/29/06 17:00,7.8
08/29/06 18:00,0.0
08/29/06 19:00,0.0
08/29/06 20:00,0.0
08/29/06 21:00,0.0
08/29/06 22:00,0.0
08/29/06 23:00,0.0
08/30/06 00:00,0.0
08/30/06 01:00,0.0
08/30/06 02:00,0.0
08/30/06 03:00,0.0
08/30/06 04:00,0.0
08/30/06 05:00,0.0
08/30/06 06:00,0.2
08/30/06 07:00,16.7
08/30/06 08:00,10.4
08/30/06 09:00,65.8
08/30/06 10:00,33.2
08/30/06 11:00,49.9
08/30/06 12:00,76.3
08/30/06 13:00,64.1
08/30/06 14:00,60.6
08/30/06 15:00,46.0
08/30/06 16:00,28.4
08/30/06 17:00,1.0
08/30/06 18:00,0.0
08/30/06 19:00,0.0
08/30/06 20:00,0.0
08/30/06 21:00,0.0
08/30/06 22:00,0.0
08/30/06 23:00,0.0
08/31/06 00:00,0.0
08/31/06 01:00,0.0
08/31/06 02:00,0.0
08/31/06 03:00,0.0
08/31/06 04:00,0.0
08/31/06 05:00,0.0
08/31/06 06:00,0.7
08/31/06 07:00,27.5
08/31/06 08:00,19.2
08/31/06 09:00,42.4
08/31/06 10:00,39.6
08/31/06 11:00,30.9
08/31/06 12:00,21.6
08/31/06 13:00,58.6
08/31/06 14:00,34.4
08/31/06 15:00,40.5
08/31/06 16:00,25.6
08/31/06 17:00,5.7
08/31/06 18:00,0.0
08/31/06 19:00,0.0
08/31/06 20:00,0.0
08/31/06 21:00,0.0
08/31/06 22:00,0.0
08/31/06 23:00,0.0
09/01/06 00:00,0.0
09/01/06 01:00,0.0
09/01/06 02:00,0.0
09/01/06 03:00,0.0
09/01/06 04:00,0.0
09/01/06 05:00,0.0
09/01/06 06:00,0.2
09/01/06 07:00,16.6
09/01/06 08:00,22.7
09/01/06 09:00,31.1
09/01/06 10:00,74.5
09/01/06 11:00,49.8
09/01/06 12:00,27.1
09/01/06 13:00,45.2
09/01/06 14:00,50.2
09/01/06 15:00,23.9
09/01/06 16:00,0.4
09/01/06 17:00,8.3
09/01/06 18:00,0.0
09/01/06 19:00,0.0
09/01/06 20:00,0.0
09/01/06 21:00,0.0
09/01/06 22:00,0.0
09/01/06 23:00,0.0
09/02/06 00:00,0.0
09/02/06 01:00,0.0
09/02/06 02:00,0.0
09/02/06 03:00,0.0
09/02/06 04:00,0.0
09/02/06 05:00,0.0
09/02/06 06:00,0.2
09/02/06 07:00,12.0
09/02/06 08:00,47.5
09/02/06 09:00,48.3
09/02/06 10:00,77.3
09/02/06 11:00,58.1
09/02/06 12:00,12.5
09/02/06 13:00,20.7
09/02/06 14:00,18.1
09/02/06 15:00,8.4
09/02/06 16:00,1.5
09/02/06 17:00,0.1
09/02/06 18:00,0.0
09/02/06 19:00,0.0
09/02/06 20:00,0.0
09/02/06 21:00,0.0
09/02/06 22:00,0.0
09/02/06 23:00,0.0
09/03/06 00:00,0.0
09/03/06 01:00,0.0
09/03/06 02:00,0.0
09/03/06 03:00,0.0
09/03/06 04:00,0.0
09/03/06 05:00,0.0
09/03/06 06:00,0.1
09/03/06 07:00,22.4
09/03/06 08:00,49.6
09/03/06 09:00,69.4
09/03/06 10:00,83.7
09/03/06 11:00,76.1
09/03/06 12:00,84.9
09/03/06 13:00,76.6
09/03/06 14:00,37.8
09/03/06 15:00,46.1
09/03/06 16:00,21.9
09/03/06 17:00,3.6
09/03/06 18:00,0.0
09/03/06 19:00,0.0
09/03/06 20:00,0.0
09/03/06 21:00,0.0
09/03/06 22:00,0.0
09/03/06 23:00,0.0
09/04/06 00:00,0.0
09/04/06 01:00,0.0
09/04/06 02:00,0.0
09/04/06 03:00,0.0
09/04/06 04:00,0.0
09/04/06 05:00,0.0
09/04/06 06:00,1.6
09/04/06 07:00,28.5
09/04/06 08:00,51.4
09/04/06 09:00,23.0
09/04/06 10:00,27.2
09/04/06 11:00,35.5
09/04/06 12:00,25.4
09/04/06 13:00,18.5
09/04/06 14:00,35.6
09/04/06 15:00,22.1
09/04/06 16:00,15.1
09/04/06 17:00,3.8
09/04/06 18:00,0.0
09/04/06 19:00,0.0
09/04/06 20:00,0.0
09/04/06 21:00,0.0
09/04/06 22:00,0.0
09/04/06 23:00,0.0
09/05/06 00:00,0.0
09/05/06 01:00,0.0
09/05/06 02:00,0.0
09/05/06 03:00,0.0
09/05/06 04:00,0.0
09/05/06 05:00,0.0
09/05/06 06:00,0.8
09/05/06 07:00,4.9
09/05/06 08:00,16.2
09/05/06 09:00,67.1
09/05/06 10:00,67.1
09/05/06 11:00,37.8
09/05/06 12:00,64.2
09/05/06 13:00,54.0
09/05/06 14:00,20.5
09/05/06 15:00,10.5
09/05/06 16:00,27.1
09/05/06 17:00,6.2
09/05/06 18:00,0.0
09/05/06 19:00,0.0
09/05/06 20:00,0.0
09/05/06 21:00,0.0
09/05/06 22:00,0.0
09/05/06 23:00,0.0
09/06/06 00:00,0.0
09/06/06 01:00,0.0
09/06/06 02:00,0.0
09/06/06 03:00,0.0
09/06/06 04:00,0.0
09/06/06 05:00,0.0
09/06/06 06:00,1.5
09/06/06 07:00,30.5
09/06/06 08:00,45.7
09/06/06 09:00,66.2
09/06/06 10:00,76.5
09/06/06 11:00,83.9
09/06/06 12:00,82.3
09/06/06 13:00,77.3
09/06/06 14:00,64.3
09/06/06 15:00,43.9
09/06/06 16:00,25.4
09/06/06 17:00,5.5
09/06/06 18:00,0.0
09/06/06 19:00,0.0
09/06/06 20:00,0.0
09/06/06 21:00,0.0
09/06/06 22:00,0.0
09/06/06 23:00,0.0
09/07/06 00:00,0.0
09/07/06 01:00,0.0
09/07/06 02:00,0.0
09/07/06 03:00,0.0
09/07/06 04:00,0.0
09/07/06 05:00,0.0
09/07/06 06:00,1.2
09/07/06 07:00,31.1
09/07/06 08:00,54.6
09/07/06 09:00,66.0
09/07/06 10:00,74.9
09/07/06 11:00,77.4
09/07/06 12:00,78.9
09/07/06 13:00,75.1
09/07/06 14:00,64.2
09/07/06 15:00,45.7
09/07/06 16:00,25.1
09/07/06 17:00,4.8
09/07/06 18:00,0.0
09/07/06 19:00,0.0
09/07/06 20:00,0.0
09/07/06 21:00,0.0
09/07/06 22:00,0.0
09/07/06 23:00,0.0
09/08/06 00:00,0.0
09/08/06 01:00,0.0
09/08/06 02:00,0.0
09/08/06 03:00,0.0
09/08/06 04:00,0.0
09/08/06 05:00,0.0
09/08/06 06:00,1.3
09/08/06 07:00,30.6
09/08/06 08:00,51.4
09/08/06 09:00,65.9
09/08/06 10:00,75.6
09/08/06 11:00,76.0
09/08/06 12:00,75.7
09/08/06 13:00,72.8
09/08/06 14:00,59.9
09/08/06 15:00,43.0
09/08/06 16:00,24.5
09/08/06 17:00,1.8
09/08/06 18:00,0.0
09/08/06 19:00,0.0
09/08/06 20:00,0.0
09/08/06 21:00,0.0
09/08/06 22:00,0.0
09/08/06 23:00,0.0
09/09/06 00:00,0.0
09/09/06 01:00,0.0
09/09/06 02:00,0.0
09/09/06 03:00,0.0
09/09/06 04:00,0.0
09/09/06 05:00,0.0
09/09/06 06:00,1.0
09/09/06 07:00,29.0
09/09/06 08:00,53.2
09/09/06 09:00,62.3
09/09/06 10:00,71.0
09/09/06 11:00,77.6
09/09/06 12:00,78.5
09/09/06 13:00,70.3
09/09/06 14:00,40.5
09/09/06 15:00,39.1
09/09/06 16:00,13.6
09/09/06 17:00,1.6
09/09/06 18:00,0.0
09/09/06 19:00,0.0
09/09/06 20:00,0.0
09/09/06 21:00,0.0
09/09/06 22:00,0.0
09/09/06 23:00,0.0
09/10/06 00:00,0.0
09/10/06 01:00,0.0
09/10/06 02:00,0.0
09/10/06 03:00,0.0
09/10/06 04:00,0.0
09/10/06 05:00,0.0
09/10/06 06:00,0.0
09/10/06 07:00,25.7
09/10/06 08:00,49.0
09/10/06 09:00,64.6
09/10/06 10:00,73.1
09/10/06 11:00,78.1
09/10/06 12:00,74.4
09/10/06 13:00,71.4
09/10/06 14:00,57.3
09/10/06 15:00,41.1
09/10/06 16:00,23.4
09/10/06 17:00,3.2
09/10/06 18:00,0.0
09/10/06 19:00,0.0
09/10/06 20:00,0.0
09/10/06 21:00,0.0
09/10/06 22:00,0.0
09/10/06 23:00,0.0
09/11/06 00:00,0.0
09/11/06 01:00,0.0
09/11/06 02:00,0.0
09/11/06 03:00,0.0
09/11/06 04:00,0.0
09/11/06 05:00,0.0
09/11/06 06:00,0.4
09/11/06 07:00,28.3
09/11/06 08:00,48.1
09/11/06 09:00,64.3
09/11/06 10:00,67.5
09/11/06 11:00,60.3
09/11/06 12:00,34.8
09/11/06 13:00,14.1
09/11/06 14:00,5.8
09/11/06 15:00,25.2
09/11/06 16:00,22.9
09/11/06 17:00,0.2
09/11/06 18:00,0.0
09/11/06 19:00,0.0
09/11/06 20:00,0.0
09/11/06 21:00,0.0
09/11/06 22:00,0.0
09/11/06 23:00,0.0
09/12/06 00:00,0.0
09/12/06 01:00,0.0
09/12/06 02:00,0.0
09/12/06 03:00,0.0
09/12/06 04:00,0.0
09/12/06 05:00,0.0
09/12/06 06:00,0.9
09/12/06 07:00,27.2
09/12/06 08:00,43.2
09/12/06 09:00,19.5
09/12/06 10:00,16.0
09/12/06 11:00,28.1
09/12/06 12:00,47.6
09/12/06 13:00,12.8
09/12/06 14:00,48.7
09/12/06 15:00,21.7
09/12/06 16:00,12.6
09/12/06 17:00,0.1
09/12/06 18:00,0.0
09/12/06 19:00,0.0
09/12/06 20:00,0.0
09/12/06 21:00,0.0
09/12/06 22:00,0.0
09/12/06 23:00,0.0
09/13/06 00:00,0.0
09/13/06 01:00,0.0
09/13/06 02:00,0.0
09/13/06 03:00,0.0
09/13/06 04:00,0.0
09/13/06 05:00,0.0
09/13/06 06:00,0.1
09/13/06 07:00,2.7
09/13/06 08:00,5.9
09/13/06 09:00,68.7
09/13/06 10:00,81.1
09/13/06 11:00,23.0
09/13/06 12:00,36.2
09/13/06 13:00,24.2
09/13/06 14:00,20.1
09/13/06 15:00,11.0
09/13/06 16:00,15.9
09/13/06 17:00,0.5
09/13/06 18:00,0.0
09/13/06 19:00,0.0
09/13/06 20:00,0.0
09/13/06 21:00,0.0
09/13/06 22:00,0.0
09/13/06 23:00,0.0
09/14/06 00:00,0.0
09/14/06 01:00,0.0
09/14/06 02:00,0.0
09/14/06 03:00,0.0
09/14/06 04:00,0.0
09/14/06 05:00,0.0
09/14/06 06:00,0.8
09/14/06 07:00,31.4
09/14/06 08:00,52.2
09/14/06 09:00,69.2
09/14/06 10:00,76.8
09/14/06 11:00,79.6
09/14/06 12:00,76.2
09/14/06 13:00,58.6
09/14/06 14:00,56.0
09/14/06 15:00,28.0
09/14/06 16:00,24.2
09/14/06 17:00,0.4
09/14/06 18:00,0.0
09/14/06 19:00,0.0
09/14/06 20:00,0.0
09/14/06 21:00,0.0
09/14/06 22:00,0.0
09/14/06 23:00,0.0
09/15/06 00:00,0.0
09/15/06 01:00,0.0
09/15/06 02:00,0.0
09/15/06 03:00,0.0
09/15/06 04:00,0.0
09/15/06 05:00,0.0
09/15/06 06:00,0.7
09/15/06 07:00,30.6
09/15/06 08:00,54.1
09/15/06 09:00,66.5
09/15/06 10:00,78.2
09/15/06 11:00,82.4
09/15/06 12:00,66.7
09/15/06 13:00,70.0
09/15/06 14:00,57.3
09/15/06 15:00,43.8
09/15/06 16:00,14.9
09/15/06 17:00,0.1
09/15/06 18:00,0.0
09/15/06 19:00,0.0
09/15/06 20:00,0.0
09/15/06 21:00,0.0
09/15/06 22:00,0.0
09/15/06 23:00,0.0
09/16/06 00:00,0.0
09/16/06 01:00,0.0
09/16/06 02:00,0.0
09/16/06 03:00,0.0
09/16/06 04:00,0.0
09/16/06 05:00,0.0
09/16/06 06:00,0.6
09/16/06 07:00,30.7
09/16/06 08:00,53.2
09/16/06 09:00,69.4
09/16/06 10:00,77.4
09/16/06 11:00,80.9
09/16/06 12:00,79.0
09/16/06 13:00,71.4
09/16/06 14:00,61.2
09/16/06 15:00,43.6
09/16/06 16:00,22.7
09/16/06 17:00,1.7
09/16/06 18:00,0.0
09/16/06 19:00,0.0
09/16/06 20:00,0.0
09/16/06 21:00,0.0
09/16/06 22:00,0.0
09/16/06 23:00,0.0
09/17/06 00:00,0.0
09/17/06 01:00,0.0
09/17/06 02:00,0.0
09/17/06 03:00,0.0
09/17/06 04:00,0.0
09/17/06 05:00,0.0
09/17/06 06:00,0.1
09/17/06 07:00,29.2
09/17/06 08:00,52.1
09/17/06 09:00,69.1
09/17/06 10:00,72.4
09/17/06 11:00,77.3
09/17/06 12:00,76.1
09/17/06 13:00,45.4
09/17/06 14:00,23.0
09/17/06 15:00,25.5
09/17/06 16:00,0.2
09/17/06 17:00,0.2
09/17/06 18:00,0.0
09/17/06 19:00,0.0
09/17/06 20:00,0.0
09/17/06 21:00,0.0
09/17/06 22:00,0.0
09/17/06 23:00,0.0
09/18/06 00:00,0.0
09/18/06 01:00,0.0
09/18/06 02:00,0.0
09/18/06 03:00,0.0
09/18/06 04:00,0.0
09/18/06 05:00,0.0
09/18/06 06:00,0.1
09/18/06 07:00,30.8
09/18/06 08:00,49.8
09/18/06 09:00,19.8
09/18/06 10:00,20.9
09/18/06 11:00,11.7
09/18/06 12:00,13.5
09/18/06 13:00,15.0
09/18/06 14:00,12.2
09/18/06 15:00,4.7
09/18/06 16:00,6.1
09/18/06 17:00,0.0
09/18/06 18:00,0.0
09/18/06 19:00,0.0
09/18/06 20:00,0.0
09/18/06 21:00,0.0
09/18/06 22:00,0.0
09/18/06 23:00,0.0
09/19/06 00:00,0.0
09/19/06 01:00,0.0
09/19/06 02:00,0.0
09/19/06 03:00,0.0
09/19/06 04:00,0.0
09/19/06 05:00,0.0
09/19/06 06:00,0.0
09/19/06 07:00,2.2
09/19/06 08:00,12.1
09/19/06 09:00,70.6
09/19/06 10:00,80.2
09/19/06 11:00,83.8
09/19/06 12:00,84.9
09/19/06 13:00,77.8
09/19/06 14:00,64.2
09/19/06 15:00,45.4
09/19/06 16:00,22.8
09/19/06 17:00,1.4
09/19/06 18:00,0.0
09/19/06 19:00,0.0
09/19/06 20:00,0.0
09/19/06 21:00,0.0
09/19/06 22:00,0.0
09/19/06 23:00,0.0
09/20/06 00:00,0.0
09/20/06 01:00,0.0
09/20/06 02:00,0.0
09/20/06 03:00,0.0
09/20/06 04:00,0.0
09/20/06 05:00,0.0
09/20/06 06:00,0.2
09/20/06 07:00,31.7
09/20/06 08:00,55.2
09/20/06 09:00,68.4
09/20/06 10:00,77.3
09/20/06 11:00,82.5
09/20/06 12:00,84.7
09/20/06 13:00,77.9
09/20/06 14:00,64.6
09/20/06 15:00,44.9
09/20/06 16:00,22.0
09/20/06 17:00,1.1
09/20/06 18:00,0.0
09/20/06 19:00,0.0
09/20/06 20:00,0.0
09/20/06 21:00,0.0
09/20/06 22:00,0.0
09/20/06 23:00,0.0
09/21/06 00:00,0.0
09/21/06 01:00,0.0
09/21/06 02:00,0.0
09/21/06 03:00,0.0
09/21/06 04:00,0.0
09/21/06 05:00,0.0
09/21/06 06:00,0.1
09/21/06 07:00,31.0
09/21/06 08:00,53.5
09/21/06 09:00,62.1
09/21/06 10:00,77.0
09/21/06 11:00,61.7
09/21/06 12:00,83.2
09/21/06 13:00,75.5
09/21/06 14:00,48.4
09/21/06 15:00,27.7
09/21/06 16:00,11.3
09/21/06 17:00,0.0
09/21/06 18:00,0.0
09/21/06 19:00,0.0
09/21/06 20:00,0.0
09/21/06 21:00,0.0
09/21/06 22:00,0.0
09/21/06 23:00,0.0
09/22/06 00:00,0.0
09/22/06 01:00,0.0
09/22/06 02:00,0.0
09/22/06 03:00,0.0
09/22/06 04:00,0.0
09/22/06 05:00,0.0
09/22/06 06:00,0.0
09/22/06 07:00,27.4
09/22/06 08:00,50.1
09/22/06 09:00,12.8
09/22/06 10:00,8.9
09/22/06 11:00,10.9
09/22/06 12:00,11.4
09/22/06 13:00,32.9
09/22/06 14:00,24.3
09/22/06 15:00,35.5
09/22/06 16:00,0.3
09/22/06 17:00,0.0
09/22/06 18:00,0.0
09/22/06 19:00,0.0
09/22/06 20:00,0.0
09/22/06 21:00,0.0
09/22/06 22:00,0.0
09/22/06 23:00,0.0
09/23/06 00:00,0.0
09/23/06 01:00,0.0
09/23/06 02:00,0.0
09/23/06 03:00,0.0
09/23/06 04:00,0.0
09/23/06 05:00,0.0
09/23/06 06:00,0.0
09/23/06 07:00,0.3
09/23/06 08:00,1.0
09/23/06 09:00,4.5
09/23/06 10:00,20.2
09/23/06 11:00,11.0
09/23/06 12:00,11.3
09/23/06 13:00,9.1
09/23/06 14:00,4.2
09/23/06 15:00,1.1
09/23/06 16:00,0.1
09/23/06 17:00,0.0
09/23/06 18:00,0.0
09/23/06 19:00,0.0
09/23/06 20:00,0.0
09/23/06 21:00,0.0
09/23/06 22:00,0.0
09/23/06 23:00,0.0
09/24/06 00:00,0.0
09/24/06 01:00,0.0
09/24/06 02:00,0.0
09/24/06 03:00,0.0
09/24/06 04:00,0.0
09/24/06 05:00,0.0
09/24/06 06:00,0.0
09/24/06 07:00,0.1
09/24/06 08:00,11.6
09/24/06 09:00,68.8
09/24/06 10:00,80.2
09/24/06 11:00,83.2
09/24/06 12:00,79.3
09/24/06 13:00,17.8
09/24/06 14:00,32.2
09/24/06 15:00,18.8
09/24/06 16:00,7.3
09/24/06 17:00,0.0
09/24/06 18:00,0.0
09/24/06 19:00,0.0
09/24/06 20:00,0.0
09/24/06 21:00,0.0
09/24/06 22:00,0.0
09/24/06 23:00,0.0
09/25/06 00:00,0.0
09/25/06 01:00,0.0
09/25/06 02:00,0.0
09/25/06 03:00,0.0
09/25/06 04:00,0.0
09/25/06 05:00,0.0
09/25/06 06:00,0.0
09/25/06 07:00,30.9
09/25/06 08:00,54.7
09/25/06 09:00,69.9
09/25/06 10:00,77.7
09/25/06 11:00,82.1
09/25/06 12:00,80.9
09/25/06 13:00,74.2
09/25/06 14:00,60.9
09/25/06 15:00,42.9
09/25/06 16:00,20.4
09/25/06 17:00,0.3
09/25/06 18:00,0.0
09/25/06 19:00,0.0
09/25/06 20:00,0.0
09/25/06 21:00,0.0
09/25/06 22:00,0.0
09/25/06 23:00,0.0
09/26/06 00:00,0.0
09/26/06 01:00,0.0
09/26/06 02:00,0.0
09/26/06 03:00,0.0
09/26/06 04:00,0.0
09/26/06 05:00,0.0
09/26/06 06:00,0.0
09/26/06 07:00,30.3
09/26/06 08:00,52.6
09/26/06 09:00,66.9
09/26/06 10:00,79.4
09/26/06 11:00,77.4
09/26/06 12:00,79.3
09/26/06 13:00,73.3
09/26/06 14:00,61.8
09/26/06 15:00,41.0
09/26/06 16:00,19.6
09/26/06 17:00,0.3
09/26/06 18:00,0.0
09/26/06 19:00,0.0
09/26/06 20:00,0.0
09/26/06 21:00,0.0
09/26/06 22:00,0.0
09/26/06 23:00,0.0
09/27/06 00:00,0.0
09/27/06 01:00,0.0
09/27/06 02:00,0.0
09/27/06 03:00,0.0
09/27/06 04:00,0.0
09/27/06 05:00,0.0
09/27/06 06:00,0.0
09/27/06 07:00,30.1
09/27/06 08:00,52.5
09/27/06 09:00,66.4
09/27/06 10:00,77.4
09/27/06 11:00,75.6
09/27/06 12:00,79.4
09/27/06 13:00,73.5
09/27/06 14:00,60.5
09/27/06 15:00,40.8
09/27/06 16:00,19.4
09/27/06 17:00,0.2
09/27/06 18:00,0.0
09/27/06 19:00,0.0
09/27/06 20:00,0.0
09/27/06 21:00,0.0
09/27/06 22:00,0.0
09/27/06 23:00,0.0
09/28/06 00:00,0.0
09/28/06 01:00,0.0
09/28/06 02:00,0.0
09/28/06 03:00,0.0
09/28/06 04:00,0.0
09/28/06 05:00,0.0
09/28/06 06:00,0.0
09/28/06 07:00,30.3
09/28/06 08:00,55.8
09/28/06 09:00,72.9
09/28/06 10:00,83.2
09/28/06 11:00,78.5
09/28/06 12:00,16.3
09/28/06 13:00,69.5
09/28/06 14:00,26.2
09/28/06 15:00,38.1
09/28/06 16:00,18.5
09/28/06 17:00,0.2
09/28/06 18:00,0.0
09/28/06 19:00,0.0
09/28/06 20:00,0.0
09/28/06 21:00,0.0
09/28/06 22:00,0.0
09/28/06 23:00,0.0
09/29/06 00:00,0.0
09/29/06 01:00,0.0
09/29/06 02:00,0.0
09/29/06 03:00,0.0
09/29/06 04:00,0.0
09/29/06 05:00,0.0
09/29/06 06:00,0.0
09/29/06 07:00,29.2
09/29/06 08:00,54.4
09/29/06 09:00,65.0
09/29/06 10:00,82.0
09/29/06 11:00,79.9
09/29/06 12:00,78.2
09/29/06 13:00,74.9
09/29/06 14:00,59.9
09/29/06 15:00,33.7
09/29/06 16:00,16.2
09/29/06 17:00,0.1
09/29/06 18:00,0.0
09/29/06 19:00,0.0
09/29/06 20:00,0.0
09/29/06 21:00,0.0
09/29/06 22:00,0.0
09/29/06 23:00,0.0
09/30/06 00:00,0.0
09/30/06 01:00,0.0
09/30/06 02:00,0.0
09/30/06 03:00,0.0
09/30/06 04:00,0.0
09/30/06 05:00,0.0
09/30/06 06:00,0.0
09/30/06 07:00,27.5
09/30/06 08:00,55.4
09/30/06 09:00,68.6
09/30/06 10:00,72.5
09/30/06 11:00,29.5
09/30/06 12:00,37.0
09/30/06 13:00,46.2
09/30/06 14:00,51.5
09/30/06 15:00,36.9
09/30/06 16:00,13.1
09/30/06 17:00,0.0
09/30/06 18:00,0.0
09/30/06 19:00,0.0
09/30/06 20:00,0.0
09/30/06 21:00,0.0
09/30/06 22:00,0.0
09/30/06 23:00,0.0
10/01/06 00:00,0.0
10/01/06 01:00,0.0
10/01/06 02:00,0.0
10/01/06 03:00,0.0
10/01/06 04:00,0.0
10/01/06 05:00,0.0
10/01/06 06:00,0.0
10/01/06 07:00,30.3
10/01/06 08:00,48.3
10/01/06 09:00,67.0
10/01/06 10:00,75.0
10/01/06 11:00,75.5
10/01/06 12:00,78.5
10/01/06 13:00,72.3
10/01/06 14:00,59.7
10/01/06 15:00,39.7
10/01/06 16:00,18.0
10/01/06 17:00,0.1
10/01/06 18:00,0.0
10/01/06 19:00,0.0
10/01/06 20:00,0.0
10/01/06 21:00,0.0
10/01/06 22:00,0.0
10/01/06 23:00,0.0
10/02/06 00:00,0.0
10/02/06 01:00,0.0
10/02/06 02:00,0.0
10/02/06 03:00,0.0
10/02/06 04:00,0.0
10/02/06 05:00,0.0
10/02/06 06:00,0.0
10/02/06 07:00,29.7
10/02/06 08:00,54.5
10/02/06 09:00,67.2
10/02/06 10:00,76.4
10/02/06 11:00,82.5
10/02/06 12:00,76.6
10/02/06 13:00,71.7
10/02/06 14:00,59.1
10/02/06 15:00,40.2
10/02/06 16:00,17.8
10/02/06 17:00,0.0
10/02/06 18:00,0.0
10/02/06 19:00,0.0
10/02/06 20:00,0.0
10/02/06 21:00,0.0
10/02/06 22:00,0.0
10/02/06 23:00,0.0
10/03/06 00:00,0.0
10/03/06 01:00,0.0
10/03/06 02:00,0.0
10/03/06 03:00,0.0
10/03/06 04:00,0.0
10/03/06 05:00,0.0
10/03/06 06:00,0.0
10/03/06 07:00,30.6
10/03/06 08:00,53.7
10/03/06 09:00,67.5
10/03/06 10:00,74.4
10/03/06 11:00,78.9
10/03/06 12:00,78.6
10/03/06 13:00,70.9
10/03/06 14:00,54.9
10/03/06 15:00,38.0
10/03/06 16:00,16.1
10/03/06 17:00,0.0
10/03/06 18:00,0.0
10/03/06 19:00,0.0
10/03/06 20:00,0.0
10/03/06 21:00,0.0
10/03/06 22:00,0.0
10/03/06 23:00,0.0
10/04/06 00:00,0.0
10/04/06 01:00,0.0
10/04/06 02:00,0.0
10/04/06 03:00,0.0
10/04/06 04:00,0.0
10/04/06 05:00,0.0
10/04/06 06:00,0.0
10/04/06 07:00,0.0
10/04/06 08:00,50.4
10/04/06 09:00,68.2
10/04/06 10:00,77.6
10/04/06 11:00,81.0
10/04/06 12:00,73.3
10/04/06 13:00,70.3
10/04/06 14:00,58.1
10/04/06 15:00,39.0
10/04/06 16:00,17.2
10/04/06 17:00,0.0
10/04/06 18:00,0.0
10/04/06 19:00,0.0
10/04/06 20:00,0.0
10/04/06 21:00,0.0
10/04/06 22:00,0.0
10/04/06 23:00,0.0
10/05/06 00:00,0.0
10/05/06 01:00,0.0
10/05/06 02:00,0.0
10/05/06 03:00,0.0
10/05/06 04:00,0.0
10/05/06 05:00,0.0
10/05/06 06:00,0.0
10/05/06 07:00,27.9
10/05/06 08:00,51.3
10/05/06 09:00,25.5
10/05/06 10:00,21.4
10/05/06 11:00,14.8
10/05/06 12:00,12.5
10/05/06 13:00,11.3
10/05/06 14:00,12.3
10/05/06 15:00,6.6
10/05/06 16:00,0.7
10/05/06 17:00,0.0
10/05/06 18:00,0.0
10/05/06 19:00,0.0
10/05/06 20:00,0.0
10/05/06 21:00,0.0
10/05/06 22:00,0.0
10/05/06 23:00,0.0
10/06/06 00:00,0.0
10/06/06 01:00,0.0
10/06/06 02:00,0.0
10/06/06 03:00,0.0
10/06/06 04:00,0.0
10/06/06 05:00,0.0
10/06/06 06:00,0.0
10/06/06 07:00,8.1
10/06/06 08:00,12.9
10/06/06 09:00,71.4
10/06/06 10:00,86.3
10/06/06 11:00,86.9
10/06/06 12:00,83.4
10/06/06 13:00,69.5
10/06/06 14:00,62.0
10/06/06 15:00,41.5
10/06/06 16:00,17.7
10/06/06 17:00,0.0
10/06/06 18:00,0.0
10/06/06 19:00,0.0
10/06/06 20:00,0.0
10/06/06 21:00,0.0
10/06/06 22:00,0.0
10/06/06 23:00,0.0
10/07/06 00:00,0.0
10/07/06 01:00,0.0
10/07/06 02:00,0.0
10/07/06 03:00,0.0
10/07/06 04:00,0.0
10/07/06 05:00,0.0
10/07/06 06:00,0.0
10/07/06 07:00,26.2
10/07/06 08:00,55.7
10/07/06 09:00,68.0
10/07/06 10:00,81.7
10/07/06 11:00,82.8
10/07/06 12:00,73.1
10/07/06 13:00,71.1
10/07/06 14:00,58.8
10/07/06 15:00,39.7
10/07/06 16:00,16.7
10/07/06 17:00,0.0
10/07/06 18:00,0.0
10/07/06 19:00,0.0
10/07/06 20:00,0.0
10/07/06 21:00,0.0
10/07/06 22:00,0.0
10/07/06 23:00,0.0
10/08/06 00:00,0.0
10/08/06 01:00,0.0
10/08/06 02:00,0.0
10/08/06 03:00,0.0
10/08/06 04:00,0.0
10/08/06 05:00,0.0
10/08/06 06:00,0.0
10/08/06 07:00,25.8
10/08/06 08:00,55.6
10/08/06 09:00,69.2
10/08/06 10:00,74.1
10/08/06 11:00,76.1
10/08/06 12:00,69.7
10/08/06 13:00,67.3
10/08/06 14:00,54.8
10/08/06 15:00,38.4
10/08/06 16:00,16.5
10/08/06 17:00,0.0
10/08/06 18:00,0.0
10/08/06 19:00,0.0
10/08/06 20:00,0.0
10/08/06 21:00,0.0
10/08/06 22:00,0.0
10/08/06 23:00,0.0
10/09/06 00:00,0.0
10/09/06 01:00,0.0
10/09/06 02:00,0.0
10/09/06 03:00,0.0
10/09/06 04:00,0.0
10/09/06 05:00,0.0
10/09/06 06:00,0.0
10/09/06 07:00,25.6
10/09/06 08:00,52.5
10/09/06 09:00,66.3
10/09/06 10:00,72.2
10/09/06 11:00,72.2
10/09/06 12:00,72.5
10/09/06 13:00,70.0
10/09/06 14:00,54.1
10/09/06 15:00,32.6
10/09/06 16:00,14.4
10/09/06 17:00,0.0
10/09/06 18:00,0.0
10/09/06 19:00,0.0
10/09/06 20:00,0.0
10/09/06 21:00,0.0
10/09/06 22:00,0.0
10/09/06 23:00,0.0
10/10/06 00:00,0.0
10/10/06 01:00,0.0
10/10/06 02:00,0.0
10/10/06 03:00,0.0
10/10/06 04:00,0.0
10/10/06 05:00,0.0
10/10/06 06:00,0.0
10/10/06 07:00,24.5
10/10/06 08:00,49.8
10/10/06 09:00,39.9
10/10/06 10:00,41.9
10/10/06 11:00,28.7
10/10/06 12:00,25.8
10/10/06 13:00,20.8
10/10/06 14:00,18.0
10/10/06 15:00,16.5
10/10/06 16:00,1.9
10/10/06 17:00,0.0
10/10/06 18:00,0.0
10/10/06 19:00,0.0
10/10/06 20:00,0.0
10/10/06 21:00,0.0
10/10/06 22:00,0.0
10/10/06 23:00,0.0
10/11/06 00:00,0.0
10/11/06 01:00,0.0
10/11/06 02:00,0.0
10/11/06 03:00,0.0
10/11/06 04:00,0.0
10/11/06 05:00,0.0
10/11/06 06:00,0.0
10/11/06 07:00,14.4
10/11/06 08:00,27.7
10/11/06 09:00,15.0
10/11/06 10:00,17.1
10/11/06 11:00,20.1
10/11/06 12:00,11.6
10/11/06 13:00,18.0
10/11/06 14:00,47.3
10/11/06 15:00,15.6
10/11/06 16:00,14.4
10/11/06 17:00,0.0
10/11/06 18:00,0.0
10/11/06 19:00,0.0
10/11/06 20:00,0.0
10/11/06 21:00,0.0
10/11/06 22:00,0.0
10/11/06 23:00,0.0
10/12/06 00:00,0.0
10/12/06 01:00,0.0
10/12/06 02:00,0.0
10/12/06 03:00,0.0
10/12/06 04:00,0.0
10/12/06 05:00,0.0
10/12/06 06:00,0.0
10/12/06 07:00,0.3
10/12/06 08:00,6.3
10/12/06 09:00,21.1
10/12/06 10:00,14.8
10/12/06 11:00,19.8
10/12/06 12:00,10.6
10/12/06 13:00,12.6
10/12/06 14:00,12.6
10/12/06 15:00,18.1
10/12/06 16:00,15.2
10/12/06 17:00,0.0
10/12/06 18:00,0.0
10/12/06 19:00,0.0
10/12/06 20:00,0.0
10/12/06 21:00,0.0
10/12/06 22:00,0.0
10/12/06 23:00,0.0
10/13/06 00:00,0.0
10/13/06 01:00,0.0
10/13/06 02:00,0.0
10/13/06 03:00,0.0
10/13/06 04:00,0.0
10/13/06 05:00,0.0
10/13/06 06:00,0.0
10/13/06 07:00,1.6
10/13/06 08:00,3.2
10/13/06 09:00,70.4
10/13/06 10:00,79.3
10/13/06 11:00,82.1
10/13/06 12:00,80.8
10/13/06 13:00,73.8
10/13/06 14:00,60.1
10/13/06 15:00,37.9
10/13/06 16:00,13.7
10/13/06 17:00,0.0
10/13/06 18:00,0.0
10/13/06 19:00,0.0
10/13/06 20:00,0.0
10/13/06 21:00,0.0
10/13/06 22:00,0.0
10/13/06 23:00,0.0
10/14/06 00:00,0.0
10/14/06 01:00,0.0
10/14/06 02:00,0.0
10/14/06 03:00,0.0
10/14/06 04:00,0.0
10/14/06 05:00,0.0
10/14/06 06:00,0.0
10/14/06 07:00,24.2
10/14/06 08:00,55.4
10/14/06 09:00,71.8
10/14/06 10:00,77.6
10/14/06 11:00,77.5
10/14/06 12:00,76.2
10/14/06 13:00,67.1
10/14/06 14:00,57.6
10/14/06 15:00,37.0
10/14/06 16:00,14.2
10/14/06 17:00,0.0
10/14/06 18:00,0.0
10/14/06 19:00,0.0
10/14/06 20:00,0.0
10/14/06 21:00,0.0
10/14/06 22:00,0.0
10/14/06 23:00,0.0
10/15/06 00:00,0.0
10/15/06 01:00,0.0
10/15/06 02:00,0.0
10/15/06 03:00,0.0
10/15/06 04:00,0.0
10/15/06 05:00,0.0
10/15/06 06:00,0.0
10/15/06 07:00,23.6
10/15/06 08:00,49.4
10/15/06 09:00,32.8
10/15/06 10:00,29.9
10/15/06 11:00,20.8
10/15/06 12:00,28.0
10/15/06 13:00,29.3
10/15/06 14:00,17.5
10/15/06 15:00,3.6
10/15/06 16:00,0.0
10/15/06 17:00,0.0
10/15/06 18:00,0.0
10/15/06 19:00,0.0
10/15/06 20:00,0.0
10/15/06 21:00,0.0
10/15/06 22:00,0.0
10/15/06 23:00,0.0
10/16/06 00:00,0.0
10/16/06 01:00,0.0
10/16/06 02:00,0.0
10/16/06 03:00,0.0
10/16/06 04:00,0.0
10/16/06 05:00,0.0
10/16/06 06:00,0.0
10/16/06 07:00,7.9
10/16/06 08:00,17.5
10/16/06 09:00,2.8
10/16/06 10:00,5.8
10/16/06 11:00,8.6
10/16/06 12:00,9.3
10/16/06 13:00,5.6
10/16/06 14:00,2.2
10/16/06 15:00,0.4
10/16/06 16:00,0.0
10/16/06 17:00,0.0
10/16/06 18:00,0.0
10/16/06 19:00,0.0
10/16/06 20:00,0.0
10/16/06 21:00,0.0
10/16/06 22:00,0.0
10/16/06 23:00,0.0
10/17/06 00:00,0.0
10/17/06 01:00,0.0
10/17/06 02:00,0.0
10/17/06 03:00,0.0
10/17/06 04:00,0.0
10/17/06 05:00,0.0
10/17/06 06:00,0.0
10/17/06 07:00,0.0
10/17/06 08:00,0.5
10/17/06 09:00,2.3
10/17/06 10:00,17.3
10/17/06 11:00,11.7
10/17/06 12:00,15.9
10/17/06 13:00,9.5
10/17/06 14:00,6.5
10/17/06 15:00,1.2
10/17/06 16:00,0.0
10/17/06 17:00,0.0
10/17/06 18:00,0.0
10/17/06 19:00,0.0
10/17/06 20:00,0.0
10/17/06 21:00,0.0
10/17/06 22:00,0.0
10/17/06 23:00,0.0
10/18/06 00:00,0.0
10/18/06 01:00,0.0
10/18/06 02:00,0.0
10/18/06 03:00,0.0
10/18/06 04:00,0.0
10/18/06 05:00,0.0
10/18/06 06:00,0.0
10/18/06 07:00,12.0
10/18/06 08:00,4.7
10/18/06 09:00,4.2
10/18/06 10:00,14.8
10/18/06 11:00,14.4
10/18/06 12:00,13.0
10/18/06 13:00,25.0
10/18/06 14:00,45.0
10/18/06 15:00,35.0
10/18/06 16:00,14.2
10/18/06 17:00,0.0
10/18/06 18:00,0.0
10/18/06 19:00,0.0
10/18/06 20:00,0.0
10/18/06 21:00,0.0
10/18/06 22:00,0.0
10/18/06 23:00,0.0
10/19/06 00:00,0.0
10/19/06 01:00,0.0
10/19/06 02:00,0.0
10/19/06 03:00,0.0
10/19/06 04:00,0.0
10/19/06 05:00,0.0
10/19/06 06:00,0.0
10/19/06 07:00,0.8
10/19/06 08:00,2.7
10/19/06 09:00,10.1
10/19/06 10:00,25.6
10/19/06 11:00,7.9
10/19/06 12:00,8.9
10/19/06 13:00,5.2
10/19/06 14:00,2.0
10/19/06 15:00,0.4
10/19/06 16:00,0.0
10/19/06 17:00,0.0
10/19/06 18:00,0.0
10/19/06 19:00,0.0
10/19/06 20:00,0.0
10/19/06 21:00,0.0
10/19/06 22:00,0.0
10/19/06 23:00,0.0
10/20/06 00:00,0.0
10/20/06 01:00,0.0
10/20/06 02:00,0.0
10/20/06 03:00,0.0
10/20/06 04:00,0.0
10/20/06 05:00,0.0
10/20/06 06:00,0.0
10/20/06 07:00,0.2
10/20/06 08:00,13.8
10/20/06 09:00,2.3
10/20/06 10:00,77.4
10/20/06 11:00,85.8
10/20/06 12:00,77.3
10/20/06 13:00,73.7
10/20/06 14:00,59.9
10/20/06 15:00,37.3
10/20/06 16:00,14.5
10/20/06 17:00,0.0
10/20/06 18:00,0.0
10/20/06 19:00,0.0
10/20/06 20:00,0.0
10/20/06 21:00,0.0
10/20/06 22:00,0.0
10/20/06 23:00,0.0
10/21/06 00:00,0.0
10/21/06 01:00,0.0
10/21/06 02:00,0.0
10/21/06 03:00,0.0
10/21/06 04:00,0.0
10/21/06 05:00,0.0
10/21/06 06:00,0.0
10/21/06 07:00,21.6
10/21/06 08:00,54.9
10/21/06 09:00,72.7
10/21/06 10:00,79.1
10/21/06 11:00,83.5
10/21/06 12:00,81.4
10/21/06 13:00,68.7
10/21/06 14:00,58.7
10/21/06 15:00,35.9
10/21/06 16:00,12.6
10/21/06 17:00,0.0
10/21/06 18:00,0.0
10/21/06 19:00,0.0
10/21/06 20:00,0.0
10/21/06 21:00,0.0
10/21/06 22:00,0.0
10/21/06 23:00,0.0
10/22/06 00:00,0.0
10/22/06 01:00,0.0
10/22/06 02:00,0.0
10/22/06 03:00,0.0
10/22/06 04:00,0.0
10/22/06 05:00,0.0
10/22/06 06:00,0.0
10/22/06 07:00,20.4
10/22/06 08:00,53.6
10/22/06 09:00,71.6
10/22/06 10:00,16.7
10/22/06 11:00,44.2
10/22/06 12:00,49.1
10/22/06 13:00,34.9
10/22/06 14:00,55.0
10/22/06 15:00,36.4
10/22/06 16:00,12.8
10/22/06 17:00,0.0
10/22/06 18:00,0.0
10/22/06 19:00,0.0
10/22/06 20:00,0.0
10/22/06 21:00,0.0
10/22/06 22:00,0.0
10/22/06 23:00,0.0
10/23/06 00:00,0.0
10/23/06 01:00,0.0
10/23/06 02:00,0.0
10/23/06 03:00,0.0
10/23/06 04:00,0.0
10/23/06 05:00,0.0
10/23/06 06:00,0.0
10/23/06 07:00,0.2
10/23/06 08:00,3.3
10/23/06 09:00,34.4
10/23/06 10:00,71.2
10/23/06 11:00,34.0
10/23/06 12:00,83.8
10/23/06 13:00,68.0
10/23/06 14:00,30.5
10/23/06 15:00,14.6
10/23/06 16:00,0.3
10/23/06 17:00,0.0
10/23/06 18:00,0.0
10/23/06 19:00,0.0
10/23/06 20:00,0.0
10/23/06 21:00,0.0
10/23/06 22:00,0.0
10/23/06 23:00,0.0
10/24/06 00:00,0.0
10/24/06 01:00,0.0
10/24/06 02:00,0.0
10/24/06 03:00,0.0
10/24/06 04:00,0.0
10/24/06 05:00,0.0
10/24/06 06:00,0.0
10/24/06 07:00,0.0
10/24/06 08:00,45.8
10/24/06 09:00,26.4
10/24/06 10:00,79.5
10/24/06 11:00,81.3
10/24/06 12:00,73.9
10/24/06 13:00,69.9
10/24/06 14:00,55.1
10/24/06 15:00,36.0
10/24/06 16:00,12.5
10/24/06 17:00,0.0
10/24/06 18:00,0.0
10/24/06 19:00,0.0
10/24/06 20:00,0.0
10/24/06 21:00,0.0
10/24/06 22:00,0.0
10/24/06 23:00,0.0
10/25/06 00:00,0.0
10/25/06 01:00,0.0
10/25/06 02:00,0.0
10/25/06 03:00,0.0
10/25/06 04:00,0.0
10/25/06 05:00,0.0
10/25/06 06:00,0.0
10/25/06 07:00,19.4
10/25/06 08:00,52.9
10/25/06 09:00,67.0
10/25/06 10:00,13.6
10/25/06 11:00,12.3
10/25/06 12:00,13.4
10/25/06 13:00,31.1
10/25/06 14:00,6.5
10/25/06 15:00,0.5
10/25/06 16:00,0.0
10/25/06 17:00,0.0
10/25/06 18:00,0.0
10/25/06 19:00,0.0
10/25/06 20:00,0.0
10/25/06 21:00,0.0
10/25/06 22:00,0.0
10/25/06 23:00,0.0
10/26/06 00:00,0.0
10/26/06 01:00,0.0
10/26/06 02:00,0.0
10/26/06 03:00,0.0
10/26/06 04:00,0.0
10/26/06 05:00,0.0
10/26/06 06:00,0.0
10/26/06 07:00,0.0
10/26/06 08:00,1.4
10/26/06 09:00,4.4
10/26/06 10:00,12.2
10/26/06 11:00,6.3
10/26/06 12:00,6.9
10/26/06 13:00,3.8
10/26/06 14:00,1.4
10/26/06 15:00,0.2
10/26/06 16:00,0.0
10/26/06 17:00,0.0
10/26/06 18:00,0.0
10/26/06 19:00,0.0
10/26/06 20:00,0.0
10/26/06 21:00,0.0
10/26/06 22:00,0.0
10/26/06 23:00,0.0
10/27/06 00:00,0.0
10/27/06 01:00,0.0
10/27/06 02:00,0.0
10/27/06 03:00,0.0
10/27/06 04:00,0.0
10/27/06 05:00,0.0
10/27/06 06:00,0.0
10/27/06 07:00,0.4
10/27/06 08:00,0.9
10/27/06 09:00,1.6
10/27/06 10:00,5.0
10/27/06 11:00,5.7
10/27/06 12:00,6.4
10/27/06 13:00,3.6
10/27/06 14:00,1.3
10/27/06 15:00,0.7
10/27/06 16:00,0.0
10/27/06 17:00,0.0
10/27/06 18:00,0.0
10/27/06 19:00,0.0
10/27/06 20:00,0.0
10/27/06 21:00,0.0
10/27/06 22:00,0.0
10/27/06 23:00,0.0
10/28/06 00:00,0.0
10/28/06 01:00,0.0
10/28/06 02:00,0.0
10/28/06 03:00,0.0
10/28/06 04:00,0.0
10/28/06 05:00,0.0
10/28/06 06:00,0.0
10/28/06 07:00,8.2
10/28/06 08:00,0.4
10/28/06 09:00,1.7
10/28/06 10:00,75.8
10/28/06 11:00,83.9
10/28/06 12:00,80.7
10/28/06 13:00,72.0
10/28/06 14:00,57.2
10/28/06 15:00,33.9
10/28/06 16:00,10.7
10/28/06 17:00,0.0
10/28/06 18:00,0.0
10/28/06 19:00,0.0
10/28/06 20:00,0.0
10/28/06 21:00,0.0
10/28/06 22:00,0.0
10/28/06 23:00,0.0
10/29/06 00:00,0.0
10/29/06 01:00,0.0
10/29/06 02:00,0.0
10/29/06 03:00,0.0
10/29/06 04:00,0.0
10/29/06 05:00,0.0
10/29/06 06:00,0.0
10/29/06 07:00,19.0
10/29/06 08:00,51.3
10/29/06 09:00,66.9
10/29/06 10:00,78.3
10/29/06 11:00,78.1
10/29/06 12:00,76.9
10/29/06 13:00,67.4
10/29/06 14:00,54.0
10/29/06 15:00,33.0
10/29/06 16:00,11.0
10/29/06 17:00,0.0
10/29/06 18:00,0.0
10/29/06 19:00,0.0
10/29/06 20:00,0.0
10/29/06 21:00,0.0
10/29/06 22:00,0.0
10/29/06 23:00,0.0
10/30/06 00:00,0.0
10/30/06 01:00,0.0
10/30/06 02:00,0.0
10/30/06 03:00,0.0
10/30/06 04:00,0.0
10/30/06 05:00,0.0
10/30/06 06:00,0.0
10/30/06 07:00,17.5
10/30/06 08:00,51.5
10/30/06 09:00,71.3
10/30/06 10:00,78.9
10/30/06 11:00,80.3
10/30/06 12:00,24.3
10/30/06 13:00,21.8
10/30/06 14:00,18.5
10/30/06 15:00,30.6
10/30/06 16:00,3.1
10/30/06 17:00,0.0
10/30/06 18:00,0.0
10/30/06 19:00,0.0
10/30/06 20:00,0.0
10/30/06 21:00,0.0
10/30/06 22:00,0.0
10/30/06 23:00,0.0
10/31/06 00:00,0.0
10/31/06 01:00,0.0
10/31/06 02:00,0.0
10/31/06 03:00,0.0
10/31/06 04:00,0.0
10/31/06 05:00,0.0
10/31/06 06:00,0.0
10/31/06 07:00,15.1
10/31/06 08:00,47.9
10/31/06 09:00,68.1
10/31/06 10:00,19.3
10/31/06 11:00,5.3
10/31/06 12:00,5.8
10/31/06 13:00,3.3
10/31/06 14:00,10.9
10/31/06 15:00,0.2
10/31/06 16:00,0.0
10/31/06 17:00,0.0
10/31/06 18:00,0.0
10/31/06 19:00,0.0
10/31/06 20:00,0.0
10/31/06 21:00,0.0
10/31/06 22:00,0.0
10/31/06 23:00,0.0
11/01/06 00:00,0.0
11/01/06 01:00,0.0
11/01/06 02:00,0.0
11/01/06 03:00,0.0
11/01/06 04:00,0.0
11/01/06 05:00,0.0
11/01/06 06:00,0.0
11/01/06 07:00,0.0
11/01/06 08:00,3.6
11/01/06 09:00,1.5
11/01/06 10:00,12.7
11/01/06 11:00,6.9
11/01/06 12:00,14.8
11/01/06 13:00,12.3
11/01/06 14:00,13.9
11/01/06 15:00,13.0
11/01/06 16:00,1.2
11/01/06 17:00,0.0
11/01/06 18:00,0.0
11/01/06 19:00,0.0
11/01/06 20:00,0.0
11/01/06 21:00,0.0
11/01/06 22:00,0.0
11/01/06 23:00,0.0
11/02/06 00:00,0.0
11/02/06 01:00,0.0
11/02/06 02:00,0.0
11/02/06 03:00,0.0
11/02/06 04:00,0.0
11/02/06 05:00,0.0
11/02/06 06:00,0.0
11/02/06 07:00,0.0
11/02/06 08:00,1.2
11/02/06 09:00,1.9
11/02/06 10:00,72.1
11/02/06 11:00,81.8
11/02/06 12:00,83.0
11/02/06 13:00,72.4
11/02/06 14:00,58.7
11/02/06 15:00,33.8
11/02/06 16:00,10.9
11/02/06 17:00,0.0
11/02/06 18:00,0.0
11/02/06 19:00,0.0
11/02/06 20:00,0.0
11/02/06 21:00,0.0
11/02/06 22:00,0.0
11/02/06 23:00,0.0
11/03/06 00:00,0.0
11/03/06 01:00,0.0
11/03/06 02:00,0.0
11/03/06 03:00,0.0
11/03/06 04:00,0.0
11/03/06 05:00,0.0
11/03/06 06:00,0.0
11/03/06 07:00,17.7
11/03/06 08:00,53.3
11/03/06 09:00,69.9
11/03/06 10:00,76.6
11/03/06 11:00,82.0
11/03/06 12:00,75.6
11/03/06 13:00,70.0
11/03/06 14:00,54.3
11/03/06 15:00,32.5
11/03/06 16:00,10.2
11/03/06 17:00,0.0
11/03/06 18:00,0.0
11/03/06 19:00,0.0
11/03/06 20:00,0.0
11/03/06 21:00,0.0
11/03/06 22:00,0.0
11/03/06 23:00,0.0
11/04/06 00:00,0.0
11/04/06 01:00,0.0
11/04/06 02:00,0.0
11/04/06 03:00,0.0
11/04/06 04:00,0.0
11/04/06 05:00,0.0
11/04/06 06:00,0.0
11/04/06 07:00,16.5
11/04/06 08:00,51.2
11/04/06 09:00,68.7
11/04/06 10:00,42.2
11/04/06 11:00,61.2
11/04/06 12:00,40.5
11/04/06 13:00,45.3
11/04/06 14:00,38.1
11/04/06 15:00,12.9
11/04/06 16:00,0.0
11/04/06 17:00,0.0
11/04/06 18:00,0.0
11/04/06 19:00,0.0
11/04/06 20:00,0.0
11/04/06 21:00,0.0
11/04/06 22:00,0.0
11/04/06 23:00,0.0
11/05/06 00:00,0.0
11/05/06 01:00,0.0
11/05/06 02:00,0.0
11/05/06 03:00,0.0
11/05/06 04:00,0.0
11/05/06 05:00,0.0
11/05/06 06:00,0.0
11/05/06 07:00,8.7
11/05/06 08:00,24.0
11/05/06 09:00,47.0
11/05/06 10:00,4.5
11/05/06 11:00,5.9
11/05/06 12:00,6.8
11/05/06 13:00,12.1
11/05/06 14:00,1.3
11/05/06 15:00,2.6
11/05/06 16:00,0.0
11/05/06 17:00,0.0
11/05/06 18:00,0.0
11/05/06 19:00,0.0
11/05/06 20:00,0.0
11/05/06 21:00,0.0
11/05/06 22:00,0.0
11/05/06 23:00,0.0
11/06/06 00:00,0.0
11/06/06 01:00,0.0
11/06/06 02:00,0.0
11/06/06 03:00,0.0
11/06/06 04:00,0.0
11/06/06 05:00,0.0
11/06/06 06:00,0.0
11/06/06 07:00,0.0
11/06/06 08:00,0.2
11/06/06 09:00,1.5
11/06/06 10:00,5.4
11/06/06 11:00,5.5
11/06/06 12:00,6.1
11/06/06 13:00,5.7
11/06/06 14:00,1.0
11/06/06 15:00,0.1
11/06/06 16:00,0.0
11/06/06 17:00,0.0
11/06/06 18:00,0.0
11/06/06 19:00,0.0
11/06/06 20:00,0.0
11/06/06 21:00,0.0
11/06/06 22:00,0.0
11/06/06 23:00,0.0
11/07/06 00:00,0.0
11/07/06 01:00,0.0
11/07/06 02:00,0.0
11/07/06 03:00,0.0
11/07/06 04:00,0.0
11/07/06 05:00,0.0
11/07/06 06:00,0.0
11/07/06 07:00,0.0
11/07/06 08:00,0.2
11/07/06 09:00,1.4
11/07/06 10:00,4.3
11/07/06 11:00,5.2
11/07/06 12:00,4.9
11/07/06 13:00,6.0
11/07/06 14:00,11.3
11/07/06 15:00,0.1
11/07/06 16:00,0.0
11/07/06 17:00,0.0
11/07/06 18:00,0.0
11/07/06 19:00,0.0
11/07/06 20:00,0.0
11/07/06 21:00,0.0
11/07/06 22:00,0.0
11/07/06 23:00,0.0
11/08/06 00:00,0.0
11/08/06 01:00,0.0
11/08/06 02:00,0.0
11/08/06 03:00,0.0
11/08/06 04:00,0.0
11/08/06 05:00,0.0
11/08/06 06:00,0.0
11/08/06 07:00,0.0
11/08/06 08:00,0.2
11/08/06 09:00,1.4
11/08/06 10:00,57.4
11/08/06 11:00,77.1
11/08/06 12:00,67.1
11/08/06 13:00,67.7
11/08/06 14:00,53.6
11/08/06 15:00,31.2
11/08/06 16:00,4.3
11/08/06 17:00,0.0
11/08/06 18:00,0.0
11/08/06 19:00,0.0
11/08/06 20:00,0.0
11/08/06 21:00,0.0
11/08/06 22:00,0.0
11/08/06 23:00,0.0
11/09/06 00:00,0.0
11/09/06 01:00,0.0
11/09/06 02:00,0.0
11/09/06 03:00,0.0
11/09/06 04:00,0.0
11/09/06 05:00,0.0
11/09/06 06:00,0.0
11/09/06 07:00,15.4
11/09/06 08:00,43.3
11/09/06 09:00,67.3
11/09/06 10:00,75.8
11/09/06 11:00,75.7
11/09/06 12:00,73.6
11/09/06 13:00,66.7
11/09/06 14:00,51.1
11/09/06 15:00,29.7
11/09/06 16:00,3.9
11/09/06 17:00,0.0
11/09/06 18:00,0.0
11/09/06 19:00,0.0
11/09/06 20:00,0.0
11/09/06 21:00,0.0
11/09/06 22:00,0.0
11/09/06 23:00,0.0
11/10/06 00:00,0.0
11/10/06 01:00,0.0
11/10/06 02:00,0.0
11/10/06 03:00,0.0
11/10/06 04:00,0.0
11/10/06 05:00,0.0
11/10/06 06:00,0.0
11/10/06 07:00,13.5
11/10/06 08:00,45.6
11/10/06 09:00,61.1
11/10/06 10:00,4.1
11/10/06 11:00,14.6
11/10/06 12:00,20.3
11/10/06 13:00,2.5
11/10/06 14:00,0.8
11/10/06 15:00,0.1
11/10/06 16:00,0.0
11/10/06 17:00,0.0
11/10/06 18:00,0.0
11/10/06 19:00,0.0
11/10/06 20:00,0.0
11/10/06 21:00,0.0
11/10/06 22:00,0.0
11/10/06 23:00,0.0
11/11/06 00:00,0.0
11/11/06 01:00,0.0
11/11/06 02:00,0.0
11/11/06 03:00,0.0
11/11/06 04:00,0.0
11/11/06 05:00,0.0
11/11/06 06:00,0.0
11/11/06 07:00,2.2
11/11/06 08:00,0.2
11/11/06 09:00,9.5
11/11/06 10:00,8.6
11/11/06 11:00,8.4
11/11/06 12:00,13.4
11/11/06 13:00,12.3
11/11/06 14:00,5.6
11/11/06 15:00,11.8
11/11/06 16:00,0.5
11/11/06 17:00,0.0
11/11/06 18:00,0.0
11/11/06 19:00,0.0
11/11/06 20:00,0.0
11/11/06 21:00,0.0
11/11/06 22:00,0.0
11/11/06 23:00,0.0
11/12/06 00:00,0.0
11/12/06 01:00,0.0
11/12/06 02:00,0.0
11/12/06 03:00,0.0
11/12/06 04:00,0.0
11/12/06 05:00,0.0
11/12/06 06:00,0.0
11/12/06 07:00,0.0
11/12/06 08:00,0.3
11/12/06 09:00,2.0
11/12/06 10:00,68.7
11/12/06 11:00,47.0
11/12/06 12:00,68.8
11/12/06 13:00,66.7
11/12/06 14:00,53.8
11/12/06 15:00,30.2
11/12/06 16:00,2.7
11/12/06 17:00,0.0
11/12/06 18:00,0.0
11/12/06 19:00,0.0
11/12/06 20:00,0.0
11/12/06 21:00,0.0
11/12/06 22:00,0.0
11/12/06 23:00,0.0
11/13/06 00:00,0.0
11/13/06 01:00,0.0
11/13/06 02:00,0.0
11/13/06 03:00,0.0
11/13/06 04:00,0.0
11/13/06 05:00,0.0
11/13/06 06:00,0.0
11/13/06 07:00,13.2
11/13/06 08:00,44.6
11/13/06 09:00,39.0
11/13/06 10:00,19.7
11/13/06 11:00,11.6
11/13/06 12:00,40.9
11/13/06 13:00,42.7
11/13/06 14:00,48.3
11/13/06 15:00,30.0
11/13/06 16:00,2.0
11/13/06 17:00,0.0
11/13/06 18:00,0.0
11/13/06 19:00,0.0
11/13/06 20:00,0.0
11/13/06 21:00,0.0
11/13/06 22:00,0.0
11/13/06 23:00,0.0
11/14/06 00:00,0.0
11/14/06 01:00,0.0
11/14/06 02:00,0.0
11/14/06 03:00,0.0
11/14/06 04:00,0.0
11/14/06 05:00,0.0
11/14/06 06:00,0.0
11/14/06 07:00,0.0
11/14/06 08:00,3.4
11/14/06 09:00,3.1
11/14/06 10:00,45.1
11/14/06 11:00,15.9
11/14/06 12:00,4.2
11/14/06 13:00,2.5
11/14/06 14:00,0.8
11/14/06 15:00,2.9
11/14/06 16:00,0.0
11/14/06 17:00,0.0
11/14/06 18:00,0.0
11/14/06 19:00,0.0
11/14/06 20:00,0.0
11/14/06 21:00,0.0
11/14/06 22:00,0.0
11/14/06 23:00,0.0
11/15/06 00:00,0.0
11/15/06 01:00,0.0
11/15/06 02:00,0.0
11/15/06 03:00,0.0
11/15/06 04:00,0.0
11/15/06 05:00,0.0
11/15/06 06:00,0.0
11/15/06 07:00,4.0
11/15/06 08:00,26.7
11/15/06 09:00,9.2
11/15/06 10:00,13.3
11/15/06 11:00,67.1
11/15/06 12:00,15.5
11/15/06 13:00,2.3
11/15/06 14:00,0.8
11/15/06 15:00,0.1
11/15/06 16:00,0.0
11/15/06 17:00,0.0
11/15/06 18:00,0.0
11/15/06 19:00,0.0
11/15/06 20:00,0.0
11/15/06 21:00,0.0
11/15/06 22:00,0.0
11/15/06 23:00,0.0
11/16/06 00:00,0.0
11/16/06 01:00,0.0
11/16/06 02:00,0.0
11/16/06 03:00,0.0
11/16/06 04:00,0.0
11/16/06 05:00,0.0
11/16/06 06:00,0.0
11/16/06 07:00,11.9
11/16/06 08:00,0.7
11/16/06 09:00,57.5
11/16/06 10:00,6.8
11/16/06 11:00,16.3
11/16/06 12:00,14.7
11/16/06 13:00,2.4
11/16/06 14:00,0.7
11/16/06 15:00,0.1
11/16/06 16:00,0.0
11/16/06 17:00,0.0
11/16/06 18:00,0.0
11/16/06 19:00,0.0
11/16/06 20:00,0.0
11/16/06 21:00,0.0
11/16/06 22:00,0.0
11/16/06 23:00,0.0
11/17/06 00:00,0.0
11/17/06 01:00,0.0
11/17/06 02:00,0.0
11/17/06 03:00,0.0
11/17/06 04:00,0.0
11/17/06 05:00,0.0
11/17/06 06:00,0.0
11/17/06 07:00,0.0
11/17/06 08:00,0.2
11/17/06 09:00,10.5
11/17/06 10:00,29.2
11/17/06 11:00,74.5
11/17/06 12:00,56.7
11/17/06 13:00,41.9
11/17/06 14:00,19.7
11/17/06 15:00,20.4
11/17/06 16:00,2.2
11/17/06 17:00,0.0
11/17/06 18:00,0.0
11/17/06 19:00,0.0
11/17/06 20:00,0.0
11/17/06 21:00,0.0
11/17/06 22:00,0.0
11/17/06 23:00,0.0
11/18/06 00:00,0.0
11/18/06 01:00,0.0
11/18/06 02:00,0.0
11/18/06 03:00,0.0
11/18/06 04:00,0.0
11/18/06 05:00,0.0
11/18/06 06:00,0.0
11/18/06 07:00,0.8
11/18/06 08:00,15.1
11/18/06 09:00,60.2
11/18/06 10:00,78.8
11/18/06 11:00,80.6
11/18/06 12:00,76.5
11/18/06 13:00,62.1
11/18/06 14:00,33.0
11/18/06 15:00,2.4
11/18/06 16:00,0.0
11/18/06 17:00,0.0
11/18/06 18:00,0.0
11/18/06 19:00,0.0
11/18/06 20:00,0.0
11/18/06 21:00,0.0
11/18/06 22:00,0.0
11/18/06 23:00,0.0
11/19/06 00:00,0.0
11/19/06 01:00,0.0
11/19/06 02:00,0.0
11/19/06 03:00,0.0
11/19/06 04:00,0.0
11/19/06 05:00,0.0
11/19/06 06:00,0.0
11/19/06 07:00,0.1
11/19/06 08:00,45.8
11/19/06 09:00,63.1
11/19/06 10:00,17.1
11/19/06 11:00,19.0
11/19/06 12:00,25.3
11/19/06 13:00,7.3
11/19/06 14:00,0.9
11/19/06 15:00,14.3
11/19/06 16:00,0.1
11/19/06 17:00,0.0
11/19/06 18:00,0.0
11/19/06 19:00,0.0
11/19/06 20:00,0.0
11/19/06 21:00,0.0
11/19/06 22:00,0.0
11/19/06 23:00,0.0
11/20/06 00:00,0.0
11/20/06 01:00,0.0
11/20/06 02:00,0.0
11/20/06 03:00,0.0
11/20/06 04:00,0.0
11/20/06 05:00,0.0
11/20/06 06:00,0.0
11/20/06 07:00,0.0
11/20/06 08:00,2.4
11/20/06 09:00,13.4
11/20/06 10:00,75.1
11/20/06 11:00,80.8
11/20/06 12:00,78.2
11/20/06 13:00,67.6
11/20/06 14:00,50.3
11/20/06 15:00,29.7
11/20/06 16:00,0.3
11/20/06 17:00,0.0
11/20/06 18:00,0.0
11/20/06 19:00,0.0
11/20/06 20:00,0.0
11/20/06 21:00,0.0
11/20/06 22:00,0.0
11/20/06 23:00,0.0
11/21/06 00:00,0.0
11/21/06 01:00,0.0
11/21/06 02:00,0.0
11/21/06 03:00,0.0
11/21/06 04:00,0.0
11/21/06 05:00,0.0
11/21/06 06:00,0.0
11/21/06 07:00,0.1
11/21/06 08:00,44.8
11/21/06 09:00,65.6
11/21/06 10:00,74.1
11/21/06 11:00,74.5
11/21/06 12:00,77.6
11/21/06 13:00,68.1
11/21/06 14:00,51.7
11/21/06 15:00,27.8
11/21/06 16:00,0.2
11/21/06 17:00,0.0
11/21/06 18:00,0.0
11/21/06 19:00,0.0
11/21/06 20:00,0.0
11/21/06 21:00,0.0
11/21/06 22:00,0.0
11/21/06 23:00,0.0
11/22/06 00:00,0.0
11/22/06 01:00,0.0
11/22/06 02:00,0.0
11/22/06 03:00,0.0
11/22/06 04:00,0.0
11/22/06 05:00,0.0
11/22/06 06:00,0.0
11/22/06 07:00,0.2
11/22/06 08:00,47.9
11/22/06 09:00,65.0
11/22/06 10:00,75.2
11/22/06 11:00,73.4
11/22/06 12:00,74.1
11/22/06 13:00,62.1
11/22/06 14:00,47.3
11/22/06 15:00,27.3
11/22/06 16:00,0.2
11/22/06 17:00,0.0
11/22/06 18:00,0.0
11/22/06 19:00,0.0
11/22/06 20:00,0.0
11/22/06 21:00,0.0
11/22/06 22:00,0.0
11/22/06 23:00,0.0
11/23/06 00:00,0.0
11/23/06 01:00,0.0
11/23/06 02:00,0.0
11/23/06 03:00,0.0
11/23/06 04:00,0.0
11/23/06 05:00,0.0
11/23/06 06:00,0.0
11/23/06 07:00,0.2
11/23/06 08:00,44.1
11/23/06 09:00,64.3
11/23/06 10:00,71.9
11/23/06 11:00,71.3
11/23/06 12:00,72.7
11/23/06 13:00,61.5
11/23/06 14:00,44.8
11/23/06 15:00,26.9
11/23/06 16:00,0.2
11/23/06 17:00,0.0
11/23/06 18:00,0.0
11/23/06 19:00,0.0
11/23/06 20:00,0.0
11/23/06 21:00,0.0
11/23/06 22:00,0.0
11/23/06 23:00,0.0
11/24/06 00:00,0.0
11/24/06 01:00,0.0
11/24/06 02:00,0.0
11/24/06 03:00,0.0
11/24/06 04:00,0.0
11/24/06 05:00,0.0
11/24/06 06:00,0.0
11/24/06 07:00,0.1
11/24/06 08:00,44.3
11/24/06 09:00,62.6
11/24/06 10:00,75.0
11/24/06 11:00,75.5
11/24/06 12:00,73.1
11/24/06 13:00,64.4
11/24/06 14:00,46.1
11/24/06 15:00,25.0
11/24/06 16:00,0.1
11/24/06 17:00,0.0
11/24/06 18:00,0.0
11/24/06 19:00,0.0
11/24/06 20:00,0.0
11/24/06 21:00,0.0
11/24/06 22:00,0.0
11/24/06 23:00,0.0
11/25/06 00:00,0.0
11/25/06 01:00,0.0
11/25/06 02:00,0.0
11/25/06 03:00,0.0
11/25/06 04:00,0.0
11/25/06 05:00,0.0
11/25/06 06:00,0.0
11/25/06 07:00,0.0
11/25/06 08:00,42.6
11/25/06 09:00,58.8
11/25/06 10:00,51.7
11/25/06 11:00,58.6
11/25/06 12:00,72.7
11/25/06 13:00,61.0
11/25/06 14:00,45.6
11/25/06 15:00,27.8
11/25/06 16:00,0.2
11/25/06 17:00,0.0
11/25/06 18:00,0.0
11/25/06 19:00,0.0
11/25/06 20:00,0.0
11/25/06 21:00,0.0
11/25/06 22:00,0.0
11/25/06 23:00,0.0
11/26/06 00:00,0.0
11/26/06 01:00,0.0
11/26/06 02:00,0.0
11/26/06 03:00,0.0
11/26/06 04:00,0.0
11/26/06 05:00,0.0
11/26/06 06:00,0.0
11/26/06 07:00,0.0
11/26/06 08:00,29.8
11/26/06 09:00,48.1
11/26/06 10:00,35.7
11/26/06 11:00,31.1
11/26/06 12:00,67.2
11/26/06 13:00,55.3
11/26/06 14:00,29.4
11/26/06 15:00,22.9
11/26/06 16:00,0.1
11/26/06 17:00,0.0
11/26/06 18:00,0.0
11/26/06 19:00,0.0
11/26/06 20:00,0.0
11/26/06 21:00,0.0
11/26/06 22:00,0.0
11/26/06 23:00,0.0
11/27/06 00:00,0.0
11/27/06 01:00,0.0
11/27/06 02:00,0.0
11/27/06 03:00,0.0
11/27/06 04:00,0.0
11/27/06 05:00,0.0
11/27/06 06:00,0.0
11/27/06 07:00,0.0
11/27/06 08:00,19.2
11/27/06 09:00,23.7
11/27/06 10:00,70.2
11/27/06 11:00,48.8
11/27/06 12:00,43.1
11/27/06 13:00,33.4
11/27/06 14:00,23.9
11/27/06 15:00,25.3
11/27/06 16:00,0.0
11/27/06 17:00,0.0
11/27/06 18:00,0.0
11/27/06 19:00,0.0
11/27/06 20:00,0.0
11/27/06 21:00,0.0
11/27/06 22:00,0.0
11/27/06 23:00,0.0
11/28/06 00:00,0.0
11/28/06 01:00,0.0
11/28/06 02:00,0.0
11/28/06 03:00,0.0
11/28/06 04:00,0.0
11/28/06 05:00,0.0
11/28/06 06:00,0.0
11/28/06 07:00,0.0
11/28/06 08:00,38.0
11/28/06 09:00,38.0
11/28/06 10:00,2.3
11/28/06 11:00,6.4
11/28/06 12:00,6.8
11/28/06 13:00,14.8
11/28/06 14:00,3.9
11/28/06 15:00,0.0
11/28/06 16:00,0.0
11/28/06 17:00,0.0
11/28/06 18:00,0.0
11/28/06 19:00,0.0
11/28/06 20:00,0.0
11/28/06 21:00,0.0
11/28/06 22:00,0.0
11/28/06 23:00,0.0
11/29/06 00:00,0.0
11/29/06 01:00,0.0
11/29/06 02:00,0.0
11/29/06 03:00,0.0
11/29/06 04:00,0.0
11/29/06 05:00,0.0
11/29/06 06:00,0.0
11/29/06 07:00,0.0
11/29/06 08:00,0.0
11/29/06 09:00,1.2
11/29/06 10:00,16.3
11/29/06 11:00,16.9
11/29/06 12:00,21.1
11/29/06 13:00,7.7
11/29/06 14:00,7.2
11/29/06 15:00,1.7
11/29/06 16:00,0.0
11/29/06 17:00,0.0
11/29/06 18:00,0.0
11/29/06 19:00,0.0
11/29/06 20:00,0.0
11/29/06 21:00,0.0
11/29/06 22:00,0.0
11/29/06 23:00,0.0
11/30/06 00:00,0.0
11/30/06 01:00,0.0
11/30/06 02:00,0.0
11/30/06 03:00,0.0
11/30/06 04:00,0.0
11/30/06 05:00,0.0
11/30/06 06:00,0.0
11/30/06 07:00,0.0
11/30/06 08:00,1.2
11/30/06 09:00,11.9
11/30/06 10:00,2.3
11/30/06 11:00,2.7
11/30/06 12:00,2.9
11/30/06 13:00,1.7
11/30/06 14:00,1.0
11/30/06 15:00,0.9
11/30/06 16:00,0.0
11/30/06 17:00,0.0
11/30/06 18:00,0.0
11/30/06 19:00,0.0
11/30/06 20:00,0.0
11/30/06 21:00,0.0
11/30/06 22:00,0.0
11/30/06 23:00,0.0
12/01/06 00:00,0.0
12/01/06 01:00,0.0
12/01/06 02:00,0.0
12/01/06 03:00,0.0
12/01/06 04:00,0.0
12/01/06 05:00,0.0
12/01/06 06:00,0.0
12/01/06 07:00,0.0
12/01/06 08:00,0.0
12/01/06 09:00,0.5
12/01/06 10:00,36.0
12/01/06 11:00,26.3
12/01/06 12:00,21.2
12/01/06 13:00,17.4
12/01/06 14:00,43.8
12/01/06 15:00,29.2
12/01/06 16:00,0.1
12/01/06 17:00,0.0
12/01/06 18:00,0.0
12/01/06 19:00,0.0
12/01/06 20:00,0.0
12/01/06 21:00,0.0
12/01/06 22:00,0.0
12/01/06 23:00,0.0
12/02/06 00:00,0.0
12/02/06 01:00,0.0
12/02/06 02:00,0.0
12/02/06 03:00,0.0
12/02/06 04:00,0.0
12/02/06 05:00,0.0
12/02/06 06:00,0.0
12/02/06 07:00,0.0
12/02/06 08:00,20.4
12/02/06 09:00,17.8
12/02/06 10:00,68.5
12/02/06 11:00,75.9
12/02/06 12:00,72.9
12/02/06 13:00,65.9
12/02/06 14:00,47.7
12/02/06 15:00,28.4
12/02/06 16:00,0.0
12/02/06 17:00,0.0
12/02/06 18:00,0.0
12/02/06 19:00,0.0
12/02/06 20:00,0.0
12/02/06 21:00,0.0
12/02/06 22:00,0.0
12/02/06 23:00,0.0
12/03/06 00:00,0.0
12/03/06 01:00,0.0
12/03/06 02:00,0.0
12/03/06 03:00,0.0
12/03/06 04:00,0.0
12/03/06 05:00,0.0
12/03/06 06:00,0.0
12/03/06 07:00,0.0
12/03/06 08:00,42.5
12/03/06 09:00,68.4
12/03/06 10:00,78.5
12/03/06 11:00,81.5
12/03/06 12:00,80.3
12/03/06 13:00,70.8
12/03/06 14:00,55.2
12/03/06 15:00,29.9
12/03/06 16:00,0.1
12/03/06 17:00,0.0
12/03/06 18:00,0.0
12/03/06 19:00,0.0
12/03/06 20:00,0.0
12/03/06 21:00,0.0
12/03/06 22:00,0.0
12/03/06 23:00,0.0
12/04/06 00:00,0.0
12/04/06 01:00,0.0
12/04/06 02:00,0.0
12/04/06 03:00,0.0
12/04/06 04:00,0.0
12/04/06 05:00,0.0
12/04/06 06:00,0.0
12/04/06 07:00,0.0
12/04/06 08:00,42.4
12/04/06 09:00,66.7
12/04/06 10:00,77.2
12/04/06 11:00,78.6
12/04/06 12:00,78.1
12/04/06 13:00,69.2
12/04/06 14:00,53.6
12/04/06 15:00,28.2
12/04/06 16:00,0.1
12/04/06 17:00,0.0
12/04/06 18:00,0.0
12/04/06 19:00,0.0
12/04/06 20:00,0.0
12/04/06 21:00,0.0
12/04/06 22:00,0.0
12/04/06 23:00,0.0
12/05/06 00:00,0.0
12/05/06 01:00,0.0
12/05/06 02:00,0.0
12/05/06 03:00,0.0
12/05/06 04:00,0.0
12/05/06 05:00,0.0
12/05/06 06:00,0.0
12/05/06 07:00,0.0
12/05/06 08:00,39.7
12/05/06 09:00,60.4
12/05/06 10:00,75.5
12/05/06 11:00,77.2
12/05/06 12:00,77.5
12/05/06 13:00,67.5
12/05/06 14:00,52.7
12/05/06 15:00,28.3
12/05/06 16:00,0.1
12/05/06 17:00,0.0
12/05/06 18:00,0.0
12/05/06 19:00,0.0
12/05/06 20:00,0.0
12/05/06 21:00,0.0
12/05/06 22:00,0.0
12/05/06 23:00,0.0
12/06/06 00:00,0.0
12/06/06 01:00,0.0
12/06/06 02:00,0.0
12/06/06 03:00,0.0
12/06/06 04:00,0.0
12/06/06 05:00,0.0
12/06/06 06:00,0.0
12/06/06 07:00,0.0
12/06/06 08:00,38.6
12/06/06 09:00,64.2
12/06/06 10:00,72.4
12/06/06 11:00,79.2
12/06/06 12:00,76.0
12/06/06 13:00,67.0
12/06/06 14:00,37.7
12/06/06 15:00,21.2
12/06/06 16:00,0.0
12/06/06 17:00,0.0
12/06/06 18:00,0.0
12/06/06 19:00,0.0
12/06/06 20:00,0.0
12/06/06 21:00,0.0
12/06/06 22:00,0.0
12/06/06 23:00,0.0
12/07/06 00:00,0.0
12/07/06 01:00,0.0
12/07/06 02:00,0.0
12/07/06 03:00,0.0
12/07/06 04:00,0.0
12/07/06 05:00,0.0
12/07/06 06:00,0.0
12/07/06 07:00,0.0
12/07/06 08:00,40.5
12/07/06 09:00,68.4
12/07/06 10:00,79.0
12/07/06 11:00,81.6
12/07/06 12:00,79.2
12/07/06 13:00,64.2
12/07/06 14:00,52.8
12/07/06 15:00,29.2
12/07/06 16:00,0.2
12/07/06 17:00,0.0
12/07/06 18:00,0.0
12/07/06 19:00,0.0
12/07/06 20:00,0.0
12/07/06 21:00,0.0
12/07/06 22:00,0.0
12/07/06 23:00,0.0
12/08/06 00:00,0.0
12/08/06 01:00,0.0
12/08/06 02:00,0.0
12/08/06 03:00,0.0
12/08/06 04:00,0.0
12/08/06 05:00,0.0
12/08/06 06:00,0.0
12/08/06 07:00,0.0
12/08/06 08:00,30.2
12/08/06 09:00,62.3
12/08/06 10:00,75.0
12/08/06 11:00,76.9
12/08/06 12:00,74.0
12/08/06 13:00,69.8
12/08/06 14:00,55.0
12/08/06 15:00,29.7
12/08/06 16:00,0.1
12/08/06 17:00,0.0
12/08/06 18:00,0.0
12/08/06 19:00,0.0
12/08/06 20:00,0.0
12/08/06 21:00,0.0
12/08/06 22:00,0.0
12/08/06 23:00,0.0
12/09/06 00:00,0.0
12/09/06 01:00,0.0
12/09/06 02:00,0.0
12/09/06 03:00,0.0
12/09/06 04:00,0.0
12/09/06 05:00,0.0
12/09/06 06:00,0.0
12/09/06 07:00,0.0
12/09/06 08:00,30.4
12/09/06 09:00,64.2
12/09/06 10:00,75.3
12/09/06 11:00,77.5
12/09/06 12:00,77.3
12/09/06 13:00,68.0
12/09/06 14:00,51.8
12/09/06 15:00,29.6
12/09/06 16:00,0.1
12/09/06 17:00,0.0
12/09/06 18:00,0.0
12/09/06 19:00,0.0
12/09/06 20:00,0.0
12/09/06 21:00,0.0
12/09/06 22:00,0.0
12/09/06 23:00,0.0
12/10/06 00:00,0.0
12/10/06 01:00,0.0
12/10/06 02:00,0.0
12/10/06 03:00,0.0
12/10/06 04:00,0.0
12/10/06 05:00,0.0
12/10/06 06:00,0.0
12/10/06 07:00,0.0
12/10/06 08:00,28.9
12/10/06 09:00,58.3
12/10/06 10:00,45.0
12/10/06 11:00,23.8
12/10/06 12:00,18.5
12/10/06 13:00,14.3
12/10/06 14:00,15.5
12/10/06 15:00,0.4
12/10/06 16:00,0.1
12/10/06 17:00,0.0
12/10/06 18:00,0.0
12/10/06 19:00,0.0
12/10/06 20:00,0.0
12/10/06 21:00,0.0
12/10/06 22:00,0.0
12/10/06 23:00,0.0
12/11/06 00:00,0.0
12/11/06 01:00,0.0
12/11/06 02:00,0.0
12/11/06 03:00,0.0
12/11/06 04:00,0.0
12/11/06 05:00,0.0
12/11/06 06:00,0.0
12/11/06 07:00,0.0
12/11/06 08:00,18.1
12/11/06 09:00,16.2
12/11/06 10:00,2.1
12/11/06 11:00,48.6
12/11/06 12:00,19.6
12/11/06 13:00,1.4
12/11/06 14:00,2.5
12/11/06 15:00,0.2
12/11/06 16:00,0.0
12/11/06 17:00,0.0
12/11/06 18:00,0.0
12/11/06 19:00,0.0
12/11/06 20:00,0.0
12/11/06 21:00,0.0
12/11/06 22:00,0.0
12/11/06 23:00,0.0
12/12/06 00:00,0.0
12/12/06 01:00,0.0
12/12/06 02:00,0.0
12/12/06 03:00,0.0
12/12/06 04:00,0.0
12/12/06 05:00,0.0
12/12/06 06:00,0.0
12/12/06 07:00,0.0
12/12/06 08:00,0.0
12/12/06 09:00,37.5
12/12/06 10:00,1.8
12/12/06 11:00,7.4
12/12/06 12:00,2.2
12/12/06 13:00,1.3
12/12/06 14:00,24.0
12/12/06 15:00,14.0
12/12/06 16:00,0.1
12/12/06 17:00,0.0
12/12/06 18:00,0.0
12/12/06 19:00,0.0
12/12/06 20:00,0.0
12/12/06 21:00,0.0
12/12/06 22:00,0.0
12/12/06 23:00,0.0
12/13/06 00:00,0.0
12/13/06 01:00,0.0
12/13/06 02:00,0.0
12/13/06 03:00,0.0
12/13/06 04:00,0.0
12/13/06 05:00,0.0
12/13/06 06:00,0.0
12/13/06 07:00,0.0
12/13/06 08:00,0.0
12/13/06 09:00,1.3
12/13/06 10:00,61.9
12/13/06 11:00,75.9
12/13/06 12:00,73.3
12/13/06 13:00,65.9
12/13/06 14:00,52.1
12/13/06 15:00,27.0
12/13/06 16:00,0.0
12/13/06 17:00,0.0
12/13/06 18:00,0.0
12/13/06 19:00,0.0
12/13/06 20:00,0.0
12/13/06 21:00,0.0
12/13/06 22:00,0.0
12/13/06 23:00,0.0
12/14/06 00:00,0.0
12/14/06 01:00,0.0
12/14/06 02:00,0.0
12/14/06 03:00,0.0
12/14/06 04:00,0.0
12/14/06 05:00,0.0
12/14/06 06:00,0.0
12/14/06 07:00,0.0
12/14/06 08:00,26.9
12/14/06 09:00,54.7
12/14/06 10:00,37.0
12/14/06 11:00,49.4
12/14/06 12:00,20.0
12/14/06 13:00,50.5
12/14/06 14:00,49.6
12/14/06 15:00,27.2
12/14/06 16:00,0.1
12/14/06 17:00,0.0
12/14/06 18:00,0.0
12/14/06 19:00,0.0
12/14/06 20:00,0.0
12/14/06 21:00,0.0
12/14/06 22:00,0.0
12/14/06 23:00,0.0
12/15/06 00:00,0.0
12/15/06 01:00,0.0
12/15/06 02:00,0.0
12/15/06 03:00,0.0
12/15/06 04:00,0.0
12/15/06 05:00,0.0
12/15/06 06:00,0.0
12/15/06 07:00,0.0
12/15/06 08:00,17.5
12/15/06 09:00,39.9
12/15/06 10:00,64.8
12/15/06 11:00,71.4
12/15/06 12:00,68.5
12/15/06 13:00,60.9
12/15/06 14:00,47.7
12/15/06 15:00,26.8
12/15/06 16:00,0.0
12/15/06 17:00,0.0
12/15/06 18:00,0.0
12/15/06 19:00,0.0
12/15/06 20:00,0.0
12/15/06 21:00,0.0
12/15/06 22:00,0.0
12/15/06 23:00,0.0
12/16/06 00:00,0.0
12/16/06 01:00,0.0
12/16/06 02:00,0.0
12/16/06 03:00,0.0
12/16/06 04:00,0.0
12/16/06 05:00,0.0
12/16/06 06:00,0.0
12/16/06 07:00,0.0
12/16/06 08:00,25.8
12/16/06 09:00,51.6
12/16/06 10:00,4.3
12/16/06 11:00,4.3
12/16/06 12:00,11.6
12/16/06 13:00,16.2
12/16/06 14:00,24.0
12/16/06 15:00,17.5
12/16/06 16:00,0.1
12/16/06 17:00,0.0
12/16/06 18:00,0.0
12/16/06 19:00,0.0
12/16/06 20:00,0.0
12/16/06 21:00,0.0
12/16/06 22:00,0.0
12/16/06 23:00,0.0
12/17/06 00:00,0.0
12/17/06 01:00,0.0
12/17/06 02:00,0.0
12/17/06 03:00,0.0
12/17/06 04:00,0.0
12/17/06 05:00,0.0
12/17/06 06:00,0.0
12/17/06 07:00,0.0
12/17/06 08:00,0.0
12/17/06 09:00,0.6
12/17/06 10:00,36.5
12/17/06 11:00,17.8
12/17/06 12:00,12.7
12/17/06 13:00,6.6
12/17/06 14:00,6.7
12/17/06 15:00,24.7
12/17/06 16:00,0.0
12/17/06 17:00,0.0
12/17/06 18:00,0.0
12/17/06 19:00,0.0
12/17/06 20:00,0.0
12/17/06 21:00,0.0
12/17/06 22:00,0.0
12/17/06 23:00,0.0
12/18/06 00:00,0.0
12/18/06 01:00,0.0
12/18/06 02:00,0.0
12/18/06 03:00,0.0
12/18/06 04:00,0.0
12/18/06 05:00,0.0
12/18/06 06:00,0.0
12/18/06 07:00,0.0
12/18/06 08:00,15.5
12/18/06 09:00,12.1
12/18/06 10:00,7.0
12/18/06 11:00,26.3
12/18/06 12:00,2.2
12/18/06 13:00,1.5
12/18/06 14:00,0.5
12/18/06 15:00,0.1
12/18/06 16:00,0.0
12/18/06 17:00,0.0
12/18/06 18:00,0.0
12/18/06 19:00,0.0
12/18/06 20:00,0.0
12/18/06 21:00,0.0
12/18/06 22:00,0.0
12/18/06 23:00,0.0
12/19/06 00:00,0.0
12/19/06 01:00,0.0
12/19/06 02:00,0.0
12/19/06 03:00,0.0
12/19/06 04:00,0.0
12/19/06 05:00,0.0
12/19/06 06:00,0.0
12/19/06 07:00,0.0
12/19/06 08:00,0.1
12/19/06 09:00,18.2
12/19/06 10:00,28.2
12/19/06 11:00,35.4
12/19/06 12:00,64.9
12/19/06 13:00,48.5
12/19/06 14:00,38.7
12/19/06 15:00,21.4
12/19/06 16:00,0.0
12/19/06 17:00,0.0
12/19/06 18:00,0.0
12/19/06 19:00,0.0
12/19/06 20:00,0.0
12/19/06 21:00,0.0
12/19/06 22:00,0.0
12/19/06 23:00,0.0
12/20/06 00:00,0.0
12/20/06 01:00,0.0
12/20/06 02:00,0.0
12/20/06 03:00,0.0
12/20/06 04:00,0.0
12/20/06 05:00,0.0
12/20/06 06:00,0.0
12/20/06 07:00,0.0
12/20/06 08:00,0.0
12/20/06 09:00,25.1
12/20/06 10:00,31.1
12/20/06 11:00,16.4
12/20/06 12:00,20.1
12/20/06 13:00,15.3
12/20/06 14:00,1.9
12/20/06 15:00,16.0
12/20/06 16:00,0.0
12/20/06 17:00,0.0
12/20/06 18:00,0.0
12/20/06 19:00,0.0
12/20/06 20:00,0.0
12/20/06 21:00,0.0
12/20/06 22:00,0.0
12/20/06 23:00,0.0
12/21/06 00:00,0.0
12/21/06 01:00,0.0
12/21/06 02:00,0.0
12/21/06 03:00,0.0
12/21/06 04:00,0.0
12/21/06 05:00,0.0
12/21/06 06:00,0.0
12/21/06 07:00,0.0
12/21/06 08:00,10.7
12/21/06 09:00,6.6
12/21/06 10:00,16.2
12/21/06 11:00,4.9
12/21/06 12:00,7.7
12/21/06 13:00,2.0
12/21/06 14:00,0.5
12/21/06 15:00,0.6
12/21/06 16:00,0.0
12/21/06 17:00,0.0
12/21/06 18:00,0.0
12/21/06 19:00,0.0
12/21/06 20:00,0.0
12/21/06 21:00,0.0
12/21/06 22:00,0.0
12/21/06 23:00,0.0
12/22/06 00:00,0.0
12/22/06 01:00,0.0
12/22/06 02:00,0.0
12/22/06 03:00,0.0
12/22/06 04:00,0.0
12/22/06 05:00,0.0
12/22/06 06:00,0.0
12/22/06 07:00,0.0
12/22/06 08:00,0.0
12/22/06 09:00,0.8
12/22/06 10:00,3.7
12/22/06 11:00,69.2
12/22/06 12:00,76.7
12/22/06 13:00,68.9
12/22/06 14:00,53.6
12/22/06 15:00,29.0
12/22/06 16:00,0.4
12/22/06 17:00,0.0
12/22/06 18:00,0.0
12/22/06 19:00,0.0
12/22/06 20:00,0.0
12/22/06 21:00,0.0
12/22/06 22:00,0.0
12/22/06 23:00,0.0
12/23/06 00:00,0.0
12/23/06 01:00,0.0
12/23/06 02:00,0.0
12/23/06 03:00,0.0
12/23/06 04:00,0.0
12/23/06 05:00,0.0
12/23/06 06:00,0.0
12/23/06 07:00,0.0
12/23/06 08:00,26.0
12/23/06 09:00,56.8
12/23/06 10:00,74.5
12/23/06 11:00,74.8
12/23/06 12:00,68.0
12/23/06 13:00,52.7
12/23/06 14:00,39.0
12/23/06 15:00,27.2
12/23/06 16:00,0.4
12/23/06 17:00,0.0
12/23/06 18:00,0.0
12/23/06 19:00,0.0
12/23/06 20:00,0.0
12/23/06 21:00,0.0
12/23/06 22:00,0.0
12/23/06 23:00,0.0
12/24/06 00:00,0.0
12/24/06 01:00,0.0
12/24/06 02:00,0.0
12/24/06 03:00,0.0
12/24/06 04:00,0.0
12/24/06 05:00,0.0
12/24/06 06:00,0.0
12/24/06 07:00,0.0
12/24/06 08:00,25.6
12/24/06 09:00,56.6
12/24/06 10:00,67.0
12/24/06 11:00,69.4
12/24/06 12:00,70.6
12/24/06 13:00,60.9
12/24/06 14:00,31.1
12/24/06 15:00,10.8
12/24/06 16:00,0.0
12/24/06 17:00,0.0
12/24/06 18:00,0.0
12/24/06 19:00,0.0
12/24/06 20:00,0.0
12/24/06 21:00,0.0
12/24/06 22:00,0.0
12/24/06 23:00,0.0
12/25/06 00:00,0.0
12/25/06 01:00,0.0
12/25/06 02:00,0.0
12/25/06 03:00,0.0
12/25/06 04:00,0.0
12/25/06 05:00,0.0
12/25/06 06:00,0.0
12/25/06 07:00,0.0
12/25/06 08:00,25.0
12/25/06 09:00,55.8
12/25/06 10:00,66.2
12/25/06 11:00,2.2
12/25/06 12:00,2.4
12/25/06 13:00,1.7
12/25/06 14:00,0.7
12/25/06 15:00,0.1
12/25/06 16:00,0.0
12/25/06 17:00,0.0
12/25/06 18:00,0.0
12/25/06 19:00,0.0
12/25/06 20:00,0.0
12/25/06 21:00,0.0
12/25/06 22:00,0.0
12/25/06 23:00,0.0
12/26/06 00:00,0.0
12/26/06 01:00,0.0
12/26/06 02:00,0.0
12/26/06 03:00,0.0
12/26/06 04:00,0.0
12/26/06 05:00,0.0
12/26/06 06:00,0.0
12/26/06 07:00,0.0
12/26/06 08:00,0.1
12/26/06 09:00,0.3
12/26/06 10:00,1.1
12/26/06 11:00,4.8
12/26/06 12:00,3.1
12/26/06 13:00,2.4
12/26/06 14:00,4.4
12/26/06 15:00,3.2
12/26/06 16:00,3.1
12/26/06 17:00,0.0
12/26/06 18:00,0.0
12/26/06 19:00,0.0
12/26/06 20:00,0.0
12/26/06 21:00,0.0
12/26/06 22:00,0.0
12/26/06 23:00,0.0
12/27/06 00:00,0.0
12/27/06 01:00,0.0
12/27/06 02:00,0.0
12/27/06 03:00,0.0
12/27/06 04:00,0.0
12/27/06 05:00,0.0
12/27/06 06:00,0.0
12/27/06 07:00,0.0
12/27/06 08:00,0.1
12/27/06 09:00,0.7
12/27/06 10:00,1.3
12/27/06 11:00,70.4
12/27/06 12:00,71.0
12/27/06 13:00,63.8
12/27/06 14:00,55.7
12/27/06 15:00,31.1
12/27/06 16:00,1.3
12/27/06 17:00,0.0
12/27/06 18:00,0.0
12/27/06 19:00,0.0
12/27/06 20:00,0.0
12/27/06 21:00,0.0
12/27/06 22:00,0.0
12/27/06 23:00,0.0
12/28/06 00:00,0.0
12/28/06 01:00,0.0
12/28/06 02:00,0.0
12/28/06 03:00,0.0
12/28/06 04:00,0.0
12/28/06 05:00,0.0
12/28/06 06:00,0.0
12/28/06 07:00,0.0
12/28/06 08:00,25.8
12/28/06 09:00,59.2
12/28/06 10:00,67.4
12/28/06 11:00,74.5
12/28/06 12:00,77.9
12/28/06 13:00,72.1
12/28/06 14:00,54.2
12/28/06 15:00,20.0
12/28/06 16:00,0.3
12/28/06 17:00,0.0
12/28/06 18:00,0.0
12/28/06 19:00,0.0
12/28/06 20:00,0.0
12/28/06 21:00,0.0
12/28/06 22:00,0.0
12/28/06 23:00,0.0
12/29/06 00:00,0.0
12/29/06 01:00,0.0
12/29/06 02:00,0.0
12/29/06 03:00,0.0
12/29/06 04:00,0.0
12/29/06 05:00,0.0
12/29/06 06:00,0.0
12/29/06 07:00,0.0
12/29/06 08:00,23.8
12/29/06 09:00,56.4
12/29/06 10:00,65.2
12/29/06 11:00,4.1
12/29/06 12:00,13.4
12/29/06 13:00,12.5
12/29/06 14:00,5.7
12/29/06 15:00,1.4
12/29/06 16:00,0.0
12/29/06 17:00,0.0
12/29/06 18:00,0.0
12/29/06 19:00,0.0
12/29/06 20:00,0.0
12/29/06 21:00,0.0
12/29/06 22:00,0.0
12/29/06 23:00,0.0
12/30/06 00:00,0.0
12/30/06 01:00,0.0
12/30/06 02:00,0.0
12/30/06 03:00,0.0
12/30/06 04:00,0.0
12/30/06 05:00,0.0
12/30/06 06:00,0.0
12/30/06 07:00,0.0
12/30/06 08:00,0.0
12/30/06 09:00,0.5
12/30/06 10:00,9.5
12/30/06 11:00,17.0
12/30/06 12:00,10.2
12/30/06 13:00,1.7
12/30/06 14:00,0.6
12/30/06 15:00,0.1
12/30/06 16:00,0.0
12/30/06 17:00,0.0
12/30/06 18:00,0.0
12/30/06 19:00,0.0
12/30/06 20:00,0.0
12/30/06 21:00,0.0
12/30/06 22:00,0.0
12/30/06 23:00,0.0
12/31/06 00:00,0.0
12/31/06 01:00,0.0
12/31/06 02:00,0.0
12/31/06 03:00,0.0
12/31/06 04:00,0.0
12/31/06 05:00,0.0
12/31/06 06:00,0.0
12/31/06 07:00,0.0
12/31/06 08:00,0.1
12/31/06 09:00,8.5
12/31/06 10:00,4.1
12/31/06 11:00,15.9
12/31/06 12:00,49.2
12/31/06 13:00,26.5
12/31/06 14:00,52.7
12/31/06 15:00,32.0
12/31/06 16:00,4.2
12/31/06 17:00,0.0
12/31/06 18:00,0.0
12/31/06 19:00,0.0
12/31/06 20:00,0.0
12/31/06 21:00,0.0
12/31/06 22:00,0.0
12/31/06 23:00,0.0
